case_id,concept_id,preferred_label,hierarchy_path,source_context,component_or_form_terms,process_terms,definition_status,lexical_collision_keys,feedipedia,agrovoc,cpc_product,review_status,proposed_disposition,reviewer,review_date,rationale
CEREAL-000594,AOM_000594,Cereal ByProducts,Management/Livestock Management/Feed Characteristic/Feed Composition/Feed Ingredient/Crop Byproduct/Cereal ByProducts,,,,present,,,,,review-required,,,,
CEREAL-006023,AOM_006023,Atella Dried,Management/Livestock Management/Feed Characteristic/Feed Composition/Feed Ingredient/Crop Byproduct/Cereal ByProducts/Atella/Atella Dried,Atella,,dried,present,,https://www.feedipedia.org/node/22524,http://aims.fao.org/aos/agrovoc/c_1084,,review-required,,,,
CEREAL-001611,AOM_001611,Atella Fermented,Management/Livestock Management/Feed Characteristic/Feed Composition/Feed Ingredient/Crop Byproduct/Cereal ByProducts/Atella/Atella Fermented,Atella,,fermented,present,,,http://aims.fao.org/aos/agrovoc/c_1085,,review-required,,,,
CEREAL-001876,AOM_001876,Atella,Management/Livestock Management/Feed Characteristic/Feed Composition/Feed Ingredient/Crop Byproduct/Cereal ByProducts/Atella,Atella,,,present,,https://www.feedipedia.org/node/22524,http://aims.fao.org/aos/agrovoc/c_1085,,review-required,,,,
CEREAL-001843,AOM_001843,Baby Corn Stalk Dried Wilted,Management/Livestock Management/Feed Characteristic/Feed Composition/Feed Ingredient/Crop Byproduct/Cereal ByProducts/Baby Corn/Baby Corn Stalk/Baby Corn Stalk Dried Wilted,Baby Corn,,dried;wilted,present,,,http://aims.fao.org/aos/agrovoc/c_d859f064,,review-required,,,,
CEREAL-006361,AOM_006361,Baby Corn Stalk Ensiled,Management/Livestock Management/Feed Characteristic/Feed Composition/Feed Ingredient/Crop Byproduct/Cereal ByProducts/Baby Corn/Baby Corn Stalk/Baby Corn Stalk Ensiled,Baby Corn,,ensiled,present,,,http://aims.fao.org/aos/agrovoc/c_d859f064,,review-required,,,,
CEREAL-001675,AOM_001675,Baby Corn Stalk,Management/Livestock Management/Feed Characteristic/Feed Composition/Feed Ingredient/Crop Byproduct/Cereal ByProducts/Baby Corn/Baby Corn Stalk,Baby Corn,,,present,,,http://aims.fao.org/aos/agrovoc/c_d859f064,,review-required,,,,
CEREAL-001806,AOM_001806,Barley Bran,Management/Livestock Management/Feed Characteristic/Feed Composition/Feed Ingredient/Crop Byproduct/Cereal ByProducts/Barley/Barley Bran,Barley,,,present,,,http://aims.fao.org/aos/agrovoc/c_16066;http://aims.fao.org/aos/agrovoc/c_15941,0115,review-required,,,,
CEREAL-001178,AOM_001178,Barley Dried,Management/Livestock Management/Feed Characteristic/Feed Composition/Feed Ingredient/Crop Byproduct/Cereal ByProducts/Barley/Barley Dried,Barley,,dried,present,,https://www.feedipedia.org/node/11705,http://aims.fao.org/aos/agrovoc/c_16066;http://aims.fao.org/aos/agrovoc/c_15941,0115,review-required,,,,
CEREAL-002013,AOM_002013,Barley Dried Ground,Management/Livestock Management/Feed Characteristic/Feed Composition/Feed Ingredient/Crop Byproduct/Cereal ByProducts/Barley/Barley Dried Ground,Barley,,dried;ground,present,,,http://aims.fao.org/aos/agrovoc/c_16066;http://aims.fao.org/aos/agrovoc/c_15941,0115,review-required,,,,
CEREAL-006040,AOM_006040,Barley Straw Dried,Management/Livestock Management/Feed Characteristic/Feed Composition/Feed Ingredient/Crop Byproduct/Cereal ByProducts/Barley/Barley Straw/Barley Straw Dried,Barley,,dried,present,,https://www.feedipedia.org/node/11830,http://aims.fao.org/aos/agrovoc/c_16066;http://aims.fao.org/aos/agrovoc/c_15941,0115,review-required,,,,
CEREAL-006035,AOM_006035,Barley Straw Fermented,Management/Livestock Management/Feed Characteristic/Feed Composition/Feed Ingredient/Crop Byproduct/Cereal ByProducts/Barley/Barley Straw/Barley Straw Fermented,Barley,,fermented,present,,,http://aims.fao.org/aos/agrovoc/c_16066;http://aims.fao.org/aos/agrovoc/c_15941,0115,review-required,,,,
CEREAL-000584,AOM_000584,Barley Straw,Management/Livestock Management/Feed Characteristic/Feed Composition/Feed Ingredient/Crop Byproduct/Cereal ByProducts/Barley/Barley Straw,Barley,,,present,,https://www.feedipedia.org/node/11830,http://aims.fao.org/aos/agrovoc/c_16066;http://aims.fao.org/aos/agrovoc/c_15941,0115,review-required,,,,
CEREAL-006161,AOM_006161,Brewers By-Product Dried Ground,Management/Livestock Management/Feed Characteristic/Feed Composition/Feed Ingredient/Crop Byproduct/Cereal ByProducts/Brewers By-Product/Brewers By-Product Dried Ground,Brewers By-Product,,dried;ground,present,,https://www.feedipedia.org/node/11893,,,review-required,,,,
CEREAL-006160,AOM_006160,Brewers By-Product,Management/Livestock Management/Feed Characteristic/Feed Composition/Feed Ingredient/Crop Byproduct/Cereal ByProducts/Brewers By-Product,Brewers By-Product,,,present,brewers by product,https://www.feedipedia.org/node/11893,,,review-required,,,,
CEREAL-000564,AOM_000564,Brewers Grain,Management/Livestock Management/Feed Characteristic/Feed Composition/Feed Ingredient/Crop Byproduct/Cereal ByProducts/Brewers Grain,Brewers Grain,grain,,present,brewers grain,https://www.feedipedia.org/node/11893,,,review-required,,,,
CEREAL-001884,AOM_001884,Brewers Grain,Management/Livestock Management/Feed Characteristic/Feed Composition/Feed Ingredient/Crop Byproduct/Cereal ByProducts/Brewers Grain,Brewers Grain,grain,,missing,brewers by product;brewers grain,https://www.feedipedia.org/node/11893,,,review-required,,,,
CEREAL-000565,AOM_000565,Brewers Spent Grain,Management/Livestock Management/Feed Characteristic/Feed Composition/Feed Ingredient/Crop Byproduct/Cereal ByProducts/Brewers Spent Grain,Brewers Spent Grain,grain,,present,brewers grain,https://www.feedipedia.org/node/11893,,,review-required,,,,
CEREAL-006064,AOM_006064,Cereal Spent Grain Ground,Management/Livestock Management/Feed Characteristic/Feed Composition/Feed Ingredient/Crop Byproduct/Cereal ByProducts/Cereal Spent Grain/Cereal Spent Grain Ground,Cereal Spent Grain,grain,ground,present,,https://www.feedipedia.org/node/11893,,,review-required,,,,
CEREAL-003565,AOM_003565,Cereal Spent Grain,Management/Livestock Management/Feed Characteristic/Feed Composition/Feed Ingredient/Crop Byproduct/Cereal ByProducts/Cereal Spent Grain,Cereal Spent Grain,grain,,present,,https://www.feedipedia.org/node/12282,,,review-required,,,,
CEREAL-003567,AOM_003567,Cheka Residue,Management/Livestock Management/Feed Characteristic/Feed Composition/Feed Ingredient/Crop Byproduct/Cereal ByProducts/Cheka/Cheka Residue,Cheka,,,present,,,,,review-required,,,,
CEREAL-006220,AOM_006220,Distillers Grain Dried,Management/Livestock Management/Feed Characteristic/Feed Composition/Feed Ingredient/Crop Byproduct/Cereal ByProducts/Distillers Grain/Distillers Grain/Distillers Grain Dried,Distillers Grain,grain,dried,present,,,,,review-required,,,,
CEREAL-006374,AOM_006374,Finger Millet Straw Ensiled Urea Treated,Management/Livestock Management/Feed Characteristic/Feed Composition/Feed Ingredient/Crop Byproduct/Cereal ByProducts/Finger Millet/Finger Millet Straw/Finger Millet Straw Ensiled Urea Treated,Finger Millet,,ensiled;urea treated,present,,,,,review-required,,,,
CEREAL-004005,AOM_004005,Finger Millet Straw,Management/Livestock Management/Feed Characteristic/Feed Composition/Feed Ingredient/Crop Byproduct/Cereal ByProducts/Finger Millet/Finger Millet Straw,Finger Millet,,,present,,,,,review-required,,,,
CEREAL-000567,AOM_000567,Hominy Ground,Management/Livestock Management/Feed Characteristic/Feed Composition/Feed Ingredient/Crop Byproduct/Cereal ByProducts/Maize/Hominy/Hominy Ground,Maize,,ground,present,,https://www.feedipedia.org/node/12290,,,review-required,,,,
CEREAL-001434,AOM_001434,Hominy,Management/Livestock Management/Feed Characteristic/Feed Composition/Feed Ingredient/Crop Byproduct/Cereal ByProducts/Maize/Hominy,Maize,,,present,,https://www.feedipedia.org/node/12290,,,review-required,,,,
CEREAL-006226,AOM_006226,Maize Bran Alkali Treated Ground,Management/Livestock Management/Feed Characteristic/Feed Composition/Feed Ingredient/Crop Byproduct/Cereal ByProducts/Maize/Maize Bran/Maize Bran Alkali Treated Ground,Maize,,alkali treated;ground,present,,,http://aims.fao.org/aos/agrovoc/c_d859f064,0112,review-required,,,,
CEREAL-006126,AOM_006126,Maize Bran Dried,Management/Livestock Management/Feed Characteristic/Feed Composition/Feed Ingredient/Crop Byproduct/Cereal ByProducts/Maize/Maize Bran/Maize Bran Dried,Maize,,dried,present,,https://www.feedipedia.org/node/12280,http://aims.fao.org/aos/agrovoc/c_d859f064,0112,review-required,,,,
CEREAL-002016,AOM_002016,Maize Bran Dried Ground,Management/Livestock Management/Feed Characteristic/Feed Composition/Feed Ingredient/Crop Byproduct/Cereal ByProducts/Maize/Maize Bran/Maize Bran Dried Ground,Maize,,dried;ground,present,,https://www.feedipedia.org/node/12280,http://aims.fao.org/aos/agrovoc/c_d859f064,0112,review-required,,,,
CEREAL-001844,AOM_001844,Maize Bran Ground,Management/Livestock Management/Feed Characteristic/Feed Composition/Feed Ingredient/Crop Byproduct/Cereal ByProducts/Maize/Maize Bran/Maize Bran Ground,Maize,,ground,present,,https://www.feedipedia.org/node/12280,http://aims.fao.org/aos/agrovoc/c_d859f064,0112,review-required,,,,
CEREAL-001614,AOM_001614,Maize Bran,Management/Livestock Management/Feed Characteristic/Feed Composition/Feed Ingredient/Crop Byproduct/Cereal ByProducts/Maize/Maize Bran,Maize,,,present,,https://www.feedipedia.org/node/12280,http://aims.fao.org/aos/agrovoc/c_d859f064,0112,review-required,,,,
CEREAL-001943,AOM_001943,Maize Cob Ensiled,Management/Livestock Management/Feed Characteristic/Feed Composition/Feed Ingredient/Crop Byproduct/Cereal ByProducts/Maize/Maize Cob/Maize Cob Ensiled,Maize,,ensiled,present,,,,0112,review-required,,,,
CEREAL-002083,AOM_002083,Maize Cob Ensiled Urea Treated,Management/Livestock Management/Feed Characteristic/Feed Composition/Feed Ingredient/Crop Byproduct/Cereal ByProducts/Maize/Maize Cob/Maize Cob Ensiled Urea Treated,Maize,,ensiled;urea treated,present,,,,0112,review-required,,,,
CEREAL-006218,AOM_006218,Maize Cob Enzyme Treated Ground,Management/Livestock Management/Feed Characteristic/Feed Composition/Feed Ingredient/Crop Byproduct/Cereal ByProducts/Maize/Maize Cob/Maize Cob Enzyme Treated Ground,Maize,,enzyme treated;ground,present,,,,0112,review-required,,,,
CEREAL-006071,AOM_006071,Maize Cob Ground,Management/Livestock Management/Feed Characteristic/Feed Composition/Feed Ingredient/Crop Byproduct/Cereal ByProducts/Maize/Maize Cob/Maize Cob Ground,Maize,,ground,present,,,,0112,review-required,,,,
CEREAL-000569,AOM_000569,Maize Cob,Management/Livestock Management/Feed Characteristic/Feed Composition/Feed Ingredient/Crop Byproduct/Cereal ByProducts/Maize/Maize Cob,Maize,,,present,,https://www.feedipedia.org/node/12875,,0112,review-required,,,,
CEREAL-001295,AOM_001295,Maize Germ Ground,Management/Livestock Management/Feed Characteristic/Feed Composition/Feed Ingredient/Crop Byproduct/Cereal ByProducts/Maize/Maize Germ/Maize Germ Ground,Maize,,ground,present,,https://www.feedipedia.org/node/12286,,0112,review-required,,,,
CEREAL-001294,AOM_001294,Maize Germ,Management/Livestock Management/Feed Characteristic/Feed Composition/Feed Ingredient/Crop Byproduct/Cereal ByProducts/Maize/Maize Germ,Maize,,,present,,https://www.feedipedia.org/node/12286,,0112,review-required,,,,
CEREAL-001293,AOM_001293,Maize Gluten Ground,Management/Livestock Management/Feed Characteristic/Feed Composition/Feed Ingredient/Crop Byproduct/Cereal ByProducts/Maize/Maize Gluten/Maize Gluten Ground,Maize,,ground,present,,https://www.feedipedia.org/node/12288,,0112,review-required,,,,
CEREAL-001292,AOM_001292,Maize Gluten,Management/Livestock Management/Feed Characteristic/Feed Composition/Feed Ingredient/Crop Byproduct/Cereal ByProducts/Maize/Maize Gluten,Maize,,,present,,https://www.feedipedia.org/node/12288,,0112,review-required,,,,
CEREAL-001942,AOM_001942,Maize Husk Dried Ground,Management/Livestock Management/Feed Characteristic/Feed Composition/Feed Ingredient/Crop Byproduct/Cereal ByProducts/Maize/Maize Husk/Maize Husk Dried Ground,Maize,,dried;ground,present,,,,0112,review-required,,,,
CEREAL-001299,AOM_001299,Maize Husk,Management/Livestock Management/Feed Characteristic/Feed Composition/Feed Ingredient/Crop Byproduct/Cereal ByProducts/Maize/Maize Husk,Maize,,,present,,,,0112,review-required,,,,
CEREAL-001944,AOM_001944,Maize Leaves Dried,Management/Livestock Management/Feed Characteristic/Feed Composition/Feed Ingredient/Crop Byproduct/Cereal ByProducts/Maize/Maize Leaves/Maize Leaves Dried,Maize,,dried,present,,,,0112,review-required,,,,
CEREAL-001298,AOM_001298,Maize Leaves,Management/Livestock Management/Feed Characteristic/Feed Composition/Feed Ingredient/Crop Byproduct/Cereal ByProducts/Maize/Maize Leaves,Maize,,,present,,https://www.feedipedia.org/node/22237,,0112,review-required,,,,
CEREAL-006127,AOM_006127,Maize Offal Dried,Management/Livestock Management/Feed Characteristic/Feed Composition/Feed Ingredient/Crop Byproduct/Cereal ByProducts/Maize/Maize Offal/Maize Offal Dried,Maize,,dried,present,,,,0112,review-required,,,,
CEREAL-006129,AOM_006129,Maize Offal Dried Ground,Management/Livestock Management/Feed Characteristic/Feed Composition/Feed Ingredient/Crop Byproduct/Cereal ByProducts/Maize/Maize Offal/Maize Offal Dried Ground,Maize,,dried;ground,present,,,,0112,review-required,,,,
CEREAL-006128,AOM_006128,Maize Offal Ground,Management/Livestock Management/Feed Characteristic/Feed Composition/Feed Ingredient/Crop Byproduct/Cereal ByProducts/Maize/Maize Offal/Maize Offal Ground,Maize,,ground,present,,,,0112,review-required,,,,
CEREAL-000571,AOM_000571,Maize Offal,Management/Livestock Management/Feed Characteristic/Feed Composition/Feed Ingredient/Crop Byproduct/Cereal ByProducts/Maize/Maize Offal,Maize,,,present,,https://www.feedipedia.org/node/12280,,0112,review-required,,,,
CEREAL-001615,AOM_001615,Maize Sheath Ground,Management/Livestock Management/Feed Characteristic/Feed Composition/Feed Ingredient/Crop Byproduct/Cereal ByProducts/Maize/Maize Sheath/Maize Sheath Ground,Maize,,ground,present,,,http://aims.fao.org/aos/agrovoc/c_a40b4471,0112,review-required,,,,
CEREAL-001297,AOM_001297,Maize Sheath,Management/Livestock Management/Feed Characteristic/Feed Composition/Feed Ingredient/Crop Byproduct/Cereal ByProducts/Maize/Maize Sheath,Maize,,,present,,,http://aims.fao.org/aos/agrovoc/c_a40b4471,0112,review-required,,,,
CEREAL-003297,AOM_003297,Maize Steep Liquor,Management/Livestock Management/Feed Characteristic/Feed Composition/Feed Ingredient/Crop Byproduct/Cereal ByProducts/Maize/Maize Steep Liquor,Maize,,,present,,,,0112,review-required,,,,
CEREAL-006076,AOM_006076,Maize Stover Ensiled,Management/Livestock Management/Feed Characteristic/Feed Composition/Feed Ingredient/Crop Byproduct/Cereal ByProducts/Maize/Maize Stover/Maize Stover Ensiled,Maize,,ensiled,present,,,http://aims.fao.org/aos/agrovoc/c_a40b4471,0112,review-required,,,,
CEREAL-006002,AOM_006002,Maize Stover Urea Treated,Management/Livestock Management/Feed Characteristic/Feed Composition/Feed Ingredient/Crop Byproduct/Cereal ByProducts/Maize/Maize Stover/Maize Stover Urea Treated,Maize,,urea treated,present,,,http://aims.fao.org/aos/agrovoc/c_a40b4471,0112,review-required,,,,
CEREAL-006001,AOM_006001,Maize Stover,Management/Livestock Management/Feed Characteristic/Feed Composition/Feed Ingredient/Crop Byproduct/Cereal ByProducts/Maize/Maize Stover,Maize,,,present,,https://www.feedipedia.org/node/12873,http://aims.fao.org/aos/agrovoc/c_a40b4471,0112,review-required,,,,
CEREAL-001686,AOM_001686,Maize Straw Dried,Management/Livestock Management/Feed Characteristic/Feed Composition/Feed Ingredient/Crop Byproduct/Cereal ByProducts/Maize/Maize Straw/Maize Straw Dried,Maize,,dried,present,,https://www.feedipedia.org/node/12874,http://aims.fao.org/aos/agrovoc/c_a40b4471,0112,review-required,,,,
CEREAL-001684,AOM_001684,Maize Straw Dried Ensiled Ground Urea Treated,Management/Livestock Management/Feed Characteristic/Feed Composition/Feed Ingredient/Crop Byproduct/Cereal ByProducts/Maize/Maize Straw/Maize Straw Dried Ensiled Ground Urea Treated,Maize,,dried;ensiled;ground;urea treated,present,,,http://aims.fao.org/aos/agrovoc/c_a40b4471,0112,review-required,,,,
CEREAL-001617,AOM_001617,Maize Straw Dried Ground,Management/Livestock Management/Feed Characteristic/Feed Composition/Feed Ingredient/Crop Byproduct/Cereal ByProducts/Maize/Maize Straw/Maize Straw Dried Ground,Maize,,dried;ground,present,,https://www.feedipedia.org/node/12874,http://aims.fao.org/aos/agrovoc/c_a40b4471,0112,review-required,,,,
CEREAL-006175,AOM_006175,Maize Straw Ensiled Fermented,Management/Livestock Management/Feed Characteristic/Feed Composition/Feed Ingredient/Crop Byproduct/Cereal ByProducts/Maize/Maize Straw/Maize Straw Ensiled Fermented,Maize,,ensiled;fermented,present,,,http://aims.fao.org/aos/agrovoc/c_a40b4471,0112,review-required,,,,
CEREAL-001885,AOM_001885,Maize Straw Ensiled Urea Treated,Management/Livestock Management/Feed Characteristic/Feed Composition/Feed Ingredient/Crop Byproduct/Cereal ByProducts/Maize/Maize Straw/Maize Straw Ensiled Urea Treated,Maize,,ensiled;urea treated,present,,,http://aims.fao.org/aos/agrovoc/c_a40b4471,0112,review-required,,,,
CEREAL-006165,AOM_006165,Maize Straw Ensiled Urea Treated Wilted,Management/Livestock Management/Feed Characteristic/Feed Composition/Feed Ingredient/Crop Byproduct/Cereal ByProducts/Maize/Maize Straw/Maize Straw Ensiled Urea Treated Wilted,Maize,,ensiled;urea treated;wilted,present,,,http://aims.fao.org/aos/agrovoc/c_a40b4471,0112,review-required,,,,
CEREAL-001682,AOM_001682,Maize Straw Ground,Management/Livestock Management/Feed Characteristic/Feed Composition/Feed Ingredient/Crop Byproduct/Cereal ByProducts/Maize/Maize Straw/Maize Straw Ground,Maize,,ground,present,,https://www.feedipedia.org/node/12874,http://aims.fao.org/aos/agrovoc/c_a40b4471,0112,review-required,,,,
CEREAL-001688,AOM_001688,Maize Straw Ground Urea Treated,Management/Livestock Management/Feed Characteristic/Feed Composition/Feed Ingredient/Crop Byproduct/Cereal ByProducts/Maize/Maize Straw/Maize Straw Ground Urea Treated,Maize,,ground;urea treated,present,,,http://aims.fao.org/aos/agrovoc/c_a40b4471,0112,review-required,,,,
CEREAL-006397,AOM_006397,Maize Straw Molasses Treated Urea Treated,Management/Livestock Management/Feed Characteristic/Feed Composition/Feed Ingredient/Crop Byproduct/Cereal ByProducts/Maize/Maize Straw/Maize Straw Molasses Treated Urea Treated,Maize,,molasses treated;urea treated,present,,,http://aims.fao.org/aos/agrovoc/c_a40b4471,0112,review-required,,,,
CEREAL-001687,AOM_001687,Maize Straw Urea Treated,Management/Livestock Management/Feed Characteristic/Feed Composition/Feed Ingredient/Crop Byproduct/Cereal ByProducts/Maize/Maize Straw/Maize Straw Urea Treated,Maize,,urea treated,present,,,http://aims.fao.org/aos/agrovoc/c_a40b4471,0112,review-required,,,,
CEREAL-000572,AOM_000572,Maize Straw,Management/Livestock Management/Feed Characteristic/Feed Composition/Feed Ingredient/Crop Byproduct/Cereal ByProducts/Maize/Maize Straw,Maize,,,present,,https://www.feedipedia.org/node/12873,http://aims.fao.org/aos/agrovoc/c_a40b4471,0112,review-required,,,,
CEREAL-001845,AOM_001845,Malt Sprout,Management/Livestock Management/Feed Characteristic/Feed Composition/Feed Ingredient/Crop Byproduct/Cereal ByProducts/Malt Sprout,Malt Sprout,,,present,,https://www.feedipedia.org/node/11829,,,review-required,,,,
CEREAL-001290,AOM_001290,Millet Bran,Management/Livestock Management/Feed Characteristic/Feed Composition/Feed Ingredient/Crop Byproduct/Cereal ByProducts/Millet/Millet Bran,Millet,,,present,,https://www.feedipedia.org/node/11690,http://aims.fao.org/aos/agrovoc/c_a40b4471,0118,review-required,,,,
CEREAL-006133,AOM_006133,Millet Straw Ensiled Urea Treated,Management/Livestock Management/Feed Characteristic/Feed Composition/Feed Ingredient/Crop Byproduct/Cereal ByProducts/Millet/Millet Straw/Millet Straw Ensiled Urea Treated,Millet,,ensiled;urea treated,present,,,http://aims.fao.org/aos/agrovoc/c_a40b4471,0118,review-required,,,,
CEREAL-001291,AOM_001291,Millet Straw,Management/Livestock Management/Feed Characteristic/Feed Composition/Feed Ingredient/Crop Byproduct/Cereal ByProducts/Millet/Millet Straw,Millet,,,present,,https://www.feedipedia.org/node/12091,http://aims.fao.org/aos/agrovoc/c_a40b4471,0118,review-required,,,,
CEREAL-006143,AOM_006143,Oat Dried,Management/Livestock Management/Feed Characteristic/Feed Composition/Feed Ingredient/Crop Byproduct/Cereal ByProducts/Oat/Oat Dried,Oat,,dried,present,,,http://aims.fao.org/aos/agrovoc/c_34065,0117,review-required,,,,
CEREAL-001618,AOM_001618,Oat Fodder,Management/Livestock Management/Feed Characteristic/Feed Composition/Feed Ingredient/Crop Byproduct/Cereal ByProducts/Oat/Oat Fodder,Oat,,,present,,https://www.feedipedia.org/node/12390,http://aims.fao.org/aos/agrovoc/c_c0e6f391;http://aims.fao.org/aos/agrovoc/c_34065,0117,review-required,,,,
CEREAL-000574,AOM_000574,Oat Leaves Dried,Management/Livestock Management/Feed Characteristic/Feed Composition/Feed Ingredient/Crop Byproduct/Cereal ByProducts/Oat/Oat Leaves/Oat Leaves Dried,Oat,,dried,present,,,http://aims.fao.org/aos/agrovoc/c_34065,0117,review-required,,,,
CEREAL-001702,AOM_001702,Oat Leaves Dried Ground,Management/Livestock Management/Feed Characteristic/Feed Composition/Feed Ingredient/Crop Byproduct/Cereal ByProducts/Oat/Oat Leaves/Oat Leaves Dried Ground,Oat,,dried;ground,present,,,http://aims.fao.org/aos/agrovoc/c_c0e6f391;http://aims.fao.org/aos/agrovoc/c_34065,0117,review-required,,,,
CEREAL-006142,AOM_006142,Oat Straw Dried,Management/Livestock Management/Feed Characteristic/Feed Composition/Feed Ingredient/Crop Byproduct/Cereal ByProducts/Oat/Oat Straw/Oat Straw Dried,Oat,,dried,present,,https://www.feedipedia.org/node/12389,,0117,review-required,,,,
CEREAL-001835,AOM_001835,Oat Straw,Management/Livestock Management/Feed Characteristic/Feed Composition/Feed Ingredient/Crop Byproduct/Cereal ByProducts/Oat/Oat Straw,Oat,,,present,,https://www.feedipedia.org/node/12389,,0117,review-required,,,,
CEREAL-001846,AOM_001846,Pollard,Management/Livestock Management/Feed Characteristic/Feed Composition/Feed Ingredient/Crop Byproduct/Cereal ByProducts/Pollard,Pollard,,,present,,,,,review-required,,,,
CEREAL-002114,AOM_002114,Rice Bran Solvent,Management/Livestock Management/Feed Characteristic/Feed Composition/Feed Ingredient/Crop Byproduct/Cereal ByProducts/Rice/Rice Bran/Rice Bran Solvent,Rice,,,present,,,http://aims.fao.org/aos/agrovoc/c_77d35680;http://aims.fao.org/aos/agrovoc/c_3349,0113,review-required,,,,
CEREAL-000575,AOM_000575,Rice Bran,Management/Livestock Management/Feed Characteristic/Feed Composition/Feed Ingredient/Crop Byproduct/Cereal ByProducts/Rice/Rice Bran,Rice,,,present,,https://www.feedipedia.org/node/11637,http://aims.fao.org/aos/agrovoc/c_77d35680;http://aims.fao.org/aos/agrovoc/c_3349,0113,review-required,,,,
CEREAL-001280,AOM_001280,Rice Hull,Management/Livestock Management/Feed Characteristic/Feed Composition/Feed Ingredient/Crop Byproduct/Cereal ByProducts/Rice/Rice Hull,Rice,,,present,,https://www.feedipedia.org/node/11643,http://aims.fao.org/aos/agrovoc/c_24892,0113,review-required,,,,
CEREAL-001619,AOM_001619,Rice Husk Dried Urea Treated,Management/Livestock Management/Feed Characteristic/Feed Composition/Feed Ingredient/Crop Byproduct/Cereal ByProducts/Rice/Rice Husk/Rice Husk Dried Urea Treated,Rice,,dried;urea treated,present,,,http://aims.fao.org/aos/agrovoc/c_24892,0113,review-required,,,,
CEREAL-006187,AOM_006187,Rice Husk Ensiled,Management/Livestock Management/Feed Characteristic/Feed Composition/Feed Ingredient/Crop Byproduct/Cereal ByProducts/Rice/Rice Husk/Rice Husk Ensiled,Rice,,ensiled,present,,,http://aims.fao.org/aos/agrovoc/c_24892,0113,review-required,,,,
CEREAL-006299,AOM_006299,Rice Husk Enzyme Treated,Management/Livestock Management/Feed Characteristic/Feed Composition/Feed Ingredient/Crop Byproduct/Cereal ByProducts/Rice/Rice Husk/Rice Husk Enzyme Treated,Rice,,enzyme treated,present,,,http://aims.fao.org/aos/agrovoc/c_24892,0113,review-required,,,,
CEREAL-006188,AOM_006188,Rice Husk Fermented,Management/Livestock Management/Feed Characteristic/Feed Composition/Feed Ingredient/Crop Byproduct/Cereal ByProducts/Rice/Rice Husk/Rice Husk Fermented,Rice,,fermented,present,,,http://aims.fao.org/aos/agrovoc/c_24892,0113,review-required,,,,
CEREAL-000576,AOM_000576,Rice Husk,Management/Livestock Management/Feed Characteristic/Feed Composition/Feed Ingredient/Crop Byproduct/Cereal ByProducts/Rice/Rice Husk,Rice,,,present,,https://www.feedipedia.org/node/11643,http://aims.fao.org/aos/agrovoc/c_24892,0113,review-required,,,,
CEREAL-003854,AOM_003854,Rice Milling Waste,Management/Livestock Management/Feed Characteristic/Feed Composition/Feed Ingredient/Crop Byproduct/Cereal ByProducts/Rice/Rice Milling Waste,Rice,,,present,,,,0113,review-required,,,,
CEREAL-006335,AOM_006335,Rice Offal Dried,Management/Livestock Management/Feed Characteristic/Feed Composition/Feed Ingredient/Crop Byproduct/Cereal ByProducts/Rice/Rice Offal/Rice Offal Dried,Rice,,dried,present,,,,0113,review-required,,,,
CEREAL-006300,AOM_006300,Rice Offal Ground,Management/Livestock Management/Feed Characteristic/Feed Composition/Feed Ingredient/Crop Byproduct/Cereal ByProducts/Rice/Rice Offal/Rice Offal Ground,Rice,,ground,present,,https://www.feedipedia.org/node/11637,,0113,review-required,,,,
CEREAL-000577,AOM_000577,Rice Offal,Management/Livestock Management/Feed Characteristic/Feed Composition/Feed Ingredient/Crop Byproduct/Cereal ByProducts/Rice/Rice Offal,Rice,,,present,,https://www.feedipedia.org/node/11637,,0113,review-required,,,,
CEREAL-000578,AOM_000578,Rice Polish,Management/Livestock Management/Feed Characteristic/Feed Composition/Feed Ingredient/Crop Byproduct/Cereal ByProducts/Rice/Rice Polish,Rice,,,present,,https://www.feedipedia.org/node/12526,http://aims.fao.org/aos/agrovoc/c_32539,0113,review-required,,,,
CEREAL-006191,AOM_006191,Rice Straw Dried,Management/Livestock Management/Feed Characteristic/Feed Composition/Feed Ingredient/Crop Byproduct/Cereal ByProducts/Rice/Rice Straw/Rice Straw Dried,Rice,,dried,present,,https://www.feedipedia.org/node/11646,http://aims.fao.org/aos/agrovoc/c_16032,0113,review-required,,,,
CEREAL-006192,AOM_006192,Rice Straw Dried Ensiled Urea Treated,Management/Livestock Management/Feed Characteristic/Feed Composition/Feed Ingredient/Crop Byproduct/Cereal ByProducts/Rice/Rice Straw/Rice Straw Dried Ensiled Urea Treated,Rice,,dried;ensiled;urea treated,present,,https://www.feedipedia.org/node/11646,http://aims.fao.org/aos/agrovoc/c_16032,0113,review-required,,,,
CEREAL-006337,AOM_006337,Rice Straw Dried Fermented Ground,Management/Livestock Management/Feed Characteristic/Feed Composition/Feed Ingredient/Crop Byproduct/Cereal ByProducts/Rice/Rice Straw/Rice Straw Dried Fermented Ground,Rice,,dried;fermented;ground,present,,https://www.feedipedia.org/node/11646,http://aims.fao.org/aos/agrovoc/c_16032,0113,review-required,,,,
CEREAL-006336,AOM_006336,Rice Straw Dried Ground,Management/Livestock Management/Feed Characteristic/Feed Composition/Feed Ingredient/Crop Byproduct/Cereal ByProducts/Rice/Rice Straw/Rice Straw Dried Ground,Rice,,dried;ground,present,,https://www.feedipedia.org/node/11646,http://aims.fao.org/aos/agrovoc/c_16032,0113,review-required,,,,
CEREAL-006303,AOM_006303,Rice Straw Dried Urea Treated,Management/Livestock Management/Feed Characteristic/Feed Composition/Feed Ingredient/Crop Byproduct/Cereal ByProducts/Rice/Rice Straw/Rice Straw Dried Urea Treated,Rice,,dried;urea treated,present,,https://www.feedipedia.org/node/11646,http://aims.fao.org/aos/agrovoc/c_16032,0113,review-required,,,,
CEREAL-006413,AOM_006413,Rice Straw Ensiled,Management/Livestock Management/Feed Characteristic/Feed Composition/Feed Ingredient/Crop Byproduct/Cereal ByProducts/Rice/Rice Straw/Rice Straw Ensiled,Rice,,ensiled,present,,https://www.feedipedia.org/node/11646,http://aims.fao.org/aos/agrovoc/c_16032,0113,review-required,,,,
CEREAL-006301,AOM_006301,Rice Straw Ensiled Urea Treated,Management/Livestock Management/Feed Characteristic/Feed Composition/Feed Ingredient/Crop Byproduct/Cereal ByProducts/Rice/Rice Straw/Rice Straw Ensiled Urea Treated,Rice,,ensiled;urea treated,present,,https://www.feedipedia.org/node/11646,http://aims.fao.org/aos/agrovoc/c_16032,0113,review-required,,,,
CEREAL-006304,AOM_006304,Rice Straw Fermented Ground,Management/Livestock Management/Feed Characteristic/Feed Composition/Feed Ingredient/Crop Byproduct/Cereal ByProducts/Rice/Rice Straw/Rice Straw Fermented Ground,Rice,,fermented;ground,present,,https://www.feedipedia.org/node/11646,http://aims.fao.org/aos/agrovoc/c_16032,0113,review-required,,,,
CEREAL-006190,AOM_006190,Rice Straw Ground,Management/Livestock Management/Feed Characteristic/Feed Composition/Feed Ingredient/Crop Byproduct/Cereal ByProducts/Rice/Rice Straw/Rice Straw Ground,Rice,,ground,present,,https://www.feedipedia.org/node/11646,http://aims.fao.org/aos/agrovoc/c_16032,0113,review-required,,,,
CEREAL-003692,AOM_003692,Rice Straw Molasses Treated,Management/Livestock Management/Feed Characteristic/Feed Composition/Feed Ingredient/Crop Byproduct/Cereal ByProducts/Rice/Rice Straw/Rice Straw Molasses Treated,Rice,,molasses treated,present,,https://www.feedipedia.org/node/11646,http://aims.fao.org/aos/agrovoc/c_16032,0113,review-required,,,,
CEREAL-006302,AOM_006302,Rice Straw Urea Treated,Management/Livestock Management/Feed Characteristic/Feed Composition/Feed Ingredient/Crop Byproduct/Cereal ByProducts/Rice/Rice Straw/Rice Straw Urea Treated,Rice,,urea treated,present,,https://www.feedipedia.org/node/11646,http://aims.fao.org/aos/agrovoc/c_16032,0113,review-required,,,,
CEREAL-002084,AOM_002084,Spent Rice Straw,Management/Livestock Management/Feed Characteristic/Feed Composition/Feed Ingredient/Crop Byproduct/Cereal ByProducts/Rice/Rice Straw/Spent Rice Straw,Rice,,,present,,,http://aims.fao.org/aos/agrovoc/c_16032,0113,review-required,,,,
CEREAL-000579,AOM_000579,Rice Straw,Management/Livestock Management/Feed Characteristic/Feed Composition/Feed Ingredient/Crop Byproduct/Cereal ByProducts/Rice/Rice Straw,Rice,,,present,,https://www.feedipedia.org/node/11646,http://aims.fao.org/aos/agrovoc/c_16032,0113,review-required,,,,
CEREAL-000580,AOM_000580,Rye Bran,Management/Livestock Management/Feed Characteristic/Feed Composition/Feed Ingredient/Crop Byproduct/Cereal ByProducts/Rye/Rye Bran,Rye,,,present,,https://www.feedipedia.org/node/12541,http://aims.fao.org/aos/agrovoc/c_5ee1eecb,0116,review-required,,,,
CEREAL-001772,AOM_001772,Sorghum Bran,Management/Livestock Management/Feed Characteristic/Feed Composition/Feed Ingredient/Crop Byproduct/Cereal ByProducts/Sorghum/Sorghum Bran,Sorghum,,,present,,https://www.feedipedia.org/node/12611,,0114,review-required,,,,
CEREAL-001814,AOM_001814,Sorghum Brewers Grain Dried,Management/Livestock Management/Feed Characteristic/Feed Composition/Feed Ingredient/Crop Byproduct/Cereal ByProducts/Sorghum/Sorghum Brewers Grain/Sorghum Brewers Grain Dried,Sorghum,grain,dried,present,,https://www.feedipedia.org/node/15783,,0114,review-required,,,,
CEREAL-001945,AOM_001945,Sorghum Brewers Grain Dried Refermented,Management/Livestock Management/Feed Characteristic/Feed Composition/Feed Ingredient/Crop Byproduct/Cereal ByProducts/Sorghum/Sorghum Brewers Grain/Sorghum Brewers Grain Dried Refermented,Sorghum,grain,dried,present,,,,0114,review-required,,,,
CEREAL-006005,AOM_006005,Sorghum Brewers Grain Refermented,Management/Livestock Management/Feed Characteristic/Feed Composition/Feed Ingredient/Crop Byproduct/Cereal ByProducts/Sorghum/Sorghum Brewers Grain/Sorghum Brewers Grain Refermented,Sorghum,grain,,present,,,,0114,review-required,,,,
CEREAL-001813,AOM_001813,Sorghum Brewers Grain,Management/Livestock Management/Feed Characteristic/Feed Composition/Feed Ingredient/Crop Byproduct/Cereal ByProducts/Sorghum/Sorghum Brewers Grain,Sorghum,grain,,present,,https://www.feedipedia.org/node/15783,,0114,review-required,,,,
CEREAL-006316,AOM_006316,Sorghum Dried,Management/Livestock Management/Feed Characteristic/Feed Composition/Feed Ingredient/Crop Byproduct/Cereal ByProducts/Sorghum/Sorghum Dried,Sorghum,,dried,present,,https://www.feedipedia.org/node/12611,,0114,review-required,,,,
CEREAL-001276,AOM_001276,Sorghum Ground,Management/Livestock Management/Feed Characteristic/Feed Composition/Feed Ingredient/Crop Byproduct/Cereal ByProducts/Sorghum/Sorghum Ground,Sorghum,,ground,present,,https://www.feedipedia.org/node/11655,,0114,review-required,,,,
CEREAL-006312,AOM_006312,Sorghum Husk Urea Treated,Management/Livestock Management/Feed Characteristic/Feed Composition/Feed Ingredient/Crop Byproduct/Cereal ByProducts/Sorghum/Sorghum Husk/Sorghum Husk Urea Treated,Sorghum,,urea treated,present,,,,0114,review-required,,,,
CEREAL-002339,AOM_002339,Sorghum Husk,Management/Livestock Management/Feed Characteristic/Feed Composition/Feed Ingredient/Crop Byproduct/Cereal ByProducts/Sorghum/Sorghum Husk,Sorghum,,,present,,,,0114,review-required,,,,
CEREAL-002086,AOM_002086,Sorghum Sprout Dried Ground,Management/Livestock Management/Feed Characteristic/Feed Composition/Feed Ingredient/Crop Byproduct/Cereal ByProducts/Sorghum/Sorghum Sprout/Sorghum Sprout Dried Ground,Sorghum,,dried;ground,present,,https://www.feedipedia.org/node/15784,,0114,review-required,,,,
CEREAL-002117,AOM_002117,Sorghum Straw Alkali Treated Dried,Management/Livestock Management/Feed Characteristic/Feed Composition/Feed Ingredient/Crop Byproduct/Cereal ByProducts/Sorghum/Sorghum Straw/Sorghum Straw Alkali Treated Dried,Sorghum,,alkali treated;dried,present,,,,0114,review-required,,,,
CEREAL-006313,AOM_006313,Sorghum Straw Crushed,Management/Livestock Management/Feed Characteristic/Feed Composition/Feed Ingredient/Crop Byproduct/Cereal ByProducts/Sorghum/Sorghum Straw/Sorghum Straw Crushed,Sorghum,,crushed,present,,,,0114,review-required,,,,
CEREAL-006314,AOM_006314,Sorghum Straw Crushed Dried Fermented,Management/Livestock Management/Feed Characteristic/Feed Composition/Feed Ingredient/Crop Byproduct/Cereal ByProducts/Sorghum/Sorghum Straw/Sorghum Straw Crushed Dried Fermented,Sorghum,,crushed;dried;fermented,present,,,,0114,review-required,,,,
CEREAL-006328,AOM_006328,Sorghum Straw Dried Ground,Management/Livestock Management/Feed Characteristic/Feed Composition/Feed Ingredient/Crop Byproduct/Cereal ByProducts/Sorghum/Sorghum Straw/Sorghum Straw Dried Ground,Sorghum,,dried;ground,present,,,,0114,review-required,,,,
CEREAL-000581,AOM_000581,Sorghum Straw,Management/Livestock Management/Feed Characteristic/Feed Composition/Feed Ingredient/Crop Byproduct/Cereal ByProducts/Sorghum/Sorghum Straw,Sorghum,,,present,,https://www.feedipedia.org/node/12618,,0114,review-required,,,,
CEREAL-001892,AOM_001892,Sorghum Threshed Top,Management/Livestock Management/Feed Characteristic/Feed Composition/Feed Ingredient/Crop Byproduct/Cereal ByProducts/Sorghum/Sorghum Threshed Top,Sorghum,,,present,,https://www.feedipedia.org/node/12624,,0114,review-required,,,,
CEREAL-001621,AOM_001621,Tata Dried,Management/Livestock Management/Feed Characteristic/Feed Composition/Feed Ingredient/Crop Byproduct/Cereal ByProducts/Tata/Tata Dried,Tata,,dried,present,,,,,review-required,,,,
CEREAL-006006,AOM_006006,Tata,Management/Livestock Management/Feed Characteristic/Feed Composition/Feed Ingredient/Crop Byproduct/Cereal ByProducts/Tata,Tata,,,present,,,,,review-required,,,,
CEREAL-006095,AOM_006095,Teff Ground,Management/Livestock Management/Feed Characteristic/Feed Composition/Feed Ingredient/Crop Byproduct/Cereal ByProducts/Teff/Teff Ground,Teff,,ground,present,,,,01199.01,review-required,,,,
CEREAL-001197,AOM_001197,Teff Straw Crushed,Management/Livestock Management/Feed Characteristic/Feed Composition/Feed Ingredient/Crop Byproduct/Cereal ByProducts/Teff/Teff Straw/Teff Straw Crushed,Teff,,crushed,present,,https://www.feedipedia.org/node/12694,,01199.01,review-required,,,,
CEREAL-006260,AOM_006260,Teff Straw Dried,Management/Livestock Management/Feed Characteristic/Feed Composition/Feed Ingredient/Crop Byproduct/Cereal ByProducts/Teff/Teff Straw/Teff Straw Dried,Teff,,dried,present,,https://www.feedipedia.org/node/12694,,01199.01,review-required,,,,
CEREAL-006259,AOM_006259,Teff Straw Ensiled Fermented Urea Treated,Management/Livestock Management/Feed Characteristic/Feed Composition/Feed Ingredient/Crop Byproduct/Cereal ByProducts/Teff/Teff Straw/Teff Straw Ensiled Fermented Urea Treated,Teff,,ensiled;fermented;urea treated,present,,https://www.feedipedia.org/node/12694,,01199.01,review-required,,,,
CEREAL-003102,AOM_003102,Teff Straw,Management/Livestock Management/Feed Characteristic/Feed Composition/Feed Ingredient/Crop Byproduct/Cereal ByProducts/Teff/Teff Straw,Teff,,,present,,https://www.feedipedia.org/node/22526,,01199.01,review-required,,,,
CEREAL-006199,AOM_006199,Teff,Management/Livestock Management/Feed Characteristic/Feed Composition/Feed Ingredient/Crop Byproduct/Cereal ByProducts/Teff,Teff,,,present,,,,,review-required,,,,
CEREAL-000563,AOM_000563,Unspecified Bran,Management/Livestock Management/Feed Characteristic/Feed Composition/Feed Ingredient/Crop Byproduct/Cereal ByProducts/Unspecified Bran,Unspecified Bran,,,present,,,,,review-required,,,,
CEREAL-002015,AOM_002015,Unspecified Bran Dried Ground,Management/Livestock Management/Feed Characteristic/Feed Composition/Feed Ingredient/Crop Byproduct/Cereal ByProducts/Unspecified Bran/Unspecified Bran Dried Ground,Unspecified Bran,,dried;ground,present,,,,,review-required,,,,
CEREAL-001883,AOM_001883,Unspecified Bran Ground,Management/Livestock Management/Feed Characteristic/Feed Composition/Feed Ingredient/Crop Byproduct/Cereal ByProducts/Unspecified Bran/Unspecified Bran Ground,Unspecified Bran,,ground,present,,,,,review-required,,,,
CEREAL-006222,AOM_006222,Unspecified Forage,Management/Livestock Management/Feed Characteristic/Feed Composition/Feed Ingredient/Crop Byproduct/Cereal ByProducts/Unspecified Forage,Unspecified Forage,,,present,,,,,review-required,,,,
CEREAL-001807,AOM_001807,Unspecified Silage,Management/Livestock Management/Feed Characteristic/Feed Composition/Feed Ingredient/Crop Byproduct/Cereal ByProducts/Unspecified Silage,Unspecified Silage,,,present,,,,,review-required,,,,
CEREAL-000582,AOM_000582,Unspecified Straw,Management/Livestock Management/Feed Characteristic/Feed Composition/Feed Ingredient/Crop Byproduct/Cereal ByProducts/Unspecified Straw,Unspecified Straw,,,present,,,http://aims.fao.org/aos/agrovoc/c_7441,,review-required,,,,
CEREAL-006244,AOM_006244,Unspecified Straw Ground,Management/Livestock Management/Feed Characteristic/Feed Composition/Feed Ingredient/Crop Byproduct/Cereal ByProducts/Unspecified Straw/Unspecified Straw Ground,Unspecified Straw,,ground,present,,,http://aims.fao.org/aos/agrovoc/c_7441,,review-required,,,,
CEREAL-001622,AOM_001622,Wheat Bran Ground,Management/Livestock Management/Feed Characteristic/Feed Composition/Feed Ingredient/Crop Byproduct/Cereal ByProducts/Wheat/Wheat Bran/Wheat Bran Ground,Wheat,,ground,present,,https://www.feedipedia.org/node/12751,http://aims.fao.org/aos/agrovoc/c_019ee1cc,0111,review-required,,,,
CEREAL-000586,AOM_000586,Wheat Bran Remoulage,Management/Livestock Management/Feed Characteristic/Feed Composition/Feed Ingredient/Crop Byproduct/Cereal ByProducts/Wheat/Wheat Bran/Wheat Bran Remoulage,Wheat,,,present,,,http://aims.fao.org/aos/agrovoc/c_019ee1cc,0111,review-required,,,,
CEREAL-000585,AOM_000585,Wheat Bran,Management/Livestock Management/Feed Characteristic/Feed Composition/Feed Ingredient/Crop Byproduct/Cereal ByProducts/Wheat/Wheat Bran,Wheat,,,present,,https://www.feedipedia.org/node/12751,http://aims.fao.org/aos/agrovoc/c_019ee1cc,0111,review-required,,,,
CEREAL-000587,AOM_000587,Wheat Dried,Management/Livestock Management/Feed Characteristic/Feed Composition/Feed Ingredient/Crop Byproduct/Cereal ByProducts/Wheat/Wheat Dried,Wheat,,dried,present,,,http://aims.fao.org/aos/agrovoc/c_16066,0111,review-required,,,,
CEREAL-001261,AOM_001261,Wheat Ground Remoulage,Management/Livestock Management/Feed Characteristic/Feed Composition/Feed Ingredient/Crop Byproduct/Cereal ByProducts/Wheat/Wheat Ground/Wheat Ground Remoulage,Wheat,,ground,present,,,,0111,review-required,,,,
CEREAL-001623,AOM_001623,Wheat Offal Ground,Management/Livestock Management/Feed Characteristic/Feed Composition/Feed Ingredient/Crop Byproduct/Cereal ByProducts/Wheat/Wheat Offal/Wheat Offal Ground,Wheat,,ground,present,,https://www.feedipedia.org/node/12751,,0111,review-required,,,,
CEREAL-000589,AOM_000589,Wheat Offal,Management/Livestock Management/Feed Characteristic/Feed Composition/Feed Ingredient/Crop Byproduct/Cereal ByProducts/Wheat/Wheat Offal,Wheat,,,present,,https://www.feedipedia.org/node/12751,,0111,review-required,,,,
CEREAL-000591,AOM_000591,Wheat Shorts,Management/Livestock Management/Feed Characteristic/Feed Composition/Feed Ingredient/Crop Byproduct/Cereal ByProducts/Wheat/Wheat Shorts,Wheat,,,present,,,,0111,review-required,,,,
CEREAL-001262,AOM_001262,Wheat Straw Dried Urea Treated,Management/Livestock Management/Feed Characteristic/Feed Composition/Feed Ingredient/Crop Byproduct/Cereal ByProducts/Wheat/Wheat Straw/Wheat Straw Dried Urea Treated,Wheat,,dried;urea treated,present,,,http://aims.fao.org/aos/agrovoc/c_16066,0111,review-required,,,,
CEREAL-006181,AOM_006181,Wheat Straw Ensiled,Management/Livestock Management/Feed Characteristic/Feed Composition/Feed Ingredient/Crop Byproduct/Cereal ByProducts/Wheat/Wheat Straw/Wheat Straw Ensiled,Wheat,,ensiled,present,,,http://aims.fao.org/aos/agrovoc/c_16066,0111,review-required,,,,
CEREAL-006206,AOM_006206,Wheat Straw Ensiled Fermented,Management/Livestock Management/Feed Characteristic/Feed Composition/Feed Ingredient/Crop Byproduct/Cereal ByProducts/Wheat/Wheat Straw/Wheat Straw Ensiled Fermented,Wheat,,ensiled;fermented,present,,,http://aims.fao.org/aos/agrovoc/c_16066,0111,review-required,,,,
CEREAL-001750,AOM_001750,Wheat Straw Ground,Management/Livestock Management/Feed Characteristic/Feed Composition/Feed Ingredient/Crop Byproduct/Cereal ByProducts/Wheat/Wheat Straw/Wheat Straw Ground,Wheat,,ground,present,,https://www.feedipedia.org/node/12755,http://aims.fao.org/aos/agrovoc/c_16066,0111,review-required,,,,
CEREAL-001624,AOM_001624,Wheat Straw Lime Treated Urea Treated,Management/Livestock Management/Feed Characteristic/Feed Composition/Feed Ingredient/Crop Byproduct/Cereal ByProducts/Wheat/Wheat Straw/Wheat Straw Lime Treated Urea Treated,Wheat,,urea treated,present,,,http://aims.fao.org/aos/agrovoc/c_16066,0111,review-required,,,,
CEREAL-001751,AOM_001751,Wheat Straw Urea Treated,Management/Livestock Management/Feed Characteristic/Feed Composition/Feed Ingredient/Crop Byproduct/Cereal ByProducts/Wheat/Wheat Straw/Wheat Straw Urea Treated,Wheat,,urea treated,present,,,http://aims.fao.org/aos/agrovoc/c_16066,0111,review-required,,,,
CEREAL-001887,AOM_001887,Wheat Straw,Management/Livestock Management/Feed Characteristic/Feed Composition/Feed Ingredient/Crop Byproduct/Cereal ByProducts/Wheat/Wheat Straw,Wheat,,,present,,https://www.feedipedia.org/node/12758,http://aims.fao.org/aos/agrovoc/c_16066,0111,review-required,,,,
CEREAL-002017,AOM_002017,Wheat Grain Ground,Management/Livestock Management/Feed Characteristic/Feed Composition/Feed Ingredient/Crop Byproduct/Cereal Products/Wheat/Wheat Grain/Wheat Grain Ground,Wheat,grain,ground,present,,https://www.feedipedia.org/node/12754,,0111,review-required,,,,
CEREAL-001318,AOM_001318,Wheat Grain,Management/Livestock Management/Feed Characteristic/Feed Composition/Feed Ingredient/Crop Byproduct/Cereal Products/Wheat/Wheat Grain,Wheat,grain,,present,,https://www.feedipedia.org/node/12754,,0111,review-required,,,,
CEREAL-000662,AOM_000662,Cereal Products,Management/Livestock Management/Feed Characteristic/Feed Composition/Feed Ingredient/Crop Product/Cereal Products,,,,present,,,,011,review-required,,,,
CEREAL-000647,AOM_000647,Barley Grain Crushed,Management/Livestock Management/Feed Characteristic/Feed Composition/Feed Ingredient/Crop Product/Cereal Products/Barley/Barley Grain/Barley Grain Crushed,Barley,grain,crushed,present,,,http://aims.fao.org/aos/agrovoc/c_e4483107,0115,review-required,,,,
CEREAL-006033,AOM_006033,Barley Grain,Management/Livestock Management/Feed Characteristic/Feed Composition/Feed Ingredient/Crop Product/Cereal Products/Barley/Barley Grain,Barley,grain,,present,,https://www.feedipedia.org/node/11705,http://aims.fao.org/aos/agrovoc/c_e4483107,0115,review-required,,,,
CEREAL-001613,AOM_001613,Barley Ground,Management/Livestock Management/Feed Characteristic/Feed Composition/Feed Ingredient/Crop Product/Cereal Products/Barley/Barley Ground,Barley,,ground,present,,https://www.feedipedia.org/node/11705,,0115,review-required,,,,
CEREAL-006034,AOM_006034,Barley Sprouted Grain,Management/Livestock Management/Feed Characteristic/Feed Composition/Feed Ingredient/Crop Product/Cereal Products/Barley/Barley Sprouted Grain,Barley,grain,sprouted,present,,,http://aims.fao.org/aos/agrovoc/c_e4483107,0115,review-required,,,,
CEREAL-001202,AOM_001202,Barley,Management/Livestock Management/Feed Characteristic/Feed Composition/Feed Ingredient/Crop Product/Cereal Products/Barley,Barley,,,present,,https://www.feedipedia.org/node/11705,,0115,review-required,,,,
CEREAL-000648,AOM_000648,Maize,Management/Livestock Management/Feed Characteristic/Feed Composition/Feed Ingredient/Crop Product/Cereal Products/Maize,Maize,,,present,,https://www.feedipedia.org/node/11662,http://aims.fao.org/aos/agrovoc/c_12332,0112,review-required,,,,
CEREAL-002108,AOM_002108,Maize Cracked,Management/Livestock Management/Feed Characteristic/Feed Composition/Feed Ingredient/Crop Product/Cereal Products/Maize/Maize Cracked,Maize,,cracked,present,,https://www.feedipedia.org/node/11662,,0112,review-required,,,,
CEREAL-002119,AOM_002119,Maize Crushed,Management/Livestock Management/Feed Characteristic/Feed Composition/Feed Ingredient/Crop Product/Cereal Products/Maize/Maize Crushed,Maize,,crushed,present,,https://www.feedipedia.org/node/11662,,0112,review-required,,,,
CEREAL-001326,AOM_001326,Maize Ensiled,Management/Livestock Management/Feed Characteristic/Feed Composition/Feed Ingredient/Crop Product/Cereal Products/Maize/Maize Ensiled,Maize,,ensiled,present,,https://www.feedipedia.org/node/13883,,0112,review-required,,,,
CEREAL-000570,AOM_000570,Maize Extruded,Management/Livestock Management/Feed Characteristic/Feed Composition/Feed Ingredient/Crop Product/Cereal Products/Maize/Maize Extruded,Maize,,extruded,present,,https://www.feedipedia.org/node/11662,,0112,review-required,,,,
CEREAL-001656,AOM_001656,Maize Dried Ground,Management/Livestock Management/Feed Characteristic/Feed Composition/Feed Ingredient/Crop Product/Cereal Products/Maize/Maize Grain/Maize Dried Ground,Maize,,dried;ground,present,,https://www.feedipedia.org/node/11662,http://aims.fao.org/aos/agrovoc/c_12332,0112,review-required,,,,
CEREAL-002031,AOM_002031,Maize Dried Ground Heated,Management/Livestock Management/Feed Characteristic/Feed Composition/Feed Ingredient/Crop Product/Cereal Products/Maize/Maize Grain/Maize Dried Ground Heated,Maize,,dried;ground;heated,present,,https://www.feedipedia.org/node/11662,http://aims.fao.org/aos/agrovoc/c_12332,0112,review-required,,,,
CEREAL-006164,AOM_006164,Maize Grain Crushed,Management/Livestock Management/Feed Characteristic/Feed Composition/Feed Ingredient/Crop Product/Cereal Products/Maize/Maize Grain/Maize Grain Crushed,Maize,grain,crushed,present,,https://www.feedipedia.org/node/11662,http://aims.fao.org/aos/agrovoc/c_12332,0112,review-required,,,,
CEREAL-001679,AOM_001679,Maize Grain Ground,Management/Livestock Management/Feed Characteristic/Feed Composition/Feed Ingredient/Crop Product/Cereal Products/Maize/Maize Grain/Maize Grain Ground,Maize,grain,ground,present,,https://www.feedipedia.org/node/11662,http://aims.fao.org/aos/agrovoc/c_12332,0112,review-required,,,,
CEREAL-000649,AOM_000649,Maize Grain,Management/Livestock Management/Feed Characteristic/Feed Composition/Feed Ingredient/Crop Product/Cereal Products/Maize/Maize Grain,Maize,grain,,present,,https://www.feedipedia.org/node/11662,http://aims.fao.org/aos/agrovoc/c_12332,0112,review-required,,,,
CEREAL-001674,AOM_001674,Maize Ground,Management/Livestock Management/Feed Characteristic/Feed Composition/Feed Ingredient/Crop Product/Cereal Products/Maize/Maize Ground,Maize,,ground,present,,https://www.feedipedia.org/node/11662,http://aims.fao.org/aos/agrovoc/c_12332,0112,review-required,,,,
CEREAL-000651,AOM_000651,Maize Oil,Management/Livestock Management/Feed Characteristic/Feed Composition/Feed Ingredient/Crop Product/Cereal Products/Maize/Maize Oil,Maize,,,present,,,http://aims.fao.org/aos/agrovoc/c_29474,0112,review-required,,,,
CEREAL-001289,AOM_001289,Maize Starch,Management/Livestock Management/Feed Characteristic/Feed Composition/Feed Ingredient/Crop Product/Cereal Products/Maize/Maize Starch,Maize,,,present,,https://www.feedipedia.org/node/12641,http://aims.fao.org/aos/agrovoc/c_a40b4471,0112,review-required,,,,
CEREAL-006072,AOM_006072,Maize Whole Ensiled,Management/Livestock Management/Feed Characteristic/Feed Composition/Feed Ingredient/Crop Product/Cereal Products/Maize/Maize Whole/Maize Whole Ensiled,Maize,whole,ensiled,missing,,,,0112,review-required,,,,
CEREAL-001324,AOM_001324,Maize Whole Ground,Management/Livestock Management/Feed Characteristic/Feed Composition/Feed Ingredient/Crop Product/Cereal Products/Maize/Maize Whole/Maize Whole Ground,Maize,whole,ground,present,,https://www.feedipedia.org/node/11662,,0112,review-required,,,,
CEREAL-001313,AOM_001313,Maize Whole,Management/Livestock Management/Feed Characteristic/Feed Composition/Feed Ingredient/Crop Product/Cereal Products/Maize/Maize Whole,Maize,whole,,present,,https://www.feedipedia.org/node/11662,,0112,review-required,,,,
CEREAL-004003,AOM_004003,Maize Yellow Grain,Management/Livestock Management/Feed Characteristic/Feed Composition/Feed Ingredient/Crop Product/Cereal Products/Maize Yellow/Maize Yellow Grain,Maize Yellow,grain,,present,,https://www.feedipedia.org/node/11668,,,review-required,,,,
CEREAL-004002,AOM_004002,Maize Yellow,Management/Livestock Management/Feed Characteristic/Feed Composition/Feed Ingredient/Crop Product/Cereal Products/Maize Yellow,Maize Yellow,,,missing,,https://www.feedipedia.org/node/11628,http://aims.fao.org/aos/agrovoc/c_12332,,review-required,,,,
CEREAL-000654,AOM_000654,Millet,Management/Livestock Management/Feed Characteristic/Feed Composition/Feed Ingredient/Crop Product/Cereal Products/Millet,Millet,,,present,,https://www.feedipedia.org/node/11688,http://aims.fao.org/aos/agrovoc/c_4838,0118,review-required,,,,
CEREAL-001355,AOM_001355,Oat Ensiled,Management/Livestock Management/Feed Characteristic/Feed Composition/Feed Ingredient/Crop Product/Cereal Products/Oat/Oat Ensiled,Oat,,ensiled,present,,https://www.feedipedia.org/node/12388,http://aims.fao.org/aos/agrovoc/c_c0e6f391;http://aims.fao.org/aos/agrovoc/c_34065,0117,review-required,,,,
CEREAL-001959,AOM_001959,Oat Grain Dried Wilted,Management/Livestock Management/Feed Characteristic/Feed Composition/Feed Ingredient/Crop Product/Cereal Products/Oat/Oat Grain/Oat Grain Dried Wilted,Oat,grain,dried;wilted,present,,,http://aims.fao.org/aos/agrovoc/c_c0e6f391;http://aims.fao.org/aos/agrovoc/c_34065,0117,review-required,,,,
CEREAL-001331,AOM_001331,Oat Grain,Management/Livestock Management/Feed Characteristic/Feed Composition/Feed Ingredient/Crop Product/Cereal Products/Oat/Oat Grain,Oat,grain,,present,,https://www.feedipedia.org/node/12391,http://aims.fao.org/aos/agrovoc/c_c0e6f391;http://aims.fao.org/aos/agrovoc/c_34065,0117,review-required,,,,
CEREAL-001332,AOM_001332,Oat Ground,Management/Livestock Management/Feed Characteristic/Feed Composition/Feed Ingredient/Crop Product/Cereal Products/Oat/Oat Ground,Oat,,ground,present,,https://www.feedipedia.org/node/12391,http://aims.fao.org/aos/agrovoc/c_c0e6f391;http://aims.fao.org/aos/agrovoc/c_34065,0117,review-required,,,,
CEREAL-001895,AOM_001895,Oat,Management/Livestock Management/Feed Characteristic/Feed Composition/Feed Ingredient/Crop Product/Cereal Products/Oat,Oat,,,present,,https://www.feedipedia.org/node/12391,http://aims.fao.org/aos/agrovoc/c_c0e6f391;http://aims.fao.org/aos/agrovoc/c_34065,0117,review-required,,,,
CEREAL-001334,AOM_001334,Pearl Millet,Management/Livestock Management/Feed Characteristic/Feed Composition/Feed Ingredient/Crop Product/Cereal Products/Pearl Millet,Pearl Millet,,,present,,https://www.feedipedia.org/node/11688,http://aims.fao.org/aos/agrovoc/c_4838,,review-required,,,,
CEREAL-006156,AOM_006156,Rice Grain Ground,Management/Livestock Management/Feed Characteristic/Feed Composition/Feed Ingredient/Crop Product/Cereal Products/Rice/Rice Grain/Rice Grain Ground,Rice,grain,ground,present,,https://www.feedipedia.org/node/12526,http://aims.fao.org/aos/agrovoc/c_6599,0113,review-required,,,,
CEREAL-000655,AOM_000655,Rice Grain,Management/Livestock Management/Feed Characteristic/Feed Composition/Feed Ingredient/Crop Product/Cereal Products/Rice/Rice Grain,Rice,grain,,present,,https://www.feedipedia.org/node/12526,http://aims.fao.org/aos/agrovoc/c_6599,0113,review-required,,,,
CEREAL-000656,AOM_000656,Whole Rice Ground,Management/Livestock Management/Feed Characteristic/Feed Composition/Feed Ingredient/Crop Product/Cereal Products/Rice/Whole Rice Ground,Rice,whole,ground,present,,,http://aims.fao.org/aos/agrovoc/c_25500,0113,review-required,,,,
CEREAL-001339,AOM_001339,Sorghum Ensiled,Management/Livestock Management/Feed Characteristic/Feed Composition/Feed Ingredient/Crop Product/Cereal Products/Sorghum/Sorghum Ensiled,Sorghum,,ensiled,present,,,,0114,review-required,,,,
CEREAL-000657,AOM_000657,Sorghum Grain,Management/Livestock Management/Feed Characteristic/Feed Composition/Feed Ingredient/Crop Product/Cereal Products/Sorghum/Sorghum Grain,Sorghum,grain,,present,,https://www.feedipedia.org/node/11655,http://aims.fao.org/aos/agrovoc/c_7244;http://aims.fao.org/aos/agrovoc/c_7249,0114,review-required,,,,
CEREAL-001365,AOM_001365,Sorghum Sprout,Management/Livestock Management/Feed Characteristic/Feed Composition/Feed Ingredient/Crop Product/Cereal Products/Sorghum/Sorghum Sprout,Sorghum,,,present,,https://www.feedipedia.org/node/15784,http://aims.fao.org/aos/agrovoc/c_7244;http://aims.fao.org/aos/agrovoc/c_7249,0114,review-required,,,,
CEREAL-001316,AOM_001316,Sorghum,Management/Livestock Management/Feed Characteristic/Feed Composition/Feed Ingredient/Crop Product/Cereal Products/Sorghum,Sorghum,,,present,,https://www.feedipedia.org/node/11655,,0114,review-required,,,,
CEREAL-002124,AOM_002124,Wheat Crushed,Management/Livestock Management/Feed Characteristic/Feed Composition/Feed Ingredient/Crop Product/Cereal Products/Wheat/Wheat Crushed,Wheat,,crushed,present,,https://www.feedipedia.org/node/12754,,0111,review-required,,,,
CEREAL-001346,AOM_001346,Wheat Ground,Management/Livestock Management/Feed Characteristic/Feed Composition/Feed Ingredient/Crop Product/Cereal Products/Wheat/Wheat Ground,Wheat,,ground,present,,https://www.feedipedia.org/node/12754,,0111,review-required,,,,
CEREAL-000660,AOM_000660,Wheat Whole Ground,Management/Livestock Management/Feed Characteristic/Feed Composition/Feed Ingredient/Crop Product/Cereal Products/Wheat/Wheat Whole Ground,Wheat,whole,ground,present,,https://www.feedipedia.org/node/12754,http://aims.fao.org/aos/agrovoc/c_25511,0111,review-required,,,,
CEREAL-001319,AOM_001319,Wheat,Management/Livestock Management/Feed Characteristic/Feed Composition/Feed Ingredient/Crop Product/Cereal Products/Wheat,Wheat,,,present,,https://www.feedipedia.org/node/12754,http://aims.fao.org/aos/agrovoc/c_25511,0111,review-required,,,,
CEREAL-000701,AOM_000701,Cereal and Grass Forages,Management/Livestock Management/Feed Characteristic/Feed Composition/Feed Ingredient/Forage Plants/Cereal and Grass Forages,,,,present,,https://www.feedipedia.org/content/feeds?category=13593,,,review-required,,,,
CEREAL-006039,AOM_006039,Andropogon Dried,Management/Livestock Management/Feed Characteristic/Feed Composition/Feed Ingredient/Forage Plants/Cereal and Grass Forages/Andropogon/Andropogon Dried,Andropogon,,dried,present,,,,,review-required,,,,
CEREAL-001379,AOM_001379,Andropogon,Management/Livestock Management/Feed Characteristic/Feed Composition/Feed Ingredient/Forage Plants/Cereal and Grass Forages/Andropogon,Andropogon,,,present,,,,,review-required,,,,
CEREAL-001382,AOM_001382,Andropogon abyssinica,Management/Livestock Management/Feed Characteristic/Feed Composition/Feed Ingredient/Forage Plants/Cereal and Grass Forages/Andropogon abyssinica,Andropogon abyssinica,,,present,,,,,review-required,,,,
CEREAL-002216,AOM_002216,Andropogon appendiculatus,Management/Livestock Management/Feed Characteristic/Feed Composition/Feed Ingredient/Forage Plants/Cereal and Grass Forages/Andropogon appendiculatus,Andropogon appendiculatus,,,present,,,,,review-required,,,,
CEREAL-001581,AOM_001581,Andropogon gayanus Dried,Management/Livestock Management/Feed Characteristic/Feed Composition/Feed Ingredient/Forage Plants/Cereal and Grass Forages/Andropogon gayanus/Andropogon gayanus Dried,Andropogon gayanus,,dried,present,bluestem,https://www.feedipedia.org/node/12116,,,review-required,,,,
CEREAL-001381,AOM_001381,Andropogon gayanus Ensiled,Management/Livestock Management/Feed Characteristic/Feed Composition/Feed Ingredient/Forage Plants/Cereal and Grass Forages/Andropogon gayanus/Andropogon gayanus Ensiled,Andropogon gayanus,,ensiled,present,,https://www.feedipedia.org/node/12117,,,review-required,,,,
CEREAL-006103,AOM_006103,Andropogon gayanus Ensiled Wilted,Management/Livestock Management/Feed Characteristic/Feed Composition/Feed Ingredient/Forage Plants/Cereal and Grass Forages/Andropogon gayanus/Andropogon gayanus Ensiled Wilted,Andropogon gayanus,,ensiled;wilted,present,,,,,review-required,,,,
CEREAL-001380,AOM_001380,Andropogon gayanus,Management/Livestock Management/Feed Characteristic/Feed Composition/Feed Ingredient/Forage Plants/Cereal and Grass Forages/Andropogon gayanus,Andropogon gayanus,,,present,bluestem,https://www.feedipedia.org/node/12114,,,review-required,,,,
CEREAL-001383,AOM_001383,Andropogon guianensis,Management/Livestock Management/Feed Characteristic/Feed Composition/Feed Ingredient/Forage Plants/Cereal and Grass Forages/Andropogon guianensis,Andropogon guianensis,,,missing,,https://www.feedipedia.org/node/12114,,,review-required,,,,
CEREAL-006021,AOM_006021,Andropogon tectorum,Management/Livestock Management/Feed Characteristic/Feed Composition/Feed Ingredient/Forage Plants/Cereal and Grass Forages/Andropogon tectorum,Andropogon tectorum,,,present,,,,,review-required,,,,
CEREAL-001456,AOM_001456,Aristida,Management/Livestock Management/Feed Characteristic/Feed Composition/Feed Ingredient/Forage Plants/Cereal and Grass Forages/Aristida,Aristida,,,present,,,,,review-required,,,,
CEREAL-001457,AOM_001457,Aristida adscensionis,Management/Livestock Management/Feed Characteristic/Feed Composition/Feed Ingredient/Forage Plants/Cereal and Grass Forages/Aristida adscensionis,Aristida adscensionis,,,present,,https://www.feedipedia.org/node/12011,,,review-required,,,,
CEREAL-001459,AOM_001459,Bothriochloa Dried,Management/Livestock Management/Feed Characteristic/Feed Composition/Feed Ingredient/Forage Plants/Cereal and Grass Forages/Bothriochloa/Bothriochloa Dried,Bothriochloa,,dried,present,,,,,review-required,,,,
CEREAL-001458,AOM_001458,Bothriochloa,Management/Livestock Management/Feed Characteristic/Feed Composition/Feed Ingredient/Forage Plants/Cereal and Grass Forages/Bothriochloa,Bothriochloa,,,present,,https://www.feedipedia.org/node/11880,,,review-required,,,,
CEREAL-001460,AOM_001460,Bothriochloa insculpta,Management/Livestock Management/Feed Characteristic/Feed Composition/Feed Ingredient/Forage Plants/Cereal and Grass Forages/Bothriochloa insculpta,Bothriochloa insculpta,,,present,,https://www.feedipedia.org/node/12030,,,review-required,,,,
CEREAL-001898,AOM_001898,Bothriocloa Dried,Management/Livestock Management/Feed Characteristic/Feed Composition/Feed Ingredient/Forage Plants/Cereal and Grass Forages/Bothriocloa/Bothriocloa Dried,Bothriocloa,,dried,missing,,,,,review-required,,,,
CEREAL-001396,AOM_001396,Bracharia Dried,Management/Livestock Management/Feed Characteristic/Feed Composition/Feed Ingredient/Forage Plants/Cereal and Grass Forages/Bracharia/Bracharia Dried,Bracharia,,dried,present,,,,,review-required,,,,
CEREAL-006045,AOM_006045,Bracharia Dried Ground,Management/Livestock Management/Feed Characteristic/Feed Composition/Feed Ingredient/Forage Plants/Cereal and Grass Forages/Bracharia/Bracharia Dried Ground,Bracharia,,dried;ground,present,,,,,review-required,,,,
CEREAL-001395,AOM_001395,Bracharia,Management/Livestock Management/Feed Characteristic/Feed Composition/Feed Ingredient/Forage Plants/Cereal and Grass Forages/Bracharia,Bracharia,,,present,,,,,review-required,,,,
CEREAL-006044,AOM_006044,Bracharia decumbens Dried,Management/Livestock Management/Feed Characteristic/Feed Composition/Feed Ingredient/Forage Plants/Cereal and Grass Forages/Bracharia decumbens/Bracharia decumbens Dried,Bracharia decumbens,,dried,present,,,,,review-required,,,,
CEREAL-001620,AOM_001620,Bracharia decumbens Ensiled,Management/Livestock Management/Feed Characteristic/Feed Composition/Feed Ingredient/Forage Plants/Cereal and Grass Forages/Bracharia decumbens/Bracharia decumbens Ensiled,Bracharia decumbens,,ensiled,present,,,,,review-required,,,,
CEREAL-001397,AOM_001397,Bracharia decumbens,Management/Livestock Management/Feed Characteristic/Feed Composition/Feed Ingredient/Forage Plants/Cereal and Grass Forages/Bracharia decumbens,Bracharia decumbens,,,present,,https://www.feedipedia.org/node/12597,,,review-required,,,,
CEREAL-006046,AOM_006046,Brachiaria brizantha Dried,Management/Livestock Management/Feed Characteristic/Feed Composition/Feed Ingredient/Forage Plants/Cereal and Grass Forages/Brachiaria brizantha/Brachiaria brizantha Dried,Brachiaria brizantha,,dried,present,,https://www.feedipedia.org/node/11884,https://agrovoc.fao.org/browse/agrovoc/en/page/c_1043;http://aims.fao.org/aos/agrovoc/c_2832,,review-required,,,,
CEREAL-001385,AOM_001385,Brachiaria brizantha,Management/Livestock Management/Feed Characteristic/Feed Composition/Feed Ingredient/Forage Plants/Cereal and Grass Forages/Brachiaria brizantha,Brachiaria brizantha,,,present,,https://www.feedipedia.org/node/11884,https://agrovoc.fao.org/browse/agrovoc/en/page/c_1043;http://aims.fao.org/aos/agrovoc/c_2832,,review-required,,,,
CEREAL-006159,AOM_006159,Brachiaria hybrid Dried,Management/Livestock Management/Feed Characteristic/Feed Composition/Feed Ingredient/Forage Plants/Cereal and Grass Forages/Brachiaria hybrid/Brachiaria hybrid Dried,Brachiaria hybrid,,dried,present,,,,,review-required,,,,
CEREAL-003385,AOM_003385,Brachiaria hybrid,Management/Livestock Management/Feed Characteristic/Feed Composition/Feed Ingredient/Forage Plants/Cereal and Grass Forages/Brachiaria hybrid,Brachiaria hybrid,,,present,,,,,review-required,,,,
CEREAL-006047,AOM_006047,Brachiaria ruziziensis Dried,Management/Livestock Management/Feed Characteristic/Feed Composition/Feed Ingredient/Forage Plants/Cereal and Grass Forages/Brachiaria ruziziensis/Brachiaria ruziziensis Dried,Brachiaria ruziziensis,,dried,present,,https://www.feedipedia.org/node/12015,,,review-required,,,,
CEREAL-001398,AOM_001398,Brachiaria ruziziensis,Management/Livestock Management/Feed Characteristic/Feed Composition/Feed Ingredient/Forage Plants/Cereal and Grass Forages/Brachiaria ruziziensis,Brachiaria ruziziensis,,,present,,https://www.feedipedia.org/node/12015,,,review-required,,,,
CEREAL-001399,AOM_001399,Brachiaria serrata,Management/Livestock Management/Feed Characteristic/Feed Composition/Feed Ingredient/Forage Plants/Cereal and Grass Forages/Brachiaria serrata,Brachiaria serrata,,,present,,,,,review-required,,,,
CEREAL-000686,AOM_000686,Cenchrus ciliaris,Management/Livestock Management/Feed Characteristic/Feed Composition/Feed Ingredient/Forage Plants/Cereal and Grass Forages/Cenchrus ciliaris,Cenchrus ciliaris,,,present,,https://www.feedipedia.org/node/11899,http://aims.fao.org/aos/agrovoc/c_1428,,review-required,,,,
CEREAL-001400,AOM_001400,Cenchrus ciliaris Dried,Management/Livestock Management/Feed Characteristic/Feed Composition/Feed Ingredient/Forage Plants/Cereal and Grass Forages/Cenchrus ciliaris/Cenchrus ciliaris Dried,Cenchrus ciliaris,,dried,present,,https://www.feedipedia.org/node/11900,,,review-required,,,,
CEREAL-001401,AOM_001401,Chloris,Management/Livestock Management/Feed Characteristic/Feed Composition/Feed Ingredient/Forage Plants/Cereal and Grass Forages/Chloris,Chloris,,,present,,,,,review-required,,,,
CEREAL-006065,AOM_006065,Chloris gayana Crushed Dried,Management/Livestock Management/Feed Characteristic/Feed Composition/Feed Ingredient/Forage Plants/Cereal and Grass Forages/Chloris gayana/Chloris gayana Crushed Dried,Chloris gayana,,crushed;dried,present,,,,,review-required,,,,
CEREAL-001635,AOM_001635,Chloris gayana Dried Ground,Management/Livestock Management/Feed Characteristic/Feed Composition/Feed Ingredient/Forage Plants/Cereal and Grass Forages/Chloris gayana/Chloris gayana Dried/Chloris gayana Dried Ground,Chloris gayana,,dried;ground,present,,https://www.feedipedia.org/node/12519,,,review-required,,,,
CEREAL-001633,AOM_001633,Chloris gayana Dried,Management/Livestock Management/Feed Characteristic/Feed Composition/Feed Ingredient/Forage Plants/Cereal and Grass Forages/Chloris gayana/Chloris gayana Dried,Chloris gayana,,dried,present,,https://www.feedipedia.org/node/12519,,,review-required,,,,
CEREAL-001634,AOM_001634,Chloris gayana Dried Wilted,Management/Livestock Management/Feed Characteristic/Feed Composition/Feed Ingredient/Forage Plants/Cereal and Grass Forages/Chloris gayana/Chloris gayana Dried Wilted,Chloris gayana,,dried;wilted,present,,,,,review-required,,,,
CEREAL-001402,AOM_001402,Chloris gayana,Management/Livestock Management/Feed Characteristic/Feed Composition/Feed Ingredient/Forage Plants/Cereal and Grass Forages/Chloris gayana,Chloris gayana,,,present,,https://www.feedipedia.org/node/12518,,,review-required,,,,
CEREAL-002038,AOM_002038,Combretum aculeatum,Management/Livestock Management/Feed Characteristic/Feed Composition/Feed Ingredient/Forage Plants/Cereal and Grass Forages/Combretum aculeatum,Combretum aculeatum,,,present,,https://www.feedipedia.org/node/11632,,,review-required,,,,
CEREAL-001649,AOM_001649,Cynadon dactylon Dried,Management/Livestock Management/Feed Characteristic/Feed Composition/Feed Ingredient/Forage Plants/Cereal and Grass Forages/Cynadon dactylon/Cynadon dactylon Dried,Cynadon dactylon,,dried,present,,https://www.feedipedia.org/node/11850,,,review-required,,,,
CEREAL-001462,AOM_001462,Cynadon dactylon,Management/Livestock Management/Feed Characteristic/Feed Composition/Feed Ingredient/Forage Plants/Cereal and Grass Forages/Cynadon dactylon,Cynadon dactylon,,,present,,https://www.feedipedia.org/node/11847,,,review-required,,,,
CEREAL-001464,AOM_001464,Cynadon plectostachyus,Management/Livestock Management/Feed Characteristic/Feed Composition/Feed Ingredient/Forage Plants/Cereal and Grass Forages/Cynadon plectostachyus,Cynadon plectostachyus,,,present,,,,,review-required,,,,
CEREAL-006075,AOM_006075,Cynodon Dried,Management/Livestock Management/Feed Characteristic/Feed Composition/Feed Ingredient/Forage Plants/Cereal and Grass Forages/Cynodon/Cynodon Dried,Cynodon,,dried,present,,,,,review-required,,,,
CEREAL-001461,AOM_001461,Cynodon,Management/Livestock Management/Feed Characteristic/Feed Composition/Feed Ingredient/Forage Plants/Cereal and Grass Forages/Cynodon,Cynodon,,,present,,,,,review-required,,,,
CEREAL-006074,AOM_006074,Cynodon nlemfuensis Dried,Management/Livestock Management/Feed Characteristic/Feed Composition/Feed Ingredient/Forage Plants/Cereal and Grass Forages/Cynodon nlemfuensis/Cynodon nlemfuensis Dried,Cynodon nlemfuensis,,dried,present,,https://www.feedipedia.org/node/602,,,review-required,,,,
CEREAL-001465,AOM_001465,Cynodon nlemfuensis,Management/Livestock Management/Feed Characteristic/Feed Composition/Feed Ingredient/Forage Plants/Cereal and Grass Forages/Cynodon nlemfuensis,Cynodon nlemfuensis,,,present,,https://www.feedipedia.org/node/602,,,review-required,,,,
CEREAL-003103,AOM_003103,Dactyloctenium aegyptium,Management/Livestock Management/Feed Characteristic/Feed Composition/Feed Ingredient/Forage Plants/Cereal and Grass Forages/Dactyloctenium aegyptium,Dactyloctenium aegyptium,,,present,,https://www.feedipedia.org/node/12067,,,review-required,,,,
CEREAL-000687,AOM_000687,Desho Grass Hay,Management/Livestock Management/Feed Characteristic/Feed Composition/Feed Ingredient/Forage Plants/Cereal and Grass Forages/Desho Grass Hay,Desho Grass Hay,hay,,present,,https://www.feedipedia.org/node/12377,http://aims.fao.org/aos/agrovoc/c_5676,,review-required,,,,
CEREAL-002229,AOM_002229,Desmodium uncinatum,Management/Livestock Management/Feed Characteristic/Feed Composition/Feed Ingredient/Forage Plants/Cereal and Grass Forages/Desmodium uncinatum,Desmodium uncinatum,,,present,,https://www.feedipedia.org/node/12601,,,review-required,,,,
CEREAL-000688,AOM_000688,Digitaria Dried,Management/Livestock Management/Feed Characteristic/Feed Composition/Feed Ingredient/Forage Plants/Cereal and Grass Forages/Digitaria/Digitaria Dried,Digitaria,,dried,present,,https://www.feedipedia.org/node/12054,http://aims.fao.org/aos/agrovoc/c_2278,,review-required,,,,
CEREAL-003916,AOM_003916,Digitaria,Management/Livestock Management/Feed Characteristic/Feed Composition/Feed Ingredient/Forage Plants/Cereal and Grass Forages/Digitaria,Digitaria,,,present,,https://www.feedipedia.org/node/12053,,,review-required,,,,
CEREAL-001388,AOM_001388,Digitaria abyssinica,Management/Livestock Management/Feed Characteristic/Feed Composition/Feed Ingredient/Forage Plants/Cereal and Grass Forages/Digitaria abyssinica,Digitaria abyssinica,,,present,,https://www.feedipedia.org/node/11725,,,review-required,,,,
CEREAL-001389,AOM_001389,Digitaria decumbens,Management/Livestock Management/Feed Characteristic/Feed Composition/Feed Ingredient/Forage Plants/Cereal and Grass Forages/Digitaria decumbens,Digitaria decumbens,,,present,,https://www.feedipedia.org/node/12597,,,review-required,,,,
CEREAL-001390,AOM_001390,Digitaria nodosa,Management/Livestock Management/Feed Characteristic/Feed Composition/Feed Ingredient/Forage Plants/Cereal and Grass Forages/Digitaria nodosa,Digitaria nodosa,,,present,,,,,review-required,,,,
CEREAL-006092,AOM_006092,Digitaria smutsii Dried,Management/Livestock Management/Feed Characteristic/Feed Composition/Feed Ingredient/Forage Plants/Cereal and Grass Forages/Digitaria smutsii/Digitaria smutsii Dried,Digitaria smutsii,,dried,present,,,,,review-required,,,,
CEREAL-001391,AOM_001391,Digitaria smutsii,Management/Livestock Management/Feed Characteristic/Feed Composition/Feed Ingredient/Forage Plants/Cereal and Grass Forages/Digitaria smutsii,Digitaria smutsii,,,present,,,,,review-required,,,,
CEREAL-001392,AOM_001392,Digitaria ternota,Management/Livestock Management/Feed Characteristic/Feed Composition/Feed Ingredient/Forage Plants/Cereal and Grass Forages/Digitaria ternota,Digitaria ternota,,,present,,,,,review-required,,,,
CEREAL-001466,AOM_001466,Diheteropogon amplectens,Management/Livestock Management/Feed Characteristic/Feed Composition/Feed Ingredient/Forage Plants/Cereal and Grass Forages/Diheteropogon amplectens,Diheteropogon amplectens,,,present,,,,,review-required,,,,
CEREAL-006088,AOM_006088,Eclipta alba Leaves Dried,Management/Livestock Management/Feed Characteristic/Feed Composition/Feed Ingredient/Forage Plants/Cereal and Grass Forages/Eclipta alba/Eclipta alba Leaves Dried,Eclipta alba,,dried,present,,,,,review-required,,,,
CEREAL-002238,AOM_002238,Eclipta alba,Management/Livestock Management/Feed Characteristic/Feed Composition/Feed Ingredient/Forage Plants/Cereal and Grass Forages/Eclipta alba,Eclipta alba,,,present,,,,,review-required,,,,
CEREAL-001467,AOM_001467,Eleusine floccifolia,Management/Livestock Management/Feed Characteristic/Feed Composition/Feed Ingredient/Forage Plants/Cereal and Grass Forages/Eleusine floccifolia,Eleusine floccifolia,,,present,,,,,review-required,,,,
CEREAL-001785,AOM_001785,Elionurus muticus,Management/Livestock Management/Feed Characteristic/Feed Composition/Feed Ingredient/Forage Plants/Cereal and Grass Forages/Elionurus muticus,Elionurus muticus,,,present,,https://www.feedipedia.org/node/11772,,,review-required,,,,
CEREAL-006091,AOM_006091,Eragotris tremula Dried,Management/Livestock Management/Feed Characteristic/Feed Composition/Feed Ingredient/Forage Plants/Cereal and Grass Forages/Eragotris tremula/Eragotris tremula Dried,Eragotris tremula,,dried,present,,,,,review-required,,,,
CEREAL-001786,AOM_001786,Eragotris tremula,Management/Livestock Management/Feed Characteristic/Feed Composition/Feed Ingredient/Forage Plants/Cereal and Grass Forages/Eragotris tremula,Eragotris tremula,,,present,,,,,review-required,,,,
CEREAL-001468,AOM_001468,Eragrostis capensis,Management/Livestock Management/Feed Characteristic/Feed Composition/Feed Ingredient/Forage Plants/Cereal and Grass Forages/Eragrostis capensis,Eragrostis capensis,,,present,,,,,review-required,,,,
CEREAL-001787,AOM_001787,Eragrostis curvula Dried,Management/Livestock Management/Feed Characteristic/Feed Composition/Feed Ingredient/Forage Plants/Cereal and Grass Forages/Eragrostis curvula/Eragrostis curvula Dried,Eragrostis curvula,,dried,present,,https://www.feedipedia.org/node/12747,,,review-required,,,,
CEREAL-006368,AOM_006368,Eragrostis curvula Dried Ground,Management/Livestock Management/Feed Characteristic/Feed Composition/Feed Ingredient/Forage Plants/Cereal and Grass Forages/Eragrostis curvula/Eragrostis curvula Dried Ground,Eragrostis curvula,,dried;ground,present,,,,,review-required,,,,
CEREAL-006093,AOM_006093,Eragrostis curvula Ground,Management/Livestock Management/Feed Characteristic/Feed Composition/Feed Ingredient/Forage Plants/Cereal and Grass Forages/Eragrostis curvula/Eragrostis curvula Ground,Eragrostis curvula,,ground,present,,,,,review-required,,,,
CEREAL-001393,AOM_001393,Eragrostis curvula,Management/Livestock Management/Feed Characteristic/Feed Composition/Feed Ingredient/Forage Plants/Cereal and Grass Forages/Eragrostis curvula,Eragrostis curvula,,,present,,https://www.feedipedia.org/node/12746,,,review-required,,,,
CEREAL-001469,AOM_001469,Eragrostis papposa,Management/Livestock Management/Feed Characteristic/Feed Composition/Feed Ingredient/Forage Plants/Cereal and Grass Forages/Eragrostis papposa,Eragrostis papposa,,,present,,,,,review-required,,,,
CEREAL-006094,AOM_006094,Eragrostis racemosa,Management/Livestock Management/Feed Characteristic/Feed Composition/Feed Ingredient/Forage Plants/Cereal and Grass Forages/Eragrostis racemosa,Eragrostis racemosa,,,present,,,,,review-required,,,,
CEREAL-001470,AOM_001470,Eragrostis rigidior,Management/Livestock Management/Feed Characteristic/Feed Composition/Feed Ingredient/Forage Plants/Cereal and Grass Forages/Eragrostis rigidior,Eragrostis rigidior,,,present,,,,,review-required,,,,
CEREAL-006097,AOM_006097,Festuca ovina,Management/Livestock Management/Feed Characteristic/Feed Composition/Feed Ingredient/Forage Plants/Cereal and Grass Forages/Festuca ovina,Festuca ovina,,,present,,,,,review-required,,,,
CEREAL-003907,AOM_003907,Forest Pasture,Management/Livestock Management/Feed Characteristic/Feed Composition/Feed Ingredient/Forage Plants/Cereal and Grass Forages/Forest Pasture,Forest Pasture,,,present,,,,,review-required,,,,
CEREAL-001965,AOM_001965,Grass Dried Ensiled,Management/Livestock Management/Feed Characteristic/Feed Composition/Feed Ingredient/Forage Plants/Cereal and Grass Forages/Grass Dried/Grass Dried Ensiled,Grass Dried,,dried;ensiled,present,,,,,review-required,,,,
CEREAL-000692,AOM_000692,Grass Dried Ground,Management/Livestock Management/Feed Characteristic/Feed Composition/Feed Ingredient/Forage Plants/Cereal and Grass Forages/Grass Dried/Grass Dried Ground,Grass Dried,,dried;ground,present,,,,,review-required,,,,
CEREAL-001809,AOM_001809,Grass Dried,Management/Livestock Management/Feed Characteristic/Feed Composition/Feed Ingredient/Forage Plants/Cereal and Grass Forages/Grass Dried,Grass Dried,,dried,present,,,,0324,review-required,,,,
CEREAL-000693,AOM_000693,Grass Local,Management/Livestock Management/Feed Characteristic/Feed Composition/Feed Ingredient/Forage Plants/Cereal and Grass Forages/Grass Local,Grass Local,,,present,,,,,review-required,,,,
CEREAL-001471,AOM_001471,Harpachne schimperi,Management/Livestock Management/Feed Characteristic/Feed Composition/Feed Ingredient/Forage Plants/Cereal and Grass Forages/Harpachne schimperi,Harpachne schimperi,,,present,,,,,review-required,,,,
CEREAL-006117,AOM_006117,Heteropogon contortus Ground,Management/Livestock Management/Feed Characteristic/Feed Composition/Feed Ingredient/Forage Plants/Cereal and Grass Forages/Heteropogon contortus/Heteropogon contortus Ground,Heteropogon contortus,,ground,present,,,,,review-required,,,,
CEREAL-001472,AOM_001472,Heteropogon contortus,Management/Livestock Management/Feed Characteristic/Feed Composition/Feed Ingredient/Forage Plants/Cereal and Grass Forages/Heteropogon contortus,Heteropogon contortus,,,present,,https://www.feedipedia.org/node/12630,,,review-required,,,,
CEREAL-001386,AOM_001386,Hordeum vulgare Dried,Management/Livestock Management/Feed Characteristic/Feed Composition/Feed Ingredient/Forage Plants/Cereal and Grass Forages/Hordeum vulgare/Hordeum vulgare Dried,Hordeum vulgare,,dried,present,,https://www.feedipedia.org/node/17326,,,review-required,,,,
CEREAL-001404,AOM_001404,Hyparrhenia Dried,Management/Livestock Management/Feed Characteristic/Feed Composition/Feed Ingredient/Forage Plants/Cereal and Grass Forages/Hyparrhenia/Hyparrhenia Dried,Hyparrhenia,,dried,present,,,,,review-required,,,,
CEREAL-006369,AOM_006369,Hyparrhenia,Management/Livestock Management/Feed Characteristic/Feed Composition/Feed Ingredient/Forage Plants/Cereal and Grass Forages/Hyparrhenia,Hyparrhenia,,,present,,https://www.feedipedia.org/node/26001,,,review-required,,,,
CEREAL-001473,AOM_001473,Hyparrhenia filipendula,Management/Livestock Management/Feed Characteristic/Feed Composition/Feed Ingredient/Forage Plants/Cereal and Grass Forages/Hyparrhenia filipendula,Hyparrhenia filipendula,,,present,,https://www.feedipedia.org/node/12087,,,review-required,,,,
CEREAL-006119,AOM_006119,Hyparrhenia hirta,Management/Livestock Management/Feed Characteristic/Feed Composition/Feed Ingredient/Forage Plants/Cereal and Grass Forages/Hyparrhenia hirta,Hyparrhenia hirta,,,present,,https://www.feedipedia.org/node/26001,,,review-required,,,,
CEREAL-001663,AOM_001663,Hyparrhenia rufa Dried,Management/Livestock Management/Feed Characteristic/Feed Composition/Feed Ingredient/Forage Plants/Cereal and Grass Forages/Hyparrhenia rufa/Hyparrhenia rufa Dried,Hyparrhenia rufa,,dried,present,,https://www.feedipedia.org/node/12212,,,review-required,,,,
CEREAL-001405,AOM_001405,Hyparrhenia rufa,Management/Livestock Management/Feed Characteristic/Feed Composition/Feed Ingredient/Forage Plants/Cereal and Grass Forages/Hyparrhenia rufa,Hyparrhenia rufa,,,present,,https://www.feedipedia.org/node/12210,,,review-required,,,,
CEREAL-001474,AOM_001474,Hyperthelia dissoluta,Management/Livestock Management/Feed Characteristic/Feed Composition/Feed Ingredient/Forage Plants/Cereal and Grass Forages/Hyperthelia dissoluta,Hyperthelia dissoluta,,,present,,https://www.feedipedia.org/node/12792,,,review-required,,,,
CEREAL-001788,AOM_001788,Jardinea congoensis,Management/Livestock Management/Feed Characteristic/Feed Composition/Feed Ingredient/Forage Plants/Cereal and Grass Forages/Jardinea congoensis,Jardinea congoensis,,,present,,,,,review-required,,,,
CEREAL-001853,AOM_001853,Juncaceae,Management/Livestock Management/Feed Characteristic/Feed Composition/Feed Ingredient/Forage Plants/Cereal and Grass Forages/Juncaceae,Juncaceae,,,present,,,,,review-required,,,,
CEREAL-002234,AOM_002234,Kochia scoparia,Management/Livestock Management/Feed Characteristic/Feed Composition/Feed Ingredient/Forage Plants/Cereal and Grass Forages/Kochia scoparia,Kochia scoparia,,,present,,,,,review-required,,,,
CEREAL-001475,AOM_001475,Lolium,Management/Livestock Management/Feed Characteristic/Feed Composition/Feed Ingredient/Forage Plants/Cereal and Grass Forages/Lolium,Lolium,,,present,,https://www.feedipedia.org/node/625,,01919.02,review-required,,,,
CEREAL-001476,AOM_001476,Lolium multiflorum,Management/Livestock Management/Feed Characteristic/Feed Composition/Feed Ingredient/Forage Plants/Cereal and Grass Forages/Lolium multiflorum,Lolium multiflorum,,,present,,https://www.feedipedia.org/node/12543,,,review-required,,,,
CEREAL-001477,AOM_001477,Loudetia simplex,Management/Livestock Management/Feed Characteristic/Feed Composition/Feed Ingredient/Forage Plants/Cereal and Grass Forages/Loudetia simplex,Loudetia simplex,,,present,,,,,review-required,,,,
CEREAL-001478,AOM_001478,Loudetia togoensis,Management/Livestock Management/Feed Characteristic/Feed Composition/Feed Ingredient/Forage Plants/Cereal and Grass Forages/Loudetia togoensis,Loudetia togoensis,,,present,,,,,review-required,,,,
CEREAL-000695,AOM_000695,Luscious Pasture,Management/Livestock Management/Feed Characteristic/Feed Composition/Feed Ingredient/Forage Plants/Cereal and Grass Forages/Luscious Pasture,Luscious Pasture,,,present,,,,,review-required,,,,
CEREAL-002039,AOM_002039,Megathyrsus maximus Bran,Management/Livestock Management/Feed Characteristic/Feed Composition/Feed Ingredient/Forage Plants/Cereal and Grass Forages/Megathyrsus maximus/Megathyrsus maximus Bran,Megathyrsus maximus,,,present,,,,,review-required,,,,
CEREAL-001676,AOM_001676,Megathyrsus maximus Dried,Management/Livestock Management/Feed Characteristic/Feed Composition/Feed Ingredient/Forage Plants/Cereal and Grass Forages/Megathyrsus maximus/Megathyrsus maximus Dried,Megathyrsus maximus,,dried,present,,https://www.feedipedia.org/node/11522,,,review-required,,,,
CEREAL-003912,AOM_003912,Megathyrsus maximus Leaves,Management/Livestock Management/Feed Characteristic/Feed Composition/Feed Ingredient/Forage Plants/Cereal and Grass Forages/Megathyrsus maximus/Megathyrsus maximus Leaves,Megathyrsus maximus,,,present,,https://www.feedipedia.org/node/11521,,,review-required,,,,
CEREAL-006115,AOM_006115,Megathyrsus maximus Wilted,Management/Livestock Management/Feed Characteristic/Feed Composition/Feed Ingredient/Forage Plants/Cereal and Grass Forages/Megathyrsus maximus/Megathyrsus maximus Wilted,Megathyrsus maximus,,wilted,present,,,,,review-required,,,,
CEREAL-001479,AOM_001479,Megathyrsus maximus,Management/Livestock Management/Feed Characteristic/Feed Composition/Feed Ingredient/Forage Plants/Cereal and Grass Forages/Megathyrsus maximus,Megathyrsus maximus,,,present,,https://www.feedipedia.org/node/11521,,,review-required,,,,
CEREAL-001481,AOM_001481,Melinis repens,Management/Livestock Management/Feed Characteristic/Feed Composition/Feed Ingredient/Forage Plants/Cereal and Grass Forages/Melinis repens,Melinis repens,,,present,,https://www.feedipedia.org/node/12371,,,review-required,,,,
CEREAL-001513,AOM_001513,Microchloa caffra,Management/Livestock Management/Feed Characteristic/Feed Composition/Feed Ingredient/Forage Plants/Cereal and Grass Forages/Microchloa caffra,Microchloa caffra,,,present,,,,,review-required,,,,
CEREAL-006236,AOM_006236,Nassella Trichotoma,Management/Livestock Management/Feed Characteristic/Feed Composition/Feed Ingredient/Forage Plants/Cereal and Grass Forages/Nassella Trichotoma,Nassella Trichotoma,,,present,,,,,review-required,,,,
CEREAL-006277,AOM_006277,Panicum Dried,Management/Livestock Management/Feed Characteristic/Feed Composition/Feed Ingredient/Forage Plants/Cereal and Grass Forages/Panicum/Panicum Dried,Panicum,,dried,present,,https://www.feedipedia.org/node/11522,,,review-required,,,,
CEREAL-003677,AOM_003677,Panicum,Management/Livestock Management/Feed Characteristic/Feed Composition/Feed Ingredient/Forage Plants/Cereal and Grass Forages/Panicum,Panicum,,,present,,https://www.feedipedia.org/node/11522,,,review-required,,,,
CEREAL-006275,AOM_006275,Panicum antidotale Dried,Management/Livestock Management/Feed Characteristic/Feed Composition/Feed Ingredient/Forage Plants/Cereal and Grass Forages/Panicum antidotale/Panicum antidotale Dried,Panicum antidotale,,dried,present,,https://www.feedipedia.org/node/11522,,,review-required,,,,
CEREAL-006275,AOM_006275,Panicum maximum Dried,Management/Livestock Management/Feed Characteristic/Feed Composition/Feed Ingredient/Forage Plants/Cereal and Grass Forages/Panicum maximum/Panicum maximum Dried,Panicum maximum,,dried,present,,,,,review-required,,,,
CEREAL-001677,AOM_001677,Panicum maximum Ensiled,Management/Livestock Management/Feed Characteristic/Feed Composition/Feed Ingredient/Forage Plants/Cereal and Grass Forages/Panicum maximum/Panicum maximum Ensiled,Panicum maximum,,ensiled,present,,,,,review-required,,,,
CEREAL-006276,AOM_006276,Panicum maximum Ensiled Wilted,Management/Livestock Management/Feed Characteristic/Feed Composition/Feed Ingredient/Forage Plants/Cereal and Grass Forages/Panicum maximum/Panicum maximum Ensiled Wilted,Panicum maximum,,ensiled;wilted,present,,https://www.feedipedia.org/node/11522,,,review-required,,,,
CEREAL-001408,AOM_001408,Panicum maximum Straw,Management/Livestock Management/Feed Characteristic/Feed Composition/Feed Ingredient/Forage Plants/Cereal and Grass Forages/Panicum maximum/Panicum maximum Straw,Panicum maximum,,,missing,,https://www.feedipedia.org/node/11523,,,review-required,,,,
CEREAL-001709,AOM_001709,Panicum maximum Wilted,Management/Livestock Management/Feed Characteristic/Feed Composition/Feed Ingredient/Forage Plants/Cereal and Grass Forages/Panicum maximum/Panicum maximum Wilted,Panicum maximum,,wilted,present,,https://www.feedipedia.org/node/11522,,,review-required,,,,
CEREAL-001407,AOM_001407,Panicum maximum,Management/Livestock Management/Feed Characteristic/Feed Composition/Feed Ingredient/Forage Plants/Cereal and Grass Forages/Panicum maximum,Panicum maximum,,,present,,https://www.feedipedia.org/node/11522,,,review-required,,,,
CEREAL-000697,AOM_000697,Natural Pasture,Management/Livestock Management/Feed Characteristic/Feed Composition/Feed Ingredient/Forage Plants/Cereal and Grass Forages/Pasture/Natural Pasture,Pasture,,,present,,,,,review-required,,,,
CEREAL-000698,AOM_000698,Natural Pasture Dried,Management/Livestock Management/Feed Characteristic/Feed Composition/Feed Ingredient/Forage Plants/Cereal and Grass Forages/Pasture/Natural Pasture/Natural Pasture Dried,Pasture,,dried,present,,,,,review-required,,,,
CEREAL-001789,AOM_001789,Pasture,Management/Livestock Management/Feed Characteristic/Feed Composition/Feed Ingredient/Forage Plants/Cereal and Grass Forages/Pasture,Pasture,,,present,,,,,review-required,,,,
CEREAL-006280,AOM_006280,Pennisetum Dried,Management/Livestock Management/Feed Characteristic/Feed Composition/Feed Ingredient/Forage Plants/Cereal and Grass Forages/Pennisetum/Pennisetum Dried,Pennisetum,,dried,present,,,,,review-required,,,,
CEREAL-001443,AOM_001443,Pennisetum,Management/Livestock Management/Feed Characteristic/Feed Composition/Feed Ingredient/Forage Plants/Cereal and Grass Forages/Pennisetum,Pennisetum,,,present,,,,,review-required,,,,
CEREAL-001713,AOM_001713,Pennisetum clandestinum Dried,Management/Livestock Management/Feed Characteristic/Feed Composition/Feed Ingredient/Forage Plants/Cereal and Grass Forages/Pennisetum clandestinum/Pennisetum clandestinum Dried,Pennisetum clandestinum,,dried,present,,https://www.feedipedia.org/node/12233,,,review-required,,,,
CEREAL-001714,AOM_001714,Pennisetum clandestinum Dried Ground,Management/Livestock Management/Feed Characteristic/Feed Composition/Feed Ingredient/Forage Plants/Cereal and Grass Forages/Pennisetum clandestinum/Pennisetum clandestinum Dried Ground,Pennisetum clandestinum,,dried;ground,present,,https://www.feedipedia.org/node/12233,,,review-required,,,,
CEREAL-001410,AOM_001410,Pennisetum clandestinum Ensiled,Management/Livestock Management/Feed Characteristic/Feed Composition/Feed Ingredient/Forage Plants/Cereal and Grass Forages/Pennisetum clandestinum/Pennisetum clandestinum Ensiled,Pennisetum clandestinum,,ensiled,present,,,,,review-required,,,,
CEREAL-001411,AOM_001411,Pennisetum clandestinum Ground,Management/Livestock Management/Feed Characteristic/Feed Composition/Feed Ingredient/Forage Plants/Cereal and Grass Forages/Pennisetum clandestinum/Pennisetum clandestinum Ground,Pennisetum clandestinum,,ground,present,,https://www.feedipedia.org/node/12233,,,review-required,,,,
CEREAL-001966,AOM_001966,Pennisetum clandestinum Leaves Dried Ground,Management/Livestock Management/Feed Characteristic/Feed Composition/Feed Ingredient/Forage Plants/Cereal and Grass Forages/Pennisetum clandestinum/Pennisetum clandestinum Leaves/Pennisetum clandestinum Leaves Dried Ground,Pennisetum clandestinum,,dried;ground,present,,https://www.feedipedia.org/node/12233,,,review-required,,,,
CEREAL-002040,AOM_002040,Pennisetum clandestinum Leaves,Management/Livestock Management/Feed Characteristic/Feed Composition/Feed Ingredient/Forage Plants/Cereal and Grass Forages/Pennisetum clandestinum/Pennisetum clandestinum Leaves,Pennisetum clandestinum,,,present,,https://www.feedipedia.org/node/12232,,,review-required,,,,
CEREAL-001409,AOM_001409,Pennisetum clandestinum,Management/Livestock Management/Feed Characteristic/Feed Composition/Feed Ingredient/Forage Plants/Cereal and Grass Forages/Pennisetum clandestinum,Pennisetum clandestinum,,,present,,https://www.feedipedia.org/node/12233,,,review-required,,,,
CEREAL-001412,AOM_001412,Pennisetum mezianum,Management/Livestock Management/Feed Characteristic/Feed Composition/Feed Ingredient/Forage Plants/Cereal and Grass Forages/Pennisetum mezianum,Pennisetum mezianum,,,present,,,,,review-required,,,,
CEREAL-001717,AOM_001717,Pennisetum pedicellatum Dried,Management/Livestock Management/Feed Characteristic/Feed Composition/Feed Ingredient/Forage Plants/Cereal and Grass Forages/Pennisetum pedicellatum/Pennisetum pedicellatum Dried,Pennisetum pedicellatum,,dried,present,,https://www.feedipedia.org/node/12865,,,review-required,,,,
CEREAL-001718,AOM_001718,Pennisetum pedicellatum Dried Ground,Management/Livestock Management/Feed Characteristic/Feed Composition/Feed Ingredient/Forage Plants/Cereal and Grass Forages/Pennisetum pedicellatum/Pennisetum pedicellatum Dried Ground,Pennisetum pedicellatum,,dried;ground,present,,https://www.feedipedia.org/node/12865,,,review-required,,,,
CEREAL-001413,AOM_001413,Pennisetum pedicellatum,Management/Livestock Management/Feed Characteristic/Feed Composition/Feed Ingredient/Forage Plants/Cereal and Grass Forages/Pennisetum pedicellatum,Pennisetum pedicellatum,,,present,,https://www.feedipedia.org/node/12377,,,review-required,,,,
CEREAL-001441,AOM_001441,Pennisetum petiolar,Management/Livestock Management/Feed Characteristic/Feed Composition/Feed Ingredient/Forage Plants/Cereal and Grass Forages/Pennisetum petiolar,Pennisetum petiolar,,,present,,,,,review-required,,,,
CEREAL-000689,AOM_000689,Pennisetum purpureum,Management/Livestock Management/Feed Characteristic/Feed Composition/Feed Ingredient/Forage Plants/Cereal and Grass Forages/Pennisetum purpureum,Pennisetum purpureum,,,present,,https://www.feedipedia.org/node/12365,http://aims.fao.org/aos/agrovoc/c_5677,,review-required,,,,
CEREAL-001721,AOM_001721,Pennisetum purpureum Dried,Management/Livestock Management/Feed Characteristic/Feed Composition/Feed Ingredient/Forage Plants/Cereal and Grass Forages/Pennisetum purpureum/Pennisetum purpureum Dried,Pennisetum purpureum,,dried,present,,https://www.feedipedia.org/node/12366,,,review-required,,,,
CEREAL-001681,AOM_001681,Pennisetum purpureum Dried Ground,Management/Livestock Management/Feed Characteristic/Feed Composition/Feed Ingredient/Forage Plants/Cereal and Grass Forages/Pennisetum purpureum/Pennisetum purpureum Dried Ground,Pennisetum purpureum,,dried;ground,present,,https://www.feedipedia.org/node/12366,,,review-required,,,,
CEREAL-006279,AOM_006279,Pennisetum purpureum Ensiled,Management/Livestock Management/Feed Characteristic/Feed Composition/Feed Ingredient/Forage Plants/Cereal and Grass Forages/Pennisetum purpureum/Pennisetum purpureum Ensiled,Pennisetum purpureum,,ensiled,present,,https://www.feedipedia.org/node/12366,,,review-required,,,,
CEREAL-001720,AOM_001720,Pennisetum purpureum Ground,Management/Livestock Management/Feed Characteristic/Feed Composition/Feed Ingredient/Forage Plants/Cereal and Grass Forages/Pennisetum purpureum/Pennisetum purpureum Ground,Pennisetum purpureum,,ground,present,,https://www.feedipedia.org/node/12366,,,review-required,,,,
CEREAL-006141,AOM_006141,Pennisetum purpureum Wilted,Management/Livestock Management/Feed Characteristic/Feed Composition/Feed Ingredient/Forage Plants/Cereal and Grass Forages/Pennisetum purpureum/Pennisetum purpureum Wilted,Pennisetum purpureum,,wilted,present,,,,,review-required,,,,
CEREAL-001444,AOM_001444,Pennisetum villosum,Management/Livestock Management/Feed Characteristic/Feed Composition/Feed Ingredient/Forage Plants/Cereal and Grass Forages/Pennisetum villosum,Pennisetum villosum,,,present,,,,,review-required,,,,
CEREAL-001445,AOM_001445,Phalaris aquatica,Management/Livestock Management/Feed Characteristic/Feed Composition/Feed Ingredient/Forage Plants/Cereal and Grass Forages/Phalaris aquatica,Phalaris aquatica,,,present,,https://www.feedipedia.org/node/11901,,,review-required,,,,
CEREAL-001854,AOM_001854,Plantago albicans,Management/Livestock Management/Feed Characteristic/Feed Composition/Feed Ingredient/Forage Plants/Cereal and Grass Forages/Plantago albicans,Plantago albicans,,,present,,,,,review-required,,,,
CEREAL-001855,AOM_001855,Poaceae,Management/Livestock Management/Feed Characteristic/Feed Composition/Feed Ingredient/Forage Plants/Cereal and Grass Forages/Poaceae,Poaceae,,,present,,,,,review-required,,,,
CEREAL-001514,AOM_001514,Pogonarthria squarrosa,Management/Livestock Management/Feed Characteristic/Feed Composition/Feed Ingredient/Forage Plants/Cereal and Grass Forages/Pogonarthria squarrosa,Pogonarthria squarrosa,,,present,,,,,review-required,,,,
CEREAL-002132,AOM_002132,Rottboellia cochinchinensis,Management/Livestock Management/Feed Characteristic/Feed Composition/Feed Ingredient/Forage Plants/Cereal and Grass Forages/Rottboellia cochinchinensis,Rottboellia cochinchinensis,,,present,,https://www.feedipedia.org/node/11528,,,review-required,,,,
CEREAL-001689,AOM_001689,Schizachyrium exile Urea Treated,Management/Livestock Management/Feed Characteristic/Feed Composition/Feed Ingredient/Forage Plants/Cereal and Grass Forages/Schizachyrium exile/Schizachyrium exile Urea Treated,Schizachyrium exile,,urea treated,present,,,,,review-required,,,,
CEREAL-001516,AOM_001516,Schizachyrium exile,Management/Livestock Management/Feed Characteristic/Feed Composition/Feed Ingredient/Forage Plants/Cereal and Grass Forages/Schizachyrium exile,Schizachyrium exile,,,present,,,,,review-required,,,,
CEREAL-001517,AOM_001517,Schizachyrium jeffreysii,Management/Livestock Management/Feed Characteristic/Feed Composition/Feed Ingredient/Forage Plants/Cereal and Grass Forages/Schizachyrium jeffreysii,Schizachyrium jeffreysii,,,present,,,,,review-required,,,,
CEREAL-001692,AOM_001692,Schoenefeldia gracilis Dried,Management/Livestock Management/Feed Characteristic/Feed Composition/Feed Ingredient/Forage Plants/Cereal and Grass Forages/Schoenefeldia gracilis/Schoenefeldia gracilis Dried,Schoenefeldia gracilis,,dried,present,,,,,review-required,,,,
CEREAL-001518,AOM_001518,Schoenefeldia gracilis,Management/Livestock Management/Feed Characteristic/Feed Composition/Feed Ingredient/Forage Plants/Cereal and Grass Forages/Schoenefeldia gracilis,Schoenefeldia gracilis,,,present,,,,,review-required,,,,
CEREAL-006315,AOM_006315,Sorghum sudanense Dried,Management/Livestock Management/Feed Characteristic/Feed Composition/Feed Ingredient/Forage Plants/Cereal and Grass Forages/Sorghum sudanense/Sorghum sudanense Dried,Sorghum sudanense,,dried,present,sudan grass,https://www.feedipedia.org/node/11534,,,review-required,,,,
CEREAL-001446,AOM_001446,Sorghum sudanense,Management/Livestock Management/Feed Characteristic/Feed Composition/Feed Ingredient/Forage Plants/Cereal and Grass Forages/Sorghum sudanense,Sorghum sudanense,,,present,sudan grass,https://www.feedipedia.org/node/11534,,,review-required,,,,
CEREAL-006272,AOM_006272,Sporobolus natalensis Dried,Management/Livestock Management/Feed Characteristic/Feed Composition/Feed Ingredient/Forage Plants/Cereal and Grass Forages/Sporobolus natalensis/Sporobolus natalensis Dried,Sporobolus natalensis,,dried,present,,,,,review-required,,,,
CEREAL-001448,AOM_001448,Sporobolus natalensis,Management/Livestock Management/Feed Characteristic/Feed Composition/Feed Ingredient/Forage Plants/Cereal and Grass Forages/Sporobolus natalensis,Sporobolus natalensis,,,present,,,,,review-required,,,,
CEREAL-001449,AOM_001449,Sporobolus panicoides,Management/Livestock Management/Feed Characteristic/Feed Composition/Feed Ingredient/Forage Plants/Cereal and Grass Forages/Sporobolus panicoides,Sporobolus panicoides,,,present,,,,,review-required,,,,
CEREAL-001900,AOM_001900,Stereochlaena cameronii,Management/Livestock Management/Feed Characteristic/Feed Composition/Feed Ingredient/Forage Plants/Cereal and Grass Forages/Stereochlaena cameronii,Stereochlaena cameronii,,,present,,,,,review-required,,,,
CEREAL-001520,AOM_001520,Stipa parviflora,Management/Livestock Management/Feed Characteristic/Feed Composition/Feed Ingredient/Forage Plants/Cereal and Grass Forages/Stipa parviflora,Stipa parviflora,,,present,,,,,review-required,,,,
CEREAL-001743,AOM_001743,Stipa tenacissima Dried,Management/Livestock Management/Feed Characteristic/Feed Composition/Feed Ingredient/Forage Plants/Cereal and Grass Forages/Stipa tenacissima/Stipa tenacissima Dried,Stipa tenacissima,,dried,present,,,,,review-required,,,,
CEREAL-001521,AOM_001521,Stipa tenacissima,Management/Livestock Management/Feed Characteristic/Feed Composition/Feed Ingredient/Forage Plants/Cereal and Grass Forages/Stipa tenacissima,Stipa tenacissima,,,present,,,,,review-required,,,,
CEREAL-006257,AOM_006257,Themeda triandra Dried Ground,Management/Livestock Management/Feed Characteristic/Feed Composition/Feed Ingredient/Forage Plants/Cereal and Grass Forages/Themeda triandra/Themeda triandra Dried Ground,Themeda triandra,,dried;ground,present,,https://www.feedipedia.org/node/12881,,,review-required,,,,
CEREAL-006256,AOM_006256,Themeda triandra Ground,Management/Livestock Management/Feed Characteristic/Feed Composition/Feed Ingredient/Forage Plants/Cereal and Grass Forages/Themeda triandra/Themeda triandra Ground,Themeda triandra,,ground,present,,https://www.feedipedia.org/node/12881,,,review-required,,,,
CEREAL-001450,AOM_001450,Themeda triandra,Management/Livestock Management/Feed Characteristic/Feed Composition/Feed Ingredient/Forage Plants/Cereal and Grass Forages/Themeda triandra,Themeda triandra,,,present,,https://www.feedipedia.org/node/12881,,,review-required,,,,
CEREAL-001522,AOM_001522,Tripsacum,Management/Livestock Management/Feed Characteristic/Feed Composition/Feed Ingredient/Forage Plants/Cereal and Grass Forages/Tripsacum,Tripsacum,,,present,,,,,review-required,,,,
CEREAL-001523,AOM_001523,Tripsacum laxum,Management/Livestock Management/Feed Characteristic/Feed Composition/Feed Ingredient/Forage Plants/Cereal and Grass Forages/Tripsacum laxum,Tripsacum laxum,,,present,,https://www.feedipedia.org/node/12169,,,review-required,,,,
CEREAL-006251,AOM_006251,Tristachya leucothrix Ground,Management/Livestock Management/Feed Characteristic/Feed Composition/Feed Ingredient/Forage Plants/Cereal and Grass Forages/Tristachya leucothrix/Tristachya leucothrix Ground,Tristachya leucothrix,,ground,present,,,,,review-required,,,,
CEREAL-003104,AOM_003104,Tristachya leucothrix,Management/Livestock Management/Feed Characteristic/Feed Composition/Feed Ingredient/Forage Plants/Cereal and Grass Forages/Tristachya leucothrix,Tristachya leucothrix,,,present,,,,,review-required,,,,
CEREAL-001452,AOM_001452,Triticale,Management/Livestock Management/Feed Characteristic/Feed Composition/Feed Ingredient/Forage Plants/Cereal and Grass Forages/Triticale,Triticale,,,present,,https://www.feedipedia.org/node/12800,,,review-required,,,,
CEREAL-001455,AOM_001455,Triticum,Management/Livestock Management/Feed Characteristic/Feed Composition/Feed Ingredient/Forage Plants/Cereal and Grass Forages/Triticum,Triticum,,,present,,https://www.feedipedia.org/node/12761,,,review-required,,,,
CEREAL-006250,AOM_006250,Typha domingensis Ensiled Wilted,Management/Livestock Management/Feed Characteristic/Feed Composition/Feed Ingredient/Forage Plants/Cereal and Grass Forages/Typha domingensis/Typha domingensis Ensiled Wilted,Typha domingensis,,ensiled;wilted,present,,,,,review-required,,,,
CEREAL-003931,AOM_003931,Typha domingensis,Management/Livestock Management/Feed Characteristic/Feed Composition/Feed Ingredient/Forage Plants/Cereal and Grass Forages/Typha domingensis,Typha domingensis,,,present,,,,,review-required,,,,
CEREAL-001912,AOM_001912,Unspecified Grass,Management/Livestock Management/Feed Characteristic/Feed Composition/Feed Ingredient/Forage Plants/Cereal and Grass Forages/Unspecified Grass,Unspecified Grass,,,present,,,,,review-required,,,,
CEREAL-001911,AOM_001911,Unspecified Grass Dried,Management/Livestock Management/Feed Characteristic/Feed Composition/Feed Ingredient/Forage Plants/Cereal and Grass Forages/Unspecified Grass/Unspecified Grass Dried,Unspecified Grass,,dried,present,,,,,review-required,,,,
CEREAL-001910,AOM_001910,Unspecified Grass Dried Ground,Management/Livestock Management/Feed Characteristic/Feed Composition/Feed Ingredient/Forage Plants/Cereal and Grass Forages/Unspecified Grass/Unspecified Grass Dried Ground,Unspecified Grass,,dried;ground,present,,,,,review-required,,,,
CEREAL-006242,AOM_006242,Unspecified Grass Urea Treated,Management/Livestock Management/Feed Characteristic/Feed Composition/Feed Ingredient/Forage Plants/Cereal and Grass Forages/Unspecified Grass/Unspecified Grass Urea Treated,Unspecified Grass,,urea treated,present,,,,,review-required,,,,
CEREAL-006252,AOM_006252,Unspecified Grass Urea Treated Dried,Management/Livestock Management/Feed Characteristic/Feed Composition/Feed Ingredient/Forage Plants/Cereal and Grass Forages/Unspecified Grass/Unspecified Grass Urea Treated Dried,Unspecified Grass,,dried;urea treated,present,,,,,review-required,,,,
CEREAL-000700,AOM_000700,Unspecified Grazing,Management/Livestock Management/Feed Characteristic/Feed Composition/Feed Ingredient/Forage Plants/Cereal and Grass Forages/Unspecified Grazing,Unspecified Grazing,,,present,,,,,review-required,,,,
CEREAL-001454,AOM_001454,Urochloa mosambicensis Dried,Management/Livestock Management/Feed Characteristic/Feed Composition/Feed Ingredient/Forage Plants/Cereal and Grass Forages/Urochloa mosambicensis/Urochloa mosambicensis Dried,Urochloa mosambicensis,,dried,present,,https://www.feedipedia.org/node/12545,,,review-required,,,,
CEREAL-001453,AOM_001453,Urochloa mosambicensis,Management/Livestock Management/Feed Characteristic/Feed Composition/Feed Ingredient/Forage Plants/Cereal and Grass Forages/Urochloa mosambicensis,Urochloa mosambicensis,,,present,,https://www.feedipedia.org/node/12544,,,review-required,,,,
