feed_material_id,feed_material_label,target_property,target_concept_id,target_label,review_axis,recommended_disposition,status,reviewer,review_date,evidence,rationale,rule_id
AOM_001326,Whole-crop maize silage,aom:compositionState,AOM_101086,Whole-crop composition,composition,move-to-component-integrity,approved,Pete Steward,2026-08-05,review/livestock-v4/MAIZE_IDENTITY_REVIEW.md,Canonical occurrences and public feed authorities identify maize silage as whole-crop material.,
AOM_000656,Ground whole-grain rice,aom:compositionState,AOM_101110,Whole-grain composition,composition,move-to-component-integrity,approved,Pete Steward,2026-08-05,docs/decisions/0018-whole-grain-integrity.md,Whole rice retains grain fractions while grinding remains an independent process.,
AOM_000660,Ground whole-grain wheat,aom:compositionState,AOM_101110,Whole-grain composition,composition,move-to-component-integrity,approved,Pete Steward,2026-08-05,docs/decisions/0018-whole-grain-integrity.md,Whole wheat retains grain fractions while grinding remains an independent process.,
AOM_001313,Whole-grain maize,aom:compositionState,AOM_101110,Whole-grain composition,composition,move-to-component-integrity,approved,Pete Steward,2026-08-05,docs/decisions/0018-whole-grain-integrity.md,Crop-product context distinguishes whole-grain maize from source maize and whole-crop silage.,
AOM_001324,Ground whole-grain maize,aom:compositionState,AOM_101110,Whole-grain composition,composition,move-to-component-integrity,approved,Pete Steward,2026-08-05,docs/decisions/0018-whole-grain-integrity.md,Whole-grain integrity and grinding are independent assertions.,
AOM_000555,Whole Milk,aom:compositionState,AOM_101116,Whole-milk composition,composition,hold-for-cohort-e,approved,Pete Steward,2026-08-06,docs/decisions/0020-ingredient-semantic-closure.md,Whole milk denotes composition rather than physical wholeness.,
AOM_000611,Soybean Full Fat Cake,aom:compositionState,AOM_101134,Native-fat-retained composition,composition,hold-for-cohort-e,approved,Pete Steward,2026-08-06,0141;2191;http://aims.fao.org/aos/agrovoc/c_16043;http://purl.obolibrary.org/obo/NCBITaxon_3847;wfo-0000181462,Explicit descriptor “full fat” mapped through hard-tail decision AOM_000611; assertion 1.,
AOM_001317,Soybean Full Fat,aom:compositionState,AOM_101134,Native-fat-retained composition,composition,hold-for-cohort-e,approved,Pete Steward,2026-08-06,era_master_sheet.xlsx#AOM;review/livestock-v20/final_definition_tail_register.csv,Explicit descriptor “full fat” mapped through hard-tail decision AOM_001317; assertion 1.,
AOM_001359,Onion Bulb,aom:ingredientPart,AOM_101024,Bulb,material-component,move-under-plant-anatomy,approved,Pete Steward,2026-08-06,01253;http://purl.obolibrary.org/obo/NCBITaxon_4679;wfo-0000755919,Explicit descriptor “bulb” mapped through hard-tail decision AOM_001359; assertion 1.,
AOM_001914,Opuntia ficus indica Cladode,aom:ingredientPart,AOM_101025,Cladode,material-component,move-under-plant-anatomy,approved,Pete Steward,2026-08-06,https://www.feedipedia.org/node/11595,Explicit descriptor “cladode” mapped through hard-tail decision AOM_001914; assertion 1.,
AOM_002154,Opuntia stricta Cladode,aom:ingredientPart,AOM_101025,Cladode,material-component,move-under-plant-anatomy,approved,Pete Steward,2026-08-06,http://purl.obolibrary.org/obo/NCBITaxon_701516;wfo-0000385755,Explicit descriptor “cladode” mapped through hard-tail decision AOM_002154; assertion 1.,
AOM_000569,Maize Cob,aom:ingredientPart,AOM_101026,Cob,material-component,move-under-plant-anatomy,approved-generated,Pete Steward,2026-08-05,data/livestock-staging/approved_ingredient_harmonization_rules.csv,Generated from approved rule under recorded guard; legacy material identity preserved.,COMPONENT-COB
AOM_001943,Maize Cob Ensiled,aom:ingredientPart,AOM_101026,Cob,material-component,move-under-plant-anatomy,approved-generated,Pete Steward,2026-08-05,data/livestock-staging/approved_ingredient_harmonization_rules.csv,Generated from approved rule under recorded guard; legacy material identity preserved.,COMPONENT-COB
AOM_002083,Maize Cob Ensiled Urea Treated,aom:ingredientPart,AOM_101026,Cob,material-component,move-under-plant-anatomy,approved-generated,Pete Steward,2026-08-05,data/livestock-staging/approved_ingredient_harmonization_rules.csv,Generated from approved rule under recorded guard; legacy material identity preserved.,COMPONENT-COB
AOM_006071,Maize Cob Ground,aom:ingredientPart,AOM_101026,Cob,material-component,move-under-plant-anatomy,approved-generated,Pete Steward,2026-08-05,data/livestock-staging/approved_ingredient_harmonization_rules.csv,Generated from approved rule under recorded guard; legacy material identity preserved.,COMPONENT-COB
AOM_006218,Maize Cob Enzyme Treated Ground,aom:ingredientPart,AOM_101026,Cob,material-component,move-under-plant-anatomy,approved-generated,Pete Steward,2026-08-05,data/livestock-staging/approved_ingredient_harmonization_rules.csv,Generated from approved rule under recorded guard; legacy material identity preserved.,COMPONENT-COB
AOM_001818,Ensete ventricosum Corm,aom:ingredientPart,AOM_101027,Corm,material-component,move-under-plant-anatomy,approved,Pete Steward,2026-08-06,https://www.feedipedia.org/node/22889,Explicit descriptor “corm” mapped through hard-tail decision AOM_001818; assertion 1.,
AOM_000664,Ripe Avocado,aom:ingredientPart,AOM_101028,Fruit,material-component,move-under-plant-anatomy,approved,Pete Steward,2026-08-06,era_master_sheet.xlsx#AOM;review/livestock-v23/final_tail_cohort.csv,Explicit descriptor “avocado” mapped through hard-tail decision AOM_000664; assertion 1.,
AOM_001603,Acacia tortilis Fruits,aom:ingredientPart,AOM_101028,Fruit,material-component,move-under-plant-anatomy,approved,Pete Steward,2026-08-06,http://aims.fao.org/aos/agrovoc/c_50;http://purl.obolibrary.org/obo/NCBITaxon_138046;wfo-0001428832,Explicit descriptor “fruits” mapped through hard-tail decision AOM_001603; assertion 1.,
AOM_001654,Dichrostachys cinerea Fruits,aom:ingredientPart,AOM_101028,Fruit,material-component,move-under-plant-anatomy,approved,Pete Steward,2026-08-06,http://purl.obolibrary.org/obo/NCBITaxon_196665;wfo-0000195972,Explicit descriptor “fruits” mapped through hard-tail decision AOM_001654; assertion 1.,
AOM_001761,Acacia etbaica Fruits,aom:ingredientPart,AOM_101028,Fruit,material-component,move-under-plant-anatomy,approved,Pete Steward,2026-08-06,http://aims.fao.org/aos/agrovoc/c_1323858907498;http://purl.obolibrary.org/obo/NCBITaxon_546664;wfo-0000195087,Explicit descriptor “fruits” mapped through hard-tail decision AOM_001761; assertion 1.,
AOM_001848,Ficus sur Fruits,aom:ingredientPart,AOM_101028,Fruit,material-component,move-under-plant-anatomy,approved,Pete Steward,2026-08-06,http://purl.obolibrary.org/obo/NCBITaxon_100575;wfo-0000690530,Explicit descriptor “fruits” mapped through hard-tail decision AOM_001848; assertion 1.,
AOM_002111,Opuntia ficus indica Fruits,aom:ingredientPart,AOM_101028,Fruit,material-component,move-under-plant-anatomy,approved,Pete Steward,2026-08-06,01919.9;http://purl.obolibrary.org/obo/NCBITaxon_371859;wfo-0000385761,Explicit descriptor “fruits” mapped through hard-tail decision AOM_002111; assertion 1.,
AOM_000605,Groundnut Hull,aom:ingredientPart,AOM_101030,Hull,material-component,hold-exact-anatomical-scope,approved,Pete Steward,2026-08-06,https://www.feedipedia.org/node/12155,Explicit descriptor “hull” mapped through hard-tail decision AOM_000605; assertion 1.,
AOM_000576,Rice Husk,aom:ingredientPart,AOM_101031,Husk,material-component,hold-exact-anatomical-scope,approved-generated,Pete Steward,2026-08-05,data/livestock-staging/approved_ingredient_harmonization_rules.csv,Generated from approved rule under recorded guard; legacy material identity preserved.,COMPONENT-HUSK
AOM_000602,Cowpea Husk,aom:ingredientPart,AOM_101031,Husk,material-component,hold-exact-anatomical-scope,approved-generated,Pete Steward,2026-08-05,data/livestock-staging/approved_ingredient_harmonization_rules.csv,Generated from approved rule under recorded guard; legacy material identity preserved.,COMPONENT-HUSK
AOM_000606,Groundnut Husk Ground,aom:ingredientPart,AOM_101031,Husk,material-component,hold-exact-anatomical-scope,approved-generated,Pete Steward,2026-08-05,data/livestock-staging/approved_ingredient_harmonization_rules.csv,Generated from approved rule under recorded guard; legacy material identity preserved.,COMPONENT-HUSK
AOM_001183,Cocoa Pods Husk,aom:ingredientPart,AOM_101031,Husk,material-component,hold-exact-anatomical-scope,approved-generated,Pete Steward,2026-08-05,data/livestock-staging/approved_ingredient_harmonization_rules.csv,Generated from approved rule under recorded guard; legacy material identity preserved.,COMPONENT-HUSK
AOM_001184,Cocoa Pods Husk Ground,aom:ingredientPart,AOM_101031,Husk,material-component,hold-exact-anatomical-scope,approved-generated,Pete Steward,2026-08-05,data/livestock-staging/approved_ingredient_harmonization_rules.csv,Generated from approved rule under recorded guard; legacy material identity preserved.,COMPONENT-HUSK
AOM_001299,Maize Husk,aom:ingredientPart,AOM_101031,Husk,material-component,hold-exact-anatomical-scope,approved-generated,Pete Steward,2026-08-05,data/livestock-staging/approved_ingredient_harmonization_rules.csv,Generated from approved rule under recorded guard; legacy material identity preserved.,COMPONENT-HUSK
AOM_001619,Rice Husk Dried Urea Treated,aom:ingredientPart,AOM_101031,Husk,material-component,hold-exact-anatomical-scope,approved-generated,Pete Steward,2026-08-05,data/livestock-staging/approved_ingredient_harmonization_rules.csv,Generated from approved rule under recorded guard; legacy material identity preserved.,COMPONENT-HUSK
AOM_001942,Maize Husk Dried Ground,aom:ingredientPart,AOM_101031,Husk,material-component,hold-exact-anatomical-scope,approved-generated,Pete Steward,2026-08-05,data/livestock-staging/approved_ingredient_harmonization_rules.csv,Generated from approved rule under recorded guard; legacy material identity preserved.,COMPONENT-HUSK
AOM_002012,Cocoa Pods Husk Boiled Dried Ground,aom:ingredientPart,AOM_101031,Husk,material-component,hold-exact-anatomical-scope,approved-generated,Pete Steward,2026-08-05,data/livestock-staging/approved_ingredient_harmonization_rules.csv,Generated from approved rule under recorded guard; legacy material identity preserved.,COMPONENT-HUSK
AOM_002019,Cowpea Husk Ground,aom:ingredientPart,AOM_101031,Husk,material-component,hold-exact-anatomical-scope,approved-generated,Pete Steward,2026-08-05,data/livestock-staging/approved_ingredient_harmonization_rules.csv,Generated from approved rule under recorded guard; legacy material identity preserved.,COMPONENT-HUSK
AOM_002233,Melon Seed Husk,aom:ingredientPart,AOM_101031,Husk,material-component,hold-exact-anatomical-scope,approved-generated,Pete Steward,2026-08-05,data/livestock-staging/approved_ingredient_harmonization_rules.csv,Generated from approved rule under recorded guard; legacy material identity preserved.,COMPONENT-HUSK
AOM_002339,Sorghum Husk,aom:ingredientPart,AOM_101031,Husk,material-component,hold-exact-anatomical-scope,approved-generated,Pete Steward,2026-08-05,data/livestock-staging/approved_ingredient_harmonization_rules.csv,Generated from approved rule under recorded guard; legacy material identity preserved.,COMPONENT-HUSK
AOM_006067,Cocoa Pods Husk Ensiled Dried Urea Treated,aom:ingredientPart,AOM_101031,Husk,material-component,hold-exact-anatomical-scope,approved-generated,Pete Steward,2026-08-05,data/livestock-staging/approved_ingredient_harmonization_rules.csv,Generated from approved rule under recorded guard; legacy material identity preserved.,COMPONENT-HUSK
AOM_006079,Cowpea Husk Crushed,aom:ingredientPart,AOM_101031,Husk,material-component,hold-exact-anatomical-scope,approved-generated,Pete Steward,2026-08-05,data/livestock-staging/approved_ingredient_harmonization_rules.csv,Generated from approved rule under recorded guard; legacy material identity preserved.,COMPONENT-HUSK
AOM_006130,Melon Seed Husk Ground,aom:ingredientPart,AOM_101031,Husk,material-component,hold-exact-anatomical-scope,approved-generated,Pete Steward,2026-08-05,data/livestock-staging/approved_ingredient_harmonization_rules.csv,Generated from approved rule under recorded guard; legacy material identity preserved.,COMPONENT-HUSK
AOM_006187,Rice Husk Ensiled,aom:ingredientPart,AOM_101031,Husk,material-component,hold-exact-anatomical-scope,approved-generated,Pete Steward,2026-08-05,data/livestock-staging/approved_ingredient_harmonization_rules.csv,Generated from approved rule under recorded guard; legacy material identity preserved.,COMPONENT-HUSK
AOM_006188,Rice Husk Fermented,aom:ingredientPart,AOM_101031,Husk,material-component,hold-exact-anatomical-scope,approved-generated,Pete Steward,2026-08-05,data/livestock-staging/approved_ingredient_harmonization_rules.csv,Generated from approved rule under recorded guard; legacy material identity preserved.,COMPONENT-HUSK
AOM_006299,Rice Husk Enzyme Treated,aom:ingredientPart,AOM_101031,Husk,material-component,hold-exact-anatomical-scope,approved-generated,Pete Steward,2026-08-05,data/livestock-staging/approved_ingredient_harmonization_rules.csv,Generated from approved rule under recorded guard; legacy material identity preserved.,COMPONENT-HUSK
AOM_006312,Sorghum Husk Urea Treated,aom:ingredientPart,AOM_101031,Husk,material-component,hold-exact-anatomical-scope,approved-generated,Pete Steward,2026-08-05,data/livestock-staging/approved_ingredient_harmonization_rules.csv,Generated from approved rule under recorded guard; legacy material identity preserved.,COMPONENT-HUSK
AOM_000625,Palm Kernel Ground,aom:ingredientPart,AOM_101032,Kernel,material-component,hold-exact-anatomical-scope,approved-generated,Pete Steward,2026-08-05,data/livestock-staging/approved_ingredient_harmonization_rules.csv,Generated from approved rule under recorded guard; legacy material identity preserved.,COMPONENT-KERNEL
AOM_001154,Jatropha curcas Kernel,aom:ingredientPart,AOM_101032,Kernel,material-component,hold-exact-anatomical-scope,approved-generated,Pete Steward,2026-08-05,data/livestock-staging/approved_ingredient_harmonization_rules.csv,Generated from approved rule under recorded guard; legacy material identity preserved.,COMPONENT-KERNEL
AOM_001155,Jatropha curcas Kernel Ground,aom:ingredientPart,AOM_101032,Kernel,material-component,hold-exact-anatomical-scope,approved-generated,Pete Steward,2026-08-05,data/livestock-staging/approved_ingredient_harmonization_rules.csv,Generated from approved rule under recorded guard; legacy material identity preserved.,COMPONENT-KERNEL
AOM_001625,Mango Seed Kernel,aom:ingredientPart,AOM_101032,Kernel,material-component,hold-exact-anatomical-scope,approved-generated,Pete Steward,2026-08-05,data/livestock-staging/approved_ingredient_harmonization_rules.csv,Generated from approved rule under recorded guard; legacy material identity preserved.,COMPONENT-KERNEL
AOM_001638,Palm Kernel Cake,aom:ingredientPart,AOM_101032,Kernel,material-component,hold-exact-anatomical-scope,approved-generated,Pete Steward,2026-08-05,data/livestock-staging/approved_ingredient_harmonization_rules.csv,Generated from approved rule under recorded guard; legacy material identity preserved.,COMPONENT-KERNEL
AOM_001694,Mango Seed Kernel Dried Ground,aom:ingredientPart,AOM_101032,Kernel,material-component,hold-exact-anatomical-scope,approved-generated,Pete Steward,2026-08-05,data/livestock-staging/approved_ingredient_harmonization_rules.csv,Generated from approved rule under recorded guard; legacy material identity preserved.,COMPONENT-KERNEL
AOM_001695,Mango Seed Kernel Crushed Dried,aom:ingredientPart,AOM_101032,Kernel,material-component,hold-exact-anatomical-scope,approved-generated,Pete Steward,2026-08-05,data/livestock-staging/approved_ingredient_harmonization_rules.csv,Generated from approved rule under recorded guard; legacy material identity preserved.,COMPONENT-KERNEL
AOM_001708,Palm Kernel Dried Ground,aom:ingredientPart,AOM_101032,Kernel,material-component,hold-exact-anatomical-scope,approved-generated,Pete Steward,2026-08-05,data/livestock-staging/approved_ingredient_harmonization_rules.csv,Generated from approved rule under recorded guard; legacy material identity preserved.,COMPONENT-KERNEL
AOM_001888,Mango Seed Kernel Ground,aom:ingredientPart,AOM_101032,Kernel,material-component,hold-exact-anatomical-scope,approved-generated,Pete Steward,2026-08-05,data/livestock-staging/approved_ingredient_harmonization_rules.csv,Generated from approved rule under recorded guard; legacy material identity preserved.,COMPONENT-KERNEL
AOM_001969,Jatropha curcas Kernel Dried Ground,aom:ingredientPart,AOM_101032,Kernel,material-component,hold-exact-anatomical-scope,approved-generated,Pete Steward,2026-08-05,data/livestock-staging/approved_ingredient_harmonization_rules.csv,Generated from approved rule under recorded guard; legacy material identity preserved.,COMPONENT-KERNEL
AOM_002104,Palm Kernel Cake Ground,aom:ingredientPart,AOM_101032,Kernel,material-component,hold-exact-anatomical-scope,approved-generated,Pete Steward,2026-08-05,data/livestock-staging/approved_ingredient_harmonization_rules.csv,Generated from approved rule under recorded guard; legacy material identity preserved.,COMPONENT-KERNEL
AOM_002105,Palm Kernel Cake Dried Fermented Ground,aom:ingredientPart,AOM_101032,Kernel,material-component,hold-exact-anatomical-scope,approved-generated,Pete Steward,2026-08-05,data/livestock-staging/approved_ingredient_harmonization_rules.csv,Generated from approved rule under recorded guard; legacy material identity preserved.,COMPONENT-KERNEL
AOM_006151,Palm Kernel Cake Dried Ground,aom:ingredientPart,AOM_101032,Kernel,material-component,hold-exact-anatomical-scope,approved-generated,Pete Steward,2026-08-05,data/livestock-staging/approved_ingredient_harmonization_rules.csv,Generated from approved rule under recorded guard; legacy material identity preserved.,COMPONENT-KERNEL
AOM_006346,Marula Kernel Cake,aom:ingredientPart,AOM_101032,Kernel,material-component,hold-exact-anatomical-scope,approved-generated,Pete Steward,2026-08-05,data/livestock-staging/approved_ingredient_harmonization_rules.csv,Generated from approved rule under recorded guard; legacy material identity preserved.,COMPONENT-KERNEL
AOM_006411,Palm Kernel Cake Dried,aom:ingredientPart,AOM_101032,Kernel,material-component,hold-exact-anatomical-scope,approved-generated,Pete Steward,2026-08-05,data/livestock-staging/approved_ingredient_harmonization_rules.csv,Generated from approved rule under recorded guard; legacy material identity preserved.,COMPONENT-KERNEL
AOM_000574,Oat Leaves Dried,aom:ingredientPart,AOM_101033,Leaf,material-component,move-under-plant-anatomy,approved-generated,Pete Steward,2026-08-05,data/livestock-staging/approved_ingredient_harmonization_rules.csv,Generated from approved rule under recorded guard; legacy material identity preserved.,COMPONENT-LEAF
AOM_000595,Banana Leaves,aom:ingredientPart,AOM_101033,Leaf,material-component,move-under-plant-anatomy,approved-generated,Pete Steward,2026-08-05,data/livestock-staging/approved_ingredient_harmonization_rules.csv,Generated from approved rule under recorded guard; legacy material identity preserved.,COMPONENT-LEAF
AOM_000601,Cowpea Haulm,aom:ingredientPart,AOM_101033,Leaf,material-component,move-under-plant-anatomy,approved,Pete Steward,2026-08-06,https://www.feedipedia.org/node/17446,Explicit descriptor “haulm” mapped through hard-tail decision AOM_000601; assertion 2.,
AOM_000603,Fava Bean Haulm,aom:ingredientPart,AOM_101033,Leaf,material-component,move-under-plant-anatomy,approved,Pete Steward,2026-08-06,era_master_sheet.xlsx#AOM;review/livestock-v20/final_definition_tail_register.csv,Explicit descriptor “haulm” mapped through hard-tail decision AOM_000603; assertion 2.,
AOM_000604,Groundnut Haulm,aom:ingredientPart,AOM_101033,Leaf,material-component,move-under-plant-anatomy,approved,Pete Steward,2026-08-06,0142;http://purl.obolibrary.org/obo/NCBITaxon_3818;wfo-0000174378,Explicit descriptor “haulm” mapped through hard-tail decision AOM_000604; assertion 2.,
AOM_000609,Pigeon Pea Leaves,aom:ingredientPart,AOM_101033,Leaf,material-component,move-under-plant-anatomy,approved-generated,Pete Steward,2026-08-05,data/livestock-staging/approved_ingredient_harmonization_rules.csv,Generated from approved rule under recorded guard; legacy material identity preserved.,COMPONENT-LEAF
AOM_000635,Cassava Leaves,aom:ingredientPart,AOM_101033,Leaf,material-component,move-under-plant-anatomy,approved-generated,Pete Steward,2026-08-05,data/livestock-staging/approved_ingredient_harmonization_rules.csv,Generated from approved rule under recorded guard; legacy material identity preserved.,COMPONENT-LEAF
AOM_000708,Ficus thonningii Leaves Dried,aom:ingredientPart,AOM_101033,Leaf,material-component,move-under-plant-anatomy,approved-generated,Pete Steward,2026-08-05,data/livestock-staging/approved_ingredient_harmonization_rules.csv,Generated from approved rule under recorded guard; legacy material identity preserved.,COMPONENT-LEAF
AOM_000709,Gmelina arborea Leaves Ground,aom:ingredientPart,AOM_101033,Leaf,material-component,move-under-plant-anatomy,approved-generated,Pete Steward,2026-08-05,data/livestock-staging/approved_ingredient_harmonization_rules.csv,Generated from approved rule under recorded guard; legacy material identity preserved.,COMPONENT-LEAF
AOM_000711,Moringa oleifera Leaves Ground,aom:ingredientPart,AOM_101033,Leaf,material-component,move-under-plant-anatomy,approved-generated,Pete Steward,2026-08-05,data/livestock-staging/approved_ingredient_harmonization_rules.csv,Generated from approved rule under recorded guard; legacy material identity preserved.,COMPONENT-LEAF
AOM_000730,Olive Leaves,aom:ingredientPart,AOM_101033,Leaf,material-component,move-under-plant-anatomy,approved-generated,Pete Steward,2026-08-05,data/livestock-staging/approved_ingredient_harmonization_rules.csv,Generated from approved rule under recorded guard; legacy material identity preserved.,COMPONENT-LEAF
AOM_000733,Siam Weed Leaves Ground,aom:ingredientPart,AOM_101033,Leaf,material-component,move-under-plant-anatomy,approved-generated,Pete Steward,2026-08-05,data/livestock-staging/approved_ingredient_harmonization_rules.csv,Generated from approved rule under recorded guard; legacy material identity preserved.,COMPONENT-LEAF
AOM_001120,Acacia saligna Leaves and Soft Twig,aom:ingredientPart,AOM_101033,Leaf,material-component,move-under-plant-anatomy,approved-generated,Pete Steward,2026-08-05,data/livestock-staging/approved_ingredient_harmonization_rules.csv,Generated from approved rule under recorded guard; legacy material identity preserved.,COMPONENT-LEAF
AOM_001123,Acacia senegal Leaves,aom:ingredientPart,AOM_101033,Leaf,material-component,move-under-plant-anatomy,approved-generated,Pete Steward,2026-08-05,data/livestock-staging/approved_ingredient_harmonization_rules.csv,Generated from approved rule under recorded guard; legacy material identity preserved.,COMPONENT-LEAF
AOM_001125,Acacia tortilis Leaves,aom:ingredientPart,AOM_101033,Leaf,material-component,move-under-plant-anatomy,approved-generated,Pete Steward,2026-08-05,data/livestock-staging/approved_ingredient_harmonization_rules.csv,Generated from approved rule under recorded guard; legacy material identity preserved.,COMPONENT-LEAF
AOM_001127,Afzelia africana Leaves Wilted,aom:ingredientPart,AOM_101033,Leaf,material-component,move-under-plant-anatomy,approved-generated,Pete Steward,2026-08-05,data/livestock-staging/approved_ingredient_harmonization_rules.csv,Generated from approved rule under recorded guard; legacy material identity preserved.,COMPONENT-LEAF
AOM_001129,Annona senegalensis Leaves,aom:ingredientPart,AOM_101033,Leaf,material-component,move-under-plant-anatomy,approved-generated,Pete Steward,2026-08-05,data/livestock-staging/approved_ingredient_harmonization_rules.csv,Generated from approved rule under recorded guard; legacy material identity preserved.,COMPONENT-LEAF
AOM_001132,Azadirachta indica Leaves,aom:ingredientPart,AOM_101033,Leaf,material-component,move-under-plant-anatomy,approved-generated,Pete Steward,2026-08-05,data/livestock-staging/approved_ingredient_harmonization_rules.csv,Generated from approved rule under recorded guard; legacy material identity preserved.,COMPONENT-LEAF
AOM_001134,Calliandra calothyrsus Leaves,aom:ingredientPart,AOM_101033,Leaf,material-component,move-under-plant-anatomy,approved-generated,Pete Steward,2026-08-05,data/livestock-staging/approved_ingredient_harmonization_rules.csv,Generated from approved rule under recorded guard; legacy material identity preserved.,COMPONENT-LEAF
AOM_001140,Daniellia oliveri Leaves,aom:ingredientPart,AOM_101033,Leaf,material-component,move-under-plant-anatomy,approved-generated,Pete Steward,2026-08-05,data/livestock-staging/approved_ingredient_harmonization_rules.csv,Generated from approved rule under recorded guard; legacy material identity preserved.,COMPONENT-LEAF
AOM_001143,Erythrina brucei Leaves,aom:ingredientPart,AOM_101033,Leaf,material-component,move-under-plant-anatomy,approved-generated,Pete Steward,2026-08-05,data/livestock-staging/approved_ingredient_harmonization_rules.csv,Generated from approved rule under recorded guard; legacy material identity preserved.,COMPONENT-LEAF
AOM_001148,Ficus thonningii Leaves,aom:ingredientPart,AOM_101033,Leaf,material-component,move-under-plant-anatomy,approved-generated,Pete Steward,2026-08-05,data/livestock-staging/approved_ingredient_harmonization_rules.csv,Generated from approved rule under recorded guard; legacy material identity preserved.,COMPONENT-LEAF
AOM_001150,Gliricidia sepium Leaves and Soft Twig,aom:ingredientPart,AOM_101033,Leaf,material-component,move-under-plant-anatomy,approved-generated,Pete Steward,2026-08-05,data/livestock-staging/approved_ingredient_harmonization_rules.csv,Generated from approved rule under recorded guard; legacy material identity preserved.,COMPONENT-LEAF
AOM_001170,Pithecellobium dulce Leaves,aom:ingredientPart,AOM_101033,Leaf,material-component,move-under-plant-anatomy,approved-generated,Pete Steward,2026-08-05,data/livestock-staging/approved_ingredient_harmonization_rules.csv,Generated from approved rule under recorded guard; legacy material identity preserved.,COMPONENT-LEAF
AOM_001181,Chickpea Haulm,aom:ingredientPart,AOM_101033,Leaf,material-component,move-under-plant-anatomy,approved,Pete Steward,2026-08-06,01249;http://purl.obolibrary.org/obo/NCBITaxon_3917;wfo-0000196617,Explicit descriptor “haulm” mapped through hard-tail decision AOM_001181; assertion 2.,
AOM_001186,Coffee Leaves,aom:ingredientPart,AOM_101033,Leaf,material-component,move-under-plant-anatomy,approved-generated,Pete Steward,2026-08-05,data/livestock-staging/approved_ingredient_harmonization_rules.csv,Generated from approved rule under recorded guard; legacy material identity preserved.,COMPONENT-LEAF
AOM_001215,Lablab purpureus Leaves,aom:ingredientPart,AOM_101033,Leaf,material-component,move-under-plant-anatomy,approved-generated,Pete Steward,2026-08-05,data/livestock-staging/approved_ingredient_harmonization_rules.csv,Generated from approved rule under recorded guard; legacy material identity preserved.,COMPONENT-LEAF
AOM_001230,Sesbania sesban Leaves and Twigs,aom:ingredientPart,AOM_101033,Leaf,material-component,move-under-plant-anatomy,approved-generated,Pete Steward,2026-08-05,data/livestock-staging/approved_ingredient_harmonization_rules.csv,Generated from approved rule under recorded guard; legacy material identity preserved.,COMPONENT-LEAF
AOM_001232,Pueraria phaseoloides Leaves,aom:ingredientPart,AOM_101033,Leaf,material-component,move-under-plant-anatomy,approved-generated,Pete Steward,2026-08-05,data/livestock-staging/approved_ingredient_harmonization_rules.csv,Generated from approved rule under recorded guard; legacy material identity preserved.,COMPONENT-LEAF
AOM_001235,Stylosanthes guianensis Leaves,aom:ingredientPart,AOM_101033,Leaf,material-component,move-under-plant-anatomy,approved-generated,Pete Steward,2026-08-05,data/livestock-staging/approved_ingredient_harmonization_rules.csv,Generated from approved rule under recorded guard; legacy material identity preserved.,COMPONENT-LEAF
AOM_001256,Fluted Pumpkin Leaves,aom:ingredientPart,AOM_101033,Leaf,material-component,move-under-plant-anatomy,approved-generated,Pete Steward,2026-08-05,data/livestock-staging/approved_ingredient_harmonization_rules.csv,Generated from approved rule under recorded guard; legacy material identity preserved.,COMPONENT-LEAF
AOM_001257,Fluted Pumpkin Leaves Ground,aom:ingredientPart,AOM_101033,Leaf,material-component,move-under-plant-anatomy,approved-generated,Pete Steward,2026-08-05,data/livestock-staging/approved_ingredient_harmonization_rules.csv,Generated from approved rule under recorded guard; legacy material identity preserved.,COMPONENT-LEAF
AOM_001258,Common Bean Haulm,aom:ingredientPart,AOM_101033,Leaf,material-component,move-under-plant-anatomy,approved,Pete Steward,2026-08-06,01701;http://purl.obolibrary.org/obo/NCBITaxon_3885;wfo-0000207144,Explicit descriptor “haulm” mapped through hard-tail decision AOM_001258; assertion 2.,
AOM_001263,Cowpea Leaves,aom:ingredientPart,AOM_101033,Leaf,material-component,move-under-plant-anatomy,approved-generated,Pete Steward,2026-08-05,data/livestock-staging/approved_ingredient_harmonization_rules.csv,Generated from approved rule under recorded guard; legacy material identity preserved.,COMPONENT-LEAF
AOM_001266,Taro Leaves,aom:ingredientPart,AOM_101033,Leaf,material-component,move-under-plant-anatomy,approved-generated,Pete Steward,2026-08-05,data/livestock-staging/approved_ingredient_harmonization_rules.csv,Generated from approved rule under recorded guard; legacy material identity preserved.,COMPONENT-LEAF
AOM_001270,Fluted Pumpkin Leaves Extract,aom:ingredientPart,AOM_101033,Leaf,material-component,move-under-plant-anatomy,approved-generated,Pete Steward,2026-08-05,data/livestock-staging/approved_ingredient_harmonization_rules.csv,Generated from approved rule under recorded guard; legacy material identity preserved.,COMPONENT-LEAF
AOM_001286,Papaya Leaves,aom:ingredientPart,AOM_101033,Leaf,material-component,move-under-plant-anatomy,approved-generated,Pete Steward,2026-08-05,data/livestock-staging/approved_ingredient_harmonization_rules.csv,Generated from approved rule under recorded guard; legacy material identity preserved.,COMPONENT-LEAF
AOM_001298,Maize Leaves,aom:ingredientPart,AOM_101033,Leaf,material-component,move-under-plant-anatomy,approved-generated,Pete Steward,2026-08-05,data/livestock-staging/approved_ingredient_harmonization_rules.csv,Generated from approved rule under recorded guard; legacy material identity preserved.,COMPONENT-LEAF
AOM_001345,Rosemary Leaves,aom:ingredientPart,AOM_101033,Leaf,material-component,move-under-plant-anatomy,approved-generated,Pete Steward,2026-08-05,data/livestock-staging/approved_ingredient_harmonization_rules.csv,Generated from approved rule under recorded guard; legacy material identity preserved.,COMPONENT-LEAF
AOM_001525,Piliostigma thonningii Leaves,aom:ingredientPart,AOM_101033,Leaf,material-component,move-under-plant-anatomy,approved-generated,Pete Steward,2026-08-05,data/livestock-staging/approved_ingredient_harmonization_rules.csv,Generated from approved rule under recorded guard; legacy material identity preserved.,COMPONENT-LEAF
AOM_001528,Centrosema molle Leaves,aom:ingredientPart,AOM_101033,Leaf,material-component,move-under-plant-anatomy,approved-generated,Pete Steward,2026-08-05,data/livestock-staging/approved_ingredient_harmonization_rules.csv,Generated from approved rule under recorded guard; legacy material identity preserved.,COMPONENT-LEAF
AOM_001531,Psophocarpus scandens Leaves,aom:ingredientPart,AOM_101033,Leaf,material-component,move-under-plant-anatomy,approved-generated,Pete Steward,2026-08-05,data/livestock-staging/approved_ingredient_harmonization_rules.csv,Generated from approved rule under recorded guard; legacy material identity preserved.,COMPONENT-LEAF
AOM_001534,Amaranthus cruentus Leaves Ground,aom:ingredientPart,AOM_101033,Leaf,material-component,move-under-plant-anatomy,approved-generated,Pete Steward,2026-08-05,data/livestock-staging/approved_ingredient_harmonization_rules.csv,Generated from approved rule under recorded guard; legacy material identity preserved.,COMPONENT-LEAF
AOM_001550,Talinium triangulare Leaves,aom:ingredientPart,AOM_101033,Leaf,material-component,move-under-plant-anatomy,approved-generated,Pete Steward,2026-08-05,data/livestock-staging/approved_ingredient_harmonization_rules.csv,Generated from approved rule under recorded guard; legacy material identity preserved.,COMPONENT-LEAF
AOM_001559,Potamogeton lucens Leaves,aom:ingredientPart,AOM_101033,Leaf,material-component,move-under-plant-anatomy,approved-generated,Pete Steward,2026-08-05,data/livestock-staging/approved_ingredient_harmonization_rules.csv,Generated from approved rule under recorded guard; legacy material identity preserved.,COMPONENT-LEAF
AOM_001591,Acacia angustissima Leaves,aom:ingredientPart,AOM_101033,Leaf,material-component,move-under-plant-anatomy,approved-generated,Pete Steward,2026-08-05,data/livestock-staging/approved_ingredient_harmonization_rules.csv,Generated from approved rule under recorded guard; legacy material identity preserved.,COMPONENT-LEAF
AOM_001592,Acacia angusitissima Leaves Dried Ensiled,aom:ingredientPart,AOM_101033,Leaf,material-component,move-under-plant-anatomy,approved-generated,Pete Steward,2026-08-05,data/livestock-staging/approved_ingredient_harmonization_rules.csv,Generated from approved rule under recorded guard; legacy material identity preserved.,COMPONENT-LEAF
AOM_001593,Acacia nilotica Leaves,aom:ingredientPart,AOM_101033,Leaf,material-component,move-under-plant-anatomy,approved-generated,Pete Steward,2026-08-05,data/livestock-staging/approved_ingredient_harmonization_rules.csv,Generated from approved rule under recorded guard; legacy material identity preserved.,COMPONENT-LEAF
AOM_001594,Acacia nilotica Leaves Dried,aom:ingredientPart,AOM_101033,Leaf,material-component,move-under-plant-anatomy,approved-generated,Pete Steward,2026-08-05,data/livestock-staging/approved_ingredient_harmonization_rules.csv,Generated from approved rule under recorded guard; legacy material identity preserved.,COMPONENT-LEAF
AOM_001597,Acacia senegal Leaves Dried,aom:ingredientPart,AOM_101033,Leaf,material-component,move-under-plant-anatomy,approved-generated,Pete Steward,2026-08-05,data/livestock-staging/approved_ingredient_harmonization_rules.csv,Generated from approved rule under recorded guard; legacy material identity preserved.,COMPONENT-LEAF
AOM_001600,Vachellia polyacantha Leaves,aom:ingredientPart,AOM_101033,Leaf,material-component,move-under-plant-anatomy,approved-generated,Pete Steward,2026-08-05,data/livestock-staging/approved_ingredient_harmonization_rules.csv,Generated from approved rule under recorded guard; legacy material identity preserved.,COMPONENT-LEAF
AOM_001609,Annona senegalensis Leaves Wilted,aom:ingredientPart,AOM_101033,Leaf,material-component,move-under-plant-anatomy,approved-generated,Pete Steward,2026-08-05,data/livestock-staging/approved_ingredient_harmonization_rules.csv,Generated from approved rule under recorded guard; legacy material identity preserved.,COMPONENT-LEAF
AOM_001612,Azadirachta indica Leaves Dried,aom:ingredientPart,AOM_101033,Leaf,material-component,move-under-plant-anatomy,approved-generated,Pete Steward,2026-08-05,data/livestock-staging/approved_ingredient_harmonization_rules.csv,Generated from approved rule under recorded guard; legacy material identity preserved.,COMPONENT-LEAF
AOM_001626,Cassava Leaves Dried,aom:ingredientPart,AOM_101033,Leaf,material-component,move-under-plant-anatomy,approved-generated,Pete Steward,2026-08-05,data/livestock-staging/approved_ingredient_harmonization_rules.csv,Generated from approved rule under recorded guard; legacy material identity preserved.,COMPONENT-LEAF
AOM_001629,Pigeon Pea Leaves Dried,aom:ingredientPart,AOM_101033,Leaf,material-component,move-under-plant-anatomy,approved-generated,Pete Steward,2026-08-05,data/livestock-staging/approved_ingredient_harmonization_rules.csv,Generated from approved rule under recorded guard; legacy material identity preserved.,COMPONENT-LEAF
AOM_001630,Chamaecytisus palmensis Leaves,aom:ingredientPart,AOM_101033,Leaf,material-component,move-under-plant-anatomy,approved-generated,Pete Steward,2026-08-05,data/livestock-staging/approved_ingredient_harmonization_rules.csv,Generated from approved rule under recorded guard; legacy material identity preserved.,COMPONENT-LEAF
AOM_001631,Chamaecytisus palmensis Leaves Dried,aom:ingredientPart,AOM_101033,Leaf,material-component,move-under-plant-anatomy,approved-generated,Pete Steward,2026-08-05,data/livestock-staging/approved_ingredient_harmonization_rules.csv,Generated from approved rule under recorded guard; legacy material identity preserved.,COMPONENT-LEAF
AOM_001636,Chromolaena odorata Leaves,aom:ingredientPart,AOM_101033,Leaf,material-component,move-under-plant-anatomy,approved-generated,Pete Steward,2026-08-05,data/livestock-staging/approved_ingredient_harmonization_rules.csv,Generated from approved rule under recorded guard; legacy material identity preserved.,COMPONENT-LEAF
AOM_001637,Chromolaena odorata Leaves Dried Ground,aom:ingredientPart,AOM_101033,Leaf,material-component,move-under-plant-anatomy,approved-generated,Pete Steward,2026-08-05,data/livestock-staging/approved_ingredient_harmonization_rules.csv,Generated from approved rule under recorded guard; legacy material identity preserved.,COMPONENT-LEAF
AOM_001647,Cassava Leaves Dried Ground,aom:ingredientPart,AOM_101033,Leaf,material-component,move-under-plant-anatomy,approved-generated,Pete Steward,2026-08-05,data/livestock-staging/approved_ingredient_harmonization_rules.csv,Generated from approved rule under recorded guard; legacy material identity preserved.,COMPONENT-LEAF
AOM_001650,Taro Leaves Boiled Dried,aom:ingredientPart,AOM_101033,Leaf,material-component,move-under-plant-anatomy,approved-generated,Pete Steward,2026-08-05,data/livestock-staging/approved_ingredient_harmonization_rules.csv,Generated from approved rule under recorded guard; legacy material identity preserved.,COMPONENT-LEAF
AOM_001657,Ficus thonningii Leaves Ground,aom:ingredientPart,AOM_101033,Leaf,material-component,move-under-plant-anatomy,approved-generated,Pete Steward,2026-08-05,data/livestock-staging/approved_ingredient_harmonization_rules.csv,Generated from approved rule under recorded guard; legacy material identity preserved.,COMPONENT-LEAF
AOM_001671,Leucaena leucocephala Leaves Dried Ensiled,aom:ingredientPart,AOM_101033,Leaf,material-component,move-under-plant-anatomy,approved-generated,Pete Steward,2026-08-05,data/livestock-staging/approved_ingredient_harmonization_rules.csv,Generated from approved rule under recorded guard; legacy material identity preserved.,COMPONENT-LEAF
AOM_001672,Leucaena leucocephala Leaves,aom:ingredientPart,AOM_101033,Leaf,material-component,move-under-plant-anatomy,approved-generated,Pete Steward,2026-08-05,data/livestock-staging/approved_ingredient_harmonization_rules.csv,Generated from approved rule under recorded guard; legacy material identity preserved.,COMPONENT-LEAF
AOM_001699,Afzelia africana Leaves,aom:ingredientPart,AOM_101033,Leaf,material-component,move-under-plant-anatomy,approved-generated,Pete Steward,2026-08-05,data/livestock-staging/approved_ingredient_harmonization_rules.csv,Generated from approved rule under recorded guard; legacy material identity preserved.,COMPONENT-LEAF
AOM_001701,Calliandra calothyrsus Leaves Dried Ground,aom:ingredientPart,AOM_101033,Leaf,material-component,move-under-plant-anatomy,approved-generated,Pete Steward,2026-08-05,data/livestock-staging/approved_ingredient_harmonization_rules.csv,Generated from approved rule under recorded guard; legacy material identity preserved.,COMPONENT-LEAF
AOM_001702,Oat Leaves Dried Ground,aom:ingredientPart,AOM_101033,Leaf,material-component,move-under-plant-anatomy,approved-generated,Pete Steward,2026-08-05,data/livestock-staging/approved_ingredient_harmonization_rules.csv,Generated from approved rule under recorded guard; legacy material identity preserved.,COMPONENT-LEAF
AOM_001704,Daniellia oliveri Leaves Wilted,aom:ingredientPart,AOM_101033,Leaf,material-component,move-under-plant-anatomy,approved-generated,Pete Steward,2026-08-05,data/livestock-staging/approved_ingredient_harmonization_rules.csv,Generated from approved rule under recorded guard; legacy material identity preserved.,COMPONENT-LEAF
AOM_001705,Erythrina brucei Leaves Dried,aom:ingredientPart,AOM_101033,Leaf,material-component,move-under-plant-anatomy,approved-generated,Pete Steward,2026-08-05,data/livestock-staging/approved_ingredient_harmonization_rules.csv,Generated from approved rule under recorded guard; legacy material identity preserved.,COMPONENT-LEAF
AOM_001706,Olive Leaves Dried,aom:ingredientPart,AOM_101033,Leaf,material-component,move-under-plant-anatomy,approved-generated,Pete Steward,2026-08-05,data/livestock-staging/approved_ingredient_harmonization_rules.csv,Generated from approved rule under recorded guard; legacy material identity preserved.,COMPONENT-LEAF
AOM_001710,Leucaena leucocephala Leaves Dried,aom:ingredientPart,AOM_101033,Leaf,material-component,move-under-plant-anatomy,approved-generated,Pete Steward,2026-08-05,data/livestock-staging/approved_ingredient_harmonization_rules.csv,Generated from approved rule under recorded guard; legacy material identity preserved.,COMPONENT-LEAF
AOM_001719,Piliostigma thonningii Leaves Wilted,aom:ingredientPart,AOM_101033,Leaf,material-component,move-under-plant-anatomy,approved-generated,Pete Steward,2026-08-05,data/livestock-staging/approved_ingredient_harmonization_rules.csv,Generated from approved rule under recorded guard; legacy material identity preserved.,COMPONENT-LEAF
AOM_001722,Pithecellobium dulce Leaves Dried,aom:ingredientPart,AOM_101033,Leaf,material-component,move-under-plant-anatomy,approved-generated,Pete Steward,2026-08-05,data/livestock-staging/approved_ingredient_harmonization_rules.csv,Generated from approved rule under recorded guard; legacy material identity preserved.,COMPONENT-LEAF
AOM_001723,Psophocarpus scandens Leaves Wilted,aom:ingredientPart,AOM_101033,Leaf,material-component,move-under-plant-anatomy,approved-generated,Pete Steward,2026-08-05,data/livestock-staging/approved_ingredient_harmonization_rules.csv,Generated from approved rule under recorded guard; legacy material identity preserved.,COMPONENT-LEAF
AOM_001724,Sesbania sesban Leaves Wilted,aom:ingredientPart,AOM_101033,Leaf,material-component,move-under-plant-anatomy,approved-generated,Pete Steward,2026-08-05,data/livestock-staging/approved_ingredient_harmonization_rules.csv,Generated from approved rule under recorded guard; legacy material identity preserved.,COMPONENT-LEAF
AOM_001731,Lablab purpureus Leaves Dried,aom:ingredientPart,AOM_101033,Leaf,material-component,move-under-plant-anatomy,approved-generated,Pete Steward,2026-08-05,data/livestock-staging/approved_ingredient_harmonization_rules.csv,Generated from approved rule under recorded guard; legacy material identity preserved.,COMPONENT-LEAF
AOM_001739,Sesbania goetzei Leaves Dried,aom:ingredientPart,AOM_101033,Leaf,material-component,move-under-plant-anatomy,approved-generated,Pete Steward,2026-08-05,data/livestock-staging/approved_ingredient_harmonization_rules.csv,Generated from approved rule under recorded guard; legacy material identity preserved.,COMPONENT-LEAF
AOM_001740,Sesbania sesban Leaves,aom:ingredientPart,AOM_101033,Leaf,material-component,move-under-plant-anatomy,approved-generated,Pete Steward,2026-08-05,data/livestock-staging/approved_ingredient_harmonization_rules.csv,Generated from approved rule under recorded guard; legacy material identity preserved.,COMPONENT-LEAF
AOM_001756,Acacia brevispica Leaves,aom:ingredientPart,AOM_101033,Leaf,material-component,move-under-plant-anatomy,approved-generated,Pete Steward,2026-08-05,data/livestock-staging/approved_ingredient_harmonization_rules.csv,Generated from approved rule under recorded guard; legacy material identity preserved.,COMPONENT-LEAF
AOM_001757,Acacia brevispica Leaves Dried,aom:ingredientPart,AOM_101033,Leaf,material-component,move-under-plant-anatomy,approved-generated,Pete Steward,2026-08-05,data/livestock-staging/approved_ingredient_harmonization_rules.csv,Generated from approved rule under recorded guard; legacy material identity preserved.,COMPONENT-LEAF
AOM_001764,Acacia karroo Leaves,aom:ingredientPart,AOM_101033,Leaf,material-component,move-under-plant-anatomy,approved-generated,Pete Steward,2026-08-05,data/livestock-staging/approved_ingredient_harmonization_rules.csv,Generated from approved rule under recorded guard; legacy material identity preserved.,COMPONENT-LEAF
AOM_001765,Acacia karroo Leaves Dried Ground,aom:ingredientPart,AOM_101033,Leaf,material-component,move-under-plant-anatomy,approved-generated,Pete Steward,2026-08-05,data/livestock-staging/approved_ingredient_harmonization_rules.csv,Generated from approved rule under recorded guard; legacy material identity preserved.,COMPONENT-LEAF
AOM_001767,Acacia polyacantha Leaves,aom:ingredientPart,AOM_101033,Leaf,material-component,move-under-plant-anatomy,approved-generated,Pete Steward,2026-08-05,data/livestock-staging/approved_ingredient_harmonization_rules.csv,Generated from approved rule under recorded guard; legacy material identity preserved.,COMPONENT-LEAF
AOM_001768,Acacia polyacantha Leaves Dried Ground,aom:ingredientPart,AOM_101033,Leaf,material-component,move-under-plant-anatomy,approved-generated,Pete Steward,2026-08-05,data/livestock-staging/approved_ingredient_harmonization_rules.csv,Generated from approved rule under recorded guard; legacy material identity preserved.,COMPONENT-LEAF
AOM_001769,Leucaena pallida Leaves,aom:ingredientPart,AOM_101033,Leaf,material-component,move-under-plant-anatomy,approved-generated,Pete Steward,2026-08-05,data/livestock-staging/approved_ingredient_harmonization_rules.csv,Generated from approved rule under recorded guard; legacy material identity preserved.,COMPONENT-LEAF
AOM_001770,Leucaena pallida Leaves Dried,aom:ingredientPart,AOM_101033,Leaf,material-component,move-under-plant-anatomy,approved-generated,Pete Steward,2026-08-05,data/livestock-staging/approved_ingredient_harmonization_rules.csv,Generated from approved rule under recorded guard; legacy material identity preserved.,COMPONENT-LEAF
AOM_001781,Lippia javanica Leaves,aom:ingredientPart,AOM_101033,Leaf,material-component,move-under-plant-anatomy,approved-generated,Pete Steward,2026-08-05,data/livestock-staging/approved_ingredient_harmonization_rules.csv,Generated from approved rule under recorded guard; legacy material identity preserved.,COMPONENT-LEAF
AOM_001782,Lippia javanica Leaves Dried Ground,aom:ingredientPart,AOM_101033,Leaf,material-component,move-under-plant-anatomy,approved-generated,Pete Steward,2026-08-05,data/livestock-staging/approved_ingredient_harmonization_rules.csv,Generated from approved rule under recorded guard; legacy material identity preserved.,COMPONENT-LEAF
AOM_001800,Gliciridia sepium Leaves,aom:ingredientPart,AOM_101033,Leaf,material-component,move-under-plant-anatomy,approved-generated,Pete Steward,2026-08-05,data/livestock-staging/approved_ingredient_harmonization_rules.csv,Generated from approved rule under recorded guard; legacy material identity preserved.,COMPONENT-LEAF
AOM_001801,Gliciridia sepium Leaves Dried,aom:ingredientPart,AOM_101033,Leaf,material-component,move-under-plant-anatomy,approved-generated,Pete Steward,2026-08-05,data/livestock-staging/approved_ingredient_harmonization_rules.csv,Generated from approved rule under recorded guard; legacy material identity preserved.,COMPONENT-LEAF
AOM_001804,Acacia nilotica Leaves Dried Ground,aom:ingredientPart,AOM_101033,Leaf,material-component,move-under-plant-anatomy,approved-generated,Pete Steward,2026-08-05,data/livestock-staging/approved_ingredient_harmonization_rules.csv,Generated from approved rule under recorded guard; legacy material identity preserved.,COMPONENT-LEAF
AOM_001819,Ensete ventricosum Leaves,aom:ingredientPart,AOM_101033,Leaf,material-component,move-under-plant-anatomy,approved-generated,Pete Steward,2026-08-05,data/livestock-staging/approved_ingredient_harmonization_rules.csv,Generated from approved rule under recorded guard; legacy material identity preserved.,COMPONENT-LEAF
AOM_001822,Terminalia brownii Leaves,aom:ingredientPart,AOM_101033,Leaf,material-component,move-under-plant-anatomy,approved-generated,Pete Steward,2026-08-05,data/livestock-staging/approved_ingredient_harmonization_rules.csv,Generated from approved rule under recorded guard; legacy material identity preserved.,COMPONENT-LEAF
AOM_001823,Terminalia brownii Leaves Dried,aom:ingredientPart,AOM_101033,Leaf,material-component,move-under-plant-anatomy,approved-generated,Pete Steward,2026-08-05,data/livestock-staging/approved_ingredient_harmonization_rules.csv,Generated from approved rule under recorded guard; legacy material identity preserved.,COMPONENT-LEAF
AOM_001858,Atriplex nummularia Leaves,aom:ingredientPart,AOM_101033,Leaf,material-component,move-under-plant-anatomy,approved-generated,Pete Steward,2026-08-05,data/livestock-staging/approved_ingredient_harmonization_rules.csv,Generated from approved rule under recorded guard; legacy material identity preserved.,COMPONENT-LEAF
AOM_001861,Berchemia discolor Leaves,aom:ingredientPart,AOM_101033,Leaf,material-component,move-under-plant-anatomy,approved-generated,Pete Steward,2026-08-05,data/livestock-staging/approved_ingredient_harmonization_rules.csv,Generated from approved rule under recorded guard; legacy material identity preserved.,COMPONENT-LEAF
AOM_001862,Berchemia discolor Leaves Dried,aom:ingredientPart,AOM_101033,Leaf,material-component,move-under-plant-anatomy,approved-generated,Pete Steward,2026-08-05,data/livestock-staging/approved_ingredient_harmonization_rules.csv,Generated from approved rule under recorded guard; legacy material identity preserved.,COMPONENT-LEAF
AOM_001863,Chromolaena odorata Leaves Ground,aom:ingredientPart,AOM_101033,Leaf,material-component,move-under-plant-anatomy,approved-generated,Pete Steward,2026-08-05,data/livestock-staging/approved_ingredient_harmonization_rules.csv,Generated from approved rule under recorded guard; legacy material identity preserved.,COMPONENT-LEAF
AOM_001902,Sesbania sesban Leaves Dried,aom:ingredientPart,AOM_101033,Leaf,material-component,move-under-plant-anatomy,approved-generated,Pete Steward,2026-08-05,data/livestock-staging/approved_ingredient_harmonization_rules.csv,Generated from approved rule under recorded guard; legacy material identity preserved.,COMPONENT-LEAF
AOM_001913,Moringa oleifera Leaves Dried Ground,aom:ingredientPart,AOM_101033,Leaf,material-component,move-under-plant-anatomy,approved-generated,Pete Steward,2026-08-05,data/livestock-staging/approved_ingredient_harmonization_rules.csv,Generated from approved rule under recorded guard; legacy material identity preserved.,COMPONENT-LEAF
AOM_001919,Leucaena Leaves Dried,aom:ingredientPart,AOM_101033,Leaf,material-component,move-under-plant-anatomy,approved-generated,Pete Steward,2026-08-05,data/livestock-staging/approved_ingredient_harmonization_rules.csv,Generated from approved rule under recorded guard; legacy material identity preserved.,COMPONENT-LEAF
AOM_001944,Maize Leaves Dried,aom:ingredientPart,AOM_101033,Leaf,material-component,move-under-plant-anatomy,approved-generated,Pete Steward,2026-08-05,data/livestock-staging/approved_ingredient_harmonization_rules.csv,Generated from approved rule under recorded guard; legacy material identity preserved.,COMPONENT-LEAF
AOM_001962,Potamogeton lucens Leaves Dried,aom:ingredientPart,AOM_101033,Leaf,material-component,move-under-plant-anatomy,approved-generated,Pete Steward,2026-08-05,data/livestock-staging/approved_ingredient_harmonization_rules.csv,Generated from approved rule under recorded guard; legacy material identity preserved.,COMPONENT-LEAF
AOM_001966,Pennisetum clandestinum Leaves Dried Ground,aom:ingredientPart,AOM_101033,Leaf,material-component,move-under-plant-anatomy,approved-generated,Pete Steward,2026-08-05,data/livestock-staging/approved_ingredient_harmonization_rules.csv,Generated from approved rule under recorded guard; legacy material identity preserved.,COMPONENT-LEAF
AOM_001973,Leucaena leucocephala Leaves Ground,aom:ingredientPart,AOM_101033,Leaf,material-component,move-under-plant-anatomy,approved-generated,Pete Steward,2026-08-05,data/livestock-staging/approved_ingredient_harmonization_rules.csv,Generated from approved rule under recorded guard; legacy material identity preserved.,COMPONENT-LEAF
AOM_001974,Leucaena leucocephala Leaves Dried Ground,aom:ingredientPart,AOM_101033,Leaf,material-component,move-under-plant-anatomy,approved-generated,Pete Steward,2026-08-05,data/livestock-staging/approved_ingredient_harmonization_rules.csv,Generated from approved rule under recorded guard; legacy material identity preserved.,COMPONENT-LEAF
AOM_001979,Moringa oleifera Leaves Extract,aom:ingredientPart,AOM_101033,Leaf,material-component,move-under-plant-anatomy,approved-generated,Pete Steward,2026-08-05,data/livestock-staging/approved_ingredient_harmonization_rules.csv,Generated from approved rule under recorded guard; legacy material identity preserved.,COMPONENT-LEAF
AOM_001980,Moringa stenopetala Leaves Dried Ground,aom:ingredientPart,AOM_101033,Leaf,material-component,move-under-plant-anatomy,approved-generated,Pete Steward,2026-08-05,data/livestock-staging/approved_ingredient_harmonization_rules.csv,Generated from approved rule under recorded guard; legacy material identity preserved.,COMPONENT-LEAF
AOM_001984,Sesbania sesban Leaves and Twigs Dried,aom:ingredientPart,AOM_101033,Leaf,material-component,move-under-plant-anatomy,approved-generated,Pete Steward,2026-08-05,data/livestock-staging/approved_ingredient_harmonization_rules.csv,Generated from approved rule under recorded guard; legacy material identity preserved.,COMPONENT-LEAF
AOM_001986,Gliciridia sepium Leaves Dried Ground,aom:ingredientPart,AOM_101033,Leaf,material-component,move-under-plant-anatomy,approved-generated,Pete Steward,2026-08-05,data/livestock-staging/approved_ingredient_harmonization_rules.csv,Generated from approved rule under recorded guard; legacy material identity preserved.,COMPONENT-LEAF
AOM_001988,Gliciridia sepium Leaves Ground,aom:ingredientPart,AOM_101033,Leaf,material-component,move-under-plant-anatomy,approved-generated,Pete Steward,2026-08-05,data/livestock-staging/approved_ingredient_harmonization_rules.csv,Generated from approved rule under recorded guard; legacy material identity preserved.,COMPONENT-LEAF
AOM_001990,Macroptilium atropurpureum Leaves Dried Ensiled,aom:ingredientPart,AOM_101033,Leaf,material-component,move-under-plant-anatomy,approved-generated,Pete Steward,2026-08-05,data/livestock-staging/approved_ingredient_harmonization_rules.csv,Generated from approved rule under recorded guard; legacy material identity preserved.,COMPONENT-LEAF
AOM_001992,Pterocarpus erinaceus Leaves Dried,aom:ingredientPart,AOM_101033,Leaf,material-component,move-under-plant-anatomy,approved-generated,Pete Steward,2026-08-05,data/livestock-staging/approved_ingredient_harmonization_rules.csv,Generated from approved rule under recorded guard; legacy material identity preserved.,COMPONENT-LEAF
AOM_002001,Clove Basil Leaves Extract Dried Ethanol Treated Ground,aom:ingredientPart,AOM_101033,Leaf,material-component,move-under-plant-anatomy,approved-generated,Pete Steward,2026-08-05,data/livestock-staging/approved_ingredient_harmonization_rules.csv,Generated from approved rule under recorded guard; legacy material identity preserved.,COMPONENT-LEAF
AOM_002026,Cassava Leaves Ground,aom:ingredientPart,AOM_101033,Leaf,material-component,move-under-plant-anatomy,approved-generated,Pete Steward,2026-08-05,data/livestock-staging/approved_ingredient_harmonization_rules.csv,Generated from approved rule under recorded guard; legacy material identity preserved.,COMPONENT-LEAF
AOM_002036,Fluted Pumpkin Leaves Dried Ground,aom:ingredientPart,AOM_101033,Leaf,material-component,move-under-plant-anatomy,approved-generated,Pete Steward,2026-08-05,data/livestock-staging/approved_ingredient_harmonization_rules.csv,Generated from approved rule under recorded guard; legacy material identity preserved.,COMPONENT-LEAF
AOM_002040,Pennisetum clandestinum Leaves,aom:ingredientPart,AOM_101033,Leaf,material-component,move-under-plant-anatomy,approved-generated,Pete Steward,2026-08-05,data/livestock-staging/approved_ingredient_harmonization_rules.csv,Generated from approved rule under recorded guard; legacy material identity preserved.,COMPONENT-LEAF
AOM_002044,Acacia tortilis Leaves Dried Ground,aom:ingredientPart,AOM_101033,Leaf,material-component,move-under-plant-anatomy,approved-generated,Pete Steward,2026-08-05,data/livestock-staging/approved_ingredient_harmonization_rules.csv,Generated from approved rule under recorded guard; legacy material identity preserved.,COMPONENT-LEAF
AOM_002048,Calliandra calothyrsus Leaves Dried Ensiled,aom:ingredientPart,AOM_101033,Leaf,material-component,move-under-plant-anatomy,approved-generated,Pete Steward,2026-08-05,data/livestock-staging/approved_ingredient_harmonization_rules.csv,Generated from approved rule under recorded guard; legacy material identity preserved.,COMPONENT-LEAF
AOM_00205,Soybean Haulm,aom:ingredientPart,AOM_101033,Leaf,material-component,move-under-plant-anatomy,approved,Pete Steward,2026-08-06,0141;http://purl.obolibrary.org/obo/NCBITaxon_3847;wfo-0000181462,Explicit descriptor “haulm” mapped through hard-tail decision AOM_00205; assertion 2.,
AOM_002053,Ficus natalensis Leaves,aom:ingredientPart,AOM_101033,Leaf,material-component,move-under-plant-anatomy,approved-generated,Pete Steward,2026-08-05,data/livestock-staging/approved_ingredient_harmonization_rules.csv,Generated from approved rule under recorded guard; legacy material identity preserved.,COMPONENT-LEAF
AOM_002064,Albizia lebbeck Leaves,aom:ingredientPart,AOM_101033,Leaf,material-component,move-under-plant-anatomy,approved-generated,Pete Steward,2026-08-05,data/livestock-staging/approved_ingredient_harmonization_rules.csv,Generated from approved rule under recorded guard; legacy material identity preserved.,COMPONENT-LEAF
AOM_002065,Albizia lebbeck Leaves Ground,aom:ingredientPart,AOM_101033,Leaf,material-component,move-under-plant-anatomy,approved-generated,Pete Steward,2026-08-05,data/livestock-staging/approved_ingredient_harmonization_rules.csv,Generated from approved rule under recorded guard; legacy material identity preserved.,COMPONENT-LEAF
AOM_002090,Harrisonia abyssinica leaves,aom:ingredientPart,AOM_101033,Leaf,material-component,move-under-plant-anatomy,approved-generated,Pete Steward,2026-08-05,data/livestock-staging/approved_ingredient_harmonization_rules.csv,Generated from approved rule under recorded guard; legacy material identity preserved.,COMPONENT-LEAF
AOM_002092,Walnut Leaves,aom:ingredientPart,AOM_101033,Leaf,material-component,move-under-plant-anatomy,approved-generated,Pete Steward,2026-08-05,data/livestock-staging/approved_ingredient_harmonization_rules.csv,Generated from approved rule under recorded guard; legacy material identity preserved.,COMPONENT-LEAF
AOM_002093,Walnut Leaves Dried Ethanol Treated Ground,aom:ingredientPart,AOM_101033,Leaf,material-component,move-under-plant-anatomy,approved-generated,Pete Steward,2026-08-05,data/livestock-staging/approved_ingredient_harmonization_rules.csv,Generated from approved rule under recorded guard; legacy material identity preserved.,COMPONENT-LEAF
AOM_002100,Khaya senegalensis Leaves,aom:ingredientPart,AOM_101033,Leaf,material-component,move-under-plant-anatomy,approved-generated,Pete Steward,2026-08-05,data/livestock-staging/approved_ingredient_harmonization_rules.csv,Generated from approved rule under recorded guard; legacy material identity preserved.,COMPONENT-LEAF
AOM_002168,Spondias mombin Leaves,aom:ingredientPart,AOM_101033,Leaf,material-component,move-under-plant-anatomy,approved-generated,Pete Steward,2026-08-05,data/livestock-staging/approved_ingredient_harmonization_rules.csv,Generated from approved rule under recorded guard; legacy material identity preserved.,COMPONENT-LEAF
AOM_002169,Bamboo Leaves,aom:ingredientPart,AOM_101033,Leaf,material-component,move-under-plant-anatomy,approved-generated,Pete Steward,2026-08-05,data/livestock-staging/approved_ingredient_harmonization_rules.csv,Generated from approved rule under recorded guard; legacy material identity preserved.,COMPONENT-LEAF
AOM_002190,Lantana camara Leaves,aom:ingredientPart,AOM_101033,Leaf,material-component,move-under-plant-anatomy,approved-generated,Pete Steward,2026-08-05,data/livestock-staging/approved_ingredient_harmonization_rules.csv,Generated from approved rule under recorded guard; legacy material identity preserved.,COMPONENT-LEAF
AOM_002202,Acacia dealbata Leaves,aom:ingredientPart,AOM_101033,Leaf,material-component,move-under-plant-anatomy,approved-generated,Pete Steward,2026-08-05,data/livestock-staging/approved_ingredient_harmonization_rules.csv,Generated from approved rule under recorded guard; legacy material identity preserved.,COMPONENT-LEAF
AOM_002207,Acacia Albida Leaves,aom:ingredientPart,AOM_101033,Leaf,material-component,move-under-plant-anatomy,approved-generated,Pete Steward,2026-08-05,data/livestock-staging/approved_ingredient_harmonization_rules.csv,Generated from approved rule under recorded guard; legacy material identity preserved.,COMPONENT-LEAF
AOM_002218,Mung Bean Haulm,aom:ingredientPart,AOM_101033,Leaf,material-component,move-under-plant-anatomy,approved,Pete Steward,2026-08-06,era_master_sheet.xlsx#AOM;review/livestock-v20/final_definition_tail_register.csv,Explicit descriptor “haulm” mapped through hard-tail decision AOM_002218; assertion 2.,
AOM_002231,Tamarind Leaves,aom:ingredientPart,AOM_101033,Leaf,material-component,move-under-plant-anatomy,approved-generated,Pete Steward,2026-08-05,data/livestock-staging/approved_ingredient_harmonization_rules.csv,Generated from approved rule under recorded guard; legacy material identity preserved.,COMPONENT-LEAF
AOM_002232,Tectona grandis Leaves,aom:ingredientPart,AOM_101033,Leaf,material-component,move-under-plant-anatomy,approved-generated,Pete Steward,2026-08-05,data/livestock-staging/approved_ingredient_harmonization_rules.csv,Generated from approved rule under recorded guard; legacy material identity preserved.,COMPONENT-LEAF
AOM_002236,Morus indica Leaves,aom:ingredientPart,AOM_101033,Leaf,material-component,move-under-plant-anatomy,approved-generated,Pete Steward,2026-08-05,data/livestock-staging/approved_ingredient_harmonization_rules.csv,Generated from approved rule under recorded guard; legacy material identity preserved.,COMPONENT-LEAF
AOM_002251,Morus alba Leaves,aom:ingredientPart,AOM_101033,Leaf,material-component,move-under-plant-anatomy,approved-generated,Pete Steward,2026-08-05,data/livestock-staging/approved_ingredient_harmonization_rules.csv,Generated from approved rule under recorded guard; legacy material identity preserved.,COMPONENT-LEAF
AOM_002345,Atriplex nummularia Leaves and Twigs,aom:ingredientPart,AOM_101033,Leaf,material-component,move-under-plant-anatomy,approved-generated,Pete Steward,2026-08-05,data/livestock-staging/approved_ingredient_harmonization_rules.csv,Generated from approved rule under recorded guard; legacy material identity preserved.,COMPONENT-LEAF
AOM_002347,Atriplex halimus Leaves and Twigs,aom:ingredientPart,AOM_101033,Leaf,material-component,move-under-plant-anatomy,approved-generated,Pete Steward,2026-08-05,data/livestock-staging/approved_ingredient_harmonization_rules.csv,Generated from approved rule under recorded guard; legacy material identity preserved.,COMPONENT-LEAF
AOM_002348,Date Leaves,aom:ingredientPart,AOM_101033,Leaf,material-component,move-under-plant-anatomy,approved-generated,Pete Steward,2026-08-05,data/livestock-staging/approved_ingredient_harmonization_rules.csv,Generated from approved rule under recorded guard; legacy material identity preserved.,COMPONENT-LEAF
AOM_003082,Anacardium occidentale Leaves,aom:ingredientPart,AOM_101033,Leaf,material-component,move-under-plant-anatomy,approved-generated,Pete Steward,2026-08-05,data/livestock-staging/approved_ingredient_harmonization_rules.csv,Generated from approved rule under recorded guard; legacy material identity preserved.,COMPONENT-LEAF
AOM_003083,Gmelina arborea Leaves,aom:ingredientPart,AOM_101033,Leaf,material-component,move-under-plant-anatomy,approved-generated,Pete Steward,2026-08-05,data/livestock-staging/approved_ingredient_harmonization_rules.csv,Generated from approved rule under recorded guard; legacy material identity preserved.,COMPONENT-LEAF
AOM_003106,Acacia mearnsii Leaves,aom:ingredientPart,AOM_101033,Leaf,material-component,move-under-plant-anatomy,approved-generated,Pete Steward,2026-08-05,data/livestock-staging/approved_ingredient_harmonization_rules.csv,Generated from approved rule under recorded guard; legacy material identity preserved.,COMPONENT-LEAF
AOM_003210,Grass Pea Haulm,aom:ingredientPart,AOM_101033,Leaf,material-component,move-under-plant-anatomy,approved,Pete Steward,2026-08-06,http://purl.obolibrary.org/obo/NCBITaxon_3860;wfo-0000212703,Explicit descriptor “haulm” mapped through hard-tail decision AOM_003210; assertion 2.,
AOM_003275,Balanites aegyptiaca Leaves,aom:ingredientPart,AOM_101033,Leaf,material-component,move-under-plant-anatomy,approved-generated,Pete Steward,2026-08-05,data/livestock-staging/approved_ingredient_harmonization_rules.csv,Generated from approved rule under recorded guard; legacy material identity preserved.,COMPONENT-LEAF
AOM_003492,Sugar Beet Leaves,aom:ingredientPart,AOM_101033,Leaf,material-component,move-under-plant-anatomy,approved-generated,Pete Steward,2026-08-05,data/livestock-staging/approved_ingredient_harmonization_rules.csv,Generated from approved rule under recorded guard; legacy material identity preserved.,COMPONENT-LEAF
AOM_003545,Aspilia africana Leaves and Twigs,aom:ingredientPart,AOM_101033,Leaf,material-component,move-under-plant-anatomy,approved-generated,Pete Steward,2026-08-05,data/livestock-staging/approved_ingredient_harmonization_rules.csv,Generated from approved rule under recorded guard; legacy material identity preserved.,COMPONENT-LEAF
AOM_003549,Centrosema pubescens Leaves,aom:ingredientPart,AOM_101033,Leaf,material-component,move-under-plant-anatomy,approved-generated,Pete Steward,2026-08-05,data/livestock-staging/approved_ingredient_harmonization_rules.csv,Generated from approved rule under recorded guard; legacy material identity preserved.,COMPONENT-LEAF
AOM_003553,Mangifera indica Leaves and Twigs,aom:ingredientPart,AOM_101033,Leaf,material-component,move-under-plant-anatomy,approved-generated,Pete Steward,2026-08-05,data/livestock-staging/approved_ingredient_harmonization_rules.csv,Generated from approved rule under recorded guard; legacy material identity preserved.,COMPONENT-LEAF
AOM_003558,Acioa barteri Leaves and Twigs,aom:ingredientPart,AOM_101033,Leaf,material-component,move-under-plant-anatomy,approved-generated,Pete Steward,2026-08-05,data/livestock-staging/approved_ingredient_harmonization_rules.csv,Generated from approved rule under recorded guard; legacy material identity preserved.,COMPONENT-LEAF
AOM_003582,Anacardium occidentale Leaves and Twigs,aom:ingredientPart,AOM_101033,Leaf,material-component,move-under-plant-anatomy,approved-generated,Pete Steward,2026-08-05,data/livestock-staging/approved_ingredient_harmonization_rules.csv,Generated from approved rule under recorded guard; legacy material identity preserved.,COMPONENT-LEAF
AOM_003668,Phyllanthus amarus Leaves,aom:ingredientPart,AOM_101033,Leaf,material-component,move-under-plant-anatomy,approved-generated,Pete Steward,2026-08-05,data/livestock-staging/approved_ingredient_harmonization_rules.csv,Generated from approved rule under recorded guard; legacy material identity preserved.,COMPONENT-LEAF
AOM_003683,Mangifera indica Leaves,aom:ingredientPart,AOM_101033,Leaf,material-component,move-under-plant-anatomy,approved-generated,Pete Steward,2026-08-05,data/livestock-staging/approved_ingredient_harmonization_rules.csv,Generated from approved rule under recorded guard; legacy material identity preserved.,COMPONENT-LEAF
AOM_003691,Pterocarpus erinaceus Leaves and Twigs,aom:ingredientPart,AOM_101033,Leaf,material-component,move-under-plant-anatomy,approved-generated,Pete Steward,2026-08-05,data/livestock-staging/approved_ingredient_harmonization_rules.csv,Generated from approved rule under recorded guard; legacy material identity preserved.,COMPONENT-LEAF
AOM_003703,Acacia auriculiformis Leaves,aom:ingredientPart,AOM_101033,Leaf,material-component,move-under-plant-anatomy,approved-generated,Pete Steward,2026-08-05,data/livestock-staging/approved_ingredient_harmonization_rules.csv,Generated from approved rule under recorded guard; legacy material identity preserved.,COMPONENT-LEAF
AOM_003895,Bambusa vulgaris Leaves,aom:ingredientPart,AOM_101033,Leaf,material-component,move-under-plant-anatomy,approved-generated,Pete Steward,2026-08-05,data/livestock-staging/approved_ingredient_harmonization_rules.csv,Generated from approved rule under recorded guard; legacy material identity preserved.,COMPONENT-LEAF
AOM_003896,Dendrocalamus giganteus Leaves,aom:ingredientPart,AOM_101033,Leaf,material-component,move-under-plant-anatomy,approved-generated,Pete Steward,2026-08-05,data/livestock-staging/approved_ingredient_harmonization_rules.csv,Generated from approved rule under recorded guard; legacy material identity preserved.,COMPONENT-LEAF
AOM_003900,Citrus aurantifolia Leaves,aom:ingredientPart,AOM_101033,Leaf,material-component,move-under-plant-anatomy,approved-generated,Pete Steward,2026-08-05,data/livestock-staging/approved_ingredient_harmonization_rules.csv,Generated from approved rule under recorded guard; legacy material identity preserved.,COMPONENT-LEAF
AOM_003901,Occicum gatissimum Leaves,aom:ingredientPart,AOM_101033,Leaf,material-component,move-under-plant-anatomy,approved-generated,Pete Steward,2026-08-05,data/livestock-staging/approved_ingredient_harmonization_rules.csv,Generated from approved rule under recorded guard; legacy material identity preserved.,COMPONENT-LEAF
AOM_003902,Vernonia amygdalina Leaves,aom:ingredientPart,AOM_101033,Leaf,material-component,move-under-plant-anatomy,approved-generated,Pete Steward,2026-08-05,data/livestock-staging/approved_ingredient_harmonization_rules.csv,Generated from approved rule under recorded guard; legacy material identity preserved.,COMPONENT-LEAF
AOM_003903,Moringa oleifera Leaves,aom:ingredientPart,AOM_101033,Leaf,material-component,move-under-plant-anatomy,approved-generated,Pete Steward,2026-08-05,data/livestock-staging/approved_ingredient_harmonization_rules.csv,Generated from approved rule under recorded guard; legacy material identity preserved.,COMPONENT-LEAF
AOM_003912,Megathyrsus maximus Leaves,aom:ingredientPart,AOM_101033,Leaf,material-component,move-under-plant-anatomy,approved-generated,Pete Steward,2026-08-05,data/livestock-staging/approved_ingredient_harmonization_rules.csv,Generated from approved rule under recorded guard; legacy material identity preserved.,COMPONENT-LEAF
AOM_003913,Bridelia ferruginea Leaves,aom:ingredientPart,AOM_101033,Leaf,material-component,move-under-plant-anatomy,approved-generated,Pete Steward,2026-08-05,data/livestock-staging/approved_ingredient_harmonization_rules.csv,Generated from approved rule under recorded guard; legacy material identity preserved.,COMPONENT-LEAF
AOM_003914,Bambusa balcooa Leaves,aom:ingredientPart,AOM_101033,Leaf,material-component,move-under-plant-anatomy,approved-generated,Pete Steward,2026-08-05,data/livestock-staging/approved_ingredient_harmonization_rules.csv,Generated from approved rule under recorded guard; legacy material identity preserved.,COMPONENT-LEAF
AOM_003915,Oxytenanthera abyssinica Leaves,aom:ingredientPart,AOM_101033,Leaf,material-component,move-under-plant-anatomy,approved-generated,Pete Steward,2026-08-05,data/livestock-staging/approved_ingredient_harmonization_rules.csv,Generated from approved rule under recorded guard; legacy material identity preserved.,COMPONENT-LEAF
AOM_003926,Vitex doniana Leaves,aom:ingredientPart,AOM_101033,Leaf,material-component,move-under-plant-anatomy,approved-generated,Pete Steward,2026-08-05,data/livestock-staging/approved_ingredient_harmonization_rules.csv,Generated from approved rule under recorded guard; legacy material identity preserved.,COMPONENT-LEAF
AOM_003950,Vitex doniana Leaves Ground,aom:ingredientPart,AOM_101033,Leaf,material-component,move-under-plant-anatomy,approved-generated,Pete Steward,2026-08-05,data/livestock-staging/approved_ingredient_harmonization_rules.csv,Generated from approved rule under recorded guard; legacy material identity preserved.,COMPONENT-LEAF
AOM_003954,Jatropha curcas Leaves,aom:ingredientPart,AOM_101033,Leaf,material-component,move-under-plant-anatomy,approved-generated,Pete Steward,2026-08-05,data/livestock-staging/approved_ingredient_harmonization_rules.csv,Generated from approved rule under recorded guard; legacy material identity preserved.,COMPONENT-LEAF
AOM_003972,Cassava Leaves and Twigs,aom:ingredientPart,AOM_101033,Leaf,material-component,move-under-plant-anatomy,approved-generated,Pete Steward,2026-08-05,data/livestock-staging/approved_ingredient_harmonization_rules.csv,Generated from approved rule under recorded guard; legacy material identity preserved.,COMPONENT-LEAF
AOM_003981,Ziziphus jujuba leaves,aom:ingredientPart,AOM_101033,Leaf,material-component,move-under-plant-anatomy,approved-generated,Pete Steward,2026-08-05,data/livestock-staging/approved_ingredient_harmonization_rules.csv,Generated from approved rule under recorded guard; legacy material identity preserved.,COMPONENT-LEAF
AOM_003989,Myrtus communis Leaves,aom:ingredientPart,AOM_101033,Leaf,material-component,move-under-plant-anatomy,approved-generated,Pete Steward,2026-08-05,data/livestock-staging/approved_ingredient_harmonization_rules.csv,Generated from approved rule under recorded guard; legacy material identity preserved.,COMPONENT-LEAF
AOM_003997,Clove Basil Leaves Extract,aom:ingredientPart,AOM_101033,Leaf,material-component,move-under-plant-anatomy,approved-generated,Pete Steward,2026-08-05,data/livestock-staging/approved_ingredient_harmonization_rules.csv,Generated from approved rule under recorded guard; legacy material identity preserved.,COMPONENT-LEAF
AOM_003999,Viscum album Leaves,aom:ingredientPart,AOM_101033,Leaf,material-component,move-under-plant-anatomy,approved-generated,Pete Steward,2026-08-05,data/livestock-staging/approved_ingredient_harmonization_rules.csv,Generated from approved rule under recorded guard; legacy material identity preserved.,COMPONENT-LEAF
AOM_006007,Khaya senegalensis Leaves Dried,aom:ingredientPart,AOM_101033,Leaf,material-component,move-under-plant-anatomy,approved-generated,Pete Steward,2026-08-05,data/livestock-staging/approved_ingredient_harmonization_rules.csv,Generated from approved rule under recorded guard; legacy material identity preserved.,COMPONENT-LEAF
AOM_006009,Pterocarpus lucens Leaves,aom:ingredientPart,AOM_101033,Leaf,material-component,move-under-plant-anatomy,approved-generated,Pete Steward,2026-08-05,data/livestock-staging/approved_ingredient_harmonization_rules.csv,Generated from approved rule under recorded guard; legacy material identity preserved.,COMPONENT-LEAF
AOM_006010,Pterocarpus lucens Leaves Dried,aom:ingredientPart,AOM_101033,Leaf,material-component,move-under-plant-anatomy,approved-generated,Pete Steward,2026-08-05,data/livestock-staging/approved_ingredient_harmonization_rules.csv,Generated from approved rule under recorded guard; legacy material identity preserved.,COMPONENT-LEAF
AOM_006015,Enterolobium cyclocarpum Leaves,aom:ingredientPart,AOM_101033,Leaf,material-component,move-under-plant-anatomy,approved-generated,Pete Steward,2026-08-05,data/livestock-staging/approved_ingredient_harmonization_rules.csv,Generated from approved rule under recorded guard; legacy material identity preserved.,COMPONENT-LEAF
AOM_006016,Acacia auriculiformis Leaves Dried Ground,aom:ingredientPart,AOM_101033,Leaf,material-component,move-under-plant-anatomy,approved-generated,Pete Steward,2026-08-05,data/livestock-staging/approved_ingredient_harmonization_rules.csv,Generated from approved rule under recorded guard; legacy material identity preserved.,COMPONENT-LEAF
AOM_006017,Acacia brevispica Leaves Crushed Dried,aom:ingredientPart,AOM_101033,Leaf,material-component,move-under-plant-anatomy,approved-generated,Pete Steward,2026-08-05,data/livestock-staging/approved_ingredient_harmonization_rules.csv,Generated from approved rule under recorded guard; legacy material identity preserved.,COMPONENT-LEAF
AOM_006018,Acacia karroo Leaves Dried,aom:ingredientPart,AOM_101033,Leaf,material-component,move-under-plant-anatomy,approved-generated,Pete Steward,2026-08-05,data/livestock-staging/approved_ingredient_harmonization_rules.csv,Generated from approved rule under recorded guard; legacy material identity preserved.,COMPONENT-LEAF
AOM_006025,Azadirachta indica Leaves Wilted,aom:ingredientPart,AOM_101033,Leaf,material-component,move-under-plant-anatomy,approved-generated,Pete Steward,2026-08-05,data/livestock-staging/approved_ingredient_harmonization_rules.csv,Generated from approved rule under recorded guard; legacy material identity preserved.,COMPONENT-LEAF
AOM_006026,Balanites aegyptiaca Leaves Ground,aom:ingredientPart,AOM_101033,Leaf,material-component,move-under-plant-anatomy,approved-generated,Pete Steward,2026-08-05,data/livestock-staging/approved_ingredient_harmonization_rules.csv,Generated from approved rule under recorded guard; legacy material identity preserved.,COMPONENT-LEAF
AOM_006028,Bamboo Leaves Dried,aom:ingredientPart,AOM_101033,Leaf,material-component,move-under-plant-anatomy,approved-generated,Pete Steward,2026-08-05,data/livestock-staging/approved_ingredient_harmonization_rules.csv,Generated from approved rule under recorded guard; legacy material identity preserved.,COMPONENT-LEAF
AOM_006029,Bamboo Leaves Wilted,aom:ingredientPart,AOM_101033,Leaf,material-component,move-under-plant-anatomy,approved-generated,Pete Steward,2026-08-05,data/livestock-staging/approved_ingredient_harmonization_rules.csv,Generated from approved rule under recorded guard; legacy material identity preserved.,COMPONENT-LEAF
AOM_006030,Bambusa balcooa Leaves Dried,aom:ingredientPart,AOM_101033,Leaf,material-component,move-under-plant-anatomy,approved-generated,Pete Steward,2026-08-05,data/livestock-staging/approved_ingredient_harmonization_rules.csv,Generated from approved rule under recorded guard; legacy material identity preserved.,COMPONENT-LEAF
AOM_006032,Banana Leaves Dried,aom:ingredientPart,AOM_101033,Leaf,material-component,move-under-plant-anatomy,approved-generated,Pete Steward,2026-08-05,data/livestock-staging/approved_ingredient_harmonization_rules.csv,Generated from approved rule under recorded guard; legacy material identity preserved.,COMPONENT-LEAF
AOM_006036,Acacia senegal Leaves Wilted,aom:ingredientPart,AOM_101033,Leaf,material-component,move-under-plant-anatomy,approved-generated,Pete Steward,2026-08-05,data/livestock-staging/approved_ingredient_harmonization_rules.csv,Generated from approved rule under recorded guard; legacy material identity preserved.,COMPONENT-LEAF
AOM_006038,Acacia tortilis Leaves Wilted,aom:ingredientPart,AOM_101033,Leaf,material-component,move-under-plant-anatomy,approved-generated,Pete Steward,2026-08-05,data/livestock-staging/approved_ingredient_harmonization_rules.csv,Generated from approved rule under recorded guard; legacy material identity preserved.,COMPONENT-LEAF
AOM_006041,Berchemia discolor Leaves Crushed Dried,aom:ingredientPart,AOM_101033,Leaf,material-component,move-under-plant-anatomy,approved-generated,Pete Steward,2026-08-05,data/livestock-staging/approved_ingredient_harmonization_rules.csv,Generated from approved rule under recorded guard; legacy material identity preserved.,COMPONENT-LEAF
AOM_006048,Calliandra calothyrsus Leaves Dried,aom:ingredientPart,AOM_101033,Leaf,material-component,move-under-plant-anatomy,approved-generated,Pete Steward,2026-08-05,data/livestock-staging/approved_ingredient_harmonization_rules.csv,Generated from approved rule under recorded guard; legacy material identity preserved.,COMPONENT-LEAF
AOM_006053,Cassava Leaves and Twigs Dried,aom:ingredientPart,AOM_101033,Leaf,material-component,move-under-plant-anatomy,approved-generated,Pete Steward,2026-08-05,data/livestock-staging/approved_ingredient_harmonization_rules.csv,Generated from approved rule under recorded guard; legacy material identity preserved.,COMPONENT-LEAF
AOM_006061,Centrosema pubescens Leaves Dried Ground,aom:ingredientPart,AOM_101033,Leaf,material-component,move-under-plant-anatomy,approved-generated,Pete Steward,2026-08-05,data/livestock-staging/approved_ingredient_harmonization_rules.csv,Generated from approved rule under recorded guard; legacy material identity preserved.,COMPONENT-LEAF
AOM_006068,Coffee Leaves Dried,aom:ingredientPart,AOM_101033,Leaf,material-component,move-under-plant-anatomy,approved-generated,Pete Steward,2026-08-05,data/livestock-staging/approved_ingredient_harmonization_rules.csv,Generated from approved rule under recorded guard; legacy material identity preserved.,COMPONENT-LEAF
AOM_006077,Daniellia oliveri Leaves Dried Ground,aom:ingredientPart,AOM_101033,Leaf,material-component,move-under-plant-anatomy,approved-generated,Pete Steward,2026-08-05,data/livestock-staging/approved_ingredient_harmonization_rules.csv,Generated from approved rule under recorded guard; legacy material identity preserved.,COMPONENT-LEAF
AOM_006088,Eclipta alba Leaves Dried,aom:ingredientPart,AOM_101033,Leaf,material-component,move-under-plant-anatomy,approved-generated,Pete Steward,2026-08-05,data/livestock-staging/approved_ingredient_harmonization_rules.csv,Generated from approved rule under recorded guard; legacy material identity preserved.,COMPONENT-LEAF
AOM_006105,Gmelina arborea Leaves Dried Ground,aom:ingredientPart,AOM_101033,Leaf,material-component,move-under-plant-anatomy,approved-generated,Pete Steward,2026-08-05,data/livestock-staging/approved_ingredient_harmonization_rules.csv,Generated from approved rule under recorded guard; legacy material identity preserved.,COMPONENT-LEAF
AOM_006106,Gmelina arborea Leaves Wilted,aom:ingredientPart,AOM_101033,Leaf,material-component,move-under-plant-anatomy,approved-generated,Pete Steward,2026-08-05,data/livestock-staging/approved_ingredient_harmonization_rules.csv,Generated from approved rule under recorded guard; legacy material identity preserved.,COMPONENT-LEAF
AOM_006121,Jatropha curcas Leaves Dried Ground,aom:ingredientPart,AOM_101033,Leaf,material-component,move-under-plant-anatomy,approved-generated,Pete Steward,2026-08-05,data/livestock-staging/approved_ingredient_harmonization_rules.csv,Generated from approved rule under recorded guard; legacy material identity preserved.,COMPONENT-LEAF
AOM_006122,Lantana camara Leaves Dried Ground,aom:ingredientPart,AOM_101033,Leaf,material-component,move-under-plant-anatomy,approved-generated,Pete Steward,2026-08-05,data/livestock-staging/approved_ingredient_harmonization_rules.csv,Generated from approved rule under recorded guard; legacy material identity preserved.,COMPONENT-LEAF
AOM_006137,Moringa stenopetala Leaves Dried,aom:ingredientPart,AOM_101033,Leaf,material-component,move-under-plant-anatomy,approved-generated,Pete Steward,2026-08-05,data/livestock-staging/approved_ingredient_harmonization_rules.csv,Generated from approved rule under recorded guard; legacy material identity preserved.,COMPONENT-LEAF
AOM_006138,Morus alba Leaves Crushed Dried,aom:ingredientPart,AOM_101033,Leaf,material-component,move-under-plant-anatomy,approved-generated,Pete Steward,2026-08-05,data/livestock-staging/approved_ingredient_harmonization_rules.csv,Generated from approved rule under recorded guard; legacy material identity preserved.,COMPONENT-LEAF
AOM_006139,Morus indica Leaves Crushed Dried,aom:ingredientPart,AOM_101033,Leaf,material-component,move-under-plant-anatomy,approved-generated,Pete Steward,2026-08-05,data/livestock-staging/approved_ingredient_harmonization_rules.csv,Generated from approved rule under recorded guard; legacy material identity preserved.,COMPONENT-LEAF
AOM_006140,Myrtus communis Leaves Dried Ground,aom:ingredientPart,AOM_101033,Leaf,material-component,move-under-plant-anatomy,approved-generated,Pete Steward,2026-08-05,data/livestock-staging/approved_ingredient_harmonization_rules.csv,Generated from approved rule under recorded guard; legacy material identity preserved.,COMPONENT-LEAF
AOM_006149,Oxytenanthera abyssinica Leaves Dried,aom:ingredientPart,AOM_101033,Leaf,material-component,move-under-plant-anatomy,approved-generated,Pete Steward,2026-08-05,data/livestock-staging/approved_ingredient_harmonization_rules.csv,Generated from approved rule under recorded guard; legacy material identity preserved.,COMPONENT-LEAF
AOM_006177,Ziziphus jujube Leaves Dried,aom:ingredientPart,AOM_101033,Leaf,material-component,move-under-plant-anatomy,approved-generated,Pete Steward,2026-08-05,data/livestock-staging/approved_ingredient_harmonization_rules.csv,Generated from approved rule under recorded guard; legacy material identity preserved.,COMPONENT-LEAF
AOM_006185,Vitex doniana Leaves Dried Ground,aom:ingredientPart,AOM_101033,Leaf,material-component,move-under-plant-anatomy,approved-generated,Pete Steward,2026-08-05,data/livestock-staging/approved_ingredient_harmonization_rules.csv,Generated from approved rule under recorded guard; legacy material identity preserved.,COMPONENT-LEAF
AOM_006209,Vernonia amygdalina Leaves Dried,aom:ingredientPart,AOM_101033,Leaf,material-component,move-under-plant-anatomy,approved-generated,Pete Steward,2026-08-05,data/livestock-staging/approved_ingredient_harmonization_rules.csv,Generated from approved rule under recorded guard; legacy material identity preserved.,COMPONENT-LEAF
AOM_006210,Vernonia amygdalina Leaves Crushed Dried,aom:ingredientPart,AOM_101033,Leaf,material-component,move-under-plant-anatomy,approved-generated,Pete Steward,2026-08-05,data/livestock-staging/approved_ingredient_harmonization_rules.csv,Generated from approved rule under recorded guard; legacy material identity preserved.,COMPONENT-LEAF
AOM_006212,Vachellia polyacantha Leaves Ground,aom:ingredientPart,AOM_101033,Leaf,material-component,move-under-plant-anatomy,approved-generated,Pete Steward,2026-08-05,data/livestock-staging/approved_ingredient_harmonization_rules.csv,Generated from approved rule under recorded guard; legacy material identity preserved.,COMPONENT-LEAF
AOM_006213,Bamboo Leaves Dried Ensiled Molasse Treated Urea Treated,aom:ingredientPart,AOM_101033,Leaf,material-component,move-under-plant-anatomy,approved-generated,Pete Steward,2026-08-05,data/livestock-staging/approved_ingredient_harmonization_rules.csv,Generated from approved rule under recorded guard; legacy material identity preserved.,COMPONENT-LEAF
AOM_006227,Moringa oleifera Leaves Extract Dried Ground,aom:ingredientPart,AOM_101033,Leaf,material-component,move-under-plant-anatomy,approved-generated,Pete Steward,2026-08-05,data/livestock-staging/approved_ingredient_harmonization_rules.csv,Generated from approved rule under recorded guard; legacy material identity preserved.,COMPONENT-LEAF
AOM_006261,Tectona grandis Leaves Wilted,aom:ingredientPart,AOM_101033,Leaf,material-component,move-under-plant-anatomy,approved-generated,Pete Steward,2026-08-05,data/livestock-staging/approved_ingredient_harmonization_rules.csv,Generated from approved rule under recorded guard; legacy material identity preserved.,COMPONENT-LEAF
AOM_006281,Date Leaves Dried,aom:ingredientPart,AOM_101033,Leaf,material-component,move-under-plant-anatomy,approved-generated,Pete Steward,2026-08-05,data/livestock-staging/approved_ingredient_harmonization_rules.csv,Generated from approved rule under recorded guard; legacy material identity preserved.,COMPONENT-LEAF
AOM_006282,Date Leaves Wilted,aom:ingredientPart,AOM_101033,Leaf,material-component,move-under-plant-anatomy,approved-generated,Pete Steward,2026-08-05,data/livestock-staging/approved_ingredient_harmonization_rules.csv,Generated from approved rule under recorded guard; legacy material identity preserved.,COMPONENT-LEAF
AOM_006283,Date Leaves Ensiled Wilted,aom:ingredientPart,AOM_101033,Leaf,material-component,move-under-plant-anatomy,approved-generated,Pete Steward,2026-08-05,data/livestock-staging/approved_ingredient_harmonization_rules.csv,Generated from approved rule under recorded guard; legacy material identity preserved.,COMPONENT-LEAF
AOM_006284,Date Leaves Dried Enzyme Treated,aom:ingredientPart,AOM_101033,Leaf,material-component,move-under-plant-anatomy,approved-generated,Pete Steward,2026-08-05,data/livestock-staging/approved_ingredient_harmonization_rules.csv,Generated from approved rule under recorded guard; legacy material identity preserved.,COMPONENT-LEAF
AOM_006285,Date Leaves Ensiled Sprouted Wilted,aom:ingredientPart,AOM_101033,Leaf,material-component,move-under-plant-anatomy,approved-generated,Pete Steward,2026-08-05,data/livestock-staging/approved_ingredient_harmonization_rules.csv,Generated from approved rule under recorded guard; legacy material identity preserved.,COMPONENT-LEAF
AOM_006293,Polyalthia longifolia Leaves Dried,aom:ingredientPart,AOM_101033,Leaf,material-component,move-under-plant-anatomy,approved-generated,Pete Steward,2026-08-05,data/livestock-staging/approved_ingredient_harmonization_rules.csv,Generated from approved rule under recorded guard; legacy material identity preserved.,COMPONENT-LEAF
AOM_006308,Sesbania sesban Leaves Dried Ground,aom:ingredientPart,AOM_101033,Leaf,material-component,move-under-plant-anatomy,approved-generated,Pete Steward,2026-08-05,data/livestock-staging/approved_ingredient_harmonization_rules.csv,Generated from approved rule under recorded guard; legacy material identity preserved.,COMPONENT-LEAF
AOM_006358,Acacia saligna Leaves and Soft Twig Dried,aom:ingredientPart,AOM_101033,Leaf,material-component,move-under-plant-anatomy,approved-generated,Pete Steward,2026-08-05,data/livestock-staging/approved_ingredient_harmonization_rules.csv,Generated from approved rule under recorded guard; legacy material identity preserved.,COMPONENT-LEAF
AOM_006359,Afzelia africana Leaves and Twigs,aom:ingredientPart,AOM_101033,Leaf,material-component,move-under-plant-anatomy,approved-generated,Pete Steward,2026-08-05,data/livestock-staging/approved_ingredient_harmonization_rules.csv,Generated from approved rule under recorded guard; legacy material identity preserved.,COMPONENT-LEAF
AOM_006360,Annona senegalensis Leaves and Twigs Wilted,aom:ingredientPart,AOM_101033,Leaf,material-component,move-under-plant-anatomy,approved-generated,Pete Steward,2026-08-05,data/livestock-staging/approved_ingredient_harmonization_rules.csv,Generated from approved rule under recorded guard; legacy material identity preserved.,COMPONENT-LEAF
AOM_006373,Ficus exasperata leaves and twigs,aom:ingredientPart,AOM_101033,Leaf,material-component,move-under-plant-anatomy,approved-generated,Pete Steward,2026-08-05,data/livestock-staging/approved_ingredient_harmonization_rules.csv,Generated from approved rule under recorded guard; legacy material identity preserved.,COMPONENT-LEAF
AOM_006376,Gliciridia sepium Leaves Wilted,aom:ingredientPart,AOM_101033,Leaf,material-component,move-under-plant-anatomy,approved-generated,Pete Steward,2026-08-05,data/livestock-staging/approved_ingredient_harmonization_rules.csv,Generated from approved rule under recorded guard; legacy material identity preserved.,COMPONENT-LEAF
AOM_006381,Leucaena leucocephala Leaves Wilted,aom:ingredientPart,AOM_101033,Leaf,material-component,move-under-plant-anatomy,approved-generated,Pete Steward,2026-08-05,data/livestock-staging/approved_ingredient_harmonization_rules.csv,Generated from approved rule under recorded guard; legacy material identity preserved.,COMPONENT-LEAF
AOM_006385,Pericopis laxiflora Leaves and Twigs,aom:ingredientPart,AOM_101033,Leaf,material-component,move-under-plant-anatomy,approved-generated,Pete Steward,2026-08-05,data/livestock-staging/approved_ingredient_harmonization_rules.csv,Generated from approved rule under recorded guard; legacy material identity preserved.,COMPONENT-LEAF
AOM_00672,Sugar Beet Leaves Ensiled Wilted,aom:ingredientPart,AOM_101033,Leaf,material-component,move-under-plant-anatomy,approved-generated,Pete Steward,2026-08-05,data/livestock-staging/approved_ingredient_harmonization_rules.csv,Generated from approved rule under recorded guard; legacy material identity preserved.,COMPONENT-LEAF
AOM_000640,Yam Peels,aom:ingredientPart,AOM_101034,Peel,material-component,hold-exact-anatomical-scope,approved,Pete Steward,2026-08-06,01540;http://purl.obolibrary.org/obo/NCBITaxon_4672;wfo-7000000192,Explicit descriptor “peels” mapped through hard-tail decision AOM_000640; assertion 1.,
AOM_001176,Banana Peel,aom:ingredientPart,AOM_101034,Peel,material-component,hold-exact-anatomical-scope,approved-generated,Pete Steward,2026-08-05,data/livestock-staging/approved_ingredient_harmonization_rules.csv,Generated from approved rule under recorded guard; legacy material identity preserved.,COMPONENT-PEEL
AOM_001195,Mango Peel Dried,aom:ingredientPart,AOM_101034,Peel,material-component,hold-exact-anatomical-scope,approved-generated,Pete Steward,2026-08-05,data/livestock-staging/approved_ingredient_harmonization_rules.csv,Generated from approved rule under recorded guard; legacy material identity preserved.,COMPONENT-PEEL
AOM_001259,Lemon Peel Essential Oil,aom:ingredientPart,AOM_101034,Peel,material-component,hold-exact-anatomical-scope,approved-generated,Pete Steward,2026-08-05,data/livestock-staging/approved_ingredient_harmonization_rules.csv,Generated from approved rule under recorded guard; legacy material identity preserved.,COMPONENT-PEEL
AOM_001283,Plantain Peel,aom:ingredientPart,AOM_101034,Peel,material-component,hold-exact-anatomical-scope,approved-generated,Pete Steward,2026-08-05,data/livestock-staging/approved_ingredient_harmonization_rules.csv,Generated from approved rule under recorded guard; legacy material identity preserved.,COMPONENT-PEEL
AOM_001627,Cassava Peel Dried,aom:ingredientPart,AOM_101034,Peel,material-component,hold-exact-anatomical-scope,approved-generated,Pete Steward,2026-08-05,data/livestock-staging/approved_ingredient_harmonization_rules.csv,Generated from approved rule under recorded guard; legacy material identity preserved.,COMPONENT-PEEL
AOM_001803,Cassava Peel Dried Ground,aom:ingredientPart,AOM_101034,Peel,material-component,hold-exact-anatomical-scope,approved-generated,Pete Steward,2026-08-05,data/livestock-staging/approved_ingredient_harmonization_rules.csv,Generated from approved rule under recorded guard; legacy material identity preserved.,COMPONENT-PEEL
AOM_001946,Plantain Peel Dried Ground,aom:ingredientPart,AOM_101034,Peel,material-component,hold-exact-anatomical-scope,approved-generated,Pete Steward,2026-08-05,data/livestock-staging/approved_ingredient_harmonization_rules.csv,Generated from approved rule under recorded guard; legacy material identity preserved.,COMPONENT-PEEL
AOM_002027,Cassava Peel Ground,aom:ingredientPart,AOM_101034,Peel,material-component,hold-exact-anatomical-scope,approved-generated,Pete Steward,2026-08-05,data/livestock-staging/approved_ingredient_harmonization_rules.csv,Generated from approved rule under recorded guard; legacy material identity preserved.,COMPONENT-PEEL
AOM_002101,Sweet Potato Peels,aom:ingredientPart,AOM_101034,Peel,material-component,hold-exact-anatomical-scope,approved,Pete Steward,2026-08-06,https://www.feedipedia.org/node/26513,Explicit descriptor “peels” mapped through hard-tail decision AOM_002101; assertion 1.,
AOM_002112,Cassava Peel,aom:ingredientPart,AOM_101034,Peel,material-component,hold-exact-anatomical-scope,approved-generated,Pete Steward,2026-08-05,data/livestock-staging/approved_ingredient_harmonization_rules.csv,Generated from approved rule under recorded guard; legacy material identity preserved.,COMPONENT-PEEL
AOM_002344,Sugarcane Peel,aom:ingredientPart,AOM_101034,Peel,material-component,hold-exact-anatomical-scope,approved-generated,Pete Steward,2026-08-05,data/livestock-staging/approved_ingredient_harmonization_rules.csv,Generated from approved rule under recorded guard; legacy material identity preserved.,COMPONENT-PEEL
AOM_006054,Cassava Peel Ensiled,aom:ingredientPart,AOM_101034,Peel,material-component,hold-exact-anatomical-scope,approved-generated,Pete Steward,2026-08-05,data/livestock-staging/approved_ingredient_harmonization_rules.csv,Generated from approved rule under recorded guard; legacy material identity preserved.,COMPONENT-PEEL
AOM_006055,Cassava Peel Crushed Dried,aom:ingredientPart,AOM_101034,Peel,material-component,hold-exact-anatomical-scope,approved-generated,Pete Steward,2026-08-05,data/livestock-staging/approved_ingredient_harmonization_rules.csv,Generated from approved rule under recorded guard; legacy material identity preserved.,COMPONENT-PEEL
AOM_006056,Cassava Peel Dried Wilted,aom:ingredientPart,AOM_101034,Peel,material-component,hold-exact-anatomical-scope,approved-generated,Pete Steward,2026-08-05,data/livestock-staging/approved_ingredient_harmonization_rules.csv,Generated from approved rule under recorded guard; legacy material identity preserved.,COMPONENT-PEEL
AOM_006057,Cassava Peel Grated Pressed,aom:ingredientPart,AOM_101034,Peel,material-component,hold-exact-anatomical-scope,approved-generated,Pete Steward,2026-08-05,data/livestock-staging/approved_ingredient_harmonization_rules.csv,Generated from approved rule under recorded guard; legacy material identity preserved.,COMPONENT-PEEL
AOM_006058,Cassava Peel Dried Ensiled Wilted,aom:ingredientPart,AOM_101034,Peel,material-component,hold-exact-anatomical-scope,approved-generated,Pete Steward,2026-08-05,data/livestock-staging/approved_ingredient_harmonization_rules.csv,Generated from approved rule under recorded guard; legacy material identity preserved.,COMPONENT-PEEL
AOM_006203,Opuntia ficus indica Peel,aom:ingredientPart,AOM_101034,Peel,material-component,hold-exact-anatomical-scope,approved-generated,Pete Steward,2026-08-05,data/livestock-staging/approved_ingredient_harmonization_rules.csv,Generated from approved rule under recorded guard; legacy material identity preserved.,COMPONENT-PEEL
AOM_006214,Cassava Peel Grated Pressed Urea Treated,aom:ingredientPart,AOM_101034,Peel,material-component,hold-exact-anatomical-scope,approved-generated,Pete Steward,2026-08-05,data/livestock-staging/approved_ingredient_harmonization_rules.csv,Generated from approved rule under recorded guard; legacy material identity preserved.,COMPONENT-PEEL
AOM_006215,Cassava Peel Enzyme Treated Ground,aom:ingredientPart,AOM_101034,Peel,material-component,hold-exact-anatomical-scope,approved-generated,Pete Steward,2026-08-05,data/livestock-staging/approved_ingredient_harmonization_rules.csv,Generated from approved rule under recorded guard; legacy material identity preserved.,COMPONENT-PEEL
AOM_006216,Cassava Peel Urea Treated,aom:ingredientPart,AOM_101034,Peel,material-component,hold-exact-anatomical-scope,approved-generated,Pete Steward,2026-08-05,data/livestock-staging/approved_ingredient_harmonization_rules.csv,Generated from approved rule under recorded guard; legacy material identity preserved.,COMPONENT-PEEL
AOM_006264,Sugarcane Peel Dried Ground,aom:ingredientPart,AOM_101034,Peel,material-component,hold-exact-anatomical-scope,approved-generated,Pete Steward,2026-08-05,data/livestock-staging/approved_ingredient_harmonization_rules.csv,Generated from approved rule under recorded guard; legacy material identity preserved.,COMPONENT-PEEL
AOM_006352,Cassava Peel Crushed,aom:ingredientPart,AOM_101034,Peel,material-component,hold-exact-anatomical-scope,approved-generated,Pete Steward,2026-08-05,data/livestock-staging/approved_ingredient_harmonization_rules.csv,Generated from approved rule under recorded guard; legacy material identity preserved.,COMPONENT-PEEL
AOM_006353,Cassava Peel Crushed Urea Treated,aom:ingredientPart,AOM_101034,Peel,material-component,hold-exact-anatomical-scope,approved-generated,Pete Steward,2026-08-05,data/livestock-staging/approved_ingredient_harmonization_rules.csv,Generated from approved rule under recorded guard; legacy material identity preserved.,COMPONENT-PEEL
AOM_000713,Prosopis juliflora Pods,aom:ingredientPart,AOM_101035,Pod,material-component,move-under-plant-anatomy,approved-generated,Pete Steward,2026-08-05,data/livestock-staging/approved_ingredient_harmonization_rules.csv,Generated from approved rule under recorded guard; legacy material identity preserved.,COMPONENT-POD
AOM_001122,Acacia senegal Pods,aom:ingredientPart,AOM_101035,Pod,material-component,move-under-plant-anatomy,approved-generated,Pete Steward,2026-08-05,data/livestock-staging/approved_ingredient_harmonization_rules.csv,Generated from approved rule under recorded guard; legacy material identity preserved.,COMPONENT-POD
AOM_001183,Cocoa Pods Husk,aom:ingredientPart,AOM_101035,Pod,material-component,move-under-plant-anatomy,approved-generated,Pete Steward,2026-08-05,data/livestock-staging/approved_ingredient_harmonization_rules.csv,Generated from approved rule under recorded guard; legacy material identity preserved.,COMPONENT-POD
AOM_001184,Cocoa Pods Husk Ground,aom:ingredientPart,AOM_101035,Pod,material-component,move-under-plant-anatomy,approved-generated,Pete Steward,2026-08-05,data/livestock-staging/approved_ingredient_harmonization_rules.csv,Generated from approved rule under recorded guard; legacy material identity preserved.,COMPONENT-POD
AOM_001225,Medicago Pods,aom:ingredientPart,AOM_101035,Pod,material-component,move-under-plant-anatomy,approved-generated,Pete Steward,2026-08-05,data/livestock-staging/approved_ingredient_harmonization_rules.csv,Generated from approved rule under recorded guard; legacy material identity preserved.,COMPONENT-POD
AOM_001560,Potamogeton lucens Pods,aom:ingredientPart,AOM_101035,Pod,material-component,move-under-plant-anatomy,approved-generated,Pete Steward,2026-08-05,data/livestock-staging/approved_ingredient_harmonization_rules.csv,Generated from approved rule under recorded guard; legacy material identity preserved.,COMPONENT-POD
AOM_001595,Acacia nilotica Pods,aom:ingredientPart,AOM_101035,Pod,material-component,move-under-plant-anatomy,approved-generated,Pete Steward,2026-08-05,data/livestock-staging/approved_ingredient_harmonization_rules.csv,Generated from approved rule under recorded guard; legacy material identity preserved.,COMPONENT-POD
AOM_001596,Acacia nilotica Pods Dried,aom:ingredientPart,AOM_101035,Pod,material-component,move-under-plant-anatomy,approved-generated,Pete Steward,2026-08-05,data/livestock-staging/approved_ingredient_harmonization_rules.csv,Generated from approved rule under recorded guard; legacy material identity preserved.,COMPONENT-POD
AOM_001598,Acacia senegal Pods Dried,aom:ingredientPart,AOM_101035,Pod,material-component,move-under-plant-anatomy,approved-generated,Pete Steward,2026-08-05,data/livestock-staging/approved_ingredient_harmonization_rules.csv,Generated from approved rule under recorded guard; legacy material identity preserved.,COMPONENT-POD
AOM_001601,Acacia tortilis Pods Ground,aom:ingredientPart,AOM_101035,Pod,material-component,move-under-plant-anatomy,approved-generated,Pete Steward,2026-08-05,data/livestock-staging/approved_ingredient_harmonization_rules.csv,Generated from approved rule under recorded guard; legacy material identity preserved.,COMPONENT-POD
AOM_001602,Acacia tortilis Pods Dried,aom:ingredientPart,AOM_101035,Pod,material-component,move-under-plant-anatomy,approved-generated,Pete Steward,2026-08-05,data/livestock-staging/approved_ingredient_harmonization_rules.csv,Generated from approved rule under recorded guard; legacy material identity preserved.,COMPONENT-POD
AOM_001730,Prosopis juliflora Pods Ground,aom:ingredientPart,AOM_101035,Pod,material-component,move-under-plant-anatomy,approved-generated,Pete Steward,2026-08-05,data/livestock-staging/approved_ingredient_harmonization_rules.csv,Generated from approved rule under recorded guard; legacy material identity preserved.,COMPONENT-POD
AOM_001758,Acacia brevispica Pods,aom:ingredientPart,AOM_101035,Pod,material-component,move-under-plant-anatomy,approved-generated,Pete Steward,2026-08-05,data/livestock-staging/approved_ingredient_harmonization_rules.csv,Generated from approved rule under recorded guard; legacy material identity preserved.,COMPONENT-POD
AOM_001759,Acacia brevispica Pods Dried,aom:ingredientPart,AOM_101035,Pod,material-component,move-under-plant-anatomy,approved-generated,Pete Steward,2026-08-05,data/livestock-staging/approved_ingredient_harmonization_rules.csv,Generated from approved rule under recorded guard; legacy material identity preserved.,COMPONENT-POD
AOM_001963,Potamogeton lucens Pods Dried,aom:ingredientPart,AOM_101035,Pod,material-component,move-under-plant-anatomy,approved-generated,Pete Steward,2026-08-05,data/livestock-staging/approved_ingredient_harmonization_rules.csv,Generated from approved rule under recorded guard; legacy material identity preserved.,COMPONENT-POD
AOM_002012,Cocoa Pods Husk Boiled Dried Ground,aom:ingredientPart,AOM_101035,Pod,material-component,move-under-plant-anatomy,approved-generated,Pete Steward,2026-08-05,data/livestock-staging/approved_ingredient_harmonization_rules.csv,Generated from approved rule under recorded guard; legacy material identity preserved.,COMPONENT-POD
AOM_002041,Acacia sieberiana Pods,aom:ingredientPart,AOM_101035,Pod,material-component,move-under-plant-anatomy,approved-generated,Pete Steward,2026-08-05,data/livestock-staging/approved_ingredient_harmonization_rules.csv,Generated from approved rule under recorded guard; legacy material identity preserved.,COMPONENT-POD
AOM_002042,Acacia sieberiana Pods Dried,aom:ingredientPart,AOM_101035,Pod,material-component,move-under-plant-anatomy,approved-generated,Pete Steward,2026-08-05,data/livestock-staging/approved_ingredient_harmonization_rules.csv,Generated from approved rule under recorded guard; legacy material identity preserved.,COMPONENT-POD
AOM_002043,Acacia sieberiana Pods Dried Ground,aom:ingredientPart,AOM_101035,Pod,material-component,move-under-plant-anatomy,approved-generated,Pete Steward,2026-08-05,data/livestock-staging/approved_ingredient_harmonization_rules.csv,Generated from approved rule under recorded guard; legacy material identity preserved.,COMPONENT-POD
AOM_002049,Faidherbia albida Pods,aom:ingredientPart,AOM_101035,Pod,material-component,move-under-plant-anatomy,approved-generated,Pete Steward,2026-08-05,data/livestock-staging/approved_ingredient_harmonization_rules.csv,Generated from approved rule under recorded guard; legacy material identity preserved.,COMPONENT-POD
AOM_002050,Faidherbia albida Pods Ground,aom:ingredientPart,AOM_101035,Pod,material-component,move-under-plant-anatomy,approved-generated,Pete Steward,2026-08-05,data/livestock-staging/approved_ingredient_harmonization_rules.csv,Generated from approved rule under recorded guard; legacy material identity preserved.,COMPONENT-POD
AOM_002051,Faidherbia albida Pods Dried Ground Soaked,aom:ingredientPart,AOM_101035,Pod,material-component,move-under-plant-anatomy,approved-generated,Pete Steward,2026-08-05,data/livestock-staging/approved_ingredient_harmonization_rules.csv,Generated from approved rule under recorded guard; legacy material identity preserved.,COMPONENT-POD
AOM_002087,Prosopis Pods Ground,aom:ingredientPart,AOM_101035,Pod,material-component,move-under-plant-anatomy,approved-generated,Pete Steward,2026-08-05,data/livestock-staging/approved_ingredient_harmonization_rules.csv,Generated from approved rule under recorded guard; legacy material identity preserved.,COMPONENT-POD
AOM_002088,Alfalfa Pods,aom:ingredientPart,AOM_101035,Pod,material-component,move-under-plant-anatomy,approved-generated,Pete Steward,2026-08-05,data/livestock-staging/approved_ingredient_harmonization_rules.csv,Generated from approved rule under recorded guard; legacy material identity preserved.,COMPONENT-POD
AOM_002089,Alfalfa Pods Dried,aom:ingredientPart,AOM_101035,Pod,material-component,move-under-plant-anatomy,approved-generated,Pete Steward,2026-08-05,data/livestock-staging/approved_ingredient_harmonization_rules.csv,Generated from approved rule under recorded guard; legacy material identity preserved.,COMPONENT-POD
AOM_002151,Piliostigma reticulatum pods,aom:ingredientPart,AOM_101035,Pod,material-component,move-under-plant-anatomy,approved-generated,Pete Steward,2026-08-05,data/livestock-staging/approved_ingredient_harmonization_rules.csv,Generated from approved rule under recorded guard; legacy material identity preserved.,COMPONENT-POD
AOM_002203,Piliostigma thonningii pods,aom:ingredientPart,AOM_101035,Pod,material-component,move-under-plant-anatomy,approved-generated,Pete Steward,2026-08-05,data/livestock-staging/approved_ingredient_harmonization_rules.csv,Generated from approved rule under recorded guard; legacy material identity preserved.,COMPONENT-POD
AOM_003961,Acacia tortilis Pods,aom:ingredientPart,AOM_101035,Pod,material-component,move-under-plant-anatomy,approved-generated,Pete Steward,2026-08-05,data/livestock-staging/approved_ingredient_harmonization_rules.csv,Generated from approved rule under recorded guard; legacy material identity preserved.,COMPONENT-POD
AOM_006011,Pterocarpus lucens Pods,aom:ingredientPart,AOM_101035,Pod,material-component,move-under-plant-anatomy,approved-generated,Pete Steward,2026-08-05,data/livestock-staging/approved_ingredient_harmonization_rules.csv,Generated from approved rule under recorded guard; legacy material identity preserved.,COMPONENT-POD
AOM_006012,Pterocarpus lucens Pods Dried,aom:ingredientPart,AOM_101035,Pod,material-component,move-under-plant-anatomy,approved-generated,Pete Steward,2026-08-05,data/livestock-staging/approved_ingredient_harmonization_rules.csv,Generated from approved rule under recorded guard; legacy material identity preserved.,COMPONENT-POD
AOM_006067,Cocoa Pods Husk Ensiled Dried Urea Treated,aom:ingredientPart,AOM_101035,Pod,material-component,move-under-plant-anatomy,approved-generated,Pete Steward,2026-08-05,data/livestock-staging/approved_ingredient_harmonization_rules.csv,Generated from approved rule under recorded guard; legacy material identity preserved.,COMPONENT-POD
AOM_006292,Piliostigma thonningii pods Crushed,aom:ingredientPart,AOM_101035,Pod,material-component,move-under-plant-anatomy,approved-generated,Pete Steward,2026-08-05,data/livestock-staging/approved_ingredient_harmonization_rules.csv,Generated from approved rule under recorded guard; legacy material identity preserved.,COMPONENT-POD
AOM_006295,Prosopis juliflora Pods Dried Ground,aom:ingredientPart,AOM_101035,Pod,material-component,move-under-plant-anatomy,approved-generated,Pete Steward,2026-08-05,data/livestock-staging/approved_ingredient_harmonization_rules.csv,Generated from approved rule under recorded guard; legacy material identity preserved.,COMPONENT-POD
AOM_006296,Prosopis juliflora Pods Dried Fermented Ground,aom:ingredientPart,AOM_101035,Pod,material-component,move-under-plant-anatomy,approved-generated,Pete Steward,2026-08-05,data/livestock-staging/approved_ingredient_harmonization_rules.csv,Generated from approved rule under recorded guard; legacy material identity preserved.,COMPONENT-POD
AOM_006326,Piliostigma reticulatum pods Crushed Dried,aom:ingredientPart,AOM_101035,Pod,material-component,move-under-plant-anatomy,approved-generated,Pete Steward,2026-08-05,data/livestock-staging/approved_ingredient_harmonization_rules.csv,Generated from approved rule under recorded guard; legacy material identity preserved.,COMPONENT-POD
AOM_001978,Moringa oleifera Root Bark Dried Ground,aom:ingredientPart,AOM_101037,Root,material-component,move-under-plant-anatomy,approved-generated,Pete Steward,2026-08-05,data/livestock-staging/approved_ingredient_harmonization_rules.csv,Generated from approved rule under recorded guard; legacy material identity preserved.,COMPONENT-ROOT
AOM_003266,Taro Root,aom:ingredientPart,AOM_101037,Root,material-component,move-under-plant-anatomy,approved-generated,Pete Steward,2026-08-05,data/livestock-staging/approved_ingredient_harmonization_rules.csv,Generated from approved rule under recorded guard; legacy material identity preserved.,COMPONENT-ROOT
AOM_003482,Sugar Beet,aom:ingredientPart,AOM_101037,Root,material-component,move-under-plant-anatomy,approved,Pete Steward,2026-08-06,https://www.feedipedia.org/node/11843,Explicit descriptor “sugar beet” mapped through hard-tail decision AOM_003482; assertion 1.,
AOM_006262,Taro Root Dried Ground,aom:ingredientPart,AOM_101037,Root,material-component,move-under-plant-anatomy,approved-generated,Pete Steward,2026-08-05,data/livestock-staging/approved_ingredient_harmonization_rules.csv,Generated from approved rule under recorded guard; legacy material identity preserved.,COMPONENT-ROOT
AOM_000596,Date Seed Ground,aom:ingredientPart,AOM_101038,Seed,material-component,move-under-plant-anatomy,approved-generated,Pete Steward,2026-08-05,data/livestock-staging/approved_ingredient_harmonization_rules.csv,Generated from approved rule under recorded guard; legacy material identity preserved.,COMPONENT-SEED
AOM_000600,Watermelon Seed Ground,aom:ingredientPart,AOM_101038,Seed,material-component,move-under-plant-anatomy,approved-generated,Pete Steward,2026-08-05,data/livestock-staging/approved_ingredient_harmonization_rules.csv,Generated from approved rule under recorded guard; legacy material identity preserved.,COMPONENT-SEED
AOM_000608,Pea Seed Hull,aom:ingredientPart,AOM_101038,Seed,material-component,move-under-plant-anatomy,approved-generated,Pete Steward,2026-08-05,data/livestock-staging/approved_ingredient_harmonization_rules.csv,Generated from approved rule under recorded guard; legacy material identity preserved.,COMPONENT-SEED
AOM_000620,Cotton Seed Cake,aom:ingredientPart,AOM_101038,Seed,material-component,move-under-plant-anatomy,approved-generated,Pete Steward,2026-08-05,data/livestock-staging/approved_ingredient_harmonization_rules.csv,Generated from approved rule under recorded guard; legacy material identity preserved.,COMPONENT-SEED
AOM_000675,Sunflower Seed Ground,aom:ingredientPart,AOM_101038,Seed,material-component,move-under-plant-anatomy,approved-generated,Pete Steward,2026-08-05,data/livestock-staging/approved_ingredient_harmonization_rules.csv,Generated from approved rule under recorded guard; legacy material identity preserved.,COMPONENT-SEED
AOM_001156,Jatropha curcas Seed,aom:ingredientPart,AOM_101038,Seed,material-component,move-under-plant-anatomy,approved-generated,Pete Steward,2026-08-05,data/livestock-staging/approved_ingredient_harmonization_rules.csv,Generated from approved rule under recorded guard; legacy material identity preserved.,COMPONENT-SEED
AOM_001157,Jatropha curcas Seed Ground,aom:ingredientPart,AOM_101038,Seed,material-component,move-under-plant-anatomy,approved-generated,Pete Steward,2026-08-05,data/livestock-staging/approved_ingredient_harmonization_rules.csv,Generated from approved rule under recorded guard; legacy material identity preserved.,COMPONENT-SEED
AOM_001164,Mucuna pruriens Seed,aom:ingredientPart,AOM_101038,Seed,material-component,move-under-plant-anatomy,approved-generated,Pete Steward,2026-08-05,data/livestock-staging/approved_ingredient_harmonization_rules.csv,Generated from approved rule under recorded guard; legacy material identity preserved.,COMPONENT-SEED
AOM_001187,Cotton Seed Hull,aom:ingredientPart,AOM_101038,Seed,material-component,move-under-plant-anatomy,approved-generated,Pete Steward,2026-08-05,data/livestock-staging/approved_ingredient_harmonization_rules.csv,Generated from approved rule under recorded guard; legacy material identity preserved.,COMPONENT-SEED
AOM_001191,Noug Seed Ground,aom:ingredientPart,AOM_101038,Seed,material-component,move-under-plant-anatomy,approved-generated,Pete Steward,2026-08-05,data/livestock-staging/approved_ingredient_harmonization_rules.csv,Generated from approved rule under recorded guard; legacy material identity preserved.,COMPONENT-SEED
AOM_001196,Mango Seed,aom:ingredientPart,AOM_101038,Seed,material-component,move-under-plant-anatomy,approved-generated,Pete Steward,2026-08-05,data/livestock-staging/approved_ingredient_harmonization_rules.csv,Generated from approved rule under recorded guard; legacy material identity preserved.,COMPONENT-SEED
AOM_001253,Cotton Seed Cake Dried Ground,aom:ingredientPart,AOM_101038,Seed,material-component,move-under-plant-anatomy,approved-generated,Pete Steward,2026-08-05,data/livestock-staging/approved_ingredient_harmonization_rules.csv,Generated from approved rule under recorded guard; legacy material identity preserved.,COMPONENT-SEED
AOM_001277,Sesame Seed Cake,aom:ingredientPart,AOM_101038,Seed,material-component,move-under-plant-anatomy,approved-generated,Pete Steward,2026-08-05,data/livestock-staging/approved_ingredient_harmonization_rules.csv,Generated from approved rule under recorded guard; legacy material identity preserved.,COMPONENT-SEED
AOM_001279,Sesame Seed Cake Ground Roasted,aom:ingredientPart,AOM_101038,Seed,material-component,move-under-plant-anatomy,approved-generated,Pete Steward,2026-08-05,data/livestock-staging/approved_ingredient_harmonization_rules.csv,Generated from approved rule under recorded guard; legacy material identity preserved.,COMPONENT-SEED
AOM_001300,Arugula Seed Ground,aom:ingredientPart,AOM_101038,Seed,material-component,move-under-plant-anatomy,approved-generated,Pete Steward,2026-08-05,data/livestock-staging/approved_ingredient_harmonization_rules.csv,Generated from approved rule under recorded guard; legacy material identity preserved.,COMPONENT-SEED
AOM_001312,Cotton Seed,aom:ingredientPart,AOM_101038,Seed,material-component,move-under-plant-anatomy,approved-generated,Pete Steward,2026-08-05,data/livestock-staging/approved_ingredient_harmonization_rules.csv,Generated from approved rule under recorded guard; legacy material identity preserved.,COMPONENT-SEED
AOM_001334,Pearl Millet,aom:ingredientPart,AOM_101038,Seed,material-component,move-under-plant-anatomy,approved,Pete Steward,2026-08-06,https://www.feedipedia.org/node/11688,Explicit descriptor “grain” mapped through hard-tail decision AOM_001334; assertion 1.,
AOM_001336,Sesame Seed Ground,aom:ingredientPart,AOM_101038,Seed,material-component,move-under-plant-anatomy,approved-generated,Pete Steward,2026-08-05,data/livestock-staging/approved_ingredient_harmonization_rules.csv,Generated from approved rule under recorded guard; legacy material identity preserved.,COMPONENT-SEED
AOM_001338,Sunflower Seed Cake,aom:ingredientPart,AOM_101038,Seed,material-component,move-under-plant-anatomy,approved-generated,Pete Steward,2026-08-05,data/livestock-staging/approved_ingredient_harmonization_rules.csv,Generated from approved rule under recorded guard; legacy material identity preserved.,COMPONENT-SEED
AOM_001357,Black Cumin Seed,aom:ingredientPart,AOM_101038,Seed,material-component,move-under-plant-anatomy,approved-generated,Pete Steward,2026-08-05,data/livestock-staging/approved_ingredient_harmonization_rules.csv,Generated from approved rule under recorded guard; legacy material identity preserved.,COMPONENT-SEED
AOM_001436,Tomato Skin Seed,aom:ingredientPart,AOM_101038,Seed,material-component,move-under-plant-anatomy,approved-generated,Pete Steward,2026-08-05,data/livestock-staging/approved_ingredient_harmonization_rules.csv,Generated from approved rule under recorded guard; legacy material identity preserved.,COMPONENT-SEED
AOM_001440,Sesame Seed,aom:ingredientPart,AOM_101038,Seed,material-component,move-under-plant-anatomy,approved-generated,Pete Steward,2026-08-05,data/livestock-staging/approved_ingredient_harmonization_rules.csv,Generated from approved rule under recorded guard; legacy material identity preserved.,COMPONENT-SEED
AOM_001568,Adansonia digitata Seed Cake,aom:ingredientPart,AOM_101038,Seed,material-component,move-under-plant-anatomy,approved-generated,Pete Steward,2026-08-05,data/livestock-staging/approved_ingredient_harmonization_rules.csv,Generated from approved rule under recorded guard; legacy material identity preserved.,COMPONENT-SEED
AOM_001625,Mango Seed Kernel,aom:ingredientPart,AOM_101038,Seed,material-component,move-under-plant-anatomy,approved-generated,Pete Steward,2026-08-05,data/livestock-staging/approved_ingredient_harmonization_rules.csv,Generated from approved rule under recorded guard; legacy material identity preserved.,COMPONENT-SEED
AOM_001641,Cotton Seed Cake Dried,aom:ingredientPart,AOM_101038,Seed,material-component,move-under-plant-anatomy,approved-generated,Pete Steward,2026-08-05,data/livestock-staging/approved_ingredient_harmonization_rules.csv,Generated from approved rule under recorded guard; legacy material identity preserved.,COMPONENT-SEED
AOM_001642,Cotton Seed Decorticated Ground,aom:ingredientPart,AOM_101038,Seed,material-component,move-under-plant-anatomy,approved-generated,Pete Steward,2026-08-05,data/livestock-staging/approved_ingredient_harmonization_rules.csv,Generated from approved rule under recorded guard; legacy material identity preserved.,COMPONENT-SEED
AOM_001643,Cotton Seed Ground,aom:ingredientPart,AOM_101038,Seed,material-component,move-under-plant-anatomy,approved-generated,Pete Steward,2026-08-05,data/livestock-staging/approved_ingredient_harmonization_rules.csv,Generated from approved rule under recorded guard; legacy material identity preserved.,COMPONENT-SEED
AOM_001644,Cotton Seed Cake Ground,aom:ingredientPart,AOM_101038,Seed,material-component,move-under-plant-anatomy,approved-generated,Pete Steward,2026-08-05,data/livestock-staging/approved_ingredient_harmonization_rules.csv,Generated from approved rule under recorded guard; legacy material identity preserved.,COMPONENT-SEED
AOM_001693,Mango Seed Dried Ground,aom:ingredientPart,AOM_101038,Seed,material-component,move-under-plant-anatomy,approved-generated,Pete Steward,2026-08-05,data/livestock-staging/approved_ingredient_harmonization_rules.csv,Generated from approved rule under recorded guard; legacy material identity preserved.,COMPONENT-SEED
AOM_001694,Mango Seed Kernel Dried Ground,aom:ingredientPart,AOM_101038,Seed,material-component,move-under-plant-anatomy,approved-generated,Pete Steward,2026-08-05,data/livestock-staging/approved_ingredient_harmonization_rules.csv,Generated from approved rule under recorded guard; legacy material identity preserved.,COMPONENT-SEED
AOM_001695,Mango Seed Kernel Crushed Dried,aom:ingredientPart,AOM_101038,Seed,material-component,move-under-plant-anatomy,approved-generated,Pete Steward,2026-08-05,data/livestock-staging/approved_ingredient_harmonization_rules.csv,Generated from approved rule under recorded guard; legacy material identity preserved.,COMPONENT-SEED
AOM_001698,Mucuna pruriens Seed Crushed,aom:ingredientPart,AOM_101038,Seed,material-component,move-under-plant-anatomy,approved-generated,Pete Steward,2026-08-05,data/livestock-staging/approved_ingredient_harmonization_rules.csv,Generated from approved rule under recorded guard; legacy material identity preserved.,COMPONENT-SEED
AOM_001790,Adansonia digitata Seed,aom:ingredientPart,AOM_101038,Seed,material-component,move-under-plant-anatomy,approved-generated,Pete Steward,2026-08-05,data/livestock-staging/approved_ingredient_harmonization_rules.csv,Generated from approved rule under recorded guard; legacy material identity preserved.,COMPONENT-SEED
AOM_001888,Mango Seed Kernel Ground,aom:ingredientPart,AOM_101038,Seed,material-component,move-under-plant-anatomy,approved-generated,Pete Steward,2026-08-05,data/livestock-staging/approved_ingredient_harmonization_rules.csv,Generated from approved rule under recorded guard; legacy material identity preserved.,COMPONENT-SEED
AOM_001893,Hibiscus Seed,aom:ingredientPart,AOM_101038,Seed,material-component,move-under-plant-anatomy,approved-generated,Pete Steward,2026-08-05,data/livestock-staging/approved_ingredient_harmonization_rules.csv,Generated from approved rule under recorded guard; legacy material identity preserved.,COMPONENT-SEED
AOM_001894,Sunflower Seed Cake Ground,aom:ingredientPart,AOM_101038,Seed,material-component,move-under-plant-anatomy,approved-generated,Pete Steward,2026-08-05,data/livestock-staging/approved_ingredient_harmonization_rules.csv,Generated from approved rule under recorded guard; legacy material identity preserved.,COMPONENT-SEED
AOM_001909,Black Cumin Seed Ground,aom:ingredientPart,AOM_101038,Seed,material-component,move-under-plant-anatomy,approved-generated,Pete Steward,2026-08-05,data/livestock-staging/approved_ingredient_harmonization_rules.csv,Generated from approved rule under recorded guard; legacy material identity preserved.,COMPONENT-SEED
AOM_001951,Sesame Seed Cake Autoclaved Dried Ground,aom:ingredientPart,AOM_101038,Seed,material-component,move-under-plant-anatomy,approved-generated,Pete Steward,2026-08-05,data/livestock-staging/approved_ingredient_harmonization_rules.csv,Generated from approved rule under recorded guard; legacy material identity preserved.,COMPONENT-SEED
AOM_001971,Jatropha curcas Seed Defatted Fermented Ground,aom:ingredientPart,AOM_101038,Seed,material-component,move-under-plant-anatomy,approved-generated,Pete Steward,2026-08-05,data/livestock-staging/approved_ingredient_harmonization_rules.csv,Generated from approved rule under recorded guard; legacy material identity preserved.,COMPONENT-SEED
AOM_001982,Prosopis africana Seed,aom:ingredientPart,AOM_101038,Seed,material-component,move-under-plant-anatomy,approved-generated,Pete Steward,2026-08-05,data/livestock-staging/approved_ingredient_harmonization_rules.csv,Generated from approved rule under recorded guard; legacy material identity preserved.,COMPONENT-SEED
AOM_001983,Prosopis africana Seed Ground,aom:ingredientPart,AOM_101038,Seed,material-component,move-under-plant-anatomy,approved-generated,Pete Steward,2026-08-05,data/livestock-staging/approved_ingredient_harmonization_rules.csv,Generated from approved rule under recorded guard; legacy material identity preserved.,COMPONENT-SEED
AOM_002000,Noug Seed Cake,aom:ingredientPart,AOM_101038,Seed,material-component,move-under-plant-anatomy,approved-generated,Pete Steward,2026-08-05,data/livestock-staging/approved_ingredient_harmonization_rules.csv,Generated from approved rule under recorded guard; legacy material identity preserved.,COMPONENT-SEED
AOM_002107,Cocoa Bean,aom:ingredientPart,AOM_101038,Seed,material-component,move-under-plant-anatomy,approved,Pete Steward,2026-08-06,era_master_sheet.xlsx#AOM;review/livestock-v20/final_definition_tail_register.csv,Explicit descriptor “bean” mapped through hard-tail decision AOM_002107; assertion 1.,
AOM_002128,Sesame Seed Dried Ground Soaked,aom:ingredientPart,AOM_101038,Seed,material-component,move-under-plant-anatomy,approved-generated,Pete Steward,2026-08-05,data/livestock-staging/approved_ingredient_harmonization_rules.csv,Generated from approved rule under recorded guard; legacy material identity preserved.,COMPONENT-SEED
AOM_002208,Sunflower Seed,aom:ingredientPart,AOM_101038,Seed,material-component,move-under-plant-anatomy,approved-generated,Pete Steward,2026-08-05,data/livestock-staging/approved_ingredient_harmonization_rules.csv,Generated from approved rule under recorded guard; legacy material identity preserved.,COMPONENT-SEED
AOM_002209,Safflower Seed,aom:ingredientPart,AOM_101038,Seed,material-component,move-under-plant-anatomy,approved-generated,Pete Steward,2026-08-05,data/livestock-staging/approved_ingredient_harmonization_rules.csv,Generated from approved rule under recorded guard; legacy material identity preserved.,COMPONENT-SEED
AOM_002215,Black Cumin Seed Cake,aom:ingredientPart,AOM_101038,Seed,material-component,move-under-plant-anatomy,approved-generated,Pete Steward,2026-08-05,data/livestock-staging/approved_ingredient_harmonization_rules.csv,Generated from approved rule under recorded guard; legacy material identity preserved.,COMPONENT-SEED
AOM_002233,Melon Seed Husk,aom:ingredientPart,AOM_101038,Seed,material-component,move-under-plant-anatomy,approved-generated,Pete Steward,2026-08-05,data/livestock-staging/approved_ingredient_harmonization_rules.csv,Generated from approved rule under recorded guard; legacy material identity preserved.,COMPONENT-SEED
AOM_002346,Adansonia digitata Seed Ground,aom:ingredientPart,AOM_101038,Seed,material-component,move-under-plant-anatomy,approved-generated,Pete Steward,2026-08-05,data/livestock-staging/approved_ingredient_harmonization_rules.csv,Generated from approved rule under recorded guard; legacy material identity preserved.,COMPONENT-SEED
AOM_003072,Groundnut,aom:ingredientPart,AOM_101038,Seed,material-component,move-under-plant-anatomy,approved,Pete Steward,2026-08-06,https://www.feedipedia.org/node/12165,Explicit descriptor “groundnut” mapped through hard-tail decision AOM_003072; assertion 1.,
AOM_003080,Sesbania sesban Seed,aom:ingredientPart,AOM_101038,Seed,material-component,move-under-plant-anatomy,approved-generated,Pete Steward,2026-08-05,data/livestock-staging/approved_ingredient_harmonization_rules.csv,Generated from approved rule under recorded guard; legacy material identity preserved.,COMPONENT-SEED
AOM_003596,Grape Seeds,aom:ingredientPart,AOM_101038,Seed,material-component,move-under-plant-anatomy,approved,Pete Steward,2026-08-06,review/livestock-v10/feedipedia_semantic_review.csv,Grape identifies source and seeds identify anatomical part.,
AOM_003890,Argan Seed Cake,aom:ingredientPart,AOM_101038,Seed,material-component,move-under-plant-anatomy,approved-generated,Pete Steward,2026-08-05,data/livestock-staging/approved_ingredient_harmonization_rules.csv,Generated from approved rule under recorded guard; legacy material identity preserved.,COMPONENT-SEED
AOM_003905,Trachyspermum ammi Seed,aom:ingredientPart,AOM_101038,Seed,material-component,move-under-plant-anatomy,approved-generated,Pete Steward,2026-08-05,data/livestock-staging/approved_ingredient_harmonization_rules.csv,Generated from approved rule under recorded guard; legacy material identity preserved.,COMPONENT-SEED
AOM_003906,Quercus ilex Nut,aom:ingredientPart,AOM_101038,Seed,material-component,move-under-plant-anatomy,approved,Pete Steward,2026-08-06,http://purl.obolibrary.org/obo/NCBITaxon_58334;wfo-0000291203,Explicit descriptor “nut” mapped through hard-tail decision AOM_003906; assertion 1.,
AOM_003919,Delonix regia Seed,aom:ingredientPart,AOM_101038,Seed,material-component,move-under-plant-anatomy,approved-generated,Pete Steward,2026-08-05,data/livestock-staging/approved_ingredient_harmonization_rules.csv,Generated from approved rule under recorded guard; legacy material identity preserved.,COMPONENT-SEED
AOM_003920,Hevea brasiliensis Seed Cake Boiled Dried Ground,aom:ingredientPart,AOM_101038,Seed,material-component,move-under-plant-anatomy,approved-generated,Pete Steward,2026-08-05,data/livestock-staging/approved_ingredient_harmonization_rules.csv,Generated from approved rule under recorded guard; legacy material identity preserved.,COMPONENT-SEED
AOM_003970,Adansonia digitata Seed Cake Ground,aom:ingredientPart,AOM_101038,Seed,material-component,move-under-plant-anatomy,approved-generated,Pete Steward,2026-08-05,data/livestock-staging/approved_ingredient_harmonization_rules.csv,Generated from approved rule under recorded guard; legacy material identity preserved.,COMPONENT-SEED
AOM_003971,Moringa oleifera Seed,aom:ingredientPart,AOM_101038,Seed,material-component,move-under-plant-anatomy,approved-generated,Pete Steward,2026-08-05,data/livestock-staging/approved_ingredient_harmonization_rules.csv,Generated from approved rule under recorded guard; legacy material identity preserved.,COMPONENT-SEED
AOM_003973,Cotton Seed,aom:ingredientPart,AOM_101038,Seed,material-component,move-under-plant-anatomy,approved-generated,Pete Steward,2026-08-05,data/livestock-staging/approved_ingredient_harmonization_rules.csv,Generated from approved rule under recorded guard; legacy material identity preserved.,COMPONENT-SEED
AOM_004255,Flaxseed,aom:ingredientPart,AOM_101038,Seed,material-component,move-under-plant-anatomy,approved,Pete Steward,2026-08-06,era_master_sheet.xlsx#AOM;review/livestock-v20/final_definition_tail_register.csv,Explicit descriptor “seed” mapped through hard-tail decision AOM_004255; assertion 1.,
AOM_006019,Adansonia digitata Seed Dried Fermented Ground,aom:ingredientPart,AOM_101038,Seed,material-component,move-under-plant-anatomy,approved-generated,Pete Steward,2026-08-05,data/livestock-staging/approved_ingredient_harmonization_rules.csv,Generated from approved rule under recorded guard; legacy material identity preserved.,COMPONENT-SEED
AOM_006073,Cotton Seed Cake Decorticated,aom:ingredientPart,AOM_101038,Seed,material-component,move-under-plant-anatomy,approved-generated,Pete Steward,2026-08-05,data/livestock-staging/approved_ingredient_harmonization_rules.csv,Generated from approved rule under recorded guard; legacy material identity preserved.,COMPONENT-SEED
AOM_006081,Delonix regia Seed Ground,aom:ingredientPart,AOM_101038,Seed,material-component,move-under-plant-anatomy,approved-generated,Pete Steward,2026-08-05,data/livestock-staging/approved_ingredient_harmonization_rules.csv,Generated from approved rule under recorded guard; legacy material identity preserved.,COMPONENT-SEED
AOM_006082,Delonix regia Seed Ground Roasted,aom:ingredientPart,AOM_101038,Seed,material-component,move-under-plant-anatomy,approved-generated,Pete Steward,2026-08-05,data/livestock-staging/approved_ingredient_harmonization_rules.csv,Generated from approved rule under recorded guard; legacy material identity preserved.,COMPONENT-SEED
AOM_006083,Delonix regia Seed Dried Ground Roasted,aom:ingredientPart,AOM_101038,Seed,material-component,move-under-plant-anatomy,approved-generated,Pete Steward,2026-08-05,data/livestock-staging/approved_ingredient_harmonization_rules.csv,Generated from approved rule under recorded guard; legacy material identity preserved.,COMPONENT-SEED
AOM_006118,Hevea brasiliensis Seed,aom:ingredientPart,AOM_101038,Seed,material-component,move-under-plant-anatomy,approved-generated,Pete Steward,2026-08-05,data/livestock-staging/approved_ingredient_harmonization_rules.csv,Generated from approved rule under recorded guard; legacy material identity preserved.,COMPONENT-SEED
AOM_006130,Melon Seed Husk Ground,aom:ingredientPart,AOM_101038,Seed,material-component,move-under-plant-anatomy,approved-generated,Pete Steward,2026-08-05,data/livestock-staging/approved_ingredient_harmonization_rules.csv,Generated from approved rule under recorded guard; legacy material identity preserved.,COMPONENT-SEED
AOM_006136,Moringa oleifera Seed Dried Ground,aom:ingredientPart,AOM_101038,Seed,material-component,move-under-plant-anatomy,approved-generated,Pete Steward,2026-08-05,data/livestock-staging/approved_ingredient_harmonization_rules.csv,Generated from approved rule under recorded guard; legacy material identity preserved.,COMPONENT-SEED
AOM_006158,Black Cumin Seed Cake Crushed Dried,aom:ingredientPart,AOM_101038,Seed,material-component,move-under-plant-anatomy,approved-generated,Pete Steward,2026-08-05,data/livestock-staging/approved_ingredient_harmonization_rules.csv,Generated from approved rule under recorded guard; legacy material identity preserved.,COMPONENT-SEED
AOM_006166,Cotton Seed Decorticated Dried,aom:ingredientPart,AOM_101038,Seed,material-component,move-under-plant-anatomy,approved-generated,Pete Steward,2026-08-05,data/livestock-staging/approved_ingredient_harmonization_rules.csv,Generated from approved rule under recorded guard; legacy material identity preserved.,COMPONENT-SEED
AOM_006171,Jackfruit Seed Dried Ground,aom:ingredientPart,AOM_101038,Seed,material-component,move-under-plant-anatomy,approved-generated,Pete Steward,2026-08-05,data/livestock-staging/approved_ingredient_harmonization_rules.csv,Generated from approved rule under recorded guard; legacy material identity preserved.,COMPONENT-SEED
AOM_006172,Jackfruit Seed Dried Fermented Ground,aom:ingredientPart,AOM_101038,Seed,material-component,move-under-plant-anatomy,approved-generated,Pete Steward,2026-08-05,data/livestock-staging/approved_ingredient_harmonization_rules.csv,Generated from approved rule under recorded guard; legacy material identity preserved.,COMPONENT-SEED
AOM_006173,Hibiscus Seed Ground,aom:ingredientPart,AOM_101038,Seed,material-component,move-under-plant-anatomy,approved-generated,Pete Steward,2026-08-05,data/livestock-staging/approved_ingredient_harmonization_rules.csv,Generated from approved rule under recorded guard; legacy material identity preserved.,COMPONENT-SEED
AOM_006176,Mango Seed Crushed Dried,aom:ingredientPart,AOM_101038,Seed,material-component,move-under-plant-anatomy,approved-generated,Pete Steward,2026-08-05,data/livestock-staging/approved_ingredient_harmonization_rules.csv,Generated from approved rule under recorded guard; legacy material identity preserved.,COMPONENT-SEED
AOM_006196,Adansonia digitata Seed Cake Decorticated Ground,aom:ingredientPart,AOM_101038,Seed,material-component,move-under-plant-anatomy,approved-generated,Pete Steward,2026-08-05,data/livestock-staging/approved_ingredient_harmonization_rules.csv,Generated from approved rule under recorded guard; legacy material identity preserved.,COMPONENT-SEED
AOM_006219,Delonix regia Seed Alkali Treated Dried Fermented Ground,aom:ingredientPart,AOM_101038,Seed,material-component,move-under-plant-anatomy,approved-generated,Pete Steward,2026-08-05,data/livestock-staging/approved_ingredient_harmonization_rules.csv,Generated from approved rule under recorded guard; legacy material identity preserved.,COMPONENT-SEED
AOM_006229,Mucuna pruriens Seed Alkali Treated Boiled Ground,aom:ingredientPart,AOM_101038,Seed,material-component,move-under-plant-anatomy,approved-generated,Pete Steward,2026-08-05,data/livestock-staging/approved_ingredient_harmonization_rules.csv,Generated from approved rule under recorded guard; legacy material identity preserved.,COMPONENT-SEED
AOM_006230,Mucuna pruriens Seed Alkali Treated Boiled Decorticated Dried Ground,aom:ingredientPart,AOM_101038,Seed,material-component,move-under-plant-anatomy,approved-generated,Pete Steward,2026-08-05,data/livestock-staging/approved_ingredient_harmonization_rules.csv,Generated from approved rule under recorded guard; legacy material identity preserved.,COMPONENT-SEED
AOM_006231,Mucuna pruriens Seed Boiled Dried Ground,aom:ingredientPart,AOM_101038,Seed,material-component,move-under-plant-anatomy,approved-generated,Pete Steward,2026-08-05,data/livestock-staging/approved_ingredient_harmonization_rules.csv,Generated from approved rule under recorded guard; legacy material identity preserved.,COMPONENT-SEED
AOM_006307,Sesame Seed Cake Ground,aom:ingredientPart,AOM_101038,Seed,material-component,move-under-plant-anatomy,approved-generated,Pete Steward,2026-08-05,data/livestock-staging/approved_ingredient_harmonization_rules.csv,Generated from approved rule under recorded guard; legacy material identity preserved.,COMPONENT-SEED
AOM_006309,Sesbania sesban Seed Roasted,aom:ingredientPart,AOM_101038,Seed,material-component,move-under-plant-anatomy,approved-generated,Pete Steward,2026-08-05,data/livestock-staging/approved_ingredient_harmonization_rules.csv,Generated from approved rule under recorded guard; legacy material identity preserved.,COMPONENT-SEED
AOM_006341,Moringa oleifera Seed Oil,aom:ingredientPart,AOM_101038,Seed,material-component,move-under-plant-anatomy,approved-generated,Pete Steward,2026-08-05,data/livestock-staging/approved_ingredient_harmonization_rules.csv,Generated from approved rule under recorded guard; legacy material identity preserved.,COMPONENT-SEED
AOM_006343,Moringa oleifera Seed Cake Ground,aom:ingredientPart,AOM_101038,Seed,material-component,move-under-plant-anatomy,approved-generated,Pete Steward,2026-08-05,data/livestock-staging/approved_ingredient_harmonization_rules.csv,Generated from approved rule under recorded guard; legacy material identity preserved.,COMPONENT-SEED
AOM_006347,Marula Seed Cake Ground,aom:ingredientPart,AOM_101038,Seed,material-component,move-under-plant-anatomy,approved-generated,Pete Steward,2026-08-05,data/livestock-staging/approved_ingredient_harmonization_rules.csv,Generated from approved rule under recorded guard; legacy material identity preserved.,COMPONENT-SEED
AOM_006399,Mucuna pruriens Seed Alkali Treated Boiled Dried Ground,aom:ingredientPart,AOM_101038,Seed,material-component,move-under-plant-anatomy,approved-generated,Pete Steward,2026-08-05,data/livestock-staging/approved_ingredient_harmonization_rules.csv,Generated from approved rule under recorded guard; legacy material identity preserved.,COMPONENT-SEED
AOM_006500,Mucuna pruriens Seed Boiled Decorticated Dried Ground Soaked,aom:ingredientPart,AOM_101038,Seed,material-component,move-under-plant-anatomy,approved-generated,Pete Steward,2026-08-05,data/livestock-staging/approved_ingredient_harmonization_rules.csv,Generated from approved rule under recorded guard; legacy material identity preserved.,COMPONENT-SEED
AOM_001297,Maize Sheath,aom:ingredientPart,AOM_101039,Sheath,material-component,move-under-plant-anatomy,approved,Pete Steward,2026-08-06,0112;http://aims.fao.org/aos/agrovoc/c_a40b4471;http://purl.obolibrary.org/obo/NCBITaxon_4577;wfo-0000907754,Explicit descriptor “sheath” mapped through hard-tail decision AOM_001297; assertion 1.,
AOM_000557,Oyster Shells,aom:ingredientPart,AOM_101040,Shell component,material-component,hold-exact-anatomical-scope,approved,Pete Steward,2026-08-06,https://www.feedipedia.org/node/736,Explicit descriptor “shells” mapped through hard-tail decision AOM_000557; assertion 1.,
AOM_000617,Cocoa Bean Shell,aom:ingredientPart,AOM_101040,Shell component,material-component,hold-exact-anatomical-scope,approved-generated,Pete Steward,2026-08-05,data/livestock-staging/approved_ingredient_harmonization_rules.csv,Generated from approved rule under recorded guard; legacy material identity preserved.,COMPONENT-SHELL
AOM_001105,Lake Shells,aom:ingredientPart,AOM_101040,Shell component,material-component,hold-exact-anatomical-scope,approved,Pete Steward,2026-08-06,era_master_sheet.xlsx#AOM;review/livestock-v23/final_tail_cohort.csv,Explicit descriptor “shells” mapped through hard-tail decision AOM_001105; assertion 1.,
AOM_001272,Soybean Shell,aom:ingredientPart,AOM_101040,Shell component,material-component,hold-exact-anatomical-scope,approved-generated,Pete Steward,2026-08-05,data/livestock-staging/approved_ingredient_harmonization_rules.csv,Generated from approved rule under recorded guard; legacy material identity preserved.,COMPONENT-SHELL
AOM_002011,Cocoa Bean Shell Dried Ground,aom:ingredientPart,AOM_101040,Shell component,material-component,hold-exact-anatomical-scope,approved-generated,Pete Steward,2026-08-05,data/livestock-staging/approved_ingredient_harmonization_rules.csv,Generated from approved rule under recorded guard; legacy material identity preserved.,COMPONENT-SHELL
AOM_002191,Fossil Shell Ground,aom:ingredientPart,AOM_101040,Shell component,material-component,hold-exact-anatomical-scope,approved-generated,Pete Steward,2026-08-05,data/livestock-staging/approved_ingredient_harmonization_rules.csv,Generated from approved rule under recorded guard; legacy material identity preserved.,COMPONENT-SHELL
AOM_002225,Cashew Shell,aom:ingredientPart,AOM_101040,Shell component,material-component,hold-exact-anatomical-scope,approved-generated,Pete Steward,2026-08-05,data/livestock-staging/approved_ingredient_harmonization_rules.csv,Generated from approved rule under recorded guard; legacy material identity preserved.,COMPONENT-SHELL
AOM_002249,Groundnut Shell,aom:ingredientPart,AOM_101040,Shell component,material-component,hold-exact-anatomical-scope,approved-generated,Pete Steward,2026-08-05,data/livestock-staging/approved_ingredient_harmonization_rules.csv,Generated from approved rule under recorded guard; legacy material identity preserved.,COMPONENT-SHELL
AOM_006049,Cashew Shell Crushed Dried,aom:ingredientPart,AOM_101040,Shell component,material-component,hold-exact-anatomical-scope,approved-generated,Pete Steward,2026-08-05,data/livestock-staging/approved_ingredient_harmonization_rules.csv,Generated from approved rule under recorded guard; legacy material identity preserved.,COMPONENT-SHELL
AOM_006050,Cashew Shell Ground,aom:ingredientPart,AOM_101040,Shell component,material-component,hold-exact-anatomical-scope,approved-generated,Pete Steward,2026-08-05,data/livestock-staging/approved_ingredient_harmonization_rules.csv,Generated from approved rule under recorded guard; legacy material identity preserved.,COMPONENT-SHELL
AOM_006052,Cashew Shell Boiled Crushed,aom:ingredientPart,AOM_101040,Shell component,material-component,hold-exact-anatomical-scope,approved-generated,Pete Steward,2026-08-05,data/livestock-staging/approved_ingredient_harmonization_rules.csv,Generated from approved rule under recorded guard; legacy material identity preserved.,COMPONENT-SHELL
AOM_001845,Malt Sprout,aom:ingredientPart,AOM_101041,Sprout,material-component,hold-exact-anatomical-scope,approved,Pete Steward,2026-08-06,https://www.feedipedia.org/node/11829,Explicit descriptor “malt sprout” mapped through hard-tail decision AOM_001845; assertion 1.,
AOM_000641,Roots and Tuber ByProducts,aom:ingredientPart,AOM_101043,Tuber,material-component,move-under-plant-anatomy,approved-generated,Pete Steward,2026-08-05,data/livestock-staging/approved_ingredient_harmonization_rules.csv,Generated from approved rule under recorded guard; legacy material identity preserved.,COMPONENT-TUBER
AOM_000679,Cassava Tuber,aom:ingredientPart,AOM_101043,Tuber,material-component,move-under-plant-anatomy,approved-generated,Pete Steward,2026-08-05,data/livestock-staging/approved_ingredient_harmonization_rules.csv,Generated from approved rule under recorded guard; legacy material identity preserved.,COMPONENT-TUBER
AOM_000681,Roots and Tuber Products,aom:ingredientPart,AOM_101043,Tuber,material-component,move-under-plant-anatomy,approved-generated,Pete Steward,2026-08-05,data/livestock-staging/approved_ingredient_harmonization_rules.csv,Generated from approved rule under recorded guard; legacy material identity preserved.,COMPONENT-TUBER
AOM_001840,Sweet Potato Tuber,aom:ingredientPart,AOM_101043,Tuber,material-component,move-under-plant-anatomy,approved-generated,Pete Steward,2026-08-05,data/livestock-staging/approved_ingredient_harmonization_rules.csv,Generated from approved rule under recorded guard; legacy material identity preserved.,COMPONENT-TUBER
AOM_002034,Cassava Tuber Dried Grated Fermented Peeled,aom:ingredientPart,AOM_101043,Tuber,material-component,move-under-plant-anatomy,approved-generated,Pete Steward,2026-08-05,data/livestock-staging/approved_ingredient_harmonization_rules.csv,Generated from approved rule under recorded guard; legacy material identity preserved.,COMPONENT-TUBER
AOM_002035,Cassava Tuber Boiled Dried Ground,aom:ingredientPart,AOM_101043,Tuber,material-component,move-under-plant-anatomy,approved-generated,Pete Steward,2026-08-05,data/livestock-staging/approved_ingredient_harmonization_rules.csv,Generated from approved rule under recorded guard; legacy material identity preserved.,COMPONENT-TUBER
AOM_006059,Cassava Tuber Dried Ground,aom:ingredientPart,AOM_101043,Tuber,material-component,move-under-plant-anatomy,approved-generated,Pete Steward,2026-08-05,data/livestock-staging/approved_ingredient_harmonization_rules.csv,Generated from approved rule under recorded guard; legacy material identity preserved.,COMPONENT-TUBER
AOM_006060,Cassava Tuber Ground,aom:ingredientPart,AOM_101043,Tuber,material-component,move-under-plant-anatomy,approved-generated,Pete Steward,2026-08-05,data/livestock-staging/approved_ingredient_harmonization_rules.csv,Generated from approved rule under recorded guard; legacy material identity preserved.,COMPONENT-TUBER
AOM_000601,Cowpea Haulm,aom:ingredientPart,AOM_101047,Stem,material-component,move-under-plant-anatomy,approved,Pete Steward,2026-08-06,https://www.feedipedia.org/node/17446,Explicit descriptor “haulm” mapped through hard-tail decision AOM_000601; assertion 3.,
AOM_000603,Fava Bean Haulm,aom:ingredientPart,AOM_101047,Stem,material-component,move-under-plant-anatomy,approved,Pete Steward,2026-08-06,era_master_sheet.xlsx#AOM;review/livestock-v20/final_definition_tail_register.csv,Explicit descriptor “haulm” mapped through hard-tail decision AOM_000603; assertion 1.,
AOM_000604,Groundnut Haulm,aom:ingredientPart,AOM_101047,Stem,material-component,move-under-plant-anatomy,approved,Pete Steward,2026-08-06,0142;http://purl.obolibrary.org/obo/NCBITaxon_3818;wfo-0000174378,Explicit descriptor “haulm” mapped through hard-tail decision AOM_000604; assertion 3.,
AOM_001177,Banana Pseudo-stem,aom:ingredientPart,AOM_101047,Stem,material-component,move-under-plant-anatomy,approved-generated,Pete Steward,2026-08-05,data/livestock-staging/approved_ingredient_harmonization_rules.csv,Generated from approved rule under recorded guard; legacy material identity preserved.,COMPONENT-STEM
AOM_001181,Chickpea Haulm,aom:ingredientPart,AOM_101047,Stem,material-component,move-under-plant-anatomy,approved,Pete Steward,2026-08-06,01249;http://purl.obolibrary.org/obo/NCBITaxon_3917;wfo-0000196617,Explicit descriptor “haulm” mapped through hard-tail decision AOM_001181; assertion 3.,
AOM_001258,Common Bean Haulm,aom:ingredientPart,AOM_101047,Stem,material-component,move-under-plant-anatomy,approved,Pete Steward,2026-08-06,01701;http://purl.obolibrary.org/obo/NCBITaxon_3885;wfo-0000207144,Explicit descriptor “haulm” mapped through hard-tail decision AOM_001258; assertion 3.,
AOM_001675,Baby Corn Stalk,aom:ingredientPart,AOM_101047,Stem,material-component,move-under-plant-anatomy,approved,Pete Steward,2026-08-06,http://aims.fao.org/aos/agrovoc/c_d859f064;http://purl.obolibrary.org/obo/NCBITaxon_4577;wfo-0000907754,Explicit descriptor “stalk” mapped through hard-tail decision AOM_001675; assertion 1.,
AOM_00205,Soybean Haulm,aom:ingredientPart,AOM_101047,Stem,material-component,move-under-plant-anatomy,approved,Pete Steward,2026-08-06,0141;http://purl.obolibrary.org/obo/NCBITaxon_3847;wfo-0000181462,Explicit descriptor “haulm” mapped through hard-tail decision AOM_00205; assertion 3.,
AOM_002218,Mung Bean Haulm,aom:ingredientPart,AOM_101047,Stem,material-component,move-under-plant-anatomy,approved,Pete Steward,2026-08-06,era_master_sheet.xlsx#AOM;review/livestock-v20/final_definition_tail_register.csv,Explicit descriptor “haulm” mapped through hard-tail decision AOM_002218; assertion 1.,
AOM_003210,Grass Pea Haulm,aom:ingredientPart,AOM_101047,Stem,material-component,move-under-plant-anatomy,approved,Pete Steward,2026-08-06,http://purl.obolibrary.org/obo/NCBITaxon_3860;wfo-0000212703,Explicit descriptor “haulm” mapped through hard-tail decision AOM_003210; assertion 3.,
AOM_001180,Common Bean Tops,aom:ingredientPart,AOM_101048,Plant top,material-component,hold-exact-anatomical-scope,approved,Pete Steward,2026-08-06,01701;http://purl.obolibrary.org/obo/NCBITaxon_3885;wfo-0000207144,Explicit descriptor “tops” mapped through hard-tail decision AOM_001180; assertion 1.,
AOM_001892,Sorghum Threshed Top,aom:ingredientPart,AOM_101048,Plant top,material-component,hold-exact-anatomical-scope,approved,Pete Steward,2026-08-06,era_master_sheet.xlsx#AOM;data/livestock-staging/approved_mapping_reviews.csv,Explicit descriptor “top” mapped through hard-tail decision AOM_001892; assertion 2.,
AOM_000564,"Brewers grains, dehydrated",aom:ingredientPart,AOM_101074,Grain,material-component,hold-exact-anatomical-scope,approved-generated,Pete Steward,2026-08-05,data/livestock-staging/approved_ingredient_harmonization_rules.csv,Generated from approved rule under recorded guard; legacy material identity preserved.,COMPONENT-GRAIN
AOM_000565,Brewers Spent Grain,aom:ingredientPart,AOM_101074,Grain,material-component,hold-exact-anatomical-scope,approved-generated,Pete Steward,2026-08-05,data/livestock-staging/approved_ingredient_harmonization_rules.csv,Generated from approved rule under recorded guard; legacy material identity preserved.,COMPONENT-GRAIN
AOM_000647,Barley Grain Crushed,aom:ingredientPart,AOM_101074,Grain,material-component,hold-exact-anatomical-scope,approved-generated,Pete Steward,2026-08-05,data/livestock-staging/approved_ingredient_harmonization_rules.csv,Generated from approved rule under recorded guard; legacy material identity preserved.,COMPONENT-GRAIN
AOM_000649,Maize Grain,aom:ingredientPart,AOM_101074,Grain,material-component,hold-exact-anatomical-scope,approved-generated,Pete Steward,2026-08-05,data/livestock-staging/approved_ingredient_harmonization_rules.csv,Generated from approved rule under recorded guard; legacy material identity preserved.,COMPONENT-GRAIN
AOM_000655,Rice Grain,aom:ingredientPart,AOM_101074,Grain,material-component,hold-exact-anatomical-scope,approved-generated,Pete Steward,2026-08-05,data/livestock-staging/approved_ingredient_harmonization_rules.csv,Generated from approved rule under recorded guard; legacy material identity preserved.,COMPONENT-GRAIN
AOM_000656,Ground whole-grain rice,aom:ingredientPart,AOM_101074,Grain,material-component,hold-exact-anatomical-scope,approved-generated,Pete Steward,2026-08-05,data/livestock-staging/approved_ingredient_harmonization_rules.csv,Generated from approved rule under recorded guard; legacy material identity preserved.,COMPONENT-GRAIN
AOM_000657,Sorghum Grain,aom:ingredientPart,AOM_101074,Grain,material-component,hold-exact-anatomical-scope,approved-generated,Pete Steward,2026-08-05,data/livestock-staging/approved_ingredient_harmonization_rules.csv,Generated from approved rule under recorded guard; legacy material identity preserved.,COMPONENT-GRAIN
AOM_000660,Ground whole-grain wheat,aom:ingredientPart,AOM_101074,Grain,material-component,hold-exact-anatomical-scope,approved-generated,Pete Steward,2026-08-05,data/livestock-staging/approved_ingredient_harmonization_rules.csv,Generated from approved rule under recorded guard; legacy material identity preserved.,COMPONENT-GRAIN
AOM_001313,Whole-grain maize,aom:ingredientPart,AOM_101074,Grain,material-component,hold-exact-anatomical-scope,approved-generated,Pete Steward,2026-08-05,data/livestock-staging/approved_ingredient_harmonization_rules.csv,Generated from approved rule under recorded guard; legacy material identity preserved.,COMPONENT-GRAIN
AOM_001318,Wheat Grain,aom:ingredientPart,AOM_101074,Grain,material-component,hold-exact-anatomical-scope,approved-generated,Pete Steward,2026-08-05,data/livestock-staging/approved_ingredient_harmonization_rules.csv,Generated from approved rule under recorded guard; legacy material identity preserved.,COMPONENT-GRAIN
AOM_001324,Ground whole-grain maize,aom:ingredientPart,AOM_101074,Grain,material-component,hold-exact-anatomical-scope,approved-generated,Pete Steward,2026-08-05,data/livestock-staging/approved_ingredient_harmonization_rules.csv,Generated from approved rule under recorded guard; legacy material identity preserved.,COMPONENT-GRAIN
AOM_001331,Oat Grain,aom:ingredientPart,AOM_101074,Grain,material-component,hold-exact-anatomical-scope,approved-generated,Pete Steward,2026-08-05,data/livestock-staging/approved_ingredient_harmonization_rules.csv,Generated from approved rule under recorded guard; legacy material identity preserved.,COMPONENT-GRAIN
AOM_001679,Maize Grain Ground,aom:ingredientPart,AOM_101074,Grain,material-component,hold-exact-anatomical-scope,approved-generated,Pete Steward,2026-08-05,data/livestock-staging/approved_ingredient_harmonization_rules.csv,Generated from approved rule under recorded guard; legacy material identity preserved.,COMPONENT-GRAIN
AOM_001813,Sorghum Brewers Grain,aom:ingredientPart,AOM_101074,Grain,material-component,hold-exact-anatomical-scope,approved-generated,Pete Steward,2026-08-05,data/livestock-staging/approved_ingredient_harmonization_rules.csv,Generated from approved rule under recorded guard; legacy material identity preserved.,COMPONENT-GRAIN
AOM_001814,Sorghum Brewers Grain Dried,aom:ingredientPart,AOM_101074,Grain,material-component,hold-exact-anatomical-scope,approved-generated,Pete Steward,2026-08-05,data/livestock-staging/approved_ingredient_harmonization_rules.csv,Generated from approved rule under recorded guard; legacy material identity preserved.,COMPONENT-GRAIN
AOM_001896,Blue Lupin Grain,aom:ingredientPart,AOM_101074,Grain,material-component,hold-exact-anatomical-scope,approved-generated,Pete Steward,2026-08-05,data/livestock-staging/approved_ingredient_harmonization_rules.csv,Generated from approved rule under recorded guard; legacy material identity preserved.,COMPONENT-GRAIN
AOM_001906,Blue Lupin Grain Roasted,aom:ingredientPart,AOM_101074,Grain,material-component,hold-exact-anatomical-scope,approved-generated,Pete Steward,2026-08-05,data/livestock-staging/approved_ingredient_harmonization_rules.csv,Generated from approved rule under recorded guard; legacy material identity preserved.,COMPONENT-GRAIN
AOM_001907,Blue Lupin Grain Dried,aom:ingredientPart,AOM_101074,Grain,material-component,hold-exact-anatomical-scope,approved-generated,Pete Steward,2026-08-05,data/livestock-staging/approved_ingredient_harmonization_rules.csv,Generated from approved rule under recorded guard; legacy material identity preserved.,COMPONENT-GRAIN
AOM_001945,Sorghum Brewers Grain Dried Refermented,aom:ingredientPart,AOM_101074,Grain,material-component,hold-exact-anatomical-scope,approved-generated,Pete Steward,2026-08-05,data/livestock-staging/approved_ingredient_harmonization_rules.csv,Generated from approved rule under recorded guard; legacy material identity preserved.,COMPONENT-GRAIN
AOM_001959,Oat Grain Dried Wilted,aom:ingredientPart,AOM_101074,Grain,material-component,hold-exact-anatomical-scope,approved-generated,Pete Steward,2026-08-05,data/livestock-staging/approved_ingredient_harmonization_rules.csv,Generated from approved rule under recorded guard; legacy material identity preserved.,COMPONENT-GRAIN
AOM_002017,Wheat Grain Ground,aom:ingredientPart,AOM_101074,Grain,material-component,hold-exact-anatomical-scope,approved-generated,Pete Steward,2026-08-05,data/livestock-staging/approved_ingredient_harmonization_rules.csv,Generated from approved rule under recorded guard; legacy material identity preserved.,COMPONENT-GRAIN
AOM_002116,White Lupin Grain,aom:ingredientPart,AOM_101074,Grain,material-component,hold-exact-anatomical-scope,approved-generated,Pete Steward,2026-08-05,data/livestock-staging/approved_ingredient_harmonization_rules.csv,Generated from approved rule under recorded guard; legacy material identity preserved.,COMPONENT-GRAIN
AOM_002125,White Lupin Grain Dehulled Dried Soaked,aom:ingredientPart,AOM_101074,Grain,material-component,hold-exact-anatomical-scope,approved-generated,Pete Steward,2026-08-05,data/livestock-staging/approved_ingredient_harmonization_rules.csv,Generated from approved rule under recorded guard; legacy material identity preserved.,COMPONENT-GRAIN
AOM_002126,White Lupin Grain Dried Soaked,aom:ingredientPart,AOM_101074,Grain,material-component,hold-exact-anatomical-scope,approved-generated,Pete Steward,2026-08-05,data/livestock-staging/approved_ingredient_harmonization_rules.csv,Generated from approved rule under recorded guard; legacy material identity preserved.,COMPONENT-GRAIN
AOM_003565,Cereal Spent Grain,aom:ingredientPart,AOM_101074,Grain,material-component,hold-exact-anatomical-scope,approved-generated,Pete Steward,2026-08-05,data/livestock-staging/approved_ingredient_harmonization_rules.csv,Generated from approved rule under recorded guard; legacy material identity preserved.,COMPONENT-GRAIN
AOM_004003,Maize Yellow Grain,aom:ingredientPart,AOM_101074,Grain,material-component,hold-exact-anatomical-scope,approved-generated,Pete Steward,2026-08-05,data/livestock-staging/approved_ingredient_harmonization_rules.csv,Generated from approved rule under recorded guard; legacy material identity preserved.,COMPONENT-GRAIN
AOM_006005,Sorghum Brewers Grain Refermented,aom:ingredientPart,AOM_101074,Grain,material-component,hold-exact-anatomical-scope,approved-generated,Pete Steward,2026-08-05,data/livestock-staging/approved_ingredient_harmonization_rules.csv,Generated from approved rule under recorded guard; legacy material identity preserved.,COMPONENT-GRAIN
AOM_006033,Barley Grain,aom:ingredientPart,AOM_101074,Grain,material-component,hold-exact-anatomical-scope,approved-generated,Pete Steward,2026-08-05,data/livestock-staging/approved_ingredient_harmonization_rules.csv,Generated from approved rule under recorded guard; legacy material identity preserved.,COMPONENT-GRAIN
AOM_006034,Barley Sprouted Grain,aom:ingredientPart,AOM_101074,Grain,material-component,hold-exact-anatomical-scope,approved-generated,Pete Steward,2026-08-05,data/livestock-staging/approved_ingredient_harmonization_rules.csv,Generated from approved rule under recorded guard; legacy material identity preserved.,COMPONENT-GRAIN
AOM_006064,Cereal Spent Grain Ground,aom:ingredientPart,AOM_101074,Grain,material-component,hold-exact-anatomical-scope,approved-generated,Pete Steward,2026-08-05,data/livestock-staging/approved_ingredient_harmonization_rules.csv,Generated from approved rule under recorded guard; legacy material identity preserved.,COMPONENT-GRAIN
AOM_006156,Rice Grain Ground,aom:ingredientPart,AOM_101074,Grain,material-component,hold-exact-anatomical-scope,approved-generated,Pete Steward,2026-08-05,data/livestock-staging/approved_ingredient_harmonization_rules.csv,Generated from approved rule under recorded guard; legacy material identity preserved.,COMPONENT-GRAIN
AOM_006164,Maize Grain Crushed,aom:ingredientPart,AOM_101074,Grain,material-component,hold-exact-anatomical-scope,approved-generated,Pete Steward,2026-08-05,data/livestock-staging/approved_ingredient_harmonization_rules.csv,Generated from approved rule under recorded guard; legacy material identity preserved.,COMPONENT-GRAIN
AOM_006220,Distillers Grain Dried,aom:ingredientPart,AOM_101074,Grain,material-component,hold-exact-anatomical-scope,approved-generated,Pete Steward,2026-08-05,data/livestock-staging/approved_ingredient_harmonization_rules.csv,Generated from approved rule under recorded guard; legacy material identity preserved.,COMPONENT-GRAIN
AOM_012120,White Lupin Grain Roasted,aom:ingredientPart,AOM_101074,Grain,material-component,hold-exact-anatomical-scope,approved-generated,Pete Steward,2026-08-05,data/livestock-staging/approved_ingredient_harmonization_rules.csv,Generated from approved rule under recorded guard; legacy material identity preserved.,COMPONENT-GRAIN
AOM_001189,Cowpea Vine,aom:ingredientPart,AOM_101107,Vine,material-component,move-under-plant-anatomy,approved-generated,Pete Steward,2026-08-05,data/livestock-staging/approved_ingredient_harmonization_rules.csv,Generated from approved rule under recorded guard; legacy material identity preserved.,COMPONENT-VINE
AOM_001267,Sweet Potato Vine,aom:ingredientPart,AOM_101107,Vine,material-component,move-under-plant-anatomy,approved-generated,Pete Steward,2026-08-05,data/livestock-staging/approved_ingredient_harmonization_rules.csv,Generated from approved rule under recorded guard; legacy material identity preserved.,COMPONENT-VINE
AOM_001268,Sweet Potato Vine Wilted,aom:ingredientPart,AOM_101107,Vine,material-component,move-under-plant-anatomy,approved-generated,Pete Steward,2026-08-05,data/livestock-staging/approved_ingredient_harmonization_rules.csv,Generated from approved rule under recorded guard; legacy material identity preserved.,COMPONENT-VINE
AOM_001954,Sweet Potato Vine Ensiled,aom:ingredientPart,AOM_101107,Vine,material-component,move-under-plant-anatomy,approved-generated,Pete Steward,2026-08-05,data/livestock-staging/approved_ingredient_harmonization_rules.csv,Generated from approved rule under recorded guard; legacy material identity preserved.,COMPONENT-VINE
AOM_003853,Sweet Potato Vine Dried,aom:ingredientPart,AOM_101107,Vine,material-component,move-under-plant-anatomy,approved-generated,Pete Steward,2026-08-05,data/livestock-staging/approved_ingredient_harmonization_rules.csv,Generated from approved rule under recorded guard; legacy material identity preserved.,COMPONENT-VINE
AOM_003933,Watermelon Vine,aom:ingredientPart,AOM_101107,Vine,material-component,move-under-plant-anatomy,approved-generated,Pete Steward,2026-08-05,data/livestock-staging/approved_ingredient_harmonization_rules.csv,Generated from approved rule under recorded guard; legacy material identity preserved.,COMPONENT-VINE
AOM_003960,Common bean vine,aom:ingredientPart,AOM_101107,Vine,material-component,move-under-plant-anatomy,approved-generated,Pete Steward,2026-08-05,data/livestock-staging/approved_ingredient_harmonization_rules.csv,Generated from approved rule under recorded guard; legacy material identity preserved.,COMPONENT-VINE
AOM_006108,Green Bean Vine Dried,aom:ingredientPart,AOM_101107,Vine,material-component,move-under-plant-anatomy,approved-generated,Pete Steward,2026-08-05,data/livestock-staging/approved_ingredient_harmonization_rules.csv,Generated from approved rule under recorded guard; legacy material identity preserved.,COMPONENT-VINE
AOM_006182,Watermelon Vine Dried,aom:ingredientPart,AOM_101107,Vine,material-component,move-under-plant-anatomy,approved-generated,Pete Steward,2026-08-05,data/livestock-staging/approved_ingredient_harmonization_rules.csv,Generated from approved rule under recorded guard; legacy material identity preserved.,COMPONENT-VINE
AOM_006183,Watermelon Vine Dried Fermented,aom:ingredientPart,AOM_101107,Vine,material-component,move-under-plant-anatomy,approved-generated,Pete Steward,2026-08-05,data/livestock-staging/approved_ingredient_harmonization_rules.csv,Generated from approved rule under recorded guard; legacy material identity preserved.,COMPONENT-VINE
AOM_006403,Sweet Potato Vine Ensiled Wilted,aom:ingredientPart,AOM_101107,Vine,material-component,move-under-plant-anatomy,approved-generated,Pete Steward,2026-08-05,data/livestock-staging/approved_ingredient_harmonization_rules.csv,Generated from approved rule under recorded guard; legacy material identity preserved.,COMPONENT-VINE
AOM_000752,Chamomile Flower,aom:ingredientPart,AOM_101117,Flower,material-component,move-under-plant-anatomy,approved,Pete Steward,2026-08-06,http://purl.obolibrary.org/obo/NCBITaxon_99037;wfo-0000005006,Explicit descriptor “flower” mapped through hard-tail decision AOM_000752; assertion 1.,
AOM_006323,Chamomile Flower By Product,aom:ingredientPart,AOM_101117,Flower,material-component,move-under-plant-anatomy,approved,Pete Steward,2026-08-06,http://purl.obolibrary.org/obo/NCBITaxon_99037;wfo-0000005006,Explicit descriptor “flower” mapped through hard-tail decision AOM_006323; assertion 2.,
AOM_003879,Cochlospermum planchonii Rhizomes,aom:ingredientPart,AOM_101121,Rhizome,material-component,move-under-plant-anatomy,approved,Pete Steward,2026-08-06,http://purl.obolibrary.org/obo/NCBITaxon_2086535;wfo-0000902538,Explicit descriptor “rhizomes” mapped through hard-tail decision AOM_003879; assertion 1.,
AOM_001880,Cod Liver Oil,aom:ingredientPart,AOM_101122,Liver,material-component,move-under-animal-anatomy,approved,Pete Steward,2026-08-06,review/livestock-v13/workbook_source_cohort.csv,Explicit descriptor “liver” mapped through hard-tail decision AOM_001880; assertion 2.,
AOM_000563,Unspecified Bran,aom:materialComponent,AOM_101104,Bran,material-component,retain-and-reparent,approved-generated,Pete Steward,2026-08-05,data/livestock-staging/approved_ingredient_harmonization_rules.csv,Generated from approved rule under recorded guard; legacy material identity preserved.,COMPONENT-BRAN
AOM_000575,Rice Bran,aom:materialComponent,AOM_101104,Bran,material-component,retain-and-reparent,approved-generated,Pete Steward,2026-08-05,data/livestock-staging/approved_ingredient_harmonization_rules.csv,Generated from approved rule under recorded guard; legacy material identity preserved.,COMPONENT-BRAN
AOM_000580,Rye Bran,aom:materialComponent,AOM_101104,Bran,material-component,retain-and-reparent,approved-generated,Pete Steward,2026-08-05,data/livestock-staging/approved_ingredient_harmonization_rules.csv,Generated from approved rule under recorded guard; legacy material identity preserved.,COMPONENT-BRAN
AOM_000585,Wheat Bran,aom:materialComponent,AOM_101104,Bran,material-component,retain-and-reparent,approved-generated,Pete Steward,2026-08-05,data/livestock-staging/approved_ingredient_harmonization_rules.csv,Generated from approved rule under recorded guard; legacy material identity preserved.,COMPONENT-BRAN
AOM_000586,Wheat Bran Remoulage,aom:materialComponent,AOM_101104,Bran,material-component,retain-and-reparent,approved-generated,Pete Steward,2026-08-05,data/livestock-staging/approved_ingredient_harmonization_rules.csv,Generated from approved rule under recorded guard; legacy material identity preserved.,COMPONENT-BRAN
AOM_000634,Cassava Bran,aom:materialComponent,AOM_101104,Bran,material-component,retain-and-reparent,approved-generated,Pete Steward,2026-08-05,data/livestock-staging/approved_ingredient_harmonization_rules.csv,Generated from approved rule under recorded guard; legacy material identity preserved.,COMPONENT-BRAN
AOM_000639,Concentrate Cassava Bran Fish Waste,aom:materialComponent,AOM_101104,Bran,material-component,retain-and-reparent,approved-generated,Pete Steward,2026-08-05,data/livestock-staging/approved_ingredient_harmonization_rules.csv,Generated from approved rule under recorded guard; legacy material identity preserved.,COMPONENT-BRAN
AOM_001274,Unspecified Crop Bran,aom:materialComponent,AOM_101104,Bran,material-component,retain-and-reparent,approved-generated,Pete Steward,2026-08-05,data/livestock-staging/approved_ingredient_harmonization_rules.csv,Generated from approved rule under recorded guard; legacy material identity preserved.,COMPONENT-BRAN
AOM_001290,Millet Bran,aom:materialComponent,AOM_101104,Bran,material-component,retain-and-reparent,approved-generated,Pete Steward,2026-08-05,data/livestock-staging/approved_ingredient_harmonization_rules.csv,Generated from approved rule under recorded guard; legacy material identity preserved.,COMPONENT-BRAN
AOM_001614,Maize Bran,aom:materialComponent,AOM_101104,Bran,material-component,retain-and-reparent,approved-generated,Pete Steward,2026-08-05,data/livestock-staging/approved_ingredient_harmonization_rules.csv,Generated from approved rule under recorded guard; legacy material identity preserved.,COMPONENT-BRAN
AOM_001622,Wheat Bran Ground,aom:materialComponent,AOM_101104,Bran,material-component,retain-and-reparent,approved-generated,Pete Steward,2026-08-05,data/livestock-staging/approved_ingredient_harmonization_rules.csv,Generated from approved rule under recorded guard; legacy material identity preserved.,COMPONENT-BRAN
AOM_001772,Sorghum Bran,aom:materialComponent,AOM_101104,Bran,material-component,retain-and-reparent,approved-generated,Pete Steward,2026-08-05,data/livestock-staging/approved_ingredient_harmonization_rules.csv,Generated from approved rule under recorded guard; legacy material identity preserved.,COMPONENT-BRAN
AOM_001806,Barley Bran,aom:materialComponent,AOM_101104,Bran,material-component,retain-and-reparent,approved-generated,Pete Steward,2026-08-05,data/livestock-staging/approved_ingredient_harmonization_rules.csv,Generated from approved rule under recorded guard; legacy material identity preserved.,COMPONENT-BRAN
AOM_001844,Maize Bran Ground,aom:materialComponent,AOM_101104,Bran,material-component,retain-and-reparent,approved-generated,Pete Steward,2026-08-05,data/livestock-staging/approved_ingredient_harmonization_rules.csv,Generated from approved rule under recorded guard; legacy material identity preserved.,COMPONENT-BRAN
AOM_001883,Unspecified Bran Ground,aom:materialComponent,AOM_101104,Bran,material-component,retain-and-reparent,approved-generated,Pete Steward,2026-08-05,data/livestock-staging/approved_ingredient_harmonization_rules.csv,Generated from approved rule under recorded guard; legacy material identity preserved.,COMPONENT-BRAN
AOM_002015,Unspecified Bran Dried Ground,aom:materialComponent,AOM_101104,Bran,material-component,retain-and-reparent,approved-generated,Pete Steward,2026-08-05,data/livestock-staging/approved_ingredient_harmonization_rules.csv,Generated from approved rule under recorded guard; legacy material identity preserved.,COMPONENT-BRAN
AOM_002016,Maize Bran Dried Ground,aom:materialComponent,AOM_101104,Bran,material-component,retain-and-reparent,approved-generated,Pete Steward,2026-08-05,data/livestock-staging/approved_ingredient_harmonization_rules.csv,Generated from approved rule under recorded guard; legacy material identity preserved.,COMPONENT-BRAN
AOM_002039,Megathyrsus maximus Bran,aom:materialComponent,AOM_101104,Bran,material-component,retain-and-reparent,approved-generated,Pete Steward,2026-08-05,data/livestock-staging/approved_ingredient_harmonization_rules.csv,Generated from approved rule under recorded guard; legacy material identity preserved.,COMPONENT-BRAN
AOM_002114,Rice Bran Solvent,aom:materialComponent,AOM_101104,Bran,material-component,retain-and-reparent,approved-generated,Pete Steward,2026-08-05,data/livestock-staging/approved_ingredient_harmonization_rules.csv,Generated from approved rule under recorded guard; legacy material identity preserved.,COMPONENT-BRAN
AOM_006126,Maize Bran Dried,aom:materialComponent,AOM_101104,Bran,material-component,retain-and-reparent,approved-generated,Pete Steward,2026-08-05,data/livestock-staging/approved_ingredient_harmonization_rules.csv,Generated from approved rule under recorded guard; legacy material identity preserved.,COMPONENT-BRAN
AOM_006226,Maize Bran Alkali Treated Ground,aom:materialComponent,AOM_101104,Bran,material-component,retain-and-reparent,approved-generated,Pete Steward,2026-08-05,data/livestock-staging/approved_ingredient_harmonization_rules.csv,Generated from approved rule under recorded guard; legacy material identity preserved.,COMPONENT-BRAN
AOM_001219,Lablab purpureus Stover,aom:materialComponent,AOM_101105,Stover,material-component,remove-component-use-hold-identity,approved-generated,Pete Steward,2026-08-05,data/livestock-staging/approved_ingredient_harmonization_rules.csv,Generated from approved rule under recorded guard; legacy material identity preserved.,COMPONENT-STOVER
AOM_006001,Maize Stover,aom:materialComponent,AOM_101105,Stover,material-component,remove-component-use-hold-identity,approved-generated,Pete Steward,2026-08-05,data/livestock-staging/approved_ingredient_harmonization_rules.csv,Generated from approved rule under recorded guard; legacy material identity preserved.,COMPONENT-STOVER
AOM_006002,Maize Stover Urea Treated,aom:materialComponent,AOM_101105,Stover,material-component,remove-component-use-hold-identity,approved-generated,Pete Steward,2026-08-05,data/livestock-staging/approved_ingredient_harmonization_rules.csv,Generated from approved rule under recorded guard; legacy material identity preserved.,COMPONENT-STOVER
AOM_006076,Maize Stover Ensiled,aom:materialComponent,AOM_101105,Stover,material-component,remove-component-use-hold-identity,approved-generated,Pete Steward,2026-08-05,data/livestock-staging/approved_ingredient_harmonization_rules.csv,Generated from approved rule under recorded guard; legacy material identity preserved.,COMPONENT-STOVER
AOM_000572,Maize Straw,aom:materialComponent,AOM_101106,Straw,material-component,remove-component-use-hold-identity,approved-generated,Pete Steward,2026-08-05,data/livestock-staging/approved_ingredient_harmonization_rules.csv,Generated from approved rule under recorded guard; legacy material identity preserved.,COMPONENT-STRAW
AOM_000579,Rice Straw,aom:materialComponent,AOM_101106,Straw,material-component,remove-component-use-hold-identity,approved-generated,Pete Steward,2026-08-05,data/livestock-staging/approved_ingredient_harmonization_rules.csv,Generated from approved rule under recorded guard; legacy material identity preserved.,COMPONENT-STRAW
AOM_000581,Sorghum Straw,aom:materialComponent,AOM_101106,Straw,material-component,remove-component-use-hold-identity,approved-generated,Pete Steward,2026-08-05,data/livestock-staging/approved_ingredient_harmonization_rules.csv,Generated from approved rule under recorded guard; legacy material identity preserved.,COMPONENT-STRAW
AOM_000582,Unspecified Straw,aom:materialComponent,AOM_101106,Straw,material-component,remove-component-use-hold-identity,approved-generated,Pete Steward,2026-08-05,data/livestock-staging/approved_ingredient_harmonization_rules.csv,Generated from approved rule under recorded guard; legacy material identity preserved.,COMPONENT-STRAW
AOM_000584,Barley Straw,aom:materialComponent,AOM_101106,Straw,material-component,remove-component-use-hold-identity,approved-generated,Pete Steward,2026-08-05,data/livestock-staging/approved_ingredient_harmonization_rules.csv,Generated from approved rule under recorded guard; legacy material identity preserved.,COMPONENT-STRAW
AOM_001179,Common Bean Straw,aom:materialComponent,AOM_101106,Straw,material-component,remove-component-use-hold-identity,approved-generated,Pete Steward,2026-08-05,data/livestock-staging/approved_ingredient_harmonization_rules.csv,Generated from approved rule under recorded guard; legacy material identity preserved.,COMPONENT-STRAW
AOM_001197,Teff Straw Crushed,aom:materialComponent,AOM_101106,Straw,material-component,remove-component-use-hold-identity,approved-generated,Pete Steward,2026-08-05,data/livestock-staging/approved_ingredient_harmonization_rules.csv,Generated from approved rule under recorded guard; legacy material identity preserved.,COMPONENT-STRAW
AOM_001241,Trifolium alexandrinum Straw,aom:materialComponent,AOM_101106,Straw,material-component,remove-component-use-hold-identity,approved-generated,Pete Steward,2026-08-05,data/livestock-staging/approved_ingredient_harmonization_rules.csv,Generated from approved rule under recorded guard; legacy material identity preserved.,COMPONENT-STRAW
AOM_001262,Wheat Straw Dried Urea Treated,aom:materialComponent,AOM_101106,Straw,material-component,remove-component-use-hold-identity,approved-generated,Pete Steward,2026-08-05,data/livestock-staging/approved_ingredient_harmonization_rules.csv,Generated from approved rule under recorded guard; legacy material identity preserved.,COMPONENT-STRAW
AOM_001271,Soybean Straw,aom:materialComponent,AOM_101106,Straw,material-component,remove-component-use-hold-identity,approved-generated,Pete Steward,2026-08-05,data/livestock-staging/approved_ingredient_harmonization_rules.csv,Generated from approved rule under recorded guard; legacy material identity preserved.,COMPONENT-STRAW
AOM_001285,Pea Straw,aom:materialComponent,AOM_101106,Straw,material-component,remove-component-use-hold-identity,approved-generated,Pete Steward,2026-08-05,data/livestock-staging/approved_ingredient_harmonization_rules.csv,Generated from approved rule under recorded guard; legacy material identity preserved.,COMPONENT-STRAW
AOM_001291,Millet Straw,aom:materialComponent,AOM_101106,Straw,material-component,remove-component-use-hold-identity,approved-generated,Pete Steward,2026-08-05,data/livestock-staging/approved_ingredient_harmonization_rules.csv,Generated from approved rule under recorded guard; legacy material identity preserved.,COMPONENT-STRAW
AOM_001408,Panicum maximum Straw,aom:materialComponent,AOM_101106,Straw,material-component,remove-component-use-hold-identity,approved-generated,Pete Steward,2026-08-05,data/livestock-staging/approved_ingredient_harmonization_rules.csv,Generated from approved rule under recorded guard; legacy material identity preserved.,COMPONENT-STRAW
AOM_001617,Maize Straw Dried Ground,aom:materialComponent,AOM_101106,Straw,material-component,remove-component-use-hold-identity,approved-generated,Pete Steward,2026-08-05,data/livestock-staging/approved_ingredient_harmonization_rules.csv,Generated from approved rule under recorded guard; legacy material identity preserved.,COMPONENT-STRAW
AOM_001624,Wheat Straw Lime Treated Urea Treated,aom:materialComponent,AOM_101106,Straw,material-component,remove-component-use-hold-identity,approved-generated,Pete Steward,2026-08-05,data/livestock-staging/approved_ingredient_harmonization_rules.csv,Generated from approved rule under recorded guard; legacy material identity preserved.,COMPONENT-STRAW
AOM_001682,Maize Straw Ground,aom:materialComponent,AOM_101106,Straw,material-component,remove-component-use-hold-identity,approved-generated,Pete Steward,2026-08-05,data/livestock-staging/approved_ingredient_harmonization_rules.csv,Generated from approved rule under recorded guard; legacy material identity preserved.,COMPONENT-STRAW
AOM_001684,Maize Straw Dried Ensiled Ground Urea Treated,aom:materialComponent,AOM_101106,Straw,material-component,remove-component-use-hold-identity,approved-generated,Pete Steward,2026-08-05,data/livestock-staging/approved_ingredient_harmonization_rules.csv,Generated from approved rule under recorded guard; legacy material identity preserved.,COMPONENT-STRAW
AOM_001686,Maize Straw Dried,aom:materialComponent,AOM_101106,Straw,material-component,remove-component-use-hold-identity,approved-generated,Pete Steward,2026-08-05,data/livestock-staging/approved_ingredient_harmonization_rules.csv,Generated from approved rule under recorded guard; legacy material identity preserved.,COMPONENT-STRAW
AOM_001687,Maize Straw Urea Treated,aom:materialComponent,AOM_101106,Straw,material-component,remove-component-use-hold-identity,approved-generated,Pete Steward,2026-08-05,data/livestock-staging/approved_ingredient_harmonization_rules.csv,Generated from approved rule under recorded guard; legacy material identity preserved.,COMPONENT-STRAW
AOM_001688,Maize Straw Ground Urea Treated,aom:materialComponent,AOM_101106,Straw,material-component,remove-component-use-hold-identity,approved-generated,Pete Steward,2026-08-05,data/livestock-staging/approved_ingredient_harmonization_rules.csv,Generated from approved rule under recorded guard; legacy material identity preserved.,COMPONENT-STRAW
AOM_001750,Wheat Straw Ground,aom:materialComponent,AOM_101106,Straw,material-component,remove-component-use-hold-identity,approved-generated,Pete Steward,2026-08-05,data/livestock-staging/approved_ingredient_harmonization_rules.csv,Generated from approved rule under recorded guard; legacy material identity preserved.,COMPONENT-STRAW
AOM_001751,Wheat Straw Urea Treated,aom:materialComponent,AOM_101106,Straw,material-component,remove-component-use-hold-identity,approved-generated,Pete Steward,2026-08-05,data/livestock-staging/approved_ingredient_harmonization_rules.csv,Generated from approved rule under recorded guard; legacy material identity preserved.,COMPONENT-STRAW
AOM_001835,Oat Straw,aom:materialComponent,AOM_101106,Straw,material-component,remove-component-use-hold-identity,approved-generated,Pete Steward,2026-08-05,data/livestock-staging/approved_ingredient_harmonization_rules.csv,Generated from approved rule under recorded guard; legacy material identity preserved.,COMPONENT-STRAW
AOM_001885,Maize Straw Ensiled Urea Treated,aom:materialComponent,AOM_101106,Straw,material-component,remove-component-use-hold-identity,approved-generated,Pete Steward,2026-08-05,data/livestock-staging/approved_ingredient_harmonization_rules.csv,Generated from approved rule under recorded guard; legacy material identity preserved.,COMPONENT-STRAW
AOM_001887,Wheat Straw,aom:materialComponent,AOM_101106,Straw,material-component,remove-component-use-hold-identity,approved-generated,Pete Steward,2026-08-05,data/livestock-staging/approved_ingredient_harmonization_rules.csv,Generated from approved rule under recorded guard; legacy material identity preserved.,COMPONENT-STRAW
AOM_001890,Groundnut Straw,aom:materialComponent,AOM_101106,Straw,material-component,remove-component-use-hold-identity,approved-generated,Pete Steward,2026-08-05,data/livestock-staging/approved_ingredient_harmonization_rules.csv,Generated from approved rule under recorded guard; legacy material identity preserved.,COMPONENT-STRAW
AOM_002084,Spent Rice Straw,aom:materialComponent,AOM_101106,Straw,material-component,remove-component-use-hold-identity,approved-generated,Pete Steward,2026-08-05,data/livestock-staging/approved_ingredient_harmonization_rules.csv,Generated from approved rule under recorded guard; legacy material identity preserved.,COMPONENT-STRAW
AOM_002117,Sorghum Straw Alkali Treated Dried,aom:materialComponent,AOM_101106,Straw,material-component,remove-component-use-hold-identity,approved-generated,Pete Steward,2026-08-05,data/livestock-staging/approved_ingredient_harmonization_rules.csv,Generated from approved rule under recorded guard; legacy material identity preserved.,COMPONENT-STRAW
AOM_003102,Teff Straw,aom:materialComponent,AOM_101106,Straw,material-component,remove-component-use-hold-identity,approved-generated,Pete Steward,2026-08-05,data/livestock-staging/approved_ingredient_harmonization_rules.csv,Generated from approved rule under recorded guard; legacy material identity preserved.,COMPONENT-STRAW
AOM_003692,Rice Straw Molasses Treated,aom:materialComponent,AOM_101106,Straw,material-component,remove-component-use-hold-identity,approved-generated,Pete Steward,2026-08-05,data/livestock-staging/approved_ingredient_harmonization_rules.csv,Generated from approved rule under recorded guard; legacy material identity preserved.,COMPONENT-STRAW
AOM_004005,Finger Millet Straw,aom:materialComponent,AOM_101106,Straw,material-component,remove-component-use-hold-identity,approved-generated,Pete Steward,2026-08-05,data/livestock-staging/approved_ingredient_harmonization_rules.csv,Generated from approved rule under recorded guard; legacy material identity preserved.,COMPONENT-STRAW
AOM_006035,Barley Straw Fermented,aom:materialComponent,AOM_101106,Straw,material-component,remove-component-use-hold-identity,approved-generated,Pete Steward,2026-08-05,data/livestock-staging/approved_ingredient_harmonization_rules.csv,Generated from approved rule under recorded guard; legacy material identity preserved.,COMPONENT-STRAW
AOM_006040,Barley Straw Dried,aom:materialComponent,AOM_101106,Straw,material-component,remove-component-use-hold-identity,approved-generated,Pete Steward,2026-08-05,data/livestock-staging/approved_ingredient_harmonization_rules.csv,Generated from approved rule under recorded guard; legacy material identity preserved.,COMPONENT-STRAW
AOM_006042,Trifolium alexandrinum Straw Dried,aom:materialComponent,AOM_101106,Straw,material-component,remove-component-use-hold-identity,approved-generated,Pete Steward,2026-08-05,data/livestock-staging/approved_ingredient_harmonization_rules.csv,Generated from approved rule under recorded guard; legacy material identity preserved.,COMPONENT-STRAW
AOM_006133,Millet Straw Ensiled Urea Treated,aom:materialComponent,AOM_101106,Straw,material-component,remove-component-use-hold-identity,approved-generated,Pete Steward,2026-08-05,data/livestock-staging/approved_ingredient_harmonization_rules.csv,Generated from approved rule under recorded guard; legacy material identity preserved.,COMPONENT-STRAW
AOM_006142,Oat Straw Dried,aom:materialComponent,AOM_101106,Straw,material-component,remove-component-use-hold-identity,approved-generated,Pete Steward,2026-08-05,data/livestock-staging/approved_ingredient_harmonization_rules.csv,Generated from approved rule under recorded guard; legacy material identity preserved.,COMPONENT-STRAW
AOM_006165,Maize Straw Ensiled Urea Treated Wilted,aom:materialComponent,AOM_101106,Straw,material-component,remove-component-use-hold-identity,approved-generated,Pete Steward,2026-08-05,data/livestock-staging/approved_ingredient_harmonization_rules.csv,Generated from approved rule under recorded guard; legacy material identity preserved.,COMPONENT-STRAW
AOM_006175,Maize Straw Ensiled Fermented,aom:materialComponent,AOM_101106,Straw,material-component,remove-component-use-hold-identity,approved-generated,Pete Steward,2026-08-05,data/livestock-staging/approved_ingredient_harmonization_rules.csv,Generated from approved rule under recorded guard; legacy material identity preserved.,COMPONENT-STRAW
AOM_006181,Wheat Straw Ensiled,aom:materialComponent,AOM_101106,Straw,material-component,remove-component-use-hold-identity,approved-generated,Pete Steward,2026-08-05,data/livestock-staging/approved_ingredient_harmonization_rules.csv,Generated from approved rule under recorded guard; legacy material identity preserved.,COMPONENT-STRAW
AOM_006190,Rice Straw Ground,aom:materialComponent,AOM_101106,Straw,material-component,remove-component-use-hold-identity,approved-generated,Pete Steward,2026-08-05,data/livestock-staging/approved_ingredient_harmonization_rules.csv,Generated from approved rule under recorded guard; legacy material identity preserved.,COMPONENT-STRAW
AOM_006191,Rice Straw Dried,aom:materialComponent,AOM_101106,Straw,material-component,remove-component-use-hold-identity,approved-generated,Pete Steward,2026-08-05,data/livestock-staging/approved_ingredient_harmonization_rules.csv,Generated from approved rule under recorded guard; legacy material identity preserved.,COMPONENT-STRAW
AOM_006192,Rice Straw Dried Ensiled Urea Treated,aom:materialComponent,AOM_101106,Straw,material-component,remove-component-use-hold-identity,approved-generated,Pete Steward,2026-08-05,data/livestock-staging/approved_ingredient_harmonization_rules.csv,Generated from approved rule under recorded guard; legacy material identity preserved.,COMPONENT-STRAW
AOM_006206,Wheat Straw Ensiled Fermented,aom:materialComponent,AOM_101106,Straw,material-component,remove-component-use-hold-identity,approved-generated,Pete Steward,2026-08-05,data/livestock-staging/approved_ingredient_harmonization_rules.csv,Generated from approved rule under recorded guard; legacy material identity preserved.,COMPONENT-STRAW
AOM_006244,Unspecified Straw Ground,aom:materialComponent,AOM_101106,Straw,material-component,remove-component-use-hold-identity,approved-generated,Pete Steward,2026-08-05,data/livestock-staging/approved_ingredient_harmonization_rules.csv,Generated from approved rule under recorded guard; legacy material identity preserved.,COMPONENT-STRAW
AOM_006259,Teff Straw Ensiled Fermented Urea Treated,aom:materialComponent,AOM_101106,Straw,material-component,remove-component-use-hold-identity,approved-generated,Pete Steward,2026-08-05,data/livestock-staging/approved_ingredient_harmonization_rules.csv,Generated from approved rule under recorded guard; legacy material identity preserved.,COMPONENT-STRAW
AOM_006260,Teff Straw Dried,aom:materialComponent,AOM_101106,Straw,material-component,remove-component-use-hold-identity,approved-generated,Pete Steward,2026-08-05,data/livestock-staging/approved_ingredient_harmonization_rules.csv,Generated from approved rule under recorded guard; legacy material identity preserved.,COMPONENT-STRAW
AOM_006301,Rice Straw Ensiled Urea Treated,aom:materialComponent,AOM_101106,Straw,material-component,remove-component-use-hold-identity,approved-generated,Pete Steward,2026-08-05,data/livestock-staging/approved_ingredient_harmonization_rules.csv,Generated from approved rule under recorded guard; legacy material identity preserved.,COMPONENT-STRAW
AOM_006302,Rice Straw Urea Treated,aom:materialComponent,AOM_101106,Straw,material-component,remove-component-use-hold-identity,approved-generated,Pete Steward,2026-08-05,data/livestock-staging/approved_ingredient_harmonization_rules.csv,Generated from approved rule under recorded guard; legacy material identity preserved.,COMPONENT-STRAW
AOM_006303,Rice Straw Dried Urea Treated,aom:materialComponent,AOM_101106,Straw,material-component,remove-component-use-hold-identity,approved-generated,Pete Steward,2026-08-05,data/livestock-staging/approved_ingredient_harmonization_rules.csv,Generated from approved rule under recorded guard; legacy material identity preserved.,COMPONENT-STRAW
AOM_006304,Rice Straw Fermented Ground,aom:materialComponent,AOM_101106,Straw,material-component,remove-component-use-hold-identity,approved-generated,Pete Steward,2026-08-05,data/livestock-staging/approved_ingredient_harmonization_rules.csv,Generated from approved rule under recorded guard; legacy material identity preserved.,COMPONENT-STRAW
AOM_006313,Sorghum Straw Crushed,aom:materialComponent,AOM_101106,Straw,material-component,remove-component-use-hold-identity,approved-generated,Pete Steward,2026-08-05,data/livestock-staging/approved_ingredient_harmonization_rules.csv,Generated from approved rule under recorded guard; legacy material identity preserved.,COMPONENT-STRAW
AOM_006314,Sorghum Straw Crushed Dried Fermented,aom:materialComponent,AOM_101106,Straw,material-component,remove-component-use-hold-identity,approved-generated,Pete Steward,2026-08-05,data/livestock-staging/approved_ingredient_harmonization_rules.csv,Generated from approved rule under recorded guard; legacy material identity preserved.,COMPONENT-STRAW
AOM_006319,Soybean Straw Dried,aom:materialComponent,AOM_101106,Straw,material-component,remove-component-use-hold-identity,approved-generated,Pete Steward,2026-08-05,data/livestock-staging/approved_ingredient_harmonization_rules.csv,Generated from approved rule under recorded guard; legacy material identity preserved.,COMPONENT-STRAW
AOM_006321,Trifolium alexandrinum Straw Urea Treated,aom:materialComponent,AOM_101106,Straw,material-component,remove-component-use-hold-identity,approved-generated,Pete Steward,2026-08-05,data/livestock-staging/approved_ingredient_harmonization_rules.csv,Generated from approved rule under recorded guard; legacy material identity preserved.,COMPONENT-STRAW
AOM_006328,Sorghum Straw Dried Ground,aom:materialComponent,AOM_101106,Straw,material-component,remove-component-use-hold-identity,approved-generated,Pete Steward,2026-08-05,data/livestock-staging/approved_ingredient_harmonization_rules.csv,Generated from approved rule under recorded guard; legacy material identity preserved.,COMPONENT-STRAW
AOM_006336,Rice Straw Dried Ground,aom:materialComponent,AOM_101106,Straw,material-component,remove-component-use-hold-identity,approved-generated,Pete Steward,2026-08-05,data/livestock-staging/approved_ingredient_harmonization_rules.csv,Generated from approved rule under recorded guard; legacy material identity preserved.,COMPONENT-STRAW
AOM_006337,Rice Straw Dried Fermented Ground,aom:materialComponent,AOM_101106,Straw,material-component,remove-component-use-hold-identity,approved-generated,Pete Steward,2026-08-05,data/livestock-staging/approved_ingredient_harmonization_rules.csv,Generated from approved rule under recorded guard; legacy material identity preserved.,COMPONENT-STRAW
AOM_006345,Soybean Straw Dried Urea Treated,aom:materialComponent,AOM_101106,Straw,material-component,remove-component-use-hold-identity,approved-generated,Pete Steward,2026-08-05,data/livestock-staging/approved_ingredient_harmonization_rules.csv,Generated from approved rule under recorded guard; legacy material identity preserved.,COMPONENT-STRAW
AOM_006374,Finger Millet Straw Ensiled Urea Treated,aom:materialComponent,AOM_101106,Straw,material-component,remove-component-use-hold-identity,approved-generated,Pete Steward,2026-08-05,data/livestock-staging/approved_ingredient_harmonization_rules.csv,Generated from approved rule under recorded guard; legacy material identity preserved.,COMPONENT-STRAW
AOM_006396,Soybean Straw Dried Molasses Treated Urea Treated,aom:materialComponent,AOM_101106,Straw,material-component,remove-component-use-hold-identity,approved-generated,Pete Steward,2026-08-05,data/livestock-staging/approved_ingredient_harmonization_rules.csv,Generated from approved rule under recorded guard; legacy material identity preserved.,COMPONENT-STRAW
AOM_006397,Maize Straw Molasses Treated Urea Treated,aom:materialComponent,AOM_101106,Straw,material-component,remove-component-use-hold-identity,approved-generated,Pete Steward,2026-08-05,data/livestock-staging/approved_ingredient_harmonization_rules.csv,Generated from approved rule under recorded guard; legacy material identity preserved.,COMPONENT-STRAW
AOM_006413,Rice Straw Ensiled,aom:materialComponent,AOM_101106,Straw,material-component,remove-component-use-hold-identity,approved-generated,Pete Steward,2026-08-05,data/livestock-staging/approved_ingredient_harmonization_rules.csv,Generated from approved rule under recorded guard; legacy material identity preserved.,COMPONENT-STRAW
AOM_000678,Cassava Starch,aom:primaryConstituent,AOM_101065,Starch constituent,chemical-identity,hold-exact-identity-and-label,approved,Pete Steward,2026-08-06,review/livestock-v10/feedipedia_semantic_review.csv,Cassava remains source identity while starch is constituent identity.,
AOM_001289,Maize Starch,aom:primaryConstituent,AOM_101065,Starch constituent,chemical-identity,hold-exact-identity-and-label,approved,Pete Steward,2026-08-06,review/livestock-v10/feedipedia_semantic_review.csv,Maize remains source identity while starch is constituent identity.,
AOM_001820,Potato Starch,aom:primaryConstituent,AOM_101065,Starch constituent,chemical-identity,hold-exact-identity-and-label,approved,Pete Steward,2026-08-06,01510;2322;http://purl.obolibrary.org/obo/NCBITaxon_4113;wfo-0001031908,Explicit descriptor “starch” mapped through hard-tail decision AOM_001820; assertion 1.,
AOM_003978,Cassava Starch Residue,aom:primaryConstituent,AOM_101065,Starch constituent,chemical-identity,hold-exact-identity-and-label,approved,Pete Steward,2026-08-06,01520;http://purl.obolibrary.org/obo/NCBITaxon_3983;wfo-0000235507,Explicit descriptor “starch” mapped through hard-tail decision AOM_003978; assertion 1.,
AOM_000538,Bone Ash,aom:primaryConstituent,AOM_101080,Ash constituent,chemical-identity,hold-exact-identity-and-label,approved,Pete Steward,2026-08-06,era_master_sheet.xlsx#AOM;review/livestock-v20/final_definition_tail_register.csv,Explicit descriptor “ash” mapped through hard-tail decision AOM_000538; assertion 1.,
AOM_000544,Fish Oil,aom:primaryConstituent,AOM_101081,Oil constituent,chemical-identity,hold-exact-identity-and-label,approved,Pete Steward,2026-08-06,review/livestock-v10/feedipedia_semantic_review.csv,Feedipedia identifies fish oil; oil is material constituent rather than evidence of physical form.,
AOM_000547,Nile Perch Fish Oil,aom:primaryConstituent,AOM_101081,Oil constituent,chemical-identity,hold-exact-identity-and-label,approved,Pete Steward,2026-08-06,http://purl.obolibrary.org/obo/NCBITaxon_29147,Explicit descriptor “oil” mapped through hard-tail decision AOM_000547; assertion 1.,
AOM_000651,Maize Oil,aom:primaryConstituent,AOM_101081,Oil constituent,chemical-identity,hold-exact-identity-and-label,approved,Pete Steward,2026-08-06,review/livestock-v12/public_authority_source_scope_review.csv,Exact AGROVOC maize-oil identity supports oil constituent independent of physical form.,
AOM_000671,Palm Oil,aom:primaryConstituent,AOM_101081,Oil constituent,chemical-identity,hold-exact-identity-and-label,approved,Pete Steward,2026-08-06,era_master_sheet.xlsx#AOM;review/livestock-v20/final_definition_tail_register.csv,Explicit descriptor “oil” mapped through hard-tail decision AOM_000671; assertion 1.,
AOM_000672,Palm Oil Crude,aom:primaryConstituent,AOM_101081,Oil constituent,chemical-identity,hold-exact-identity-and-label,approved,Pete Steward,2026-08-06,era_master_sheet.xlsx#AOM;review/livestock-v23/final_tail_cohort.csv,Explicit descriptor “oil” mapped through hard-tail decision AOM_000672; assertion 1.,
AOM_000674,Sunflower Oil,aom:primaryConstituent,AOM_101081,Oil constituent,chemical-identity,hold-exact-identity-and-label,approved,Pete Steward,2026-08-06,review/livestock-v12/public_authority_source_scope_review.csv,Exact AGROVOC sunflower-oil identity supports oil constituent independent of physical form.,
AOM_000676,Vegetable Oil,aom:primaryConstituent,AOM_101081,Oil constituent,chemical-identity,hold-exact-identity-and-label,approved,Pete Steward,2026-08-06,era_master_sheet.xlsx#AOM;review/livestock-v23/final_tail_cohort.csv,Explicit descriptor “oil” mapped through hard-tail decision AOM_000676; assertion 1.,
AOM_001193,Groundnut Oil,aom:primaryConstituent,AOM_101081,Oil constituent,chemical-identity,hold-exact-identity-and-label,approved,Pete Steward,2026-08-06,2162;http://aims.fao.org/aos/agrovoc/c_35679;http://purl.obolibrary.org/obo/NCBITaxon_3818;wfo-0000174378,Explicit descriptor “oil” mapped through hard-tail decision AOM_001193; assertion 1.,
AOM_001255,Flaxseed Oil,aom:primaryConstituent,AOM_101081,Oil constituent,chemical-identity,hold-exact-identity-and-label,approved,Pete Steward,2026-08-06,http://purl.obolibrary.org/obo/NCBITaxon_4006;wfo-0000366385,Explicit descriptor “oil” mapped through hard-tail decision AOM_001255; assertion 1.,
AOM_001308,Canola Oil,aom:primaryConstituent,AOM_101081,Oil constituent,chemical-identity,hold-exact-identity-and-label,approved,Pete Steward,2026-08-06,http://aims.fao.org/aos/agrovoc/c_5514;http://purl.obolibrary.org/obo/NCBITaxon_4710;wfo-0000571271,Explicit descriptor “oil” mapped through hard-tail decision AOM_001308; assertion 1.,
AOM_001344,Rosemary Oil,aom:primaryConstituent,AOM_101081,Oil constituent,chemical-identity,hold-exact-identity-and-label,approved,Pete Steward,2026-08-06,http://purl.obolibrary.org/obo/NCBITaxon_39367;wfo-0000298062,Explicit descriptor “oil” mapped through hard-tail decision AOM_001344; assertion 1.,
AOM_001586,Soybean Oil,aom:primaryConstituent,AOM_101081,Oil constituent,chemical-identity,hold-exact-identity-and-label,approved,Pete Steward,2026-08-06,review/livestock-v12/public_authority_source_scope_review.csv,Exact AGROVOC soybean-oil identity supports oil constituent independent of physical form.,
AOM_001880,Cod Liver Oil,aom:primaryConstituent,AOM_101081,Oil constituent,chemical-identity,hold-exact-identity-and-label,approved,Pete Steward,2026-08-06,review/livestock-v13/workbook_source_cohort.csv,Explicit descriptor “oil” mapped through hard-tail decision AOM_001880; assertion 1.,
AOM_001930,Trout Oil,aom:primaryConstituent,AOM_101081,Oil constituent,chemical-identity,hold-exact-identity-and-label,approved,Pete Steward,2026-08-06,review/livestock-v13/workbook_source_cohort.csv,Explicit descriptor “oil” mapped through hard-tail decision AOM_001930; assertion 1.,
AOM_002241,Rainbow Trout Oil,aom:primaryConstituent,AOM_101081,Oil constituent,chemical-identity,hold-exact-identity-and-label,approved,Pete Steward,2026-08-06,http://purl.obolibrary.org/obo/NCBITaxon_8022,Explicit descriptor “oil” mapped through hard-tail decision AOM_002241; assertion 1.,
AOM_003700,Coconut Oil,aom:primaryConstituent,AOM_101081,Oil constituent,chemical-identity,hold-exact-identity-and-label,approved,Pete Steward,2026-08-06,2166;http://purl.obolibrary.org/obo/NCBITaxon_13894;wfo-0000903570,Explicit descriptor “oil” mapped through hard-tail decision AOM_003700; assertion 1.,
AOM_006200,Garlic Oil,aom:primaryConstituent,AOM_101081,Oil constituent,chemical-identity,hold-exact-identity-and-label,approved,Pete Steward,2026-08-06,review/livestock-v13/workbook_source_cohort.csv,Explicit descriptor “oil” mapped through hard-tail decision AOM_006200; assertion 1.,
AOM_003697,Mucuna pruriens Protein Isolate,aom:primaryConstituent,AOM_101120,Protein constituent,chemical-identity,deprecate-after-migration,approved,Pete Steward,2026-08-06,http://purl.obolibrary.org/obo/NCBITaxon_157652;wfo-0000182545,Explicit descriptor “protein” mapped through hard-tail decision AOM_003697; assertion 2.,
