case_id,priority,top_branch,review_batch,candidate_parent_label,candidate_parent_path,candidate_depth,affected_child_count,affected_child_ids,sample_child_labels,nearest_explicit_ancestor_id,nearest_explicit_ancestor_path,same_label_existing_ids,review_question,decision,approved_parent_id,reviewer,review_date,evidence,rationale
PARENT-001,normal,Farming System,Farming System / livestock system,reproducers,Farming System/livestock system/aquatic/production orientation/reproducers,5,1,AOM_000864,wild caught reproducers,AOM_000847,Farming System/livestock system,AOM_000862,"Mint explicit intermediate concept, map to existing concept, reparent children, or reject hierarchy?",,,,,,
PARENT-002,normal,Farming System,Farming System / livestock system,rearing or housing structure,Farming System/livestock system/terrestrial system/living environment/rearing or housing structure,5,1,AOM_003026,production unit structure,AOM_000900,Farming System/livestock system/terrestrial system/living environment,,"Mint explicit intermediate concept, map to existing concept, reparent children, or reject hierarchy?",,,,,,
PARENT-003,normal,Farming System,Farming System / livestock system,barn rearing system,Farming System/livestock system/terrestrial system/living environment/rearing or housing structure/production unit structure/indoor rearing structure/larger space/barn rearing system,9,1,AOM_000912,cubicle house,AOM_003027,Farming System/livestock system/terrestrial system/living environment/rearing or housing structure/production unit structure/indoor rearing structure,AOM_000911,"Mint explicit intermediate concept, map to existing concept, reparent children, or reject hierarchy?",,,,,,
PARENT-004,normal,Farming System,Farming System / livestock system,reproducers production rearing system,Farming System/livestock system/terrestrial system/production orientation/reproducers production rearing system,5,1,AOM_000854,domesticated reproducers production rearing system,AOM_000850,Farming System/livestock system/terrestrial system/production orientation,,"Mint explicit intermediate concept, map to existing concept, reparent children, or reject hierarchy?",,,,,,
PARENT-005,normal,Management,Management / Livestock Management,Aquasilviculture,Management/Livestock Management/Aquasilviculture,3,1,AOM_000170,Aquasilviculture,AOM_000107,Management/Livestock Management,AOM_000170,"Mint explicit intermediate concept, map to existing concept, reparent children, or reject hierarchy?",,,,,,
PARENT-008,normal,Management,Management / Livestock Management,Shrimp,Management/Livestock Management/Feed Characteristic/Feed Composition/Feed Ingredient/Animal/Crustacean/Shrimp,8,2,AOM_001112;AOM_001923,Shrimp Ground; Shrimp Heads,AOM_000542,Management/Livestock Management/Feed Characteristic/Feed Composition/Feed Ingredient/Animal/Crustacean,,"Mint explicit intermediate concept, map to existing concept, reparent children, or reject hierarchy?",,,,,,
PARENT-009,normal,Management,Management / Livestock Management,Brown Fish,Management/Livestock Management/Feed Characteristic/Feed Composition/Feed Ingredient/Animal/Fish/Brown Fish,8,1,AOM_002240,Brown Fish Ground,AOM_000549,Management/Livestock Management/Feed Characteristic/Feed Composition/Feed Ingredient/Animal/Fish,,"Mint explicit intermediate concept, map to existing concept, reparent children, or reject hierarchy?",,,,,,
PARENT-010,normal,Management,Management / Livestock Management,Danish Fish,Management/Livestock Management/Feed Characteristic/Feed Composition/Feed Ingredient/Animal/Fish/Danish Fish,8,1,AOM_002005,Danish Fish Ground,AOM_000549,Management/Livestock Management/Feed Characteristic/Feed Composition/Feed Ingredient/Animal/Fish,,"Mint explicit intermediate concept, map to existing concept, reparent children, or reject hierarchy?",,,,,,
PARENT-011,normal,Management,Management / Livestock Management,Menhaden,Management/Livestock Management/Feed Characteristic/Feed Composition/Feed Ingredient/Animal/Fish/Menhaden,8,1,AOM_001926,Menhaden Ground,AOM_000549,Management/Livestock Management/Feed Characteristic/Feed Composition/Feed Ingredient/Animal/Fish,,"Mint explicit intermediate concept, map to existing concept, reparent children, or reject hierarchy?",,,,,,
PARENT-012,normal,Management,Management / Livestock Management,Rainbow Trout Viscera,Management/Livestock Management/Feed Characteristic/Feed Composition/Feed Ingredient/Animal/Fish/Rainbow Trout/Rainbow Trout Viscera,9,1,AOM_001928,Rainbow Trout Viscera De-oiled Ensiled,AOM_001927,Management/Livestock Management/Feed Characteristic/Feed Composition/Feed Ingredient/Animal/Fish/Rainbow Trout,,"Mint explicit intermediate concept, map to existing concept, reparent children, or reject hierarchy?",,,,,,
PARENT-013,normal,Management,Management / Livestock Management,Housefly Maggot,Management/Livestock Management/Feed Characteristic/Feed Composition/Feed Ingredient/Animal/Insect/Housefly Maggot,8,1,AOM_001932,Housefly Maggot Dried Ground,AOM_000554,Management/Livestock Management/Feed Characteristic/Feed Composition/Feed Ingredient/Animal/Insect,,"Mint explicit intermediate concept, map to existing concept, reparent children, or reject hierarchy?",,,,,,
PARENT-014,normal,Management,Management / Livestock Management,Oryctes rhinoceros,Management/Livestock Management/Feed Characteristic/Feed Composition/Feed Ingredient/Animal/Insect/Oryctes rhinoceros,8,1,AOM_001108,Oryctes rhinoceros Ground,AOM_000554,Management/Livestock Management/Feed Characteristic/Feed Composition/Feed Ingredient/Animal/Insect,,"Mint explicit intermediate concept, map to existing concept, reparent children, or reject hierarchy?",,,,,,
PARENT-015,normal,Management,Management / Livestock Management,Chicken,Management/Livestock Management/Feed Characteristic/Feed Composition/Feed Ingredient/Animal/Poultry/Chicken,8,1,AOM_001096,Chicken Ground,AOM_000559,Management/Livestock Management/Feed Characteristic/Feed Composition/Feed Ingredient/Animal,AOM_000025;AOM_001039,"Mint explicit intermediate concept, map to existing concept, reparent children, or reject hierarchy?",,,,,,
PARENT-016,normal,Management,Management / Livestock Management,Chicken Offal,Management/Livestock Management/Feed Characteristic/Feed Composition/Feed Ingredient/Animal/Poultry/Chicken/Chicken Offal,9,1,AOM_001938,Chicken Offal Dried Ground,AOM_000559,Management/Livestock Management/Feed Characteristic/Feed Composition/Feed Ingredient/Animal,,"Mint explicit intermediate concept, map to existing concept, reparent children, or reject hierarchy?",,,,,,
PARENT-017,medium,Management,Management / Livestock Management,Animal Byproduct,Management/Livestock Management/Feed Characteristic/Feed Composition/Feed Ingredient/Animal Byproduct,6,5,AOM_000540;AOM_000558;AOM_001106;AOM_002078;AOM_003206,Bone; Shell; Meat and Bone; Egg; Poultry byproduct,AOM_100850,Management/Livestock Management/Feed Characteristic/Feed Composition/Feed Ingredient,,"Mint explicit intermediate concept, map to existing concept, reparent children, or reject hierarchy?",,,,,,
PARENT-018,normal,Management,Management / Livestock Management,Digestive ByProduct,Management/Livestock Management/Feed Characteristic/Feed Composition/Feed Ingredient/Animal Byproduct/Digestive ByProduct,7,1,AOM_001811,Rumen Contents,AOM_100850,Management/Livestock Management/Feed Characteristic/Feed Composition/Feed Ingredient,,"Mint explicit intermediate concept, map to existing concept, reparent children, or reject hierarchy?",,,,,,
PARENT-019,normal,Management,Management / Livestock Management,Fat,Management/Livestock Management/Feed Characteristic/Feed Composition/Feed Ingredient/Animal Byproduct/Fat,7,1,AOM_002080,Lard,AOM_100850,Management/Livestock Management/Feed Characteristic/Feed Composition/Feed Ingredient,,"Mint explicit intermediate concept, map to existing concept, reparent children, or reject hierarchy?",,,,,,
PARENT-020,normal,Management,Management / Livestock Management,Feather,Management/Livestock Management/Feed Characteristic/Feed Composition/Feed Ingredient/Animal Byproduct/Feather,7,2,AOM_001099;AOM_002009,Feather Ground; Feather Boiled Dried Ground,AOM_100850,Management/Livestock Management/Feed Characteristic/Feed Composition/Feed Ingredient,,"Mint explicit intermediate concept, map to existing concept, reparent children, or reject hierarchy?",,,,,,
PARENT-021,normal,Management,Management / Livestock Management,Fish,Management/Livestock Management/Feed Characteristic/Feed Composition/Feed Ingredient/Animal Byproduct/Fish,7,2,AOM_000545;AOM_002192,Fish Processing Waste; Fish Offal,AOM_100850,Management/Livestock Management/Feed Characteristic/Feed Composition/Feed Ingredient,AOM_000034;AOM_000549;AOM_001048,"Mint explicit intermediate concept, map to existing concept, reparent children, or reject hierarchy?",,,,,,
PARENT-022,normal,Management,Management / Livestock Management,Hydrolysate,Management/Livestock Management/Feed Characteristic/Feed Composition/Feed Ingredient/Animal Byproduct/Hydrolysate,7,2,AOM_002081;AOM_002082,Mixed Marine Hydrolysate; Shrimp Hydrolysate,AOM_100850,Management/Livestock Management/Feed Characteristic/Feed Composition/Feed Ingredient,,"Mint explicit intermediate concept, map to existing concept, reparent children, or reject hierarchy?",,,,,,
PARENT-023,normal,Management,Management / Livestock Management,Cattle,Management/Livestock Management/Feed Characteristic/Feed Composition/Feed Ingredient/Animal Manures/Cattle,7,1,AOM_001095,Cattle Manure,AOM_000561,Management/Livestock Management/Feed Characteristic/Feed Composition/Feed Ingredient/Animal Manures,AOM_000015,"Mint explicit intermediate concept, map to existing concept, reparent children, or reject hierarchy?",,,,,,
PARENT-024,normal,Management,Management / Livestock Management,Chicken,Management/Livestock Management/Feed Characteristic/Feed Composition/Feed Ingredient/Animal Manures/Chicken,7,1,AOM_006008,Chicken Manure,AOM_000561,Management/Livestock Management/Feed Characteristic/Feed Composition/Feed Ingredient/Animal Manures,AOM_000025;AOM_001039,"Mint explicit intermediate concept, map to existing concept, reparent children, or reject hierarchy?",,,,,,
PARENT-025,normal,Management,Management / Livestock Management,Pig,Management/Livestock Management/Feed Characteristic/Feed Composition/Feed Ingredient/Animal Manures/Pig,7,1,AOM_001097,Pig Manure,AOM_000561,Management/Livestock Management/Feed Characteristic/Feed Composition/Feed Ingredient/Animal Manures,AOM_000017;AOM_001017,"Mint explicit intermediate concept, map to existing concept, reparent children, or reject hierarchy?",,,,,,
PARENT-026,normal,Management,Management / Livestock Management,Poultry,Management/Livestock Management/Feed Characteristic/Feed Composition/Feed Ingredient/Animal Manures/Poultry,7,1,AOM_001146,Poultry Litter,AOM_000561,Management/Livestock Management/Feed Characteristic/Feed Composition/Feed Ingredient/Animal Manures,,"Mint explicit intermediate concept, map to existing concept, reparent children, or reject hierarchy?",,,,,,
PARENT-027,normal,Management,Management / Livestock Management,Carob,Management/Livestock Management/Feed Characteristic/Feed Composition/Feed Ingredient/Crop Byproduct/Cash Crops ByProducts/Carob/Carob,9,1,AOM_003894,Carob Ground,AOM_001916,Management/Livestock Management/Feed Characteristic/Feed Composition/Feed Ingredient/Crop Byproduct,,"Mint explicit intermediate concept, map to existing concept, reparent children, or reject hierarchy?",,,,,,
PARENT-028,normal,Management,Management / Livestock Management,Cocoa,Management/Livestock Management/Feed Characteristic/Feed Composition/Feed Ingredient/Crop Byproduct/Cash Crops ByProducts/Cocoa,8,2,AOM_000617;AOM_001183,Cocoa Bean Shell; Cocoa Pods Husk,AOM_001916,Management/Livestock Management/Feed Characteristic/Feed Composition/Feed Ingredient/Crop Byproduct,,"Mint explicit intermediate concept, map to existing concept, reparent children, or reject hierarchy?",,,,,,
PARENT-029,normal,Management,Management / Livestock Management,Coffee,Management/Livestock Management/Feed Characteristic/Feed Composition/Feed Ingredient/Crop Byproduct/Cash Crops ByProducts/Coffee,8,2,AOM_001186;AOM_003546,Coffee Leaves; Coffee Pulp,AOM_001916,Management/Livestock Management/Feed Characteristic/Feed Composition/Feed Ingredient/Crop Byproduct,,"Mint explicit intermediate concept, map to existing concept, reparent children, or reject hierarchy?",,,,,,
PARENT-030,normal,Management,Management / Livestock Management,Khat,Management/Livestock Management/Feed Characteristic/Feed Composition/Feed Ingredient/Crop Byproduct/Cash Crops ByProducts/Khat,8,1,AOM_003646,Khat Leftover,AOM_001916,Management/Livestock Management/Feed Characteristic/Feed Composition/Feed Ingredient/Crop Byproduct,,"Mint explicit intermediate concept, map to existing concept, reparent children, or reject hierarchy?",,,,,,
PARENT-046,normal,Management,Management / Livestock Management,Wheat,Management/Livestock Management/Feed Characteristic/Feed Composition/Feed Ingredient/Crop Byproduct/Cereal Products/Wheat,8,1,AOM_001318,Wheat Grain,AOM_001916,Management/Livestock Management/Feed Characteristic/Feed Composition/Feed Ingredient/Crop Byproduct,AOM_001319,"Mint explicit intermediate concept, map to existing concept, reparent children, or reject hierarchy?",,,,,,
PARENT-047,medium,Management,Management / Livestock Management,Banana,Management/Livestock Management/Feed Characteristic/Feed Composition/Feed Ingredient/Crop Byproduct/Fruit ByProducts/Banana,8,3,AOM_000595;AOM_001176;AOM_001177,Banana Leaves; Banana Peel; Banana Pseudo-stem,AOM_001916,Management/Livestock Management/Feed Characteristic/Feed Composition/Feed Ingredient/Crop Byproduct,,"Mint explicit intermediate concept, map to existing concept, reparent children, or reject hierarchy?",,,,,,
PARENT-048,normal,Management,Management / Livestock Management,Citrus,Management/Livestock Management/Feed Characteristic/Feed Composition/Feed Ingredient/Crop Byproduct/Fruit ByProducts/Citrus,8,1,AOM_003885,Citrus Pulp,AOM_001916,Management/Livestock Management/Feed Characteristic/Feed Composition/Feed Ingredient/Crop Byproduct,,"Mint explicit intermediate concept, map to existing concept, reparent children, or reject hierarchy?",,,,,,
PARENT-049,medium,Management,Management / Livestock Management,Date,Management/Livestock Management/Feed Characteristic/Feed Composition/Feed Ingredient/Crop Byproduct/Fruit ByProducts/Date,8,4,AOM_000596;AOM_001815;AOM_002348;AOM_006086,Date Seed Ground; Date Cull; Date Leaves; Date Discards,AOM_001916,Management/Livestock Management/Feed Characteristic/Feed Composition/Feed Ingredient/Crop Byproduct,AOM_001311,"Mint explicit intermediate concept, map to existing concept, reparent children, or reject hierarchy?",,,,,,
PARENT-050,normal,Management,Management / Livestock Management,Date Discarded,Management/Livestock Management/Feed Characteristic/Feed Composition/Feed Ingredient/Crop Byproduct/Fruit ByProducts/Date/Date Discarded,9,1,AOM_003815,Date Discarded Ground,AOM_001916,Management/Livestock Management/Feed Characteristic/Feed Composition/Feed Ingredient/Crop Byproduct,,"Mint explicit intermediate concept, map to existing concept, reparent children, or reject hierarchy?",,,,,,
PARENT-051,normal,Management,Management / Livestock Management,Date Palm Fronds,Management/Livestock Management/Feed Characteristic/Feed Composition/Feed Ingredient/Crop Byproduct/Fruit ByProducts/Date/Date Palm Fronds,9,1,AOM_006080,Date Palm Fronds Ground,AOM_001916,Management/Livestock Management/Feed Characteristic/Feed Composition/Feed Ingredient/Crop Byproduct,,"Mint explicit intermediate concept, map to existing concept, reparent children, or reject hierarchy?",,,,,,
PARENT-052,normal,Management,Management / Livestock Management,Grape,Management/Livestock Management/Feed Characteristic/Feed Composition/Feed Ingredient/Crop Byproduct/Fruit ByProducts/Grape,8,1,AOM_003596,Grape Seeds,AOM_001916,Management/Livestock Management/Feed Characteristic/Feed Composition/Feed Ingredient/Crop Byproduct,,"Mint explicit intermediate concept, map to existing concept, reparent children, or reject hierarchy?",,,,,,
PARENT-053,normal,Management,Management / Livestock Management,Jackfruit,Management/Livestock Management/Feed Characteristic/Feed Composition/Feed Ingredient/Crop Byproduct/Fruit ByProducts/Jackfruit,8,2,AOM_006171;AOM_006172,Jackfruit Seed Dried Ground; Jackfruit Seed Dried Fermented Ground,AOM_001916,Management/Livestock Management/Feed Characteristic/Feed Composition/Feed Ingredient/Crop Byproduct,AOM_000663,"Mint explicit intermediate concept, map to existing concept, reparent children, or reject hierarchy?",,,,,,
PARENT-054,normal,Management,Management / Livestock Management,Mango,Management/Livestock Management/Feed Characteristic/Feed Composition/Feed Ingredient/Crop Byproduct/Fruit ByProducts/Mango,8,2,AOM_001195;AOM_001196,Mango Peel Dried; Mango Seed,AOM_001916,Management/Livestock Management/Feed Characteristic/Feed Composition/Feed Ingredient/Crop Byproduct,AOM_001435,"Mint explicit intermediate concept, map to existing concept, reparent children, or reject hierarchy?",,,,,,
PARENT-055,normal,Management,Management / Livestock Management,Mango Seed Kernel,Management/Livestock Management/Feed Characteristic/Feed Composition/Feed Ingredient/Crop Byproduct/Fruit ByProducts/Mango/Mango Seed Kernel,9,2,AOM_001694;AOM_001695,Mango Seed Kernel Dried Ground; Mango Seed Kernel Crushed Dried,AOM_001916,Management/Livestock Management/Feed Characteristic/Feed Composition/Feed Ingredient/Crop Byproduct,AOM_001625,"Mint explicit intermediate concept, map to existing concept, reparent children, or reject hierarchy?",,,,,,
PARENT-056,normal,Management,Management / Livestock Management,Marula Kernel,Management/Livestock Management/Feed Characteristic/Feed Composition/Feed Ingredient/Crop Byproduct/Fruit ByProducts/Marula/Marula Kernel,9,1,AOM_006346,Marula Kernel Cake,AOM_001916,Management/Livestock Management/Feed Characteristic/Feed Composition/Feed Ingredient/Crop Byproduct,,"Mint explicit intermediate concept, map to existing concept, reparent children, or reject hierarchy?",,,,,,
PARENT-057,normal,Management,Management / Livestock Management,Marula Seed,Management/Livestock Management/Feed Characteristic/Feed Composition/Feed Ingredient/Crop Byproduct/Fruit ByProducts/Marula/Marula Seed,9,1,AOM_006347,Marula Seed Cake Ground,AOM_001916,Management/Livestock Management/Feed Characteristic/Feed Composition/Feed Ingredient/Crop Byproduct,,"Mint explicit intermediate concept, map to existing concept, reparent children, or reject hierarchy?",,,,,,
PARENT-058,normal,Management,Management / Livestock Management,Melon,Management/Livestock Management/Feed Characteristic/Feed Composition/Feed Ingredient/Crop Byproduct/Fruit ByProducts/Melon,8,1,AOM_002233,Melon Seed Husk,AOM_001916,Management/Livestock Management/Feed Characteristic/Feed Composition/Feed Ingredient/Crop Byproduct,,"Mint explicit intermediate concept, map to existing concept, reparent children, or reject hierarchy?",,,,,,
PARENT-059,medium,Management,Management / Livestock Management,Orange,Management/Livestock Management/Feed Characteristic/Feed Composition/Feed Ingredient/Crop Byproduct/Fruit ByProducts/Orange,8,3,AOM_001745;AOM_001889;AOM_003891,Orange Dried; Orange Peels; Orange Pulp,AOM_001916,Management/Livestock Management/Feed Characteristic/Feed Composition/Feed Ingredient/Crop Byproduct,,"Mint explicit intermediate concept, map to existing concept, reparent children, or reject hierarchy?",,,,,,
PARENT-060,normal,Management,Management / Livestock Management,Orange Waste,Management/Livestock Management/Feed Characteristic/Feed Composition/Feed Ingredient/Crop Byproduct/Fruit ByProducts/Orange/Orange Waste,9,1,AOM_006348,Orange Waste Ensiled,AOM_001916,Management/Livestock Management/Feed Characteristic/Feed Composition/Feed Ingredient/Crop Byproduct,,"Mint explicit intermediate concept, map to existing concept, reparent children, or reject hierarchy?",,,,,,
PARENT-061,normal,Management,Management / Livestock Management,Papaya,Management/Livestock Management/Feed Characteristic/Feed Composition/Feed Ingredient/Crop Byproduct/Fruit ByProducts/Papaya,8,1,AOM_001286,Papaya Leaves,AOM_001916,Management/Livestock Management/Feed Characteristic/Feed Composition/Feed Ingredient/Crop Byproduct,,"Mint explicit intermediate concept, map to existing concept, reparent children, or reject hierarchy?",,,,,,
PARENT-062,normal,Management,Management / Livestock Management,Plantain,Management/Livestock Management/Feed Characteristic/Feed Composition/Feed Ingredient/Crop Byproduct/Fruit ByProducts/Plantain,8,1,AOM_001283,Plantain Peel,AOM_001916,Management/Livestock Management/Feed Characteristic/Feed Composition/Feed Ingredient/Crop Byproduct,,"Mint explicit intermediate concept, map to existing concept, reparent children, or reject hierarchy?",,,,,,
PARENT-063,normal,Management,Management / Livestock Management,Watermelon,Management/Livestock Management/Feed Characteristic/Feed Composition/Feed Ingredient/Crop Byproduct/Fruit ByProducts/Watermelon,8,2,AOM_000600;AOM_003933,Watermelon Seed Ground; Watermelon Vine,AOM_001916,Management/Livestock Management/Feed Characteristic/Feed Composition/Feed Ingredient/Crop Byproduct,,"Mint explicit intermediate concept, map to existing concept, reparent children, or reject hierarchy?",,,,,,
PARENT-064,normal,Management,Management / Livestock Management,Fruit Product,Management/Livestock Management/Feed Characteristic/Feed Composition/Feed Ingredient/Crop Byproduct/Fruit Product,7,1,AOM_001311,Date,AOM_001916,Management/Livestock Management/Feed Characteristic/Feed Composition/Feed Ingredient/Crop Byproduct,AOM_000665,"Mint explicit intermediate concept, map to existing concept, reparent children, or reject hierarchy?",,,,,,
PARENT-065,normal,Management,Management / Livestock Management,Chickpea,Management/Livestock Management/Feed Characteristic/Feed Composition/Feed Ingredient/Crop Byproduct/Legume ByProducts/Chickpea,8,1,AOM_001181,Chickpea Haulm,AOM_000615,Management/Livestock Management/Feed Characteristic/Feed Composition/Feed Ingredient/Crop Byproduct/Legume ByProducts,,"Mint explicit intermediate concept, map to existing concept, reparent children, or reject hierarchy?",,,,,,
PARENT-066,medium,Management,Management / Livestock Management,Common Bean,Management/Livestock Management/Feed Characteristic/Feed Composition/Feed Ingredient/Crop Byproduct/Legume ByProducts/Common Bean,8,3,AOM_001179;AOM_001180;AOM_001258,Common Bean Straw; Common Bean Tops; Common Bean Haulm,AOM_000615,Management/Livestock Management/Feed Characteristic/Feed Composition/Feed Ingredient/Crop Byproduct/Legume ByProducts,,"Mint explicit intermediate concept, map to existing concept, reparent children, or reject hierarchy?",,,,,,
PARENT-067,medium,Management,Management / Livestock Management,Cowpea,Management/Livestock Management/Feed Characteristic/Feed Composition/Feed Ingredient/Crop Byproduct/Legume ByProducts/Cowpea,8,6,AOM_000601;AOM_000602;AOM_001189;AOM_001263;AOM_001646;AOM_003927,Cowpea Haulm; Cowpea Husk; Cowpea Vine; Cowpea Leaves; Cowpea Dried,AOM_000615,Management/Livestock Management/Feed Characteristic/Feed Composition/Feed Ingredient/Crop Byproduct/Legume ByProducts,,"Mint explicit intermediate concept, map to existing concept, reparent children, or reject hierarchy?",,,,,,
PARENT-068,normal,Management,Management / Livestock Management,Fava Bean,Management/Livestock Management/Feed Characteristic/Feed Composition/Feed Ingredient/Crop Byproduct/Legume ByProducts/Fava Bean,8,1,AOM_000603,Fava Bean Haulm,AOM_000615,Management/Livestock Management/Feed Characteristic/Feed Composition/Feed Ingredient/Crop Byproduct/Legume ByProducts,AOM_002228,"Mint explicit intermediate concept, map to existing concept, reparent children, or reject hierarchy?",,,,,,
PARENT-069,normal,Management,Management / Livestock Management,Green Bean,Management/Livestock Management/Feed Characteristic/Feed Composition/Feed Ingredient/Crop Byproduct/Legume ByProducts/Green Bean,8,1,AOM_003960,Green Bean Vine,AOM_000615,Management/Livestock Management/Feed Characteristic/Feed Composition/Feed Ingredient/Crop Byproduct/Legume ByProducts,,"Mint explicit intermediate concept, map to existing concept, reparent children, or reject hierarchy?",,,,,,
PARENT-070,medium,Management,Management / Livestock Management,Groundnut,Management/Livestock Management/Feed Characteristic/Feed Composition/Feed Ingredient/Crop Byproduct/Legume ByProducts/Groundnut,8,7,AOM_000604;AOM_000605;AOM_001254;AOM_001890;AOM_002249;AOM_003858;AOM_006169,Groundnut Haulm; Groundnut Hull; Groundnut Cake; Groundnut Straw; Groundnut Shell,AOM_000615,Management/Livestock Management/Feed Characteristic/Feed Composition/Feed Ingredient/Crop Byproduct/Legume ByProducts,AOM_003072,"Mint explicit intermediate concept, map to existing concept, reparent children, or reject hierarchy?",,,,,,
PARENT-071,normal,Management,Management / Livestock Management,Groundnut Husk,Management/Livestock Management/Feed Characteristic/Feed Composition/Feed Ingredient/Crop Byproduct/Legume ByProducts/Groundnut/Groundnut Husk,9,1,AOM_000606,Groundnut Husk Ground,AOM_000615,Management/Livestock Management/Feed Characteristic/Feed Composition/Feed Ingredient/Crop Byproduct/Legume ByProducts,,"Mint explicit intermediate concept, map to existing concept, reparent children, or reject hierarchy?",,,,,,
PARENT-072,normal,Management,Management / Livestock Management,Guar Bean,Management/Livestock Management/Feed Characteristic/Feed Composition/Feed Ingredient/Crop Byproduct/Legume ByProducts/Guar Bean,8,1,AOM_001366,Guar Gum Ground,AOM_000615,Management/Livestock Management/Feed Characteristic/Feed Composition/Feed Ingredient/Crop Byproduct/Legume ByProducts,,"Mint explicit intermediate concept, map to existing concept, reparent children, or reject hierarchy?",,,,,,
PARENT-073,normal,Management,Management / Livestock Management,Haricot Bean,Management/Livestock Management/Feed Characteristic/Feed Composition/Feed Ingredient/Crop Byproduct/Legume ByProducts/Haricot Bean,8,1,AOM_004000,Haricot Bean Vine,AOM_000615,Management/Livestock Management/Feed Characteristic/Feed Composition/Feed Ingredient/Crop Byproduct/Legume ByProducts,,"Mint explicit intermediate concept, map to existing concept, reparent children, or reject hierarchy?",,,,,,
PARENT-074,normal,Management,Management / Livestock Management,Lentil,Management/Livestock Management/Feed Characteristic/Feed Composition/Feed Ingredient/Crop Byproduct/Legume ByProducts/Lentil,8,1,AOM_004111,Lentil Screening,AOM_000615,Management/Livestock Management/Feed Characteristic/Feed Composition/Feed Ingredient/Crop Byproduct/Legume ByProducts,,"Mint explicit intermediate concept, map to existing concept, reparent children, or reject hierarchy?",,,,,,
PARENT-075,normal,Management,Management / Livestock Management,Lima Bean,Management/Livestock Management/Feed Characteristic/Feed Composition/Feed Ingredient/Crop Byproduct/Legume ByProducts/Lima Bean,8,1,AOM_003929,Lima Bean Vein,AOM_000615,Management/Livestock Management/Feed Characteristic/Feed Composition/Feed Ingredient/Crop Byproduct/Legume ByProducts,,"Mint explicit intermediate concept, map to existing concept, reparent children, or reject hierarchy?",,,,,,
PARENT-076,normal,Management,Management / Livestock Management,Pea,Management/Livestock Management/Feed Characteristic/Feed Composition/Feed Ingredient/Crop Byproduct/Legume ByProducts/Pea,8,2,AOM_000608;AOM_001285,Pea Seed Hull; Pea Straw,AOM_000615,Management/Livestock Management/Feed Characteristic/Feed Composition/Feed Ingredient/Crop Byproduct/Legume ByProducts,AOM_002226,"Mint explicit intermediate concept, map to existing concept, reparent children, or reject hierarchy?",,,,,,
PARENT-077,normal,Management,Management / Livestock Management,Pigeon Pea,Management/Livestock Management/Feed Characteristic/Feed Composition/Feed Ingredient/Crop Byproduct/Legume ByProducts/Pigeon Pea,8,1,AOM_000609,Pigeon Pea Leaves,AOM_000615,Management/Livestock Management/Feed Characteristic/Feed Composition/Feed Ingredient/Crop Byproduct/Legume ByProducts,AOM_001314,"Mint explicit intermediate concept, map to existing concept, reparent children, or reject hierarchy?",,,,,,
PARENT-079,normal,Management,Management / Livestock Management,Legume Products,Management/Livestock Management/Feed Characteristic/Feed Composition/Feed Ingredient/Crop Byproduct/Legume Products,7,2,AOM_001314;AOM_001817,Pigeon Pea; Legume Residue,AOM_001916,Management/Livestock Management/Feed Characteristic/Feed Composition/Feed Ingredient/Crop Byproduct,AOM_000667,"Mint explicit intermediate concept, map to existing concept, reparent children, or reject hierarchy?",,,,,,
PARENT-080,normal,Management,Management / Livestock Management,Argan,Management/Livestock Management/Feed Characteristic/Feed Composition/Feed Ingredient/Crop Byproduct/Oil Plant ByProducts/Argan,8,1,AOM_003892,Argan Pulp,AOM_000628,Management/Livestock Management/Feed Characteristic/Feed Composition/Feed Ingredient/Crop Byproduct/Oil Plant ByProducts,,"Mint explicit intermediate concept, map to existing concept, reparent children, or reject hierarchy?",,,,,,
PARENT-081,normal,Management,Management / Livestock Management,Argan Seed,Management/Livestock Management/Feed Characteristic/Feed Composition/Feed Ingredient/Crop Byproduct/Oil Plant ByProducts/Argan/Argan Seed,9,1,AOM_003890,Argan Seed Cake,AOM_000628,Management/Livestock Management/Feed Characteristic/Feed Composition/Feed Ingredient/Crop Byproduct/Oil Plant ByProducts,,"Mint explicit intermediate concept, map to existing concept, reparent children, or reject hierarchy?",,,,,,
PARENT-082,normal,Management,Management / Livestock Management,Canola,Management/Livestock Management/Feed Characteristic/Feed Composition/Feed Ingredient/Crop Byproduct/Oil Plant ByProducts/Canola,8,2,AOM_000616;AOM_001307,Canola Cake; Canola Ground,AOM_000628,Management/Livestock Management/Feed Characteristic/Feed Composition/Feed Ingredient/Crop Byproduct/Oil Plant ByProducts,AOM_001309,"Mint explicit intermediate concept, map to existing concept, reparent children, or reject hierarchy?",,,,,,
PARENT-083,normal,Management,Management / Livestock Management,Cashew,Management/Livestock Management/Feed Characteristic/Feed Composition/Feed Ingredient/Crop Byproduct/Oil Plant ByProducts/Cashew,8,1,AOM_002225,Cashew Shell,AOM_000628,Management/Livestock Management/Feed Characteristic/Feed Composition/Feed Ingredient/Crop Byproduct/Oil Plant ByProducts,,"Mint explicit intermediate concept, map to existing concept, reparent children, or reject hierarchy?",,,,,,
PARENT-084,normal,Management,Management / Livestock Management,Coconut,Management/Livestock Management/Feed Characteristic/Feed Composition/Feed Ingredient/Crop Byproduct/Oil Plant ByProducts/Coconut,8,2,AOM_001306;AOM_002102,Coconut Ground; Coconut Cake,AOM_000628,Management/Livestock Management/Feed Characteristic/Feed Composition/Feed Ingredient/Crop Byproduct/Oil Plant ByProducts,,"Mint explicit intermediate concept, map to existing concept, reparent children, or reject hierarchy?",,,,,,
PARENT-085,normal,Management,Management / Livestock Management,Cotton,Management/Livestock Management/Feed Characteristic/Feed Composition/Feed Ingredient/Crop Byproduct/Oil Plant ByProducts/Cotton,8,1,AOM_003973,Cotton Seed,AOM_000628,Management/Livestock Management/Feed Characteristic/Feed Composition/Feed Ingredient/Crop Byproduct/Oil Plant ByProducts,,"Mint explicit intermediate concept, map to existing concept, reparent children, or reject hierarchy?",,,,,,
PARENT-086,normal,Management,Management / Livestock Management,Hibiscus,Management/Livestock Management/Feed Characteristic/Feed Composition/Feed Ingredient/Crop Byproduct/Oil Plant ByProducts/Hibiscus,8,1,AOM_001893,Hibiscus Seed,AOM_000628,Management/Livestock Management/Feed Characteristic/Feed Composition/Feed Ingredient/Crop Byproduct/Oil Plant ByProducts,,"Mint explicit intermediate concept, map to existing concept, reparent children, or reject hierarchy?",,,,,,
PARENT-087,normal,Management,Management / Livestock Management,Jojoba,Management/Livestock Management/Feed Characteristic/Feed Composition/Feed Ingredient/Crop Byproduct/Oil Plant ByProducts/Jojoba,8,2,AOM_003897;AOM_006380,Jojoba Ground; Jojoba Enzyme Treated Ground,AOM_000628,Management/Livestock Management/Feed Characteristic/Feed Composition/Feed Ingredient/Crop Byproduct/Oil Plant ByProducts,,"Mint explicit intermediate concept, map to existing concept, reparent children, or reject hierarchy?",,,,,,
PARENT-088,medium,Management,Management / Livestock Management,Linseed,Management/Livestock Management/Feed Characteristic/Feed Composition/Feed Ingredient/Crop Byproduct/Oil Plant ByProducts/Linseed,8,3,AOM_001301;AOM_002136;AOM_006408,Linseed Cake Ground; Linseed Cake; Linseed Ground,AOM_000628,Management/Livestock Management/Feed Characteristic/Feed Composition/Feed Ingredient/Crop Byproduct/Oil Plant ByProducts,AOM_001185,"Mint explicit intermediate concept, map to existing concept, reparent children, or reject hierarchy?",,,,,,
PARENT-089,normal,Management,Management / Livestock Management,Macadamia,Management/Livestock Management/Feed Characteristic/Feed Composition/Feed Ingredient/Crop Byproduct/Oil Plant ByProducts/Macadamia,8,1,AOM_001303,Macadamia Cake,AOM_000628,Management/Livestock Management/Feed Characteristic/Feed Composition/Feed Ingredient/Crop Byproduct/Oil Plant ByProducts,,"Mint explicit intermediate concept, map to existing concept, reparent children, or reject hierarchy?",,,,,,
PARENT-090,normal,Management,Management / Livestock Management,Olive,Management/Livestock Management/Feed Characteristic/Feed Composition/Feed Ingredient/Crop Byproduct/Oil Plant ByProducts/Olive,8,1,AOM_001192,Olive Cake,AOM_000628,Management/Livestock Management/Feed Characteristic/Feed Composition/Feed Ingredient/Crop Byproduct/Oil Plant ByProducts,,"Mint explicit intermediate concept, map to existing concept, reparent children, or reject hierarchy?",,,,,,
PARENT-091,medium,Management,Management / Livestock Management,Palm Kernel,Management/Livestock Management/Feed Characteristic/Feed Composition/Feed Ingredient/Crop Byproduct/Oil Plant ByProducts/Palm/Palm Kernel,9,7,AOM_000625;AOM_001638;AOM_001708;AOM_002104;AOM_002105;AOM_006151;AOM_006411,Palm Kernel Ground; Palm Kernel Cake; Palm Kernel Dried Ground; Palm Kernel Cake Ground; Palm Kernel Cake Dried Fermented Ground,AOM_000628,Management/Livestock Management/Feed Characteristic/Feed Composition/Feed Ingredient/Crop Byproduct/Oil Plant ByProducts,,"Mint explicit intermediate concept, map to existing concept, reparent children, or reject hierarchy?",,,,,,
PARENT-092,medium,Management,Management / Livestock Management,Sesame,Management/Livestock Management/Feed Characteristic/Feed Composition/Feed Ingredient/Crop Byproduct/Oil Plant ByProducts/Sesame,8,4,AOM_001335;AOM_001440;AOM_001776;AOM_003928,Sesame Ground; Sesame Seed; Sesame Fermented; Sesame Residue,AOM_000628,Management/Livestock Management/Feed Characteristic/Feed Composition/Feed Ingredient/Crop Byproduct/Oil Plant ByProducts,,"Mint explicit intermediate concept, map to existing concept, reparent children, or reject hierarchy?",,,,,,
PARENT-093,normal,Management,Management / Livestock Management,Sheanut,Management/Livestock Management/Feed Characteristic/Feed Composition/Feed Ingredient/Crop Byproduct/Oil Plant ByProducts/Sheanut,8,2,AOM_001278;AOM_001645,Sheanut Cake; Sheanut Cake Boiled Dried,AOM_000628,Management/Livestock Management/Feed Characteristic/Feed Composition/Feed Ingredient/Crop Byproduct/Oil Plant ByProducts,AOM_001897,"Mint explicit intermediate concept, map to existing concept, reparent children, or reject hierarchy?",,,,,,
PARENT-094,normal,Management,Management / Livestock Management,Sunflower,Management/Livestock Management/Feed Characteristic/Feed Composition/Feed Ingredient/Crop Byproduct/Oil Plant ByProducts/Sunflower,8,1,AOM_001337,Sunflower Ground,AOM_000628,Management/Livestock Management/Feed Characteristic/Feed Composition/Feed Ingredient/Crop Byproduct/Oil Plant ByProducts,AOM_000673,"Mint explicit intermediate concept, map to existing concept, reparent children, or reject hierarchy?",,,,,,
PARENT-095,normal,Management,Management / Livestock Management,Sunflower Seed,Management/Livestock Management/Feed Characteristic/Feed Composition/Feed Ingredient/Crop Byproduct/Oil Plant ByProducts/Sunflower/Sunflower Seed,9,2,AOM_001338;AOM_001894,Sunflower Seed Cake; Sunflower Seed Cake Ground,AOM_000628,Management/Livestock Management/Feed Characteristic/Feed Composition/Feed Ingredient/Crop Byproduct/Oil Plant ByProducts,AOM_002208,"Mint explicit intermediate concept, map to existing concept, reparent children, or reject hierarchy?",,,,,,
PARENT-096,normal,Management,Management / Livestock Management,Walnut,Management/Livestock Management/Feed Characteristic/Feed Composition/Feed Ingredient/Crop Byproduct/Oil Plant ByProducts/Walnut,8,1,AOM_002092,Walnut Leaves,AOM_000628,Management/Livestock Management/Feed Characteristic/Feed Composition/Feed Ingredient/Crop Byproduct/Oil Plant ByProducts,,"Mint explicit intermediate concept, map to existing concept, reparent children, or reject hierarchy?",,,,,,
PARENT-097,normal,Management,Management / Livestock Management,Cotton,Management/Livestock Management/Feed Characteristic/Feed Composition/Feed Ingredient/Crop Byproduct/Oil Plant Products/Cotton,8,1,AOM_001312,Cotton Seed,AOM_001916,Management/Livestock Management/Feed Characteristic/Feed Composition/Feed Ingredient/Crop Byproduct,,"Mint explicit intermediate concept, map to existing concept, reparent children, or reject hierarchy?",,,,,,
PARENT-098,normal,Management,Management / Livestock Management,Other Plant ByProducts,Management/Livestock Management/Feed Characteristic/Feed Composition/Feed Ingredient/Crop Byproduct/Other Plant ByProducts,7,1,AOM_000632,Hops,AOM_001916,Management/Livestock Management/Feed Characteristic/Feed Composition/Feed Ingredient/Crop Byproduct,,"Mint explicit intermediate concept, map to existing concept, reparent children, or reject hierarchy?",,,,,,
PARENT-099,normal,Management,Management / Livestock Management,African Yam Bean,Management/Livestock Management/Feed Characteristic/Feed Composition/Feed Ingredient/Crop Byproduct/Roots and Tuber ByProducts/African Yam Bean,8,2,AOM_003918;AOM_006320,African Yam Bean Ground; African Yam Bean Dried Ground,AOM_000641,Management/Livestock Management/Feed Characteristic/Feed Composition/Feed Ingredient/Crop Byproduct/Roots and Tuber ByProducts,,"Mint explicit intermediate concept, map to existing concept, reparent children, or reject hierarchy?",,,,,,
PARENT-100,normal,Management,Management / Livestock Management,Beet,Management/Livestock Management/Feed Characteristic/Feed Composition/Feed Ingredient/Crop Byproduct/Roots and Tuber ByProducts/Beet,8,1,AOM_001836,Beet Pulp,AOM_000641,Management/Livestock Management/Feed Characteristic/Feed Composition/Feed Ingredient/Crop Byproduct/Roots and Tuber ByProducts,,"Mint explicit intermediate concept, map to existing concept, reparent children, or reject hierarchy?",,,,,,
PARENT-101,normal,Management,Management / Livestock Management,Beet Fodder,Management/Livestock Management/Feed Characteristic/Feed Composition/Feed Ingredient/Crop Byproduct/Roots and Tuber ByProducts/Beet/Beet Fodder,9,1,AOM_006221,Beet Fodder Ensiled,AOM_000641,Management/Livestock Management/Feed Characteristic/Feed Composition/Feed Ingredient/Crop Byproduct/Roots and Tuber ByProducts,,"Mint explicit intermediate concept, map to existing concept, reparent children, or reject hierarchy?",,,,,,
PARENT-102,normal,Management,Management / Livestock Management,Beetroot,Management/Livestock Management/Feed Characteristic/Feed Composition/Feed Ingredient/Crop Byproduct/Roots and Tuber ByProducts/Beetroot,8,1,AOM_001439,Beetroot Discards,AOM_000641,Management/Livestock Management/Feed Characteristic/Feed Composition/Feed Ingredient/Crop Byproduct/Roots and Tuber ByProducts,,"Mint explicit intermediate concept, map to existing concept, reparent children, or reject hierarchy?",,,,,,
PARENT-103,medium,Management,Management / Livestock Management,Cassava,Management/Livestock Management/Feed Characteristic/Feed Composition/Feed Ingredient/Crop Byproduct/Roots and Tuber ByProducts/Cassava,8,9,AOM_000634;AOM_000635;AOM_000638;AOM_001251;AOM_002112;AOM_003911;AOM_003917;AOM_003972;AOM_003978,Cassava Bran; Cassava Leaves; Cassava Shaft; Cassava Waste; Cassava Peel,AOM_000641,Management/Livestock Management/Feed Characteristic/Feed Composition/Feed Ingredient/Crop Byproduct/Roots and Tuber ByProducts,,"Mint explicit intermediate concept, map to existing concept, reparent children, or reject hierarchy?",,,,,,
PARENT-104,normal,Management,Management / Livestock Management,Cassava Tuber,Management/Livestock Management/Feed Characteristic/Feed Composition/Feed Ingredient/Crop Byproduct/Roots and Tuber ByProducts/Cassava/Cassava Tuber,9,1,AOM_006059,Cassava Tuber Dried Ground,AOM_000641,Management/Livestock Management/Feed Characteristic/Feed Composition/Feed Ingredient/Crop Byproduct/Roots and Tuber ByProducts,AOM_000679,"Mint explicit intermediate concept, map to existing concept, reparent children, or reject hierarchy?",,,,,,
PARENT-105,normal,Management,Management / Livestock Management,Potato,Management/Livestock Management/Feed Characteristic/Feed Composition/Feed Ingredient/Crop Byproduct/Roots and Tuber ByProducts/Potato,8,2,AOM_001281;AOM_001777,Potato Hash; Potato Processing Waste,AOM_000641,Management/Livestock Management/Feed Characteristic/Feed Composition/Feed Ingredient/Crop Byproduct/Roots and Tuber ByProducts,,"Mint explicit intermediate concept, map to existing concept, reparent children, or reject hierarchy?",,,,,,
PARENT-106,normal,Management,Management / Livestock Management,Sweet Potato,Management/Livestock Management/Feed Characteristic/Feed Composition/Feed Ingredient/Crop Byproduct/Roots and Tuber ByProducts/Sweet Potato,8,2,AOM_001267;AOM_002101,Sweet Potato Vine; Sweet Potato Peels,AOM_000641,Management/Livestock Management/Feed Characteristic/Feed Composition/Feed Ingredient/Crop Byproduct/Roots and Tuber ByProducts,AOM_000680,"Mint explicit intermediate concept, map to existing concept, reparent children, or reject hierarchy?",,,,,,
PARENT-107,normal,Management,Management / Livestock Management,Taro,Management/Livestock Management/Feed Characteristic/Feed Composition/Feed Ingredient/Crop Byproduct/Roots and Tuber ByProducts/Taro,8,2,AOM_001266;AOM_003266,Taro Leaves; Taro Root,AOM_000641,Management/Livestock Management/Feed Characteristic/Feed Composition/Feed Ingredient/Crop Byproduct/Roots and Tuber ByProducts,,"Mint explicit intermediate concept, map to existing concept, reparent children, or reject hierarchy?",,,,,,
PARENT-108,normal,Management,Management / Livestock Management,Yam,Management/Livestock Management/Feed Characteristic/Feed Composition/Feed Ingredient/Crop Byproduct/Roots and Tuber ByProducts/Yam,8,1,AOM_000640,Yam Peels,AOM_000641,Management/Livestock Management/Feed Characteristic/Feed Composition/Feed Ingredient/Crop Byproduct/Roots and Tuber ByProducts,,"Mint explicit intermediate concept, map to existing concept, reparent children, or reject hierarchy?",,,,,,
PARENT-109,medium,Management,Management / Livestock Management,Sugar Beet,Management/Livestock Management/Feed Characteristic/Feed Composition/Feed Ingredient/Crop Byproduct/Sugar Processing ByProducts/Sugar Beet,8,4,AOM_001482;AOM_001483;AOM_003482;AOM_003492,Sugar Beet Molasses; Sugar Beet Pulp; Sugar Beet; Sugar Beet Leaves,AOM_000644,Management/Livestock Management/Feed Characteristic/Feed Composition/Feed Ingredient/Crop Byproduct/Sugar Processing ByProducts,AOM_003482,"Mint explicit intermediate concept, map to existing concept, reparent children, or reject hierarchy?",,,,,,
PARENT-110,medium,Management,Management / Livestock Management,Sugarcane,Management/Livestock Management/Feed Characteristic/Feed Composition/Feed Ingredient/Crop Byproduct/Sugar Processing ByProducts/Sugarcane,8,3,AOM_000642;AOM_002166;AOM_002344,Sugarcane Molasses; Sugarcane Bagasse; Sugarcane Peel,AOM_000644,Management/Livestock Management/Feed Characteristic/Feed Composition/Feed Ingredient/Crop Byproduct/Sugar Processing ByProducts,,"Mint explicit intermediate concept, map to existing concept, reparent children, or reject hierarchy?",,,,,,
PARENT-111,normal,Management,Management / Livestock Management,Arugula,Management/Livestock Management/Feed Characteristic/Feed Composition/Feed Ingredient/Crop Byproduct/Vegetable ByProducts/Arugula,8,1,AOM_001300,Arugula Seed Ground,AOM_001916,Management/Livestock Management/Feed Characteristic/Feed Composition/Feed Ingredient/Crop Byproduct,,"Mint explicit intermediate concept, map to existing concept, reparent children, or reject hierarchy?",,,,,,
PARENT-112,normal,Management,Management / Livestock Management,Cabbage,Management/Livestock Management/Feed Characteristic/Feed Composition/Feed Ingredient/Crop Byproduct/Vegetable ByProducts/Cabbage,8,1,AOM_001842,Cabbage Discards,AOM_001916,Management/Livestock Management/Feed Characteristic/Feed Composition/Feed Ingredient/Crop Byproduct,,"Mint explicit intermediate concept, map to existing concept, reparent children, or reject hierarchy?",,,,,,
PARENT-113,normal,Management,Management / Livestock Management,Carrot,Management/Livestock Management/Feed Characteristic/Feed Composition/Feed Ingredient/Crop Byproduct/Vegetable ByProducts/Carrot,8,1,AOM_002167,Carrot Waste,AOM_001916,Management/Livestock Management/Feed Characteristic/Feed Composition/Feed Ingredient/Crop Byproduct,,"Mint explicit intermediate concept, map to existing concept, reparent children, or reject hierarchy?",,,,,,
PARENT-114,normal,Management,Management / Livestock Management,Tomato,Management/Livestock Management/Feed Characteristic/Feed Composition/Feed Ingredient/Crop Byproduct/Vegetable ByProducts/Tomato,8,2,AOM_001436;AOM_001956,Tomato Skin Seed; Tomato Waste,AOM_001916,Management/Livestock Management/Feed Characteristic/Feed Composition/Feed Ingredient/Crop Byproduct,,"Mint explicit intermediate concept, map to existing concept, reparent children, or reject hierarchy?",,,,,,
PARENT-115,medium,Management,Management / Livestock Management,Crop Product,Management/Livestock Management/Feed Characteristic/Feed Composition/Feed Ingredient/Crop Product,6,5,AOM_000662;AOM_000665;AOM_000667;AOM_000677;AOM_000681,Cereal Products; Fruit Product; Legume Products; Oil Plant Products; Roots and Tuber Products,AOM_100850,Management/Livestock Management/Feed Characteristic/Feed Composition/Feed Ingredient,,"Mint explicit intermediate concept, map to existing concept, reparent children, or reject hierarchy?",,,,,,
PARENT-116,normal,Management,Management / Livestock Management,Cash Crops Products,Management/Livestock Management/Feed Characteristic/Feed Composition/Feed Ingredient/Crop Product/Cash Crops Products,7,1,AOM_003323,Sugar,AOM_100850,Management/Livestock Management/Feed Characteristic/Feed Composition/Feed Ingredient,,"Mint explicit intermediate concept, map to existing concept, reparent children, or reject hierarchy?",,,,,,
PARENT-117,normal,Management,Management / Livestock Management,Cocoa,Management/Livestock Management/Feed Characteristic/Feed Composition/Feed Ingredient/Crop Product/Cash Crops Products/Cocoa,8,2,AOM_002106;AOM_002107,Cocoa Bean Cake; Cocoa Bean,AOM_100850,Management/Livestock Management/Feed Characteristic/Feed Composition/Feed Ingredient,,"Mint explicit intermediate concept, map to existing concept, reparent children, or reject hierarchy?",,,,,,
PARENT-118,normal,Management,Management / Livestock Management,Coffee,Management/Livestock Management/Feed Characteristic/Feed Composition/Feed Ingredient/Crop Product/Cash Crops Products/Coffee,8,1,AOM_001323,Coffee Ground Roasted,AOM_100850,Management/Livestock Management/Feed Characteristic/Feed Composition/Feed Ingredient,,"Mint explicit intermediate concept, map to existing concept, reparent children, or reject hierarchy?",,,,,,
PARENT-119,normal,Management,Management / Livestock Management,Rice,Management/Livestock Management/Feed Characteristic/Feed Composition/Feed Ingredient/Crop Product/Cereal Products/Rice,8,2,AOM_000655;AOM_000656,Rice Grain; Whole Rice Ground,AOM_000662,Management/Livestock Management/Feed Characteristic/Feed Composition/Feed Ingredient/Crop Product/Cereal Products,,"Mint explicit intermediate concept, map to existing concept, reparent children, or reject hierarchy?",,,,,,
PARENT-120,normal,Management,Management / Livestock Management,Date,Management/Livestock Management/Feed Characteristic/Feed Composition/Feed Ingredient/Crop Product/Fruit Product/Date,8,1,AOM_002353,Date Ground,AOM_000665,Management/Livestock Management/Feed Characteristic/Feed Composition/Feed Ingredient/Crop Product/Fruit Product,AOM_001311,"Mint explicit intermediate concept, map to existing concept, reparent children, or reject hierarchy?",,,,,,
PARENT-121,medium,Management,Management / Livestock Management,Fruit Products,Management/Livestock Management/Feed Characteristic/Feed Composition/Feed Ingredient/Crop Product/Fruit Products,7,4,AOM_000663;AOM_001265;AOM_001435;AOM_001847,Jackfruit; Ziziphus mauritiania; Mango; Ficus sur,AOM_100850,Management/Livestock Management/Feed Characteristic/Feed Composition/Feed Ingredient,,"Mint explicit intermediate concept, map to existing concept, reparent children, or reject hierarchy?",,,,,,
PARENT-122,normal,Management,Management / Livestock Management,Lemon,Management/Livestock Management/Feed Characteristic/Feed Composition/Feed Ingredient/Crop Product/Fruit Products/Lemon,8,1,AOM_001259,Lemon Peel Essential Oil,AOM_100850,Management/Livestock Management/Feed Characteristic/Feed Composition/Feed Ingredient,,"Mint explicit intermediate concept, map to existing concept, reparent children, or reject hierarchy?",,,,,,
PARENT-123,normal,Management,Management / Livestock Management,Tomato,Management/Livestock Management/Feed Characteristic/Feed Composition/Feed Ingredient/Crop Product/Fruit Products/Tomato,8,1,AOM_002137,Tomato Pulp,AOM_100850,Management/Livestock Management/Feed Characteristic/Feed Composition/Feed Ingredient,,"Mint explicit intermediate concept, map to existing concept, reparent children, or reject hierarchy?",,,,,,
PARENT-124,medium,Management,Management / Livestock Management,Blue Lupin,Management/Livestock Management/Feed Characteristic/Feed Composition/Feed Ingredient/Crop Product/Legume Products/Blue Lupin,8,3,AOM_001117;AOM_001351;AOM_001896,Blue Lupin Dried; Blue Lupin; Blue Lupin Grain,AOM_000667,Management/Livestock Management/Feed Characteristic/Feed Composition/Feed Ingredient/Crop Product/Legume Products,AOM_000076;AOM_001351,"Mint explicit intermediate concept, map to existing concept, reparent children, or reject hierarchy?",,,,,,
PARENT-125,normal,Management,Management / Livestock Management,Common Bean,Management/Livestock Management/Feed Characteristic/Feed Composition/Feed Ingredient/Crop Product/Legume Products/Common Bean,8,1,AOM_001320,Common Bean Crushed,AOM_000667,Management/Livestock Management/Feed Characteristic/Feed Composition/Feed Ingredient/Crop Product/Legume Products,,"Mint explicit intermediate concept, map to existing concept, reparent children, or reject hierarchy?",,,,,,
PARENT-126,normal,Management,Management / Livestock Management,Winged Bean,Management/Livestock Management/Feed Characteristic/Feed Composition/Feed Ingredient/Crop Product/Legume Products/Winged Bean,8,1,AOM_001752,Winged Bean Ground,AOM_000667,Management/Livestock Management/Feed Characteristic/Feed Composition/Feed Ingredient/Crop Product/Legume Products,,"Mint explicit intermediate concept, map to existing concept, reparent children, or reject hierarchy?",,,,,,
PARENT-127,normal,Management,Management / Livestock Management,Coconut,Management/Livestock Management/Feed Characteristic/Feed Composition/Feed Ingredient/Crop Product/Oil Plant Products/Coconut,8,1,AOM_003700,Coconut Oil,AOM_000677,Management/Livestock Management/Feed Characteristic/Feed Composition/Feed Ingredient/Crop Product/Oil Plant Products,,"Mint explicit intermediate concept, map to existing concept, reparent children, or reject hierarchy?",,,,,,
PARENT-128,normal,Management,Management / Livestock Management,Noug,Management/Livestock Management/Feed Characteristic/Feed Composition/Feed Ingredient/Crop Product/Oil Plant Products/Noug,8,1,AOM_001700,Noug Cake Ground,AOM_000677,Management/Livestock Management/Feed Characteristic/Feed Composition/Feed Ingredient/Crop Product/Oil Plant Products,AOM_001190,"Mint explicit intermediate concept, map to existing concept, reparent children, or reject hierarchy?",,,,,,
PARENT-129,medium,Management,Management / Livestock Management,Palm,Management/Livestock Management/Feed Characteristic/Feed Composition/Feed Ingredient/Crop Product/Oil Plant Products/Palm,8,3,AOM_000671;AOM_000672;AOM_001837,Palm Oil; Palm Oil Crude; Palm Oil Sludge,AOM_000677,Management/Livestock Management/Feed Characteristic/Feed Composition/Feed Ingredient/Crop Product/Oil Plant Products,,"Mint explicit intermediate concept, map to existing concept, reparent children, or reject hierarchy?",,,,,,
PARENT-130,normal,Management,Management / Livestock Management,Safflower,Management/Livestock Management/Feed Characteristic/Feed Composition/Feed Ingredient/Crop Product/Oil Plant Products/Safflower,8,2,AOM_001321;AOM_002209,Safflower Ground; Safflower Seed,AOM_000677,Management/Livestock Management/Feed Characteristic/Feed Composition/Feed Ingredient/Crop Product/Oil Plant Products,,"Mint explicit intermediate concept, map to existing concept, reparent children, or reject hierarchy?",,,,,,
PARENT-131,medium,Management,Management / Livestock Management,Cassava,Management/Livestock Management/Feed Characteristic/Feed Composition/Feed Ingredient/Crop Product/Roots and Tuber Products/Cassava,8,3,AOM_000678;AOM_000679;AOM_001322,Cassava Starch; Cassava Tuber; Cassava Ground,AOM_000681,Management/Livestock Management/Feed Characteristic/Feed Composition/Feed Ingredient/Crop Product/Roots and Tuber Products,,"Mint explicit intermediate concept, map to existing concept, reparent children, or reject hierarchy?",,,,,,
PARENT-132,normal,Management,Management / Livestock Management,Ensete ventricosum,Management/Livestock Management/Feed Characteristic/Feed Composition/Feed Ingredient/Crop Product/Roots and Tuber Products/Ensete ventricosum,8,1,AOM_001819,Ensete ventricosum Leaves,AOM_000681,Management/Livestock Management/Feed Characteristic/Feed Composition/Feed Ingredient/Crop Product/Roots and Tuber Products,,"Mint explicit intermediate concept, map to existing concept, reparent children, or reject hierarchy?",,,,,,
PARENT-133,normal,Management,Management / Livestock Management,Potato,Management/Livestock Management/Feed Characteristic/Feed Composition/Feed Ingredient/Crop Product/Roots and Tuber Products/Potato,8,1,AOM_001820,Potato Starch,AOM_000681,Management/Livestock Management/Feed Characteristic/Feed Composition/Feed Ingredient/Crop Product/Roots and Tuber Products,,"Mint explicit intermediate concept, map to existing concept, reparent children, or reject hierarchy?",,,,,,
PARENT-134,normal,Management,Management / Livestock Management,"Sweet potato tubers, fresh | Feedipedia","Management/Livestock Management/Feed Characteristic/Feed Composition/Feed Ingredient/Crop Product/Roots and Tuber Products/Sweet potato tubers, fresh | Feedipedia",8,1,AOM_001818,Ensete ventricosum Corm,AOM_000681,Management/Livestock Management/Feed Characteristic/Feed Composition/Feed Ingredient/Crop Product/Roots and Tuber Products,,"Mint explicit intermediate concept, map to existing concept, reparent children, or reject hierarchy?",,,,,,
PARENT-135,normal,Management,Management / Livestock Management,Black Cumin Seed,Management/Livestock Management/Feed Characteristic/Feed Composition/Feed Ingredient/Crop Product/Spices ByProducts/Black Cumin/Black Cumin Seed,9,2,AOM_002215;AOM_006158,Black Cumin Seed Cake; Black Cumin Seed Cake Crushed Dried,AOM_100850,Management/Livestock Management/Feed Characteristic/Feed Composition/Feed Ingredient,AOM_001357,"Mint explicit intermediate concept, map to existing concept, reparent children, or reject hierarchy?",,,,,,
PARENT-136,normal,Management,Management / Livestock Management,Spices Products,Management/Livestock Management/Feed Characteristic/Feed Composition/Feed Ingredient/Crop Product/Spices Products,7,2,AOM_001354;AOM_001780,Turmeric; Lippia javanica,AOM_100850,Management/Livestock Management/Feed Characteristic/Feed Composition/Feed Ingredient,,"Mint explicit intermediate concept, map to existing concept, reparent children, or reject hierarchy?",,,,,,
PARENT-137,normal,Management,Management / Livestock Management,Black Cumin,Management/Livestock Management/Feed Characteristic/Feed Composition/Feed Ingredient/Crop Product/Spices Products/Black Cumin,8,2,AOM_001357;AOM_001358,Black Cumin Seed; Black Cumin Ground,AOM_100850,Management/Livestock Management/Feed Characteristic/Feed Composition/Feed Ingredient,,"Mint explicit intermediate concept, map to existing concept, reparent children, or reject hierarchy?",,,,,,
PARENT-138,medium,Management,Management / Livestock Management,Rosemary,Management/Livestock Management/Feed Characteristic/Feed Composition/Feed Ingredient/Crop Product/Spices Products/Rosemary,8,3,AOM_001344;AOM_001345;AOM_003887,Rosemary Oil; Rosemary Leaves; Rosemary Residues,AOM_100850,Management/Livestock Management/Feed Characteristic/Feed Composition/Feed Ingredient,,"Mint explicit intermediate concept, map to existing concept, reparent children, or reject hierarchy?",,,,,,
PARENT-139,medium,Management,Management / Livestock Management,Vegetable Products,Management/Livestock Management/Feed Characteristic/Feed Composition/Feed Ingredient/Crop Product/Vegetable Products,7,4,AOM_001360;AOM_001850;AOM_003066;AOM_003070,Scarlet Eggplant; Brassica oleracea; Alternanthera sessilis; Talinum fruticosum,AOM_100850,Management/Livestock Management/Feed Characteristic/Feed Composition/Feed Ingredient,,"Mint explicit intermediate concept, map to existing concept, reparent children, or reject hierarchy?",,,,,,
PARENT-140,normal,Management,Management / Livestock Management,Fluted Pumpkin,Management/Livestock Management/Feed Characteristic/Feed Composition/Feed Ingredient/Crop Product/Vegetable Products/Fluted Pumpkin,8,1,AOM_001256,Fluted Pumpkin Leaves,AOM_100850,Management/Livestock Management/Feed Characteristic/Feed Composition/Feed Ingredient,,"Mint explicit intermediate concept, map to existing concept, reparent children, or reject hierarchy?",,,,,,
PARENT-141,normal,Management,Management / Livestock Management,Garlic,Management/Livestock Management/Feed Characteristic/Feed Composition/Feed Ingredient/Crop Product/Vegetable Products/Garlic,8,1,AOM_006200,Garlic Oil,AOM_100850,Management/Livestock Management/Feed Characteristic/Feed Composition/Feed Ingredient,,"Mint explicit intermediate concept, map to existing concept, reparent children, or reject hierarchy?",,,,,,
PARENT-142,normal,Management,Management / Livestock Management,Onion,Management/Livestock Management/Feed Characteristic/Feed Composition/Feed Ingredient/Crop Product/Vegetable Products/Onion,8,2,AOM_001359;AOM_003359,Onion Bulb; Onion Veins,AOM_100850,Management/Livestock Management/Feed Characteristic/Feed Composition/Feed Ingredient,,"Mint explicit intermediate concept, map to existing concept, reparent children, or reject hierarchy?",,,,,,
PARENT-143,normal,Management,Management / Livestock Management,Bothriocloa,Management/Livestock Management/Feed Characteristic/Feed Composition/Feed Ingredient/Forage Plants/Cereal and Grass Forages/Bothriocloa,8,1,AOM_001898,Bothriocloa Dried,AOM_000701,Management/Livestock Management/Feed Characteristic/Feed Composition/Feed Ingredient/Forage Plants/Cereal and Grass Forages,,"Mint explicit intermediate concept, map to existing concept, reparent children, or reject hierarchy?",,,,,,
PARENT-144,normal,Management,Management / Livestock Management,Hordeum vulgare,Management/Livestock Management/Feed Characteristic/Feed Composition/Feed Ingredient/Forage Plants/Cereal and Grass Forages/Hordeum vulgare,8,1,AOM_001386,Hordeum vulgare Dried,AOM_000701,Management/Livestock Management/Feed Characteristic/Feed Composition/Feed Ingredient/Forage Plants/Cereal and Grass Forages,,"Mint explicit intermediate concept, map to existing concept, reparent children, or reject hierarchy?",,,,,,
PARENT-234,normal,Management,Management / Livestock Management,Panicum antidotale,Management/Livestock Management/Feed Characteristic/Feed Composition/Feed Ingredient/Forage Plants/Cereal and Grass Forages/Panicum antidotale,8,1,AOM_006275,Panicum antidotale Dried,AOM_000701,Management/Livestock Management/Feed Characteristic/Feed Composition/Feed Ingredient/Forage Plants/Cereal and Grass Forages,,"Mint explicit intermediate concept, map to existing concept, reparent children, or reject hierarchy?",,,,,,
PARENT-145,normal,Management,Management / Livestock Management,Acacia Seyal,Management/Livestock Management/Feed Characteristic/Feed Composition/Feed Ingredient/Forage Plants/Forage Trees/Acacia Seyal,8,1,AOM_003908,Acacia seyal,AOM_000718,Management/Livestock Management/Feed Characteristic/Feed Composition/Feed Ingredient/Forage Plants/Forage Trees,AOM_003908,"Mint explicit intermediate concept, map to existing concept, reparent children, or reject hierarchy?",,,,,,
PARENT-146,normal,Management,Management / Livestock Management,Acacia auriculiformis,Management/Livestock Management/Feed Characteristic/Feed Composition/Feed Ingredient/Forage Plants/Forage Trees/Acacia auriculiformis,8,1,AOM_003703,Acacia auriculiformis Leaves,AOM_000718,Management/Livestock Management/Feed Characteristic/Feed Composition/Feed Ingredient/Forage Plants/Forage Trees,,"Mint explicit intermediate concept, map to existing concept, reparent children, or reject hierarchy?",,,,,,
PARENT-147,normal,Management,Management / Livestock Management,Acioa barteri,Management/Livestock Management/Feed Characteristic/Feed Composition/Feed Ingredient/Forage Plants/Forage Trees/Acioa barteri,8,1,AOM_003558,Acioa barteri Leaves and Twigs,AOM_000718,Management/Livestock Management/Feed Characteristic/Feed Composition/Feed Ingredient/Forage Plants/Forage Trees,,"Mint explicit intermediate concept, map to existing concept, reparent children, or reject hierarchy?",,,,,,
PARENT-148,normal,Management,Management / Livestock Management,Annona senegalensis Leaves and Twigs,Management/Livestock Management/Feed Characteristic/Feed Composition/Feed Ingredient/Forage Plants/Forage Trees/Annona senegalensis/Annona senegalensis Leaves and Twigs,9,1,AOM_006360,Annona senegalensis Leaves and Twigs Wilted,AOM_001128,Management/Livestock Management/Feed Characteristic/Feed Composition/Feed Ingredient/Forage Plants/Forage Trees/Annona senegalensis,,"Mint explicit intermediate concept, map to existing concept, reparent children, or reject hierarchy?",,,,,,
PARENT-149,normal,Management,Management / Livestock Management,Atriplex halimus,Management/Livestock Management/Feed Characteristic/Feed Composition/Feed Ingredient/Forage Plants/Forage Trees/Atriplex halimus,8,2,AOM_002347;AOM_006024,Atriplex halimus Leaves and Twigs; Atriplex halimus Ensiled,AOM_000718,Management/Livestock Management/Feed Characteristic/Feed Composition/Feed Ingredient/Forage Plants/Forage Trees,AOM_001535,"Mint explicit intermediate concept, map to existing concept, reparent children, or reject hierarchy?",,,,,,
PARENT-150,normal,Management,Management / Livestock Management,Bridelia ferruginea,Management/Livestock Management/Feed Characteristic/Feed Composition/Feed Ingredient/Forage Plants/Forage Trees/Bridelia ferruginea,8,1,AOM_003913,Bridelia ferruginea Leaves,AOM_000718,Management/Livestock Management/Feed Characteristic/Feed Composition/Feed Ingredient/Forage Plants/Forage Trees,,"Mint explicit intermediate concept, map to existing concept, reparent children, or reject hierarchy?",,,,,,
PARENT-151,normal,Management,Management / Livestock Management,Ceratonia siliqua,Management/Livestock Management/Feed Characteristic/Feed Composition/Feed Ingredient/Forage Plants/Forage Trees/Ceratonia siliqua,8,1,AOM_006063,Ceratonia siliqua Ground,AOM_000718,Management/Livestock Management/Feed Characteristic/Feed Composition/Feed Ingredient/Forage Plants/Forage Trees,,"Mint explicit intermediate concept, map to existing concept, reparent children, or reject hierarchy?",,,,,,
PARENT-152,normal,Management,Management / Livestock Management,Delonix elata,Management/Livestock Management/Feed Characteristic/Feed Composition/Feed Ingredient/Forage Plants/Forage Trees/Delonix elata,8,1,AOM_002067,Delonix elata Dried,AOM_000718,Management/Livestock Management/Feed Characteristic/Feed Composition/Feed Ingredient/Forage Plants/Forage Trees,,"Mint explicit intermediate concept, map to existing concept, reparent children, or reject hierarchy?",,,,,,
PARENT-153,normal,Management,Management / Livestock Management,Delonix regia,Management/Livestock Management/Feed Characteristic/Feed Composition/Feed Ingredient/Forage Plants/Forage Trees/Delonix regia,8,1,AOM_003919,Delonix regia Seed,AOM_000718,Management/Livestock Management/Feed Characteristic/Feed Composition/Feed Ingredient/Forage Plants/Forage Trees,,"Mint explicit intermediate concept, map to existing concept, reparent children, or reject hierarchy?",,,,,,
PARENT-154,normal,Management,Management / Livestock Management,Ficus gnaphalocarpa,Management/Livestock Management/Feed Characteristic/Feed Composition/Feed Ingredient/Forage Plants/Forage Trees/Ficus gnaphalocarpa,8,1,AOM_006373,Ficus gnaphalocarpa Leaves and Twigs,AOM_000718,Management/Livestock Management/Feed Characteristic/Feed Composition/Feed Ingredient/Forage Plants/Forage Trees,,"Mint explicit intermediate concept, map to existing concept, reparent children, or reject hierarchy?",,,,,,
PARENT-155,normal,Management,Management / Livestock Management,Garcinia kola Seed,Management/Livestock Management/Feed Characteristic/Feed Composition/Feed Ingredient/Forage Plants/Forage Trees/Garcinia kola/Garcinia kola Seed,9,1,AOM_006104,Garcinia kola Seeds Dried Ground,AOM_000718,Management/Livestock Management/Feed Characteristic/Feed Composition/Feed Ingredient/Forage Plants/Forage Trees,,"Mint explicit intermediate concept, map to existing concept, reparent children, or reject hierarchy?",,,,,,
PARENT-156,normal,Management,Management / Livestock Management,Grewia similis,Management/Livestock Management/Feed Characteristic/Feed Composition/Feed Ingredient/Forage Plants/Forage Trees/Grewia similis,8,1,AOM_001968,Grewia similis Dried,AOM_000718,Management/Livestock Management/Feed Characteristic/Feed Composition/Feed Ingredient/Forage Plants/Forage Trees,,"Mint explicit intermediate concept, map to existing concept, reparent children, or reject hierarchy?",,,,,,
PARENT-157,normal,Management,Management / Livestock Management,Harissonia abyssinica,Management/Livestock Management/Feed Characteristic/Feed Composition/Feed Ingredient/Forage Plants/Forage Trees/Harissonia abyssinica,8,1,AOM_002090,Harissonia abyssinica Leaves,AOM_000718,Management/Livestock Management/Feed Characteristic/Feed Composition/Feed Ingredient/Forage Plants/Forage Trees,,"Mint explicit intermediate concept, map to existing concept, reparent children, or reject hierarchy?",,,,,,
PARENT-158,normal,Management,Management / Livestock Management,Hevea brasiliensis,Management/Livestock Management/Feed Characteristic/Feed Composition/Feed Ingredient/Forage Plants/Forage Trees/Hevea brasiliensis,8,1,AOM_006118,Hevea brasiliensis Seed,AOM_000718,Management/Livestock Management/Feed Characteristic/Feed Composition/Feed Ingredient/Forage Plants/Forage Trees,,"Mint explicit intermediate concept, map to existing concept, reparent children, or reject hierarchy?",,,,,,
PARENT-159,medium,Management,Management / Livestock Management,Jatropha curcas,Management/Livestock Management/Feed Characteristic/Feed Composition/Feed Ingredient/Forage Plants/Forage Trees/Jatropha curcas,8,3,AOM_001154;AOM_001156;AOM_003954,Jatropha curcas Kernel; Jatropha curcas Seed; Jatropha curcas Leaves,AOM_000718,Management/Livestock Management/Feed Characteristic/Feed Composition/Feed Ingredient/Forage Plants/Forage Trees,,"Mint explicit intermediate concept, map to existing concept, reparent children, or reject hierarchy?",,,,,,
PARENT-160,medium,Management,Management / Livestock Management,Jatropha curcas Cake,Management/Livestock Management/Feed Characteristic/Feed Composition/Feed Ingredient/Forage Plants/Forage Trees/Jatropha curcas/Jatropha curcas Cake,9,4,AOM_001970;AOM_002055;AOM_002130;AOM_002133,Jatropha curcas Cake Defatted Dried Ground; Jatropha curcas Cake Dried Ground; Jatropha curcas Cake Ground; Jatropha curcas Cake Defatted Ground,AOM_000718,Management/Livestock Management/Feed Characteristic/Feed Composition/Feed Ingredient/Forage Plants/Forage Trees,,"Mint explicit intermediate concept, map to existing concept, reparent children, or reject hierarchy?",,,,,,
PARENT-161,normal,Management,Management / Livestock Management,Leucaena Leaves,Management/Livestock Management/Feed Characteristic/Feed Composition/Feed Ingredient/Forage Plants/Forage Trees/Leucaena/Leucaena Leaves,9,1,AOM_001919,Leucaena Leaves Dried,AOM_000718,Management/Livestock Management/Feed Characteristic/Feed Composition/Feed Ingredient/Forage Plants/Forage Trees,,"Mint explicit intermediate concept, map to existing concept, reparent children, or reject hierarchy?",,,,,,
PARENT-162,normal,Management,Management / Livestock Management,Moringa oleifera Root Bark,Management/Livestock Management/Feed Characteristic/Feed Composition/Feed Ingredient/Forage Plants/Forage Trees/Moringa oleifera/Moringa oleifera Root Bark,9,1,AOM_001978,Moringa oleifera Root Bark Dried Ground,AOM_001152,Management/Livestock Management/Feed Characteristic/Feed Composition/Feed Ingredient/Forage Plants/Forage Trees/Moringa oleifera,,"Mint explicit intermediate concept, map to existing concept, reparent children, or reject hierarchy?",,,,,,
PARENT-163,normal,Management,Management / Livestock Management,Moringa oleifera Stalks,Management/Livestock Management/Feed Characteristic/Feed Composition/Feed Ingredient/Forage Plants/Forage Trees/Moringa oleifera/Moringa oleifera Stalks,9,1,AOM_001977,Moringa oleifera Stalks Dried Ground,AOM_001152,Management/Livestock Management/Feed Characteristic/Feed Composition/Feed Ingredient/Forage Plants/Forage Trees/Moringa oleifera,,"Mint explicit intermediate concept, map to existing concept, reparent children, or reject hierarchy?",,,,,,
PARENT-164,normal,Management,Management / Livestock Management,Moringa stenopetala Leaves,Management/Livestock Management/Feed Characteristic/Feed Composition/Feed Ingredient/Forage Plants/Forage Trees/Moringa stenopetala/Moringa stenopetala Leaves,9,2,AOM_001980;AOM_006137,Moringa stenopetala Leaves Dried Ground; Moringa stenopetala Leaves Dried,AOM_001791,Management/Livestock Management/Feed Characteristic/Feed Composition/Feed Ingredient/Forage Plants/Forage Trees/Moringa stenopetala,,"Mint explicit intermediate concept, map to existing concept, reparent children, or reject hierarchy?",,,,,,
PARENT-165,normal,Management,Management / Livestock Management,Morus indica,Management/Livestock Management/Feed Characteristic/Feed Composition/Feed Ingredient/Forage Plants/Forage Trees/Morus indica,8,1,AOM_002236,Morus indica Leaves,AOM_000718,Management/Livestock Management/Feed Characteristic/Feed Composition/Feed Ingredient/Forage Plants/Forage Trees,,"Mint explicit intermediate concept, map to existing concept, reparent children, or reject hierarchy?",,,,,,
PARENT-166,normal,Management,Management / Livestock Management,Myrtus communis,Management/Livestock Management/Feed Characteristic/Feed Composition/Feed Ingredient/Forage Plants/Forage Trees/Myrtus communis,8,1,AOM_003989,Myrtus communis Leaves,AOM_000718,Management/Livestock Management/Feed Characteristic/Feed Composition/Feed Ingredient/Forage Plants/Forage Trees,,"Mint explicit intermediate concept, map to existing concept, reparent children, or reject hierarchy?",,,,,,
PARENT-167,normal,Management,Management / Livestock Management,Olive,Management/Livestock Management/Feed Characteristic/Feed Composition/Feed Ingredient/Forage Plants/Forage Trees/Olive,8,1,AOM_000730,Olive Leaves,AOM_000718,Management/Livestock Management/Feed Characteristic/Feed Composition/Feed Ingredient/Forage Plants/Forage Trees,,"Mint explicit intermediate concept, map to existing concept, reparent children, or reject hierarchy?",,,,,,
PARENT-168,normal,Management,Management / Livestock Management,Oxytenanthera abyssinica,Management/Livestock Management/Feed Characteristic/Feed Composition/Feed Ingredient/Forage Plants/Forage Trees/Oxytenanthera abyssinica,8,1,AOM_003915,Oxytenanthera abyssinica Leaves,AOM_000718,Management/Livestock Management/Feed Characteristic/Feed Composition/Feed Ingredient/Forage Plants/Forage Trees,,"Mint explicit intermediate concept, map to existing concept, reparent children, or reject hierarchy?",,,,,,
PARENT-169,normal,Management,Management / Livestock Management,Polyalthia longifolia Leaves,Management/Livestock Management/Feed Characteristic/Feed Composition/Feed Ingredient/Forage Plants/Forage Trees/Polyalthia longifolia/Polyalthia longifolia Leaves,9,1,AOM_006293,Polyalthia longifolia Leaves Dried,AOM_002239,Management/Livestock Management/Feed Characteristic/Feed Composition/Feed Ingredient/Forage Plants/Forage Trees/Polyalthia longifolia,,"Mint explicit intermediate concept, map to existing concept, reparent children, or reject hierarchy?",,,,,,
PARENT-170,normal,Management,Management / Livestock Management,Prosopis Pods,Management/Livestock Management/Feed Characteristic/Feed Composition/Feed Ingredient/Forage Plants/Forage Trees/Prosopis/Prosopis Pods,9,1,AOM_002087,Prosopis Pods Ground,AOM_000718,Management/Livestock Management/Feed Characteristic/Feed Composition/Feed Ingredient/Forage Plants/Forage Trees,,"Mint explicit intermediate concept, map to existing concept, reparent children, or reject hierarchy?",,,,,,
PARENT-171,normal,Management,Management / Livestock Management,Psophocarpus scandens Leaves,Management/Livestock Management/Feed Characteristic/Feed Composition/Feed Ingredient/Forage Plants/Forage Trees/Psophocarpus scandens/Psophocarpus scandens Leaves,9,1,AOM_001723,Psophocarpus scandens Leaves Wilted,AOM_000718,Management/Livestock Management/Feed Characteristic/Feed Composition/Feed Ingredient/Forage Plants/Forage Trees,AOM_001531,"Mint explicit intermediate concept, map to existing concept, reparent children, or reject hierarchy?",,,,,,
PARENT-172,normal,Management,Management / Livestock Management,Pterocarpus erinaceus Leaves,Management/Livestock Management/Feed Characteristic/Feed Composition/Feed Ingredient/Forage Plants/Forage Trees/Pterocarpus erinaceus/Pterocarpus erinaceus Leaves,9,1,AOM_001992,Pterocarpus erinaceus Leaves Dried,AOM_001802,Management/Livestock Management/Feed Characteristic/Feed Composition/Feed Ingredient/Forage Plants/Forage Trees/Pterocarpus erinaceus,,"Mint explicit intermediate concept, map to existing concept, reparent children, or reject hierarchy?",,,,,,
PARENT-173,normal,Management,Management / Livestock Management,Sesbania,Management/Livestock Management/Feed Characteristic/Feed Composition/Feed Ingredient/Forage Plants/Forage Trees/Sesbania,8,1,AOM_001918,Sesbania Dried,AOM_000718,Management/Livestock Management/Feed Characteristic/Feed Composition/Feed Ingredient/Forage Plants/Forage Trees,,"Mint explicit intermediate concept, map to existing concept, reparent children, or reject hierarchy?",,,,,,
PARENT-174,normal,Management,Management / Livestock Management,Sesbania goetzei Leaves,Management/Livestock Management/Feed Characteristic/Feed Composition/Feed Ingredient/Forage Plants/Forage Trees/Sesbania goetzei/Sesbania goetzei Leaves,9,1,AOM_001739,Sesbania goetzei Leaves Dried,AOM_001174,Management/Livestock Management/Feed Characteristic/Feed Composition/Feed Ingredient/Forage Plants/Forage Trees/Sesbania goetzei,,"Mint explicit intermediate concept, map to existing concept, reparent children, or reject hierarchy?",,,,,,
PARENT-175,normal,Management,Management / Livestock Management,Sesbania sesban Stalks,Management/Livestock Management/Feed Characteristic/Feed Composition/Feed Ingredient/Forage Plants/Forage Trees/Sesbania sesban/Sesbania sesban Stalks,9,1,AOM_001985,Sesbania sesban Stalks Wilted,AOM_003079,Management/Livestock Management/Feed Characteristic/Feed Composition/Feed Ingredient/Forage Plants/Forage Trees/Sesbania sesban,,"Mint explicit intermediate concept, map to existing concept, reparent children, or reject hierarchy?",,,,,,
PARENT-176,normal,Management,Management / Livestock Management,Vitex doniana,Management/Livestock Management/Feed Characteristic/Feed Composition/Feed Ingredient/Forage Plants/Forage Trees/Vitex doniana,8,2,AOM_003926;AOM_006184,Vitex doniana Leaves; Vitex doniana Ground Wilted,AOM_000718,Management/Livestock Management/Feed Characteristic/Feed Composition/Feed Ingredient/Forage Plants/Forage Trees,,"Mint explicit intermediate concept, map to existing concept, reparent children, or reject hierarchy?",,,,,,
PARENT-177,normal,Management,Management / Livestock Management,Ziziphus jujube,Management/Livestock Management/Feed Characteristic/Feed Composition/Feed Ingredient/Forage Plants/Forage Trees/Ziziphus jujube,8,1,AOM_003981,Ziziphus jujube Leaves,AOM_000718,Management/Livestock Management/Feed Characteristic/Feed Composition/Feed Ingredient/Forage Plants/Forage Trees,,"Mint explicit intermediate concept, map to existing concept, reparent children, or reject hierarchy?",,,,,,
PARENT-178,normal,Management,Management / Livestock Management,Lablab purpureus Haulm,Management/Livestock Management/Feed Characteristic/Feed Composition/Feed Ingredient/Forage Plants/Legume Forages/Lablab purpureus/Lablab purpureus Haulm,9,1,AOM_006223,Lablab purpureus Haulm Dried,AOM_002204,Management/Livestock Management/Feed Characteristic/Feed Composition/Feed Ingredient/Forage Plants/Legume Forages/Lablab purpureus,,"Mint explicit intermediate concept, map to existing concept, reparent children, or reject hierarchy?",,,,,,
PARENT-179,normal,Management,Management / Livestock Management,Macroptilium atropurpureum Leaves,Management/Livestock Management/Feed Characteristic/Feed Composition/Feed Ingredient/Forage Plants/Legume Forages/Macroptilium atropurpureum/Macroptilium atropurpureum Leaves,9,1,AOM_001990,Macroptilium atropurpureum Leaves Dried Ensiled,AOM_001221,Management/Livestock Management/Feed Characteristic/Feed Composition/Feed Ingredient/Forage Plants/Legume Forages/Macroptilium atropurpureum,,"Mint explicit intermediate concept, map to existing concept, reparent children, or reject hierarchy?",,,,,,
PARENT-180,medium,Management,Management / Livestock Management,Mucuna pruriens Protein,Management/Livestock Management/Feed Characteristic/Feed Composition/Feed Ingredient/Forage Plants/Legume Forages/Mucuna pruriens/Mucuna pruriens Protein,9,4,AOM_003697;AOM_006232;AOM_006233;AOM_006400,Mucuna pruriens Protein Isolate; Mucuna pruriens Protein Isolate Alkali Treated Boiled Ground; Mucuna pruriens Protein Isolate Alkali Treated Dried Ground; Mucuna pruriens Protein Isolate Alkali Treated Boiled Decorticated Ground,AOM_001227,Management/Livestock Management/Feed Characteristic/Feed Composition/Feed Ingredient/Forage Plants/Legume Forages/Mucuna pruriens,,"Mint explicit intermediate concept, map to existing concept, reparent children, or reject hierarchy?",,,,,,
PARENT-181,normal,Management,Management / Livestock Management,Tamarind,Management/Livestock Management/Feed Characteristic/Feed Composition/Feed Ingredient/Forage Plants/Legume Forages/Tamarind,8,1,AOM_002231,Tamarind Leaves,AOM_000726,Management/Livestock Management/Feed Characteristic/Feed Composition/Feed Ingredient/Forage Plants/Legume Forages,AOM_006180,"Mint explicit intermediate concept, map to existing concept, reparent children, or reject hierarchy?",,,,,,
PARENT-182,normal,Management,Management / Livestock Management,Trifolium quartinianum,Management/Livestock Management/Feed Characteristic/Feed Composition/Feed Ingredient/Forage Plants/Legume Forages/Trifolium quartinianum,8,1,AOM_006344,Trifolium quartinianum Dried,AOM_000726,Management/Livestock Management/Feed Characteristic/Feed Composition/Feed Ingredient/Forage Plants/Legume Forages,AOM_000102,"Mint explicit intermediate concept, map to existing concept, reparent children, or reject hierarchy?",,,,,,
PARENT-183,normal,Management,Management / Livestock Management,Amaranthus cruentus Leaves,Management/Livestock Management/Feed Characteristic/Feed Composition/Feed Ingredient/Forage Plants/Other Forage Plants/Amaranthus cruentus/Amaranthus cruentus Leaves,9,1,AOM_001534,Amaranthus cruentus Leaves Ground,AOM_001533,Management/Livestock Management/Feed Characteristic/Feed Composition/Feed Ingredient/Forage Plants/Other Forage Plants/Amaranthus cruentus,,"Mint explicit intermediate concept, map to existing concept, reparent children, or reject hierarchy?",,,,,,
PARENT-184,normal,Management,Management / Livestock Management,Bamboo,Management/Livestock Management/Feed Characteristic/Feed Composition/Feed Ingredient/Forage Plants/Other Forage Plants/Bamboo,8,1,AOM_002169,Bamboo Leaves,AOM_000734,Management/Livestock Management/Feed Characteristic/Feed Composition/Feed Ingredient/Forage Plants/Other Forage Plants,,"Mint explicit intermediate concept, map to existing concept, reparent children, or reject hierarchy?",,,,,,
PARENT-185,normal,Management,Management / Livestock Management,Cochlospermum planchonii,Management/Livestock Management/Feed Characteristic/Feed Composition/Feed Ingredient/Forage Plants/Other Forage Plants/Cochlospermum planchonii,8,1,AOM_003879,Cochlospermum planchonii Rhizomes,AOM_000734,Management/Livestock Management/Feed Characteristic/Feed Composition/Feed Ingredient/Forage Plants/Other Forage Plants,,"Mint explicit intermediate concept, map to existing concept, reparent children, or reject hierarchy?",,,,,,
PARENT-186,normal,Management,Management / Livestock Management,Lantana camara,Management/Livestock Management/Feed Characteristic/Feed Composition/Feed Ingredient/Forage Plants/Other Forage Plants/Lantana camara,8,1,AOM_002190,Lantana camara Leaves,AOM_000734,Management/Livestock Management/Feed Characteristic/Feed Composition/Feed Ingredient/Forage Plants/Other Forage Plants,,"Mint explicit intermediate concept, map to existing concept, reparent children, or reject hierarchy?",,,,,,
PARENT-187,normal,Management,Management / Livestock Management,Mangifera indica,Management/Livestock Management/Feed Characteristic/Feed Composition/Feed Ingredient/Forage Plants/Other Forage Plants/Mangifera indica,8,2,AOM_003553;AOM_003683,Mangifera indica Leaves and Twigs; Mangifera indica Leaves,AOM_000734,Management/Livestock Management/Feed Characteristic/Feed Composition/Feed Ingredient/Forage Plants/Other Forage Plants,,"Mint explicit intermediate concept, map to existing concept, reparent children, or reject hierarchy?",,,,,,
PARENT-188,normal,Management,Management / Livestock Management,Trachyspermum ammi,Management/Livestock Management/Feed Characteristic/Feed Composition/Feed Ingredient/Forage Plants/Other Forage Plants/Trachyspermum ammi,8,1,AOM_003905,Trachyspermum ammi Seed,AOM_000734,Management/Livestock Management/Feed Characteristic/Feed Composition/Feed Ingredient/Forage Plants/Other Forage Plants,,"Mint explicit intermediate concept, map to existing concept, reparent children, or reject hierarchy?",,,,,,
PARENT-189,normal,Management,Management / Livestock Management,Food Byproducts,Management/Livestock Management/Feed Characteristic/Feed Composition/Feed Ingredient/Other Ingredients/Food Byproducts,7,1,AOM_003172,Food Waste,AOM_000781,Management/Livestock Management/Feed Characteristic/Feed Composition/Feed Ingredient/Other Ingredients,,"Mint explicit intermediate concept, map to existing concept, reparent children, or reject hierarchy?",,,,,,
PARENT-190,normal,Management,Management / Livestock Management,Fossil Shell,Management/Livestock Management/Feed Characteristic/Feed Composition/Feed Ingredient/Other Ingredients/Fossil Shell,7,1,AOM_002191,Fossil Shell Ground,AOM_000781,Management/Livestock Management/Feed Characteristic/Feed Composition/Feed Ingredient/Other Ingredients,,"Mint explicit intermediate concept, map to existing concept, reparent children, or reject hierarchy?",,,,,,
PARENT-191,normal,Management,Management / Livestock Management,Mineral,Management/Livestock Management/Feed Characteristic/Feed Composition/Feed Ingredient/Other Ingredients/Mineral,7,1,AOM_000772,Salt,AOM_000781,Management/Livestock Management/Feed Characteristic/Feed Composition/Feed Ingredient/Other Ingredients,AOM_000779,"Mint explicit intermediate concept, map to existing concept, reparent children, or reject hierarchy?",,,,,,
PARENT-192,medium,Management,Management / Livestock Management,Processed Food Byproducts,Management/Livestock Management/Feed Characteristic/Feed Composition/Feed Ingredient/Other Ingredients/Processed Food Byproducts,7,4,AOM_001827;AOM_001831;AOM_001838;AOM_003829,Popcorn Waste; Vitalite; Biscuit Waste; Bread Waste,AOM_000781,Management/Livestock Management/Feed Characteristic/Feed Composition/Feed Ingredient/Other Ingredients,,"Mint explicit intermediate concept, map to existing concept, reparent children, or reject hierarchy?",,,,,,
PARENT-193,normal,Management,Management / Livestock Management,Untreated Organic Waste,Management/Livestock Management/Feed Characteristic/Feed Composition/Feed Ingredient/Other Ingredients/Untreated Organic Waste,7,2,AOM_006239;AOM_006240,Untreated Organic Waste Ground; Untreated Organic Waste Dried Fermented Ground,AOM_000781,Management/Livestock Management/Feed Characteristic/Feed Composition/Feed Ingredient/Other Ingredients,,"Mint explicit intermediate concept, map to existing concept, reparent children, or reject hierarchy?",,,,,,
PARENT-194,medium,Management,Management / Livestock Management,Herb or Extract,Management/Livestock Management/Feed Characteristic/Feed Composition/Feed Ingredient/Supplement/Herb or Extract,7,4,AOM_001871;AOM_001903;AOM_003996;AOM_003997,Urtica dioica; Asteraceae; Sweet Basil; Clove Basil Leaves Extract,AOM_000736,Management/Livestock Management/Feed Characteristic/Feed Composition/Feed Ingredient/Supplement,AOM_000811,"Mint explicit intermediate concept, map to existing concept, reparent children, or reject hierarchy?",,,,,,
PARENT-195,normal,Management,Management / Livestock Management,Chamomile,Management/Livestock Management/Feed Characteristic/Feed Composition/Feed Ingredient/Supplement/Herb or Extract/Chamomile,8,1,AOM_000752,Chamomile Flower,AOM_000736,Management/Livestock Management/Feed Characteristic/Feed Composition/Feed Ingredient/Supplement,,"Mint explicit intermediate concept, map to existing concept, reparent children, or reject hierarchy?",,,,,,
PARENT-196,normal,Management,Management / Livestock Management,Microalgae,Management/Livestock Management/Feed Characteristic/Feed Composition/Feed Ingredient/Supplement/Microalgae,7,1,AOM_002200,Chlorella vulgaris,AOM_000736,Management/Livestock Management/Feed Characteristic/Feed Composition/Feed Ingredient/Supplement,,"Mint explicit intermediate concept, map to existing concept, reparent children, or reject hierarchy?",,,,,,
PARENT-197,medium,Management,Management / Livestock Management,Biological Process,Management/Livestock Management/Feed Characteristic/Feed Process/Biological Process,5,4,AOM_000820;AOM_000830;AOM_003098;AOM_004500,Enzyme Treatment; Fermentation; Sprouted; Inoculation,AOM_000845,Management/Livestock Management/Feed Characteristic/Feed Process,,"Mint explicit intermediate concept, map to existing concept, reparent children, or reject hierarchy?",,,,,,
PARENT-198,medium,Management,Management / Livestock Management,Chemical Process,Management/Livestock Management/Feed Characteristic/Feed Process/Chemical Process,5,3,AOM_000818;AOM_000819;AOM_003202,Acid Treatment; Alkali Treatment; Molasses Treatment,AOM_000845,Management/Livestock Management/Feed Characteristic/Feed Process,,"Mint explicit intermediate concept, map to existing concept, reparent children, or reject hierarchy?",,,,,,
PARENT-199,normal,Management,Management / Livestock Management,Diet Source,Management/Livestock Management/Feed Management/Diet Source,4,2,AOM_000141;AOM_000142,On-farm; Purchased,AOM_000108,Management/Livestock Management/Feed Management,,"Mint explicit intermediate concept, map to existing concept, reparent children, or reject hierarchy?",,,,,,
PARENT-201,normal,Management,Management / Livestock Management,Grazing time,Management/Livestock Management/Grazing Management/Grazing time,4,2,AOM_000952;AOM_000953,per year; per cycle,AOM_100853,Management/Livestock Management/Grazing Management,,"Mint explicit intermediate concept, map to existing concept, reparent children, or reject hierarchy?",,,,,,
PARENT-202,medium,Management,Management / Livestock Management,Group Structure,Management/Livestock Management/Group Structure,3,3,AOM_000941;AOM_000942;AOM_000943,rearing stage group structure; sex group structure; genetic group structure,AOM_000107,Management/Livestock Management,,"Mint explicit intermediate concept, map to existing concept, reparent children, or reject hierarchy?",,,,,,
PARENT-203,normal,Management,Management / Livestock Management,Animal Health,Management/Livestock Management/Herd Management/Animal Health,4,2,AOM_000173;AOM_000180,Disease Prevention; Monitoring,AOM_000151,Management/Livestock Management/Herd Management,,"Mint explicit intermediate concept, map to existing concept, reparent children, or reject hierarchy?",,,,,,
PARENT-204,normal,Management,Management / Livestock Management,Feed Management,Management/Livestock Management/Herd Management/Feed Management,4,1,AOM_000178,Growth Promotor,AOM_000151,Management/Livestock Management/Herd Management,AOM_000108,"Mint explicit intermediate concept, map to existing concept, reparent children, or reject hierarchy?",,,,,,
PARENT-205,medium,Management,Management / Livestock Management,Livestock Abundance,Management/Livestock Management/Livestock Abundance,3,3,AOM_000937;AOM_000938;AOM_000940,animal biomass; stocking rate; animal density,AOM_000107,Management/Livestock Management,,"Mint explicit intermediate concept, map to existing concept, reparent children, or reject hierarchy?",,,,,,
PARENT-206,medium,Management,Management / Livestock Management,Parity,Management/Livestock Management/Parity,3,7,AOM_002501;AOM_002502;AOM_002503;AOM_002504;AOM_002505;AOM_002506;AOM_002507,Primiparous; Multiparous; Mixed; First trimester; Second trimester,AOM_000107,Management/Livestock Management,,"Mint explicit intermediate concept, map to existing concept, reparent children, or reject hierarchy?",,,,,,
PARENT-207,medium,Management,Management / Livestock Management,Pasture Management,Management/Livestock Management/Pasture Management,3,7,AOM_000162;AOM_000164;AOM_000168;AOM_000169;AOM_000171;AOM_000172;AOM_000179,Conventional Pasture Management; Improved Pasture; Controlled Grazing; Cut and Carry; Optimization of Stocking Density,AOM_000107,Management/Livestock Management,,"Mint explicit intermediate concept, map to existing concept, reparent children, or reject hierarchy?",,,,,,
PARENT-208,medium,Management,Management / Livestock Management,Fodder Storage,Management/Livestock Management/Pasture Management/Fodder Storage,4,3,AOM_000181;AOM_000182;AOM_000183,Fodder Banks; Hay; Silage,AOM_000107,Management/Livestock Management,,"Mint explicit intermediate concept, map to existing concept, reparent children, or reject hierarchy?",,,,,,
PARENT-209,medium,Management,Management / Livestock Management,Rearing Stage,Management/Livestock Management/Rearing Stage,3,6,AOM_000955;AOM_000983;AOM_001000;AOM_001017;AOM_001039;AOM_001048,Cattle;Buffalo; Sheep; Goat; Pig; Chicken,AOM_000107,Management/Livestock Management,AOM_000865;AOM_000874,"Mint explicit intermediate concept, map to existing concept, reparent children, or reject hierarchy?",,,,,,
PARENT-210,medium,Management,Management / Livestock Management,Young,Management/Livestock Management/Rearing Stage/Chicken/Young,5,3,AOM_001040;AOM_001041;AOM_001042,Chick; Young Female; Young Male,AOM_001039,Management/Livestock Management/Rearing Stage/Chicken,AOM_000961;AOM_000989;AOM_001006;AOM_001024,"Mint explicit intermediate concept, map to existing concept, reparent children, or reject hierarchy?",,,,,,
PARENT-211,medium,Management,Management / Livestock Management,Young,Management/Livestock Management/Rearing Stage/Fish/Young,5,4,AOM_001049;AOM_001050;AOM_001051;AOM_001052,Fry; Fingerling; Juvenile; Sub-adult,AOM_001048,Management/Livestock Management/Rearing Stage/Fish,AOM_000961;AOM_000989;AOM_001006;AOM_001024,"Mint explicit intermediate concept, map to existing concept, reparent children, or reject hierarchy?",,,,,,
PARENT-212,medium,Management,Management / Livestock Practices,Feed Management,Management/Livestock Practices/Feed Management,3,3,AOM_003003;AOM_003011;AOM_003021,Feed Addition; Feed Substitution; Concentrated Feed,AOM_000106,Management,AOM_000108,"Mint explicit intermediate concept, map to existing concept, reparent children, or reject hierarchy?",,,,,,
PARENT-213,normal,Management,Management / Livestock Practices,Crop Fodders,Management/Livestock Practices/Feed Management/Feed Addition/Crop Fodders,5,1,AOM_003004,Product,AOM_003003,Management/Livestock Practices/Feed Management/Feed Addition,AOM_003014,"Mint explicit intermediate concept, map to existing concept, reparent children, or reject hierarchy?",,,,,,
PARENT-214,normal,Outcomes,Outcomes / Efficiency,Nitrogen Use Efficiency,Outcomes/Efficiency/Feed Efficiency/Nitrogen Use Efficiency,4,1,AOM_000509,Apparent N Efficiency,AOM_000512,Outcomes/Efficiency/Feed Efficiency,AOM_000502,"Mint explicit intermediate concept, map to existing concept, reparent children, or reject hierarchy?",,,,,,
PARENT-215,medium,Outcomes,Outcomes / Productivity,Opportunity Cost,Outcomes/Productivity/Economics/Costs/Opportunity Cost,5,3,AOM_000448;AOM_000449;AOM_000450,Labor Opportunity Cost; Capital Opportunity Cost; Land Opportunity Cost,AOM_000403,Outcomes/Productivity/Economics/Costs,,"Mint explicit intermediate concept, map to existing concept, reparent children, or reject hierarchy?",,,,,,
PARENT-216,normal,Outcomes,Outcomes / Productivity,Total Cost per Asset,Outcomes/Productivity/Economics/Costs/Total Cost/Total Cost per Asset,6,2,AOM_000405;AOM_000406,Total Cost per Animal; Total Cost per Area,AOM_000404,Outcomes/Productivity/Economics/Costs/Total Cost,,"Mint explicit intermediate concept, map to existing concept, reparent children, or reject hierarchy?",,,,,,
PARENT-217,normal,Outcomes,Outcomes / Productivity,Total Cost Efficiency,Outcomes/Productivity/Economics/Costs/Total Cost Efficiency,5,1,AOM_000407,Total Cost per Unit Production,AOM_000403,Outcomes/Productivity/Economics/Costs,,"Mint explicit intermediate concept, map to existing concept, reparent children, or reject hierarchy?",,,,,,
PARENT-218,medium,Outcomes,Outcomes / Productivity,Inputs,Outcomes/Productivity/Economics/Costs/Variable Cost/Inputs,6,3,AOM_000418;AOM_000427;AOM_003090,Variable Costs-Mulch; Variable Costs-Seed or Planting Material; Variable Costs-Nutrients,AOM_003110,Outcomes/Productivity/Economics/Costs/Variable Cost,,"Mint explicit intermediate concept, map to existing concept, reparent children, or reject hierarchy?",,,,,,
PARENT-219,normal,Outcomes,Outcomes / Productivity,Variable Costs-Pest Control,Outcomes/Productivity/Economics/Costs/Variable Cost/Inputs/Variable Costs-Pest Control,7,2,AOM_000422;AOM_000426,Variable Costs-Pesticides; Variable Costs-Biological Control,AOM_003110,Outcomes/Productivity/Economics/Costs/Variable Cost,,"Mint explicit intermediate concept, map to existing concept, reparent children, or reject hierarchy?",,,,,,
PARENT-220,normal,Outcomes,Outcomes / Productivity,Family Labor Cost,Outcomes/Productivity/Economics/Costs/Variable Cost/Labor Cost/Family Labor Cost,7,2,AOM_000441;AOM_000442,Family  Labor Cost (Male); Family  Labor Cost (Female),AOM_000439,Outcomes/Productivity/Economics/Costs/Variable Cost/Labor Cost,,"Mint explicit intermediate concept, map to existing concept, reparent children, or reject hierarchy?",,,,,,
PARENT-221,normal,Outcomes,Outcomes / Productivity,Variable Cost-Animal Care,Outcomes/Productivity/Economics/Costs/Variable Cost/Variable Cost-Animal Care,6,1,AOM_000432,Variable Costs-Veterinary,AOM_003110,Outcomes/Productivity/Economics/Costs/Variable Cost,,"Mint explicit intermediate concept, map to existing concept, reparent children, or reject hierarchy?",,,,,,
PARENT-222,medium,Outcomes,Outcomes / Productivity,Monetary Private Benefits-Income,Outcomes/Productivity/Economics/Private Benefits/Monetary Private Benefits/Monetary Private Benefits-Income,6,3,AOM_000451;AOM_000452;AOM_000453,Monetary Private Benefits-Sale of produce; Monetary Private Benefits-Sale of manure; Monetary Private Benefits-Animal rent,AOM_000397,Outcomes/Productivity/Economics,,"Mint explicit intermediate concept, map to existing concept, reparent children, or reject hierarchy?",,,,,,
PARENT-223,medium,Outcomes,Outcomes / Productivity,Non-Monetary Private Benefits,Outcomes/Productivity/Economics/Private Benefits/Non-Monetary Private Benefits,5,3,AOM_000454;AOM_000455;AOM_000456,Non-Monetary Private Benefits-Consumption; Non-Monetary Private Benefits-Nutrient/Soil management; Non-Monetary Private Benefits-Animal labour,AOM_000397,Outcomes/Productivity/Economics,,"Mint explicit intermediate concept, map to existing concept, reparent children, or reject hierarchy?",,,,,,
PARENT-224,normal,Outcomes,Outcomes / Productivity,Societal Benefits,Outcomes/Productivity/Economics/Societal Benefits,4,2,AOM_000457;AOM_000458,Monetary Societal Benefits; Non-monetary Societal Benefits,AOM_000397,Outcomes/Productivity/Economics,,"Mint explicit intermediate concept, map to existing concept, reparent children, or reject hierarchy?",,,,,,
PARENT-225,normal,Outcomes,Outcomes / Productivity,Variable Cost,Outcomes/Productivity/Economics/Variable Cost,4,1,AOM_001087,Animal Bedding,AOM_000397,Outcomes/Productivity/Economics,AOM_003110,"Mint explicit intermediate concept, map to existing concept, reparent children, or reject hierarchy?",,,,,,
PARENT-226,medium,Outcomes,Outcomes / Productivity,Inputs,Outcomes/Productivity/Economics/Variable Cost/Inputs,5,3,AOM_001084;AOM_001085;AOM_001086,Variable Cost-Innoculants; Variable Cost-Biopesticides; Variable Cost-Soil Amendments,AOM_000397,Outcomes/Productivity/Economics,,"Mint explicit intermediate concept, map to existing concept, reparent children, or reject hierarchy?",,,,,,
PARENT-228,normal,Outcomes,Outcomes / Productivity,Labour,Outcomes/Productivity/Labour,3,2,AOM_000393;AOM_000396,Labour-Time; Return to Labour,AOM_000360,Outcomes/Productivity,,"Mint explicit intermediate concept, map to existing concept, reparent children, or reject hierarchy?",,,,,,
PARENT-229,normal,Outcomes,Outcomes / Productivity,Milk Fat,Outcomes/Productivity/Yield/Product Yield/Animals/Milk Fat,6,2,AOM_000381;AOM_000382,Milk Fat Yield; Milk Fat Content,AOM_000366,Outcomes/Productivity/Yield/Product Yield/Animals,,"Mint explicit intermediate concept, map to existing concept, reparent children, or reject hierarchy?",,,,,,
PARENT-230,normal,Outcomes,Outcomes / Productivity,Yield Stability,Outcomes/Productivity/Yield/Yield Stability,4,1,AOM_000496,Yield Stability,AOM_000361,Outcomes/Productivity/Yield,AOM_000496,"Mint explicit intermediate concept, map to existing concept, reparent children, or reject hierarchy?",,,,,,
PARENT-231,normal,Outcomes,Outcomes / Social,Gender Equity,Outcomes/Social/Gender Equity,3,2,AOM_000517;AOM_000518,Income Female; Income Male,AOM_000358,Outcomes,,"Mint explicit intermediate concept, map to existing concept, reparent children, or reject hierarchy?",,,,,,
PARENT-232,normal,Species,Species / Animal,Urchins,Species/Animal/Aquatic/Urchins,4,1,AOM_000036,Collector Urchin,AOM_000032,Species/Animal/Aquatic,,"Mint explicit intermediate concept, map to existing concept, reparent children, or reject hierarchy?",,,,,,
PARENT-233,normal,Species,Species / Animal,Porcine,Species/Animal/Terrestrial/Mammal/Porcine,5,1,AOM_000017,Pig,AOM_000004,Species/Animal/Terrestrial/Mammal,,"Mint explicit intermediate concept, map to existing concept, reparent children, or reject hierarchy?",,,,,,
PARENT-006,resolved,Management,Management / Livestock Management,Minerals,Management/Livestock Management/Feed Characteristic/Feed Chemical Composition/Minerals,5,13,AOM_000227;AOM_000234;AOM_000236;AOM_000250;AOM_000251;AOM_000253;AOM_000254;AOM_000264;AOM_000265;AOM_000266;AOM_000284;AOM_002210;AOM_002299,Calcium; Cobalt; Copper; Iodine; Iron,AOM_000196,Management/Livestock Management/Feed Characteristic/Feed Chemical Composition,,"Mint explicit intermediate concept, map to existing concept, reparent children, or reject hierarchy?",mint,AOM_100849,Pete Steward,2026-08-03,review/livestock-v2/PRIORITY_RECOMMENDATIONS.md,Groups 13 measured mineral-element feed-composition concepts; distinct from mineral supplements.
PARENT-007,resolved,Management,Management / Livestock Management,Feed Ingredient,Management/Livestock Management/Feed Characteristic/Feed Composition/Feed Ingredient,5,18,AOM_000531;AOM_000532;AOM_000533;AOM_000534;AOM_000535;AOM_000559;AOM_000561;AOM_000735;AOM_000736;AOM_000781;AOM_000807;AOM_000809;AOM_000811;AOM_001491;AOM_001916;AOM_003076;AOM_003100;AOM_006389,Ingredient name; Ingredient part; Ingredient species; Ingredient proportion; Ingredient source,AOM_000328,Management/Livestock Management/Feed Characteristic,,"Mint explicit intermediate concept, map to existing concept, reparent children, or reject hierarchy?",mint,AOM_100850,Pete Steward,2026-08-03,review/livestock-v2/PRIORITY_RECOMMENDATIONS.md,"Reconstructs approved legacy hierarchy for 18 children. Ingredient name, part, species, proportion, and source remain flagged for later remodeling as schema properties."
PARENT-036,resolved,Management,Management / Livestock Management,Maize,Management/Livestock Management/Feed Characteristic/Feed Composition/Feed Ingredient/Crop Byproduct/Cereal ByProducts/Maize,8,12,AOM_000569;AOM_000571;AOM_000572;AOM_001292;AOM_001294;AOM_001297;AOM_001298;AOM_001299;AOM_001434;AOM_001614;AOM_003297;AOM_006001,Maize Cob; Maize Offal; Maize Straw; Maize Gluten; Maize Germ,AOM_000594,Management/Livestock Management/Feed Characteristic/Feed Composition/Feed Ingredient/Crop Byproduct/Cereal ByProducts,AOM_000648,"Mint explicit intermediate concept, map to existing concept, reparent children, or reject hierarchy?",mint,AOM_100851,Pete Steward,2026-08-03,review/livestock-v2/PRIORITY_RECOMMENDATIONS.md,Groups 12 maize-derived feed materials without conflating them with AOM_000648 Maize crop/product concept.
PARENT-078,resolved,Management,Management / Livestock Management,Soybean,Management/Livestock Management/Feed Characteristic/Feed Composition/Feed Ingredient/Crop Byproduct/Legume ByProducts/Soybean,8,12,AOM_000610;AOM_000611;AOM_000612;AOM_000614;AOM_001271;AOM_001272;AOM_001361;AOM_001891;AOM_002020;AOM_002021;AOM_00205;AOM_003930,Soybean Cake; Soybean Full Fat Cake; Soybean Dried; Soybean Residue; Soybean Straw,AOM_000615,Management/Livestock Management/Feed Characteristic/Feed Composition/Feed Ingredient/Crop Byproduct/Legume ByProducts,AOM_001582,"Mint explicit intermediate concept, map to existing concept, reparent children, or reject hierarchy?",mint,AOM_100852,Pete Steward,2026-08-03,review/livestock-v2/PRIORITY_RECOMMENDATIONS.md,Groups 12 soybean-derived feed materials without conflating them with AOM_001582 Soybean crop/product concept; two processed-whole-soybean records remain flagged for classification review.
PARENT-200,resolved,Management,Management / Livestock Management,Grazing Management,Management/Livestock Management/Grazing Management,3,10,AOM_000936;AOM_000944;AOM_000945;AOM_000946;AOM_000947;AOM_000948;AOM_000949;AOM_000950;AOM_000951;AOM_000954,Grazing Intensity; Number of fields per unit; Target sward height; Max sward height; Field Size,AOM_000107,Management/Livestock Management,,"Mint explicit intermediate concept, map to existing concept, reparent children, or reject hierarchy?",mint,AOM_100853,Pete Steward,2026-08-03,review/livestock-v2/PRIORITY_RECOMMENDATIONS.md,Reconstructs approved grouping for 10 grazing-management concepts; eight quantitative fields remain flagged for later schema remodeling.
PARENT-227,resolved,Outcomes,Outcomes / Productivity,Management Activities,Outcomes/Productivity/Economics/Variable Cost/Management Activities,5,12,AOM_000459;AOM_000460;AOM_000461;AOM_000462;AOM_000463;AOM_001077;AOM_001078;AOM_001079;AOM_001080;AOM_001081;AOM_001082;AOM_001083,Variable Cost-Tillage; Variable Cost-Weeding; Variable Cost-Harvesting; Variable Cost-Threshing; Variable Cost-Planting,AOM_000397,Outcomes/Productivity/Economics,,"Mint explicit intermediate concept, map to existing concept, reparent children, or reject hierarchy?",mint,AOM_100854,Pete Steward,2026-08-03,review/livestock-v2/PRIORITY_RECOMMENDATIONS.md,Groups 12 activity-specific variable-cost outcomes under existing AOM_003110 Variable Cost rather than reproducing broken legacy path.
PARENT-031,resolved,Management,Management / Livestock Management,Baby Corn,Management/Livestock Management/Feed Characteristic/Feed Composition/Feed Ingredient/Crop Byproduct/Cereal ByProducts/Baby Corn,8,1,AOM_001675,Baby Corn Stalk,AOM_000594,Management/Livestock Management/Feed Characteristic/Feed Composition/Feed Ingredient/Crop Byproduct/Cereal ByProducts,,"Mint explicit intermediate concept, map to existing concept, reparent children, or reject hierarchy?",mint,AOM_100855,Pete Steward,2026-08-03,review/livestock-v2/CEREAL_BYPRODUCT_RECOMMENDATIONS.md,Groups baby-corn-derived feed materials without asserting crop identity.
PARENT-032,resolved,Management,Management / Livestock Management,Barley,Management/Livestock Management/Feed Characteristic/Feed Composition/Feed Ingredient/Crop Byproduct/Cereal ByProducts/Barley,8,4,AOM_000584;AOM_001178;AOM_001806;AOM_002013,Barley Straw; Barley Dried; Barley Bran; Barley Dried Ground,AOM_000594,Management/Livestock Management/Feed Characteristic/Feed Composition/Feed Ingredient/Crop Byproduct/Cereal ByProducts,AOM_001202,"Mint explicit intermediate concept, map to existing concept, reparent children, or reject hierarchy?",mint,AOM_100856,Pete Steward,2026-08-03,review/livestock-v2/CEREAL_BYPRODUCT_RECOMMENDATIONS.md,Groups barley-derived feed materials; questionable processed whole-grain forms remain queued for classification review.
PARENT-033,resolved,Management,Management / Livestock Management,Cheka,Management/Livestock Management/Feed Characteristic/Feed Composition/Feed Ingredient/Crop Byproduct/Cereal ByProducts/Cheka,8,1,AOM_003567,Cheka Residue,AOM_000594,Management/Livestock Management/Feed Characteristic/Feed Composition/Feed Ingredient/Crop Byproduct/Cereal ByProducts,,"Mint explicit intermediate concept, map to existing concept, reparent children, or reject hierarchy?",mint,AOM_100857,Pete Steward,2026-08-03,review/livestock-v2/CEREAL_BYPRODUCT_RECOMMENDATIONS.md,Groups Cheka processing residue used as feed material.
PARENT-035,resolved,Management,Management / Livestock Management,Finger Millet,Management/Livestock Management/Feed Characteristic/Feed Composition/Feed Ingredient/Crop Byproduct/Cereal ByProducts/Finger Millet,8,1,AOM_004005,Finger Millet Straw,AOM_000594,Management/Livestock Management/Feed Characteristic/Feed Composition/Feed Ingredient/Crop Byproduct/Cereal ByProducts,,"Mint explicit intermediate concept, map to existing concept, reparent children, or reject hierarchy?",mint,AOM_100858,Pete Steward,2026-08-03,review/livestock-v2/CEREAL_BYPRODUCT_RECOMMENDATIONS.md,Groups finger-millet-derived feed materials without asserting crop identity.
PARENT-037,resolved,Management,Management / Livestock Management,Millet,Management/Livestock Management/Feed Characteristic/Feed Composition/Feed Ingredient/Crop Byproduct/Cereal ByProducts/Millet,8,2,AOM_001290;AOM_001291,Millet Bran; Millet Straw,AOM_000594,Management/Livestock Management/Feed Characteristic/Feed Composition/Feed Ingredient/Crop Byproduct/Cereal ByProducts,AOM_000654,"Mint explicit intermediate concept, map to existing concept, reparent children, or reject hierarchy?",mint,AOM_100859,Pete Steward,2026-08-03,review/livestock-v2/CEREAL_BYPRODUCT_RECOMMENDATIONS.md,Groups millet-derived feed materials separately from AOM_000654 Millet crop/product.
PARENT-038,resolved,Management,Management / Livestock Management,Oat,Management/Livestock Management/Feed Characteristic/Feed Composition/Feed Ingredient/Crop Byproduct/Cereal ByProducts/Oat,8,3,AOM_001618;AOM_001835;AOM_006143,Oat Fodder; Oat Straw; Oat Dried,AOM_000594,Management/Livestock Management/Feed Characteristic/Feed Composition/Feed Ingredient/Crop Byproduct/Cereal ByProducts,AOM_001895,"Mint explicit intermediate concept, map to existing concept, reparent children, or reject hierarchy?",mint,AOM_100860,Pete Steward,2026-08-03,review/livestock-v2/CEREAL_BYPRODUCT_RECOMMENDATIONS.md,Groups oat-derived feed materials; fodder and dried forms remain queued for classification review.
PARENT-040,resolved,Management,Management / Livestock Management,Rice,Management/Livestock Management/Feed Characteristic/Feed Composition/Feed Ingredient/Crop Byproduct/Cereal ByProducts/Rice,8,7,AOM_000575;AOM_000576;AOM_000577;AOM_000578;AOM_000579;AOM_001280;AOM_003854,Rice Bran; Rice Husk; Rice Offal; Rice Polish; Rice Straw,AOM_000594,Management/Livestock Management/Feed Characteristic/Feed Composition/Feed Ingredient/Crop Byproduct/Cereal ByProducts,,"Mint explicit intermediate concept, map to existing concept, reparent children, or reject hierarchy?",mint,AOM_100861,Pete Steward,2026-08-03,review/livestock-v2/CEREAL_BYPRODUCT_RECOMMENDATIONS.md,Groups rice-derived feed materials without asserting crop identity.
PARENT-041,resolved,Management,Management / Livestock Management,Rye,Management/Livestock Management/Feed Characteristic/Feed Composition/Feed Ingredient/Crop Byproduct/Cereal ByProducts/Rye,8,1,AOM_000580,Rye Bran,AOM_000594,Management/Livestock Management/Feed Characteristic/Feed Composition/Feed Ingredient/Crop Byproduct/Cereal ByProducts,,"Mint explicit intermediate concept, map to existing concept, reparent children, or reject hierarchy?",mint,AOM_100862,Pete Steward,2026-08-03,review/livestock-v2/CEREAL_BYPRODUCT_RECOMMENDATIONS.md,Groups rye-derived feed materials without asserting crop identity.
PARENT-042,resolved,Management,Management / Livestock Management,Sorghum,Management/Livestock Management/Feed Characteristic/Feed Composition/Feed Ingredient/Crop Byproduct/Cereal ByProducts/Sorghum,8,7,AOM_000581;AOM_001276;AOM_001772;AOM_001813;AOM_001892;AOM_002339;AOM_006316,Sorghum Straw; Sorghum Ground; Sorghum Bran; Sorghum Brewers Grain; Sorghum Threshed Top,AOM_000594,Management/Livestock Management/Feed Characteristic/Feed Composition/Feed Ingredient/Crop Byproduct/Cereal ByProducts,AOM_001316,"Mint explicit intermediate concept, map to existing concept, reparent children, or reject hierarchy?",mint,AOM_100863,Pete Steward,2026-08-03,review/livestock-v2/CEREAL_BYPRODUCT_RECOMMENDATIONS.md,Groups sorghum-derived feed materials; processed whole-grain and sprout forms remain queued for classification review.
PARENT-044,resolved,Management,Management / Livestock Management,Wheat,Management/Livestock Management/Feed Characteristic/Feed Composition/Feed Ingredient/Crop Byproduct/Cereal ByProducts/Wheat,8,5,AOM_000585;AOM_000587;AOM_000589;AOM_000591;AOM_001887,Wheat Bran; Wheat Dried; Wheat Offal; Wheat Shorts; Wheat Straw,AOM_000594,Management/Livestock Management/Feed Characteristic/Feed Composition/Feed Ingredient/Crop Byproduct/Cereal ByProducts,AOM_001319,"Mint explicit intermediate concept, map to existing concept, reparent children, or reject hierarchy?",mint,AOM_100864,Pete Steward,2026-08-03,review/livestock-v2/CEREAL_BYPRODUCT_RECOMMENDATIONS.md,Groups wheat-derived feed materials; dried form remains queued for classification review.
PARENT-034,resolved,Management,Management / Livestock Management,Distillers Grain,Management/Livestock Management/Feed Characteristic/Feed Composition/Feed Ingredient/Crop Byproduct/Cereal ByProducts/Distillers Grain/Distillers Grain,9,1,AOM_006220,Distillers Grain Dried,AOM_000594,Management/Livestock Management/Feed Characteristic/Feed Composition/Feed Ingredient/Crop Byproduct/Cereal ByProducts,,"Mint explicit intermediate concept, map to existing concept, reparent children, or reject hierarchy?",reparent,AOM_000594,Pete Steward,2026-08-03,review/livestock-v2/CEREAL_BYPRODUCT_RECOMMENDATIONS.md,Flatten redundant Distillers Grain/Distillers Grain path; dried material remains directly under Cereal ByProducts.
PARENT-039,resolved,Management,Management / Livestock Management,Oat Leaves,Management/Livestock Management/Feed Characteristic/Feed Composition/Feed Ingredient/Crop Byproduct/Cereal ByProducts/Oat/Oat Leaves,9,2,AOM_000574;AOM_001702,Oat Leaves Dried; Oat Leaves Dried Ground,AOM_000594,Management/Livestock Management/Feed Characteristic/Feed Composition/Feed Ingredient/Crop Byproduct/Cereal ByProducts,,"Mint explicit intermediate concept, map to existing concept, reparent children, or reject hierarchy?",reparent,AOM_100860,Pete Steward,2026-08-03,review/livestock-v2/CEREAL_BYPRODUCT_RECOMMENDATIONS.md,Avoid single-purpose Oat Leaves intermediate; attach processed leaf forms to Oat by-products grouping.
PARENT-043,resolved,Management,Management / Livestock Management,Sorghum Sprout,Management/Livestock Management/Feed Characteristic/Feed Composition/Feed Ingredient/Crop Byproduct/Cereal ByProducts/Sorghum/Sorghum Sprout,9,1,AOM_002086,Sorghum Sprout Dried Ground,AOM_000594,Management/Livestock Management/Feed Characteristic/Feed Composition/Feed Ingredient/Crop Byproduct/Cereal ByProducts,AOM_001365,"Mint explicit intermediate concept, map to existing concept, reparent children, or reject hierarchy?",reparent,AOM_100863,Pete Steward,2026-08-03,review/livestock-v2/CEREAL_BYPRODUCT_RECOMMENDATIONS.md,Avoid duplicate contextual Sorghum Sprout node; attach dried-ground material to Sorghum by-products grouping.
PARENT-045,resolved,Management,Management / Livestock Management,Wheat Ground,Management/Livestock Management/Feed Characteristic/Feed Composition/Feed Ingredient/Crop Byproduct/Cereal ByProducts/Wheat/Wheat Ground,9,1,AOM_001261,Wheat Ground Remoulage,AOM_000594,Management/Livestock Management/Feed Characteristic/Feed Composition/Feed Ingredient/Crop Byproduct/Cereal ByProducts,AOM_001346,"Mint explicit intermediate concept, map to existing concept, reparent children, or reject hierarchy?",reparent,AOM_100864,Pete Steward,2026-08-03,review/livestock-v2/CEREAL_BYPRODUCT_RECOMMENDATIONS.md,Avoid duplicate contextual Wheat Ground node; attach remoulage directly to Wheat by-products grouping.
