concept_id,preferred_label,cohort_scope,feed_material_direct_branch_ids,feed_material_direct_branch_labels,depth_from_feed_materials,depth_from_feed_additives,depth_from_feed_chemical_substances,current_parent_ids,current_parent_labels,direct_child_count,descendant_count,review_requirement
AOM_000531,Ingredient name,feed-material-descendant;direct-feed-material-child,AOM_000531,Ingredient name,1,,,AOM_100850,Feed materials,0,0,affected-descendant-inventory;row-level-disposition
AOM_000532,Ingredient part,feed-material-descendant;direct-feed-material-child,AOM_000532,Ingredient part,1,,,AOM_100850,Feed materials,0,0,affected-descendant-inventory;row-level-disposition
AOM_000533,Ingredient species,feed-material-descendant;direct-feed-material-child,AOM_000533,Ingredient species,1,,,AOM_100850,Feed materials,0,0,affected-descendant-inventory;row-level-disposition
AOM_000534,Ingredient proportion,feed-material-descendant;direct-feed-material-child,AOM_000534,Ingredient proportion,1,,,AOM_100850,Feed materials,0,0,affected-descendant-inventory;row-level-disposition
AOM_000535,Ingredient source,feed-material-descendant;direct-feed-material-child,AOM_000535,Ingredient source,1,,,AOM_100850,Feed materials,0,0,affected-descendant-inventory;row-level-disposition
AOM_000536,Blood Ground,feed-material-descendant,AOM_000559,Animal,3,,,AOM_001616,Blood,0,0,affected-descendant-inventory
AOM_000537,Blood Dried Ground Heated,feed-material-descendant,AOM_000559,Animal,3,,,AOM_001616,Blood,0,0,affected-descendant-inventory
AOM_000538,Bone Ash,feed-material-descendant,AOM_100976,Animal by-products,3,,,AOM_000540,Bone,0,0,affected-descendant-inventory
AOM_000539,Bone Ground,feed-material-descendant,AOM_100976,Animal by-products,3,,,AOM_000540,Bone,0,0,affected-descendant-inventory
AOM_000540,Bone,feed-material-descendant,AOM_100976,Animal by-products,2,,,AOM_100976,Animal by-products,3,3,affected-descendant-inventory
AOM_000542,Crustacean,feed-material-descendant,AOM_000559,Animal,2,,,AOM_000559,Animal,1,4,affected-descendant-inventory
AOM_000543,Fish Ground,feed-material-descendant,AOM_000559,Animal,3,,,AOM_000549,Fish,0,0,affected-descendant-inventory
AOM_000544,Fish Oil,feed-material-descendant,AOM_000559,Animal,3,,,AOM_000549,Fish,2,2,affected-descendant-inventory
AOM_000545,Fish Processing Waste,feed-material-descendant,AOM_100976,Animal by-products,3,,,AOM_100985,Fish by-products,2,2,affected-descendant-inventory
AOM_000547,Nile Perch Fish Oil,feed-material-descendant,AOM_000559,Animal,3,,,AOM_000549,Fish,0,0,affected-descendant-inventory
AOM_000549,Fish,feed-material-descendant,AOM_000559,Animal,2,,,AOM_000559,Animal,21,38,affected-descendant-inventory
AOM_000550,African Palm Larvae Ground,feed-material-descendant,AOM_000559,Animal,4,,,AOM_001805,African Palm Larvae,0,0,affected-descendant-inventory
AOM_000551,Black Soldier Fly Larvae Dried Ground,feed-material-descendant,AOM_000559,Animal,4,,,AOM_006043,Black Soldier Fly Larvae,0,0,affected-descendant-inventory
AOM_000552,Grasshopper Ground,feed-material-descendant,AOM_000559,Animal,4,,,AOM_002247,Grasshopper,0,0,affected-descendant-inventory
AOM_000553,Winged Termite Ground,feed-material-descendant,AOM_000559,Animal,4,,,AOM_002248,Termite,0,0,affected-descendant-inventory
AOM_000554,Insect,feed-material-descendant,AOM_000559,Animal,2,,,AOM_000559,Animal,6,16,affected-descendant-inventory
AOM_000555,Whole Milk,feed-material-descendant,AOM_000559,Animal,3,,,AOM_000556,Milk,0,0,affected-descendant-inventory
AOM_000556,Milk,feed-material-descendant,AOM_000559,Animal,2,,,AOM_000559,Animal,4,4,affected-descendant-inventory
AOM_000557,Oyster Shells,feed-material-descendant,AOM_100976,Animal by-products,3,,,AOM_000558,Shell,1,1,affected-descendant-inventory
AOM_000558,Shell,feed-material-descendant,AOM_100976,Animal by-products,2,,,AOM_100976,Animal by-products,3,4,affected-descendant-inventory
AOM_000559,Animal,feed-material-descendant;direct-feed-material-child,AOM_000559,Animal,1,,,AOM_100850,Feed materials,7,76,affected-descendant-inventory;row-level-disposition
AOM_000561,Animal Manures,feed-material-descendant;direct-feed-material-child,AOM_000561,Animal Manures,1,,,AOM_100850,Feed materials,4,11,affected-descendant-inventory;row-level-disposition
AOM_000563,Unspecified Bran,feed-material-descendant;crop-forage-navigation,AOM_001916,Crop Byproduct,3,,,AOM_000594,Cereal ByProducts,2,2,affected-descendant-inventory;source-navigation-impact-review
AOM_000564,"Brewers grains, dehydrated",feed-material-descendant;crop-forage-navigation,AOM_001916,Crop Byproduct,3,,,AOM_000594,Cereal ByProducts,0,0,affected-descendant-inventory;source-navigation-impact-review
AOM_000565,Brewers Spent Grain,feed-material-descendant;crop-forage-navigation,AOM_001916,Crop Byproduct,3,,,AOM_000594,Cereal ByProducts,0,0,affected-descendant-inventory;source-navigation-impact-review
AOM_000567,Hominy Ground,feed-material-descendant;crop-forage-navigation,AOM_001916,Crop Byproduct,5,,,AOM_001434,Hominy,0,0,affected-descendant-inventory;source-navigation-impact-review
AOM_000569,Maize Cob,feed-material-descendant;crop-forage-navigation,AOM_001916,Crop Byproduct,4,,,AOM_100851,Maize by-products,4,4,affected-descendant-inventory;source-navigation-impact-review
AOM_000570,Maize Extruded,feed-material-descendant;crop-forage-navigation,AOM_100921,Crop product,4,,,AOM_000648,Maize,0,0,affected-descendant-inventory;source-navigation-impact-review
AOM_000571,Maize Offal,feed-material-descendant;crop-forage-navigation,AOM_001916,Crop Byproduct,4,,,AOM_100851,Maize by-products,3,3,affected-descendant-inventory;source-navigation-impact-review
AOM_000572,Maize Straw,feed-material-descendant;crop-forage-navigation,AOM_001916,Crop Byproduct,4,,,AOM_100851,Maize by-products,10,10,affected-descendant-inventory;source-navigation-impact-review
AOM_000574,Oat Leaves Dried,feed-material-descendant;crop-forage-navigation,AOM_001916,Crop Byproduct,4,,,AOM_100860,Oat by-products,0,0,affected-descendant-inventory;source-navigation-impact-review
AOM_000575,Rice Bran,feed-material-descendant;crop-forage-navigation,AOM_001916,Crop Byproduct,4,,,AOM_100861,Rice by-products,1,1,affected-descendant-inventory;source-navigation-impact-review
AOM_000576,Rice Husk,feed-material-descendant;crop-forage-navigation,AOM_001916,Crop Byproduct,4,,,AOM_100861,Rice by-products,4,4,affected-descendant-inventory;source-navigation-impact-review
AOM_000577,Rice Offal,feed-material-descendant;crop-forage-navigation,AOM_001916,Crop Byproduct,4,,,AOM_100861,Rice by-products,2,2,affected-descendant-inventory;source-navigation-impact-review
AOM_000578,Rice Polish,feed-material-descendant;crop-forage-navigation,AOM_001916,Crop Byproduct,4,,,AOM_100861,Rice by-products,0,0,affected-descendant-inventory;source-navigation-impact-review
AOM_000579,Rice Straw,feed-material-descendant;crop-forage-navigation,AOM_001916,Crop Byproduct,4,,,AOM_100861,Rice by-products,12,12,affected-descendant-inventory;source-navigation-impact-review
AOM_000580,Rye Bran,feed-material-descendant;crop-forage-navigation,AOM_001916,Crop Byproduct,4,,,AOM_100862,Rye by-products,0,0,affected-descendant-inventory;source-navigation-impact-review
AOM_000581,Sorghum Straw,feed-material-descendant;crop-forage-navigation,AOM_001916,Crop Byproduct,4,,,AOM_100863,Sorghum by-products,4,4,affected-descendant-inventory;source-navigation-impact-review
AOM_000582,Unspecified Straw,feed-material-descendant;crop-forage-navigation,AOM_001916,Crop Byproduct,3,,,AOM_000594,Cereal ByProducts,1,1,affected-descendant-inventory;source-navigation-impact-review
AOM_000584,Barley Straw,feed-material-descendant;crop-forage-navigation,AOM_001916,Crop Byproduct,4,,,AOM_100856,Barley by-products,2,2,affected-descendant-inventory;source-navigation-impact-review
AOM_000585,Wheat Bran,feed-material-descendant;crop-forage-navigation,AOM_001916,Crop Byproduct,4,,,AOM_100864,Wheat by-products,2,2,affected-descendant-inventory;source-navigation-impact-review
AOM_000586,Wheat Bran Remoulage,feed-material-descendant;crop-forage-navigation,AOM_001916,Crop Byproduct,5,,,AOM_000585,Wheat Bran,0,0,affected-descendant-inventory;source-navigation-impact-review
AOM_000587,Wheat Dried,feed-material-descendant;crop-forage-navigation,AOM_001916,Crop Byproduct,4,,,AOM_100864,Wheat by-products,0,0,affected-descendant-inventory;source-navigation-impact-review
AOM_000589,Wheat Offal,feed-material-descendant;crop-forage-navigation,AOM_001916,Crop Byproduct,4,,,AOM_100864,Wheat by-products,1,1,affected-descendant-inventory;source-navigation-impact-review
AOM_000591,Wheat Shorts,feed-material-descendant;crop-forage-navigation,AOM_001916,Crop Byproduct,4,,,AOM_100864,Wheat by-products,0,0,affected-descendant-inventory;source-navigation-impact-review
AOM_000594,Cereal ByProducts,feed-material-descendant;crop-forage-navigation,AOM_001916,Crop Byproduct,2,,,AOM_001916,Crop Byproduct,26,159,affected-descendant-inventory;source-navigation-impact-review
AOM_000595,Banana Leaves,feed-material-descendant;crop-forage-navigation,AOM_001916,Crop Byproduct,3,,,AOM_100879,Banana by-products,1,1,affected-descendant-inventory;source-navigation-impact-review
AOM_000596,Date Seed Ground,feed-material-descendant;crop-forage-navigation,AOM_001916,Crop Byproduct,3,,,AOM_100881,Date by-products,0,0,affected-descendant-inventory;source-navigation-impact-review
AOM_000600,Watermelon Seed Ground,feed-material-descendant;crop-forage-navigation,AOM_001916,Crop Byproduct,3,,,AOM_100890,Watermelon by-products,0,0,affected-descendant-inventory;source-navigation-impact-review
AOM_000601,Cowpea Haulm,feed-material-descendant;crop-forage-navigation,AOM_001916,Crop Byproduct,4,,,AOM_100867,Cowpea by-products,3,3,affected-descendant-inventory;source-navigation-impact-review
AOM_000602,Cowpea Husk,feed-material-descendant;crop-forage-navigation,AOM_001916,Crop Byproduct,4,,,AOM_100867,Cowpea by-products,2,2,affected-descendant-inventory;source-navigation-impact-review
AOM_000603,Fava Bean Haulm,feed-material-descendant;crop-forage-navigation,AOM_001916,Crop Byproduct,4,,,AOM_100868,Fava bean by-products,0,0,affected-descendant-inventory;source-navigation-impact-review
AOM_000604,Groundnut Haulm,feed-material-descendant;crop-forage-navigation,AOM_001916,Crop Byproduct,4,,,AOM_100869,Groundnut by-products,3,3,affected-descendant-inventory;source-navigation-impact-review
AOM_000605,Groundnut Hull,feed-material-descendant;crop-forage-navigation,AOM_001916,Crop Byproduct,4,,,AOM_100869,Groundnut by-products,1,1,affected-descendant-inventory;source-navigation-impact-review
AOM_000606,Groundnut Husk Ground,feed-material-descendant;crop-forage-navigation,AOM_001916,Crop Byproduct,4,,,AOM_100869,Groundnut by-products,0,0,affected-descendant-inventory;source-navigation-impact-review
AOM_000607,Groundnut Ground,feed-material-descendant;crop-forage-navigation,AOM_100921,Crop product,4,,,AOM_003072,Groundnut,0,0,affected-descendant-inventory;source-navigation-impact-review
AOM_000608,Pea Seed Hull,feed-material-descendant;crop-forage-navigation,AOM_001916,Crop Byproduct,4,,,AOM_100873,Pea by-products,0,0,affected-descendant-inventory;source-navigation-impact-review
AOM_000609,Pigeon Pea Leaves,feed-material-descendant;crop-forage-navigation,AOM_001916,Crop Byproduct,4,,,AOM_100874,Pigeon pea by-products,1,1,affected-descendant-inventory;source-navigation-impact-review
AOM_000610,Soybean Cake,feed-material-descendant;crop-forage-navigation,AOM_001916,Crop Byproduct,4,,,AOM_100852,Soybean by-products,0,0,affected-descendant-inventory;source-navigation-impact-review
AOM_000611,Soybean Full Fat Cake,feed-material-descendant;crop-forage-navigation,AOM_001916,Crop Byproduct,4,,,AOM_100852,Soybean by-products,0,0,affected-descendant-inventory;source-navigation-impact-review
AOM_000612,Soybean Dried,feed-material-descendant;crop-forage-navigation,AOM_001916,Crop Byproduct,4,,,AOM_100852,Soybean by-products,0,0,affected-descendant-inventory;source-navigation-impact-review
AOM_000613,Soybean Ground,feed-material-descendant;crop-forage-navigation,AOM_100921,Crop product,4,,,AOM_001582,Soybean,0,0,affected-descendant-inventory;source-navigation-impact-review
AOM_000614,Soybean Residue,feed-material-descendant;crop-forage-navigation,AOM_001916,Crop Byproduct,4,,,AOM_100852,Soybean by-products,1,1,affected-descendant-inventory;source-navigation-impact-review
AOM_000615,Legume ByProducts,feed-material-descendant;crop-forage-navigation,AOM_001916,Crop Byproduct,2,,,AOM_001916,Crop Byproduct,15,84,affected-descendant-inventory;source-navigation-impact-review
AOM_000616,Canola Cake,feed-material-descendant;crop-forage-navigation,AOM_001916,Crop Byproduct,4,,,AOM_100892,Canola by-products,0,0,affected-descendant-inventory;source-navigation-impact-review
AOM_000617,Cocoa Bean Shell,feed-material-descendant;crop-forage-navigation,AOM_001916,Crop Byproduct,3,,,AOM_100876,Cocoa by-products,1,1,affected-descendant-inventory;source-navigation-impact-review
AOM_000620,Cotton Seed Cake,feed-material-descendant;crop-forage-navigation,AOM_001916,Crop Byproduct,5,,,AOM_003973,Cotton Seed,0,0,affected-descendant-inventory;source-navigation-impact-review
AOM_000625,Palm Kernel Ground,feed-material-descendant;crop-forage-navigation,AOM_001916,Crop Byproduct,4,,,AOM_100901,Palm kernel by-products,0,0,affected-descendant-inventory;source-navigation-impact-review
AOM_000628,Oil Plant ByProducts,feed-material-descendant;crop-forage-navigation,AOM_001916,Crop Byproduct,2,,,AOM_001916,Crop Byproduct,17,82,affected-descendant-inventory;source-navigation-impact-review
AOM_000632,Hops,feed-material-descendant;crop-forage-navigation,AOM_001916,Crop Byproduct,3,,,AOM_100906,Other plant by-products,0,0,affected-descendant-inventory;source-navigation-impact-review
AOM_000633,Beet Pulp Dried,feed-material-descendant;crop-forage-navigation,AOM_001916,Crop Byproduct,5,,,AOM_001836,Beet Pulp,0,0,affected-descendant-inventory;source-navigation-impact-review
AOM_000634,Cassava Bran,feed-material-descendant;crop-forage-navigation,AOM_001916,Crop Byproduct,4,,,AOM_100910,Cassava by-products,0,0,affected-descendant-inventory;source-navigation-impact-review
AOM_000635,Cassava Leaves,feed-material-descendant;crop-forage-navigation,AOM_001916,Crop Byproduct,4,,,AOM_100910,Cassava by-products,3,3,affected-descendant-inventory;source-navigation-impact-review
AOM_000638,Cassava Shaft,feed-material-descendant;crop-forage-navigation,AOM_001916,Crop Byproduct,4,,,AOM_100910,Cassava by-products,1,1,affected-descendant-inventory;source-navigation-impact-review
AOM_000639,Concentrate Cassava Bran Fish Waste,feed-material-descendant;crop-forage-navigation,AOM_001916,Crop Byproduct,3,,,AOM_000641,Roots and Tuber ByProducts,0,0,affected-descendant-inventory;source-navigation-impact-review
AOM_000640,Yam Peels,feed-material-descendant;crop-forage-navigation,AOM_001916,Crop Byproduct,4,,,AOM_100914,Yam by-products,2,2,affected-descendant-inventory;source-navigation-impact-review
AOM_000641,Roots and Tuber ByProducts,feed-material-descendant;crop-forage-navigation,AOM_001916,Crop Byproduct,2,,,AOM_001916,Crop Byproduct,8,62,affected-descendant-inventory;source-navigation-impact-review
AOM_000642,Sugarcane Molasses,feed-material-descendant;crop-forage-navigation,AOM_001916,Crop Byproduct,4,,,AOM_100916,Sugarcane by-products,0,0,affected-descendant-inventory;source-navigation-impact-review
AOM_000644,Sugar Processing ByProducts,feed-material-descendant;crop-forage-navigation,AOM_001916,Crop Byproduct,2,,,AOM_001916,Crop Byproduct,3,19,affected-descendant-inventory;source-navigation-impact-review
AOM_000647,Barley Grain Crushed,feed-material-descendant;crop-forage-navigation,AOM_100921,Crop product,5,,,AOM_006033,Barley Grain,0,0,affected-descendant-inventory;source-navigation-impact-review
AOM_000648,Maize,feed-material-descendant;crop-forage-navigation,AOM_100921,Crop product,3,,,AOM_000662,Cereal Products,10,15,affected-descendant-inventory;source-navigation-impact-review
AOM_000649,Maize Grain,feed-material-descendant;crop-forage-navigation,AOM_100921,Crop product,4,,,AOM_000648,Maize,4,4,affected-descendant-inventory;source-navigation-impact-review
AOM_000651,Maize Oil,feed-material-descendant;crop-forage-navigation,AOM_100921,Crop product,4,,,AOM_000648,Maize,0,0,affected-descendant-inventory;source-navigation-impact-review
AOM_000654,Millet,feed-material-descendant;crop-forage-navigation,AOM_100921,Crop product,3,,,AOM_000662,Cereal Products,0,0,affected-descendant-inventory;source-navigation-impact-review
AOM_000655,Rice Grain,feed-material-descendant;crop-forage-navigation,AOM_100921,Crop product,4,,,AOM_100927,Rice products,1,1,affected-descendant-inventory;source-navigation-impact-review
AOM_000656,Ground whole-grain rice,feed-material-descendant;crop-forage-navigation,AOM_100921,Crop product,4,,,AOM_100927,Rice products,0,0,affected-descendant-inventory;source-navigation-impact-review
AOM_000657,Sorghum Grain,feed-material-descendant;crop-forage-navigation,AOM_100921,Crop product,4,,,AOM_001316,Sorghum,0,0,affected-descendant-inventory;source-navigation-impact-review
AOM_000660,Ground whole-grain wheat,feed-material-descendant;crop-forage-navigation,AOM_100921,Crop product,4,,,AOM_001319,Wheat,0,0,affected-descendant-inventory;source-navigation-impact-review
AOM_000662,Cereal Products,feed-material-descendant;crop-forage-navigation,AOM_100921,Crop product,2,,,AOM_100921,Crop product,9,44,affected-descendant-inventory;source-navigation-impact-review
AOM_000663,Jackfruit,feed-material-descendant;crop-forage-navigation,AOM_100921,Crop product,3,,,AOM_000665,Fruit Product,0,0,affected-descendant-inventory;source-navigation-impact-review
AOM_000664,Ripe Avocado,feed-material-descendant;crop-forage-navigation,AOM_100921,Crop product,4,,,AOM_001201,Avocado,0,0,affected-descendant-inventory;source-navigation-impact-review
AOM_000665,Fruit Product,feed-material-descendant;crop-forage-navigation,AOM_100921,Crop product,2,,,AOM_100921,Crop product,8,16,affected-descendant-inventory;source-navigation-impact-review
AOM_000667,Legume Products,feed-material-descendant;crop-forage-navigation,AOM_100921,Crop product,2,,,AOM_100921,Crop product,11,41,affected-descendant-inventory;source-navigation-impact-review
AOM_000668,Soybean Ground Roasted,feed-material-descendant;crop-forage-navigation,AOM_100921,Crop product,4,,,AOM_001582,Soybean,0,0,affected-descendant-inventory;source-navigation-impact-review
AOM_000670,Soybean Roasted,feed-material-descendant;crop-forage-navigation,AOM_100921,Crop product,4,,,AOM_001582,Soybean,0,0,affected-descendant-inventory;source-navigation-impact-review
AOM_000671,Palm Oil,feed-material-descendant;crop-forage-navigation,AOM_100921,Crop product,4,,,AOM_100934,Palm products,0,0,affected-descendant-inventory;source-navigation-impact-review
AOM_000672,Palm Oil Crude,feed-material-descendant;crop-forage-navigation,AOM_100921,Crop product,4,,,AOM_100934,Palm products,1,1,affected-descendant-inventory;source-navigation-impact-review
AOM_000673,Sunflower,feed-material-descendant;crop-forage-navigation,AOM_100921,Crop product,3,,,AOM_000677,Oil Plant Products,2,3,affected-descendant-inventory;source-navigation-impact-review
AOM_000674,Sunflower Oil,feed-material-descendant;crop-forage-navigation,AOM_100921,Crop product,4,,,AOM_000673,Sunflower,0,0,affected-descendant-inventory;source-navigation-impact-review
AOM_000675,Sunflower Seed Ground,feed-material-descendant;crop-forage-navigation,AOM_100921,Crop product,5,,,AOM_002208,Sunflower Seed,0,0,affected-descendant-inventory;source-navigation-impact-review
AOM_000676,Vegetable Oil,feed-material-descendant;crop-forage-navigation,AOM_100921,Crop product,3,,,AOM_000677,Oil Plant Products,0,0,affected-descendant-inventory;source-navigation-impact-review
AOM_000677,Oil Plant Products,feed-material-descendant;crop-forage-navigation,AOM_100921,Crop product,2,,,AOM_100921,Crop product,10,21,affected-descendant-inventory;source-navigation-impact-review
AOM_000678,Cassava Starch,feed-material-descendant;crop-forage-navigation,AOM_100921,Crop product,4,,,AOM_100936,Cassava products,0,0,affected-descendant-inventory;source-navigation-impact-review
AOM_000679,Cassava Tuber,feed-material-descendant;crop-forage-navigation,AOM_100921,Crop product,4,,,AOM_100936,Cassava products,3,3,affected-descendant-inventory;source-navigation-impact-review
AOM_000680,Sweet Potato,feed-material-descendant;crop-forage-navigation,AOM_100921,Crop product,3,,,AOM_000681,Roots and Tuber Products,1,1,affected-descendant-inventory;source-navigation-impact-review
AOM_000681,Roots and Tuber Products,feed-material-descendant;crop-forage-navigation,AOM_100921,Crop product,2,,,AOM_100921,Crop product,5,15,affected-descendant-inventory;source-navigation-impact-review
AOM_000682,Water Hyacinth,feed-material-descendant;crop-forage-navigation,AOM_000735,Forage Plants,3,,,AOM_000683,Aquatic Plants,5,5,affected-descendant-inventory;source-navigation-impact-review
AOM_000683,Aquatic Plants,feed-material-descendant;crop-forage-navigation,AOM_000735,Forage Plants,2,,,AOM_000735,Forage Plants,9,23,affected-descendant-inventory;source-navigation-impact-review
AOM_000686,Cenchrus ciliaris,feed-material-descendant;crop-forage-navigation,AOM_000735,Forage Plants,3,,,AOM_000701,Cereal and Grass Forages,1,1,affected-descendant-inventory;source-navigation-impact-review
AOM_000687,Desho Grass Hay,feed-material-descendant;crop-forage-navigation,AOM_000735,Forage Plants,3,,,AOM_000701,Cereal and Grass Forages,0,0,affected-descendant-inventory;source-navigation-impact-review
AOM_000688,Digitaria Dried,feed-material-descendant;crop-forage-navigation,AOM_000735,Forage Plants,4,,,AOM_003916,Digitaria,0,0,affected-descendant-inventory;source-navigation-impact-review
AOM_000689,Pennisetum purpureum,feed-material-descendant;crop-forage-navigation,AOM_000735,Forage Plants,3,,,AOM_000701,Cereal and Grass Forages,5,5,affected-descendant-inventory;source-navigation-impact-review
AOM_000692,Grass Dried Ground,feed-material-descendant;crop-forage-navigation,AOM_000735,Forage Plants,4,,,AOM_001809,Grass Dried,0,0,affected-descendant-inventory;source-navigation-impact-review
AOM_000693,Grass Local,feed-material-descendant;crop-forage-navigation,AOM_000735,Forage Plants,3,,,AOM_000701,Cereal and Grass Forages,0,0,affected-descendant-inventory;source-navigation-impact-review
AOM_000695,Luscious Pasture,feed-material-descendant;crop-forage-navigation,AOM_000735,Forage Plants,3,,,AOM_000701,Cereal and Grass Forages,0,0,affected-descendant-inventory;source-navigation-impact-review
AOM_000697,Natural Pasture,feed-material-descendant;crop-forage-navigation,AOM_000735,Forage Plants,4,,,AOM_001789,Pasture,1,1,affected-descendant-inventory;source-navigation-impact-review
AOM_000698,Natural Pasture Dried,feed-material-descendant;crop-forage-navigation,AOM_000735,Forage Plants,5,,,AOM_000697,Natural Pasture,0,0,affected-descendant-inventory;source-navigation-impact-review
AOM_000700,Unspecified Grazing,feed-material-descendant;crop-forage-navigation,AOM_000735,Forage Plants,3,,,AOM_000701,Cereal and Grass Forages,0,0,affected-descendant-inventory;source-navigation-impact-review
AOM_000701,Cereal and Grass Forages,feed-material-descendant;crop-forage-navigation,AOM_000735,Forage Plants,2,,,AOM_000735,Forage Plants,103,177,affected-descendant-inventory;source-navigation-impact-review
AOM_000703,Acacia angustissima,feed-material-descendant;crop-forage-navigation,AOM_000735,Forage Plants,3,,,AOM_000718,Forage Trees,2,3,affected-descendant-inventory;source-navigation-impact-review
AOM_000704,Acacia nilotica,feed-material-descendant;crop-forage-navigation,AOM_000735,Forage Plants,3,,,AOM_000718,Forage Trees,2,5,affected-descendant-inventory;source-navigation-impact-review
AOM_000705,Acacia sieberiana,feed-material-descendant;crop-forage-navigation,AOM_000735,Forage Plants,3,,,AOM_000718,Forage Trees,2,4,affected-descendant-inventory;source-navigation-impact-review
AOM_000706,Acacia tortilis,feed-material-descendant;crop-forage-navigation,AOM_000735,Forage Plants,3,,,AOM_000718,Forage Trees,3,8,affected-descendant-inventory;source-navigation-impact-review
AOM_000708,Ficus thonningii Leaves Dried,feed-material-descendant;crop-forage-navigation,AOM_000735,Forage Plants,5,,,AOM_001148,Ficus thonningii Leaves,0,0,affected-descendant-inventory;source-navigation-impact-review
AOM_000709,Gmelina arborea Leaves Ground,feed-material-descendant;crop-forage-navigation,AOM_000735,Forage Plants,5,,,AOM_003083,Gmelina arborea Leaves,0,0,affected-descendant-inventory;source-navigation-impact-review
AOM_000710,Leucaena leucocephala,feed-material-descendant;crop-forage-navigation,AOM_000735,Forage Plants,3,,,AOM_000718,Forage Trees,4,9,affected-descendant-inventory;source-navigation-impact-review
AOM_000711,Moringa oleifera Leaves Ground,feed-material-descendant;crop-forage-navigation,AOM_000735,Forage Plants,5,,,AOM_003903,Moringa oleifera Leaves,0,0,affected-descendant-inventory;source-navigation-impact-review
AOM_000712,Prosopis juliflora,feed-material-descendant;crop-forage-navigation,AOM_000735,Forage Plants,3,,,AOM_000718,Forage Trees,3,6,affected-descendant-inventory;source-navigation-impact-review
AOM_000713,Prosopis juliflora Pods,feed-material-descendant;crop-forage-navigation,AOM_000735,Forage Plants,4,,,AOM_000712,Prosopis juliflora,3,3,affected-descendant-inventory;source-navigation-impact-review
AOM_000714,Prosopis juliflora Dried Ground,feed-material-descendant;crop-forage-navigation,AOM_000735,Forage Plants,4,,,AOM_000712,Prosopis juliflora,0,0,affected-descendant-inventory;source-navigation-impact-review
AOM_000716,Tithonia diversifolia,feed-material-descendant;crop-forage-navigation,AOM_000735,Forage Plants,3,,,AOM_000718,Forage Trees,2,2,affected-descendant-inventory;source-navigation-impact-review
AOM_000718,Forage Trees,feed-material-descendant;crop-forage-navigation,AOM_000735,Forage Plants,2,,,AOM_000735,Forage Plants,112,389,affected-descendant-inventory;source-navigation-impact-review
AOM_000719,Alfalfa,feed-material-descendant;crop-forage-navigation,AOM_000735,Forage Plants,3,,,AOM_000726,Legume Forages,4,5,affected-descendant-inventory;source-navigation-impact-review
AOM_000725,Vicia Dried,feed-material-descendant;crop-forage-navigation,AOM_000735,Forage Plants,4,,,AOM_001242,Vicia,0,0,affected-descendant-inventory;source-navigation-impact-review
AOM_000726,Legume Forages,feed-material-descendant;crop-forage-navigation,AOM_000735,Forage Plants,2,,,AOM_000735,Forage Plants,36,100,affected-descendant-inventory;source-navigation-impact-review
AOM_000730,Olive Leaves,feed-material-descendant;crop-forage-navigation,AOM_000735,Forage Plants,4,,,AOM_100962,Olive forage materials,1,1,affected-descendant-inventory;source-navigation-impact-review
AOM_000733,Siam Weed Leaves Ground,feed-material-descendant;crop-forage-navigation,AOM_000735,Forage Plants,3,,,AOM_000734,Other Forage Plants,0,0,affected-descendant-inventory;source-navigation-impact-review
AOM_000734,Other Forage Plants,feed-material-descendant;crop-forage-navigation,AOM_000735,Forage Plants,2,,,AOM_000735,Forage Plants,43,74,affected-descendant-inventory;source-navigation-impact-review
AOM_000735,Forage Plants,feed-material-descendant;direct-feed-material-child;crop-forage-navigation;reported-concept,AOM_000735,Forage Plants,1,,,AOM_100850,Feed materials,5,768,affected-descendant-inventory;row-level-disposition;source-navigation-impact-review
AOM_000737,Amino Acid,feed-additive-branch,,,,2,,AOM_101136,Nutritional feed additives,6,6,authority-boundary-comparison
AOM_000738,Threonine,feed-additive-branch,,,,3,,AOM_000737,Amino Acid,0,0,authority-boundary-comparison
AOM_000739,Lysine,feed-additive-branch,,,,3,,AOM_000737,Amino Acid,0,0,authority-boundary-comparison
AOM_000740,Lysine - HCl,feed-additive-branch,,,,3,,AOM_000737,Amino Acid,0,0,authority-boundary-comparison
AOM_000746,Chromium Oxide,chemical-identity-branch,,,,,1,AOM_101147,Feed chemical substances,1,1,identity-product-boundary-review
AOM_000748,Asperozym (Fibrolytic Enzymes),feed-additive-branch,,,,3,,AOM_000751,Enzyme,0,0,authority-boundary-comparison
AOM_000749,Axtra Phy Broiler,feed-additive-branch,,,,3,,AOM_000751,Enzyme,0,0,authority-boundary-comparison
AOM_000750,Phytase,feed-additive-branch,,,,3,,AOM_000751,Enzyme,1,1,authority-boundary-comparison
AOM_000751,Enzyme,feed-additive-branch,,,,2,,AOM_101137,Zootechnical feed additives,6,7,authority-boundary-comparison
AOM_000753,Bicarbonate of Soda,feed-material-descendant,AOM_101139,Mineral feed materials,2,,,AOM_101139,Mineral feed materials,0,0,affected-descendant-inventory
AOM_000755,Chalk,feed-material-descendant,AOM_101139,Mineral feed materials,2,,,AOM_101139,Mineral feed materials,0,0,affected-descendant-inventory
AOM_000757,Dicalcium Phosphate,feed-material-descendant,AOM_101139,Mineral feed materials,2,,,AOM_101139,Mineral feed materials,0,0,affected-descendant-inventory
AOM_000758,Iodated Salt,feed-material-descendant,AOM_101139,Mineral feed materials,2,,,AOM_101139,Mineral feed materials,0,0,affected-descendant-inventory
AOM_000760,Lime,feed-material-descendant,AOM_101139,Mineral feed materials,2,,,AOM_101139,Mineral feed materials,0,0,affected-descendant-inventory
AOM_000768,Monocalcium Phosphate,feed-material-descendant,AOM_101139,Mineral feed materials,2,,,AOM_101139,Mineral feed materials,0,0,affected-descendant-inventory
AOM_000772,Salt,feed-material-descendant,AOM_101139,Mineral feed materials,2,,,AOM_101139,Mineral feed materials,0,0,affected-descendant-inventory
AOM_000777,Tricalcium Phosphate,feed-material-descendant,AOM_101139,Mineral feed materials,2,,,AOM_101139,Mineral feed materials,0,0,affected-descendant-inventory
AOM_000793,Vitamin,feed-additive-branch,,,,2,,AOM_101136,Nutritional feed additives,1,1,authority-boundary-comparison
AOM_000807,Prebiotic,feed-additive-branch,,,,2,,AOM_101137,Zootechnical feed additives,1,1,authority-boundary-comparison
AOM_000808,Fumaric Acid,chemical-identity-branch,,,,,2,AOM_006389,Organic Acid,0,0,identity-product-boundary-review
AOM_000809,Essential Fatty Acid,chemical-identity-branch,,,,,1,AOM_101147,Feed chemical substances,0,0,identity-product-boundary-review
AOM_001068,Pseudovitamin,chemical-identity-branch,,,,,1,AOM_101147,Feed chemical substances,1,1,identity-product-boundary-review
AOM_001069,Inositol,chemical-identity-branch,,,,,2,AOM_001068,Pseudovitamin,0,0,identity-product-boundary-review
AOM_001091,Anti-mycotoxin,feed-additive-branch,,,,2,,AOM_101138,Technological feed additives,0,0,authority-boundary-comparison
AOM_001094,Chicken Manure Dried,feed-material-descendant,AOM_000561,Animal Manures,3,,,AOM_006008,Chicken Manure,0,0,affected-descendant-inventory
AOM_001095,Cattle Manure,feed-material-descendant,AOM_000561,Animal Manures,2,,,AOM_000561,Animal Manures,0,0,affected-descendant-inventory
AOM_001096,Chicken Ground,feed-material-descendant,AOM_000559,Animal,3,,,AOM_100983,Chicken feed materials,0,0,affected-descendant-inventory
AOM_001097,Pig Manure,feed-material-descendant,AOM_000561,Animal Manures,2,,,AOM_000561,Animal Manures,0,0,affected-descendant-inventory
AOM_001098,Fish Boiled Ground,feed-material-descendant,AOM_000559,Animal,3,,,AOM_000549,Fish,0,0,affected-descendant-inventory
AOM_001099,Feather Ground,feed-material-descendant,AOM_100976,Animal by-products,3,,,AOM_100984,Feather by-products,0,0,affected-descendant-inventory
AOM_001100,Fish Ground Roasted,feed-material-descendant,AOM_000559,Animal,3,,,AOM_000549,Fish,0,0,affected-descendant-inventory
AOM_001101,Fish Dried Ground,feed-material-descendant,AOM_000559,Animal,3,,,AOM_000549,Fish,0,0,affected-descendant-inventory
AOM_001103,Fish Dried,feed-material-descendant,AOM_000559,Animal,3,,,AOM_000549,Fish,0,0,affected-descendant-inventory
AOM_001104,Fish Processing Waste Dried,feed-material-descendant,AOM_100976,Animal by-products,4,,,AOM_000545,Fish Processing Waste,0,0,affected-descendant-inventory
AOM_001105,Lake Shells,feed-material-descendant,AOM_100976,Animal by-products,3,,,AOM_000558,Shell,0,0,affected-descendant-inventory
AOM_001106,Meat and Bone,feed-material-descendant,AOM_100976,Animal by-products,2,,,AOM_100976,Animal by-products,1,1,affected-descendant-inventory
AOM_001107,Meat and Bone Ground,feed-material-descendant,AOM_100976,Animal by-products,3,,,AOM_001106,Meat and Bone,0,0,affected-descendant-inventory
AOM_001108,Oryctes rhinoceros Ground,feed-material-descendant,AOM_000559,Animal,4,,,AOM_100982,Oryctes rhinoceros feed materials,0,0,affected-descendant-inventory
AOM_001109,Poultry Litter Dried,feed-material-descendant,AOM_000561,Animal Manures,3,,,AOM_001146,Poultry Litter,0,0,affected-descendant-inventory
AOM_001110,Rastrineobola argentea,feed-material-descendant,AOM_000559,Animal,3,,,AOM_000549,Fish,0,0,affected-descendant-inventory
AOM_001111,Termite Ground,feed-material-descendant,AOM_000559,Animal,4,,,AOM_002248,Termite,0,0,affected-descendant-inventory
AOM_001112,Shrimp Ground,feed-material-descendant,AOM_000559,Animal,4,,,AOM_100977,Shrimp feed materials,0,0,affected-descendant-inventory
AOM_001113,Giant Snail Ground,feed-material-descendant,AOM_000559,Animal,4,,,AOM_001936,Giant Snail,0,0,affected-descendant-inventory
AOM_001114,Mollusk,feed-material-descendant,AOM_000559,Animal,2,,,AOM_000559,Animal,1,3,affected-descendant-inventory
AOM_001115,Trout,feed-material-descendant,AOM_000559,Animal,3,,,AOM_000549,Fish,2,3,affected-descendant-inventory
AOM_001116,Tuna Waste Ground,feed-material-descendant,AOM_000559,Animal,4,,,AOM_002246,Tuna,0,0,affected-descendant-inventory
AOM_001117,Blue Lupin Dried,feed-material-descendant;crop-forage-navigation,AOM_100921,Crop product,4,,,AOM_100930,Blue lupin products,0,0,affected-descendant-inventory;source-navigation-impact-review
AOM_001118,Acacia cyanophylla,feed-material-descendant;crop-forage-navigation,AOM_000735,Forage Plants,3,,,AOM_000718,Forage Trees,0,0,affected-descendant-inventory;source-navigation-impact-review
AOM_001119,Acacia saligna,feed-material-descendant;crop-forage-navigation,AOM_000735,Forage Plants,3,,,AOM_000718,Forage Trees,2,3,affected-descendant-inventory;source-navigation-impact-review
AOM_001120,Acacia saligna Leaves and Soft Twig,feed-material-descendant;crop-forage-navigation,AOM_000735,Forage Plants,4,,,AOM_001119,Acacia saligna,1,1,affected-descendant-inventory;source-navigation-impact-review
AOM_001121,Acacia senegal,feed-material-descendant;crop-forage-navigation,AOM_000735,Forage Plants,3,,,AOM_000718,Forage Trees,2,5,affected-descendant-inventory;source-navigation-impact-review
AOM_001122,Acacia senegal Pods,feed-material-descendant;crop-forage-navigation,AOM_000735,Forage Plants,4,,,AOM_001121,Acacia senegal,1,1,affected-descendant-inventory;source-navigation-impact-review
AOM_001123,Acacia senegal Leaves,feed-material-descendant;crop-forage-navigation,AOM_000735,Forage Plants,4,,,AOM_001121,Acacia senegal,2,2,affected-descendant-inventory;source-navigation-impact-review
AOM_001125,Acacia tortilis Leaves,feed-material-descendant;crop-forage-navigation,AOM_000735,Forage Plants,4,,,AOM_000706,Acacia tortilis,2,2,affected-descendant-inventory;source-navigation-impact-review
AOM_001126,Afzelia africana,feed-material-descendant;crop-forage-navigation,AOM_000735,Forage Plants,3,,,AOM_000718,Forage Trees,3,4,affected-descendant-inventory;source-navigation-impact-review
AOM_001127,Afzelia africana Leaves Wilted,feed-material-descendant;crop-forage-navigation,AOM_000735,Forage Plants,5,,,AOM_001699,Afzelia africana Leaves,0,0,affected-descendant-inventory;source-navigation-impact-review
AOM_001128,Annona senegalensis,feed-material-descendant;crop-forage-navigation,AOM_000735,Forage Plants,3,,,AOM_000718,Forage Trees,2,3,affected-descendant-inventory;source-navigation-impact-review
AOM_001129,Annona senegalensis Leaves,feed-material-descendant;crop-forage-navigation,AOM_000735,Forage Plants,4,,,AOM_001128,Annona senegalensis,1,1,affected-descendant-inventory;source-navigation-impact-review
AOM_001131,Azadirachta indica,feed-material-descendant;crop-forage-navigation,AOM_000735,Forage Plants,3,,,AOM_000718,Forage Trees,1,3,affected-descendant-inventory;source-navigation-impact-review
AOM_001132,Azadirachta indica Leaves,feed-material-descendant;crop-forage-navigation,AOM_000735,Forage Plants,4,,,AOM_001131,Azadirachta indica,2,2,affected-descendant-inventory;source-navigation-impact-review
AOM_001133,Calliandra calothyrsus,feed-material-descendant;crop-forage-navigation,AOM_000735,Forage Plants,3,,,AOM_000718,Forage Trees,1,4,affected-descendant-inventory;source-navigation-impact-review
AOM_001134,Calliandra calothyrsus Leaves,feed-material-descendant;crop-forage-navigation,AOM_000735,Forage Plants,4,,,AOM_001133,Calliandra calothyrsus,3,3,affected-descendant-inventory;source-navigation-impact-review
AOM_001135,Calycotome villosa,feed-material-descendant;crop-forage-navigation,AOM_000735,Forage Plants,3,,,AOM_000718,Forage Trees,0,0,affected-descendant-inventory;source-navigation-impact-review
AOM_001136,Carissa edulis,feed-material-descendant;crop-forage-navigation,AOM_000735,Forage Plants,3,,,AOM_000718,Forage Trees,0,0,affected-descendant-inventory;source-navigation-impact-review
AOM_001137,Chamaecytisus palmensis,feed-material-descendant;crop-forage-navigation,AOM_000735,Forage Plants,3,,,AOM_000718,Forage Trees,2,3,affected-descendant-inventory;source-navigation-impact-review
AOM_001138,Combretum apiculatum,feed-material-descendant;crop-forage-navigation,AOM_000735,Forage Plants,3,,,AOM_000718,Forage Trees,0,0,affected-descendant-inventory;source-navigation-impact-review
AOM_001139,Daniellia oliveri,feed-material-descendant;crop-forage-navigation,AOM_000735,Forage Plants,3,,,AOM_000718,Forage Trees,1,3,affected-descendant-inventory;source-navigation-impact-review
AOM_001140,Daniellia oliveri Leaves,feed-material-descendant;crop-forage-navigation,AOM_000735,Forage Plants,4,,,AOM_001139,Daniellia oliveri,2,2,affected-descendant-inventory;source-navigation-impact-review
AOM_001141,Dichrostachys cinerea,feed-material-descendant;crop-forage-navigation,AOM_000735,Forage Plants,3,,,AOM_000718,Forage Trees,2,3,affected-descendant-inventory;source-navigation-impact-review
AOM_001142,Erythrina brucei,feed-material-descendant;crop-forage-navigation,AOM_000735,Forage Plants,3,,,AOM_000718,Forage Trees,1,2,affected-descendant-inventory;source-navigation-impact-review
AOM_001143,Erythrina brucei Leaves,feed-material-descendant;crop-forage-navigation,AOM_000735,Forage Plants,4,,,AOM_001142,Erythrina brucei,1,1,affected-descendant-inventory;source-navigation-impact-review
AOM_001144,Euclea schimperi,feed-material-descendant;crop-forage-navigation,AOM_000735,Forage Plants,3,,,AOM_000718,Forage Trees,0,0,affected-descendant-inventory;source-navigation-impact-review
AOM_001145,Faidherbia albida,feed-material-descendant;crop-forage-navigation,AOM_000735,Forage Plants,3,,,AOM_000718,Forage Trees,2,4,affected-descendant-inventory;source-navigation-impact-review
AOM_001146,Poultry Litter,feed-material-descendant,AOM_000561,Animal Manures,2,,,AOM_000561,Animal Manures,5,5,affected-descendant-inventory
AOM_001147,Ficus thonningii,feed-material-descendant;crop-forage-navigation,AOM_000735,Forage Plants,3,,,AOM_000718,Forage Trees,1,3,affected-descendant-inventory;source-navigation-impact-review
AOM_001148,Ficus thonningii Leaves,feed-material-descendant;crop-forage-navigation,AOM_000735,Forage Plants,4,,,AOM_001147,Ficus thonningii,2,2,affected-descendant-inventory;source-navigation-impact-review
AOM_001149,Gliricidia sepium,feed-material-descendant;crop-forage-navigation,AOM_000735,Forage Plants,3,,,AOM_000718,Forage Trees,1,1,affected-descendant-inventory;source-navigation-impact-review
AOM_001150,Gliricidia sepium Leaves and Soft Twig,feed-material-descendant;crop-forage-navigation,AOM_000735,Forage Plants,4,,,AOM_001149,Gliricidia sepium,0,0,affected-descendant-inventory;source-navigation-impact-review
AOM_001151,Gmelina arborea,feed-material-descendant;crop-forage-navigation,AOM_000735,Forage Plants,3,,,AOM_000718,Forage Trees,2,5,affected-descendant-inventory;source-navigation-impact-review
AOM_001152,Moringa oleifera,feed-material-descendant;crop-forage-navigation,AOM_000735,Forage Plants,3,,,AOM_000718,Forage Trees,9,15,affected-descendant-inventory;source-navigation-impact-review
AOM_001153,Hoodia gordonii,feed-material-descendant;crop-forage-navigation,AOM_000735,Forage Plants,3,,,AOM_000718,Forage Trees,0,0,affected-descendant-inventory;source-navigation-impact-review
AOM_001154,Jatropha curcas Kernel,feed-material-descendant;crop-forage-navigation,AOM_000735,Forage Plants,4,,,AOM_100957,Jatropha curcas forage materials,2,2,affected-descendant-inventory;source-navigation-impact-review
AOM_001155,Jatropha curcas Kernel Ground,feed-material-descendant;crop-forage-navigation,AOM_000735,Forage Plants,5,,,AOM_001154,Jatropha curcas Kernel,0,0,affected-descendant-inventory;source-navigation-impact-review
AOM_001156,Jatropha curcas Seed,feed-material-descendant;crop-forage-navigation,AOM_000735,Forage Plants,4,,,AOM_100957,Jatropha curcas forage materials,2,2,affected-descendant-inventory;source-navigation-impact-review
AOM_001157,Jatropha curcas Seed Ground,feed-material-descendant;crop-forage-navigation,AOM_000735,Forage Plants,5,,,AOM_001156,Jatropha curcas Seed,0,0,affected-descendant-inventory;source-navigation-impact-review
AOM_001158,Khaya senegalensis Dried,feed-material-descendant;crop-forage-navigation,AOM_000735,Forage Plants,4,,,AOM_001810,Khaya senegalensis,0,0,affected-descendant-inventory;source-navigation-impact-review
AOM_001164,Mucuna pruriens Seed,feed-material-descendant;crop-forage-navigation,AOM_000735,Forage Plants,4,,,AOM_001227,Mucuna pruriens,6,6,affected-descendant-inventory;source-navigation-impact-review
AOM_001166,Opuntia ficus indica,feed-material-descendant;crop-forage-navigation,AOM_000735,Forage Plants,3,,,AOM_000718,Forage Trees,6,13,affected-descendant-inventory;source-navigation-impact-review
AOM_001167,Opuntia ficus indica Juice,feed-material-descendant;crop-forage-navigation,AOM_000735,Forage Plants,4,,,AOM_001166,Opuntia ficus indica,0,0,affected-descendant-inventory;source-navigation-impact-review
AOM_001168,Opuntia ficus indica Ground,feed-material-descendant;crop-forage-navigation,AOM_000735,Forage Plants,4,,,AOM_001166,Opuntia ficus indica,0,0,affected-descendant-inventory;source-navigation-impact-review
AOM_001169,Pithecellobium dulce,feed-material-descendant;crop-forage-navigation,AOM_000735,Forage Plants,3,,,AOM_000718,Forage Trees,1,2,affected-descendant-inventory;source-navigation-impact-review
AOM_001170,Pithecellobium dulce Leaves,feed-material-descendant;crop-forage-navigation,AOM_000735,Forage Plants,4,,,AOM_001169,Pithecellobium dulce,1,1,affected-descendant-inventory;source-navigation-impact-review
AOM_001171,Prosopis africana,feed-material-descendant;crop-forage-navigation,AOM_000735,Forage Plants,3,,,AOM_000718,Forage Trees,1,2,affected-descendant-inventory;source-navigation-impact-review
AOM_001174,Sesbania goetzei,feed-material-descendant;crop-forage-navigation,AOM_000735,Forage Plants,3,,,AOM_000718,Forage Trees,2,2,affected-descendant-inventory;source-navigation-impact-review
AOM_001175,Unspecified Indigenous Trees,feed-material-descendant;crop-forage-navigation,AOM_000735,Forage Plants,3,,,AOM_000718,Forage Trees,0,0,affected-descendant-inventory;source-navigation-impact-review
AOM_001176,Banana Peel,feed-material-descendant;crop-forage-navigation,AOM_001916,Crop Byproduct,3,,,AOM_100879,Banana by-products,0,0,affected-descendant-inventory;source-navigation-impact-review
AOM_001177,Banana Pseudo-stem,feed-material-descendant;crop-forage-navigation,AOM_001916,Crop Byproduct,3,,,AOM_100879,Banana by-products,0,0,affected-descendant-inventory;source-navigation-impact-review
AOM_001178,Barley Dried,feed-material-descendant;crop-forage-navigation,AOM_001916,Crop Byproduct,4,,,AOM_100856,Barley by-products,0,0,affected-descendant-inventory;source-navigation-impact-review
AOM_001179,Common Bean Straw,feed-material-descendant;crop-forage-navigation,AOM_001916,Crop Byproduct,4,,,AOM_100866,Common bean by-products,0,0,affected-descendant-inventory;source-navigation-impact-review
AOM_001180,Common Bean Tops,feed-material-descendant;crop-forage-navigation,AOM_001916,Crop Byproduct,4,,,AOM_100866,Common bean by-products,0,0,affected-descendant-inventory;source-navigation-impact-review
AOM_001181,Chickpea Haulm,feed-material-descendant;crop-forage-navigation,AOM_001916,Crop Byproduct,4,,,AOM_100865,Chickpea by-products,0,0,affected-descendant-inventory;source-navigation-impact-review
AOM_001183,Cocoa Pods Husk,feed-material-descendant;crop-forage-navigation,AOM_001916,Crop Byproduct,3,,,AOM_100876,Cocoa by-products,3,3,affected-descendant-inventory;source-navigation-impact-review
AOM_001184,Cocoa Pods Husk Ground,feed-material-descendant;crop-forage-navigation,AOM_001916,Crop Byproduct,4,,,AOM_001183,Cocoa Pods Husk,0,0,affected-descendant-inventory;source-navigation-impact-review
AOM_001185,Linseed,feed-material-descendant;crop-forage-navigation,AOM_100921,Crop product,3,,,AOM_000677,Oil Plant Products,0,0,affected-descendant-inventory;source-navigation-impact-review
AOM_001186,Coffee Leaves,feed-material-descendant;crop-forage-navigation,AOM_001916,Crop Byproduct,3,,,AOM_100877,Coffee by-products,1,1,affected-descendant-inventory;source-navigation-impact-review
AOM_001187,Cotton Seed Hull,feed-material-descendant;crop-forage-navigation,AOM_001916,Crop Byproduct,5,,,AOM_003973,Cotton Seed,0,0,affected-descendant-inventory;source-navigation-impact-review
AOM_001189,Cowpea Vine,feed-material-descendant;crop-forage-navigation,AOM_001916,Crop Byproduct,4,,,AOM_100867,Cowpea by-products,0,0,affected-descendant-inventory;source-navigation-impact-review
AOM_001190,Noug,feed-material-descendant;crop-forage-navigation,AOM_001916,Crop Byproduct,3,,,AOM_000628,Oil Plant ByProducts,5,5,affected-descendant-inventory;source-navigation-impact-review
AOM_001191,Noug Seed Ground,feed-material-descendant;crop-forage-navigation,AOM_001916,Crop Byproduct,4,,,AOM_001190,Noug,0,0,affected-descendant-inventory;source-navigation-impact-review
AOM_001192,Olive Cake,feed-material-descendant;crop-forage-navigation,AOM_001916,Crop Byproduct,4,,,AOM_100900,Olive by-products,3,3,affected-descendant-inventory;source-navigation-impact-review
AOM_001193,Groundnut Oil,feed-material-descendant;crop-forage-navigation,AOM_100921,Crop product,4,,,AOM_003072,Groundnut,0,0,affected-descendant-inventory;source-navigation-impact-review
AOM_001195,Mango Peel Dried,feed-material-descendant;crop-forage-navigation,AOM_001916,Crop Byproduct,3,,,AOM_100884,Mango by-products,0,0,affected-descendant-inventory;source-navigation-impact-review
AOM_001196,Mango Seed,feed-material-descendant;crop-forage-navigation,AOM_001916,Crop Byproduct,3,,,AOM_100884,Mango by-products,4,4,affected-descendant-inventory;source-navigation-impact-review
AOM_001197,Teff Straw Crushed,feed-material-descendant;crop-forage-navigation,AOM_001916,Crop Byproduct,5,,,AOM_003102,Teff Straw,0,0,affected-descendant-inventory;source-navigation-impact-review
AOM_001199,Breadfruit,feed-material-descendant;crop-forage-navigation,AOM_100921,Crop product,3,,,AOM_000665,Fruit Product,2,2,affected-descendant-inventory;source-navigation-impact-review
AOM_001200,Breadfruit Ground,feed-material-descendant;crop-forage-navigation,AOM_100921,Crop product,4,,,AOM_001199,Breadfruit,0,0,affected-descendant-inventory;source-navigation-impact-review
AOM_001201,Avocado,feed-material-descendant;crop-forage-navigation,AOM_100921,Crop product,3,,,AOM_000665,Fruit Product,1,1,affected-descendant-inventory;source-navigation-impact-review
AOM_001202,Barley,feed-material-descendant;crop-forage-navigation,AOM_100921,Crop product,3,,,AOM_000662,Cereal Products,3,4,affected-descendant-inventory;source-navigation-impact-review
AOM_001203,Alfalfa Dried,feed-material-descendant;crop-forage-navigation,AOM_000735,Forage Plants,4,,,AOM_000719,Alfalfa,0,0,affected-descendant-inventory;source-navigation-impact-review
AOM_001205,Aeschynomene histrix,feed-material-descendant;crop-forage-navigation,AOM_000735,Forage Plants,3,,,AOM_000726,Legume Forages,0,0,affected-descendant-inventory;source-navigation-impact-review
AOM_001206,Anthyllis tetraphylla,feed-material-descendant;crop-forage-navigation,AOM_000735,Forage Plants,3,,,AOM_000726,Legume Forages,0,0,affected-descendant-inventory;source-navigation-impact-review
AOM_001207,Canavalia gladiata,feed-material-descendant;crop-forage-navigation,AOM_000735,Forage Plants,3,,,AOM_000726,Legume Forages,0,0,affected-descendant-inventory;source-navigation-impact-review
AOM_001208,Centrosema pubescens,feed-material-descendant;crop-forage-navigation,AOM_000735,Forage Plants,3,,,AOM_000726,Legume Forages,3,5,affected-descendant-inventory;source-navigation-impact-review
AOM_001209,Desmodium,feed-material-descendant;crop-forage-navigation,AOM_000735,Forage Plants,3,,,AOM_000726,Legume Forages,1,1,affected-descendant-inventory;source-navigation-impact-review
AOM_001210,Desmodium Dried,feed-material-descendant;crop-forage-navigation,AOM_000735,Forage Plants,4,,,AOM_001209,Desmodium,0,0,affected-descendant-inventory;source-navigation-impact-review
AOM_001211,Desmodium distortum,feed-material-descendant;crop-forage-navigation,AOM_000735,Forage Plants,3,,,AOM_000726,Legume Forages,0,0,affected-descendant-inventory;source-navigation-impact-review
AOM_001212,Desmodium intortum,feed-material-descendant;crop-forage-navigation,AOM_000735,Forage Plants,3,,,AOM_000726,Legume Forages,1,1,affected-descendant-inventory;source-navigation-impact-review
AOM_001215,Lablab purpureus Leaves,feed-material-descendant;crop-forage-navigation,AOM_000735,Forage Plants,4,,,AOM_002204,Lablab purpureus,1,1,affected-descendant-inventory;source-navigation-impact-review
AOM_001216,Indigofera indica,feed-material-descendant;crop-forage-navigation,AOM_000735,Forage Plants,3,,,AOM_000726,Legume Forages,0,0,affected-descendant-inventory;source-navigation-impact-review
AOM_001219,Lablab purpureus Stover,feed-material-descendant;crop-forage-navigation,AOM_000735,Forage Plants,4,,,AOM_002204,Lablab purpureus,0,0,affected-descendant-inventory;source-navigation-impact-review
AOM_001221,Macroptilium atropurpureum,feed-material-descendant;crop-forage-navigation,AOM_000735,Forage Plants,3,,,AOM_000726,Legume Forages,3,3,affected-descendant-inventory;source-navigation-impact-review
AOM_001222,Macrotyloma axillare,feed-material-descendant;crop-forage-navigation,AOM_000735,Forage Plants,3,,,AOM_000726,Legume Forages,1,1,affected-descendant-inventory;source-navigation-impact-review
AOM_001224,Medicago,feed-material-descendant;crop-forage-navigation,AOM_000735,Forage Plants,3,,,AOM_000726,Legume Forages,1,1,affected-descendant-inventory;source-navigation-impact-review
AOM_001225,Medicago Pods,feed-material-descendant;crop-forage-navigation,AOM_000735,Forage Plants,4,,,AOM_001224,Medicago,0,0,affected-descendant-inventory;source-navigation-impact-review
AOM_001226,Medicago arborea,feed-material-descendant;crop-forage-navigation,AOM_000735,Forage Plants,3,,,AOM_000726,Legume Forages,0,0,affected-descendant-inventory;source-navigation-impact-review
AOM_001227,Mucuna pruriens,feed-material-descendant;crop-forage-navigation,AOM_000735,Forage Plants,3,,,AOM_000726,Legume Forages,4,14,affected-descendant-inventory;source-navigation-impact-review
AOM_001229,Sesbania sesban Dried,feed-material-descendant;crop-forage-navigation,AOM_000735,Forage Plants,4,,,AOM_003079,Sesbania sesban,0,0,affected-descendant-inventory;source-navigation-impact-review
AOM_001230,Sesbania sesban Leaves and Twigs,feed-material-descendant;crop-forage-navigation,AOM_000735,Forage Plants,4,,,AOM_003079,Sesbania sesban,1,1,affected-descendant-inventory;source-navigation-impact-review
AOM_001231,Pueraria phaseoloides,feed-material-descendant;crop-forage-navigation,AOM_000735,Forage Plants,3,,,AOM_000726,Legume Forages,1,1,affected-descendant-inventory;source-navigation-impact-review
AOM_001232,Pueraria phaseoloides Leaves,feed-material-descendant;crop-forage-navigation,AOM_000735,Forage Plants,4,,,AOM_001231,Pueraria phaseoloides,0,0,affected-descendant-inventory;source-navigation-impact-review
AOM_001233,Stylosanthes guianensis,feed-material-descendant;crop-forage-navigation,AOM_000735,Forage Plants,3,,,AOM_000726,Legume Forages,3,3,affected-descendant-inventory;source-navigation-impact-review
AOM_001235,Stylosanthes guianensis Leaves,feed-material-descendant;crop-forage-navigation,AOM_000735,Forage Plants,4,,,AOM_001233,Stylosanthes guianensis,0,0,affected-descendant-inventory;source-navigation-impact-review
AOM_001236,Stylosanthes hamata,feed-material-descendant;crop-forage-navigation,AOM_000735,Forage Plants,3,,,AOM_000726,Legume Forages,1,1,affected-descendant-inventory;source-navigation-impact-review
AOM_001237,Stylosanthes scabra,feed-material-descendant;crop-forage-navigation,AOM_000735,Forage Plants,3,,,AOM_000726,Legume Forages,1,1,affected-descendant-inventory;source-navigation-impact-review
AOM_001238,Stylosanthes scabra Dried,feed-material-descendant;crop-forage-navigation,AOM_000735,Forage Plants,4,,,AOM_001237,Stylosanthes scabra,0,0,affected-descendant-inventory;source-navigation-impact-review
AOM_001239,Tephrosia bracteolata,feed-material-descendant;crop-forage-navigation,AOM_000735,Forage Plants,3,,,AOM_000726,Legume Forages,0,0,affected-descendant-inventory;source-navigation-impact-review
AOM_001240,Trifolium alexandrinum,feed-material-descendant;crop-forage-navigation,AOM_000735,Forage Plants,3,,,AOM_000726,Legume Forages,3,5,affected-descendant-inventory;source-navigation-impact-review
AOM_001241,Trifolium alexandrinum Straw,feed-material-descendant;crop-forage-navigation,AOM_000735,Forage Plants,4,,,AOM_001240,Trifolium alexandrinum,2,2,affected-descendant-inventory;source-navigation-impact-review
AOM_001242,Vicia,feed-material-descendant;crop-forage-navigation,AOM_000735,Forage Plants,3,,,AOM_000726,Legume Forages,2,2,affected-descendant-inventory;source-navigation-impact-review
AOM_001243,Vicia dasycarpa,feed-material-descendant;crop-forage-navigation,AOM_000735,Forage Plants,3,,,AOM_000726,Legume Forages,0,0,affected-descendant-inventory;source-navigation-impact-review
AOM_001251,Cassava Waste,feed-material-descendant;crop-forage-navigation,AOM_001916,Crop Byproduct,4,,,AOM_100910,Cassava by-products,1,1,affected-descendant-inventory;source-navigation-impact-review
AOM_001253,Cotton Seed Cake Dried Ground,feed-material-descendant;crop-forage-navigation,AOM_001916,Crop Byproduct,5,,,AOM_003973,Cotton Seed,0,0,affected-descendant-inventory;source-navigation-impact-review
AOM_001254,Groundnut Cake,feed-material-descendant;crop-forage-navigation,AOM_001916,Crop Byproduct,4,,,AOM_100869,Groundnut by-products,1,1,affected-descendant-inventory;source-navigation-impact-review
AOM_001255,Flaxseed Oil,feed-material-descendant;crop-forage-navigation,AOM_001916,Crop Byproduct,4,,,AOM_004255,Flaxseed,1,1,affected-descendant-inventory;source-navigation-impact-review
AOM_001256,Fluted Pumpkin Leaves,feed-material-descendant;crop-forage-navigation,AOM_100921,Crop product,4,,,AOM_100942,Fluted pumpkin products,3,3,affected-descendant-inventory;source-navigation-impact-review
AOM_001257,Fluted Pumpkin Leaves Ground,feed-material-descendant;crop-forage-navigation,AOM_100921,Crop product,5,,,AOM_001256,Fluted Pumpkin Leaves,0,0,affected-descendant-inventory;source-navigation-impact-review
AOM_001258,Common Bean Haulm,feed-material-descendant;crop-forage-navigation,AOM_001916,Crop Byproduct,4,,,AOM_100866,Common bean by-products,1,1,affected-descendant-inventory;source-navigation-impact-review
AOM_001259,Lemon Peel Essential Oil,feed-material-descendant;crop-forage-navigation,AOM_100921,Crop product,4,,,AOM_100928,Lemon products,0,0,affected-descendant-inventory;source-navigation-impact-review
AOM_001261,Wheat Ground Remoulage,feed-material-descendant;crop-forage-navigation,AOM_001916,Crop Byproduct,4,,,AOM_100864,Wheat by-products,0,0,affected-descendant-inventory;source-navigation-impact-review
AOM_001262,Wheat Straw Dried Urea Treated,feed-material-descendant;crop-forage-navigation,AOM_001916,Crop Byproduct,5,,,AOM_001887,Wheat Straw,0,0,affected-descendant-inventory;source-navigation-impact-review
AOM_001263,Cowpea Leaves,feed-material-descendant;crop-forage-navigation,AOM_001916,Crop Byproduct,4,,,AOM_100867,Cowpea by-products,0,0,affected-descendant-inventory;source-navigation-impact-review
AOM_001265,Ziziphus mauritiana,feed-material-descendant;crop-forage-navigation,AOM_100921,Crop product,3,,,AOM_000665,Fruit Product,0,0,affected-descendant-inventory;source-navigation-impact-review
AOM_001266,Taro Leaves,feed-material-descendant;crop-forage-navigation,AOM_001916,Crop Byproduct,4,,,AOM_100913,Taro by-products,1,1,affected-descendant-inventory;source-navigation-impact-review
AOM_001267,Sweet Potato Vine,feed-material-descendant;crop-forage-navigation,AOM_001916,Crop Byproduct,4,,,AOM_100912,Sweet potato by-products,4,4,affected-descendant-inventory;source-navigation-impact-review
AOM_001268,Sweet Potato Vine Wilted,feed-material-descendant;crop-forage-navigation,AOM_001916,Crop Byproduct,5,,,AOM_001267,Sweet Potato Vine,0,0,affected-descendant-inventory;source-navigation-impact-review
AOM_001270,Fluted Pumpkin Leaves Extract,feed-material-descendant;crop-forage-navigation,AOM_100921,Crop product,5,,,AOM_001256,Fluted Pumpkin Leaves,0,0,affected-descendant-inventory;source-navigation-impact-review
AOM_001271,Soybean Straw,feed-material-descendant;crop-forage-navigation,AOM_001916,Crop Byproduct,4,,,AOM_100852,Soybean by-products,3,3,affected-descendant-inventory;source-navigation-impact-review
AOM_001272,Soybean Shell,feed-material-descendant;crop-forage-navigation,AOM_001916,Crop Byproduct,4,,,AOM_100852,Soybean by-products,0,0,affected-descendant-inventory;source-navigation-impact-review
AOM_001273,Unspecified Crop Residue,feed-material-descendant;crop-forage-navigation,AOM_001916,Crop Byproduct,2,,,AOM_001916,Crop Byproduct,0,0,affected-descendant-inventory;source-navigation-impact-review
AOM_001274,Unspecified Crop Bran,feed-material-descendant;crop-forage-navigation,AOM_001916,Crop Byproduct,2,,,AOM_001916,Crop Byproduct,0,0,affected-descendant-inventory;source-navigation-impact-review
AOM_001276,Sorghum Ground,feed-material-descendant;crop-forage-navigation,AOM_001916,Crop Byproduct,4,,,AOM_100863,Sorghum by-products,0,0,affected-descendant-inventory;source-navigation-impact-review
AOM_001277,Sesame Seed Cake,feed-material-descendant;crop-forage-navigation,AOM_001916,Crop Byproduct,5,,,AOM_001440,Sesame Seed,0,0,affected-descendant-inventory;source-navigation-impact-review
AOM_001278,Sheanut Cake,feed-material-descendant;crop-forage-navigation,AOM_001916,Crop Byproduct,4,,,AOM_100903,Sheanut by-products,1,1,affected-descendant-inventory;source-navigation-impact-review
AOM_001279,Sesame Seed Cake Ground Roasted,feed-material-descendant;crop-forage-navigation,AOM_001916,Crop Byproduct,5,,,AOM_001440,Sesame Seed,0,0,affected-descendant-inventory;source-navigation-impact-review
AOM_001280,Rice Hull,feed-material-descendant;crop-forage-navigation,AOM_001916,Crop Byproduct,4,,,AOM_100861,Rice by-products,0,0,affected-descendant-inventory;source-navigation-impact-review
AOM_001281,Potato Hash,feed-material-descendant;crop-forage-navigation,AOM_001916,Crop Byproduct,4,,,AOM_100911,Potato by-products,1,1,affected-descendant-inventory;source-navigation-impact-review
AOM_001282,Enset,feed-material-descendant;crop-forage-navigation,AOM_100921,Crop product,3,,,AOM_000681,Roots and Tuber Products,0,0,affected-descendant-inventory;source-navigation-impact-review
AOM_001283,Plantain Peel,feed-material-descendant;crop-forage-navigation,AOM_001916,Crop Byproduct,3,,,AOM_100889,Plantain by-products,1,1,affected-descendant-inventory;source-navigation-impact-review
AOM_001285,Pea Straw,feed-material-descendant;crop-forage-navigation,AOM_001916,Crop Byproduct,4,,,AOM_100873,Pea by-products,0,0,affected-descendant-inventory;source-navigation-impact-review
AOM_001286,Papaya Leaves,feed-material-descendant;crop-forage-navigation,AOM_001916,Crop Byproduct,3,,,AOM_100888,Papaya by-products,0,0,affected-descendant-inventory;source-navigation-impact-review
AOM_001289,Maize Starch,feed-material-descendant;crop-forage-navigation,AOM_100921,Crop product,4,,,AOM_000648,Maize,0,0,affected-descendant-inventory;source-navigation-impact-review
AOM_001290,Millet Bran,feed-material-descendant;crop-forage-navigation,AOM_001916,Crop Byproduct,4,,,AOM_100859,Millet by-products,0,0,affected-descendant-inventory;source-navigation-impact-review
AOM_001291,Millet Straw,feed-material-descendant;crop-forage-navigation,AOM_001916,Crop Byproduct,4,,,AOM_100859,Millet by-products,1,1,affected-descendant-inventory;source-navigation-impact-review
AOM_001292,Maize Gluten,feed-material-descendant;crop-forage-navigation,AOM_001916,Crop Byproduct,4,,,AOM_100851,Maize by-products,1,1,affected-descendant-inventory;source-navigation-impact-review
AOM_001293,Maize Gluten Ground,feed-material-descendant;crop-forage-navigation,AOM_001916,Crop Byproduct,5,,,AOM_001292,Maize Gluten,0,0,affected-descendant-inventory;source-navigation-impact-review
AOM_001294,Maize Germ,feed-material-descendant;crop-forage-navigation,AOM_001916,Crop Byproduct,4,,,AOM_100851,Maize by-products,1,1,affected-descendant-inventory;source-navigation-impact-review
AOM_001295,Maize Germ Ground,feed-material-descendant;crop-forage-navigation,AOM_001916,Crop Byproduct,5,,,AOM_001294,Maize Germ,0,0,affected-descendant-inventory;source-navigation-impact-review
AOM_001297,Maize Sheath,feed-material-descendant;crop-forage-navigation,AOM_001916,Crop Byproduct,4,,,AOM_100851,Maize by-products,1,1,affected-descendant-inventory;source-navigation-impact-review
AOM_001298,Maize Leaves,feed-material-descendant;crop-forage-navigation,AOM_001916,Crop Byproduct,4,,,AOM_100851,Maize by-products,1,1,affected-descendant-inventory;source-navigation-impact-review
AOM_001299,Maize Husk,feed-material-descendant;crop-forage-navigation,AOM_001916,Crop Byproduct,4,,,AOM_100851,Maize by-products,1,1,affected-descendant-inventory;source-navigation-impact-review
AOM_001300,Arugula Seed Ground,feed-material-descendant;crop-forage-navigation,AOM_001916,Crop Byproduct,3,,,AOM_100917,Arugula by-products,0,0,affected-descendant-inventory;source-navigation-impact-review
AOM_001301,Linseed Cake Ground,feed-material-descendant;crop-forage-navigation,AOM_001916,Crop Byproduct,4,,,AOM_100898,Linseed by-products,0,0,affected-descendant-inventory;source-navigation-impact-review
AOM_001303,Macadamia Cake,feed-material-descendant;crop-forage-navigation,AOM_001916,Crop Byproduct,4,,,AOM_100899,Macadamia by-products,0,0,affected-descendant-inventory;source-navigation-impact-review
AOM_001304,Noug Ground,feed-material-descendant;crop-forage-navigation,AOM_001916,Crop Byproduct,4,,,AOM_001190,Noug,0,0,affected-descendant-inventory;source-navigation-impact-review
AOM_001306,Coconut Ground,feed-material-descendant;crop-forage-navigation,AOM_001916,Crop Byproduct,4,,,AOM_100894,Coconut by-products,0,0,affected-descendant-inventory;source-navigation-impact-review
AOM_001307,Canola Ground,feed-material-descendant;crop-forage-navigation,AOM_001916,Crop Byproduct,4,,,AOM_100892,Canola by-products,0,0,affected-descendant-inventory;source-navigation-impact-review
AOM_001308,Canola Oil,feed-material-descendant;crop-forage-navigation,AOM_100921,Crop product,4,,,AOM_001309,Canola,0,0,affected-descendant-inventory;source-navigation-impact-review
AOM_001309,Canola,feed-material-descendant;crop-forage-navigation,AOM_100921,Crop product,3,,,AOM_000677,Oil Plant Products,1,1,affected-descendant-inventory;source-navigation-impact-review
AOM_001311,Date,feed-material-descendant;crop-forage-navigation,AOM_100921,Crop product,2,,,AOM_100921,Crop product,1,1,affected-descendant-inventory;source-navigation-impact-review
AOM_001312,Cotton Seed,feed-material-descendant;crop-forage-navigation,AOM_100921,Crop product,3,,,AOM_000677,Oil Plant Products,0,0,affected-descendant-inventory;source-navigation-impact-review
AOM_001313,Whole-grain maize,feed-material-descendant;crop-forage-navigation,AOM_100921,Crop product,4,,,AOM_000648,Maize,1,1,affected-descendant-inventory;source-navigation-impact-review
AOM_001314,Pigeon Pea,feed-material-descendant;crop-forage-navigation,AOM_100921,Crop product,3,,,AOM_000667,Legume Products,1,1,affected-descendant-inventory;source-navigation-impact-review
AOM_001316,Sorghum,feed-material-descendant;crop-forage-navigation,AOM_100921,Crop product,3,,,AOM_000662,Cereal Products,3,3,affected-descendant-inventory;source-navigation-impact-review
AOM_001317,Soybean Full Fat,feed-material-descendant;crop-forage-navigation,AOM_100921,Crop product,4,,,AOM_001582,Soybean,1,1,affected-descendant-inventory;source-navigation-impact-review
AOM_001318,Wheat Grain,feed-material-descendant;crop-forage-navigation,AOM_100921,Crop product,4,,,AOM_001319,Wheat,1,1,affected-descendant-inventory;source-navigation-impact-review
AOM_001319,Wheat,feed-material-descendant;crop-forage-navigation,AOM_100921,Crop product,3,,,AOM_000662,Cereal Products,4,5,affected-descendant-inventory;source-navigation-impact-review
AOM_001320,Common Bean Crushed,feed-material-descendant;crop-forage-navigation,AOM_100921,Crop product,4,,,AOM_100931,Common bean products,0,0,affected-descendant-inventory;source-navigation-impact-review
AOM_001321,Safflower Ground,feed-material-descendant;crop-forage-navigation,AOM_100921,Crop product,4,,,AOM_100935,Safflower products,0,0,affected-descendant-inventory;source-navigation-impact-review
AOM_001322,Cassava Ground,feed-material-descendant;crop-forage-navigation,AOM_100921,Crop product,4,,,AOM_100936,Cassava products,0,0,affected-descendant-inventory;source-navigation-impact-review
AOM_001323,Coffee Ground Roasted,feed-material-descendant;crop-forage-navigation,AOM_100921,Crop product,4,,,AOM_100926,Coffee products,0,0,affected-descendant-inventory;source-navigation-impact-review
AOM_001324,Ground whole-grain maize,feed-material-descendant;crop-forage-navigation,AOM_100921,Crop product,5,,,AOM_001313,Whole-grain maize,0,0,affected-descendant-inventory;source-navigation-impact-review
AOM_001326,Whole-crop maize silage,feed-material-descendant;crop-forage-navigation,AOM_100921,Crop product,4,,,AOM_000648,Maize,0,0,affected-descendant-inventory;source-navigation-impact-review
AOM_001331,Oat Grain,feed-material-descendant;crop-forage-navigation,AOM_100921,Crop product,4,,,AOM_001895,Oat,1,1,affected-descendant-inventory;source-navigation-impact-review
AOM_001332,Oat Ground,feed-material-descendant;crop-forage-navigation,AOM_100921,Crop product,4,,,AOM_001895,Oat,0,0,affected-descendant-inventory;source-navigation-impact-review
AOM_001333,Oil,feed-material-descendant;crop-forage-navigation,AOM_100921,Crop product,3,,,AOM_000677,Oil Plant Products,0,0,affected-descendant-inventory;source-navigation-impact-review
AOM_001334,Pearl Millet,feed-material-descendant;crop-forage-navigation,AOM_100921,Crop product,3,,,AOM_000662,Cereal Products,0,0,affected-descendant-inventory;source-navigation-impact-review
AOM_001335,Sesame Ground,feed-material-descendant;crop-forage-navigation,AOM_001916,Crop Byproduct,4,,,AOM_100902,Sesame by-products,0,0,affected-descendant-inventory;source-navigation-impact-review
AOM_001336,Sesame Seed Ground,feed-material-descendant;crop-forage-navigation,AOM_001916,Crop Byproduct,5,,,AOM_001440,Sesame Seed,0,0,affected-descendant-inventory;source-navigation-impact-review
AOM_001337,Sunflower Ground,feed-material-descendant;crop-forage-navigation,AOM_001916,Crop Byproduct,4,,,AOM_100904,Sunflower by-products,0,0,affected-descendant-inventory;source-navigation-impact-review
AOM_001338,Sunflower Seed Cake,feed-material-descendant;crop-forage-navigation,AOM_001916,Crop Byproduct,4,,,AOM_100904,Sunflower by-products,0,0,affected-descendant-inventory;source-navigation-impact-review
AOM_001339,Sorghum Ensiled,feed-material-descendant;crop-forage-navigation,AOM_100921,Crop product,4,,,AOM_001316,Sorghum,0,0,affected-descendant-inventory;source-navigation-impact-review
AOM_001344,Rosemary Oil,feed-material-descendant;crop-forage-navigation,AOM_100921,Crop product,4,,,AOM_100941,Rosemary products,0,0,affected-descendant-inventory;source-navigation-impact-review
AOM_001345,Rosemary Leaves,feed-material-descendant;crop-forage-navigation,AOM_100921,Crop product,4,,,AOM_100941,Rosemary products,0,0,affected-descendant-inventory;source-navigation-impact-review
AOM_001346,Wheat Ground,feed-material-descendant;crop-forage-navigation,AOM_100921,Crop product,4,,,AOM_001319,Wheat,0,0,affected-descendant-inventory;source-navigation-impact-review
AOM_001347,Winged Bean Autoclaved Ground,feed-material-descendant;crop-forage-navigation,AOM_100921,Crop product,5,,,AOM_001752,Winged Bean Ground,0,0,affected-descendant-inventory;source-navigation-impact-review
AOM_001348,Winged Bean Ground Roasted,feed-material-descendant;crop-forage-navigation,AOM_100921,Crop product,5,,,AOM_001752,Winged Bean Ground,0,0,affected-descendant-inventory;source-navigation-impact-review
AOM_001351,Blue Lupin,feed-material-descendant;crop-forage-navigation,AOM_100921,Crop product,4,,,AOM_100930,Blue lupin products,0,0,affected-descendant-inventory;source-navigation-impact-review
AOM_001354,Turmeric,feed-material-descendant;crop-forage-navigation,AOM_100921,Crop product,3,,,AOM_100923,Spice products,0,0,affected-descendant-inventory;source-navigation-impact-review
AOM_001355,Oat Ensiled,feed-material-descendant;crop-forage-navigation,AOM_100921,Crop product,4,,,AOM_001895,Oat,0,0,affected-descendant-inventory;source-navigation-impact-review
AOM_001357,Black Cumin Seed,feed-material-descendant;crop-forage-navigation,AOM_100921,Crop product,4,,,AOM_100940,Black cumin products,1,1,affected-descendant-inventory;source-navigation-impact-review
AOM_001358,Black Cumin Ground,feed-material-descendant;crop-forage-navigation,AOM_100921,Crop product,4,,,AOM_100940,Black cumin products,0,0,affected-descendant-inventory;source-navigation-impact-review
AOM_001359,Onion Bulb,feed-material-descendant;crop-forage-navigation,AOM_100921,Crop product,4,,,AOM_100944,Onion products,1,1,affected-descendant-inventory;source-navigation-impact-review
AOM_001360,Scarlet Eggplant,feed-material-descendant;crop-forage-navigation,AOM_100921,Crop product,3,,,AOM_100924,Vegetable products,2,3,affected-descendant-inventory;source-navigation-impact-review
AOM_001361,Soybean Flakes Defatted,feed-material-descendant;crop-forage-navigation,AOM_001916,Crop Byproduct,4,,,AOM_100852,Soybean by-products,4,4,affected-descendant-inventory;source-navigation-impact-review
AOM_001362,Soybean Flakes Defatted Extruded,feed-material-descendant;crop-forage-navigation,AOM_001916,Crop Byproduct,5,,,AOM_001361,Soybean Flakes Defatted,0,0,affected-descendant-inventory;source-navigation-impact-review
AOM_001364,Soybean Full Fat Roasted,feed-material-descendant;crop-forage-navigation,AOM_100921,Crop product,4,,,AOM_001582,Soybean,0,0,affected-descendant-inventory;source-navigation-impact-review
AOM_001365,Sorghum Sprout,feed-material-descendant;crop-forage-navigation,AOM_100921,Crop product,4,,,AOM_001316,Sorghum,0,0,affected-descendant-inventory;source-navigation-impact-review
AOM_001366,Guar Gum Ground,feed-material-descendant;crop-forage-navigation,AOM_001916,Crop Byproduct,4,,,AOM_100870,Guar bean by-products,0,0,affected-descendant-inventory;source-navigation-impact-review
AOM_001367,Ammonium Chloride,feed-material-descendant,AOM_101139,Mineral feed materials,2,,,AOM_101139,Mineral feed materials,0,0,affected-descendant-inventory
AOM_001368,Ammonium Sulphate,feed-material-descendant,AOM_101139,Mineral feed materials,2,,,AOM_101139,Mineral feed materials,0,0,affected-descendant-inventory
AOM_001369,Calcium Bicarbonate,feed-material-descendant,AOM_101139,Mineral feed materials,2,,,AOM_101139,Mineral feed materials,0,0,affected-descendant-inventory
AOM_001370,Calcium Carbonate,feed-material-descendant,AOM_101139,Mineral feed materials,2,,,AOM_101139,Mineral feed materials,0,0,affected-descendant-inventory
AOM_001371,Calcium Oxide,feed-material-descendant,AOM_101139,Mineral feed materials,2,,,AOM_101139,Mineral feed materials,0,0,affected-descendant-inventory
AOM_001372,Calcium Phosphate,feed-material-descendant,AOM_101139,Mineral feed materials,2,,,AOM_101139,Mineral feed materials,0,0,affected-descendant-inventory
AOM_001375,Choline Cloride Ground,feed-additive-branch,,,,3,,AOM_000793,Vitamin,0,0,authority-boundary-comparison
AOM_001377,Methionine,feed-additive-branch,,,,3,,AOM_000737,Amino Acid,0,0,authority-boundary-comparison
AOM_001378,Magnesium Oxide,feed-material-descendant,AOM_101139,Mineral feed materials,2,,,AOM_101139,Mineral feed materials,0,0,affected-descendant-inventory
AOM_001379,Andropogon,feed-material-descendant;crop-forage-navigation,AOM_000735,Forage Plants,3,,,AOM_000701,Cereal and Grass Forages,1,1,affected-descendant-inventory;source-navigation-impact-review
AOM_001380,Andropogon gayanus,feed-material-descendant;crop-forage-navigation,AOM_000735,Forage Plants,3,,,AOM_000701,Cereal and Grass Forages,3,3,affected-descendant-inventory;source-navigation-impact-review
AOM_001381,Andropogon gayanus Ensiled,feed-material-descendant;crop-forage-navigation,AOM_000735,Forage Plants,4,,,AOM_001380,Andropogon gayanus,0,0,affected-descendant-inventory;source-navigation-impact-review
AOM_001382,Andropogon abyssinica,feed-material-descendant;crop-forage-navigation,AOM_000735,Forage Plants,3,,,AOM_000701,Cereal and Grass Forages,0,0,affected-descendant-inventory;source-navigation-impact-review
AOM_001383,Andropogon guianensis,feed-material-descendant;crop-forage-navigation,AOM_000735,Forage Plants,3,,,AOM_000701,Cereal and Grass Forages,0,0,affected-descendant-inventory;source-navigation-impact-review
AOM_001385,Brachiaria brizantha,feed-material-descendant;crop-forage-navigation,AOM_000735,Forage Plants,3,,,AOM_000701,Cereal and Grass Forages,1,1,affected-descendant-inventory;source-navigation-impact-review
AOM_001386,Hordeum vulgare Dried,feed-material-descendant;crop-forage-navigation,AOM_000735,Forage Plants,4,,,AOM_100946,Hordeum vulgare forage materials,0,0,affected-descendant-inventory;source-navigation-impact-review
AOM_001388,Digitaria abyssinica,feed-material-descendant;crop-forage-navigation,AOM_000735,Forage Plants,3,,,AOM_000701,Cereal and Grass Forages,0,0,affected-descendant-inventory;source-navigation-impact-review
AOM_001389,Digitaria decumbens,feed-material-descendant;crop-forage-navigation,AOM_000735,Forage Plants,3,,,AOM_000701,Cereal and Grass Forages,0,0,affected-descendant-inventory;source-navigation-impact-review
AOM_001390,Digitaria nodosa,feed-material-descendant;crop-forage-navigation,AOM_000735,Forage Plants,3,,,AOM_000701,Cereal and Grass Forages,0,0,affected-descendant-inventory;source-navigation-impact-review
AOM_001391,Digitaria smutsii,feed-material-descendant;crop-forage-navigation,AOM_000735,Forage Plants,3,,,AOM_000701,Cereal and Grass Forages,1,1,affected-descendant-inventory;source-navigation-impact-review
AOM_001392,Digitaria ternota,feed-material-descendant;crop-forage-navigation,AOM_000735,Forage Plants,3,,,AOM_000701,Cereal and Grass Forages,0,0,affected-descendant-inventory;source-navigation-impact-review
AOM_001393,Eragrostis curvula,feed-material-descendant;crop-forage-navigation,AOM_000735,Forage Plants,3,,,AOM_000701,Cereal and Grass Forages,3,3,affected-descendant-inventory;source-navigation-impact-review
AOM_001395,Bracharia,feed-material-descendant;crop-forage-navigation,AOM_000735,Forage Plants,3,,,AOM_000701,Cereal and Grass Forages,2,2,affected-descendant-inventory;source-navigation-impact-review
AOM_001396,Bracharia Dried,feed-material-descendant;crop-forage-navigation,AOM_000735,Forage Plants,4,,,AOM_001395,Bracharia,0,0,affected-descendant-inventory;source-navigation-impact-review
AOM_001397,Bracharia decumbens,feed-material-descendant;crop-forage-navigation,AOM_000735,Forage Plants,3,,,AOM_000701,Cereal and Grass Forages,2,2,affected-descendant-inventory;source-navigation-impact-review
AOM_001398,Brachiaria ruziziensis,feed-material-descendant;crop-forage-navigation,AOM_000735,Forage Plants,3,,,AOM_000701,Cereal and Grass Forages,1,1,affected-descendant-inventory;source-navigation-impact-review
AOM_001399,Brachiaria serrata,feed-material-descendant;crop-forage-navigation,AOM_000735,Forage Plants,3,,,AOM_000701,Cereal and Grass Forages,0,0,affected-descendant-inventory;source-navigation-impact-review
AOM_001400,Cenchrus ciliaris Dried,feed-material-descendant;crop-forage-navigation,AOM_000735,Forage Plants,4,,,AOM_000686,Cenchrus ciliaris,0,0,affected-descendant-inventory;source-navigation-impact-review
AOM_001401,Chloris,feed-material-descendant;crop-forage-navigation,AOM_000735,Forage Plants,3,,,AOM_000701,Cereal and Grass Forages,0,0,affected-descendant-inventory;source-navigation-impact-review
AOM_001402,Chloris gayana,feed-material-descendant;crop-forage-navigation,AOM_000735,Forage Plants,3,,,AOM_000701,Cereal and Grass Forages,3,4,affected-descendant-inventory;source-navigation-impact-review
AOM_001404,Hyparrhenia Dried,feed-material-descendant;crop-forage-navigation,AOM_000735,Forage Plants,4,,,AOM_006369,Hyparrhenia,0,0,affected-descendant-inventory;source-navigation-impact-review
AOM_001405,Hyparrhenia rufa,feed-material-descendant;crop-forage-navigation,AOM_000735,Forage Plants,3,,,AOM_000701,Cereal and Grass Forages,1,1,affected-descendant-inventory;source-navigation-impact-review
AOM_001407,Panicum maximum,feed-material-descendant;crop-forage-navigation,AOM_000735,Forage Plants,3,,,AOM_000701,Cereal and Grass Forages,4,4,affected-descendant-inventory;source-navigation-impact-review
AOM_001408,Panicum maximum Straw,feed-material-descendant;crop-forage-navigation,AOM_000735,Forage Plants,4,,,AOM_001407,Panicum maximum,0,0,affected-descendant-inventory;source-navigation-impact-review
AOM_001409,Pennisetum clandestinum,feed-material-descendant;crop-forage-navigation,AOM_000735,Forage Plants,3,,,AOM_000701,Cereal and Grass Forages,5,6,affected-descendant-inventory;source-navigation-impact-review
AOM_001410,Pennisetum clandestinum Ensiled,feed-material-descendant;crop-forage-navigation,AOM_000735,Forage Plants,4,,,AOM_001409,Pennisetum clandestinum,0,0,affected-descendant-inventory;source-navigation-impact-review
AOM_001411,Pennisetum clandestinum Ground,feed-material-descendant;crop-forage-navigation,AOM_000735,Forage Plants,4,,,AOM_001409,Pennisetum clandestinum,0,0,affected-descendant-inventory;source-navigation-impact-review
AOM_001412,Pennisetum mezianum,feed-material-descendant;crop-forage-navigation,AOM_000735,Forage Plants,3,,,AOM_000701,Cereal and Grass Forages,0,0,affected-descendant-inventory;source-navigation-impact-review
AOM_001413,Pennisetum pedicellatum,feed-material-descendant;crop-forage-navigation,AOM_000735,Forage Plants,3,,,AOM_000701,Cereal and Grass Forages,2,2,affected-descendant-inventory;source-navigation-impact-review
AOM_001419,Saccharomyces cerevisiae Dried,feed-additive-branch,,,,3,,AOM_003076,Probiotic,0,0,authority-boundary-comparison
AOM_001420,Saccharomyces cerevisiae,feed-additive-branch,,,,3,,AOM_003076,Probiotic,0,0,authority-boundary-comparison
AOM_001421,Saccharomyces cerevisiae Slurry,feed-additive-branch,,,,3,,AOM_003076,Probiotic,0,0,authority-boundary-comparison
AOM_001422,Spent Yeast,feed-additive-branch,,,,3,,AOM_003076,Probiotic,0,0,authority-boundary-comparison
AOM_001427,Potassium Carbonate,feed-material-descendant,AOM_101139,Mineral feed materials,2,,,AOM_101139,Mineral feed materials,0,0,affected-descendant-inventory
AOM_001433,Tryptophan,feed-additive-branch,,,,3,,AOM_000737,Amino Acid,0,0,authority-boundary-comparison
AOM_001434,Hominy,feed-material-descendant;crop-forage-navigation,AOM_001916,Crop Byproduct,4,,,AOM_100851,Maize by-products,1,1,affected-descendant-inventory;source-navigation-impact-review
AOM_001435,Mango,feed-material-descendant;crop-forage-navigation,AOM_100921,Crop product,3,,,AOM_000665,Fruit Product,0,0,affected-descendant-inventory;source-navigation-impact-review
AOM_001436,Tomato Skin Seed,feed-material-descendant;crop-forage-navigation,AOM_001916,Crop Byproduct,3,,,AOM_100920,Tomato by-products,0,0,affected-descendant-inventory;source-navigation-impact-review
AOM_001439,Beetroot Discards,feed-material-descendant;crop-forage-navigation,AOM_001916,Crop Byproduct,4,,,AOM_100909,Beetroot by-products,1,1,affected-descendant-inventory;source-navigation-impact-review
AOM_001440,Sesame Seed,feed-material-descendant;crop-forage-navigation,AOM_001916,Crop Byproduct,4,,,AOM_100902,Sesame by-products,6,6,affected-descendant-inventory;source-navigation-impact-review
AOM_001441,Pennisetum petiolar,feed-material-descendant;crop-forage-navigation,AOM_000735,Forage Plants,3,,,AOM_000701,Cereal and Grass Forages,0,0,affected-descendant-inventory;source-navigation-impact-review
AOM_001443,Pennisetum,feed-material-descendant;crop-forage-navigation,AOM_000735,Forage Plants,3,,,AOM_000701,Cereal and Grass Forages,1,1,affected-descendant-inventory;source-navigation-impact-review
AOM_001444,Pennisetum villosum,feed-material-descendant;crop-forage-navigation,AOM_000735,Forage Plants,3,,,AOM_000701,Cereal and Grass Forages,0,0,affected-descendant-inventory;source-navigation-impact-review
AOM_001445,Phalaris aquatica,feed-material-descendant;crop-forage-navigation,AOM_000735,Forage Plants,3,,,AOM_000701,Cereal and Grass Forages,0,0,affected-descendant-inventory;source-navigation-impact-review
AOM_001446,Sorghum sudanense,feed-material-descendant;crop-forage-navigation,AOM_000735,Forage Plants,3,,,AOM_000701,Cereal and Grass Forages,1,1,affected-descendant-inventory;source-navigation-impact-review
AOM_001448,Sporobolus natalensis,feed-material-descendant;crop-forage-navigation,AOM_000735,Forage Plants,3,,,AOM_000701,Cereal and Grass Forages,1,1,affected-descendant-inventory;source-navigation-impact-review
AOM_001449,Sporobolus panicoides,feed-material-descendant;crop-forage-navigation,AOM_000735,Forage Plants,3,,,AOM_000701,Cereal and Grass Forages,0,0,affected-descendant-inventory;source-navigation-impact-review
AOM_001450,Themeda triandra,feed-material-descendant;crop-forage-navigation,AOM_000735,Forage Plants,3,,,AOM_000701,Cereal and Grass Forages,2,2,affected-descendant-inventory;source-navigation-impact-review
AOM_001452,Triticale,feed-material-descendant;crop-forage-navigation,AOM_000735,Forage Plants,3,,,AOM_000701,Cereal and Grass Forages,0,0,affected-descendant-inventory;source-navigation-impact-review
AOM_001453,Urochloa mosambicensis,feed-material-descendant;crop-forage-navigation,AOM_000735,Forage Plants,3,,,AOM_000701,Cereal and Grass Forages,1,1,affected-descendant-inventory;source-navigation-impact-review
AOM_001454,Urochloa mosambicensis Dried,feed-material-descendant;crop-forage-navigation,AOM_000735,Forage Plants,4,,,AOM_001453,Urochloa mosambicensis,0,0,affected-descendant-inventory;source-navigation-impact-review
AOM_001455,Triticum,feed-material-descendant;crop-forage-navigation,AOM_000735,Forage Plants,3,,,AOM_000701,Cereal and Grass Forages,0,0,affected-descendant-inventory;source-navigation-impact-review
AOM_001456,Aristida,feed-material-descendant;crop-forage-navigation,AOM_000735,Forage Plants,3,,,AOM_000701,Cereal and Grass Forages,0,0,affected-descendant-inventory;source-navigation-impact-review
AOM_001457,Aristida adscensionis,feed-material-descendant;crop-forage-navigation,AOM_000735,Forage Plants,3,,,AOM_000701,Cereal and Grass Forages,0,0,affected-descendant-inventory;source-navigation-impact-review
AOM_001458,Bothriochloa,feed-material-descendant;crop-forage-navigation,AOM_000735,Forage Plants,3,,,AOM_000701,Cereal and Grass Forages,1,1,affected-descendant-inventory;source-navigation-impact-review
AOM_001459,Bothriochloa dried,feed-material-descendant;crop-forage-navigation,AOM_000735,Forage Plants,4,,,AOM_001458,Bothriochloa,0,0,affected-descendant-inventory;source-navigation-impact-review
AOM_001460,Bothriochloa insculpta,feed-material-descendant;crop-forage-navigation,AOM_000735,Forage Plants,3,,,AOM_000701,Cereal and Grass Forages,0,0,affected-descendant-inventory;source-navigation-impact-review
AOM_001461,Cynodon,feed-material-descendant;crop-forage-navigation,AOM_000735,Forage Plants,3,,,AOM_000701,Cereal and Grass Forages,1,1,affected-descendant-inventory;source-navigation-impact-review
AOM_001462,Cynodon dactylon,feed-material-descendant;crop-forage-navigation,AOM_000735,Forage Plants,3,,,AOM_000701,Cereal and Grass Forages,1,1,affected-descendant-inventory;source-navigation-impact-review
AOM_001464,Cynadon plectostachyus,feed-material-descendant;crop-forage-navigation,AOM_000735,Forage Plants,3,,,AOM_000701,Cereal and Grass Forages,0,0,affected-descendant-inventory;source-navigation-impact-review
AOM_001465,Cynodon nlemfuensis,feed-material-descendant;crop-forage-navigation,AOM_000735,Forage Plants,3,,,AOM_000701,Cereal and Grass Forages,1,1,affected-descendant-inventory;source-navigation-impact-review
AOM_001466,Diheteropogon amplectens,feed-material-descendant;crop-forage-navigation,AOM_000735,Forage Plants,3,,,AOM_000701,Cereal and Grass Forages,0,0,affected-descendant-inventory;source-navigation-impact-review
AOM_001467,Eleusine floccifolia,feed-material-descendant;crop-forage-navigation,AOM_000735,Forage Plants,3,,,AOM_000701,Cereal and Grass Forages,0,0,affected-descendant-inventory;source-navigation-impact-review
AOM_001468,Eragrostis capensis,feed-material-descendant;crop-forage-navigation,AOM_000735,Forage Plants,3,,,AOM_000701,Cereal and Grass Forages,0,0,affected-descendant-inventory;source-navigation-impact-review
AOM_001469,Eragrostis papposa,feed-material-descendant;crop-forage-navigation,AOM_000735,Forage Plants,3,,,AOM_000701,Cereal and Grass Forages,0,0,affected-descendant-inventory;source-navigation-impact-review
AOM_001470,Eragrostis rigidior,feed-material-descendant;crop-forage-navigation,AOM_000735,Forage Plants,3,,,AOM_000701,Cereal and Grass Forages,0,0,affected-descendant-inventory;source-navigation-impact-review
AOM_001471,Harpachne schimperi,feed-material-descendant;crop-forage-navigation,AOM_000735,Forage Plants,3,,,AOM_000701,Cereal and Grass Forages,0,0,affected-descendant-inventory;source-navigation-impact-review
AOM_001472,Heteropogon contortus,feed-material-descendant;crop-forage-navigation,AOM_000735,Forage Plants,3,,,AOM_000701,Cereal and Grass Forages,1,1,affected-descendant-inventory;source-navigation-impact-review
AOM_001473,Hyparrhenia filipendula,feed-material-descendant;crop-forage-navigation,AOM_000735,Forage Plants,3,,,AOM_000701,Cereal and Grass Forages,0,0,affected-descendant-inventory;source-navigation-impact-review
AOM_001474,Hyperthelia dissoluta,feed-material-descendant;crop-forage-navigation,AOM_000735,Forage Plants,3,,,AOM_000701,Cereal and Grass Forages,0,0,affected-descendant-inventory;source-navigation-impact-review
AOM_001475,Lolium,feed-material-descendant;crop-forage-navigation,AOM_000735,Forage Plants,3,,,AOM_000701,Cereal and Grass Forages,0,0,affected-descendant-inventory;source-navigation-impact-review
AOM_001476,Lolium multiflorum,feed-material-descendant;crop-forage-navigation,AOM_000735,Forage Plants,3,,,AOM_000701,Cereal and Grass Forages,0,0,affected-descendant-inventory;source-navigation-impact-review
AOM_001477,Loudetia simplex,feed-material-descendant;crop-forage-navigation,AOM_000735,Forage Plants,3,,,AOM_000701,Cereal and Grass Forages,0,0,affected-descendant-inventory;source-navigation-impact-review
AOM_001478,Loudetia togoensis,feed-material-descendant;crop-forage-navigation,AOM_000735,Forage Plants,3,,,AOM_000701,Cereal and Grass Forages,0,0,affected-descendant-inventory;source-navigation-impact-review
AOM_001479,Megathyrsus maximus,feed-material-descendant;crop-forage-navigation,AOM_000735,Forage Plants,3,,,AOM_000701,Cereal and Grass Forages,4,4,affected-descendant-inventory;source-navigation-impact-review
AOM_001481,Melinis repens,feed-material-descendant;crop-forage-navigation,AOM_000735,Forage Plants,3,,,AOM_000701,Cereal and Grass Forages,0,0,affected-descendant-inventory;source-navigation-impact-review
AOM_001482,Sugar Beet Molasses,feed-material-descendant;crop-forage-navigation,AOM_001916,Crop Byproduct,4,,,AOM_100915,Sugar beet by-products,0,0,affected-descendant-inventory;source-navigation-impact-review
AOM_001483,Sugar Beet Pulp,feed-material-descendant;crop-forage-navigation,AOM_001916,Crop Byproduct,4,,,AOM_100915,Sugar beet by-products,1,1,affected-descendant-inventory;source-navigation-impact-review
AOM_001487,Sodium Sulfate,feed-material-descendant,AOM_101139,Mineral feed materials,2,,,AOM_101139,Mineral feed materials,0,0,affected-descendant-inventory
AOM_001497,Megalac,feed-material-descendant,AOM_006334,Rumen-protected fat feed materials,2,,,AOM_006334,Rumen-protected fat feed materials,0,0,affected-descendant-inventory
AOM_001508,Lactobacillus plantarum,feed-additive-branch,,,,3,,AOM_000807,Prebiotic,0,0,authority-boundary-comparison
AOM_001513,Microchloa caffra,feed-material-descendant;crop-forage-navigation,AOM_000735,Forage Plants,3,,,AOM_000701,Cereal and Grass Forages,0,0,affected-descendant-inventory;source-navigation-impact-review
AOM_001514,Pogonarthria squarrosa,feed-material-descendant;crop-forage-navigation,AOM_000735,Forage Plants,3,,,AOM_000701,Cereal and Grass Forages,0,0,affected-descendant-inventory;source-navigation-impact-review
AOM_001516,Schizachyrium exile,feed-material-descendant;crop-forage-navigation,AOM_000735,Forage Plants,3,,,AOM_000701,Cereal and Grass Forages,1,1,affected-descendant-inventory;source-navigation-impact-review
AOM_001517,Schizachyrium jeffreysii,feed-material-descendant;crop-forage-navigation,AOM_000735,Forage Plants,3,,,AOM_000701,Cereal and Grass Forages,0,0,affected-descendant-inventory;source-navigation-impact-review
AOM_001518,Schoenefeldia gracilis,feed-material-descendant;crop-forage-navigation,AOM_000735,Forage Plants,3,,,AOM_000701,Cereal and Grass Forages,1,1,affected-descendant-inventory;source-navigation-impact-review
AOM_001520,Stipa parviflora,feed-material-descendant;crop-forage-navigation,AOM_000735,Forage Plants,3,,,AOM_000701,Cereal and Grass Forages,0,0,affected-descendant-inventory;source-navigation-impact-review
AOM_001521,Stipa tenacissima,feed-material-descendant;crop-forage-navigation,AOM_000735,Forage Plants,3,,,AOM_000701,Cereal and Grass Forages,1,1,affected-descendant-inventory;source-navigation-impact-review
AOM_001522,Tripsacum,feed-material-descendant;crop-forage-navigation,AOM_000735,Forage Plants,3,,,AOM_000701,Cereal and Grass Forages,0,0,affected-descendant-inventory;source-navigation-impact-review
AOM_001523,Tripsacum laxum,feed-material-descendant;crop-forage-navigation,AOM_000735,Forage Plants,3,,,AOM_000701,Cereal and Grass Forages,0,0,affected-descendant-inventory;source-navigation-impact-review
AOM_001524,Piliostigma thonningii,feed-material-descendant;crop-forage-navigation,AOM_000735,Forage Plants,3,,,AOM_000718,Forage Trees,2,4,affected-descendant-inventory;source-navigation-impact-review
AOM_001525,Piliostigma thonningii Leaves,feed-material-descendant;crop-forage-navigation,AOM_000735,Forage Plants,4,,,AOM_001524,Piliostigma thonningii,1,1,affected-descendant-inventory;source-navigation-impact-review
AOM_001526,Lotus corniculatus,feed-material-descendant;crop-forage-navigation,AOM_000735,Forage Plants,3,,,AOM_000726,Legume Forages,0,0,affected-descendant-inventory;source-navigation-impact-review
AOM_001527,Centrosema molle,feed-material-descendant;crop-forage-navigation,AOM_000735,Forage Plants,3,,,AOM_000726,Legume Forages,1,1,affected-descendant-inventory;source-navigation-impact-review
AOM_001528,Centrosema molle Leaves,feed-material-descendant;crop-forage-navigation,AOM_000735,Forage Plants,4,,,AOM_001527,Centrosema molle,0,0,affected-descendant-inventory;source-navigation-impact-review
AOM_001529,Trifolium,feed-material-descendant;crop-forage-navigation,AOM_000735,Forage Plants,3,,,AOM_000726,Legume Forages,2,2,affected-descendant-inventory;source-navigation-impact-review
AOM_001530,Psophocarpus scandens,feed-material-descendant;crop-forage-navigation,AOM_000735,Forage Plants,3,,,AOM_000726,Legume Forages,1,2,affected-descendant-inventory;source-navigation-impact-review
AOM_001531,Psophocarpus scandens Leaves,feed-material-descendant;crop-forage-navigation,AOM_000735,Forage Plants,4,,,AOM_001530,Psophocarpus scandens,1,1,affected-descendant-inventory;source-navigation-impact-review
AOM_001532,Spermacoce stachydea,feed-material-descendant;crop-forage-navigation,AOM_000735,Forage Plants,3,,,AOM_000726,Legume Forages,0,0,affected-descendant-inventory;source-navigation-impact-review
AOM_001533,Amaranthus cruentus,feed-material-descendant;crop-forage-navigation,AOM_000735,Forage Plants,3,,,AOM_000734,Other Forage Plants,1,1,affected-descendant-inventory;source-navigation-impact-review
AOM_001534,Amaranthus cruentus Leaves Ground,feed-material-descendant;crop-forage-navigation,AOM_000735,Forage Plants,4,,,AOM_001533,Amaranthus cruentus,0,0,affected-descendant-inventory;source-navigation-impact-review
AOM_001535,Atriplex halimus,feed-material-descendant;crop-forage-navigation,AOM_000735,Forage Plants,3,,,AOM_000734,Other Forage Plants,2,2,affected-descendant-inventory;source-navigation-impact-review
AOM_001536,Chromolaena odorata,feed-material-descendant;crop-forage-navigation,AOM_000735,Forage Plants,3,,,AOM_000734,Other Forage Plants,1,3,affected-descendant-inventory;source-navigation-impact-review
AOM_001537,Commelina benghalensis,feed-material-descendant;crop-forage-navigation,AOM_000735,Forage Plants,3,,,AOM_000734,Other Forage Plants,1,1,affected-descendant-inventory;source-navigation-impact-review
AOM_001538,Crossopterix febrifuga,feed-material-descendant;crop-forage-navigation,AOM_000735,Forage Plants,3,,,AOM_000734,Other Forage Plants,0,0,affected-descendant-inventory;source-navigation-impact-review
AOM_001539,Cyperaceae,feed-material-descendant;crop-forage-navigation,AOM_000735,Forage Plants,3,,,AOM_000734,Other Forage Plants,0,0,affected-descendant-inventory;source-navigation-impact-review
AOM_001540,Cyperus elegantulus,feed-material-descendant;crop-forage-navigation,AOM_000735,Forage Plants,3,,,AOM_000734,Other Forage Plants,0,0,affected-descendant-inventory;source-navigation-impact-review
AOM_001541,Cyperus rotundus,feed-material-descendant;crop-forage-navigation,AOM_000735,Forage Plants,3,,,AOM_000734,Other Forage Plants,0,0,affected-descendant-inventory;source-navigation-impact-review
AOM_001542,Euphorbia heterophylla,feed-material-descendant;crop-forage-navigation,AOM_000735,Forage Plants,3,,,AOM_000734,Other Forage Plants,1,1,affected-descendant-inventory;source-navigation-impact-review
AOM_001543,Fabaceae,feed-material-descendant;crop-forage-navigation,AOM_000735,Forage Plants,3,,,AOM_000734,Other Forage Plants,0,0,affected-descendant-inventory;source-navigation-impact-review
AOM_001548,Trifolium repens,feed-material-descendant;crop-forage-navigation,AOM_000735,Forage Plants,3,,,AOM_000726,Legume Forages,1,1,affected-descendant-inventory;source-navigation-impact-review
AOM_001549,Talinium triangulare,feed-material-descendant;crop-forage-navigation,AOM_000735,Forage Plants,3,,,AOM_000734,Other Forage Plants,1,1,affected-descendant-inventory;source-navigation-impact-review
AOM_001550,Talinium triangulare Leaves,feed-material-descendant;crop-forage-navigation,AOM_000735,Forage Plants,4,,,AOM_001549,Talinium triangulare,0,0,affected-descendant-inventory;source-navigation-impact-review
AOM_001551,Tribulus terrestris,feed-material-descendant;crop-forage-navigation,AOM_000735,Forage Plants,3,,,AOM_000734,Other Forage Plants,0,0,affected-descendant-inventory;source-navigation-impact-review
AOM_001552,Water Hyacinth Fermented,feed-material-descendant;crop-forage-navigation,AOM_000735,Forage Plants,4,,,AOM_000682,Water Hyacinth,0,0,affected-descendant-inventory;source-navigation-impact-review
AOM_001554,Water Hyacinth Molasses Fermented,feed-material-descendant;crop-forage-navigation,AOM_000735,Forage Plants,4,,,AOM_000682,Water Hyacinth,0,0,affected-descendant-inventory;source-navigation-impact-review
AOM_001555,Water Hyacinth Yeast Fermented,feed-material-descendant;crop-forage-navigation,AOM_000735,Forage Plants,4,,,AOM_000682,Water Hyacinth,0,0,affected-descendant-inventory;source-navigation-impact-review
AOM_001556,Lemna,feed-material-descendant;crop-forage-navigation,AOM_000735,Forage Plants,3,,,AOM_000683,Aquatic Plants,1,1,affected-descendant-inventory;source-navigation-impact-review
AOM_001557,Lemna minor,feed-material-descendant;crop-forage-navigation,AOM_000735,Forage Plants,3,,,AOM_000683,Aquatic Plants,0,0,affected-descendant-inventory;source-navigation-impact-review
AOM_001558,Potamogeton lucens,feed-material-descendant;crop-forage-navigation,AOM_000735,Forage Plants,3,,,AOM_000683,Aquatic Plants,2,4,affected-descendant-inventory;source-navigation-impact-review
AOM_001559,Potamogeton lucens Leaves,feed-material-descendant;crop-forage-navigation,AOM_000735,Forage Plants,4,,,AOM_001558,Potamogeton lucens,1,1,affected-descendant-inventory;source-navigation-impact-review
AOM_001560,Potamogeton lucens Pods,feed-material-descendant;crop-forage-navigation,AOM_000735,Forage Plants,4,,,AOM_001558,Potamogeton lucens,1,1,affected-descendant-inventory;source-navigation-impact-review
AOM_001561,Ulva lactuca,feed-material-descendant;crop-forage-navigation,AOM_000735,Forage Plants,3,,,AOM_000683,Aquatic Plants,0,0,affected-descendant-inventory;source-navigation-impact-review
AOM_001562,Ulva armoricana,feed-material-descendant;crop-forage-navigation,AOM_000735,Forage Plants,3,,,AOM_000683,Aquatic Plants,0,0,affected-descendant-inventory;source-navigation-impact-review
AOM_001563,Ulva rigida,feed-material-descendant;crop-forage-navigation,AOM_000735,Forage Plants,3,,,AOM_000683,Aquatic Plants,2,2,affected-descendant-inventory;source-navigation-impact-review
AOM_001564,Ulva rigida Ground,feed-material-descendant;crop-forage-navigation,AOM_000735,Forage Plants,4,,,AOM_001563,Ulva rigida,0,0,affected-descendant-inventory;source-navigation-impact-review
AOM_001565,Vallisneria aethiopica,feed-material-descendant;crop-forage-navigation,AOM_000735,Forage Plants,3,,,AOM_000683,Aquatic Plants,0,0,affected-descendant-inventory;source-navigation-impact-review
AOM_001567,Adansonia digitata,feed-material-descendant;crop-forage-navigation,AOM_000735,Forage Plants,3,,,AOM_000718,Forage Trees,2,6,affected-descendant-inventory;source-navigation-impact-review
AOM_001568,Adansonia digitata Seed Cake,feed-material-descendant;crop-forage-navigation,AOM_000735,Forage Plants,4,,,AOM_001567,Adansonia digitata,0,0,affected-descendant-inventory;source-navigation-impact-review
AOM_001569,Asteriscus maritimus,feed-material-descendant;crop-forage-navigation,AOM_000735,Forage Plants,3,,,AOM_000734,Other Forage Plants,0,0,affected-descendant-inventory;source-navigation-impact-review
AOM_001570,Atractylis cancellata,feed-material-descendant;crop-forage-navigation,AOM_000735,Forage Plants,3,,,AOM_000734,Other Forage Plants,0,0,affected-descendant-inventory;source-navigation-impact-review
AOM_001573,Catha edulis,feed-material-descendant;crop-forage-navigation,AOM_000735,Forage Plants,3,,,AOM_000734,Other Forage Plants,1,3,affected-descendant-inventory;source-navigation-impact-review
AOM_001574,Catha edulis Residue,feed-material-descendant;crop-forage-navigation,AOM_000735,Forage Plants,4,,,AOM_001573,Catha edulis,2,2,affected-descendant-inventory;source-navigation-impact-review
AOM_001575,Crotalaria ochroleuca,feed-material-descendant;crop-forage-navigation,AOM_000735,Forage Plants,3,,,AOM_000726,Legume Forages,1,1,affected-descendant-inventory;source-navigation-impact-review
AOM_001579,Elancoban,feed-additive-branch,,,,2,,AOM_004433,Coccidiostats and histomonostats,0,0,authority-boundary-comparison
AOM_001581,Andropogon gayanus Dried,feed-material-descendant;crop-forage-navigation,AOM_000735,Forage Plants,4,,,AOM_001380,Andropogon gayanus,0,0,affected-descendant-inventory;source-navigation-impact-review
AOM_001582,Soybean,feed-material-descendant;crop-forage-navigation,AOM_100921,Crop product,3,,,AOM_000667,Legume Products,10,12,affected-descendant-inventory;source-navigation-impact-review
AOM_001583,Soybean Autoclaved Ground,feed-material-descendant;crop-forage-navigation,AOM_100921,Crop product,4,,,AOM_001582,Soybean,0,0,affected-descendant-inventory;source-navigation-impact-review
AOM_001586,Soybean Oil,feed-material-descendant;crop-forage-navigation,AOM_100921,Crop product,4,,,AOM_001582,Soybean,0,0,affected-descendant-inventory;source-navigation-impact-review
AOM_001588,Ficus,feed-material-descendant;crop-forage-navigation,AOM_000735,Forage Plants,3,,,AOM_000718,Forage Trees,0,0,affected-descendant-inventory;source-navigation-impact-review
AOM_001590,Acacia angustissima Dried,feed-material-descendant;crop-forage-navigation,AOM_000735,Forage Plants,4,,,AOM_000703,Acacia angustissima,0,0,affected-descendant-inventory;source-navigation-impact-review
AOM_001591,Acacia angustissima Leaves,feed-material-descendant;crop-forage-navigation,AOM_000735,Forage Plants,4,,,AOM_000703,Acacia angustissima,1,1,affected-descendant-inventory;source-navigation-impact-review
AOM_001592,Acacia angusitissima Leaves Dried Ensiled,feed-material-descendant;crop-forage-navigation,AOM_000735,Forage Plants,5,,,AOM_001591,Acacia angustissima Leaves,0,0,affected-descendant-inventory;source-navigation-impact-review
AOM_001593,Acacia nilotica Leaves,feed-material-descendant;crop-forage-navigation,AOM_000735,Forage Plants,4,,,AOM_000704,Acacia nilotica,2,2,affected-descendant-inventory;source-navigation-impact-review
AOM_001594,Acacia nilotica Leaves Dried,feed-material-descendant;crop-forage-navigation,AOM_000735,Forage Plants,5,,,AOM_001593,Acacia nilotica Leaves,0,0,affected-descendant-inventory;source-navigation-impact-review
AOM_001595,Acacia nilotica Pods,feed-material-descendant;crop-forage-navigation,AOM_000735,Forage Plants,4,,,AOM_000704,Acacia nilotica,1,1,affected-descendant-inventory;source-navigation-impact-review
AOM_001596,Acacia nilotica Pods Dried,feed-material-descendant;crop-forage-navigation,AOM_000735,Forage Plants,5,,,AOM_001595,Acacia nilotica Pods,0,0,affected-descendant-inventory;source-navigation-impact-review
AOM_001597,Acacia senegal Leaves Dried,feed-material-descendant;crop-forage-navigation,AOM_000735,Forage Plants,5,,,AOM_001123,Acacia senegal Leaves,0,0,affected-descendant-inventory;source-navigation-impact-review
AOM_001598,Acacia senegal Pods Dried,feed-material-descendant;crop-forage-navigation,AOM_000735,Forage Plants,5,,,AOM_001122,Acacia senegal Pods,0,0,affected-descendant-inventory;source-navigation-impact-review
AOM_001599,Acacia sieberiana Dried Ensiled Ground,feed-material-descendant;crop-forage-navigation,AOM_000735,Forage Plants,4,,,AOM_000705,Acacia sieberiana,0,0,affected-descendant-inventory;source-navigation-impact-review
AOM_001600,Vachellia polyacantha Leaves,feed-material-descendant;crop-forage-navigation,AOM_000735,Forage Plants,4,,,AOM_003693,Vachellia polyacantha,1,1,affected-descendant-inventory;source-navigation-impact-review
AOM_001601,Acacia tortilis Pods Ground,feed-material-descendant;crop-forage-navigation,AOM_000735,Forage Plants,5,,,AOM_003961,Acacia tortilis Pods,0,0,affected-descendant-inventory;source-navigation-impact-review
AOM_001602,Acacia tortilis Pods Dried,feed-material-descendant;crop-forage-navigation,AOM_000735,Forage Plants,5,,,AOM_003961,Acacia tortilis Pods,0,0,affected-descendant-inventory;source-navigation-impact-review
AOM_001603,Acacia tortilis Fruits,feed-material-descendant;crop-forage-navigation,AOM_000735,Forage Plants,4,,,AOM_000706,Acacia tortilis,1,1,affected-descendant-inventory;source-navigation-impact-review
AOM_001604,Acacia tortilis Fruits Dried,feed-material-descendant;crop-forage-navigation,AOM_000735,Forage Plants,5,,,AOM_001603,Acacia tortilis Fruits,0,0,affected-descendant-inventory;source-navigation-impact-review
AOM_001605,African Palm Larvae Dried Ground,feed-material-descendant,AOM_000559,Animal,4,,,AOM_001805,African Palm Larvae,0,0,affected-descendant-inventory
AOM_001609,Annona senegalensis Leaves Wilted,feed-material-descendant;crop-forage-navigation,AOM_000735,Forage Plants,5,,,AOM_001129,Annona senegalensis Leaves,0,0,affected-descendant-inventory;source-navigation-impact-review
AOM_001610,Oyster Shells Ground,feed-material-descendant,AOM_100976,Animal by-products,4,,,AOM_000557,Oyster Shells,0,0,affected-descendant-inventory
AOM_001611,Atella Fermented,feed-material-descendant;crop-forage-navigation,AOM_001916,Crop Byproduct,4,,,AOM_001876,Atella,0,0,affected-descendant-inventory;source-navigation-impact-review
AOM_001612,Azadirachta indica Leaves Dried,feed-material-descendant;crop-forage-navigation,AOM_000735,Forage Plants,5,,,AOM_001132,Azadirachta indica Leaves,0,0,affected-descendant-inventory;source-navigation-impact-review
AOM_001613,Barley Ground,feed-material-descendant;crop-forage-navigation,AOM_100921,Crop product,4,,,AOM_001202,Barley,0,0,affected-descendant-inventory;source-navigation-impact-review
AOM_001614,Maize Bran,feed-material-descendant;crop-forage-navigation,AOM_001916,Crop Byproduct,4,,,AOM_100851,Maize by-products,4,4,affected-descendant-inventory;source-navigation-impact-review
AOM_001615,Maize Sheath Ground,feed-material-descendant;crop-forage-navigation,AOM_001916,Crop Byproduct,5,,,AOM_001297,Maize Sheath,0,0,affected-descendant-inventory;source-navigation-impact-review
AOM_001616,Blood,feed-material-descendant,AOM_000559,Animal,2,,,AOM_000559,Animal,2,2,affected-descendant-inventory
AOM_001617,Maize Straw Dried Ground,feed-material-descendant;crop-forage-navigation,AOM_001916,Crop Byproduct,5,,,AOM_000572,Maize Straw,0,0,affected-descendant-inventory;source-navigation-impact-review
AOM_001618,Oat Fodder,feed-material-descendant;crop-forage-navigation,AOM_001916,Crop Byproduct,4,,,AOM_100860,Oat by-products,0,0,affected-descendant-inventory;source-navigation-impact-review
AOM_001619,Rice Husk Dried Urea Treated,feed-material-descendant;crop-forage-navigation,AOM_001916,Crop Byproduct,5,,,AOM_000576,Rice Husk,0,0,affected-descendant-inventory;source-navigation-impact-review
AOM_001620,Bracharia decumbens Ensiled,feed-material-descendant;crop-forage-navigation,AOM_000735,Forage Plants,4,,,AOM_001397,Bracharia decumbens,0,0,affected-descendant-inventory;source-navigation-impact-review
AOM_001621,Tata Dried,feed-material-descendant;crop-forage-navigation,AOM_001916,Crop Byproduct,4,,,AOM_006006,Tata,0,0,affected-descendant-inventory;source-navigation-impact-review
AOM_001622,Wheat Bran Ground,feed-material-descendant;crop-forage-navigation,AOM_001916,Crop Byproduct,5,,,AOM_000585,Wheat Bran,0,0,affected-descendant-inventory;source-navigation-impact-review
AOM_001623,Wheat Offal Ground,feed-material-descendant;crop-forage-navigation,AOM_001916,Crop Byproduct,5,,,AOM_000589,Wheat Offal,0,0,affected-descendant-inventory;source-navigation-impact-review
AOM_001624,Wheat Straw Lime Treated Urea Treated,feed-material-descendant;crop-forage-navigation,AOM_001916,Crop Byproduct,5,,,AOM_001887,Wheat Straw,0,0,affected-descendant-inventory;source-navigation-impact-review
AOM_001625,Mango Seed Kernel,feed-material-descendant;crop-forage-navigation,AOM_001916,Crop Byproduct,4,,,AOM_001196,Mango Seed,0,0,affected-descendant-inventory;source-navigation-impact-review
AOM_001626,Cassava Leaves Dried,feed-material-descendant;crop-forage-navigation,AOM_001916,Crop Byproduct,5,,,AOM_000635,Cassava Leaves,0,0,affected-descendant-inventory;source-navigation-impact-review
AOM_001627,Cassava Peel Dried,feed-material-descendant;crop-forage-navigation,AOM_001916,Crop Byproduct,5,,,AOM_002112,Cassava Peel,0,0,affected-descendant-inventory;source-navigation-impact-review
AOM_001628,Catha edulis Residue Dried,feed-material-descendant;crop-forage-navigation,AOM_000735,Forage Plants,5,,,AOM_001574,Catha edulis Residue,0,0,affected-descendant-inventory;source-navigation-impact-review
AOM_001629,Pigeon Pea Leaves Dried,feed-material-descendant;crop-forage-navigation,AOM_001916,Crop Byproduct,5,,,AOM_000609,Pigeon Pea Leaves,0,0,affected-descendant-inventory;source-navigation-impact-review
AOM_001630,Chamaecytisus palmensis Leaves,feed-material-descendant;crop-forage-navigation,AOM_000735,Forage Plants,4,,,AOM_001137,Chamaecytisus palmensis,1,1,affected-descendant-inventory;source-navigation-impact-review
AOM_001631,Chamaecytisus palmensis Leaves Dried,feed-material-descendant;crop-forage-navigation,AOM_000735,Forage Plants,5,,,AOM_001630,Chamaecytisus palmensis Leaves,0,0,affected-descendant-inventory;source-navigation-impact-review
AOM_001632,Pigeon Pea Dried,feed-material-descendant;crop-forage-navigation,AOM_100921,Crop product,4,,,AOM_001314,Pigeon Pea,0,0,affected-descendant-inventory;source-navigation-impact-review
AOM_001633,Chloris gayana Dried,feed-material-descendant;crop-forage-navigation,AOM_000735,Forage Plants,4,,,AOM_001402,Chloris gayana,1,1,affected-descendant-inventory;source-navigation-impact-review
AOM_001634,Chloris gayana Dried Wilted,feed-material-descendant;crop-forage-navigation,AOM_000735,Forage Plants,4,,,AOM_001402,Chloris gayana,0,0,affected-descendant-inventory;source-navigation-impact-review
AOM_001635,Chloris gayana Dried Ground,feed-material-descendant;crop-forage-navigation,AOM_000735,Forage Plants,5,,,AOM_001633,Chloris gayana Dried,0,0,affected-descendant-inventory;source-navigation-impact-review
AOM_001636,Chromolaena odorata Leaves,feed-material-descendant;crop-forage-navigation,AOM_000735,Forage Plants,4,,,AOM_001536,Chromolaena odorata,2,2,affected-descendant-inventory;source-navigation-impact-review
AOM_001637,Chromolaena odorata Leaves Dried Ground,feed-material-descendant;crop-forage-navigation,AOM_000735,Forage Plants,5,,,AOM_001636,Chromolaena odorata Leaves,0,0,affected-descendant-inventory;source-navigation-impact-review
AOM_001638,Palm Kernel Cake,feed-material-descendant;crop-forage-navigation,AOM_001916,Crop Byproduct,4,,,AOM_100901,Palm kernel by-products,0,0,affected-descendant-inventory;source-navigation-impact-review
AOM_001641,Cotton Seed Cake Dried,feed-material-descendant;crop-forage-navigation,AOM_001916,Crop Byproduct,5,,,AOM_003973,Cotton Seed,0,0,affected-descendant-inventory;source-navigation-impact-review
AOM_001642,Cotton Seed Decorticated Ground,feed-material-descendant;crop-forage-navigation,AOM_001916,Crop Byproduct,5,,,AOM_003973,Cotton Seed,0,0,affected-descendant-inventory;source-navigation-impact-review
AOM_001643,Cotton Seed Ground,feed-material-descendant;crop-forage-navigation,AOM_001916,Crop Byproduct,5,,,AOM_003973,Cotton Seed,0,0,affected-descendant-inventory;source-navigation-impact-review
AOM_001644,Cotton Seed Cake Ground,feed-material-descendant;crop-forage-navigation,AOM_001916,Crop Byproduct,5,,,AOM_003973,Cotton Seed,0,0,affected-descendant-inventory;source-navigation-impact-review
AOM_001645,Sheanut Cake Boiled Dried,feed-material-descendant;crop-forage-navigation,AOM_001916,Crop Byproduct,4,,,AOM_100903,Sheanut by-products,0,0,affected-descendant-inventory;source-navigation-impact-review
AOM_001646,Cowpea Dried,feed-material-descendant;crop-forage-navigation,AOM_001916,Crop Byproduct,4,,,AOM_100867,Cowpea by-products,0,0,affected-descendant-inventory;source-navigation-impact-review
AOM_001647,Cassava Leaves Dried Ground,feed-material-descendant;crop-forage-navigation,AOM_001916,Crop Byproduct,5,,,AOM_000635,Cassava Leaves,0,0,affected-descendant-inventory;source-navigation-impact-review
AOM_001649,Cynadon dactylon Dried,feed-material-descendant;crop-forage-navigation,AOM_000735,Forage Plants,4,,,AOM_001462,Cynodon dactylon,0,0,affected-descendant-inventory;source-navigation-impact-review
AOM_001650,Taro Leaves Boiled Dried,feed-material-descendant;crop-forage-navigation,AOM_001916,Crop Byproduct,5,,,AOM_001266,Taro Leaves,0,0,affected-descendant-inventory;source-navigation-impact-review
AOM_001651,Yam Peels Dried,feed-material-descendant;crop-forage-navigation,AOM_001916,Crop Byproduct,5,,,AOM_000640,Yam Peels,0,0,affected-descendant-inventory;source-navigation-impact-review
AOM_001654,Dichrostachys cinerea Fruits,feed-material-descendant;crop-forage-navigation,AOM_000735,Forage Plants,4,,,AOM_001141,Dichrostachys cinerea,1,1,affected-descendant-inventory;source-navigation-impact-review
AOM_001655,Dichrostachys cinerea Fruits Dried,feed-material-descendant;crop-forage-navigation,AOM_000735,Forage Plants,5,,,AOM_001654,Dichrostachys cinerea Fruits,0,0,affected-descendant-inventory;source-navigation-impact-review
AOM_001656,Maize Dried Ground,feed-material-descendant;crop-forage-navigation,AOM_100921,Crop product,5,,,AOM_000649,Maize Grain,0,0,affected-descendant-inventory;source-navigation-impact-review
AOM_001657,Ficus thonningii Leaves Ground,feed-material-descendant;crop-forage-navigation,AOM_000735,Forage Plants,5,,,AOM_001148,Ficus thonningii Leaves,0,0,affected-descendant-inventory;source-navigation-impact-review
AOM_001658,Fish Dried Ground Heated,feed-material-descendant,AOM_000559,Animal,3,,,AOM_000549,Fish,0,0,affected-descendant-inventory
AOM_001660,Groundnut Cake Ground,feed-material-descendant;crop-forage-navigation,AOM_001916,Crop Byproduct,5,,,AOM_001254,Groundnut Cake,0,0,affected-descendant-inventory;source-navigation-impact-review
AOM_001661,Onion Bulb Dried Ethanol Treated Blended,feed-material-descendant;crop-forage-navigation,AOM_100921,Crop product,5,,,AOM_001359,Onion Bulb,0,0,affected-descendant-inventory;source-navigation-impact-review
AOM_001662,Scarlet Eggplant Wilted,feed-material-descendant;crop-forage-navigation,AOM_100921,Crop product,4,,,AOM_001360,Scarlet Eggplant,0,0,affected-descendant-inventory;source-navigation-impact-review
AOM_001663,Hyparrhenia rufa Dried,feed-material-descendant;crop-forage-navigation,AOM_000735,Forage Plants,4,,,AOM_001405,Hyparrhenia rufa,0,0,affected-descendant-inventory;source-navigation-impact-review
AOM_001664,Ulva rigida Dried Ground,feed-material-descendant;crop-forage-navigation,AOM_000735,Forage Plants,4,,,AOM_001563,Ulva rigida,0,0,affected-descendant-inventory;source-navigation-impact-review
AOM_001665,Lablab purpureus Dried Wilted,feed-material-descendant;crop-forage-navigation,AOM_000735,Forage Plants,4,,,AOM_002204,Lablab purpureus,0,0,affected-descendant-inventory;source-navigation-impact-review
AOM_001666,Lablab purpureus Crushed Dried,feed-material-descendant;crop-forage-navigation,AOM_000735,Forage Plants,4,,,AOM_002204,Lablab purpureus,0,0,affected-descendant-inventory;source-navigation-impact-review
AOM_001667,Leucaena leucocephala Dried,feed-material-descendant;crop-forage-navigation,AOM_000735,Forage Plants,4,,,AOM_000710,Leucaena leucocephala,0,0,affected-descendant-inventory;source-navigation-impact-review
AOM_001668,Leucaena leucocephala Wilted,feed-material-descendant;crop-forage-navigation,AOM_000735,Forage Plants,4,,,AOM_000710,Leucaena leucocephala,0,0,affected-descendant-inventory;source-navigation-impact-review
AOM_001669,Leucaena leucocephala Dried Ground,feed-material-descendant;crop-forage-navigation,AOM_000735,Forage Plants,4,,,AOM_000710,Leucaena leucocephala,0,0,affected-descendant-inventory;source-navigation-impact-review
AOM_001671,Leucaena leucocephala Leaves Dried Ensiled,feed-material-descendant;crop-forage-navigation,AOM_000735,Forage Plants,5,,,AOM_001672,Leucaena leucocephala Leaves,0,0,affected-descendant-inventory;source-navigation-impact-review
AOM_001672,Leucaena leucocephala Leaves,feed-material-descendant;crop-forage-navigation,AOM_000735,Forage Plants,4,,,AOM_000710,Leucaena leucocephala,5,5,affected-descendant-inventory;source-navigation-impact-review
AOM_001674,Maize Ground,feed-material-descendant;crop-forage-navigation,AOM_100921,Crop product,4,,,AOM_000648,Maize,0,0,affected-descendant-inventory;source-navigation-impact-review
AOM_001675,Baby Corn Stalk,feed-material-descendant;crop-forage-navigation,AOM_001916,Crop Byproduct,4,,,AOM_100855,Baby corn by-products,2,2,affected-descendant-inventory;source-navigation-impact-review
AOM_001676,Megathyrsus maximus Dried,feed-material-descendant;crop-forage-navigation,AOM_000735,Forage Plants,4,,,AOM_001479,Megathyrsus maximus,0,0,affected-descendant-inventory;source-navigation-impact-review
AOM_001677,Panicum maximum Ensiled,feed-material-descendant;crop-forage-navigation,AOM_000735,Forage Plants,4,,,AOM_001407,Panicum maximum,0,0,affected-descendant-inventory;source-navigation-impact-review
AOM_001679,Maize Grain Ground,feed-material-descendant;crop-forage-navigation,AOM_100921,Crop product,5,,,AOM_000649,Maize Grain,0,0,affected-descendant-inventory;source-navigation-impact-review
AOM_001681,Pennisetum purpureum Dried Ground,feed-material-descendant;crop-forage-navigation,AOM_000735,Forage Plants,4,,,AOM_000689,Pennisetum purpureum,0,0,affected-descendant-inventory;source-navigation-impact-review
AOM_001682,Maize Straw Ground,feed-material-descendant;crop-forage-navigation,AOM_001916,Crop Byproduct,5,,,AOM_000572,Maize Straw,0,0,affected-descendant-inventory;source-navigation-impact-review
AOM_001684,Maize Straw Dried Ensiled Ground Urea Treated,feed-material-descendant;crop-forage-navigation,AOM_001916,Crop Byproduct,5,,,AOM_000572,Maize Straw,0,0,affected-descendant-inventory;source-navigation-impact-review
AOM_001686,Maize Straw Dried,feed-material-descendant;crop-forage-navigation,AOM_001916,Crop Byproduct,5,,,AOM_000572,Maize Straw,0,0,affected-descendant-inventory;source-navigation-impact-review
AOM_001687,Maize Straw Urea Treated,feed-material-descendant;crop-forage-navigation,AOM_001916,Crop Byproduct,5,,,AOM_000572,Maize Straw,0,0,affected-descendant-inventory;source-navigation-impact-review
AOM_001688,Maize Straw Ground Urea Treated,feed-material-descendant;crop-forage-navigation,AOM_001916,Crop Byproduct,5,,,AOM_000572,Maize Straw,0,0,affected-descendant-inventory;source-navigation-impact-review
AOM_001689,Schizachyrium exile Urea Treated,feed-material-descendant;crop-forage-navigation,AOM_000735,Forage Plants,4,,,AOM_001516,Schizachyrium exile,0,0,affected-descendant-inventory;source-navigation-impact-review
AOM_001692,Schoenefeldia gracilis Dried,feed-material-descendant;crop-forage-navigation,AOM_000735,Forage Plants,4,,,AOM_001518,Schoenefeldia gracilis,0,0,affected-descendant-inventory;source-navigation-impact-review
AOM_001693,Mango Seed Dried Ground,feed-material-descendant;crop-forage-navigation,AOM_001916,Crop Byproduct,4,,,AOM_001196,Mango Seed,0,0,affected-descendant-inventory;source-navigation-impact-review
AOM_001694,Mango Seed Kernel Dried Ground,feed-material-descendant;crop-forage-navigation,AOM_001916,Crop Byproduct,3,,,AOM_100884,Mango by-products,0,0,affected-descendant-inventory;source-navigation-impact-review
AOM_001695,Mango Seed Kernel Crushed Dried,feed-material-descendant;crop-forage-navigation,AOM_001916,Crop Byproduct,3,,,AOM_100884,Mango by-products,0,0,affected-descendant-inventory;source-navigation-impact-review
AOM_001696,Moringa oleifera Dried,feed-material-descendant;crop-forage-navigation,AOM_000735,Forage Plants,4,,,AOM_001152,Moringa oleifera,0,0,affected-descendant-inventory;source-navigation-impact-review
AOM_001697,Mucuna pruriens Dried,feed-material-descendant;crop-forage-navigation,AOM_000735,Forage Plants,4,,,AOM_001227,Mucuna pruriens,0,0,affected-descendant-inventory;source-navigation-impact-review
AOM_001698,Mucuna pruriens Seed Crushed,feed-material-descendant;crop-forage-navigation,AOM_000735,Forage Plants,5,,,AOM_001164,Mucuna pruriens Seed,0,0,affected-descendant-inventory;source-navigation-impact-review
AOM_001699,Afzelia africana Leaves,feed-material-descendant;crop-forage-navigation,AOM_000735,Forage Plants,4,,,AOM_001126,Afzelia africana,1,1,affected-descendant-inventory;source-navigation-impact-review
AOM_001700,Noug Cake Ground,feed-material-descendant;crop-forage-navigation,AOM_001916,Crop Byproduct,4,,,AOM_001190,Noug,0,0,affected-descendant-inventory;source-navigation-impact-review
AOM_001701,Calliandra calothyrsus Leaves Dried Ground,feed-material-descendant;crop-forage-navigation,AOM_000735,Forage Plants,5,,,AOM_001134,Calliandra calothyrsus Leaves,0,0,affected-descendant-inventory;source-navigation-impact-review
AOM_001702,Oat Leaves Dried Ground,feed-material-descendant;crop-forage-navigation,AOM_001916,Crop Byproduct,4,,,AOM_100860,Oat by-products,0,0,affected-descendant-inventory;source-navigation-impact-review
AOM_001703,Chamaecytisus palmensis Dried,feed-material-descendant;crop-forage-navigation,AOM_000735,Forage Plants,4,,,AOM_001137,Chamaecytisus palmensis,0,0,affected-descendant-inventory;source-navigation-impact-review
AOM_001704,Daniellia oliveri Leaves Wilted,feed-material-descendant;crop-forage-navigation,AOM_000735,Forage Plants,5,,,AOM_001140,Daniellia oliveri Leaves,0,0,affected-descendant-inventory;source-navigation-impact-review
AOM_001705,Erythrina brucei Leaves Dried,feed-material-descendant;crop-forage-navigation,AOM_000735,Forage Plants,5,,,AOM_001143,Erythrina brucei Leaves,0,0,affected-descendant-inventory;source-navigation-impact-review
AOM_001706,Olive Leaves Dried,feed-material-descendant;crop-forage-navigation,AOM_000735,Forage Plants,5,,,AOM_000730,Olive Leaves,0,0,affected-descendant-inventory;source-navigation-impact-review
AOM_001708,Palm Kernel Dried Ground,feed-material-descendant;crop-forage-navigation,AOM_001916,Crop Byproduct,4,,,AOM_100901,Palm kernel by-products,0,0,affected-descendant-inventory;source-navigation-impact-review
AOM_001709,Panicum maximum Wilted,feed-material-descendant;crop-forage-navigation,AOM_000735,Forage Plants,4,,,AOM_001407,Panicum maximum,0,0,affected-descendant-inventory;source-navigation-impact-review
AOM_001710,Leucaena leucocephala Leaves Dried,feed-material-descendant;crop-forage-navigation,AOM_000735,Forage Plants,5,,,AOM_001672,Leucaena leucocephala Leaves,0,0,affected-descendant-inventory;source-navigation-impact-review
AOM_001711,Moringa oleifera Ensiled,feed-material-descendant;crop-forage-navigation,AOM_000735,Forage Plants,4,,,AOM_001152,Moringa oleifera,0,0,affected-descendant-inventory;source-navigation-impact-review
AOM_001713,Pennisetum clandestinum Dried,feed-material-descendant;crop-forage-navigation,AOM_000735,Forage Plants,4,,,AOM_001409,Pennisetum clandestinum,0,0,affected-descendant-inventory;source-navigation-impact-review
AOM_001714,Pennisetum clandestinum Dried Ground,feed-material-descendant;crop-forage-navigation,AOM_000735,Forage Plants,4,,,AOM_001409,Pennisetum clandestinum,0,0,affected-descendant-inventory;source-navigation-impact-review
AOM_001715,Opuntia ficus indica Cladode Dried,feed-material-descendant;crop-forage-navigation,AOM_000735,Forage Plants,5,,,AOM_001914,Opuntia ficus indica Cladode,0,0,affected-descendant-inventory;source-navigation-impact-review
AOM_001717,Pennisetum pedicellatum Dried,feed-material-descendant;crop-forage-navigation,AOM_000735,Forage Plants,4,,,AOM_001413,Pennisetum pedicellatum,0,0,affected-descendant-inventory;source-navigation-impact-review
AOM_001718,Pennisetum pedicellatum Dried Ground,feed-material-descendant;crop-forage-navigation,AOM_000735,Forage Plants,4,,,AOM_001413,Pennisetum pedicellatum,0,0,affected-descendant-inventory;source-navigation-impact-review
AOM_001719,Piliostigma thonningii Leaves Wilted,feed-material-descendant;crop-forage-navigation,AOM_000735,Forage Plants,5,,,AOM_001525,Piliostigma thonningii Leaves,0,0,affected-descendant-inventory;source-navigation-impact-review
AOM_001720,Pennisetum purpureum Ground,feed-material-descendant;crop-forage-navigation,AOM_000735,Forage Plants,4,,,AOM_000689,Pennisetum purpureum,0,0,affected-descendant-inventory;source-navigation-impact-review
AOM_001721,Pennisetum purpureum Dried,feed-material-descendant;crop-forage-navigation,AOM_000735,Forage Plants,4,,,AOM_000689,Pennisetum purpureum,0,0,affected-descendant-inventory;source-navigation-impact-review
AOM_001722,Pithecellobium dulce Leaves Dried,feed-material-descendant;crop-forage-navigation,AOM_000735,Forage Plants,5,,,AOM_001170,Pithecellobium dulce Leaves,0,0,affected-descendant-inventory;source-navigation-impact-review
AOM_001723,Psophocarpus scandens Leaves Wilted,feed-material-descendant;crop-forage-navigation,AOM_000735,Forage Plants,5,,,AOM_001531,Psophocarpus scandens Leaves,0,0,affected-descendant-inventory;source-navigation-impact-review
AOM_001724,Sesbania sesban Leaves Wilted,feed-material-descendant;crop-forage-navigation,AOM_000735,Forage Plants,5,,,AOM_001740,Sesbania sesban Leaves,0,0,affected-descendant-inventory;source-navigation-impact-review
AOM_001725,Sesbania goetzei Dried,feed-material-descendant;crop-forage-navigation,AOM_000735,Forage Plants,4,,,AOM_001174,Sesbania goetzei,0,0,affected-descendant-inventory;source-navigation-impact-review
AOM_001726,Tithonia diversifolia Dried,feed-material-descendant;crop-forage-navigation,AOM_000735,Forage Plants,4,,,AOM_000716,Tithonia diversifolia,0,0,affected-descendant-inventory;source-navigation-impact-review
AOM_001727,Centrosema pubescens Ensiled,feed-material-descendant;crop-forage-navigation,AOM_000735,Forage Plants,4,,,AOM_001208,Centrosema pubescens,0,0,affected-descendant-inventory;source-navigation-impact-review
AOM_001728,Crotalaria ochroleuca Dried,feed-material-descendant;crop-forage-navigation,AOM_000735,Forage Plants,4,,,AOM_001575,Crotalaria ochroleuca,0,0,affected-descendant-inventory;source-navigation-impact-review
AOM_001729,Desmodium intortum Dried,feed-material-descendant;crop-forage-navigation,AOM_000735,Forage Plants,4,,,AOM_001212,Desmodium intortum,0,0,affected-descendant-inventory;source-navigation-impact-review
AOM_001730,Prosopis juliflora Pods Ground,feed-material-descendant;crop-forage-navigation,AOM_000735,Forage Plants,5,,,AOM_000713,Prosopis juliflora Pods,0,0,affected-descendant-inventory;source-navigation-impact-review
AOM_001731,Lablab purpureus Leaves Dried,feed-material-descendant;crop-forage-navigation,AOM_000735,Forage Plants,5,,,AOM_001215,Lablab purpureus Leaves,0,0,affected-descendant-inventory;source-navigation-impact-review
AOM_001732,Lablab purpureus Dried,feed-material-descendant;crop-forage-navigation,AOM_000735,Forage Plants,4,,,AOM_002204,Lablab purpureus,0,0,affected-descendant-inventory;source-navigation-impact-review
AOM_001734,Macroptilium atropurpureum Dried Ground,feed-material-descendant;crop-forage-navigation,AOM_000735,Forage Plants,4,,,AOM_001221,Macroptilium atropurpureum,0,0,affected-descendant-inventory;source-navigation-impact-review
AOM_001735,Macrotyloma axillare Dried,feed-material-descendant;crop-forage-navigation,AOM_000735,Forage Plants,4,,,AOM_001222,Macrotyloma axillare,0,0,affected-descendant-inventory;source-navigation-impact-review
AOM_001736,Stylosanthes guianensis Dried Ground,feed-material-descendant;crop-forage-navigation,AOM_000735,Forage Plants,4,,,AOM_001233,Stylosanthes guianensis,0,0,affected-descendant-inventory;source-navigation-impact-review
AOM_001737,Stylosanthes hamata Cake Ground Roasted,feed-material-descendant;crop-forage-navigation,AOM_000735,Forage Plants,4,,,AOM_001236,Stylosanthes hamata,0,0,affected-descendant-inventory;source-navigation-impact-review
AOM_001738,Trifolium alexandrinum Dried,feed-material-descendant;crop-forage-navigation,AOM_000735,Forage Plants,4,,,AOM_001240,Trifolium alexandrinum,0,0,affected-descendant-inventory;source-navigation-impact-review
AOM_001739,Sesbania goetzei Leaves Dried,feed-material-descendant;crop-forage-navigation,AOM_000735,Forage Plants,4,,,AOM_001174,Sesbania goetzei,0,0,affected-descendant-inventory;source-navigation-impact-review
AOM_001740,Sesbania sesban Leaves,feed-material-descendant;crop-forage-navigation,AOM_000735,Forage Plants,4,,,AOM_003079,Sesbania sesban,3,3,affected-descendant-inventory;source-navigation-impact-review
AOM_001741,Catha edulis Residue Ensiled,feed-material-descendant;crop-forage-navigation,AOM_000735,Forage Plants,5,,,AOM_001574,Catha edulis Residue,0,0,affected-descendant-inventory;source-navigation-impact-review
AOM_001743,Stipa tenacissima Dried,feed-material-descendant;crop-forage-navigation,AOM_000735,Forage Plants,4,,,AOM_001521,Stipa tenacissima,0,0,affected-descendant-inventory;source-navigation-impact-review
AOM_001744,Stylosanthes guianensis Dried,feed-material-descendant;crop-forage-navigation,AOM_000735,Forage Plants,4,,,AOM_001233,Stylosanthes guianensis,0,0,affected-descendant-inventory;source-navigation-impact-review
AOM_001745,Orange Dried,feed-material-descendant;crop-forage-navigation,AOM_001916,Crop Byproduct,3,,,AOM_100887,Orange by-products,0,0,affected-descendant-inventory;source-navigation-impact-review
AOM_001746,Dicalcium Phosphate Dried Ground,feed-material-descendant,AOM_101139,Mineral feed materials,2,,,AOM_101139,Mineral feed materials,0,0,affected-descendant-inventory
AOM_001749,Urea,feed-additive-branch,,,,2,,AOM_101136,Nutritional feed additives,0,0,authority-boundary-comparison
AOM_001750,Wheat Straw Ground,feed-material-descendant;crop-forage-navigation,AOM_001916,Crop Byproduct,5,,,AOM_001887,Wheat Straw,0,0,affected-descendant-inventory;source-navigation-impact-review
AOM_001751,Wheat Straw Urea Treated,feed-material-descendant;crop-forage-navigation,AOM_001916,Crop Byproduct,5,,,AOM_001887,Wheat Straw,0,0,affected-descendant-inventory;source-navigation-impact-review
AOM_001752,Winged Bean Ground,feed-material-descendant;crop-forage-navigation,AOM_100921,Crop product,4,,,AOM_100932,Winged bean products,2,2,affected-descendant-inventory;source-navigation-impact-review
AOM_001754,Cowpea Haulm Dried,feed-material-descendant;crop-forage-navigation,AOM_001916,Crop Byproduct,5,,,AOM_000601,Cowpea Haulm,0,0,affected-descendant-inventory;source-navigation-impact-review
AOM_001755,Acacia brevispica,feed-material-descendant;crop-forage-navigation,AOM_000735,Forage Plants,3,,,AOM_000718,Forage Trees,2,5,affected-descendant-inventory;source-navigation-impact-review
AOM_001756,Acacia brevispica Leaves,feed-material-descendant;crop-forage-navigation,AOM_000735,Forage Plants,4,,,AOM_001755,Acacia brevispica,2,2,affected-descendant-inventory;source-navigation-impact-review
AOM_001757,Acacia brevispica Leaves Dried,feed-material-descendant;crop-forage-navigation,AOM_000735,Forage Plants,5,,,AOM_001756,Acacia brevispica Leaves,0,0,affected-descendant-inventory;source-navigation-impact-review
AOM_001758,Acacia brevispica Pods,feed-material-descendant;crop-forage-navigation,AOM_000735,Forage Plants,4,,,AOM_001755,Acacia brevispica,1,1,affected-descendant-inventory;source-navigation-impact-review
AOM_001759,Acacia brevispica Pods Dried,feed-material-descendant;crop-forage-navigation,AOM_000735,Forage Plants,5,,,AOM_001758,Acacia brevispica Pods,0,0,affected-descendant-inventory;source-navigation-impact-review
AOM_001760,Acacia etbaica,feed-material-descendant;crop-forage-navigation,AOM_000735,Forage Plants,3,,,AOM_000718,Forage Trees,1,2,affected-descendant-inventory;source-navigation-impact-review
AOM_001761,Acacia etbaica Fruits,feed-material-descendant;crop-forage-navigation,AOM_000735,Forage Plants,4,,,AOM_001760,Acacia etbaica,1,1,affected-descendant-inventory;source-navigation-impact-review
AOM_001762,Acacia etbaica Fruits Dried,feed-material-descendant;crop-forage-navigation,AOM_000735,Forage Plants,5,,,AOM_001761,Acacia etbaica Fruits,0,0,affected-descendant-inventory;source-navigation-impact-review
AOM_001763,Acacia karroo,feed-material-descendant;crop-forage-navigation,AOM_000735,Forage Plants,3,,,AOM_000718,Forage Trees,1,3,affected-descendant-inventory;source-navigation-impact-review
AOM_001764,Acacia karroo Leaves,feed-material-descendant;crop-forage-navigation,AOM_000735,Forage Plants,4,,,AOM_001763,Acacia karroo,2,2,affected-descendant-inventory;source-navigation-impact-review
AOM_001765,Acacia karroo Leaves Dried Ground,feed-material-descendant;crop-forage-navigation,AOM_000735,Forage Plants,5,,,AOM_001764,Acacia karroo Leaves,0,0,affected-descendant-inventory;source-navigation-impact-review
AOM_001766,Acacia polyacantha,feed-material-descendant;crop-forage-navigation,AOM_000735,Forage Plants,3,,,AOM_000718,Forage Trees,1,2,affected-descendant-inventory;source-navigation-impact-review
AOM_001767,Acacia polyacantha Leaves,feed-material-descendant;crop-forage-navigation,AOM_000735,Forage Plants,4,,,AOM_001766,Acacia polyacantha,1,1,affected-descendant-inventory;source-navigation-impact-review
AOM_001768,Acacia polyacantha Leaves Dried Ground,feed-material-descendant;crop-forage-navigation,AOM_000735,Forage Plants,5,,,AOM_001767,Acacia polyacantha Leaves,0,0,affected-descendant-inventory;source-navigation-impact-review
AOM_001769,Leucaena pallida Leaves,feed-material-descendant;crop-forage-navigation,AOM_000735,Forage Plants,4,,,AOM_001771,Leucaena pallida,1,1,affected-descendant-inventory;source-navigation-impact-review
AOM_001770,Leucaena pallida Leaves Dried,feed-material-descendant;crop-forage-navigation,AOM_000735,Forage Plants,5,,,AOM_001769,Leucaena pallida Leaves,0,0,affected-descendant-inventory;source-navigation-impact-review
AOM_001771,Leucaena pallida,feed-material-descendant;crop-forage-navigation,AOM_000735,Forage Plants,3,,,AOM_000718,Forage Trees,2,3,affected-descendant-inventory;source-navigation-impact-review
AOM_001772,Sorghum Bran,feed-material-descendant;crop-forage-navigation,AOM_001916,Crop Byproduct,4,,,AOM_100863,Sorghum by-products,0,0,affected-descendant-inventory;source-navigation-impact-review
AOM_001774,Alfalfa Dried Ground,feed-material-descendant;crop-forage-navigation,AOM_000735,Forage Plants,4,,,AOM_000719,Alfalfa,0,0,affected-descendant-inventory;source-navigation-impact-review
AOM_001775,Leucaena pallida Dried,feed-material-descendant;crop-forage-navigation,AOM_000735,Forage Plants,4,,,AOM_001771,Leucaena pallida,0,0,affected-descendant-inventory;source-navigation-impact-review
AOM_001776,Sesame Fermented,feed-material-descendant;crop-forage-navigation,AOM_001916,Crop Byproduct,4,,,AOM_100902,Sesame by-products,0,0,affected-descendant-inventory;source-navigation-impact-review
AOM_001777,Potato Processing Waste,feed-material-descendant;crop-forage-navigation,AOM_001916,Crop Byproduct,4,,,AOM_100911,Potato by-products,0,0,affected-descendant-inventory;source-navigation-impact-review
AOM_001778,Soybean Pulp,feed-material-descendant;crop-forage-navigation,AOM_100921,Crop product,4,,,AOM_001582,Soybean,1,1,affected-descendant-inventory;source-navigation-impact-review
AOM_001779,Soybean Pulp Ground,feed-material-descendant;crop-forage-navigation,AOM_100921,Crop product,5,,,AOM_001778,Soybean Pulp,0,0,affected-descendant-inventory;source-navigation-impact-review
AOM_001780,Lippia javanica,feed-material-descendant;crop-forage-navigation,AOM_100921,Crop product,3,,,AOM_100923,Spice products,1,2,affected-descendant-inventory;source-navigation-impact-review
AOM_001781,Lippia javanica Leaves,feed-material-descendant;crop-forage-navigation,AOM_100921,Crop product,4,,,AOM_001780,Lippia javanica,1,1,affected-descendant-inventory;source-navigation-impact-review
AOM_001782,Lippia javanica Leaves Dried Ground,feed-material-descendant;crop-forage-navigation,AOM_100921,Crop product,5,,,AOM_001781,Lippia javanica Leaves,0,0,affected-descendant-inventory;source-navigation-impact-review
AOM_001783,Scarlet Eggplant Market Waste,feed-material-descendant;crop-forage-navigation,AOM_100921,Crop product,4,,,AOM_001360,Scarlet Eggplant,1,1,affected-descendant-inventory;source-navigation-impact-review
AOM_001784,Scarlet Eggplant Market Waste Wilted,feed-material-descendant;crop-forage-navigation,AOM_100921,Crop product,5,,,AOM_001783,Scarlet Eggplant Market Waste,0,0,affected-descendant-inventory;source-navigation-impact-review
AOM_001785,Elionurus muticus,feed-material-descendant;crop-forage-navigation,AOM_000735,Forage Plants,3,,,AOM_000701,Cereal and Grass Forages,0,0,affected-descendant-inventory;source-navigation-impact-review
AOM_001786,Eragotris tremula,feed-material-descendant;crop-forage-navigation,AOM_000735,Forage Plants,3,,,AOM_000701,Cereal and Grass Forages,1,1,affected-descendant-inventory;source-navigation-impact-review
AOM_001787,Eragrostis curvula Dried,feed-material-descendant;crop-forage-navigation,AOM_000735,Forage Plants,4,,,AOM_001393,Eragrostis curvula,0,0,affected-descendant-inventory;source-navigation-impact-review
AOM_001788,Jardinea congoensis,feed-material-descendant;crop-forage-navigation,AOM_000735,Forage Plants,3,,,AOM_000701,Cereal and Grass Forages,0,0,affected-descendant-inventory;source-navigation-impact-review
AOM_001789,Pasture,feed-material-descendant;crop-forage-navigation,AOM_000735,Forage Plants,3,,,AOM_000701,Cereal and Grass Forages,1,2,affected-descendant-inventory;source-navigation-impact-review
AOM_001790,Adansonia digitata Seed,feed-material-descendant;crop-forage-navigation,AOM_000735,Forage Plants,4,,,AOM_001567,Adansonia digitata,4,4,affected-descendant-inventory;source-navigation-impact-review
AOM_001791,Moringa stenopetala,feed-material-descendant;crop-forage-navigation,AOM_000735,Forage Plants,3,,,AOM_000718,Forage Trees,3,3,affected-descendant-inventory;source-navigation-impact-review
AOM_001792,Moringa stenopetala Dried,feed-material-descendant;crop-forage-navigation,AOM_000735,Forage Plants,4,,,AOM_001791,Moringa stenopetala,0,0,affected-descendant-inventory;source-navigation-impact-review
AOM_001793,Albizia harveyi,feed-material-descendant;crop-forage-navigation,AOM_000735,Forage Plants,3,,,AOM_000718,Forage Trees,1,1,affected-descendant-inventory;source-navigation-impact-review
AOM_001794,Albizia harveyi Dried,feed-material-descendant;crop-forage-navigation,AOM_000735,Forage Plants,4,,,AOM_001793,Albizia harveyi,0,0,affected-descendant-inventory;source-navigation-impact-review
AOM_001795,Erythrina abyssinica,feed-material-descendant;crop-forage-navigation,AOM_000735,Forage Plants,3,,,AOM_000718,Forage Trees,1,1,affected-descendant-inventory;source-navigation-impact-review
AOM_001796,Erythrina abyssinica Wilted,feed-material-descendant;crop-forage-navigation,AOM_000735,Forage Plants,4,,,AOM_001795,Erythrina abyssinica,0,0,affected-descendant-inventory;source-navigation-impact-review
AOM_001797,Gliciridia sepium,feed-material-descendant;crop-forage-navigation,AOM_000735,Forage Plants,3,,,AOM_000718,Forage Trees,3,7,affected-descendant-inventory;source-navigation-impact-review
AOM_001798,Gliciridia sepium Wilted,feed-material-descendant;crop-forage-navigation,AOM_000735,Forage Plants,4,,,AOM_001797,Gliciridia sepium,0,0,affected-descendant-inventory;source-navigation-impact-review
AOM_001799,Gliciridia sepium Ground,feed-material-descendant;crop-forage-navigation,AOM_000735,Forage Plants,4,,,AOM_001797,Gliciridia sepium,0,0,affected-descendant-inventory;source-navigation-impact-review
AOM_001800,Gliciridia sepium Leaves,feed-material-descendant;crop-forage-navigation,AOM_000735,Forage Plants,4,,,AOM_001797,Gliciridia sepium,4,4,affected-descendant-inventory;source-navigation-impact-review
AOM_001801,Gliciridia sepium Leaves Dried,feed-material-descendant;crop-forage-navigation,AOM_000735,Forage Plants,5,,,AOM_001800,Gliciridia sepium Leaves,0,0,affected-descendant-inventory;source-navigation-impact-review
AOM_001802,Pterocarpus erinaceus,feed-material-descendant;crop-forage-navigation,AOM_000735,Forage Plants,3,,,AOM_000718,Forage Trees,2,2,affected-descendant-inventory;source-navigation-impact-review
AOM_001803,Cassava Peel Dried Ground,feed-material-descendant;crop-forage-navigation,AOM_001916,Crop Byproduct,5,,,AOM_002112,Cassava Peel,0,0,affected-descendant-inventory;source-navigation-impact-review
AOM_001804,Acacia nilotica Leaves Dried Ground,feed-material-descendant;crop-forage-navigation,AOM_000735,Forage Plants,5,,,AOM_001593,Acacia nilotica Leaves,0,0,affected-descendant-inventory;source-navigation-impact-review
AOM_001805,African Palm Larvae,feed-material-descendant,AOM_000559,Animal,3,,,AOM_000554,Insect,2,2,affected-descendant-inventory
AOM_001806,Barley Bran,feed-material-descendant;crop-forage-navigation,AOM_001916,Crop Byproduct,4,,,AOM_100856,Barley by-products,0,0,affected-descendant-inventory;source-navigation-impact-review
AOM_001807,Unspecified Silage,feed-material-descendant;crop-forage-navigation,AOM_001916,Crop Byproduct,3,,,AOM_000594,Cereal ByProducts,0,0,affected-descendant-inventory;source-navigation-impact-review
AOM_001809,Grass Dried,feed-material-descendant;crop-forage-navigation,AOM_000735,Forage Plants,3,,,AOM_000701,Cereal and Grass Forages,2,2,affected-descendant-inventory;source-navigation-impact-review
AOM_001810,Khaya senegalensis,feed-material-descendant;crop-forage-navigation,AOM_000735,Forage Plants,3,,,AOM_000718,Forage Trees,3,3,affected-descendant-inventory;source-navigation-impact-review
AOM_001811,Rumen Contents,feed-material-descendant,AOM_100976,Animal by-products,2,,,AOM_100976,Animal by-products,1,1,affected-descendant-inventory
AOM_001813,Sorghum Brewers Grain,feed-material-descendant;crop-forage-navigation,AOM_001916,Crop Byproduct,4,,,AOM_100863,Sorghum by-products,3,3,affected-descendant-inventory;source-navigation-impact-review
AOM_001814,Sorghum Brewers Grain Dried,feed-material-descendant;crop-forage-navigation,AOM_001916,Crop Byproduct,5,,,AOM_001813,Sorghum Brewers Grain,0,0,affected-descendant-inventory;source-navigation-impact-review
AOM_001815,Date Cull,feed-material-descendant;crop-forage-navigation,AOM_001916,Crop Byproduct,3,,,AOM_100881,Date by-products,1,1,affected-descendant-inventory;source-navigation-impact-review
AOM_001816,Date Cull Dried Ground,feed-material-descendant;crop-forage-navigation,AOM_001916,Crop Byproduct,4,,,AOM_001815,Date Cull,0,0,affected-descendant-inventory;source-navigation-impact-review
AOM_001817,Legume Residue,feed-material-descendant;crop-forage-navigation,AOM_100921,Crop product,3,,,AOM_000667,Legume Products,0,0,affected-descendant-inventory;source-navigation-impact-review
AOM_001818,Ensete ventricosum Corm,feed-material-descendant;crop-forage-navigation,AOM_100921,Crop product,4,,,AOM_100937,Ensete products,0,0,affected-descendant-inventory;source-navigation-impact-review
AOM_001819,Ensete ventricosum Leaves,feed-material-descendant;crop-forage-navigation,AOM_100921,Crop product,4,,,AOM_100937,Ensete products,0,0,affected-descendant-inventory;source-navigation-impact-review
AOM_001820,Potato Starch,feed-material-descendant;crop-forage-navigation,AOM_100921,Crop product,4,,,AOM_100938,Potato products,0,0,affected-descendant-inventory;source-navigation-impact-review
AOM_001821,Terminalia brownii,feed-material-descendant;crop-forage-navigation,AOM_000735,Forage Plants,3,,,AOM_000718,Forage Trees,1,2,affected-descendant-inventory;source-navigation-impact-review
AOM_001822,Terminalia brownii Leaves,feed-material-descendant;crop-forage-navigation,AOM_000735,Forage Plants,4,,,AOM_001821,Terminalia brownii,1,1,affected-descendant-inventory;source-navigation-impact-review
AOM_001823,Terminalia brownii Leaves Dried,feed-material-descendant;crop-forage-navigation,AOM_000735,Forage Plants,5,,,AOM_001822,Terminalia brownii Leaves,0,0,affected-descendant-inventory;source-navigation-impact-review
AOM_001827,Popcorn Waste,feed-material-descendant,AOM_100987,Processed food by-products,2,,,AOM_100987,Processed food by-products,0,0,affected-descendant-inventory
AOM_001829,Biscuit Waste Ground,feed-material-descendant,AOM_100987,Processed food by-products,3,,,AOM_001838,Biscuit Waste,0,0,affected-descendant-inventory
AOM_001830,Biscuit Waste Dried Ground,feed-material-descendant,AOM_100987,Processed food by-products,3,,,AOM_001838,Biscuit Waste,0,0,affected-descendant-inventory
AOM_001832,Starch feed material,feed-material-descendant;direct-feed-material-child,AOM_001832,Starch feed material,1,,,AOM_100850,Feed materials,0,0,affected-descendant-inventory;row-level-disposition
AOM_001835,Oat Straw,feed-material-descendant;crop-forage-navigation,AOM_001916,Crop Byproduct,4,,,AOM_100860,Oat by-products,1,1,affected-descendant-inventory;source-navigation-impact-review
AOM_001836,Beet Pulp,feed-material-descendant;crop-forage-navigation,AOM_001916,Crop Byproduct,4,,,AOM_100908,Beet by-products,1,1,affected-descendant-inventory;source-navigation-impact-review
AOM_001837,Palm Oil Sludge,feed-material-descendant;crop-forage-navigation,AOM_100921,Crop product,4,,,AOM_100934,Palm products,0,0,affected-descendant-inventory;source-navigation-impact-review
AOM_001838,Biscuit Waste,feed-material-descendant,AOM_100987,Processed food by-products,2,,,AOM_100987,Processed food by-products,2,2,affected-descendant-inventory
AOM_001840,Sweet Potato Tuber,feed-material-descendant;crop-forage-navigation,AOM_100921,Crop product,4,,,AOM_000680,Sweet Potato,0,0,affected-descendant-inventory;source-navigation-impact-review
AOM_001841,Trifolium Ground,feed-material-descendant;crop-forage-navigation,AOM_000735,Forage Plants,4,,,AOM_001529,Trifolium,0,0,affected-descendant-inventory;source-navigation-impact-review
AOM_001842,Cabbage Discards,feed-material-descendant;crop-forage-navigation,AOM_001916,Crop Byproduct,3,,,AOM_100918,Cabbage by-products,1,1,affected-descendant-inventory;source-navigation-impact-review
AOM_001843,Baby Corn Stalk Dried Wilted,feed-material-descendant;crop-forage-navigation,AOM_001916,Crop Byproduct,5,,,AOM_001675,Baby Corn Stalk,0,0,affected-descendant-inventory;source-navigation-impact-review
AOM_001844,Maize Bran Ground,feed-material-descendant;crop-forage-navigation,AOM_001916,Crop Byproduct,5,,,AOM_001614,Maize Bran,0,0,affected-descendant-inventory;source-navigation-impact-review
AOM_001845,Malt Sprout,feed-material-descendant;crop-forage-navigation,AOM_001916,Crop Byproduct,3,,,AOM_000594,Cereal ByProducts,0,0,affected-descendant-inventory;source-navigation-impact-review
AOM_001846,Pollard,feed-material-descendant;crop-forage-navigation,AOM_001916,Crop Byproduct,3,,,AOM_000594,Cereal ByProducts,0,0,affected-descendant-inventory;source-navigation-impact-review
AOM_001847,Ficus sur,feed-material-descendant;crop-forage-navigation,AOM_100921,Crop product,3,,,AOM_000665,Fruit Product,1,3,affected-descendant-inventory;source-navigation-impact-review
AOM_001848,Ficus sur Fruits,feed-material-descendant;crop-forage-navigation,AOM_100921,Crop product,4,,,AOM_001847,Ficus sur,2,2,affected-descendant-inventory;source-navigation-impact-review
AOM_001849,Ficus sur Fruits Dried Ground,feed-material-descendant;crop-forage-navigation,AOM_100921,Crop product,5,,,AOM_001848,Ficus sur Fruits,0,0,affected-descendant-inventory;source-navigation-impact-review
AOM_001850,Brassica oleracea,feed-material-descendant;crop-forage-navigation,AOM_100921,Crop product,3,,,AOM_100924,Vegetable products,0,0,affected-descendant-inventory;source-navigation-impact-review
AOM_001851,Spirulina,feed-material-descendant;crop-forage-navigation,AOM_000735,Forage Plants,3,,,AOM_000683,Aquatic Plants,2,2,affected-descendant-inventory;source-navigation-impact-review
AOM_001852,Water Hyacinth Dried Ground,feed-material-descendant;crop-forage-navigation,AOM_000735,Forage Plants,4,,,AOM_000682,Water Hyacinth,0,0,affected-descendant-inventory;source-navigation-impact-review
AOM_001853,Juncaceae,feed-material-descendant;crop-forage-navigation,AOM_000735,Forage Plants,3,,,AOM_000701,Cereal and Grass Forages,0,0,affected-descendant-inventory;source-navigation-impact-review
AOM_001854,Plantago albicans,feed-material-descendant;crop-forage-navigation,AOM_000735,Forage Plants,3,,,AOM_000701,Cereal and Grass Forages,0,0,affected-descendant-inventory;source-navigation-impact-review
AOM_001855,Poaceae,feed-material-descendant;crop-forage-navigation,AOM_000735,Forage Plants,3,,,AOM_000701,Cereal and Grass Forages,0,0,affected-descendant-inventory;source-navigation-impact-review
AOM_001857,Acacia saligna Dried,feed-material-descendant;crop-forage-navigation,AOM_000735,Forage Plants,4,,,AOM_001119,Acacia saligna,0,0,affected-descendant-inventory;source-navigation-impact-review
AOM_001858,Atriplex nummularia Leaves,feed-material-descendant;crop-forage-navigation,AOM_000735,Forage Plants,4,,,AOM_001901,Atriplex nummularia,0,0,affected-descendant-inventory;source-navigation-impact-review
AOM_001859,Atriplex nummularia Dried,feed-material-descendant;crop-forage-navigation,AOM_000735,Forage Plants,4,,,AOM_001901,Atriplex nummularia,0,0,affected-descendant-inventory;source-navigation-impact-review
AOM_001860,Berchemia discolor,feed-material-descendant;crop-forage-navigation,AOM_000735,Forage Plants,3,,,AOM_000718,Forage Trees,1,3,affected-descendant-inventory;source-navigation-impact-review
AOM_001861,Berchemia discolor Leaves,feed-material-descendant;crop-forage-navigation,AOM_000735,Forage Plants,4,,,AOM_001860,Berchemia discolor,2,2,affected-descendant-inventory;source-navigation-impact-review
AOM_001862,Berchemia discolor Leaves Dried,feed-material-descendant;crop-forage-navigation,AOM_000735,Forage Plants,5,,,AOM_001861,Berchemia discolor Leaves,0,0,affected-descendant-inventory;source-navigation-impact-review
AOM_001863,Chromolaena odorata Leaves Ground,feed-material-descendant;crop-forage-navigation,AOM_000735,Forage Plants,5,,,AOM_001636,Chromolaena odorata Leaves,0,0,affected-descendant-inventory;source-navigation-impact-review
AOM_001864,Forb,feed-material-descendant;crop-forage-navigation,AOM_000735,Forage Plants,3,,,AOM_000734,Other Forage Plants,0,0,affected-descendant-inventory;source-navigation-impact-review
AOM_001865,Free Gossypol,chemical-identity-branch,,,,,1,AOM_101147,Feed chemical substances,0,0,identity-product-boundary-review
AOM_001866,Glycerol,feed-material-descendant;direct-feed-material-child;reported-concept,AOM_001866,Glycerol,1,,,AOM_100850,Feed materials,0,0,affected-descendant-inventory;row-level-disposition
AOM_001876,Atella,feed-material-descendant;crop-forage-navigation,AOM_001916,Crop Byproduct,3,,,AOM_000594,Cereal ByProducts,2,2,affected-descendant-inventory;source-navigation-impact-review
AOM_001877,Clupeid Fish,feed-material-descendant,AOM_000559,Animal,3,,,AOM_000549,Fish,1,1,affected-descendant-inventory
AOM_001878,Clupeid Fish Ground,feed-material-descendant,AOM_000559,Animal,4,,,AOM_001877,Clupeid Fish,0,0,affected-descendant-inventory
AOM_001879,Cod,feed-material-descendant,AOM_000559,Animal,3,,,AOM_000549,Fish,1,1,affected-descendant-inventory
AOM_001880,Cod Liver Oil,feed-material-descendant,AOM_000559,Animal,4,,,AOM_001879,Cod,0,0,affected-descendant-inventory
AOM_001881,Herring Ground,feed-material-descendant,AOM_000559,Animal,4,,,AOM_001882,Herring,0,0,affected-descendant-inventory
AOM_001882,Herring,feed-material-descendant,AOM_000559,Animal,3,,,AOM_000549,Fish,1,1,affected-descendant-inventory
AOM_001883,Unspecified Bran Ground,feed-material-descendant;crop-forage-navigation,AOM_001916,Crop Byproduct,4,,,AOM_000563,Unspecified Bran,0,0,affected-descendant-inventory;source-navigation-impact-review
AOM_001884,Brewers Grain,feed-material-descendant;crop-forage-navigation,AOM_001916,Crop Byproduct,3,,,AOM_000594,Cereal ByProducts,0,0,affected-descendant-inventory;source-navigation-impact-review
AOM_001885,Maize Straw Ensiled Urea Treated,feed-material-descendant;crop-forage-navigation,AOM_001916,Crop Byproduct,5,,,AOM_000572,Maize Straw,0,0,affected-descendant-inventory;source-navigation-impact-review
AOM_001887,Wheat Straw,feed-material-descendant;crop-forage-navigation,AOM_001916,Crop Byproduct,4,,,AOM_100864,Wheat by-products,6,6,affected-descendant-inventory;source-navigation-impact-review
AOM_001888,Mango Seed Kernel Ground,feed-material-descendant;crop-forage-navigation,AOM_001916,Crop Byproduct,4,,,AOM_001196,Mango Seed,0,0,affected-descendant-inventory;source-navigation-impact-review
AOM_001889,Orange Peels,feed-material-descendant;crop-forage-navigation,AOM_001916,Crop Byproduct,3,,,AOM_100887,Orange by-products,2,2,affected-descendant-inventory;source-navigation-impact-review
AOM_001890,Groundnut Straw,feed-material-descendant;crop-forage-navigation,AOM_001916,Crop Byproduct,4,,,AOM_100869,Groundnut by-products,0,0,affected-descendant-inventory;source-navigation-impact-review
AOM_001891,Soybean Hull,feed-material-descendant;crop-forage-navigation,AOM_001916,Crop Byproduct,4,,,AOM_100852,Soybean by-products,0,0,affected-descendant-inventory;source-navigation-impact-review
AOM_001892,Sorghum Threshed Top,feed-material-descendant;crop-forage-navigation,AOM_001916,Crop Byproduct,4,,,AOM_100863,Sorghum by-products,0,0,affected-descendant-inventory;source-navigation-impact-review
AOM_001893,Hibiscus Seed,feed-material-descendant;crop-forage-navigation,AOM_001916,Crop Byproduct,4,,,AOM_100896,Hibiscus by-products,1,1,affected-descendant-inventory;source-navigation-impact-review
AOM_001894,Sunflower Seed Cake Ground,feed-material-descendant;crop-forage-navigation,AOM_001916,Crop Byproduct,4,,,AOM_100904,Sunflower by-products,0,0,affected-descendant-inventory;source-navigation-impact-review
AOM_001895,Oat,feed-material-descendant;crop-forage-navigation,AOM_100921,Crop product,3,,,AOM_000662,Cereal Products,3,4,affected-descendant-inventory;source-navigation-impact-review
AOM_001896,Blue Lupin Grain,feed-material-descendant;crop-forage-navigation,AOM_100921,Crop product,4,,,AOM_100930,Blue lupin products,2,2,affected-descendant-inventory;source-navigation-impact-review
AOM_001897,Sheanut,feed-material-descendant;crop-forage-navigation,AOM_100921,Crop product,3,,,AOM_000677,Oil Plant Products,0,0,affected-descendant-inventory;source-navigation-impact-review
AOM_001898,Bothriochloa dried,feed-material-descendant;crop-forage-navigation,AOM_000735,Forage Plants,4,,,AOM_100945,Bothriochloa forage materials,0,0,affected-descendant-inventory;source-navigation-impact-review
AOM_001900,Stereochlaena cameronii,feed-material-descendant;crop-forage-navigation,AOM_000735,Forage Plants,3,,,AOM_000701,Cereal and Grass Forages,0,0,affected-descendant-inventory;source-navigation-impact-review
AOM_001901,Atriplex nummularia,feed-material-descendant;crop-forage-navigation,AOM_000735,Forage Plants,3,,,AOM_000718,Forage Trees,4,4,affected-descendant-inventory;source-navigation-impact-review
AOM_001902,Sesbania sesban Leaves Dried,feed-material-descendant;crop-forage-navigation,AOM_000735,Forage Plants,5,,,AOM_001740,Sesbania sesban Leaves,0,0,affected-descendant-inventory;source-navigation-impact-review
AOM_001906,Blue Lupin Grain Roasted,feed-material-descendant;crop-forage-navigation,AOM_100921,Crop product,5,,,AOM_001896,Blue Lupin Grain,0,0,affected-descendant-inventory;source-navigation-impact-review
AOM_001907,Blue Lupin Grain Dried,feed-material-descendant;crop-forage-navigation,AOM_100921,Crop product,5,,,AOM_001896,Blue Lupin Grain,0,0,affected-descendant-inventory;source-navigation-impact-review
AOM_001909,Black Cumin Seed Ground,feed-material-descendant;crop-forage-navigation,AOM_100921,Crop product,5,,,AOM_001357,Black Cumin Seed,0,0,affected-descendant-inventory;source-navigation-impact-review
AOM_001910,Unspecified Grass Dried Ground,feed-material-descendant;crop-forage-navigation,AOM_000735,Forage Plants,4,,,AOM_001912,Unspecified Grass,0,0,affected-descendant-inventory;source-navigation-impact-review
AOM_001911,Unspecified Grass Dried,feed-material-descendant;crop-forage-navigation,AOM_000735,Forage Plants,4,,,AOM_001912,Unspecified Grass,0,0,affected-descendant-inventory;source-navigation-impact-review
AOM_001912,Unspecified Grass,feed-material-descendant;crop-forage-navigation,AOM_000735,Forage Plants,3,,,AOM_000701,Cereal and Grass Forages,4,4,affected-descendant-inventory;source-navigation-impact-review
AOM_001913,Moringa oleifera Leaves Dried Ground,feed-material-descendant;crop-forage-navigation,AOM_000735,Forage Plants,5,,,AOM_003903,Moringa oleifera Leaves,0,0,affected-descendant-inventory;source-navigation-impact-review
AOM_001914,Opuntia ficus indica Cladode,feed-material-descendant;crop-forage-navigation,AOM_000735,Forage Plants,4,,,AOM_001166,Opuntia ficus indica,6,6,affected-descendant-inventory;source-navigation-impact-review
AOM_001915,Opuntia ficus indica Cladode Ensiled,feed-material-descendant;crop-forage-navigation,AOM_000735,Forage Plants,5,,,AOM_001914,Opuntia ficus indica Cladode,0,0,affected-descendant-inventory;source-navigation-impact-review
AOM_001916,Crop Byproduct,feed-material-descendant;direct-feed-material-child;crop-forage-navigation;reported-concept,AOM_001916,Crop Byproduct,1,,,AOM_100850,Feed materials,29,504,affected-descendant-inventory;row-level-disposition;source-navigation-impact-review
AOM_001918,Sesbania Dried,feed-material-descendant;crop-forage-navigation,AOM_000735,Forage Plants,4,,,AOM_100965,Sesbania forage materials,0,0,affected-descendant-inventory;source-navigation-impact-review
AOM_001919,Leucaena Leaves Dried,feed-material-descendant;crop-forage-navigation,AOM_000735,Forage Plants,4,,,AOM_100959,Leucaena forage materials,0,0,affected-descendant-inventory;source-navigation-impact-review
AOM_001922,Water,feed-material-descendant;direct-feed-material-child,AOM_001922,Water,1,,,AOM_100850,Feed materials,0,0,affected-descendant-inventory;row-level-disposition
AOM_001923,Shrimp Heads,feed-material-descendant,AOM_000559,Animal,4,,,AOM_100977,Shrimp feed materials,1,1,affected-descendant-inventory
AOM_001924,Shrimp Heads Ground,feed-material-descendant,AOM_000559,Animal,5,,,AOM_001923,Shrimp Heads,0,0,affected-descendant-inventory
AOM_001925,Fish Boiled Dried Ground,feed-material-descendant,AOM_000559,Animal,3,,,AOM_000549,Fish,0,0,affected-descendant-inventory
AOM_001926,Menhaden Ground,feed-material-descendant,AOM_000559,Animal,4,,,AOM_100980,Menhaden feed materials,0,0,affected-descendant-inventory
AOM_001927,Rainbow Trout,feed-material-descendant,AOM_000559,Animal,3,,,AOM_000549,Fish,2,3,affected-descendant-inventory
AOM_001928,Rainbow Trout Viscera De-oiled Ensiled,feed-material-descendant,AOM_000559,Animal,4,,,AOM_001927,Rainbow Trout,0,0,affected-descendant-inventory
AOM_001929,Sardine Ground,feed-material-descendant,AOM_000559,Animal,4,,,AOM_002243,Sardine,0,0,affected-descendant-inventory
AOM_001930,Trout Oil,feed-material-descendant,AOM_000559,Animal,4,,,AOM_001115,Trout,1,1,affected-descendant-inventory
AOM_001931,Tuna Ground,feed-material-descendant,AOM_000559,Animal,4,,,AOM_002246,Tuna,0,0,affected-descendant-inventory
AOM_001932,Housefly Maggot Dried Ground,feed-material-descendant,AOM_000559,Animal,4,,,AOM_100981,Housefly maggot feed materials,0,0,affected-descendant-inventory
AOM_001933,Termite Dried Ground,feed-material-descendant,AOM_000559,Animal,4,,,AOM_002248,Termite,0,0,affected-descendant-inventory
AOM_001934,Winged Termite Dried Ground,feed-material-descendant,AOM_000559,Animal,4,,,AOM_002248,Termite,0,0,affected-descendant-inventory
AOM_001935,Suckled milk,feed-material-descendant,AOM_000559,Animal,3,,,AOM_000556,Milk,0,0,affected-descendant-inventory
AOM_001936,Giant Snail,feed-material-descendant,AOM_000559,Animal,3,,,AOM_001114,Mollusk,2,2,affected-descendant-inventory
AOM_001937,Giant Snail Boiled Dried Ground,feed-material-descendant,AOM_000559,Animal,4,,,AOM_001936,Giant Snail,0,0,affected-descendant-inventory
AOM_001938,Chicken Offal Dried Ground,feed-material-descendant,AOM_000559,Animal,3,,,AOM_100983,Chicken feed materials,0,0,affected-descendant-inventory
AOM_001939,Rumen Contents Dried Ground,feed-material-descendant,AOM_100976,Animal by-products,3,,,AOM_001811,Rumen Contents,0,0,affected-descendant-inventory
AOM_001940,Chicken Manure Dried Ground,feed-material-descendant,AOM_000561,Animal Manures,3,,,AOM_006008,Chicken Manure,0,0,affected-descendant-inventory
AOM_001941,Poultry Litter Dried Ground,feed-material-descendant,AOM_000561,Animal Manures,3,,,AOM_001146,Poultry Litter,0,0,affected-descendant-inventory
AOM_001942,Maize Husk Dried Ground,feed-material-descendant;crop-forage-navigation,AOM_001916,Crop Byproduct,5,,,AOM_001299,Maize Husk,0,0,affected-descendant-inventory;source-navigation-impact-review
AOM_001943,Maize Cob Ensiled,feed-material-descendant;crop-forage-navigation,AOM_001916,Crop Byproduct,5,,,AOM_000569,Maize Cob,0,0,affected-descendant-inventory;source-navigation-impact-review
AOM_001944,Maize Leaves Dried,feed-material-descendant;crop-forage-navigation,AOM_001916,Crop Byproduct,5,,,AOM_001298,Maize Leaves,0,0,affected-descendant-inventory;source-navigation-impact-review
AOM_001945,Sorghum Brewers Grain Dried Refermented,feed-material-descendant;crop-forage-navigation,AOM_001916,Crop Byproduct,5,,,AOM_001813,Sorghum Brewers Grain,0,0,affected-descendant-inventory;source-navigation-impact-review
AOM_001946,Plantain Peel Dried Ground,feed-material-descendant;crop-forage-navigation,AOM_001916,Crop Byproduct,4,,,AOM_001283,Plantain Peel,0,0,affected-descendant-inventory;source-navigation-impact-review
AOM_001947,Orange Peels Dried Fermented Ground,feed-material-descendant;crop-forage-navigation,AOM_001916,Crop Byproduct,4,,,AOM_001889,Orange Peels,0,0,affected-descendant-inventory;source-navigation-impact-review
AOM_001948,Common Bean Haulm Dried,feed-material-descendant;crop-forage-navigation,AOM_001916,Crop Byproduct,5,,,AOM_001258,Common Bean Haulm,0,0,affected-descendant-inventory;source-navigation-impact-review
AOM_001949,Soybean Flakes Defatted Dried Ground,feed-material-descendant;crop-forage-navigation,AOM_001916,Crop Byproduct,5,,,AOM_001361,Soybean Flakes Defatted,0,0,affected-descendant-inventory;source-navigation-impact-review
AOM_001951,Sesame Seed Cake Autoclaved Dried Ground,feed-material-descendant;crop-forage-navigation,AOM_001916,Crop Byproduct,5,,,AOM_001440,Sesame Seed,0,0,affected-descendant-inventory;source-navigation-impact-review
AOM_001952,Beetroot Discards Dried,feed-material-descendant;crop-forage-navigation,AOM_001916,Crop Byproduct,5,,,AOM_001439,Beetroot Discards,0,0,affected-descendant-inventory;source-navigation-impact-review
AOM_001953,Potato Hash Ensiled,feed-material-descendant;crop-forage-navigation,AOM_001916,Crop Byproduct,5,,,AOM_001281,Potato Hash,0,0,affected-descendant-inventory;source-navigation-impact-review
AOM_001954,Sweet Potato Vine Ensiled,feed-material-descendant;crop-forage-navigation,AOM_001916,Crop Byproduct,5,,,AOM_001267,Sweet Potato Vine,0,0,affected-descendant-inventory;source-navigation-impact-review
AOM_001955,Cabbage Discards Dried,feed-material-descendant;crop-forage-navigation,AOM_001916,Crop Byproduct,4,,,AOM_001842,Cabbage Discards,0,0,affected-descendant-inventory;source-navigation-impact-review
AOM_001956,Tomato Waste,feed-material-descendant;crop-forage-navigation,AOM_001916,Crop Byproduct,3,,,AOM_100920,Tomato by-products,1,1,affected-descendant-inventory;source-navigation-impact-review
AOM_001957,Tomato Waste Dried,feed-material-descendant;crop-forage-navigation,AOM_001916,Crop Byproduct,4,,,AOM_001956,Tomato Waste,0,0,affected-descendant-inventory;source-navigation-impact-review
AOM_001959,Oat Grain Dried Wilted,feed-material-descendant;crop-forage-navigation,AOM_100921,Crop product,5,,,AOM_001331,Oat Grain,0,0,affected-descendant-inventory;source-navigation-impact-review
AOM_001960,Soybean Full Fat Heated,feed-material-descendant;crop-forage-navigation,AOM_100921,Crop product,4,,,AOM_001582,Soybean,0,0,affected-descendant-inventory;source-navigation-impact-review
AOM_001961,Palm Oil Crude Ground,feed-material-descendant;crop-forage-navigation,AOM_100921,Crop product,5,,,AOM_000672,Palm Oil Crude,0,0,affected-descendant-inventory;source-navigation-impact-review
AOM_001962,Potamogeton lucens Leaves Dried,feed-material-descendant;crop-forage-navigation,AOM_000735,Forage Plants,5,,,AOM_001559,Potamogeton lucens Leaves,0,0,affected-descendant-inventory;source-navigation-impact-review
AOM_001963,Potamogeton lucens Pods Dried,feed-material-descendant;crop-forage-navigation,AOM_000735,Forage Plants,5,,,AOM_001560,Potamogeton lucens Pods,0,0,affected-descendant-inventory;source-navigation-impact-review
AOM_001964,Spirulina Dried,feed-material-descendant;crop-forage-navigation,AOM_000735,Forage Plants,4,,,AOM_001851,Spirulina,0,0,affected-descendant-inventory;source-navigation-impact-review
AOM_001965,Grass Dried Ensiled,feed-material-descendant;crop-forage-navigation,AOM_000735,Forage Plants,4,,,AOM_001809,Grass Dried,0,0,affected-descendant-inventory;source-navigation-impact-review
AOM_001966,Pennisetum clandestinum Leaves Dried Ground,feed-material-descendant;crop-forage-navigation,AOM_000735,Forage Plants,5,,,AOM_002040,Pennisetum clandestinum Leaves,0,0,affected-descendant-inventory;source-navigation-impact-review
AOM_001967,Grewia spp.,feed-material-descendant;crop-forage-navigation,AOM_000735,Forage Plants,3,,,AOM_000718,Forage Trees,1,1,affected-descendant-inventory;source-navigation-impact-review
AOM_001968,Grewia similis Dried,feed-material-descendant;crop-forage-navigation,AOM_000735,Forage Plants,4,,,AOM_100954,Grewia similis forage materials,0,0,affected-descendant-inventory;source-navigation-impact-review
AOM_001969,Jatropha curcas Kernel Dried Ground,feed-material-descendant;crop-forage-navigation,AOM_000735,Forage Plants,5,,,AOM_001154,Jatropha curcas Kernel,0,0,affected-descendant-inventory;source-navigation-impact-review
AOM_001970,Jatropha curcas Cake Defatted Dried Ground,feed-material-descendant;crop-forage-navigation,AOM_000735,Forage Plants,5,,,AOM_100958,Jatropha curcas press-cake materials,0,0,affected-descendant-inventory;source-navigation-impact-review
AOM_001971,Jatropha curcas Seed Defatted Fermented Ground,feed-material-descendant;crop-forage-navigation,AOM_000735,Forage Plants,5,,,AOM_001156,Jatropha curcas Seed,0,0,affected-descendant-inventory;source-navigation-impact-review
AOM_001973,Leucaena leucocephala Leaves Ground,feed-material-descendant;crop-forage-navigation,AOM_000735,Forage Plants,5,,,AOM_001672,Leucaena leucocephala Leaves,0,0,affected-descendant-inventory;source-navigation-impact-review
AOM_001974,Leucaena leucocephala Leaves Dried Ground,feed-material-descendant;crop-forage-navigation,AOM_000735,Forage Plants,5,,,AOM_001672,Leucaena leucocephala Leaves,0,0,affected-descendant-inventory;source-navigation-impact-review
AOM_001976,Moringa oleifera Dried Ground,feed-material-descendant;crop-forage-navigation,AOM_000735,Forage Plants,4,,,AOM_001152,Moringa oleifera,0,0,affected-descendant-inventory;source-navigation-impact-review
AOM_001977,Moringa oleifera Stalks Dried Ground,feed-material-descendant;crop-forage-navigation,AOM_000735,Forage Plants,4,,,AOM_001152,Moringa oleifera,0,0,affected-descendant-inventory;source-navigation-impact-review
AOM_001978,Moringa oleifera Root Bark Dried Ground,feed-material-descendant;crop-forage-navigation,AOM_000735,Forage Plants,4,,,AOM_001152,Moringa oleifera,0,0,affected-descendant-inventory;source-navigation-impact-review
AOM_001979,Moringa oleifera Leaves Extract,feed-material-descendant;crop-forage-navigation,AOM_000735,Forage Plants,4,,,AOM_001152,Moringa oleifera,1,1,affected-descendant-inventory;source-navigation-impact-review
AOM_001980,Moringa stenopetala Leaves Dried Ground,feed-material-descendant;crop-forage-navigation,AOM_000735,Forage Plants,4,,,AOM_001791,Moringa stenopetala,0,0,affected-descendant-inventory;source-navigation-impact-review
AOM_001981,Opuntia ficus indica Dried Ground,feed-material-descendant;crop-forage-navigation,AOM_000735,Forage Plants,4,,,AOM_001166,Opuntia ficus indica,0,0,affected-descendant-inventory;source-navigation-impact-review
AOM_001982,Prosopis africana Seed,feed-material-descendant;crop-forage-navigation,AOM_000735,Forage Plants,4,,,AOM_001171,Prosopis africana,1,1,affected-descendant-inventory;source-navigation-impact-review
AOM_001983,Prosopis africana Seed Ground,feed-material-descendant;crop-forage-navigation,AOM_000735,Forage Plants,5,,,AOM_001982,Prosopis africana Seed,0,0,affected-descendant-inventory;source-navigation-impact-review
AOM_001984,Sesbania sesban Leaves and Twigs Dried,feed-material-descendant;crop-forage-navigation,AOM_000735,Forage Plants,5,,,AOM_001230,Sesbania sesban Leaves and Twigs,0,0,affected-descendant-inventory;source-navigation-impact-review
AOM_001985,Sesbania sesban Stalks Wilted,feed-material-descendant;crop-forage-navigation,AOM_000735,Forage Plants,4,,,AOM_003079,Sesbania sesban,0,0,affected-descendant-inventory;source-navigation-impact-review
AOM_001986,Gliciridia sepium Leaves Dried Ground,feed-material-descendant;crop-forage-navigation,AOM_000735,Forage Plants,5,,,AOM_001800,Gliciridia sepium Leaves,0,0,affected-descendant-inventory;source-navigation-impact-review
AOM_001988,Gliciridia sepium Leaves Ground,feed-material-descendant;crop-forage-navigation,AOM_000735,Forage Plants,5,,,AOM_001800,Gliciridia sepium Leaves,0,0,affected-descendant-inventory;source-navigation-impact-review
AOM_001990,Macroptilium atropurpureum Leaves Dried Ensiled,feed-material-descendant;crop-forage-navigation,AOM_000735,Forage Plants,4,,,AOM_001221,Macroptilium atropurpureum,0,0,affected-descendant-inventory;source-navigation-impact-review
AOM_001991,Macroptilium atropurpureum Dried,feed-material-descendant;crop-forage-navigation,AOM_000735,Forage Plants,4,,,AOM_001221,Macroptilium atropurpureum,0,0,affected-descendant-inventory;source-navigation-impact-review
AOM_001992,Pterocarpus erinaceus Leaves Dried,feed-material-descendant;crop-forage-navigation,AOM_000735,Forage Plants,4,,,AOM_001802,Pterocarpus erinaceus,0,0,affected-descendant-inventory;source-navigation-impact-review
AOM_001993,Vicia Dried Wilted,feed-material-descendant;crop-forage-navigation,AOM_000735,Forage Plants,4,,,AOM_001242,Vicia,0,0,affected-descendant-inventory;source-navigation-impact-review
AOM_002000,Noug Seed Cake,feed-material-descendant;crop-forage-navigation,AOM_001916,Crop Byproduct,4,,,AOM_001190,Noug,0,0,affected-descendant-inventory;source-navigation-impact-review
AOM_002005,Danish Fish Ground,feed-material-descendant,AOM_000559,Animal,4,,,AOM_100979,Danish fish feed materials,0,0,affected-descendant-inventory
AOM_002006,Fish Ensiled,feed-material-descendant,AOM_000559,Animal,3,,,AOM_000549,Fish,0,0,affected-descendant-inventory
AOM_002007,Fish Oil Heated,feed-material-descendant,AOM_000559,Animal,4,,,AOM_000544,Fish Oil,0,0,affected-descendant-inventory
AOM_002008,Fish Oil Dried Ground Heated,feed-material-descendant,AOM_000559,Animal,4,,,AOM_000544,Fish Oil,0,0,affected-descendant-inventory
AOM_002009,Feather Boiled Dried Ground,feed-material-descendant,AOM_100976,Animal by-products,3,,,AOM_100984,Feather by-products,0,0,affected-descendant-inventory
AOM_002011,Cocoa Bean Shell Dried Ground,feed-material-descendant;crop-forage-navigation,AOM_001916,Crop Byproduct,4,,,AOM_000617,Cocoa Bean Shell,0,0,affected-descendant-inventory;source-navigation-impact-review
AOM_002012,Cocoa Pods Husk Boiled Dried Ground,feed-material-descendant;crop-forage-navigation,AOM_001916,Crop Byproduct,4,,,AOM_001183,Cocoa Pods Husk,0,0,affected-descendant-inventory;source-navigation-impact-review
AOM_002013,Barley Dried Ground,feed-material-descendant;crop-forage-navigation,AOM_001916,Crop Byproduct,4,,,AOM_100856,Barley by-products,0,0,affected-descendant-inventory;source-navigation-impact-review
AOM_002015,Unspecified Bran Dried Ground,feed-material-descendant;crop-forage-navigation,AOM_001916,Crop Byproduct,4,,,AOM_000563,Unspecified Bran,0,0,affected-descendant-inventory;source-navigation-impact-review
AOM_002016,Maize Bran Dried Ground,feed-material-descendant;crop-forage-navigation,AOM_001916,Crop Byproduct,5,,,AOM_001614,Maize Bran,0,0,affected-descendant-inventory;source-navigation-impact-review
AOM_002017,Wheat Grain Ground,feed-material-descendant;crop-forage-navigation,AOM_100921,Crop product,5,,,AOM_001318,Wheat Grain,0,0,affected-descendant-inventory;source-navigation-impact-review
AOM_002018,Cowpea Haulm Dried Ground,feed-material-descendant;crop-forage-navigation,AOM_001916,Crop Byproduct,5,,,AOM_000601,Cowpea Haulm,0,0,affected-descendant-inventory;source-navigation-impact-review
AOM_002019,Cowpea Husk Ground,feed-material-descendant;crop-forage-navigation,AOM_001916,Crop Byproduct,5,,,AOM_000602,Cowpea Husk,0,0,affected-descendant-inventory;source-navigation-impact-review
AOM_002020,Soybean Dried Fermented,feed-material-descendant;crop-forage-navigation,AOM_001916,Crop Byproduct,4,,,AOM_100852,Soybean by-products,0,0,affected-descendant-inventory;source-navigation-impact-review
AOM_002021,Soybean Cake Ground,feed-material-descendant;crop-forage-navigation,AOM_001916,Crop Byproduct,4,,,AOM_100852,Soybean by-products,0,0,affected-descendant-inventory;source-navigation-impact-review
AOM_002026,Cassava Leaves Ground,feed-material-descendant;crop-forage-navigation,AOM_001916,Crop Byproduct,5,,,AOM_000635,Cassava Leaves,0,0,affected-descendant-inventory;source-navigation-impact-review
AOM_002027,Cassava Peel Ground,feed-material-descendant;crop-forage-navigation,AOM_001916,Crop Byproduct,5,,,AOM_002112,Cassava Peel,0,0,affected-descendant-inventory;source-navigation-impact-review
AOM_002029,Cassava Shaft Ground,feed-material-descendant;crop-forage-navigation,AOM_001916,Crop Byproduct,5,,,AOM_000638,Cassava Shaft,0,0,affected-descendant-inventory;source-navigation-impact-review
AOM_002030,Yam Peels Dried Ground,feed-material-descendant;crop-forage-navigation,AOM_001916,Crop Byproduct,5,,,AOM_000640,Yam Peels,0,0,affected-descendant-inventory;source-navigation-impact-review
AOM_002031,Maize Dried Ground Heated,feed-material-descendant;crop-forage-navigation,AOM_100921,Crop product,5,,,AOM_000649,Maize Grain,0,0,affected-descendant-inventory;source-navigation-impact-review
AOM_002032,Breadfruit Dried Ground,feed-material-descendant;crop-forage-navigation,AOM_100921,Crop product,4,,,AOM_001199,Breadfruit,0,0,affected-descendant-inventory;source-navigation-impact-review
AOM_002033,Soybean Full Fat Ground,feed-material-descendant;crop-forage-navigation,AOM_100921,Crop product,5,,,AOM_001317,Soybean Full Fat,0,0,affected-descendant-inventory;source-navigation-impact-review
AOM_002034,Cassava Tuber Dried Grated Fermented Peeled,feed-material-descendant;crop-forage-navigation,AOM_100921,Crop product,5,,,AOM_000679,Cassava Tuber,0,0,affected-descendant-inventory;source-navigation-impact-review
AOM_002035,Cassava Tuber Boiled Dried Ground,feed-material-descendant;crop-forage-navigation,AOM_100921,Crop product,5,,,AOM_000679,Cassava Tuber,0,0,affected-descendant-inventory;source-navigation-impact-review
AOM_002036,Fluted Pumpkin Leaves Dried Ground,feed-material-descendant;crop-forage-navigation,AOM_100921,Crop product,5,,,AOM_001256,Fluted Pumpkin Leaves,0,0,affected-descendant-inventory;source-navigation-impact-review
AOM_002037,Lemna Dried,feed-material-descendant;crop-forage-navigation,AOM_000735,Forage Plants,4,,,AOM_001556,Lemna,0,0,affected-descendant-inventory;source-navigation-impact-review
AOM_002038,Combretum aculeatum,feed-material-descendant;crop-forage-navigation,AOM_000735,Forage Plants,3,,,AOM_000701,Cereal and Grass Forages,0,0,affected-descendant-inventory;source-navigation-impact-review
AOM_002039,Megathyrsus maximus Bran,feed-material-descendant;crop-forage-navigation,AOM_000735,Forage Plants,4,,,AOM_001479,Megathyrsus maximus,0,0,affected-descendant-inventory;source-navigation-impact-review
AOM_002040,Pennisetum clandestinum Leaves,feed-material-descendant;crop-forage-navigation,AOM_000735,Forage Plants,4,,,AOM_001409,Pennisetum clandestinum,1,1,affected-descendant-inventory;source-navigation-impact-review
AOM_002041,Acacia sieberiana Pods,feed-material-descendant;crop-forage-navigation,AOM_000735,Forage Plants,4,,,AOM_000705,Acacia sieberiana,2,2,affected-descendant-inventory;source-navigation-impact-review
AOM_002042,Acacia sieberiana Pods Dried,feed-material-descendant;crop-forage-navigation,AOM_000735,Forage Plants,5,,,AOM_002041,Acacia sieberiana Pods,0,0,affected-descendant-inventory;source-navigation-impact-review
AOM_002043,Acacia sieberiana Pods Dried Ground,feed-material-descendant;crop-forage-navigation,AOM_000735,Forage Plants,5,,,AOM_002041,Acacia sieberiana Pods,0,0,affected-descendant-inventory;source-navigation-impact-review
AOM_002044,Acacia tortilis Leaves Dried Ground,feed-material-descendant;crop-forage-navigation,AOM_000735,Forage Plants,5,,,AOM_001125,Acacia tortilis Leaves,0,0,affected-descendant-inventory;source-navigation-impact-review
AOM_002046,Afzelia africana Dried,feed-material-descendant;crop-forage-navigation,AOM_000735,Forage Plants,4,,,AOM_001126,Afzelia africana,0,0,affected-descendant-inventory;source-navigation-impact-review
AOM_002047,Atriplex nummularia Dried Ground,feed-material-descendant;crop-forage-navigation,AOM_000735,Forage Plants,4,,,AOM_001901,Atriplex nummularia,0,0,affected-descendant-inventory;source-navigation-impact-review
AOM_002048,Calliandra calothyrsus Leaves Dried Ensiled,feed-material-descendant;crop-forage-navigation,AOM_000735,Forage Plants,5,,,AOM_001134,Calliandra calothyrsus Leaves,0,0,affected-descendant-inventory;source-navigation-impact-review
AOM_002049,Faidherbia albida Pods,feed-material-descendant;crop-forage-navigation,AOM_000735,Forage Plants,4,,,AOM_001145,Faidherbia albida,2,2,affected-descendant-inventory;source-navigation-impact-review
AOM_00205,Soybean Haulm,feed-material-descendant;crop-forage-navigation,AOM_001916,Crop Byproduct,4,,,AOM_100852,Soybean by-products,0,0,affected-descendant-inventory;source-navigation-impact-review
AOM_002050,Faidherbia albida Pods Ground,feed-material-descendant;crop-forage-navigation,AOM_000735,Forage Plants,5,,,AOM_002049,Faidherbia albida Pods,0,0,affected-descendant-inventory;source-navigation-impact-review
AOM_002051,Faidherbia albida Pods Dried Ground Soaked,feed-material-descendant;crop-forage-navigation,AOM_000735,Forage Plants,5,,,AOM_002049,Faidherbia albida Pods,0,0,affected-descendant-inventory;source-navigation-impact-review
AOM_002052,Ficus natalensis,feed-material-descendant;crop-forage-navigation,AOM_000735,Forage Plants,3,,,AOM_000718,Forage Trees,0,0,affected-descendant-inventory;source-navigation-impact-review
AOM_002053,Ficus natalensis Leaves,feed-material-descendant;crop-forage-navigation,AOM_000735,Forage Plants,3,,,AOM_000718,Forage Trees,0,0,affected-descendant-inventory;source-navigation-impact-review
AOM_002054,Ficus polita,feed-material-descendant;crop-forage-navigation,AOM_000735,Forage Plants,3,,,AOM_000718,Forage Trees,0,0,affected-descendant-inventory;source-navigation-impact-review
AOM_002055,Jatropha curcas Cake Dried Ground,feed-material-descendant;crop-forage-navigation,AOM_000735,Forage Plants,5,,,AOM_100958,Jatropha curcas press-cake materials,0,0,affected-descendant-inventory;source-navigation-impact-review
AOM_002056,Opuntia ficus indica Cladode Ground,feed-material-descendant;crop-forage-navigation,AOM_000735,Forage Plants,5,,,AOM_001914,Opuntia ficus indica Cladode,0,0,affected-descendant-inventory;source-navigation-impact-review
AOM_002057,Opuntia ficus indica Cladode Dried Ground,feed-material-descendant;crop-forage-navigation,AOM_000735,Forage Plants,5,,,AOM_001914,Opuntia ficus indica Cladode,0,0,affected-descendant-inventory;source-navigation-impact-review
AOM_002058,Stereospermum kunthianum,feed-material-descendant;crop-forage-navigation,AOM_000735,Forage Plants,3,,,AOM_000718,Forage Trees,0,0,affected-descendant-inventory;source-navigation-impact-review
AOM_002059,Terminalia sericea,feed-material-descendant;crop-forage-navigation,AOM_000735,Forage Plants,3,,,AOM_000718,Forage Trees,0,0,affected-descendant-inventory;source-navigation-impact-review
AOM_002060,Vitex simplex,feed-material-descendant;crop-forage-navigation,AOM_000735,Forage Plants,3,,,AOM_000718,Forage Trees,0,0,affected-descendant-inventory;source-navigation-impact-review
AOM_002061,Albizia gummifera,feed-material-descendant;crop-forage-navigation,AOM_000735,Forage Plants,3,,,AOM_000718,Forage Trees,1,1,affected-descendant-inventory;source-navigation-impact-review
AOM_002062,Albizia gummifera Dried,feed-material-descendant;crop-forage-navigation,AOM_000735,Forage Plants,4,,,AOM_002061,Albizia gummifera,0,0,affected-descendant-inventory;source-navigation-impact-review
AOM_002063,Albizia lebbeck,feed-material-descendant;crop-forage-navigation,AOM_000735,Forage Plants,3,,,AOM_000718,Forage Trees,1,2,affected-descendant-inventory;source-navigation-impact-review
AOM_002064,Albizia lebbeck Leaves,feed-material-descendant;crop-forage-navigation,AOM_000735,Forage Plants,4,,,AOM_002063,Albizia lebbeck,1,1,affected-descendant-inventory;source-navigation-impact-review
AOM_002065,Albizia lebbeck Leaves Ground,feed-material-descendant;crop-forage-navigation,AOM_000735,Forage Plants,5,,,AOM_002064,Albizia lebbeck Leaves,0,0,affected-descendant-inventory;source-navigation-impact-review
AOM_002066,Centrosema pubescens Dried Ground,feed-material-descendant;crop-forage-navigation,AOM_000735,Forage Plants,4,,,AOM_001208,Centrosema pubescens,0,0,affected-descendant-inventory;source-navigation-impact-review
AOM_002067,Delonix elata Dried,feed-material-descendant;crop-forage-navigation,AOM_000735,Forage Plants,4,,,AOM_100951,Delonix elata forage materials,0,0,affected-descendant-inventory;source-navigation-impact-review
AOM_002069,Eucalyptus alba,feed-material-descendant;crop-forage-navigation,AOM_000735,Forage Plants,3,,,AOM_000734,Other Forage Plants,0,0,affected-descendant-inventory;source-navigation-impact-review
AOM_002072,Chromium Oxide Ground,chemical-identity-branch,,,,,2,AOM_000746,Chromium Oxide,0,0,identity-product-boundary-review
AOM_002074,Dicalcium Phosphate Ground,feed-material-descendant,AOM_101139,Mineral feed materials,2,,,AOM_101139,Mineral feed materials,0,0,affected-descendant-inventory
AOM_002077,Skimmed Milk Powder,feed-material-descendant,AOM_000559,Animal,3,,,AOM_000556,Milk,0,0,affected-descendant-inventory
AOM_002078,Egg,feed-material-descendant,AOM_100976,Animal by-products,2,,,AOM_100976,Animal by-products,1,1,affected-descendant-inventory
AOM_002079,Egg Boiled Dried Ground,feed-material-descendant,AOM_100976,Animal by-products,3,,,AOM_002078,Egg,0,0,affected-descendant-inventory
AOM_002080,Lard,feed-material-descendant,AOM_100976,Animal by-products,2,,,AOM_100976,Animal by-products,0,0,affected-descendant-inventory
AOM_002081,Mixed Marine Hydrolysate,feed-material-descendant,AOM_100976,Animal by-products,3,,,AOM_100986,Marine hydrolysates,0,0,affected-descendant-inventory
AOM_002082,Shrimp Hydrolysate,feed-material-descendant,AOM_100976,Animal by-products,3,,,AOM_100986,Marine hydrolysates,0,0,affected-descendant-inventory
AOM_002083,Maize Cob Ensiled Urea Treated,feed-material-descendant;crop-forage-navigation,AOM_001916,Crop Byproduct,5,,,AOM_000569,Maize Cob,0,0,affected-descendant-inventory;source-navigation-impact-review
AOM_002084,Spent Rice Straw,feed-material-descendant;crop-forage-navigation,AOM_001916,Crop Byproduct,5,,,AOM_000579,Rice Straw,0,0,affected-descendant-inventory;source-navigation-impact-review
AOM_002086,Sorghum Sprout Dried Ground,feed-material-descendant;crop-forage-navigation,AOM_001916,Crop Byproduct,4,,,AOM_100863,Sorghum by-products,0,0,affected-descendant-inventory;source-navigation-impact-review
AOM_002087,Prosopis Pods Ground,feed-material-descendant;crop-forage-navigation,AOM_000735,Forage Plants,4,,,AOM_100964,Prosopis forage materials,0,0,affected-descendant-inventory;source-navigation-impact-review
AOM_002088,Alfalfa Pods,feed-material-descendant;crop-forage-navigation,AOM_000735,Forage Plants,4,,,AOM_000719,Alfalfa,1,1,affected-descendant-inventory;source-navigation-impact-review
AOM_002089,Alfalfa Pods Dried,feed-material-descendant;crop-forage-navigation,AOM_000735,Forage Plants,5,,,AOM_002088,Alfalfa Pods,0,0,affected-descendant-inventory;source-navigation-impact-review
AOM_002090,Harrisonia abyssinica leaves,feed-material-descendant;crop-forage-navigation,AOM_000735,Forage Plants,4,,,AOM_100955,Harrisonia abyssinica forage materials,0,0,affected-descendant-inventory;source-navigation-impact-review
AOM_002092,Walnut Leaves,feed-material-descendant;crop-forage-navigation,AOM_001916,Crop Byproduct,4,,,AOM_100905,Walnut by-products,1,1,affected-descendant-inventory;source-navigation-impact-review
AOM_002093,Walnut Leaves Dried Ethanol Treated Ground,feed-material-descendant;crop-forage-navigation,AOM_001916,Crop Byproduct,5,,,AOM_002092,Walnut Leaves,0,0,affected-descendant-inventory;source-navigation-impact-review
AOM_002100,Khaya senegalensis Leaves,feed-material-descendant;crop-forage-navigation,AOM_000735,Forage Plants,4,,,AOM_001810,Khaya senegalensis,0,0,affected-descendant-inventory;source-navigation-impact-review
AOM_002101,Sweet Potato Peels,feed-material-descendant;crop-forage-navigation,AOM_001916,Crop Byproduct,4,,,AOM_100912,Sweet potato by-products,1,1,affected-descendant-inventory;source-navigation-impact-review
AOM_002102,Coconut Cake,feed-material-descendant;crop-forage-navigation,AOM_001916,Crop Byproduct,4,,,AOM_100894,Coconut by-products,1,1,affected-descendant-inventory;source-navigation-impact-review
AOM_002103,Coconut Cake Ground,feed-material-descendant;crop-forage-navigation,AOM_001916,Crop Byproduct,5,,,AOM_002102,Coconut Cake,0,0,affected-descendant-inventory;source-navigation-impact-review
AOM_002104,Palm Kernel Cake Ground,feed-material-descendant;crop-forage-navigation,AOM_001916,Crop Byproduct,4,,,AOM_100901,Palm kernel by-products,0,0,affected-descendant-inventory;source-navigation-impact-review
AOM_002105,Palm Kernel Cake Dried Fermented Ground,feed-material-descendant;crop-forage-navigation,AOM_001916,Crop Byproduct,4,,,AOM_100901,Palm kernel by-products,0,0,affected-descendant-inventory;source-navigation-impact-review
AOM_002106,Cocoa Bean Cake,feed-material-descendant;crop-forage-navigation,AOM_100921,Crop product,4,,,AOM_100925,Cocoa products,0,0,affected-descendant-inventory;source-navigation-impact-review
AOM_002107,Cocoa Bean,feed-material-descendant;crop-forage-navigation,AOM_100921,Crop product,4,,,AOM_100925,Cocoa products,0,0,affected-descendant-inventory;source-navigation-impact-review
AOM_002108,Maize Cracked,feed-material-descendant;crop-forage-navigation,AOM_100921,Crop product,4,,,AOM_000648,Maize,0,0,affected-descendant-inventory;source-navigation-impact-review
AOM_002111,Opuntia ficus indica Fruits,feed-material-descendant;crop-forage-navigation,AOM_000735,Forage Plants,4,,,AOM_001166,Opuntia ficus indica,1,1,affected-descendant-inventory;source-navigation-impact-review
AOM_002112,Cassava Peel,feed-material-descendant;crop-forage-navigation,AOM_001916,Crop Byproduct,4,,,AOM_100910,Cassava by-products,13,13,affected-descendant-inventory;source-navigation-impact-review
AOM_002114,Rice Bran Solvent,feed-material-descendant;crop-forage-navigation,AOM_001916,Crop Byproduct,5,,,AOM_000575,Rice Bran,0,0,affected-descendant-inventory;source-navigation-impact-review
AOM_002115,White Lupin,feed-material-descendant;crop-forage-navigation,AOM_100921,Crop product,3,,,AOM_000667,Legume Products,1,4,affected-descendant-inventory;source-navigation-impact-review
AOM_002116,White Lupin Grain,feed-material-descendant;crop-forage-navigation,AOM_100921,Crop product,4,,,AOM_002115,White Lupin,3,3,affected-descendant-inventory;source-navigation-impact-review
AOM_002117,Sorghum Straw Alkali Treated Dried,feed-material-descendant;crop-forage-navigation,AOM_001916,Crop Byproduct,5,,,AOM_000581,Sorghum Straw,0,0,affected-descendant-inventory;source-navigation-impact-review
AOM_002118,Opuntia ficus indica Cladode Ensiled Singed,feed-material-descendant;crop-forage-navigation,AOM_000735,Forage Plants,5,,,AOM_001914,Opuntia ficus indica Cladode,0,0,affected-descendant-inventory;source-navigation-impact-review
AOM_002119,Maize Crushed,feed-material-descendant;crop-forage-navigation,AOM_100921,Crop product,4,,,AOM_000648,Maize,0,0,affected-descendant-inventory;source-navigation-impact-review
AOM_002120,Poultry Litter Deep Stacked,feed-material-descendant,AOM_000561,Animal Manures,3,,,AOM_001146,Poultry Litter,0,0,affected-descendant-inventory
AOM_002121,Soybean Flakes Defatted Crushed Dehulled Heated,feed-material-descendant;crop-forage-navigation,AOM_001916,Crop Byproduct,5,,,AOM_001361,Soybean Flakes Defatted,0,0,affected-descendant-inventory;source-navigation-impact-review
AOM_002122,Soybean Flakes Defatted Crushed Dehulled Dried Extruded Heated Ground,feed-material-descendant;crop-forage-navigation,AOM_001916,Crop Byproduct,5,,,AOM_001361,Soybean Flakes Defatted,0,0,affected-descendant-inventory;source-navigation-impact-review
AOM_002123,Poultry Litter Deep Stacked Dried,feed-material-descendant,AOM_000561,Animal Manures,3,,,AOM_001146,Poultry Litter,0,0,affected-descendant-inventory
AOM_002124,Wheat Crushed,feed-material-descendant;crop-forage-navigation,AOM_100921,Crop product,4,,,AOM_001319,Wheat,0,0,affected-descendant-inventory;source-navigation-impact-review
AOM_002125,White Lupin Grain Dehulled Dried Soaked,feed-material-descendant;crop-forage-navigation,AOM_100921,Crop product,5,,,AOM_002116,White Lupin Grain,0,0,affected-descendant-inventory;source-navigation-impact-review
AOM_002126,White Lupin Grain Dried Soaked,feed-material-descendant;crop-forage-navigation,AOM_100921,Crop product,5,,,AOM_002116,White Lupin Grain,0,0,affected-descendant-inventory;source-navigation-impact-review
AOM_002128,Sesame Seed Dried Ground Soaked,feed-material-descendant;crop-forage-navigation,AOM_001916,Crop Byproduct,5,,,AOM_001440,Sesame Seed,0,0,affected-descendant-inventory;source-navigation-impact-review
AOM_002129,Soybean Dehulled Ground,feed-material-descendant;crop-forage-navigation,AOM_100921,Crop product,4,,,AOM_001582,Soybean,0,0,affected-descendant-inventory;source-navigation-impact-review
AOM_002130,Jatropha curcas Cake Ground,feed-material-descendant;crop-forage-navigation,AOM_000735,Forage Plants,5,,,AOM_100958,Jatropha curcas press-cake materials,0,0,affected-descendant-inventory;source-navigation-impact-review
AOM_002131,Water Hyacinth Dried Fermented Ground,feed-material-descendant;crop-forage-navigation,AOM_000735,Forage Plants,4,,,AOM_000682,Water Hyacinth,0,0,affected-descendant-inventory;source-navigation-impact-review
AOM_002132,Rottboellia cochinchinensis,feed-material-descendant;crop-forage-navigation,AOM_000735,Forage Plants,3,,,AOM_000701,Cereal and Grass Forages,0,0,affected-descendant-inventory;source-navigation-impact-review
AOM_002133,Jatropha curcas Cake Defatted Ground,feed-material-descendant;crop-forage-navigation,AOM_000735,Forage Plants,5,,,AOM_100958,Jatropha curcas press-cake materials,0,0,affected-descendant-inventory;source-navigation-impact-review
AOM_002134,Alfalfa Ground,feed-material-descendant;crop-forage-navigation,AOM_000735,Forage Plants,4,,,AOM_000719,Alfalfa,0,0,affected-descendant-inventory;source-navigation-impact-review
AOM_002136,Linseed Cake,feed-material-descendant;crop-forage-navigation,AOM_001916,Crop Byproduct,4,,,AOM_100898,Linseed by-products,0,0,affected-descendant-inventory;source-navigation-impact-review
AOM_002137,Tomato Pulp,feed-material-descendant;crop-forage-navigation,AOM_100921,Crop product,4,,,AOM_100929,Tomato products,0,0,affected-descendant-inventory;source-navigation-impact-review
AOM_002150,Piliostigma reticulatum,feed-material-descendant;crop-forage-navigation,AOM_000735,Forage Plants,3,,,AOM_000718,Forage Trees,1,2,affected-descendant-inventory;source-navigation-impact-review
AOM_002151,Piliostigma reticulatum pods,feed-material-descendant;crop-forage-navigation,AOM_000735,Forage Plants,4,,,AOM_002150,Piliostigma reticulatum,1,1,affected-descendant-inventory;source-navigation-impact-review
AOM_002153,Opuntia stricta,feed-material-descendant;crop-forage-navigation,AOM_000735,Forage Plants,3,,,AOM_000718,Forage Trees,1,1,affected-descendant-inventory;source-navigation-impact-review
AOM_002154,Opuntia stricta Cladode,feed-material-descendant;crop-forage-navigation,AOM_000735,Forage Plants,4,,,AOM_002153,Opuntia stricta,0,0,affected-descendant-inventory;source-navigation-impact-review
AOM_002166,Sugarcane Bagasse,feed-material-descendant;crop-forage-navigation,AOM_001916,Crop Byproduct,4,,,AOM_100916,Sugarcane by-products,4,4,affected-descendant-inventory;source-navigation-impact-review
AOM_002167,Carrot Waste,feed-material-descendant;crop-forage-navigation,AOM_001916,Crop Byproduct,3,,,AOM_100919,Carrot by-products,0,0,affected-descendant-inventory;source-navigation-impact-review
AOM_002168,Spondias mombin Leaves,feed-material-descendant;crop-forage-navigation,AOM_000735,Forage Plants,4,,,AOM_003899,Spondias mombin,0,0,affected-descendant-inventory;source-navigation-impact-review
AOM_002169,Bamboo Leaves,feed-material-descendant;crop-forage-navigation,AOM_000735,Forage Plants,4,,,AOM_100970,Bamboo forage materials,3,3,affected-descendant-inventory;source-navigation-impact-review
AOM_002190,Lantana camara Leaves,feed-material-descendant;crop-forage-navigation,AOM_000735,Forage Plants,4,,,AOM_100972,Lantana camara forage materials,1,1,affected-descendant-inventory;source-navigation-impact-review
AOM_002191,Fossil Shell Ground,feed-material-descendant,AOM_101139,Mineral feed materials,2,,,AOM_101139,Mineral feed materials,0,0,affected-descendant-inventory
AOM_002192,Fish Offal,feed-material-descendant,AOM_100976,Animal by-products,3,,,AOM_100985,Fish by-products,1,1,affected-descendant-inventory
AOM_002200,Chlorella vulgaris,feed-material-descendant,AOM_100989,Microalgal feed materials,2,,,AOM_100989,Microalgal feed materials,0,0,affected-descendant-inventory
AOM_002201,Acacia dealbata,feed-material-descendant;crop-forage-navigation,AOM_000735,Forage Plants,3,,,AOM_000718,Forage Trees,1,1,affected-descendant-inventory;source-navigation-impact-review
AOM_002202,Acacia dealbata Leaves,feed-material-descendant;crop-forage-navigation,AOM_000735,Forage Plants,4,,,AOM_002201,Acacia dealbata,0,0,affected-descendant-inventory;source-navigation-impact-review
AOM_002203,Piliostigma thonningii pods,feed-material-descendant;crop-forage-navigation,AOM_000735,Forage Plants,4,,,AOM_001524,Piliostigma thonningii,1,1,affected-descendant-inventory;source-navigation-impact-review
AOM_002204,Lablab purpureus,feed-material-descendant;crop-forage-navigation,AOM_000735,Forage Plants,3,,,AOM_000726,Legume Forages,8,9,affected-descendant-inventory;source-navigation-impact-review
AOM_002206,Acacia Albida,feed-material-descendant;crop-forage-navigation,AOM_000735,Forage Plants,3,,,AOM_000718,Forage Trees,1,1,affected-descendant-inventory;source-navigation-impact-review
AOM_002207,Acacia Albida Leaves,feed-material-descendant;crop-forage-navigation,AOM_000735,Forage Plants,4,,,AOM_002206,Acacia Albida,0,0,affected-descendant-inventory;source-navigation-impact-review
AOM_002208,Sunflower Seed,feed-material-descendant;crop-forage-navigation,AOM_100921,Crop product,4,,,AOM_000673,Sunflower,1,1,affected-descendant-inventory;source-navigation-impact-review
AOM_002209,Safflower Seed,feed-material-descendant;crop-forage-navigation,AOM_100921,Crop product,4,,,AOM_100935,Safflower products,0,0,affected-descendant-inventory;source-navigation-impact-review
AOM_002215,Black Cumin Seed Cake,feed-material-descendant;crop-forage-navigation,AOM_001916,Crop Byproduct,3,,,AOM_100939,Black cumin by-products,0,0,affected-descendant-inventory;source-navigation-impact-review
AOM_002216,Andropogon appendiculatus,feed-material-descendant;crop-forage-navigation,AOM_000735,Forage Plants,3,,,AOM_000701,Cereal and Grass Forages,0,0,affected-descendant-inventory;source-navigation-impact-review
AOM_002217,Mung Bean,feed-material-descendant;crop-forage-navigation,AOM_001916,Crop Byproduct,3,,,AOM_000615,Legume ByProducts,1,1,affected-descendant-inventory;source-navigation-impact-review
AOM_002218,Mung Bean Haulm,feed-material-descendant;crop-forage-navigation,AOM_001916,Crop Byproduct,4,,,AOM_002217,Mung Bean,0,0,affected-descendant-inventory;source-navigation-impact-review
AOM_002219,Tamarind Wilted,feed-material-descendant;crop-forage-navigation,AOM_100921,Crop product,4,,,AOM_006180,Tamarind,0,0,affected-descendant-inventory;source-navigation-impact-review
AOM_002220,Tectona grandis,feed-material-descendant;crop-forage-navigation,AOM_000735,Forage Plants,3,,,AOM_000718,Forage Trees,2,3,affected-descendant-inventory;source-navigation-impact-review
AOM_002221,Searsia lancea,feed-material-descendant;crop-forage-navigation,AOM_000735,Forage Plants,3,,,AOM_000718,Forage Trees,0,0,affected-descendant-inventory;source-navigation-impact-review
AOM_002222,Searsia pyroides,feed-material-descendant;crop-forage-navigation,AOM_000735,Forage Plants,3,,,AOM_000718,Forage Trees,0,0,affected-descendant-inventory;source-navigation-impact-review
AOM_002224,Euclea crispa,feed-material-descendant;crop-forage-navigation,AOM_000735,Forage Plants,3,,,AOM_000718,Forage Trees,0,0,affected-descendant-inventory;source-navigation-impact-review
AOM_002225,Cashew Shell,feed-material-descendant;crop-forage-navigation,AOM_001916,Crop Byproduct,4,,,AOM_100893,Cashew by-products,3,3,affected-descendant-inventory;source-navigation-impact-review
AOM_002226,Pea,feed-material-descendant;crop-forage-navigation,AOM_100921,Crop product,3,,,AOM_000667,Legume Products,0,0,affected-descendant-inventory;source-navigation-impact-review
AOM_002228,Fava Bean,feed-material-descendant;crop-forage-navigation,AOM_100921,Crop product,3,,,AOM_000667,Legume Products,0,0,affected-descendant-inventory;source-navigation-impact-review
AOM_002229,Desmodium uncinatum,feed-material-descendant;crop-forage-navigation,AOM_000735,Forage Plants,3,,,AOM_000701,Cereal and Grass Forages,0,0,affected-descendant-inventory;source-navigation-impact-review
AOM_002230,Samanea saman,feed-material-descendant;crop-forage-navigation,AOM_000735,Forage Plants,3,,,AOM_000718,Forage Trees,2,2,affected-descendant-inventory;source-navigation-impact-review
AOM_002231,Tamarind Leaves,feed-material-descendant;crop-forage-navigation,AOM_100921,Crop product,4,,,AOM_006180,Tamarind,0,0,affected-descendant-inventory;source-navigation-impact-review
AOM_002232,Tectona grandis Leaves,feed-material-descendant;crop-forage-navigation,AOM_000735,Forage Plants,4,,,AOM_002220,Tectona grandis,1,1,affected-descendant-inventory;source-navigation-impact-review
AOM_002233,Melon Seed Husk,feed-material-descendant;crop-forage-navigation,AOM_001916,Crop Byproduct,3,,,AOM_100886,Melon by-products,1,1,affected-descendant-inventory;source-navigation-impact-review
AOM_002234,Kochia scoparia,feed-material-descendant;crop-forage-navigation,AOM_000735,Forage Plants,3,,,AOM_000701,Cereal and Grass Forages,0,0,affected-descendant-inventory;source-navigation-impact-review
AOM_002236,Morus indica Leaves,feed-material-descendant;crop-forage-navigation,AOM_000735,Forage Plants,4,,,AOM_100960,Morus indica forage materials,1,1,affected-descendant-inventory;source-navigation-impact-review
AOM_002238,Eclipta alba,feed-material-descendant;crop-forage-navigation,AOM_000735,Forage Plants,3,,,AOM_000701,Cereal and Grass Forages,1,1,affected-descendant-inventory;source-navigation-impact-review
AOM_002239,Polyalthia longifolia,feed-material-descendant;crop-forage-navigation,AOM_000735,Forage Plants,3,,,AOM_000718,Forage Trees,1,1,affected-descendant-inventory;source-navigation-impact-review
AOM_002240,Brown Fish Ground,feed-material-descendant,AOM_000559,Animal,4,,,AOM_100978,Brown fish feed materials,0,0,affected-descendant-inventory
AOM_002241,Rainbow Trout Oil,feed-material-descendant,AOM_000559,Animal,4,,,AOM_001927,Rainbow Trout,1,1,affected-descendant-inventory
AOM_002242,Rainbow Trout Oil Ensiled,feed-material-descendant,AOM_000559,Animal,5,,,AOM_002241,Rainbow Trout Oil,0,0,affected-descendant-inventory
AOM_002243,Sardine,feed-material-descendant,AOM_000559,Animal,3,,,AOM_000549,Fish,1,1,affected-descendant-inventory
AOM_002244,Trout Ensiled,feed-material-descendant,AOM_000559,Animal,4,,,AOM_001115,Trout,0,0,affected-descendant-inventory
AOM_002245,Trout Oil Ensiled,feed-material-descendant,AOM_000559,Animal,5,,,AOM_001930,Trout Oil,0,0,affected-descendant-inventory
AOM_002246,Tuna,feed-material-descendant,AOM_000559,Animal,3,,,AOM_000549,Fish,2,2,affected-descendant-inventory
AOM_002247,Grasshopper,feed-material-descendant,AOM_000559,Animal,3,,,AOM_000554,Insect,1,1,affected-descendant-inventory
AOM_002248,Termite,feed-material-descendant,AOM_000559,Animal,3,,,AOM_000554,Insect,4,4,affected-descendant-inventory
AOM_002249,Groundnut Shell,feed-material-descendant;crop-forage-navigation,AOM_001916,Crop Byproduct,4,,,AOM_100869,Groundnut by-products,0,0,affected-descendant-inventory;source-navigation-impact-review
AOM_002250,Morus alba,feed-material-descendant;crop-forage-navigation,AOM_000735,Forage Plants,3,,,AOM_000718,Forage Trees,1,2,affected-descendant-inventory;source-navigation-impact-review
AOM_002251,Morus alba Leaves,feed-material-descendant;crop-forage-navigation,AOM_000735,Forage Plants,4,,,AOM_002250,Morus alba,1,1,affected-descendant-inventory;source-navigation-impact-review
AOM_002305,Beta vulgaris,feed-material-descendant;crop-forage-navigation,AOM_000735,Forage Plants,3,,,AOM_000734,Other Forage Plants,0,0,affected-descendant-inventory;source-navigation-impact-review
AOM_002339,Sorghum Husk,feed-material-descendant;crop-forage-navigation,AOM_001916,Crop Byproduct,4,,,AOM_100863,Sorghum by-products,1,1,affected-descendant-inventory;source-navigation-impact-review
AOM_002344,Sugarcane Peel,feed-material-descendant;crop-forage-navigation,AOM_001916,Crop Byproduct,4,,,AOM_100916,Sugarcane by-products,1,1,affected-descendant-inventory;source-navigation-impact-review
AOM_002345,Atriplex nummularia Leaves and Twigs,feed-material-descendant;crop-forage-navigation,AOM_000735,Forage Plants,4,,,AOM_001901,Atriplex nummularia,0,0,affected-descendant-inventory;source-navigation-impact-review
AOM_002346,Adansonia digitata Seed Ground,feed-material-descendant;crop-forage-navigation,AOM_000735,Forage Plants,5,,,AOM_001790,Adansonia digitata Seed,0,0,affected-descendant-inventory;source-navigation-impact-review
AOM_002347,Atriplex halimus Leaves and Twigs,feed-material-descendant;crop-forage-navigation,AOM_000735,Forage Plants,4,,,AOM_001535,Atriplex halimus,0,0,affected-descendant-inventory;source-navigation-impact-review
AOM_002348,Date Leaves,feed-material-descendant;crop-forage-navigation,AOM_001916,Crop Byproduct,3,,,AOM_100881,Date by-products,5,5,affected-descendant-inventory;source-navigation-impact-review
AOM_002353,Date Ground,feed-material-descendant;crop-forage-navigation,AOM_100921,Crop product,3,,,AOM_001311,Date,0,0,affected-descendant-inventory;source-navigation-impact-review
AOM_003061,Ipomoea triloba,feed-material-descendant;crop-forage-navigation,AOM_000735,Forage Plants,3,,,AOM_000734,Other Forage Plants,0,0,affected-descendant-inventory;source-navigation-impact-review
AOM_003062,Bidens diffusa,feed-material-descendant;crop-forage-navigation,AOM_000735,Forage Plants,3,,,AOM_000734,Other Forage Plants,0,0,affected-descendant-inventory;source-navigation-impact-review
AOM_003063,Acalypha fimbriata,feed-material-descendant;crop-forage-navigation,AOM_000735,Forage Plants,3,,,AOM_000734,Other Forage Plants,0,0,affected-descendant-inventory;source-navigation-impact-review
AOM_003064,Aspilia africana,feed-material-descendant;crop-forage-navigation,AOM_000735,Forage Plants,3,,,AOM_000734,Other Forage Plants,1,1,affected-descendant-inventory;source-navigation-impact-review
AOM_003065,Sida cordifolia,feed-material-descendant;crop-forage-navigation,AOM_000735,Forage Plants,3,,,AOM_000734,Other Forage Plants,0,0,affected-descendant-inventory;source-navigation-impact-review
AOM_003066,Alternanthera sessilis,feed-material-descendant;crop-forage-navigation,AOM_100921,Crop product,3,,,AOM_100924,Vegetable products,0,0,affected-descendant-inventory;source-navigation-impact-review
AOM_003067,Sida acuta,feed-material-descendant;crop-forage-navigation,AOM_000735,Forage Plants,3,,,AOM_000734,Other Forage Plants,0,0,affected-descendant-inventory;source-navigation-impact-review
AOM_003068,Phyllanthus amarus,feed-material-descendant;crop-forage-navigation,AOM_000735,Forage Plants,3,,,AOM_000734,Other Forage Plants,2,2,affected-descendant-inventory;source-navigation-impact-review
AOM_003069,Tephrosia purpurea,feed-material-descendant;crop-forage-navigation,AOM_000735,Forage Plants,3,,,AOM_000726,Legume Forages,0,0,affected-descendant-inventory;source-navigation-impact-review
AOM_003070,Talinum fruticosum,feed-material-descendant;crop-forage-navigation,AOM_100921,Crop product,3,,,AOM_100924,Vegetable products,0,0,affected-descendant-inventory;source-navigation-impact-review
AOM_003071,Prunus africana,feed-material-descendant;crop-forage-navigation,AOM_000735,Forage Plants,3,,,AOM_000718,Forage Trees,0,0,affected-descendant-inventory;source-navigation-impact-review
AOM_003072,Groundnut,feed-material-descendant;crop-forage-navigation,AOM_100921,Crop product,3,,,AOM_000667,Legume Products,2,2,affected-descendant-inventory;source-navigation-impact-review
AOM_003075,Balanites aegyptiaca,feed-material-descendant;crop-forage-navigation,AOM_000735,Forage Plants,3,,,AOM_000718,Forage Trees,2,3,affected-descendant-inventory;source-navigation-impact-review
AOM_003076,Probiotic,feed-additive-branch,,,,2,,AOM_101137,Zootechnical feed additives,5,5,authority-boundary-comparison
AOM_003077,Commelina imberbis,feed-material-descendant;crop-forage-navigation,AOM_000735,Forage Plants,3,,,AOM_000734,Other Forage Plants,1,1,affected-descendant-inventory;source-navigation-impact-review
AOM_003079,Sesbania sesban,feed-material-descendant;crop-forage-navigation,AOM_000735,Forage Plants,3,,,AOM_000718,Forage Trees,6,11,affected-descendant-inventory;source-navigation-impact-review
AOM_003080,Sesbania sesban Seed,feed-material-descendant;crop-forage-navigation,AOM_000735,Forage Plants,4,,,AOM_003079,Sesbania sesban,1,1,affected-descendant-inventory;source-navigation-impact-review
AOM_003081,Anacardium occidentale,feed-material-descendant;crop-forage-navigation,AOM_000735,Forage Plants,3,,,AOM_000718,Forage Trees,2,2,affected-descendant-inventory;source-navigation-impact-review
AOM_003082,Anacardium occidentale Leaves,feed-material-descendant;crop-forage-navigation,AOM_000735,Forage Plants,4,,,AOM_003081,Anacardium occidentale,0,0,affected-descendant-inventory;source-navigation-impact-review
AOM_003083,Gmelina arborea Leaves,feed-material-descendant;crop-forage-navigation,AOM_000735,Forage Plants,4,,,AOM_001151,Gmelina arborea,3,3,affected-descendant-inventory;source-navigation-impact-review
AOM_003102,Teff Straw,feed-material-descendant;crop-forage-navigation,AOM_001916,Crop Byproduct,4,,,AOM_006199,Teff,3,3,affected-descendant-inventory;source-navigation-impact-review
AOM_003103,Dactyloctenium aegyptium,feed-material-descendant;crop-forage-navigation,AOM_000735,Forage Plants,3,,,AOM_000701,Cereal and Grass Forages,0,0,affected-descendant-inventory;source-navigation-impact-review
AOM_003104,Tristachya leucothrix,feed-material-descendant;crop-forage-navigation,AOM_000735,Forage Plants,3,,,AOM_000701,Cereal and Grass Forages,1,1,affected-descendant-inventory;source-navigation-impact-review
AOM_003105,Acacia mearnsii,feed-material-descendant;crop-forage-navigation,AOM_000735,Forage Plants,3,,,AOM_000718,Forage Trees,3,3,affected-descendant-inventory;source-navigation-impact-review
AOM_003106,Acacia mearnsii Leaves,feed-material-descendant;crop-forage-navigation,AOM_000735,Forage Plants,4,,,AOM_003105,Acacia mearnsii,0,0,affected-descendant-inventory;source-navigation-impact-review
AOM_003206,Poultry by-products,feed-material-descendant,AOM_100976,Animal by-products,2,,,AOM_100976,Animal by-products,1,1,affected-descendant-inventory
AOM_003207,Bambara Groundnut,feed-material-descendant;crop-forage-navigation,AOM_001916,Crop Byproduct,3,,,AOM_000615,Legume ByProducts,1,2,affected-descendant-inventory;source-navigation-impact-review
AOM_003208,Bambara Groundnut Offal,feed-material-descendant;crop-forage-navigation,AOM_001916,Crop Byproduct,4,,,AOM_003207,Bambara Groundnut,1,1,affected-descendant-inventory;source-navigation-impact-review
AOM_003209,Grass Pea,feed-material-descendant;crop-forage-navigation,AOM_001916,Crop Byproduct,3,,,AOM_000615,Legume ByProducts,1,1,affected-descendant-inventory;source-navigation-impact-review
AOM_003210,Grass Pea Haulm,feed-material-descendant;crop-forage-navigation,AOM_001916,Crop Byproduct,4,,,AOM_003209,Grass Pea,0,0,affected-descendant-inventory;source-navigation-impact-review
AOM_003216,Indigofera atriceps,feed-material-descendant;crop-forage-navigation,AOM_000735,Forage Plants,3,,,AOM_000726,Legume Forages,1,1,affected-descendant-inventory;source-navigation-impact-review
AOM_003239,Tephrosia polystachyum,feed-material-descendant;crop-forage-navigation,AOM_000735,Forage Plants,3,,,AOM_000726,Legume Forages,1,1,affected-descendant-inventory;source-navigation-impact-review
AOM_003266,Taro Root,feed-material-descendant;crop-forage-navigation,AOM_001916,Crop Byproduct,4,,,AOM_100913,Taro by-products,1,1,affected-descendant-inventory;source-navigation-impact-review
AOM_003275,Balanites aegyptiaca Leaves,feed-material-descendant;crop-forage-navigation,AOM_000735,Forage Plants,4,,,AOM_003075,Balanites aegyptiaca,1,1,affected-descendant-inventory;source-navigation-impact-review
AOM_003297,Maize Steep Liquor,feed-material-descendant;crop-forage-navigation,AOM_001916,Crop Byproduct,4,,,AOM_100851,Maize by-products,0,0,affected-descendant-inventory;source-navigation-impact-review
AOM_003323,Sugar,feed-material-descendant;crop-forage-navigation,AOM_100921,Crop product,3,,,AOM_100922,Cash crop products,0,0,affected-descendant-inventory;source-navigation-impact-review
AOM_003359,Onion Veins,feed-material-descendant;crop-forage-navigation,AOM_100921,Crop product,4,,,AOM_100944,Onion products,1,1,affected-descendant-inventory;source-navigation-impact-review
AOM_003385,Brachiaria hybrid,feed-material-descendant;crop-forage-navigation,AOM_000735,Forage Plants,3,,,AOM_000701,Cereal and Grass Forages,1,1,affected-descendant-inventory;source-navigation-impact-review
AOM_003482,Sugar Beet,feed-material-descendant;crop-forage-navigation,AOM_001916,Crop Byproduct,4,,,AOM_100915,Sugar beet by-products,1,1,affected-descendant-inventory;source-navigation-impact-review
AOM_003492,Sugar Beet Leaves,feed-material-descendant;crop-forage-navigation,AOM_001916,Crop Byproduct,4,,,AOM_100915,Sugar beet by-products,1,1,affected-descendant-inventory;source-navigation-impact-review
AOM_003545,Aspilia africana Leaves and Twigs,feed-material-descendant;crop-forage-navigation,AOM_000735,Forage Plants,4,,,AOM_003064,Aspilia africana,0,0,affected-descendant-inventory;source-navigation-impact-review
AOM_003546,Coffee Pulp,feed-material-descendant;crop-forage-navigation,AOM_001916,Crop Byproduct,3,,,AOM_100877,Coffee by-products,0,0,affected-descendant-inventory;source-navigation-impact-review
AOM_003549,Centrosema pubescens Leaves,feed-material-descendant;crop-forage-navigation,AOM_000735,Forage Plants,4,,,AOM_001208,Centrosema pubescens,2,2,affected-descendant-inventory;source-navigation-impact-review
AOM_003553,Mangifera indica Leaves and Twigs,feed-material-descendant;crop-forage-navigation,AOM_000735,Forage Plants,4,,,AOM_100973,Mangifera indica forage materials,0,0,affected-descendant-inventory;source-navigation-impact-review
AOM_003558,Acioa barteri Leaves and Twigs,feed-material-descendant;crop-forage-navigation,AOM_000735,Forage Plants,4,,,AOM_100948,Acioa barteri forage materials,0,0,affected-descendant-inventory;source-navigation-impact-review
AOM_003565,Cereal Spent Grain,feed-material-descendant;crop-forage-navigation,AOM_001916,Crop Byproduct,3,,,AOM_000594,Cereal ByProducts,1,1,affected-descendant-inventory;source-navigation-impact-review
AOM_003567,Cheka Residue,feed-material-descendant;crop-forage-navigation,AOM_001916,Crop Byproduct,4,,,AOM_100857,Cheka by-products,0,0,affected-descendant-inventory;source-navigation-impact-review
AOM_003582,Anacardium occidentale Leaves and Twigs,feed-material-descendant;crop-forage-navigation,AOM_000735,Forage Plants,4,,,AOM_003081,Anacardium occidentale,0,0,affected-descendant-inventory;source-navigation-impact-review
AOM_003596,Grape Seeds,feed-material-descendant;crop-forage-navigation,AOM_001916,Crop Byproduct,3,,,AOM_100882,Grape by-products,0,0,affected-descendant-inventory;source-navigation-impact-review
AOM_003646,Khat Leftover,feed-material-descendant;crop-forage-navigation,AOM_001916,Crop Byproduct,3,,,AOM_100878,Khat by-products,1,1,affected-descendant-inventory;source-navigation-impact-review
AOM_003668,Phyllanthus amarus Leaves,feed-material-descendant;crop-forage-navigation,AOM_000735,Forage Plants,4,,,AOM_003068,Phyllanthus amarus,0,0,affected-descendant-inventory;source-navigation-impact-review
AOM_003677,Panicum,feed-material-descendant;crop-forage-navigation,AOM_000735,Forage Plants,3,,,AOM_000701,Cereal and Grass Forages,1,1,affected-descendant-inventory;source-navigation-impact-review
AOM_003683,Mangifera indica Leaves,feed-material-descendant;crop-forage-navigation,AOM_000735,Forage Plants,4,,,AOM_100973,Mangifera indica forage materials,0,0,affected-descendant-inventory;source-navigation-impact-review
AOM_003690,Poultry Litter Ground,feed-material-descendant,AOM_000561,Animal Manures,3,,,AOM_001146,Poultry Litter,0,0,affected-descendant-inventory
AOM_003691,Pterocarpus erinaceus Leaves and Twigs,feed-material-descendant;crop-forage-navigation,AOM_000735,Forage Plants,4,,,AOM_001802,Pterocarpus erinaceus,0,0,affected-descendant-inventory;source-navigation-impact-review
AOM_003692,Rice Straw Molasses Treated,feed-material-descendant;crop-forage-navigation,AOM_001916,Crop Byproduct,5,,,AOM_000579,Rice Straw,0,0,affected-descendant-inventory;source-navigation-impact-review
AOM_003693,Vachellia polyacantha,feed-material-descendant;crop-forage-navigation,AOM_000735,Forage Plants,3,,,AOM_000718,Forage Trees,1,2,affected-descendant-inventory;source-navigation-impact-review
AOM_003694,Vachellia erioloba,feed-material-descendant;crop-forage-navigation,AOM_000735,Forage Plants,3,,,AOM_000718,Forage Trees,0,0,affected-descendant-inventory;source-navigation-impact-review
AOM_003697,Mucuna pruriens Protein Isolate,feed-material-descendant;crop-forage-navigation,AOM_000735,Forage Plants,5,,,AOM_100968,Mucuna pruriens protein products,0,0,affected-descendant-inventory;source-navigation-impact-review
AOM_003700,Coconut Oil,feed-material-descendant;crop-forage-navigation,AOM_100921,Crop product,4,,,AOM_100933,Coconut products,0,0,affected-descendant-inventory;source-navigation-impact-review
AOM_003703,Acacia auriculiformis Leaves,feed-material-descendant;crop-forage-navigation,AOM_000735,Forage Plants,4,,,AOM_100947,Acacia auriculiformis forage materials,1,1,affected-descendant-inventory;source-navigation-impact-review
AOM_003747,Axtra XAP,feed-additive-branch,,,,3,,AOM_000751,Enzyme,0,0,authority-boundary-comparison
AOM_003749,Natuzyme,feed-additive-branch,,,,3,,AOM_000751,Enzyme,0,0,authority-boundary-comparison
AOM_003760,Lime Slaked,feed-material-descendant,AOM_101139,Mineral feed materials,2,,,AOM_101139,Mineral feed materials,0,0,affected-descendant-inventory
AOM_003815,Date Discarded Ground,feed-material-descendant;crop-forage-navigation,AOM_001916,Crop Byproduct,3,,,AOM_100881,Date by-products,0,0,affected-descendant-inventory;source-navigation-impact-review
AOM_003829,Bread Waste,feed-material-descendant,AOM_100987,Processed food by-products,2,,,AOM_100987,Processed food by-products,1,1,affected-descendant-inventory
AOM_003853,Sweet Potato Vine Dried,feed-material-descendant;crop-forage-navigation,AOM_001916,Crop Byproduct,5,,,AOM_001267,Sweet Potato Vine,0,0,affected-descendant-inventory;source-navigation-impact-review
AOM_003854,Rice Milling Waste,feed-material-descendant;crop-forage-navigation,AOM_001916,Crop Byproduct,4,,,AOM_100861,Rice by-products,0,0,affected-descendant-inventory;source-navigation-impact-review
AOM_003858,Groundnut Veins,feed-material-descendant;crop-forage-navigation,AOM_001916,Crop Byproduct,4,,,AOM_100869,Groundnut by-products,1,1,affected-descendant-inventory;source-navigation-impact-review
AOM_003878,L-Tryptophan,feed-additive-branch,,,,3,,AOM_000737,Amino Acid,0,0,authority-boundary-comparison
AOM_003879,Cochlospermum planchonii Rhizomes,feed-material-descendant;crop-forage-navigation,AOM_000735,Forage Plants,4,,,AOM_100971,Cochlospermum planchonii forage materials,1,1,affected-descendant-inventory;source-navigation-impact-review
AOM_003885,Citrus Pulp,feed-material-descendant;crop-forage-navigation,AOM_001916,Crop Byproduct,3,,,AOM_100880,Citrus by-products,2,2,affected-descendant-inventory;source-navigation-impact-review
AOM_003887,Rosemary Residues,feed-material-descendant;crop-forage-navigation,AOM_100921,Crop product,4,,,AOM_100941,Rosemary products,1,1,affected-descendant-inventory;source-navigation-impact-review
AOM_003890,Argan Seed Cake,feed-material-descendant;crop-forage-navigation,AOM_001916,Crop Byproduct,4,,,AOM_100891,Argan by-products,0,0,affected-descendant-inventory;source-navigation-impact-review
AOM_003891,Orange Pulp,feed-material-descendant;crop-forage-navigation,AOM_001916,Crop Byproduct,3,,,AOM_100887,Orange by-products,0,0,affected-descendant-inventory;source-navigation-impact-review
AOM_003892,Argan Pulp,feed-material-descendant;crop-forage-navigation,AOM_001916,Crop Byproduct,4,,,AOM_100891,Argan by-products,0,0,affected-descendant-inventory;source-navigation-impact-review
AOM_003893,Bambusa balcooa,feed-material-descendant;crop-forage-navigation,AOM_000735,Forage Plants,3,,,AOM_000734,Other Forage Plants,1,2,affected-descendant-inventory;source-navigation-impact-review
AOM_003894,Carob Ground,feed-material-descendant;crop-forage-navigation,AOM_001916,Crop Byproduct,3,,,AOM_100875,Carob by-products,0,0,affected-descendant-inventory;source-navigation-impact-review
AOM_003895,Bambusa vulgaris Leaves,feed-material-descendant;crop-forage-navigation,AOM_000735,Forage Plants,4,,,AOM_006031,Bambusa vulgaris,0,0,affected-descendant-inventory;source-navigation-impact-review
AOM_003896,Dendrocalamus giganteus Leaves,feed-material-descendant;crop-forage-navigation,AOM_000735,Forage Plants,4,,,AOM_006084,Dendrocalamus giganteus,0,0,affected-descendant-inventory;source-navigation-impact-review
AOM_003897,Jojoba Ground,feed-material-descendant;crop-forage-navigation,AOM_001916,Crop Byproduct,4,,,AOM_100897,Jojoba by-products,0,0,affected-descendant-inventory;source-navigation-impact-review
AOM_003898,Ficus exasperata,feed-material-descendant;crop-forage-navigation,AOM_000735,Forage Plants,3,,,AOM_000718,Forage Trees,1,1,affected-descendant-inventory;source-navigation-impact-review
AOM_003899,Spondias mombin,feed-material-descendant;crop-forage-navigation,AOM_000735,Forage Plants,3,,,AOM_000718,Forage Trees,1,1,affected-descendant-inventory;source-navigation-impact-review
AOM_003900,Citrus aurantifolia Leaves,feed-material-descendant;crop-forage-navigation,AOM_000735,Forage Plants,4,,,AOM_006406,Citrus aurantifolia,0,0,affected-descendant-inventory;source-navigation-impact-review
AOM_003901,Occicum gatissimum Leaves,feed-material-descendant;crop-forage-navigation,AOM_000735,Forage Plants,4,,,AOM_006410,Occicum gatissimum,0,0,affected-descendant-inventory;source-navigation-impact-review
AOM_003902,Vernonia amygdalina Leaves,feed-material-descendant;crop-forage-navigation,AOM_000735,Forage Plants,4,,,AOM_004614,Vernonia amygdalina,2,2,affected-descendant-inventory;source-navigation-impact-review
AOM_003903,Moringa oleifera Leaves,feed-material-descendant;crop-forage-navigation,AOM_000735,Forage Plants,4,,,AOM_001152,Moringa oleifera,2,2,affected-descendant-inventory;source-navigation-impact-review
AOM_003905,Trachyspermum ammi Seed,feed-material-descendant;crop-forage-navigation,AOM_000735,Forage Plants,4,,,AOM_100974,Trachyspermum ammi forage materials,0,0,affected-descendant-inventory;source-navigation-impact-review
AOM_003906,Quercus ilex Nut,feed-material-descendant;crop-forage-navigation,AOM_000735,Forage Plants,4,,,AOM_006155,Quercus ilex,0,0,affected-descendant-inventory;source-navigation-impact-review
AOM_003907,Forest Pasture,feed-material-descendant;crop-forage-navigation,AOM_000735,Forage Plants,3,,,AOM_000701,Cereal and Grass Forages,0,0,affected-descendant-inventory;source-navigation-impact-review
AOM_003908,Acacia seyal,feed-material-descendant;crop-forage-navigation,AOM_000735,Forage Plants,3,,,AOM_000718,Forage Trees,1,1,affected-descendant-inventory;source-navigation-impact-review
AOM_003909,Millettia ferruginea,feed-material-descendant;crop-forage-navigation,AOM_000735,Forage Plants,3,,,AOM_000718,Forage Trees,1,1,affected-descendant-inventory;source-navigation-impact-review
AOM_003910,Legume Mixtures Weeds,feed-material-descendant;crop-forage-navigation,AOM_000735,Forage Plants,3,,,AOM_000726,Legume Forages,0,0,affected-descendant-inventory;source-navigation-impact-review
AOM_003911,Cassava Sieviate,feed-material-descendant;crop-forage-navigation,AOM_001916,Crop Byproduct,4,,,AOM_100910,Cassava by-products,2,2,affected-descendant-inventory;source-navigation-impact-review
AOM_003912,Megathyrsus maximus Leaves,feed-material-descendant;crop-forage-navigation,AOM_000735,Forage Plants,4,,,AOM_001479,Megathyrsus maximus,0,0,affected-descendant-inventory;source-navigation-impact-review
AOM_003913,Bridelia ferruginea Leaves,feed-material-descendant;crop-forage-navigation,AOM_000735,Forage Plants,4,,,AOM_100949,Bridelia ferruginea forage materials,0,0,affected-descendant-inventory;source-navigation-impact-review
AOM_003914,Bambusa balcooa Leaves,feed-material-descendant;crop-forage-navigation,AOM_000735,Forage Plants,4,,,AOM_003893,Bambusa balcooa,1,1,affected-descendant-inventory;source-navigation-impact-review
AOM_003915,Oxytenanthera abyssinica Leaves,feed-material-descendant;crop-forage-navigation,AOM_000735,Forage Plants,4,,,AOM_100963,Oxytenanthera abyssinica forage materials,1,1,affected-descendant-inventory;source-navigation-impact-review
AOM_003916,Digitaria,feed-material-descendant;crop-forage-navigation,AOM_000735,Forage Plants,3,,,AOM_000701,Cereal and Grass Forages,1,1,affected-descendant-inventory;source-navigation-impact-review
AOM_003917,Cassava Vinasse,feed-material-descendant;crop-forage-navigation,AOM_001916,Crop Byproduct,4,,,AOM_100910,Cassava by-products,0,0,affected-descendant-inventory;source-navigation-impact-review
AOM_003918,African Yam Bean Ground,feed-material-descendant;crop-forage-navigation,AOM_001916,Crop Byproduct,4,,,AOM_100907,African yam bean by-products,0,0,affected-descendant-inventory;source-navigation-impact-review
AOM_003919,Delonix regia Seed,feed-material-descendant;crop-forage-navigation,AOM_000735,Forage Plants,4,,,AOM_100952,Delonix regia forage materials,4,4,affected-descendant-inventory;source-navigation-impact-review
AOM_003920,Hevea brasiliensis Seed Cake Boiled Dried Ground,feed-material-descendant;crop-forage-navigation,AOM_000735,Forage Plants,5,,,AOM_006118,Hevea brasiliensis Seed,0,0,affected-descendant-inventory;source-navigation-impact-review
AOM_003921,Hermosa sidoides,feed-material-descendant;crop-forage-navigation,AOM_000735,Forage Plants,3,,,AOM_000718,Forage Trees,1,1,affected-descendant-inventory;source-navigation-impact-review
AOM_003926,Vitex doniana Leaves,feed-material-descendant;crop-forage-navigation,AOM_000735,Forage Plants,4,,,AOM_100966,Vitex doniana forage materials,2,2,affected-descendant-inventory;source-navigation-impact-review
AOM_003927,Cowpea Residue,feed-material-descendant;crop-forage-navigation,AOM_001916,Crop Byproduct,4,,,AOM_100867,Cowpea by-products,0,0,affected-descendant-inventory;source-navigation-impact-review
AOM_003928,Sesame Residue,feed-material-descendant;crop-forage-navigation,AOM_001916,Crop Byproduct,4,,,AOM_100902,Sesame by-products,0,0,affected-descendant-inventory;source-navigation-impact-review
AOM_003929,Lima Bean Vein,feed-material-descendant;crop-forage-navigation,AOM_001916,Crop Byproduct,4,,,AOM_100872,Lima bean by-products,1,1,affected-descendant-inventory;source-navigation-impact-review
AOM_003930,Soybean Cheese Waste,feed-material-descendant;crop-forage-navigation,AOM_001916,Crop Byproduct,4,,,AOM_100852,Soybean by-products,1,1,affected-descendant-inventory;source-navigation-impact-review
AOM_003931,Typha domingensis,feed-material-descendant;crop-forage-navigation,AOM_000735,Forage Plants,3,,,AOM_000701,Cereal and Grass Forages,1,1,affected-descendant-inventory;source-navigation-impact-review
AOM_003933,Watermelon Vine,feed-material-descendant;crop-forage-navigation,AOM_001916,Crop Byproduct,3,,,AOM_100890,Watermelon by-products,2,2,affected-descendant-inventory;source-navigation-impact-review
AOM_003950,Vitex doniana Leaves Ground,feed-material-descendant;crop-forage-navigation,AOM_000735,Forage Plants,5,,,AOM_003926,Vitex doniana Leaves,0,0,affected-descendant-inventory;source-navigation-impact-review
AOM_003954,Jatropha curcas Leaves,feed-material-descendant;crop-forage-navigation,AOM_000735,Forage Plants,4,,,AOM_100957,Jatropha curcas forage materials,1,1,affected-descendant-inventory;source-navigation-impact-review
AOM_003960,Common bean vine,feed-material-descendant;crop-forage-navigation,AOM_001916,Crop Byproduct,4,,,AOM_100866,Common bean by-products,1,1,affected-descendant-inventory;source-navigation-impact-review
AOM_003961,Acacia tortilis Pods,feed-material-descendant;crop-forage-navigation,AOM_000735,Forage Plants,4,,,AOM_000706,Acacia tortilis,2,2,affected-descendant-inventory;source-navigation-impact-review
AOM_003962,Desmodium tortuosom,feed-material-descendant;crop-forage-navigation,AOM_000735,Forage Plants,3,,,AOM_000726,Legume Forages,1,1,affected-descendant-inventory;source-navigation-impact-review
AOM_003970,Adansonia digitata Seed Cake Ground,feed-material-descendant;crop-forage-navigation,AOM_000735,Forage Plants,5,,,AOM_001790,Adansonia digitata Seed,0,0,affected-descendant-inventory;source-navigation-impact-review
AOM_003971,Moringa oleifera Seed,feed-material-descendant;crop-forage-navigation,AOM_000735,Forage Plants,4,,,AOM_001152,Moringa oleifera,3,3,affected-descendant-inventory;source-navigation-impact-review
AOM_003972,Cassava Leaves and Twigs,feed-material-descendant;crop-forage-navigation,AOM_001916,Crop Byproduct,4,,,AOM_100910,Cassava by-products,1,1,affected-descendant-inventory;source-navigation-impact-review
AOM_003973,Cotton Seed,feed-material-descendant;crop-forage-navigation,AOM_001916,Crop Byproduct,4,,,AOM_100895,Cotton by-products,9,9,affected-descendant-inventory;source-navigation-impact-review
AOM_003977,Tridax procumbens,feed-material-descendant;crop-forage-navigation,AOM_000735,Forage Plants,3,,,AOM_000734,Other Forage Plants,0,0,affected-descendant-inventory;source-navigation-impact-review
AOM_003978,Cassava Starch Residue,feed-material-descendant;crop-forage-navigation,AOM_001916,Crop Byproduct,4,,,AOM_100910,Cassava by-products,1,1,affected-descendant-inventory;source-navigation-impact-review
AOM_003980,Colostrum,feed-material-descendant,AOM_000559,Animal,3,,,AOM_000556,Milk,0,0,affected-descendant-inventory
AOM_003981,Ziziphus jujuba leaves,feed-material-descendant;crop-forage-navigation,AOM_000735,Forage Plants,4,,,AOM_100967,Ziziphus jujuba forage materials,1,1,affected-descendant-inventory;source-navigation-impact-review
AOM_003984,Viscum album,feed-material-descendant;crop-forage-navigation,AOM_000735,Forage Plants,3,,,AOM_000718,Forage Trees,2,2,affected-descendant-inventory;source-navigation-impact-review
AOM_003987,Pericopis laxiflora,feed-material-descendant;crop-forage-navigation,AOM_000735,Forage Plants,3,,,AOM_000718,Forage Trees,1,1,affected-descendant-inventory;source-navigation-impact-review
AOM_003989,Myrtus communis Leaves,feed-material-descendant;crop-forage-navigation,AOM_000735,Forage Plants,4,,,AOM_100961,Myrtus communis forage materials,1,1,affected-descendant-inventory;source-navigation-impact-review
AOM_003994,Poly-enzyme,feed-additive-branch,,,,3,,AOM_000751,Enzyme,0,0,authority-boundary-comparison
AOM_003999,Viscum album Leaves,feed-material-descendant;crop-forage-navigation,AOM_000735,Forage Plants,4,,,AOM_003984,Viscum album,0,0,affected-descendant-inventory;source-navigation-impact-review
AOM_004000,Haricot Bean Vine,feed-material-descendant;crop-forage-navigation,AOM_001916,Crop Byproduct,4,,,AOM_100866,Common bean by-products,0,0,affected-descendant-inventory;source-navigation-impact-review
AOM_004002,Maize Yellow,feed-material-descendant;crop-forage-navigation,AOM_100921,Crop product,3,,,AOM_000662,Cereal Products,1,1,affected-descendant-inventory;source-navigation-impact-review
AOM_004003,Maize Yellow Grain,feed-material-descendant;crop-forage-navigation,AOM_100921,Crop product,4,,,AOM_004002,Maize Yellow,0,0,affected-descendant-inventory;source-navigation-impact-review
AOM_004005,Finger Millet Straw,feed-material-descendant;crop-forage-navigation,AOM_001916,Crop Byproduct,4,,,AOM_100858,Finger millet by-products,1,1,affected-descendant-inventory;source-navigation-impact-review
AOM_004111,Lentil Screening,feed-material-descendant;crop-forage-navigation,AOM_001916,Crop Byproduct,4,,,AOM_100871,Lentil by-products,0,0,affected-descendant-inventory;source-navigation-impact-review
AOM_004255,Flaxseed,feed-material-descendant;crop-forage-navigation,AOM_001916,Crop Byproduct,3,,,AOM_000628,Oil Plant ByProducts,1,2,affected-descendant-inventory;source-navigation-impact-review
AOM_004433,Coccidiostats and histomonostats,feed-additive-branch,,,,1,,AOM_101135,Feed additives,1,1,authority-boundary-comparison
AOM_004614,Vernonia amygdalina,feed-material-descendant;crop-forage-navigation,AOM_000735,Forage Plants,3,,,AOM_000718,Forage Trees,4,6,affected-descendant-inventory;source-navigation-impact-review
AOM_006001,Maize Stover,feed-material-descendant;crop-forage-navigation,AOM_001916,Crop Byproduct,4,,,AOM_100851,Maize by-products,2,2,affected-descendant-inventory;source-navigation-impact-review
AOM_006002,Maize Stover Urea Treated,feed-material-descendant;crop-forage-navigation,AOM_001916,Crop Byproduct,5,,,AOM_006001,Maize Stover,0,0,affected-descendant-inventory;source-navigation-impact-review
AOM_006003,Molasses,feed-material-descendant;crop-forage-navigation,AOM_001916,Crop Byproduct,3,,,AOM_000644,Sugar Processing ByProducts,1,1,affected-descendant-inventory;source-navigation-impact-review
AOM_006004,Molasses Ground,feed-material-descendant;crop-forage-navigation,AOM_001916,Crop Byproduct,4,,,AOM_006003,Molasses,0,0,affected-descendant-inventory;source-navigation-impact-review
AOM_006005,Sorghum Brewers Grain Refermented,feed-material-descendant;crop-forage-navigation,AOM_001916,Crop Byproduct,5,,,AOM_001813,Sorghum Brewers Grain,0,0,affected-descendant-inventory;source-navigation-impact-review
AOM_006006,Tata,feed-material-descendant;crop-forage-navigation,AOM_001916,Crop Byproduct,3,,,AOM_000594,Cereal ByProducts,1,1,affected-descendant-inventory;source-navigation-impact-review
AOM_006007,Khaya senegalensis Leaves Dried,feed-material-descendant;crop-forage-navigation,AOM_000735,Forage Plants,4,,,AOM_001810,Khaya senegalensis,0,0,affected-descendant-inventory;source-navigation-impact-review
AOM_006008,Chicken Manure,feed-material-descendant,AOM_000561,Animal Manures,2,,,AOM_000561,Animal Manures,2,2,affected-descendant-inventory
AOM_006009,Pterocarpus lucens Leaves,feed-material-descendant;crop-forage-navigation,AOM_000735,Forage Plants,4,,,AOM_006013,Pterocarpus lucens,1,1,affected-descendant-inventory;source-navigation-impact-review
AOM_006010,Pterocarpus lucens Leaves Dried,feed-material-descendant;crop-forage-navigation,AOM_000735,Forage Plants,5,,,AOM_006009,Pterocarpus lucens Leaves,0,0,affected-descendant-inventory;source-navigation-impact-review
AOM_006011,Pterocarpus lucens Pods,feed-material-descendant;crop-forage-navigation,AOM_000735,Forage Plants,4,,,AOM_006013,Pterocarpus lucens,1,1,affected-descendant-inventory;source-navigation-impact-review
AOM_006012,Pterocarpus lucens Pods Dried,feed-material-descendant;crop-forage-navigation,AOM_000735,Forage Plants,5,,,AOM_006011,Pterocarpus lucens Pods,0,0,affected-descendant-inventory;source-navigation-impact-review
AOM_006013,Pterocarpus lucens,feed-material-descendant;crop-forage-navigation,AOM_000735,Forage Plants,3,,,AOM_000718,Forage Trees,2,4,affected-descendant-inventory;source-navigation-impact-review
AOM_006015,Enterolobium cyclocarpum Leaves,feed-material-descendant;crop-forage-navigation,AOM_000735,Forage Plants,4,,,AOM_006407,Enterolobium cyclocarpum,0,0,affected-descendant-inventory;source-navigation-impact-review
AOM_006016,Acacia auriculiformis Leaves Dried Ground,feed-material-descendant;crop-forage-navigation,AOM_000735,Forage Plants,5,,,AOM_003703,Acacia auriculiformis Leaves,0,0,affected-descendant-inventory;source-navigation-impact-review
AOM_006017,Acacia brevispica Leaves Crushed Dried,feed-material-descendant;crop-forage-navigation,AOM_000735,Forage Plants,5,,,AOM_001756,Acacia brevispica Leaves,0,0,affected-descendant-inventory;source-navigation-impact-review
AOM_006018,Acacia karroo Leaves Dried,feed-material-descendant;crop-forage-navigation,AOM_000735,Forage Plants,5,,,AOM_001764,Acacia karroo Leaves,0,0,affected-descendant-inventory;source-navigation-impact-review
AOM_006019,Adansonia digitata Seed Dried Fermented Ground,feed-material-descendant;crop-forage-navigation,AOM_000735,Forage Plants,5,,,AOM_001790,Adansonia digitata Seed,0,0,affected-descendant-inventory;source-navigation-impact-review
AOM_006020,Alchornea cordifolia,feed-material-descendant;crop-forage-navigation,AOM_000735,Forage Plants,3,,,AOM_000718,Forage Trees,0,0,affected-descendant-inventory;source-navigation-impact-review
AOM_006021,Andropogon tectorum,feed-material-descendant;crop-forage-navigation,AOM_000735,Forage Plants,3,,,AOM_000701,Cereal and Grass Forages,0,0,affected-descendant-inventory;source-navigation-impact-review
AOM_006022,Spirulina Ground,feed-material-descendant;crop-forage-navigation,AOM_000735,Forage Plants,4,,,AOM_001851,Spirulina,0,0,affected-descendant-inventory;source-navigation-impact-review
AOM_006023,Atella Dried,feed-material-descendant;crop-forage-navigation,AOM_001916,Crop Byproduct,4,,,AOM_001876,Atella,0,0,affected-descendant-inventory;source-navigation-impact-review
AOM_006024,Atriplex halimus Ensiled,feed-material-descendant;crop-forage-navigation,AOM_000735,Forage Plants,4,,,AOM_001535,Atriplex halimus,0,0,affected-descendant-inventory;source-navigation-impact-review
AOM_006025,Azadirachta indica Leaves Wilted,feed-material-descendant;crop-forage-navigation,AOM_000735,Forage Plants,5,,,AOM_001132,Azadirachta indica Leaves,0,0,affected-descendant-inventory;source-navigation-impact-review
AOM_006026,Balanites aegyptiaca Leaves Ground,feed-material-descendant;crop-forage-navigation,AOM_000735,Forage Plants,5,,,AOM_003275,Balanites aegyptiaca Leaves,0,0,affected-descendant-inventory;source-navigation-impact-review
AOM_006027,Bambara Groundnut Offal Ground,feed-material-descendant;crop-forage-navigation,AOM_001916,Crop Byproduct,5,,,AOM_003208,Bambara Groundnut Offal,0,0,affected-descendant-inventory;source-navigation-impact-review
AOM_006028,Bamboo Leaves Dried,feed-material-descendant;crop-forage-navigation,AOM_000735,Forage Plants,5,,,AOM_002169,Bamboo Leaves,0,0,affected-descendant-inventory;source-navigation-impact-review
AOM_006029,Bamboo Leaves Wilted,feed-material-descendant;crop-forage-navigation,AOM_000735,Forage Plants,5,,,AOM_002169,Bamboo Leaves,0,0,affected-descendant-inventory;source-navigation-impact-review
AOM_006030,Bambusa balcooa Leaves Dried,feed-material-descendant;crop-forage-navigation,AOM_000735,Forage Plants,5,,,AOM_003914,Bambusa balcooa Leaves,0,0,affected-descendant-inventory;source-navigation-impact-review
AOM_006031,Bambusa vulgaris,feed-material-descendant;crop-forage-navigation,AOM_000735,Forage Plants,3,,,AOM_000734,Other Forage Plants,1,1,affected-descendant-inventory;source-navigation-impact-review
AOM_006032,Banana Leaves Dried,feed-material-descendant;crop-forage-navigation,AOM_001916,Crop Byproduct,4,,,AOM_000595,Banana Leaves,0,0,affected-descendant-inventory;source-navigation-impact-review
AOM_006033,Barley Grain,feed-material-descendant;crop-forage-navigation,AOM_100921,Crop product,4,,,AOM_001202,Barley,1,1,affected-descendant-inventory;source-navigation-impact-review
AOM_006034,Barley Sprouted Grain,feed-material-descendant;crop-forage-navigation,AOM_100921,Crop product,4,,,AOM_001202,Barley,0,0,affected-descendant-inventory;source-navigation-impact-review
AOM_006035,Barley Straw Fermented,feed-material-descendant;crop-forage-navigation,AOM_001916,Crop Byproduct,5,,,AOM_000584,Barley Straw,0,0,affected-descendant-inventory;source-navigation-impact-review
AOM_006036,Acacia senegal Leaves Wilted,feed-material-descendant;crop-forage-navigation,AOM_000735,Forage Plants,5,,,AOM_001123,Acacia senegal Leaves,0,0,affected-descendant-inventory;source-navigation-impact-review
AOM_006037,Acacia seyal Wilted,feed-material-descendant;crop-forage-navigation,AOM_000735,Forage Plants,4,,,AOM_003908,Acacia seyal,0,0,affected-descendant-inventory;source-navigation-impact-review
AOM_006038,Acacia tortilis Leaves Wilted,feed-material-descendant;crop-forage-navigation,AOM_000735,Forage Plants,5,,,AOM_001125,Acacia tortilis Leaves,0,0,affected-descendant-inventory;source-navigation-impact-review
AOM_006039,Andropogon Dried,feed-material-descendant;crop-forage-navigation,AOM_000735,Forage Plants,4,,,AOM_001379,Andropogon,0,0,affected-descendant-inventory;source-navigation-impact-review
AOM_006040,Barley Straw Dried,feed-material-descendant;crop-forage-navigation,AOM_001916,Crop Byproduct,5,,,AOM_000584,Barley Straw,0,0,affected-descendant-inventory;source-navigation-impact-review
AOM_006041,Berchemia discolor Leaves Crushed Dried,feed-material-descendant;crop-forage-navigation,AOM_000735,Forage Plants,5,,,AOM_001861,Berchemia discolor Leaves,0,0,affected-descendant-inventory;source-navigation-impact-review
AOM_006042,Trifolium alexandrinum Straw Dried,feed-material-descendant;crop-forage-navigation,AOM_000735,Forage Plants,5,,,AOM_001241,Trifolium alexandrinum Straw,0,0,affected-descendant-inventory;source-navigation-impact-review
AOM_006043,Black Soldier Fly Larvae,feed-material-descendant,AOM_000559,Animal,3,,,AOM_000554,Insect,1,1,affected-descendant-inventory
AOM_006044,Bracharia decumbens Dried,feed-material-descendant;crop-forage-navigation,AOM_000735,Forage Plants,4,,,AOM_001397,Bracharia decumbens,0,0,affected-descendant-inventory;source-navigation-impact-review
AOM_006045,Bracharia Dried Ground,feed-material-descendant;crop-forage-navigation,AOM_000735,Forage Plants,4,,,AOM_001395,Bracharia,0,0,affected-descendant-inventory;source-navigation-impact-review
AOM_006046,Brachiaria brizantha Dried,feed-material-descendant;crop-forage-navigation,AOM_000735,Forage Plants,4,,,AOM_001385,Brachiaria brizantha,0,0,affected-descendant-inventory;source-navigation-impact-review
AOM_006047,Brachiaria ruziziensis Dried,feed-material-descendant;crop-forage-navigation,AOM_000735,Forage Plants,4,,,AOM_001398,Brachiaria ruziziensis,0,0,affected-descendant-inventory;source-navigation-impact-review
AOM_006048,Calliandra calothyrsus Leaves Dried,feed-material-descendant;crop-forage-navigation,AOM_000735,Forage Plants,5,,,AOM_001134,Calliandra calothyrsus Leaves,0,0,affected-descendant-inventory;source-navigation-impact-review
AOM_006049,Cashew Shell Crushed Dried,feed-material-descendant;crop-forage-navigation,AOM_001916,Crop Byproduct,5,,,AOM_002225,Cashew Shell,0,0,affected-descendant-inventory;source-navigation-impact-review
AOM_006050,Cashew Shell Ground,feed-material-descendant;crop-forage-navigation,AOM_001916,Crop Byproduct,5,,,AOM_002225,Cashew Shell,0,0,affected-descendant-inventory;source-navigation-impact-review
AOM_006052,Cashew Shell Boiled Crushed,feed-material-descendant;crop-forage-navigation,AOM_001916,Crop Byproduct,5,,,AOM_002225,Cashew Shell,0,0,affected-descendant-inventory;source-navigation-impact-review
AOM_006053,Cassava Leaves and Twigs Dried,feed-material-descendant;crop-forage-navigation,AOM_001916,Crop Byproduct,5,,,AOM_003972,Cassava Leaves and Twigs,0,0,affected-descendant-inventory;source-navigation-impact-review
AOM_006054,Cassava Peel Ensiled,feed-material-descendant;crop-forage-navigation,AOM_001916,Crop Byproduct,5,,,AOM_002112,Cassava Peel,0,0,affected-descendant-inventory;source-navigation-impact-review
AOM_006055,Cassava Peel Crushed Dried,feed-material-descendant;crop-forage-navigation,AOM_001916,Crop Byproduct,5,,,AOM_002112,Cassava Peel,0,0,affected-descendant-inventory;source-navigation-impact-review
AOM_006056,Cassava Peel Dried Wilted,feed-material-descendant;crop-forage-navigation,AOM_001916,Crop Byproduct,5,,,AOM_002112,Cassava Peel,0,0,affected-descendant-inventory;source-navigation-impact-review
AOM_006057,Cassava Peel Grated Pressed,feed-material-descendant;crop-forage-navigation,AOM_001916,Crop Byproduct,5,,,AOM_002112,Cassava Peel,0,0,affected-descendant-inventory;source-navigation-impact-review
AOM_006058,Cassava Peel Dried Ensiled Wilted,feed-material-descendant;crop-forage-navigation,AOM_001916,Crop Byproduct,5,,,AOM_002112,Cassava Peel,0,0,affected-descendant-inventory;source-navigation-impact-review
AOM_006059,Cassava Tuber Dried Ground,feed-material-descendant;crop-forage-navigation,AOM_001916,Crop Byproduct,4,,,AOM_100910,Cassava by-products,0,0,affected-descendant-inventory;source-navigation-impact-review
AOM_006060,Cassava Tuber Ground,feed-material-descendant;crop-forage-navigation,AOM_100921,Crop product,5,,,AOM_000679,Cassava Tuber,0,0,affected-descendant-inventory;source-navigation-impact-review
AOM_006061,Centrosema pubescens Leaves Dried Ground,feed-material-descendant;crop-forage-navigation,AOM_000735,Forage Plants,5,,,AOM_003549,Centrosema pubescens Leaves,0,0,affected-descendant-inventory;source-navigation-impact-review
AOM_006062,Centrosema pubescens Dried,feed-material-descendant;crop-forage-navigation,AOM_000735,Forage Plants,5,,,AOM_003549,Centrosema pubescens Leaves,0,0,affected-descendant-inventory;source-navigation-impact-review
AOM_006063,Ceratonia siliqua Ground,feed-material-descendant;crop-forage-navigation,AOM_000735,Forage Plants,4,,,AOM_100950,Ceratonia siliqua forage materials,0,0,affected-descendant-inventory;source-navigation-impact-review
AOM_006064,Cereal Spent Grain Ground,feed-material-descendant;crop-forage-navigation,AOM_001916,Crop Byproduct,4,,,AOM_003565,Cereal Spent Grain,0,0,affected-descendant-inventory;source-navigation-impact-review
AOM_006065,Chloris gayana Crushed Dried,feed-material-descendant;crop-forage-navigation,AOM_000735,Forage Plants,4,,,AOM_001402,Chloris gayana,0,0,affected-descendant-inventory;source-navigation-impact-review
AOM_006066,Citrus aurantifolia Dried Ground,feed-material-descendant;crop-forage-navigation,AOM_000735,Forage Plants,4,,,AOM_006406,Citrus aurantifolia,0,0,affected-descendant-inventory;source-navigation-impact-review
AOM_006067,Cocoa Pods Husk Ensiled Dried Urea Treated,feed-material-descendant;crop-forage-navigation,AOM_001916,Crop Byproduct,4,,,AOM_001183,Cocoa Pods Husk,0,0,affected-descendant-inventory;source-navigation-impact-review
AOM_006068,Coffee Leaves Dried,feed-material-descendant;crop-forage-navigation,AOM_001916,Crop Byproduct,4,,,AOM_001186,Coffee Leaves,0,0,affected-descendant-inventory;source-navigation-impact-review
AOM_006069,Commelina benghalensis Dried,feed-material-descendant;crop-forage-navigation,AOM_000735,Forage Plants,4,,,AOM_001537,Commelina benghalensis,0,0,affected-descendant-inventory;source-navigation-impact-review
AOM_006070,Commelina imberbis Dried,feed-material-descendant;crop-forage-navigation,AOM_000735,Forage Plants,4,,,AOM_003077,Commelina imberbis,0,0,affected-descendant-inventory;source-navigation-impact-review
AOM_006071,Maize Cob Ground,feed-material-descendant;crop-forage-navigation,AOM_001916,Crop Byproduct,5,,,AOM_000569,Maize Cob,0,0,affected-descendant-inventory;source-navigation-impact-review
AOM_006072,Maize Whole Ensiled,feed-material-descendant;crop-forage-navigation,AOM_100921,Crop product,4,,,AOM_000648,Maize,0,0,affected-descendant-inventory;source-navigation-impact-review
AOM_006073,Cotton Seed Cake Decorticated,feed-material-descendant;crop-forage-navigation,AOM_001916,Crop Byproduct,5,,,AOM_003973,Cotton Seed,0,0,affected-descendant-inventory;source-navigation-impact-review
AOM_006074,Cynodon nlemfuensis Dried,feed-material-descendant;crop-forage-navigation,AOM_000735,Forage Plants,4,,,AOM_001465,Cynodon nlemfuensis,0,0,affected-descendant-inventory;source-navigation-impact-review
AOM_006075,Cynodon Dried,feed-material-descendant;crop-forage-navigation,AOM_000735,Forage Plants,4,,,AOM_001461,Cynodon,0,0,affected-descendant-inventory;source-navigation-impact-review
AOM_006076,Maize Stover Ensiled,feed-material-descendant;crop-forage-navigation,AOM_001916,Crop Byproduct,5,,,AOM_006001,Maize Stover,0,0,affected-descendant-inventory;source-navigation-impact-review
AOM_006077,Daniellia oliveri Leaves Dried Ground,feed-material-descendant;crop-forage-navigation,AOM_000735,Forage Plants,5,,,AOM_001140,Daniellia oliveri Leaves,0,0,affected-descendant-inventory;source-navigation-impact-review
AOM_006078,Cowpea Haulm Crushed,feed-material-descendant;crop-forage-navigation,AOM_001916,Crop Byproduct,5,,,AOM_000601,Cowpea Haulm,0,0,affected-descendant-inventory;source-navigation-impact-review
AOM_006079,Cowpea Husk Crushed,feed-material-descendant;crop-forage-navigation,AOM_001916,Crop Byproduct,5,,,AOM_000602,Cowpea Husk,0,0,affected-descendant-inventory;source-navigation-impact-review
AOM_006080,Date Palm Fronds Ground,feed-material-descendant;crop-forage-navigation,AOM_001916,Crop Byproduct,3,,,AOM_100881,Date by-products,0,0,affected-descendant-inventory;source-navigation-impact-review
AOM_006081,Delonix regia Seed Ground,feed-material-descendant;crop-forage-navigation,AOM_000735,Forage Plants,5,,,AOM_003919,Delonix regia Seed,0,0,affected-descendant-inventory;source-navigation-impact-review
AOM_006082,Delonix regia Seed Ground Roasted,feed-material-descendant;crop-forage-navigation,AOM_000735,Forage Plants,5,,,AOM_003919,Delonix regia Seed,0,0,affected-descendant-inventory;source-navigation-impact-review
AOM_006083,Delonix regia Seed Dried Ground Roasted,feed-material-descendant;crop-forage-navigation,AOM_000735,Forage Plants,5,,,AOM_003919,Delonix regia Seed,0,0,affected-descendant-inventory;source-navigation-impact-review
AOM_006084,Dendrocalamus giganteus,feed-material-descendant;crop-forage-navigation,AOM_000735,Forage Plants,3,,,AOM_000734,Other Forage Plants,1,1,affected-descendant-inventory;source-navigation-impact-review
AOM_006085,Desmodium tortuosom Dried,feed-material-descendant;crop-forage-navigation,AOM_000735,Forage Plants,4,,,AOM_003962,Desmodium tortuosom,0,0,affected-descendant-inventory;source-navigation-impact-review
AOM_006086,Date Discards,feed-material-descendant;crop-forage-navigation,AOM_001916,Crop Byproduct,3,,,AOM_100881,Date by-products,0,0,affected-descendant-inventory;source-navigation-impact-review
AOM_006087,Lablab purpureus Ensiled,feed-material-descendant;crop-forage-navigation,AOM_000735,Forage Plants,4,,,AOM_002204,Lablab purpureus,0,0,affected-descendant-inventory;source-navigation-impact-review
AOM_006088,Eclipta alba Leaves Dried,feed-material-descendant;crop-forage-navigation,AOM_000735,Forage Plants,4,,,AOM_002238,Eclipta alba,0,0,affected-descendant-inventory;source-navigation-impact-review
AOM_006089,Trifolium alexandrinum Ensiled,feed-material-descendant;crop-forage-navigation,AOM_000735,Forage Plants,4,,,AOM_001240,Trifolium alexandrinum,0,0,affected-descendant-inventory;source-navigation-impact-review
AOM_006090,Enterolobium cyclocarpum Crushed Wilted,feed-material-descendant;crop-forage-navigation,AOM_000735,Forage Plants,4,,,AOM_006407,Enterolobium cyclocarpum,0,0,affected-descendant-inventory;source-navigation-impact-review
AOM_006091,Eragotris tremula Dried,feed-material-descendant;crop-forage-navigation,AOM_000735,Forage Plants,4,,,AOM_001786,Eragotris tremula,0,0,affected-descendant-inventory;source-navigation-impact-review
AOM_006092,Digitaria smutsii Dried,feed-material-descendant;crop-forage-navigation,AOM_000735,Forage Plants,4,,,AOM_001391,Digitaria smutsii,0,0,affected-descendant-inventory;source-navigation-impact-review
AOM_006093,Eragrostis curvula Ground,feed-material-descendant;crop-forage-navigation,AOM_000735,Forage Plants,4,,,AOM_001393,Eragrostis curvula,0,0,affected-descendant-inventory;source-navigation-impact-review
AOM_006094,Eragrostis racemosa,feed-material-descendant;crop-forage-navigation,AOM_000735,Forage Plants,3,,,AOM_000701,Cereal and Grass Forages,0,0,affected-descendant-inventory;source-navigation-impact-review
AOM_006095,Teff Ground,feed-material-descendant;crop-forage-navigation,AOM_001916,Crop Byproduct,4,,,AOM_006199,Teff,0,0,affected-descendant-inventory;source-navigation-impact-review
AOM_006096,Euphorbia heterophylla Dried,feed-material-descendant;crop-forage-navigation,AOM_000735,Forage Plants,4,,,AOM_001542,Euphorbia heterophylla,0,0,affected-descendant-inventory;source-navigation-impact-review
AOM_006097,Festuca ovina,feed-material-descendant;crop-forage-navigation,AOM_000735,Forage Plants,3,,,AOM_000701,Cereal and Grass Forages,0,0,affected-descendant-inventory;source-navigation-impact-review
AOM_006098,Ficus exasperata Dried Ground,feed-material-descendant;crop-forage-navigation,AOM_000735,Forage Plants,4,,,AOM_003898,Ficus exasperata,0,0,affected-descendant-inventory;source-navigation-impact-review
AOM_006099,Ficus sur Fruits Crushed Dried,feed-material-descendant;crop-forage-navigation,AOM_100921,Crop product,5,,,AOM_001848,Ficus sur Fruits,0,0,affected-descendant-inventory;source-navigation-impact-review
AOM_006100,Fish Offal Ground,feed-material-descendant,AOM_100976,Animal by-products,4,,,AOM_002192,Fish Offal,0,0,affected-descendant-inventory
AOM_006103,Andropogon gayanus Ensiled Wilted,feed-material-descendant;crop-forage-navigation,AOM_000735,Forage Plants,4,,,AOM_001380,Andropogon gayanus,0,0,affected-descendant-inventory;source-navigation-impact-review
AOM_006104,Garcinia kola Seeds Dried Ground,feed-material-descendant;crop-forage-navigation,AOM_000735,Forage Plants,4,,,AOM_100953,Garcinia kola forage materials,0,0,affected-descendant-inventory;source-navigation-impact-review
AOM_006105,Gmelina arborea Leaves Dried Ground,feed-material-descendant;crop-forage-navigation,AOM_000735,Forage Plants,5,,,AOM_003083,Gmelina arborea Leaves,0,0,affected-descendant-inventory;source-navigation-impact-review
AOM_006106,Gmelina arborea Leaves Wilted,feed-material-descendant;crop-forage-navigation,AOM_000735,Forage Plants,5,,,AOM_003083,Gmelina arborea Leaves,0,0,affected-descendant-inventory;source-navigation-impact-review
AOM_006107,Gmelina arborea Dried,feed-material-descendant;crop-forage-navigation,AOM_000735,Forage Plants,4,,,AOM_001151,Gmelina arborea,0,0,affected-descendant-inventory;source-navigation-impact-review
AOM_006108,Green Bean Vine Dried,feed-material-descendant;crop-forage-navigation,AOM_001916,Crop Byproduct,5,,,AOM_003960,Common bean vine,0,0,affected-descendant-inventory;source-navigation-impact-review
AOM_006109,Grewia spp. Dried,feed-material-descendant;crop-forage-navigation,AOM_000735,Forage Plants,4,,,AOM_001967,Grewia spp.,0,0,affected-descendant-inventory;source-navigation-impact-review
AOM_006110,Groundnut Haulm Crushed,feed-material-descendant;crop-forage-navigation,AOM_001916,Crop Byproduct,5,,,AOM_000604,Groundnut Haulm,0,0,affected-descendant-inventory;source-navigation-impact-review
AOM_006111,Groundnut Haulm Dried,feed-material-descendant;crop-forage-navigation,AOM_001916,Crop Byproduct,5,,,AOM_000604,Groundnut Haulm,0,0,affected-descendant-inventory;source-navigation-impact-review
AOM_006112,Groundnut Haulm Ensiled,feed-material-descendant;crop-forage-navigation,AOM_001916,Crop Byproduct,5,,,AOM_000604,Groundnut Haulm,0,0,affected-descendant-inventory;source-navigation-impact-review
AOM_006113,Groundnut Hull Crushed Dried,feed-material-descendant;crop-forage-navigation,AOM_001916,Crop Byproduct,5,,,AOM_000605,Groundnut Hull,0,0,affected-descendant-inventory;source-navigation-impact-review
AOM_006114,Phytase Ground,feed-additive-branch,,,,4,,AOM_000750,Phytase,0,0,authority-boundary-comparison
AOM_006115,Megathyrsus maximus Wilted,feed-material-descendant;crop-forage-navigation,AOM_000735,Forage Plants,4,,,AOM_001479,Megathyrsus maximus,0,0,affected-descendant-inventory;source-navigation-impact-review
AOM_006116,Hermosa sidoides Dried,feed-material-descendant;crop-forage-navigation,AOM_000735,Forage Plants,4,,,AOM_003921,Hermosa sidoides,0,0,affected-descendant-inventory;source-navigation-impact-review
AOM_006117,Heteropogon contortus Ground,feed-material-descendant;crop-forage-navigation,AOM_000735,Forage Plants,4,,,AOM_001472,Heteropogon contortus,0,0,affected-descendant-inventory;source-navigation-impact-review
AOM_006118,Hevea brasiliensis Seed,feed-material-descendant;crop-forage-navigation,AOM_000735,Forage Plants,4,,,AOM_100956,Hevea brasiliensis forage materials,1,1,affected-descendant-inventory;source-navigation-impact-review
AOM_006119,Hyparrhenia hirta,feed-material-descendant;crop-forage-navigation,AOM_000735,Forage Plants,3,,,AOM_000701,Cereal and Grass Forages,0,0,affected-descendant-inventory;source-navigation-impact-review
AOM_006120,Indigofera atriceps Dried,feed-material-descendant;crop-forage-navigation,AOM_000735,Forage Plants,4,,,AOM_003216,Indigofera atriceps,0,0,affected-descendant-inventory;source-navigation-impact-review
AOM_006121,Jatropha curcas Leaves Dried Ground,feed-material-descendant;crop-forage-navigation,AOM_000735,Forage Plants,5,,,AOM_003954,Jatropha curcas Leaves,0,0,affected-descendant-inventory;source-navigation-impact-review
AOM_006122,Lantana camara Leaves Dried Ground,feed-material-descendant;crop-forage-navigation,AOM_000735,Forage Plants,5,,,AOM_002190,Lantana camara Leaves,0,0,affected-descendant-inventory;source-navigation-impact-review
AOM_006124,Calcium Carbonate Ground,feed-material-descendant,AOM_101139,Mineral feed materials,2,,,AOM_101139,Mineral feed materials,0,0,affected-descendant-inventory
AOM_006125,Magnesium Sulfate,feed-material-descendant,AOM_101139,Mineral feed materials,2,,,AOM_101139,Mineral feed materials,0,0,affected-descendant-inventory
AOM_006126,Maize Bran Dried,feed-material-descendant;crop-forage-navigation,AOM_001916,Crop Byproduct,5,,,AOM_001614,Maize Bran,0,0,affected-descendant-inventory;source-navigation-impact-review
AOM_006127,Maize Offal Dried,feed-material-descendant;crop-forage-navigation,AOM_001916,Crop Byproduct,5,,,AOM_000571,Maize Offal,0,0,affected-descendant-inventory;source-navigation-impact-review
AOM_006128,Maize Offal Ground,feed-material-descendant;crop-forage-navigation,AOM_001916,Crop Byproduct,5,,,AOM_000571,Maize Offal,0,0,affected-descendant-inventory;source-navigation-impact-review
AOM_006129,Maize Offal Dried Ground,feed-material-descendant;crop-forage-navigation,AOM_001916,Crop Byproduct,5,,,AOM_000571,Maize Offal,0,0,affected-descendant-inventory;source-navigation-impact-review
AOM_006130,Melon Seed Husk Ground,feed-material-descendant;crop-forage-navigation,AOM_001916,Crop Byproduct,4,,,AOM_002233,Melon Seed Husk,0,0,affected-descendant-inventory;source-navigation-impact-review
AOM_006133,Millet Straw Ensiled Urea Treated,feed-material-descendant;crop-forage-navigation,AOM_001916,Crop Byproduct,5,,,AOM_001291,Millet Straw,0,0,affected-descendant-inventory;source-navigation-impact-review
AOM_006135,Millettia ferruginea Wilted,feed-material-descendant;crop-forage-navigation,AOM_000735,Forage Plants,4,,,AOM_003909,Millettia ferruginea,0,0,affected-descendant-inventory;source-navigation-impact-review
AOM_006136,Moringa oleifera Seed Dried Ground,feed-material-descendant;crop-forage-navigation,AOM_000735,Forage Plants,5,,,AOM_003971,Moringa oleifera Seed,0,0,affected-descendant-inventory;source-navigation-impact-review
AOM_006137,Moringa stenopetala Leaves Dried,feed-material-descendant;crop-forage-navigation,AOM_000735,Forage Plants,4,,,AOM_001791,Moringa stenopetala,0,0,affected-descendant-inventory;source-navigation-impact-review
AOM_006138,Morus alba Leaves Crushed Dried,feed-material-descendant;crop-forage-navigation,AOM_000735,Forage Plants,5,,,AOM_002251,Morus alba Leaves,0,0,affected-descendant-inventory;source-navigation-impact-review
AOM_006139,Morus indica Leaves Crushed Dried,feed-material-descendant;crop-forage-navigation,AOM_000735,Forage Plants,5,,,AOM_002236,Morus indica Leaves,0,0,affected-descendant-inventory;source-navigation-impact-review
AOM_006140,Myrtus communis Leaves Dried Ground,feed-material-descendant;crop-forage-navigation,AOM_000735,Forage Plants,5,,,AOM_003989,Myrtus communis Leaves,0,0,affected-descendant-inventory;source-navigation-impact-review
AOM_006141,Pennisetum purpureum Wilted,feed-material-descendant;crop-forage-navigation,AOM_000735,Forage Plants,4,,,AOM_000689,Pennisetum purpureum,0,0,affected-descendant-inventory;source-navigation-impact-review
AOM_006142,Oat Straw Dried,feed-material-descendant;crop-forage-navigation,AOM_001916,Crop Byproduct,5,,,AOM_001835,Oat Straw,0,0,affected-descendant-inventory;source-navigation-impact-review
AOM_006143,Oat Dried,feed-material-descendant;crop-forage-navigation,AOM_001916,Crop Byproduct,4,,,AOM_100860,Oat by-products,0,0,affected-descendant-inventory;source-navigation-impact-review
AOM_006144,Occicum gatissimum Dried Ground,feed-material-descendant;crop-forage-navigation,AOM_000735,Forage Plants,4,,,AOM_006410,Occicum gatissimum,0,0,affected-descendant-inventory;source-navigation-impact-review
AOM_006145,Olive Cake Dried,feed-material-descendant;crop-forage-navigation,AOM_001916,Crop Byproduct,5,,,AOM_001192,Olive Cake,0,0,affected-descendant-inventory;source-navigation-impact-review
AOM_006146,Olive Cake Ensiled,feed-material-descendant;crop-forage-navigation,AOM_001916,Crop Byproduct,5,,,AOM_001192,Olive Cake,0,0,affected-descendant-inventory;source-navigation-impact-review
AOM_006147,Opuntia ficus indica Fruits Dried Ground,feed-material-descendant;crop-forage-navigation,AOM_000735,Forage Plants,5,,,AOM_002111,Opuntia ficus indica Fruits,0,0,affected-descendant-inventory;source-navigation-impact-review
AOM_006148,Orange Peels Fermented,feed-material-descendant;crop-forage-navigation,AOM_001916,Crop Byproduct,4,,,AOM_001889,Orange Peels,0,0,affected-descendant-inventory;source-navigation-impact-review
AOM_006149,Oxytenanthera abyssinica Leaves Dried,feed-material-descendant;crop-forage-navigation,AOM_000735,Forage Plants,5,,,AOM_003915,Oxytenanthera abyssinica Leaves,0,0,affected-descendant-inventory;source-navigation-impact-review
AOM_006151,Palm Kernel Cake Dried Ground,feed-material-descendant;crop-forage-navigation,AOM_001916,Crop Byproduct,4,,,AOM_100901,Palm kernel by-products,0,0,affected-descendant-inventory;source-navigation-impact-review
AOM_006155,Quercus ilex,feed-material-descendant;crop-forage-navigation,AOM_000735,Forage Plants,3,,,AOM_000718,Forage Trees,1,1,affected-descendant-inventory;source-navigation-impact-review
AOM_006156,Rice Grain Ground,feed-material-descendant;crop-forage-navigation,AOM_100921,Crop product,5,,,AOM_000655,Rice Grain,0,0,affected-descendant-inventory;source-navigation-impact-review
AOM_006158,Black Cumin Seed Cake Crushed Dried,feed-material-descendant;crop-forage-navigation,AOM_001916,Crop Byproduct,3,,,AOM_100939,Black cumin by-products,0,0,affected-descendant-inventory;source-navigation-impact-review
AOM_006159,Brachiaria hybrid Dried,feed-material-descendant;crop-forage-navigation,AOM_000735,Forage Plants,4,,,AOM_003385,Brachiaria hybrid,0,0,affected-descendant-inventory;source-navigation-impact-review
AOM_006160,Brewers By-Product,feed-material-descendant;crop-forage-navigation,AOM_001916,Crop Byproduct,3,,,AOM_000594,Cereal ByProducts,1,1,affected-descendant-inventory;source-navigation-impact-review
AOM_006161,Brewers By-Product Dried Ground,feed-material-descendant;crop-forage-navigation,AOM_001916,Crop Byproduct,4,,,AOM_006160,Brewers By-Product,0,0,affected-descendant-inventory;source-navigation-impact-review
AOM_006162,Cassava Sieviate Dried Fermented Ground,feed-material-descendant;crop-forage-navigation,AOM_001916,Crop Byproduct,5,,,AOM_003911,Cassava Sieviate,0,0,affected-descendant-inventory;source-navigation-impact-review
AOM_006163,Cassava Starch Residue Dried Fermented Ground,feed-material-descendant;crop-forage-navigation,AOM_001916,Crop Byproduct,5,,,AOM_003978,Cassava Starch Residue,0,0,affected-descendant-inventory;source-navigation-impact-review
AOM_006164,Maize Grain Crushed,feed-material-descendant;crop-forage-navigation,AOM_100921,Crop product,5,,,AOM_000649,Maize Grain,0,0,affected-descendant-inventory;source-navigation-impact-review
AOM_006165,Maize Straw Ensiled Urea Treated Wilted,feed-material-descendant;crop-forage-navigation,AOM_001916,Crop Byproduct,5,,,AOM_000572,Maize Straw,0,0,affected-descendant-inventory;source-navigation-impact-review
AOM_006166,Cotton Seed Decorticated Dried,feed-material-descendant;crop-forage-navigation,AOM_001916,Crop Byproduct,5,,,AOM_003973,Cotton Seed,0,0,affected-descendant-inventory;source-navigation-impact-review
AOM_006167,Fish Processing Waste Ground,feed-material-descendant,AOM_100976,Animal by-products,4,,,AOM_000545,Fish Processing Waste,0,0,affected-descendant-inventory
AOM_006169,Groundnut Residue,feed-material-descendant;crop-forage-navigation,AOM_001916,Crop Byproduct,4,,,AOM_100869,Groundnut by-products,0,0,affected-descendant-inventory;source-navigation-impact-review
AOM_006170,Noug Dried,feed-material-descendant;crop-forage-navigation,AOM_001916,Crop Byproduct,4,,,AOM_001190,Noug,0,0,affected-descendant-inventory;source-navigation-impact-review
AOM_006171,Jackfruit Seed Dried Ground,feed-material-descendant;crop-forage-navigation,AOM_001916,Crop Byproduct,3,,,AOM_100883,Jackfruit by-products,0,0,affected-descendant-inventory;source-navigation-impact-review
AOM_006172,Jackfruit Seed Dried Fermented Ground,feed-material-descendant;crop-forage-navigation,AOM_001916,Crop Byproduct,3,,,AOM_100883,Jackfruit by-products,0,0,affected-descendant-inventory;source-navigation-impact-review
AOM_006173,Hibiscus Seed Ground,feed-material-descendant;crop-forage-navigation,AOM_001916,Crop Byproduct,5,,,AOM_001893,Hibiscus Seed,0,0,affected-descendant-inventory;source-navigation-impact-review
AOM_006174,Lablab purpureus Dried Ground,feed-material-descendant;crop-forage-navigation,AOM_000735,Forage Plants,4,,,AOM_002204,Lablab purpureus,0,0,affected-descendant-inventory;source-navigation-impact-review
AOM_006175,Maize Straw Ensiled Fermented,feed-material-descendant;crop-forage-navigation,AOM_001916,Crop Byproduct,5,,,AOM_000572,Maize Straw,0,0,affected-descendant-inventory;source-navigation-impact-review
AOM_006176,Mango Seed Crushed Dried,feed-material-descendant;crop-forage-navigation,AOM_001916,Crop Byproduct,4,,,AOM_001196,Mango Seed,0,0,affected-descendant-inventory;source-navigation-impact-review
AOM_006177,Ziziphus jujube Leaves Dried,feed-material-descendant;crop-forage-navigation,AOM_000735,Forage Plants,5,,,AOM_003981,Ziziphus jujuba leaves,0,0,affected-descendant-inventory;source-navigation-impact-review
AOM_006178,Citrus Pulp Ensiled,feed-material-descendant;crop-forage-navigation,AOM_001916,Crop Byproduct,4,,,AOM_003885,Citrus Pulp,0,0,affected-descendant-inventory;source-navigation-impact-review
AOM_006180,Tamarind,feed-material-descendant;crop-forage-navigation,AOM_100921,Crop product,3,,,AOM_000667,Legume Products,2,2,affected-descendant-inventory;source-navigation-impact-review
AOM_006181,Wheat Straw Ensiled,feed-material-descendant;crop-forage-navigation,AOM_001916,Crop Byproduct,5,,,AOM_001887,Wheat Straw,0,0,affected-descendant-inventory;source-navigation-impact-review
AOM_006182,Watermelon Vine Dried,feed-material-descendant;crop-forage-navigation,AOM_001916,Crop Byproduct,4,,,AOM_003933,Watermelon Vine,0,0,affected-descendant-inventory;source-navigation-impact-review
AOM_006183,Watermelon Vine Dried Fermented,feed-material-descendant;crop-forage-navigation,AOM_001916,Crop Byproduct,4,,,AOM_003933,Watermelon Vine,0,0,affected-descendant-inventory;source-navigation-impact-review
AOM_006184,Vitex doniana Ground Wilted,feed-material-descendant;crop-forage-navigation,AOM_000735,Forage Plants,4,,,AOM_100966,Vitex doniana forage materials,0,0,affected-descendant-inventory;source-navigation-impact-review
AOM_006185,Vitex doniana Leaves Dried Ground,feed-material-descendant;crop-forage-navigation,AOM_000735,Forage Plants,5,,,AOM_003926,Vitex doniana Leaves,0,0,affected-descendant-inventory;source-navigation-impact-review
AOM_006186,Viscum album Dried Ground,feed-material-descendant;crop-forage-navigation,AOM_000735,Forage Plants,4,,,AOM_003984,Viscum album,0,0,affected-descendant-inventory;source-navigation-impact-review
AOM_006187,Rice Husk Ensiled,feed-material-descendant;crop-forage-navigation,AOM_001916,Crop Byproduct,5,,,AOM_000576,Rice Husk,0,0,affected-descendant-inventory;source-navigation-impact-review
AOM_006188,Rice Husk Fermented,feed-material-descendant;crop-forage-navigation,AOM_001916,Crop Byproduct,5,,,AOM_000576,Rice Husk,0,0,affected-descendant-inventory;source-navigation-impact-review
AOM_006190,Rice Straw Ground,feed-material-descendant;crop-forage-navigation,AOM_001916,Crop Byproduct,5,,,AOM_000579,Rice Straw,0,0,affected-descendant-inventory;source-navigation-impact-review
AOM_006191,Rice Straw Dried,feed-material-descendant;crop-forage-navigation,AOM_001916,Crop Byproduct,5,,,AOM_000579,Rice Straw,0,0,affected-descendant-inventory;source-navigation-impact-review
AOM_006192,Rice Straw Dried Ensiled Urea Treated,feed-material-descendant;crop-forage-navigation,AOM_001916,Crop Byproduct,5,,,AOM_000579,Rice Straw,0,0,affected-descendant-inventory;source-navigation-impact-review
AOM_006194,Shell Ground,feed-material-descendant,AOM_100976,Animal by-products,3,,,AOM_000558,Shell,0,0,affected-descendant-inventory
AOM_006196,Adansonia digitata Seed Cake Decorticated Ground,feed-material-descendant;crop-forage-navigation,AOM_000735,Forage Plants,5,,,AOM_001790,Adansonia digitata Seed,0,0,affected-descendant-inventory;source-navigation-impact-review
AOM_006198,Cochlospermum planchonii Rhizomes Dried Ground,feed-material-descendant;crop-forage-navigation,AOM_000735,Forage Plants,5,,,AOM_003879,Cochlospermum planchonii Rhizomes,0,0,affected-descendant-inventory;source-navigation-impact-review
AOM_006199,Teff,feed-material-descendant;crop-forage-navigation,AOM_001916,Crop Byproduct,3,,,AOM_000594,Cereal ByProducts,2,5,affected-descendant-inventory;source-navigation-impact-review
AOM_006200,Garlic Oil,feed-material-descendant;crop-forage-navigation,AOM_100921,Crop product,4,,,AOM_100943,Garlic products,0,0,affected-descendant-inventory;source-navigation-impact-review
AOM_006201,Khat Leftover Crushed Dried,feed-material-descendant;crop-forage-navigation,AOM_001916,Crop Byproduct,4,,,AOM_003646,Khat Leftover,0,0,affected-descendant-inventory;source-navigation-impact-review
AOM_006203,Opuntia ficus indica Peel,feed-material-descendant;crop-forage-navigation,AOM_000735,Forage Plants,4,,,AOM_001166,Opuntia ficus indica,0,0,affected-descendant-inventory;source-navigation-impact-review
AOM_006204,Moringa oleifera Ground,feed-material-descendant;crop-forage-navigation,AOM_000735,Forage Plants,4,,,AOM_001152,Moringa oleifera,0,0,affected-descendant-inventory;source-navigation-impact-review
AOM_006205,Opuntia ficus indica Cladode Crushed,feed-material-descendant;crop-forage-navigation,AOM_000735,Forage Plants,5,,,AOM_001914,Opuntia ficus indica Cladode,0,0,affected-descendant-inventory;source-navigation-impact-review
AOM_006206,Wheat Straw Ensiled Fermented,feed-material-descendant;crop-forage-navigation,AOM_001916,Crop Byproduct,5,,,AOM_001887,Wheat Straw,0,0,affected-descendant-inventory;source-navigation-impact-review
AOM_006207,Vernonia amygdalina Ground,feed-material-descendant;crop-forage-navigation,AOM_000735,Forage Plants,4,,,AOM_004614,Vernonia amygdalina,0,0,affected-descendant-inventory;source-navigation-impact-review
AOM_006208,Vernonia amygdalina Dried Ground,feed-material-descendant;crop-forage-navigation,AOM_000735,Forage Plants,4,,,AOM_004614,Vernonia amygdalina,0,0,affected-descendant-inventory;source-navigation-impact-review
AOM_006209,Vernonia amygdalina Leaves Dried,feed-material-descendant;crop-forage-navigation,AOM_000735,Forage Plants,5,,,AOM_003902,Vernonia amygdalina Leaves,0,0,affected-descendant-inventory;source-navigation-impact-review
AOM_006210,Vernonia amygdalina Leaves Crushed Dried,feed-material-descendant;crop-forage-navigation,AOM_000735,Forage Plants,5,,,AOM_003902,Vernonia amygdalina Leaves,0,0,affected-descendant-inventory;source-navigation-impact-review
AOM_006211,Vernonia amygdalina Wilted,feed-material-descendant;crop-forage-navigation,AOM_000735,Forage Plants,4,,,AOM_004614,Vernonia amygdalina,0,0,affected-descendant-inventory;source-navigation-impact-review
AOM_006212,Vachellia polyacantha Leaves Ground,feed-material-descendant;crop-forage-navigation,AOM_000735,Forage Plants,5,,,AOM_001600,Vachellia polyacantha Leaves,0,0,affected-descendant-inventory;source-navigation-impact-review
AOM_006213,Bamboo Leaves Dried Ensiled Molasse Treated Urea Treated,feed-material-descendant;crop-forage-navigation,AOM_000735,Forage Plants,5,,,AOM_002169,Bamboo Leaves,0,0,affected-descendant-inventory;source-navigation-impact-review
AOM_006214,Cassava Peel Grated Pressed Urea Treated,feed-material-descendant;crop-forage-navigation,AOM_001916,Crop Byproduct,5,,,AOM_002112,Cassava Peel,0,0,affected-descendant-inventory;source-navigation-impact-review
AOM_006215,Cassava Peel Enzyme Treated Ground,feed-material-descendant;crop-forage-navigation,AOM_001916,Crop Byproduct,5,,,AOM_002112,Cassava Peel,0,0,affected-descendant-inventory;source-navigation-impact-review
AOM_006216,Cassava Peel Urea Treated,feed-material-descendant;crop-forage-navigation,AOM_001916,Crop Byproduct,5,,,AOM_002112,Cassava Peel,0,0,affected-descendant-inventory;source-navigation-impact-review
AOM_006217,Citrus Pulp Alkali Treated Dried Fermented,feed-material-descendant;crop-forage-navigation,AOM_001916,Crop Byproduct,4,,,AOM_003885,Citrus Pulp,0,0,affected-descendant-inventory;source-navigation-impact-review
AOM_006218,Maize Cob Enzyme Treated Ground,feed-material-descendant;crop-forage-navigation,AOM_001916,Crop Byproduct,5,,,AOM_000569,Maize Cob,0,0,affected-descendant-inventory;source-navigation-impact-review
AOM_006219,Delonix regia Seed Alkali Treated Dried Fermented Ground,feed-material-descendant;crop-forage-navigation,AOM_000735,Forage Plants,5,,,AOM_003919,Delonix regia Seed,0,0,affected-descendant-inventory;source-navigation-impact-review
AOM_006220,Distillers Grain Dried,feed-material-descendant;crop-forage-navigation,AOM_001916,Crop Byproduct,3,,,AOM_000594,Cereal ByProducts,0,0,affected-descendant-inventory;source-navigation-impact-review
AOM_006221,Beet Fodder Ensiled,feed-material-descendant;crop-forage-navigation,AOM_001916,Crop Byproduct,4,,,AOM_100908,Beet by-products,0,0,affected-descendant-inventory;source-navigation-impact-review
AOM_006222,Unspecified Forage,feed-material-descendant;crop-forage-navigation,AOM_001916,Crop Byproduct,3,,,AOM_000594,Cereal ByProducts,0,0,affected-descendant-inventory;source-navigation-impact-review
AOM_006223,Lablab purpureus Haulm Dried,feed-material-descendant;crop-forage-navigation,AOM_000735,Forage Plants,4,,,AOM_002204,Lablab purpureus,0,0,affected-descendant-inventory;source-navigation-impact-review
AOM_006224,Lima Bean Vein Dried,feed-material-descendant;crop-forage-navigation,AOM_001916,Crop Byproduct,5,,,AOM_003929,Lima Bean Vein,0,0,affected-descendant-inventory;source-navigation-impact-review
AOM_006226,Maize Bran Alkali Treated Ground,feed-material-descendant;crop-forage-navigation,AOM_001916,Crop Byproduct,5,,,AOM_001614,Maize Bran,0,0,affected-descendant-inventory;source-navigation-impact-review
AOM_006227,Moringa oleifera Leaves Extract Dried Ground,feed-material-descendant;crop-forage-navigation,AOM_000735,Forage Plants,5,,,AOM_001979,Moringa oleifera Leaves Extract,0,0,affected-descendant-inventory;source-navigation-impact-review
AOM_006229,Mucuna pruriens Seed Alkali Treated Boiled Ground,feed-material-descendant;crop-forage-navigation,AOM_000735,Forage Plants,5,,,AOM_001164,Mucuna pruriens Seed,0,0,affected-descendant-inventory;source-navigation-impact-review
AOM_006230,Mucuna pruriens Seed Alkali Treated Boiled Decorticated Dried Ground,feed-material-descendant;crop-forage-navigation,AOM_000735,Forage Plants,5,,,AOM_001164,Mucuna pruriens Seed,0,0,affected-descendant-inventory;source-navigation-impact-review
AOM_006231,Mucuna pruriens Seed Boiled Dried Ground,feed-material-descendant;crop-forage-navigation,AOM_000735,Forage Plants,5,,,AOM_001164,Mucuna pruriens Seed,0,0,affected-descendant-inventory;source-navigation-impact-review
AOM_006232,Mucuna pruriens Protein Isolate Alkali Treated Boiled Ground,feed-material-descendant;crop-forage-navigation,AOM_000735,Forage Plants,5,,,AOM_100968,Mucuna pruriens protein products,0,0,affected-descendant-inventory;source-navigation-impact-review
AOM_006233,Mucuna pruriens Protein Isolate Alkali Treated Dried Ground,feed-material-descendant;crop-forage-navigation,AOM_000735,Forage Plants,5,,,AOM_100968,Mucuna pruriens protein products,0,0,affected-descendant-inventory;source-navigation-impact-review
AOM_006234,Mucuna pruriens Ground,feed-material-descendant;crop-forage-navigation,AOM_000735,Forage Plants,4,,,AOM_001227,Mucuna pruriens,0,0,affected-descendant-inventory;source-navigation-impact-review
AOM_006236,Nassella Trichotoma,feed-material-descendant;crop-forage-navigation,AOM_000735,Forage Plants,3,,,AOM_000701,Cereal and Grass Forages,0,0,affected-descendant-inventory;source-navigation-impact-review
AOM_006237,Olive Cake Ensiled Enzyme Treated,feed-material-descendant;crop-forage-navigation,AOM_001916,Crop Byproduct,5,,,AOM_001192,Olive Cake,0,0,affected-descendant-inventory;source-navigation-impact-review
AOM_006238,Onion Veins Ensiled,feed-material-descendant;crop-forage-navigation,AOM_100921,Crop product,5,,,AOM_003359,Onion Veins,0,0,affected-descendant-inventory;source-navigation-impact-review
AOM_006241,Unspecified Yeast,feed-material-descendant;direct-feed-material-child,AOM_006241,Unspecified Yeast,1,,,AOM_100850,Feed materials,0,0,affected-descendant-inventory;row-level-disposition
AOM_006242,Unspecified Grass Urea Treated,feed-material-descendant;crop-forage-navigation,AOM_000735,Forage Plants,4,,,AOM_001912,Unspecified Grass,0,0,affected-descendant-inventory;source-navigation-impact-review
AOM_006244,Unspecified Straw Ground,feed-material-descendant;crop-forage-navigation,AOM_001916,Crop Byproduct,4,,,AOM_000582,Unspecified Straw,0,0,affected-descendant-inventory;source-navigation-impact-review
AOM_006250,Typha domingensis Ensiled Wilted,feed-material-descendant;crop-forage-navigation,AOM_000735,Forage Plants,4,,,AOM_003931,Typha domingensis,0,0,affected-descendant-inventory;source-navigation-impact-review
AOM_006251,Tristachya leucothrix Ground,feed-material-descendant;crop-forage-navigation,AOM_000735,Forage Plants,4,,,AOM_003104,Tristachya leucothrix,0,0,affected-descendant-inventory;source-navigation-impact-review
AOM_006252,Unspecified Grass Urea Treated Dried,feed-material-descendant;crop-forage-navigation,AOM_000735,Forage Plants,4,,,AOM_001912,Unspecified Grass,0,0,affected-descendant-inventory;source-navigation-impact-review
AOM_006253,Trifolium Dried,feed-material-descendant;crop-forage-navigation,AOM_000735,Forage Plants,4,,,AOM_001529,Trifolium,0,0,affected-descendant-inventory;source-navigation-impact-review
AOM_006254,Trifolium repens Dried,feed-material-descendant;crop-forage-navigation,AOM_000735,Forage Plants,4,,,AOM_001548,Trifolium repens,0,0,affected-descendant-inventory;source-navigation-impact-review
AOM_006255,Tithonia diversifolia Ensiled Wilted,feed-material-descendant;crop-forage-navigation,AOM_000735,Forage Plants,4,,,AOM_000716,Tithonia diversifolia,0,0,affected-descendant-inventory;source-navigation-impact-review
AOM_006256,Themeda triandra Ground,feed-material-descendant;crop-forage-navigation,AOM_000735,Forage Plants,4,,,AOM_001450,Themeda triandra,0,0,affected-descendant-inventory;source-navigation-impact-review
AOM_006257,Themeda triandra Dried Ground,feed-material-descendant;crop-forage-navigation,AOM_000735,Forage Plants,4,,,AOM_001450,Themeda triandra,0,0,affected-descendant-inventory;source-navigation-impact-review
AOM_006258,Tephrosia polystachyum Dried,feed-material-descendant;crop-forage-navigation,AOM_000735,Forage Plants,4,,,AOM_003239,Tephrosia polystachyum,0,0,affected-descendant-inventory;source-navigation-impact-review
AOM_006259,Teff Straw Ensiled Fermented Urea Treated,feed-material-descendant;crop-forage-navigation,AOM_001916,Crop Byproduct,5,,,AOM_003102,Teff Straw,0,0,affected-descendant-inventory;source-navigation-impact-review
AOM_006260,Teff Straw Dried,feed-material-descendant;crop-forage-navigation,AOM_001916,Crop Byproduct,5,,,AOM_003102,Teff Straw,0,0,affected-descendant-inventory;source-navigation-impact-review
AOM_006261,Tectona grandis Leaves Wilted,feed-material-descendant;crop-forage-navigation,AOM_000735,Forage Plants,5,,,AOM_002232,Tectona grandis Leaves,0,0,affected-descendant-inventory;source-navigation-impact-review
AOM_006262,Taro Root Dried Ground,feed-material-descendant;crop-forage-navigation,AOM_001916,Crop Byproduct,5,,,AOM_003266,Taro Root,0,0,affected-descendant-inventory;source-navigation-impact-review
AOM_006263,Sweet Potato Peels Dried,feed-material-descendant;crop-forage-navigation,AOM_001916,Crop Byproduct,5,,,AOM_002101,Sweet Potato Peels,0,0,affected-descendant-inventory;source-navigation-impact-review
AOM_006264,Sugarcane Peel Dried Ground,feed-material-descendant;crop-forage-navigation,AOM_001916,Crop Byproduct,5,,,AOM_002344,Sugarcane Peel,0,0,affected-descendant-inventory;source-navigation-impact-review
AOM_006266,Sugarcane Bagasse Ensiled,feed-material-descendant;crop-forage-navigation,AOM_001916,Crop Byproduct,5,,,AOM_002166,Sugarcane Bagasse,0,0,affected-descendant-inventory;source-navigation-impact-review
AOM_006267,Sugarcane Bagasse Enzyme Treated,feed-material-descendant;crop-forage-navigation,AOM_001916,Crop Byproduct,5,,,AOM_002166,Sugarcane Bagasse,0,0,affected-descendant-inventory;source-navigation-impact-review
AOM_006268,Sugarcane Bagasse Fermented,feed-material-descendant;crop-forage-navigation,AOM_001916,Crop Byproduct,5,,,AOM_002166,Sugarcane Bagasse,0,0,affected-descendant-inventory;source-navigation-impact-review
AOM_006269,Sugarcane Bagasse Ground,feed-material-descendant;crop-forage-navigation,AOM_001916,Crop Byproduct,5,,,AOM_002166,Sugarcane Bagasse,0,0,affected-descendant-inventory;source-navigation-impact-review
AOM_006270,Sugar Beet Crushed,feed-material-descendant;crop-forage-navigation,AOM_001916,Crop Byproduct,5,,,AOM_003482,Sugar Beet,0,0,affected-descendant-inventory;source-navigation-impact-review
AOM_006271,Sugar Beet Pulp Dried,feed-material-descendant;crop-forage-navigation,AOM_001916,Crop Byproduct,5,,,AOM_001483,Sugar Beet Pulp,0,0,affected-descendant-inventory;source-navigation-impact-review
AOM_006272,Sporobolus natalensis Dried,feed-material-descendant;crop-forage-navigation,AOM_000735,Forage Plants,4,,,AOM_001448,Sporobolus natalensis,0,0,affected-descendant-inventory;source-navigation-impact-review
AOM_006275,Panicum antidotale Dried,feed-material-descendant;crop-forage-navigation,AOM_000735,Forage Plants,4,,,AOM_100975,Panicum antidotale forage materials,0,0,affected-descendant-inventory;source-navigation-impact-review
AOM_006276,Panicum maximum Ensiled Wilted,feed-material-descendant;crop-forage-navigation,AOM_000735,Forage Plants,4,,,AOM_001407,Panicum maximum,0,0,affected-descendant-inventory;source-navigation-impact-review
AOM_006277,Panicum Dried,feed-material-descendant;crop-forage-navigation,AOM_000735,Forage Plants,4,,,AOM_003677,Panicum,0,0,affected-descendant-inventory;source-navigation-impact-review
AOM_006278,Groundnut Veins Dried,feed-material-descendant;crop-forage-navigation,AOM_001916,Crop Byproduct,5,,,AOM_003858,Groundnut Veins,0,0,affected-descendant-inventory;source-navigation-impact-review
AOM_006279,Pennisetum purpureum Ensiled,feed-material-descendant;crop-forage-navigation,AOM_000735,Forage Plants,4,,,AOM_000689,Pennisetum purpureum,0,0,affected-descendant-inventory;source-navigation-impact-review
AOM_006280,Pennisetum Dried,feed-material-descendant;crop-forage-navigation,AOM_000735,Forage Plants,4,,,AOM_001443,Pennisetum,0,0,affected-descendant-inventory;source-navigation-impact-review
AOM_006281,Date Leaves Dried,feed-material-descendant;crop-forage-navigation,AOM_001916,Crop Byproduct,4,,,AOM_002348,Date Leaves,0,0,affected-descendant-inventory;source-navigation-impact-review
AOM_006282,Date Leaves Wilted,feed-material-descendant;crop-forage-navigation,AOM_001916,Crop Byproduct,4,,,AOM_002348,Date Leaves,0,0,affected-descendant-inventory;source-navigation-impact-review
AOM_006283,Date Leaves Ensiled Wilted,feed-material-descendant;crop-forage-navigation,AOM_001916,Crop Byproduct,4,,,AOM_002348,Date Leaves,0,0,affected-descendant-inventory;source-navigation-impact-review
AOM_006284,Date Leaves Dried Enzyme Treated,feed-material-descendant;crop-forage-navigation,AOM_001916,Crop Byproduct,4,,,AOM_002348,Date Leaves,0,0,affected-descendant-inventory;source-navigation-impact-review
AOM_006285,Date Leaves Ensiled Sprouted Wilted,feed-material-descendant;crop-forage-navigation,AOM_001916,Crop Byproduct,4,,,AOM_002348,Date Leaves,0,0,affected-descendant-inventory;source-navigation-impact-review
AOM_006290,Phyllanthus amarus Dried Ground,feed-material-descendant;crop-forage-navigation,AOM_000735,Forage Plants,4,,,AOM_003068,Phyllanthus amarus,0,0,affected-descendant-inventory;source-navigation-impact-review
AOM_006292,Piliostigma thonningii pods Crushed,feed-material-descendant;crop-forage-navigation,AOM_000735,Forage Plants,5,,,AOM_002203,Piliostigma thonningii pods,0,0,affected-descendant-inventory;source-navigation-impact-review
AOM_006293,Polyalthia longifolia Leaves Dried,feed-material-descendant;crop-forage-navigation,AOM_000735,Forage Plants,4,,,AOM_002239,Polyalthia longifolia,0,0,affected-descendant-inventory;source-navigation-impact-review
AOM_006295,Prosopis juliflora Pods Dried Ground,feed-material-descendant;crop-forage-navigation,AOM_000735,Forage Plants,5,,,AOM_000713,Prosopis juliflora Pods,0,0,affected-descendant-inventory;source-navigation-impact-review
AOM_006296,Prosopis juliflora Pods Dried Fermented Ground,feed-material-descendant;crop-forage-navigation,AOM_000735,Forage Plants,5,,,AOM_000713,Prosopis juliflora Pods,0,0,affected-descendant-inventory;source-navigation-impact-review
AOM_006297,Prosopis juliflora Dried,feed-material-descendant;crop-forage-navigation,AOM_000735,Forage Plants,4,,,AOM_000712,Prosopis juliflora,0,0,affected-descendant-inventory;source-navigation-impact-review
AOM_006299,Rice Husk Enzyme Treated,feed-material-descendant;crop-forage-navigation,AOM_001916,Crop Byproduct,5,,,AOM_000576,Rice Husk,0,0,affected-descendant-inventory;source-navigation-impact-review
AOM_006300,Rice Offal Ground,feed-material-descendant;crop-forage-navigation,AOM_001916,Crop Byproduct,5,,,AOM_000577,Rice Offal,0,0,affected-descendant-inventory;source-navigation-impact-review
AOM_006301,Rice Straw Ensiled Urea Treated,feed-material-descendant;crop-forage-navigation,AOM_001916,Crop Byproduct,5,,,AOM_000579,Rice Straw,0,0,affected-descendant-inventory;source-navigation-impact-review
AOM_006302,Rice Straw Urea Treated,feed-material-descendant;crop-forage-navigation,AOM_001916,Crop Byproduct,5,,,AOM_000579,Rice Straw,0,0,affected-descendant-inventory;source-navigation-impact-review
AOM_006303,Rice Straw Dried Urea Treated,feed-material-descendant;crop-forage-navigation,AOM_001916,Crop Byproduct,5,,,AOM_000579,Rice Straw,0,0,affected-descendant-inventory;source-navigation-impact-review
AOM_006304,Rice Straw Fermented Ground,feed-material-descendant;crop-forage-navigation,AOM_001916,Crop Byproduct,5,,,AOM_000579,Rice Straw,0,0,affected-descendant-inventory;source-navigation-impact-review
AOM_006305,Samanea saman Dried Ground,feed-material-descendant;crop-forage-navigation,AOM_000735,Forage Plants,4,,,AOM_002230,Samanea saman,0,0,affected-descendant-inventory;source-navigation-impact-review
AOM_006306,Samanea saman Wilted,feed-material-descendant;crop-forage-navigation,AOM_000735,Forage Plants,4,,,AOM_002230,Samanea saman,0,0,affected-descendant-inventory;source-navigation-impact-review
AOM_006307,Sesame Seed Cake Ground,feed-material-descendant;crop-forage-navigation,AOM_001916,Crop Byproduct,5,,,AOM_001440,Sesame Seed,0,0,affected-descendant-inventory;source-navigation-impact-review
AOM_006308,Sesbania sesban Leaves Dried Ground,feed-material-descendant;crop-forage-navigation,AOM_000735,Forage Plants,5,,,AOM_001740,Sesbania sesban Leaves,0,0,affected-descendant-inventory;source-navigation-impact-review
AOM_006309,Sesbania sesban Seed Roasted,feed-material-descendant;crop-forage-navigation,AOM_000735,Forage Plants,5,,,AOM_003080,Sesbania sesban Seed,0,0,affected-descendant-inventory;source-navigation-impact-review
AOM_006310,Sesbania sesban Ensiled,feed-material-descendant;crop-forage-navigation,AOM_000735,Forage Plants,4,,,AOM_003079,Sesbania sesban,0,0,affected-descendant-inventory;source-navigation-impact-review
AOM_006311,Sheanut Cake Ground,feed-material-descendant;crop-forage-navigation,AOM_001916,Crop Byproduct,5,,,AOM_001278,Sheanut Cake,0,0,affected-descendant-inventory;source-navigation-impact-review
AOM_006312,Sorghum Husk Urea Treated,feed-material-descendant;crop-forage-navigation,AOM_001916,Crop Byproduct,5,,,AOM_002339,Sorghum Husk,0,0,affected-descendant-inventory;source-navigation-impact-review
AOM_006313,Sorghum Straw Crushed,feed-material-descendant;crop-forage-navigation,AOM_001916,Crop Byproduct,5,,,AOM_000581,Sorghum Straw,0,0,affected-descendant-inventory;source-navigation-impact-review
AOM_006314,Sorghum Straw Crushed Dried Fermented,feed-material-descendant;crop-forage-navigation,AOM_001916,Crop Byproduct,5,,,AOM_000581,Sorghum Straw,0,0,affected-descendant-inventory;source-navigation-impact-review
AOM_006315,Sorghum sudanense Dried,feed-material-descendant;crop-forage-navigation,AOM_000735,Forage Plants,4,,,AOM_001446,Sorghum sudanense,0,0,affected-descendant-inventory;source-navigation-impact-review
AOM_006316,Sorghum Dried,feed-material-descendant;crop-forage-navigation,AOM_001916,Crop Byproduct,4,,,AOM_100863,Sorghum by-products,0,0,affected-descendant-inventory;source-navigation-impact-review
AOM_006317,Soybean Cheese Waste Crushed Ensiled,feed-material-descendant;crop-forage-navigation,AOM_001916,Crop Byproduct,5,,,AOM_003930,Soybean Cheese Waste,0,0,affected-descendant-inventory;source-navigation-impact-review
AOM_006319,Soybean Straw Dried,feed-material-descendant;crop-forage-navigation,AOM_001916,Crop Byproduct,5,,,AOM_001271,Soybean Straw,0,0,affected-descendant-inventory;source-navigation-impact-review
AOM_006320,African Yam Bean Dried Ground,feed-material-descendant;crop-forage-navigation,AOM_001916,Crop Byproduct,4,,,AOM_100907,African yam bean by-products,0,0,affected-descendant-inventory;source-navigation-impact-review
AOM_006321,Trifolium alexandrinum Straw Urea Treated,feed-material-descendant;crop-forage-navigation,AOM_000735,Forage Plants,5,,,AOM_001241,Trifolium alexandrinum Straw,0,0,affected-descendant-inventory;source-navigation-impact-review
AOM_006325,Flaxseed Oil Cold pressed,feed-material-descendant;crop-forage-navigation,AOM_001916,Crop Byproduct,5,,,AOM_001255,Flaxseed Oil,0,0,affected-descendant-inventory;source-navigation-impact-review
AOM_006326,Piliostigma reticulatum pods Crushed Dried,feed-material-descendant;crop-forage-navigation,AOM_000735,Forage Plants,5,,,AOM_002151,Piliostigma reticulatum pods,0,0,affected-descendant-inventory;source-navigation-impact-review
AOM_006327,Rosemary Residues Dried Ground,feed-material-descendant;crop-forage-navigation,AOM_100921,Crop product,5,,,AOM_003887,Rosemary Residues,0,0,affected-descendant-inventory;source-navigation-impact-review
AOM_006328,Sorghum Straw Dried Ground,feed-material-descendant;crop-forage-navigation,AOM_001916,Crop Byproduct,5,,,AOM_000581,Sorghum Straw,0,0,affected-descendant-inventory;source-navigation-impact-review
AOM_006329,Soybean Residue Dried,feed-material-descendant;crop-forage-navigation,AOM_001916,Crop Byproduct,5,,,AOM_000614,Soybean Residue,0,0,affected-descendant-inventory;source-navigation-impact-review
AOM_006334,Rumen-protected fat feed materials,feed-material-descendant;direct-feed-material-child,AOM_006334,Rumen-protected fat feed materials,1,,,AOM_100850,Feed materials,1,1,affected-descendant-inventory;row-level-disposition
AOM_006335,Rice Offal Dried,feed-material-descendant;crop-forage-navigation,AOM_001916,Crop Byproduct,5,,,AOM_000577,Rice Offal,0,0,affected-descendant-inventory;source-navigation-impact-review
AOM_006336,Rice Straw Dried Ground,feed-material-descendant;crop-forage-navigation,AOM_001916,Crop Byproduct,5,,,AOM_000579,Rice Straw,0,0,affected-descendant-inventory;source-navigation-impact-review
AOM_006337,Rice Straw Dried Fermented Ground,feed-material-descendant;crop-forage-navigation,AOM_001916,Crop Byproduct,5,,,AOM_000579,Rice Straw,0,0,affected-descendant-inventory;source-navigation-impact-review
AOM_006339,Anti fungi,feed-additive-branch,,,,2,,AOM_101138,Technological feed additives,0,0,authority-boundary-comparison
AOM_006340,Propionibacterium freudenreinchi,feed-additive-branch,,,,3,,AOM_003076,Probiotic,0,0,authority-boundary-comparison
AOM_006341,Moringa oleifera Seed Oil,feed-material-descendant;crop-forage-navigation,AOM_000735,Forage Plants,5,,,AOM_003971,Moringa oleifera Seed,0,0,affected-descendant-inventory;source-navigation-impact-review
AOM_006343,Moringa oleifera Seed Cake Ground,feed-material-descendant;crop-forage-navigation,AOM_000735,Forage Plants,5,,,AOM_003971,Moringa oleifera Seed,0,0,affected-descendant-inventory;source-navigation-impact-review
AOM_006344,Trifolium quartinianum Dried,feed-material-descendant;crop-forage-navigation,AOM_000735,Forage Plants,4,,,AOM_100969,Trifolium quartinianum forage materials,0,0,affected-descendant-inventory;source-navigation-impact-review
AOM_006345,Soybean Straw Dried Urea Treated,feed-material-descendant;crop-forage-navigation,AOM_001916,Crop Byproduct,5,,,AOM_001271,Soybean Straw,0,0,affected-descendant-inventory;source-navigation-impact-review
AOM_006346,Marula Kernel Cake,feed-material-descendant;crop-forage-navigation,AOM_001916,Crop Byproduct,3,,,AOM_100885,Marula by-products,0,0,affected-descendant-inventory;source-navigation-impact-review
AOM_006347,Marula Seed Cake Ground,feed-material-descendant;crop-forage-navigation,AOM_001916,Crop Byproduct,3,,,AOM_100885,Marula by-products,0,0,affected-descendant-inventory;source-navigation-impact-review
AOM_006348,Orange Waste Ensiled,feed-material-descendant;crop-forage-navigation,AOM_001916,Crop Byproduct,3,,,AOM_100887,Orange by-products,0,0,affected-descendant-inventory;source-navigation-impact-review
AOM_006349,Pleurotus ostreatus,feed-material-descendant;direct-feed-material-child;reported-concept,AOM_006349,Pleurotus ostreatus,1,,,AOM_100850,Feed materials,0,0,affected-descendant-inventory;row-level-disposition
AOM_006350,Bambusa bambos,feed-material-descendant;crop-forage-navigation,AOM_000735,Forage Plants,3,,,AOM_000734,Other Forage Plants,0,0,affected-descendant-inventory;source-navigation-impact-review
AOM_006351,Bambusa tulda,feed-material-descendant;crop-forage-navigation,AOM_000735,Forage Plants,3,,,AOM_000734,Other Forage Plants,0,0,affected-descendant-inventory;source-navigation-impact-review
AOM_006352,Cassava Peel Crushed,feed-material-descendant;crop-forage-navigation,AOM_001916,Crop Byproduct,5,,,AOM_002112,Cassava Peel,0,0,affected-descendant-inventory;source-navigation-impact-review
AOM_006353,Cassava Peel Crushed Urea Treated,feed-material-descendant;crop-forage-navigation,AOM_001916,Crop Byproduct,5,,,AOM_002112,Cassava Peel,0,0,affected-descendant-inventory;source-navigation-impact-review
AOM_006354,Dendrocalamus asper,feed-material-descendant;crop-forage-navigation,AOM_000735,Forage Plants,3,,,AOM_000734,Other Forage Plants,0,0,affected-descendant-inventory;source-navigation-impact-review
AOM_006355,Dendrocalamus strictus,feed-material-descendant;crop-forage-navigation,AOM_000735,Forage Plants,3,,,AOM_000734,Other Forage Plants,0,0,affected-descendant-inventory;source-navigation-impact-review
AOM_006356,Acacia mearnsii Dried,feed-material-descendant;crop-forage-navigation,AOM_000735,Forage Plants,4,,,AOM_003105,Acacia mearnsii,0,0,affected-descendant-inventory;source-navigation-impact-review
AOM_006357,Acacia mearnsii Dried Ground,feed-material-descendant;crop-forage-navigation,AOM_000735,Forage Plants,4,,,AOM_003105,Acacia mearnsii,0,0,affected-descendant-inventory;source-navigation-impact-review
AOM_006358,Acacia saligna Leaves and Soft Twig Dried,feed-material-descendant;crop-forage-navigation,AOM_000735,Forage Plants,5,,,AOM_001120,Acacia saligna Leaves and Soft Twig,0,0,affected-descendant-inventory;source-navigation-impact-review
AOM_006359,Afzelia africana Leaves and Twigs,feed-material-descendant;crop-forage-navigation,AOM_000735,Forage Plants,4,,,AOM_001126,Afzelia africana,0,0,affected-descendant-inventory;source-navigation-impact-review
AOM_006360,Annona senegalensis Leaves and Twigs Wilted,feed-material-descendant;crop-forage-navigation,AOM_000735,Forage Plants,4,,,AOM_001128,Annona senegalensis,0,0,affected-descendant-inventory;source-navigation-impact-review
AOM_006361,Baby Corn Stalk Ensiled,feed-material-descendant;crop-forage-navigation,AOM_001916,Crop Byproduct,5,,,AOM_001675,Baby Corn Stalk,0,0,affected-descendant-inventory;source-navigation-impact-review
AOM_006362,Balanites aegyptiaca Dried,feed-material-descendant;crop-forage-navigation,AOM_000735,Forage Plants,4,,,AOM_003075,Balanites aegyptiaca,0,0,affected-descendant-inventory;source-navigation-impact-review
AOM_006363,Bone Crushed,feed-material-descendant,AOM_100976,Animal by-products,3,,,AOM_000540,Bone,0,0,affected-descendant-inventory
AOM_006364,Bread Waste Dried,feed-material-descendant,AOM_100987,Processed food by-products,3,,,AOM_003829,Bread Waste,0,0,affected-descendant-inventory
AOM_006366,Dichrostachys cinerea Dried Ground,feed-material-descendant;crop-forage-navigation,AOM_000735,Forage Plants,4,,,AOM_001141,Dichrostachys cinerea,0,0,affected-descendant-inventory;source-navigation-impact-review
AOM_006368,Eragrostis curvula Dried Ground,feed-material-descendant;crop-forage-navigation,AOM_000735,Forage Plants,4,,,AOM_001393,Eragrostis curvula,0,0,affected-descendant-inventory;source-navigation-impact-review
AOM_006369,Hyparrhenia,feed-material-descendant;crop-forage-navigation,AOM_000735,Forage Plants,3,,,AOM_000701,Cereal and Grass Forages,1,1,affected-descendant-inventory;source-navigation-impact-review
AOM_006370,Euphorbia hirta,feed-material-descendant;crop-forage-navigation,AOM_000735,Forage Plants,3,,,AOM_000734,Other Forage Plants,0,0,affected-descendant-inventory;source-navigation-impact-review
AOM_006371,Faidherbia albida Dried,feed-material-descendant;crop-forage-navigation,AOM_000735,Forage Plants,4,,,AOM_001145,Faidherbia albida,0,0,affected-descendant-inventory;source-navigation-impact-review
AOM_006373,Ficus exasperata leaves and twigs,feed-material-descendant;crop-forage-navigation,AOM_000735,Forage Plants,3,,,AOM_000718,Forage Trees,0,0,affected-descendant-inventory;source-navigation-impact-review
AOM_006374,Finger Millet Straw Ensiled Urea Treated,feed-material-descendant;crop-forage-navigation,AOM_001916,Crop Byproduct,5,,,AOM_004005,Finger Millet Straw,0,0,affected-descendant-inventory;source-navigation-impact-review
AOM_006375,Gigantochloa pseudoarundinacea,feed-material-descendant;crop-forage-navigation,AOM_000735,Forage Plants,3,,,AOM_000734,Other Forage Plants,0,0,affected-descendant-inventory;source-navigation-impact-review
AOM_006376,Gliciridia sepium Leaves Wilted,feed-material-descendant;crop-forage-navigation,AOM_000735,Forage Plants,5,,,AOM_001800,Gliciridia sepium Leaves,0,0,affected-descendant-inventory;source-navigation-impact-review
AOM_006380,Jojoba Enzyme Treated Ground,feed-material-descendant;crop-forage-navigation,AOM_001916,Crop Byproduct,4,,,AOM_100897,Jojoba by-products,0,0,affected-descendant-inventory;source-navigation-impact-review
AOM_006381,Leucaena leucocephala Leaves Wilted,feed-material-descendant;crop-forage-navigation,AOM_000735,Forage Plants,5,,,AOM_001672,Leucaena leucocephala Leaves,0,0,affected-descendant-inventory;source-navigation-impact-review
AOM_006385,Pericopis laxiflora Leaves and Twigs,feed-material-descendant;crop-forage-navigation,AOM_000735,Forage Plants,4,,,AOM_003987,Pericopis laxiflora,0,0,affected-descendant-inventory;source-navigation-impact-review
AOM_006387,Phyllostachys aurea,feed-material-descendant;crop-forage-navigation,AOM_000735,Forage Plants,3,,,AOM_000734,Other Forage Plants,0,0,affected-descendant-inventory;source-navigation-impact-review
AOM_006389,Organic Acid,chemical-identity-branch,,,,,1,AOM_101147,Feed chemical substances,1,1,identity-product-boundary-review
AOM_006395,Tectona grandis Wilted,feed-material-descendant;crop-forage-navigation,AOM_000735,Forage Plants,4,,,AOM_002220,Tectona grandis,0,0,affected-descendant-inventory;source-navigation-impact-review
AOM_006396,Soybean Straw Dried Molasses Treated Urea Treated,feed-material-descendant;crop-forage-navigation,AOM_001916,Crop Byproduct,5,,,AOM_001271,Soybean Straw,0,0,affected-descendant-inventory;source-navigation-impact-review
AOM_006397,Maize Straw Molasses Treated Urea Treated,feed-material-descendant;crop-forage-navigation,AOM_001916,Crop Byproduct,5,,,AOM_000572,Maize Straw,0,0,affected-descendant-inventory;source-navigation-impact-review
AOM_006399,Mucuna pruriens Seed Alkali Treated Boiled Dried Ground,feed-material-descendant;crop-forage-navigation,AOM_000735,Forage Plants,5,,,AOM_001164,Mucuna pruriens Seed,0,0,affected-descendant-inventory;source-navigation-impact-review
AOM_006400,Mucuna pruriens Protein Isolate Alkali Treated Boiled Decorticated Ground,feed-material-descendant;crop-forage-navigation,AOM_000735,Forage Plants,5,,,AOM_100968,Mucuna pruriens protein products,0,0,affected-descendant-inventory;source-navigation-impact-review
AOM_006402,Cassava Waste Dried Fermented,feed-material-descendant;crop-forage-navigation,AOM_001916,Crop Byproduct,5,,,AOM_001251,Cassava Waste,0,0,affected-descendant-inventory;source-navigation-impact-review
AOM_006403,Sweet Potato Vine Ensiled Wilted,feed-material-descendant;crop-forage-navigation,AOM_001916,Crop Byproduct,5,,,AOM_001267,Sweet Potato Vine,0,0,affected-descendant-inventory;source-navigation-impact-review
AOM_006404,Cassava Sieviate Dried Ground,feed-material-descendant;crop-forage-navigation,AOM_001916,Crop Byproduct,5,,,AOM_003911,Cassava Sieviate,0,0,affected-descendant-inventory;source-navigation-impact-review
AOM_006406,Citrus aurantifolia,feed-material-descendant;crop-forage-navigation,AOM_000735,Forage Plants,3,,,AOM_000718,Forage Trees,2,2,affected-descendant-inventory;source-navigation-impact-review
AOM_006407,Enterolobium cyclocarpum,feed-material-descendant;crop-forage-navigation,AOM_000735,Forage Plants,3,,,AOM_000718,Forage Trees,2,2,affected-descendant-inventory;source-navigation-impact-review
AOM_006408,Linseed Ground,feed-material-descendant;crop-forage-navigation,AOM_001916,Crop Byproduct,4,,,AOM_100898,Linseed by-products,0,0,affected-descendant-inventory;source-navigation-impact-review
AOM_006410,Occicum gatissimum,feed-material-descendant;crop-forage-navigation,AOM_000735,Forage Plants,3,,,AOM_000718,Forage Trees,2,2,affected-descendant-inventory;source-navigation-impact-review
AOM_006411,Palm Kernel Cake Dried,feed-material-descendant;crop-forage-navigation,AOM_001916,Crop Byproduct,4,,,AOM_100901,Palm kernel by-products,0,0,affected-descendant-inventory;source-navigation-impact-review
AOM_006413,Rice Straw Ensiled,feed-material-descendant;crop-forage-navigation,AOM_001916,Crop Byproduct,5,,,AOM_000579,Rice Straw,0,0,affected-descendant-inventory;source-navigation-impact-review
AOM_006500,Mucuna pruriens Seed Boiled Decorticated Dried Ground Soaked,feed-material-descendant;crop-forage-navigation,AOM_000735,Forage Plants,5,,,AOM_001164,Mucuna pruriens Seed,0,0,affected-descendant-inventory;source-navigation-impact-review
AOM_00672,Sugar Beet Leaves Ensiled Wilted,feed-material-descendant;crop-forage-navigation,AOM_001916,Crop Byproduct,5,,,AOM_003492,Sugar Beet Leaves,0,0,affected-descendant-inventory;source-navigation-impact-review
AOM_012120,White Lupin Grain Roasted,feed-material-descendant;crop-forage-navigation,AOM_100921,Crop product,5,,,AOM_002116,White Lupin Grain,0,0,affected-descendant-inventory;source-navigation-impact-review
AOM_100850,Feed materials,feed-material-root;reported-concept,,,,,,AOM_000328,Feed Characteristic,20,1625,product-kind-root-review
AOM_100851,Maize by-products,feed-material-descendant;crop-forage-navigation,AOM_001916,Crop Byproduct,3,,,AOM_000594,Cereal ByProducts,12,41,affected-descendant-inventory;source-navigation-impact-review
AOM_100852,Soybean by-products,feed-material-descendant;crop-forage-navigation,AOM_001916,Crop Byproduct,3,,,AOM_000615,Legume ByProducts,12,21,affected-descendant-inventory;source-navigation-impact-review
AOM_100855,Baby corn by-products,feed-material-descendant;crop-forage-navigation,AOM_001916,Crop Byproduct,3,,,AOM_000594,Cereal ByProducts,1,3,affected-descendant-inventory;source-navigation-impact-review
AOM_100856,Barley by-products,feed-material-descendant;crop-forage-navigation,AOM_001916,Crop Byproduct,3,,,AOM_000594,Cereal ByProducts,4,6,affected-descendant-inventory;source-navigation-impact-review
AOM_100857,Cheka by-products,feed-material-descendant;crop-forage-navigation,AOM_001916,Crop Byproduct,3,,,AOM_000594,Cereal ByProducts,1,1,affected-descendant-inventory;source-navigation-impact-review
AOM_100858,Finger millet by-products,feed-material-descendant;crop-forage-navigation,AOM_001916,Crop Byproduct,3,,,AOM_000594,Cereal ByProducts,1,2,affected-descendant-inventory;source-navigation-impact-review
AOM_100859,Millet by-products,feed-material-descendant;crop-forage-navigation,AOM_001916,Crop Byproduct,3,,,AOM_000594,Cereal ByProducts,2,3,affected-descendant-inventory;source-navigation-impact-review
AOM_100860,Oat by-products,feed-material-descendant;crop-forage-navigation,AOM_001916,Crop Byproduct,3,,,AOM_000594,Cereal ByProducts,5,6,affected-descendant-inventory;source-navigation-impact-review
AOM_100861,Rice by-products,feed-material-descendant;crop-forage-navigation,AOM_001916,Crop Byproduct,3,,,AOM_000594,Cereal ByProducts,7,26,affected-descendant-inventory;source-navigation-impact-review
AOM_100862,Rye by-products,feed-material-descendant;crop-forage-navigation,AOM_001916,Crop Byproduct,3,,,AOM_000594,Cereal ByProducts,1,1,affected-descendant-inventory;source-navigation-impact-review
AOM_100863,Sorghum by-products,feed-material-descendant;crop-forage-navigation,AOM_001916,Crop Byproduct,3,,,AOM_000594,Cereal ByProducts,8,16,affected-descendant-inventory;source-navigation-impact-review
AOM_100864,Wheat by-products,feed-material-descendant;crop-forage-navigation,AOM_001916,Crop Byproduct,3,,,AOM_000594,Cereal ByProducts,6,15,affected-descendant-inventory;source-navigation-impact-review
AOM_100865,Chickpea by-products,feed-material-descendant;crop-forage-navigation,AOM_001916,Crop Byproduct,3,,,AOM_000615,Legume ByProducts,1,1,affected-descendant-inventory;source-navigation-impact-review
AOM_100866,Common bean by-products,feed-material-descendant;crop-forage-navigation,AOM_001916,Crop Byproduct,3,,,AOM_000615,Legume ByProducts,5,7,affected-descendant-inventory;source-navigation-impact-review
AOM_100867,Cowpea by-products,feed-material-descendant;crop-forage-navigation,AOM_001916,Crop Byproduct,3,,,AOM_000615,Legume ByProducts,6,11,affected-descendant-inventory;source-navigation-impact-review
AOM_100868,Fava bean by-products,feed-material-descendant;crop-forage-navigation,AOM_001916,Crop Byproduct,3,,,AOM_000615,Legume ByProducts,1,1,affected-descendant-inventory;source-navigation-impact-review
AOM_100869,Groundnut by-products,feed-material-descendant;crop-forage-navigation,AOM_001916,Crop Byproduct,3,,,AOM_000615,Legume ByProducts,8,14,affected-descendant-inventory;source-navigation-impact-review
AOM_100870,Guar bean by-products,feed-material-descendant;crop-forage-navigation,AOM_001916,Crop Byproduct,3,,,AOM_000615,Legume ByProducts,1,1,affected-descendant-inventory;source-navigation-impact-review
AOM_100871,Lentil by-products,feed-material-descendant;crop-forage-navigation,AOM_001916,Crop Byproduct,3,,,AOM_000615,Legume ByProducts,1,1,affected-descendant-inventory;source-navigation-impact-review
AOM_100872,Lima bean by-products,feed-material-descendant;crop-forage-navigation,AOM_001916,Crop Byproduct,3,,,AOM_000615,Legume ByProducts,1,2,affected-descendant-inventory;source-navigation-impact-review
AOM_100873,Pea by-products,feed-material-descendant;crop-forage-navigation,AOM_001916,Crop Byproduct,3,,,AOM_000615,Legume ByProducts,2,2,affected-descendant-inventory;source-navigation-impact-review
AOM_100874,Pigeon pea by-products,feed-material-descendant;crop-forage-navigation,AOM_001916,Crop Byproduct,3,,,AOM_000615,Legume ByProducts,1,2,affected-descendant-inventory;source-navigation-impact-review
AOM_100875,Carob by-products,feed-material-descendant;crop-forage-navigation,AOM_001916,Crop Byproduct,2,,,AOM_001916,Crop Byproduct,1,1,affected-descendant-inventory;source-navigation-impact-review
AOM_100876,Cocoa by-products,feed-material-descendant;crop-forage-navigation,AOM_001916,Crop Byproduct,2,,,AOM_001916,Crop Byproduct,2,6,affected-descendant-inventory;source-navigation-impact-review
AOM_100877,Coffee by-products,feed-material-descendant;crop-forage-navigation,AOM_001916,Crop Byproduct,2,,,AOM_001916,Crop Byproduct,2,3,affected-descendant-inventory;source-navigation-impact-review
AOM_100878,Khat by-products,feed-material-descendant;crop-forage-navigation,AOM_001916,Crop Byproduct,2,,,AOM_001916,Crop Byproduct,1,2,affected-descendant-inventory;source-navigation-impact-review
AOM_100879,Banana by-products,feed-material-descendant;crop-forage-navigation,AOM_001916,Crop Byproduct,2,,,AOM_001916,Crop Byproduct,3,4,affected-descendant-inventory;source-navigation-impact-review
AOM_100880,Citrus by-products,feed-material-descendant;crop-forage-navigation,AOM_001916,Crop Byproduct,2,,,AOM_001916,Crop Byproduct,1,3,affected-descendant-inventory;source-navigation-impact-review
AOM_100881,Date by-products,feed-material-descendant;crop-forage-navigation,AOM_001916,Crop Byproduct,2,,,AOM_001916,Crop Byproduct,6,12,affected-descendant-inventory;source-navigation-impact-review
AOM_100882,Grape by-products,feed-material-descendant;crop-forage-navigation,AOM_001916,Crop Byproduct,2,,,AOM_001916,Crop Byproduct,1,1,affected-descendant-inventory;source-navigation-impact-review
AOM_100883,Jackfruit by-products,feed-material-descendant;crop-forage-navigation,AOM_001916,Crop Byproduct,2,,,AOM_001916,Crop Byproduct,2,2,affected-descendant-inventory;source-navigation-impact-review
AOM_100884,Mango by-products,feed-material-descendant;crop-forage-navigation,AOM_001916,Crop Byproduct,2,,,AOM_001916,Crop Byproduct,4,8,affected-descendant-inventory;source-navigation-impact-review
AOM_100885,Marula by-products,feed-material-descendant;crop-forage-navigation,AOM_001916,Crop Byproduct,2,,,AOM_001916,Crop Byproduct,2,2,affected-descendant-inventory;source-navigation-impact-review
AOM_100886,Melon by-products,feed-material-descendant;crop-forage-navigation,AOM_001916,Crop Byproduct,2,,,AOM_001916,Crop Byproduct,1,2,affected-descendant-inventory;source-navigation-impact-review
AOM_100887,Orange by-products,feed-material-descendant;crop-forage-navigation,AOM_001916,Crop Byproduct,2,,,AOM_001916,Crop Byproduct,4,6,affected-descendant-inventory;source-navigation-impact-review
AOM_100888,Papaya by-products,feed-material-descendant;crop-forage-navigation,AOM_001916,Crop Byproduct,2,,,AOM_001916,Crop Byproduct,1,1,affected-descendant-inventory;source-navigation-impact-review
AOM_100889,Plantain by-products,feed-material-descendant;crop-forage-navigation,AOM_001916,Crop Byproduct,2,,,AOM_001916,Crop Byproduct,1,2,affected-descendant-inventory;source-navigation-impact-review
AOM_100890,Watermelon by-products,feed-material-descendant;crop-forage-navigation,AOM_001916,Crop Byproduct,2,,,AOM_001916,Crop Byproduct,2,4,affected-descendant-inventory;source-navigation-impact-review
AOM_100891,Argan by-products,feed-material-descendant;crop-forage-navigation,AOM_001916,Crop Byproduct,3,,,AOM_000628,Oil Plant ByProducts,2,2,affected-descendant-inventory;source-navigation-impact-review
AOM_100892,Canola by-products,feed-material-descendant;crop-forage-navigation,AOM_001916,Crop Byproduct,3,,,AOM_000628,Oil Plant ByProducts,2,2,affected-descendant-inventory;source-navigation-impact-review
AOM_100893,Cashew by-products,feed-material-descendant;crop-forage-navigation,AOM_001916,Crop Byproduct,3,,,AOM_000628,Oil Plant ByProducts,1,4,affected-descendant-inventory;source-navigation-impact-review
AOM_100894,Coconut by-products,feed-material-descendant;crop-forage-navigation,AOM_001916,Crop Byproduct,3,,,AOM_000628,Oil Plant ByProducts,2,3,affected-descendant-inventory;source-navigation-impact-review
AOM_100895,Cotton by-products,feed-material-descendant;crop-forage-navigation,AOM_001916,Crop Byproduct,3,,,AOM_000628,Oil Plant ByProducts,1,10,affected-descendant-inventory;source-navigation-impact-review
AOM_100896,Hibiscus by-products,feed-material-descendant;crop-forage-navigation,AOM_001916,Crop Byproduct,3,,,AOM_000628,Oil Plant ByProducts,1,2,affected-descendant-inventory;source-navigation-impact-review
AOM_100897,Jojoba by-products,feed-material-descendant;crop-forage-navigation,AOM_001916,Crop Byproduct,3,,,AOM_000628,Oil Plant ByProducts,2,2,affected-descendant-inventory;source-navigation-impact-review
AOM_100898,Linseed by-products,feed-material-descendant;crop-forage-navigation,AOM_001916,Crop Byproduct,3,,,AOM_000628,Oil Plant ByProducts,3,3,affected-descendant-inventory;source-navigation-impact-review
AOM_100899,Macadamia by-products,feed-material-descendant;crop-forage-navigation,AOM_001916,Crop Byproduct,3,,,AOM_000628,Oil Plant ByProducts,1,1,affected-descendant-inventory;source-navigation-impact-review
AOM_100900,Olive by-products,feed-material-descendant;crop-forage-navigation,AOM_001916,Crop Byproduct,3,,,AOM_000628,Oil Plant ByProducts,1,4,affected-descendant-inventory;source-navigation-impact-review
AOM_100901,Palm kernel by-products,feed-material-descendant;crop-forage-navigation,AOM_001916,Crop Byproduct,3,,,AOM_000628,Oil Plant ByProducts,7,7,affected-descendant-inventory;source-navigation-impact-review
AOM_100902,Sesame by-products,feed-material-descendant;crop-forage-navigation,AOM_001916,Crop Byproduct,3,,,AOM_000628,Oil Plant ByProducts,4,10,affected-descendant-inventory;source-navigation-impact-review
AOM_100903,Sheanut by-products,feed-material-descendant;crop-forage-navigation,AOM_001916,Crop Byproduct,3,,,AOM_000628,Oil Plant ByProducts,2,3,affected-descendant-inventory;source-navigation-impact-review
AOM_100904,Sunflower by-products,feed-material-descendant;crop-forage-navigation,AOM_001916,Crop Byproduct,3,,,AOM_000628,Oil Plant ByProducts,3,3,affected-descendant-inventory;source-navigation-impact-review
AOM_100905,Walnut by-products,feed-material-descendant;crop-forage-navigation,AOM_001916,Crop Byproduct,3,,,AOM_000628,Oil Plant ByProducts,1,2,affected-descendant-inventory;source-navigation-impact-review
AOM_100906,Other plant by-products,feed-material-descendant;crop-forage-navigation,AOM_001916,Crop Byproduct,2,,,AOM_001916,Crop Byproduct,1,1,affected-descendant-inventory;source-navigation-impact-review
AOM_100907,African yam bean by-products,feed-material-descendant;crop-forage-navigation,AOM_001916,Crop Byproduct,3,,,AOM_000615,Legume ByProducts,2,2,affected-descendant-inventory;source-navigation-impact-review
AOM_100908,Beet by-products,feed-material-descendant;crop-forage-navigation,AOM_001916,Crop Byproduct,3,,,AOM_000641,Roots and Tuber ByProducts,2,3,affected-descendant-inventory;source-navigation-impact-review
AOM_100909,Beetroot by-products,feed-material-descendant;crop-forage-navigation,AOM_001916,Crop Byproduct,3,,,AOM_000641,Roots and Tuber ByProducts,1,2,affected-descendant-inventory;source-navigation-impact-review
AOM_100910,Cassava by-products,feed-material-descendant;crop-forage-navigation,AOM_001916,Crop Byproduct,3,,,AOM_000641,Roots and Tuber ByProducts,10,32,affected-descendant-inventory;source-navigation-impact-review
AOM_100911,Potato by-products,feed-material-descendant;crop-forage-navigation,AOM_001916,Crop Byproduct,3,,,AOM_000641,Roots and Tuber ByProducts,2,3,affected-descendant-inventory;source-navigation-impact-review
AOM_100912,Sweet potato by-products,feed-material-descendant;crop-forage-navigation,AOM_001916,Crop Byproduct,3,,,AOM_000641,Roots and Tuber ByProducts,2,7,affected-descendant-inventory;source-navigation-impact-review
AOM_100913,Taro by-products,feed-material-descendant;crop-forage-navigation,AOM_001916,Crop Byproduct,3,,,AOM_000641,Roots and Tuber ByProducts,2,4,affected-descendant-inventory;source-navigation-impact-review
AOM_100914,Yam by-products,feed-material-descendant;crop-forage-navigation,AOM_001916,Crop Byproduct,3,,,AOM_000641,Roots and Tuber ByProducts,1,3,affected-descendant-inventory;source-navigation-impact-review
AOM_100915,Sugar beet by-products,feed-material-descendant;crop-forage-navigation,AOM_001916,Crop Byproduct,3,,,AOM_000644,Sugar Processing ByProducts,4,7,affected-descendant-inventory;source-navigation-impact-review
AOM_100916,Sugarcane by-products,feed-material-descendant;crop-forage-navigation,AOM_001916,Crop Byproduct,3,,,AOM_000644,Sugar Processing ByProducts,3,8,affected-descendant-inventory;source-navigation-impact-review
AOM_100917,Arugula by-products,feed-material-descendant;crop-forage-navigation,AOM_001916,Crop Byproduct,2,,,AOM_001916,Crop Byproduct,1,1,affected-descendant-inventory;source-navigation-impact-review
AOM_100918,Cabbage by-products,feed-material-descendant;crop-forage-navigation,AOM_001916,Crop Byproduct,2,,,AOM_001916,Crop Byproduct,1,2,affected-descendant-inventory;source-navigation-impact-review
AOM_100919,Carrot by-products,feed-material-descendant;crop-forage-navigation,AOM_001916,Crop Byproduct,2,,,AOM_001916,Crop Byproduct,1,1,affected-descendant-inventory;source-navigation-impact-review
AOM_100920,Tomato by-products,feed-material-descendant;crop-forage-navigation,AOM_001916,Crop Byproduct,2,,,AOM_001916,Crop Byproduct,2,3,affected-descendant-inventory;source-navigation-impact-review
AOM_100921,Crop product,feed-material-descendant;direct-feed-material-child;crop-forage-navigation;reported-concept,AOM_100921,Crop product,1,,,AOM_100850,Feed materials,9,185,affected-descendant-inventory;row-level-disposition;source-navigation-impact-review
AOM_100922,Cash crop products,feed-material-descendant;crop-forage-navigation,AOM_100921,Crop product,2,,,AOM_100921,Crop product,3,6,affected-descendant-inventory;source-navigation-impact-review
AOM_100923,Spice products,feed-material-descendant;crop-forage-navigation,AOM_100921,Crop product,2,,,AOM_100921,Crop product,4,13,affected-descendant-inventory;source-navigation-impact-review
AOM_100924,Vegetable products,feed-material-descendant;crop-forage-navigation,AOM_100921,Crop product,2,,,AOM_100921,Crop product,7,19,affected-descendant-inventory;source-navigation-impact-review
AOM_100925,Cocoa products,feed-material-descendant;crop-forage-navigation,AOM_100921,Crop product,3,,,AOM_100922,Cash crop products,2,2,affected-descendant-inventory;source-navigation-impact-review
AOM_100926,Coffee products,feed-material-descendant;crop-forage-navigation,AOM_100921,Crop product,3,,,AOM_100922,Cash crop products,1,1,affected-descendant-inventory;source-navigation-impact-review
AOM_100927,Rice products,feed-material-descendant;crop-forage-navigation,AOM_100921,Crop product,3,,,AOM_000662,Cereal Products,2,3,affected-descendant-inventory;source-navigation-impact-review
AOM_100928,Lemon products,feed-material-descendant;crop-forage-navigation,AOM_100921,Crop product,3,,,AOM_000665,Fruit Product,1,1,affected-descendant-inventory;source-navigation-impact-review
AOM_100929,Tomato products,feed-material-descendant;crop-forage-navigation,AOM_100921,Crop product,3,,,AOM_000665,Fruit Product,1,1,affected-descendant-inventory;source-navigation-impact-review
AOM_100930,Blue lupin products,feed-material-descendant;crop-forage-navigation,AOM_100921,Crop product,3,,,AOM_000667,Legume Products,3,5,affected-descendant-inventory;source-navigation-impact-review
AOM_100931,Common bean products,feed-material-descendant;crop-forage-navigation,AOM_100921,Crop product,3,,,AOM_000667,Legume Products,1,1,affected-descendant-inventory;source-navigation-impact-review
AOM_100932,Winged bean products,feed-material-descendant;crop-forage-navigation,AOM_100921,Crop product,3,,,AOM_000667,Legume Products,1,3,affected-descendant-inventory;source-navigation-impact-review
AOM_100933,Coconut products,feed-material-descendant;crop-forage-navigation,AOM_100921,Crop product,3,,,AOM_000677,Oil Plant Products,1,1,affected-descendant-inventory;source-navigation-impact-review
AOM_100934,Palm products,feed-material-descendant;crop-forage-navigation,AOM_100921,Crop product,3,,,AOM_000677,Oil Plant Products,3,4,affected-descendant-inventory;source-navigation-impact-review
AOM_100935,Safflower products,feed-material-descendant;crop-forage-navigation,AOM_100921,Crop product,3,,,AOM_000677,Oil Plant Products,2,2,affected-descendant-inventory;source-navigation-impact-review
AOM_100936,Cassava products,feed-material-descendant;crop-forage-navigation,AOM_100921,Crop product,3,,,AOM_000681,Roots and Tuber Products,3,6,affected-descendant-inventory;source-navigation-impact-review
AOM_100937,Ensete products,feed-material-descendant;crop-forage-navigation,AOM_100921,Crop product,3,,,AOM_000681,Roots and Tuber Products,2,2,affected-descendant-inventory;source-navigation-impact-review
AOM_100938,Potato products,feed-material-descendant;crop-forage-navigation,AOM_100921,Crop product,3,,,AOM_000681,Roots and Tuber Products,1,1,affected-descendant-inventory;source-navigation-impact-review
AOM_100939,Black cumin by-products,feed-material-descendant;crop-forage-navigation,AOM_001916,Crop Byproduct,2,,,AOM_001916,Crop Byproduct,2,2,affected-descendant-inventory;source-navigation-impact-review
AOM_100940,Black cumin products,feed-material-descendant;crop-forage-navigation,AOM_100921,Crop product,3,,,AOM_100923,Spice products,2,3,affected-descendant-inventory;source-navigation-impact-review
AOM_100941,Rosemary products,feed-material-descendant;crop-forage-navigation,AOM_100921,Crop product,3,,,AOM_100923,Spice products,3,4,affected-descendant-inventory;source-navigation-impact-review
AOM_100942,Fluted pumpkin products,feed-material-descendant;crop-forage-navigation,AOM_100921,Crop product,3,,,AOM_100924,Vegetable products,1,4,affected-descendant-inventory;source-navigation-impact-review
AOM_100943,Garlic products,feed-material-descendant;crop-forage-navigation,AOM_100921,Crop product,3,,,AOM_100924,Vegetable products,1,1,affected-descendant-inventory;source-navigation-impact-review
AOM_100944,Onion products,feed-material-descendant;crop-forage-navigation,AOM_100921,Crop product,3,,,AOM_100924,Vegetable products,2,4,affected-descendant-inventory;source-navigation-impact-review
AOM_100945,Bothriochloa forage materials,feed-material-descendant;crop-forage-navigation,AOM_000735,Forage Plants,3,,,AOM_000701,Cereal and Grass Forages,1,1,affected-descendant-inventory;source-navigation-impact-review
AOM_100946,Hordeum vulgare forage materials,feed-material-descendant;crop-forage-navigation,AOM_000735,Forage Plants,3,,,AOM_000701,Cereal and Grass Forages,1,1,affected-descendant-inventory;source-navigation-impact-review
AOM_100947,Acacia auriculiformis forage materials,feed-material-descendant;crop-forage-navigation,AOM_000735,Forage Plants,3,,,AOM_000718,Forage Trees,1,2,affected-descendant-inventory;source-navigation-impact-review
AOM_100948,Acioa barteri forage materials,feed-material-descendant;crop-forage-navigation,AOM_000735,Forage Plants,3,,,AOM_000718,Forage Trees,1,1,affected-descendant-inventory;source-navigation-impact-review
AOM_100949,Bridelia ferruginea forage materials,feed-material-descendant;crop-forage-navigation,AOM_000735,Forage Plants,3,,,AOM_000718,Forage Trees,1,1,affected-descendant-inventory;source-navigation-impact-review
AOM_100950,Ceratonia siliqua forage materials,feed-material-descendant;crop-forage-navigation,AOM_000735,Forage Plants,3,,,AOM_000718,Forage Trees,1,1,affected-descendant-inventory;source-navigation-impact-review
AOM_100951,Delonix elata forage materials,feed-material-descendant;crop-forage-navigation,AOM_000735,Forage Plants,3,,,AOM_000718,Forage Trees,1,1,affected-descendant-inventory;source-navigation-impact-review
AOM_100952,Delonix regia forage materials,feed-material-descendant;crop-forage-navigation,AOM_000735,Forage Plants,3,,,AOM_000718,Forage Trees,1,5,affected-descendant-inventory;source-navigation-impact-review
AOM_100953,Garcinia kola forage materials,feed-material-descendant;crop-forage-navigation,AOM_000735,Forage Plants,3,,,AOM_000718,Forage Trees,1,1,affected-descendant-inventory;source-navigation-impact-review
AOM_100954,Grewia similis forage materials,feed-material-descendant;crop-forage-navigation,AOM_000735,Forage Plants,3,,,AOM_000718,Forage Trees,1,1,affected-descendant-inventory;source-navigation-impact-review
AOM_100955,Harrisonia abyssinica forage materials,feed-material-descendant;crop-forage-navigation,AOM_000735,Forage Plants,3,,,AOM_000718,Forage Trees,1,1,affected-descendant-inventory;source-navigation-impact-review
AOM_100956,Hevea brasiliensis forage materials,feed-material-descendant;crop-forage-navigation,AOM_000735,Forage Plants,3,,,AOM_000718,Forage Trees,1,2,affected-descendant-inventory;source-navigation-impact-review
AOM_100957,Jatropha curcas forage materials,feed-material-descendant;crop-forage-navigation,AOM_000735,Forage Plants,3,,,AOM_000718,Forage Trees,4,13,affected-descendant-inventory;source-navigation-impact-review
AOM_100958,Jatropha curcas press-cake materials,feed-material-descendant;crop-forage-navigation,AOM_000735,Forage Plants,4,,,AOM_100957,Jatropha curcas forage materials,4,4,affected-descendant-inventory;source-navigation-impact-review
AOM_100959,Leucaena forage materials,feed-material-descendant;crop-forage-navigation,AOM_000735,Forage Plants,3,,,AOM_000718,Forage Trees,1,1,affected-descendant-inventory;source-navigation-impact-review
AOM_100960,Morus indica forage materials,feed-material-descendant;crop-forage-navigation,AOM_000735,Forage Plants,3,,,AOM_000718,Forage Trees,1,2,affected-descendant-inventory;source-navigation-impact-review
AOM_100961,Myrtus communis forage materials,feed-material-descendant;crop-forage-navigation,AOM_000735,Forage Plants,3,,,AOM_000718,Forage Trees,1,2,affected-descendant-inventory;source-navigation-impact-review
AOM_100962,Olive forage materials,feed-material-descendant;crop-forage-navigation,AOM_000735,Forage Plants,3,,,AOM_000718,Forage Trees,1,2,affected-descendant-inventory;source-navigation-impact-review
AOM_100963,Oxytenanthera abyssinica forage materials,feed-material-descendant;crop-forage-navigation,AOM_000735,Forage Plants,3,,,AOM_000718,Forage Trees,1,2,affected-descendant-inventory;source-navigation-impact-review
AOM_100964,Prosopis forage materials,feed-material-descendant;crop-forage-navigation,AOM_000735,Forage Plants,3,,,AOM_000718,Forage Trees,1,1,affected-descendant-inventory;source-navigation-impact-review
AOM_100965,Sesbania forage materials,feed-material-descendant;crop-forage-navigation,AOM_000735,Forage Plants,3,,,AOM_000718,Forage Trees,1,1,affected-descendant-inventory;source-navigation-impact-review
AOM_100966,Vitex doniana forage materials,feed-material-descendant;crop-forage-navigation,AOM_000735,Forage Plants,3,,,AOM_000718,Forage Trees,2,4,affected-descendant-inventory;source-navigation-impact-review
AOM_100967,Ziziphus jujuba forage materials,feed-material-descendant;crop-forage-navigation,AOM_000735,Forage Plants,3,,,AOM_000718,Forage Trees,1,2,affected-descendant-inventory;source-navigation-impact-review
AOM_100968,Mucuna pruriens protein products,feed-material-descendant;crop-forage-navigation,AOM_000735,Forage Plants,4,,,AOM_001227,Mucuna pruriens,4,4,affected-descendant-inventory;source-navigation-impact-review
AOM_100969,Trifolium quartinianum forage materials,feed-material-descendant;crop-forage-navigation,AOM_000735,Forage Plants,3,,,AOM_000726,Legume Forages,1,1,affected-descendant-inventory;source-navigation-impact-review
AOM_100970,Bamboo forage materials,feed-material-descendant;crop-forage-navigation,AOM_000735,Forage Plants,3,,,AOM_000734,Other Forage Plants,1,4,affected-descendant-inventory;source-navigation-impact-review
AOM_100971,Cochlospermum planchonii forage materials,feed-material-descendant;crop-forage-navigation,AOM_000735,Forage Plants,3,,,AOM_000734,Other Forage Plants,1,2,affected-descendant-inventory;source-navigation-impact-review
AOM_100972,Lantana camara forage materials,feed-material-descendant;crop-forage-navigation,AOM_000735,Forage Plants,3,,,AOM_000734,Other Forage Plants,1,2,affected-descendant-inventory;source-navigation-impact-review
AOM_100973,Mangifera indica forage materials,feed-material-descendant;crop-forage-navigation,AOM_000735,Forage Plants,3,,,AOM_000734,Other Forage Plants,2,2,affected-descendant-inventory;source-navigation-impact-review
AOM_100974,Trachyspermum ammi forage materials,feed-material-descendant;crop-forage-navigation,AOM_000735,Forage Plants,3,,,AOM_000734,Other Forage Plants,1,1,affected-descendant-inventory;source-navigation-impact-review
AOM_100975,Panicum antidotale forage materials,feed-material-descendant;crop-forage-navigation,AOM_000735,Forage Plants,3,,,AOM_000701,Cereal and Grass Forages,1,1,affected-descendant-inventory;source-navigation-impact-review
AOM_100976,Animal by-products,feed-material-descendant;direct-feed-material-child,AOM_100976,Animal by-products,1,,,AOM_100850,Feed materials,10,30,affected-descendant-inventory;row-level-disposition
AOM_100977,Shrimp feed materials,feed-material-descendant,AOM_000559,Animal,3,,,AOM_000542,Crustacean,2,3,affected-descendant-inventory
AOM_100978,Brown fish feed materials,feed-material-descendant,AOM_000559,Animal,3,,,AOM_000549,Fish,1,1,affected-descendant-inventory
AOM_100979,Danish fish feed materials,feed-material-descendant,AOM_000559,Animal,3,,,AOM_000549,Fish,1,1,affected-descendant-inventory
AOM_100980,Menhaden feed materials,feed-material-descendant,AOM_000559,Animal,3,,,AOM_000549,Fish,1,1,affected-descendant-inventory
AOM_100981,Housefly maggot feed materials,feed-material-descendant,AOM_000559,Animal,3,,,AOM_000554,Insect,1,1,affected-descendant-inventory
AOM_100982,Oryctes rhinoceros feed materials,feed-material-descendant,AOM_000559,Animal,3,,,AOM_000554,Insect,1,1,affected-descendant-inventory
AOM_100983,Chicken feed materials,feed-material-descendant,AOM_000559,Animal,2,,,AOM_000559,Animal,2,2,affected-descendant-inventory
AOM_100984,Feather by-products,feed-material-descendant,AOM_100976,Animal by-products,2,,,AOM_100976,Animal by-products,2,2,affected-descendant-inventory
AOM_100985,Fish by-products,feed-material-descendant,AOM_100976,Animal by-products,2,,,AOM_100976,Animal by-products,2,5,affected-descendant-inventory
AOM_100986,Marine hydrolysates,feed-material-descendant,AOM_100976,Animal by-products,2,,,AOM_100976,Animal by-products,2,2,affected-descendant-inventory
AOM_100987,Processed food by-products,feed-material-descendant;direct-feed-material-child,AOM_100987,Processed food by-products,1,,,AOM_100850,Feed materials,3,6,affected-descendant-inventory;row-level-disposition
AOM_100989,Microalgal feed materials,feed-material-descendant;direct-feed-material-child,AOM_100989,Microalgal feed materials,1,,,AOM_100850,Feed materials,1,1,affected-descendant-inventory;row-level-disposition
AOM_101127,Poultry by-product meal,feed-material-descendant,AOM_100976,Animal by-products,3,,,AOM_003206,Poultry by-products,0,0,affected-descendant-inventory
AOM_101135,Feed additives,feed-additive-branch;reported-concept,,,,,,AOM_000328,Feed Characteristic,4,33,authority-boundary-comparison
AOM_101136,Nutritional feed additives,feed-additive-branch,,,,1,,AOM_101135,Feed additives,3,10,authority-boundary-comparison
AOM_101137,Zootechnical feed additives,feed-additive-branch,,,,1,,AOM_101135,Feed additives,3,16,authority-boundary-comparison
AOM_101138,Technological feed additives,feed-additive-branch,,,,1,,AOM_101135,Feed additives,2,2,authority-boundary-comparison
AOM_101139,Mineral feed materials,feed-material-descendant;direct-feed-material-child,AOM_101139,Mineral feed materials,1,,,AOM_100850,Feed materials,23,23,affected-descendant-inventory;row-level-disposition
AOM_101146,Feed chemical entities,chemical-identity-branch;reported-concept,,,,,,AOM_000328,Feed Characteristic,2,20,identity-product-boundary-review
AOM_101147,Feed chemical substances,chemical-identity-branch;reported-concept,,,,,,AOM_101146,Feed chemical entities,5,8,identity-product-boundary-review
