concept_id,language,definition,definition_method,status,reviewer,review_date,evidence,rationale
AOM_000009,en,A taxonomic concept used in AOM to identify Buffalo within the Bovine classification.,composed_from_governed_hierarchy_role,approved,Pete Steward,2026-08-06,data/livestock-staging/concepts.csv,Definition states only approved hierarchy context and model role; no domain fact is inferred.
AOM_000012,en,A taxonomic concept used in AOM to identify Taurine x Zebu Hybrid Cattle within the Cattle classification.,composed_from_governed_hierarchy_role,approved,Pete Steward,2026-08-06,data/livestock-staging/concepts.csv,Definition states only approved hierarchy context and model role; no domain fact is inferred.
AOM_000018,en,A taxonomic concept used in AOM to identify Rabbit within the Rodent classification.,composed_from_governed_hierarchy_role,approved,Pete Steward,2026-08-06,data/livestock-staging/concepts.csv,Definition states only approved hierarchy context and model role; no domain fact is inferred.
AOM_000021,en,A taxonomic concept used in AOM to identify Donkey within the Equine classification.,composed_from_governed_hierarchy_role,approved,Pete Steward,2026-08-06,data/livestock-staging/concepts.csv,Definition states only approved hierarchy context and model role; no domain fact is inferred.
AOM_000026,en,A taxonomic concept used in AOM to identify Duck within the Poultry or Game Bird classification.,composed_from_governed_hierarchy_role,approved,Pete Steward,2026-08-06,data/livestock-staging/concepts.csv,Definition states only approved hierarchy context and model role; no domain fact is inferred.
AOM_000027,en,A taxonomic concept used in AOM to identify Geese within the Poultry or Game Bird classification.,composed_from_governed_hierarchy_role,approved,Pete Steward,2026-08-06,data/livestock-staging/concepts.csv,Definition states only approved hierarchy context and model role; no domain fact is inferred.
AOM_000036,en,A taxonomic concept used in AOM to identify Collector Urchin within the Urchins classification.,composed_from_governed_hierarchy_role,approved,Pete Steward,2026-08-06,data/livestock-staging/concepts.csv,Definition states only approved hierarchy context and model role; no domain fact is inferred.
AOM_000042,en,A taxonomic concept used in AOM to identify Nile Tilapia within the Fish classification.,composed_from_governed_hierarchy_role,approved,Pete Steward,2026-08-06,data/livestock-staging/concepts.csv,Definition states only approved hierarchy context and model role; no domain fact is inferred.
AOM_000043,en,A taxonomic concept used in AOM to identify Redbreast Tilapia within the Fish classification.,composed_from_governed_hierarchy_role,approved,Pete Steward,2026-08-06,data/livestock-staging/concepts.csv,Definition states only approved hierarchy context and model role; no domain fact is inferred.
AOM_000044,en,A taxonomic concept used in AOM to identify Mozambique x Nile Hybrid Tilapia within the Fish classification.,composed_from_governed_hierarchy_role,approved,Pete Steward,2026-08-06,data/livestock-staging/concepts.csv,Definition states only approved hierarchy context and model role; no domain fact is inferred.
AOM_000045,en,A taxonomic concept used in AOM to identify Mozambique Tilapia within the Fish classification.,composed_from_governed_hierarchy_role,approved,Pete Steward,2026-08-06,data/livestock-staging/concepts.csv,Definition states only approved hierarchy context and model role; no domain fact is inferred.
AOM_000046,en,A taxonomic concept used in AOM to identify Shire Tilapia within the Fish classification.,composed_from_governed_hierarchy_role,approved,Pete Steward,2026-08-06,data/livestock-staging/concepts.csv,Definition states only approved hierarchy context and model role; no domain fact is inferred.
AOM_000047,en,A taxonomic concept used in AOM to identify Ningu within the Fish classification.,composed_from_governed_hierarchy_role,approved,Pete Steward,2026-08-06,data/livestock-staging/concepts.csv,Definition states only approved hierarchy context and model role; no domain fact is inferred.
AOM_000048,en,A taxonomic concept used in AOM to identify African Carp within the Fish classification.,composed_from_governed_hierarchy_role,approved,Pete Steward,2026-08-06,data/livestock-staging/concepts.csv,Definition states only approved hierarchy context and model role; no domain fact is inferred.
AOM_000049,en,A taxonomic concept used in AOM to identify Vundu Catfish within the Fish classification.,composed_from_governed_hierarchy_role,approved,Pete Steward,2026-08-06,data/livestock-staging/concepts.csv,Definition states only approved hierarchy context and model role; no domain fact is inferred.
AOM_000050,en,A taxonomic concept used in AOM to identify African Catfish within the Fish classification.,composed_from_governed_hierarchy_role,approved,Pete Steward,2026-08-06,data/livestock-staging/concepts.csv,Definition states only approved hierarchy context and model role; no domain fact is inferred.
AOM_000051,en,A taxonomic concept used in AOM to identify Dwarf African Mud Catfish within the Fish classification.,composed_from_governed_hierarchy_role,approved,Pete Steward,2026-08-06,data/livestock-staging/concepts.csv,Definition states only approved hierarchy context and model role; no domain fact is inferred.
AOM_000052,en,A taxonomic concept used in AOM to identify African Sharptooth x African Catfish Hybrid within the Fish classification.,composed_from_governed_hierarchy_role,approved,Pete Steward,2026-08-06,data/livestock-staging/concepts.csv,Definition states only approved hierarchy context and model role; no domain fact is inferred.
AOM_000053,en,A taxonomic concept used in AOM to identify Indian Prawn within the Crustacean classification.,composed_from_governed_hierarchy_role,approved,Pete Steward,2026-08-06,data/livestock-staging/concepts.csv,Definition states only approved hierarchy context and model role; no domain fact is inferred.
AOM_000054,en,A taxonomic concept used in AOM to identify South African Abalone within the Gastropod classification.,composed_from_governed_hierarchy_role,approved,Pete Steward,2026-08-06,data/livestock-staging/concepts.csv,Definition states only approved hierarchy context and model role; no domain fact is inferred.
AOM_000055,en,A taxonomic concept used in AOM to identify Plant within the Species classification.,composed_from_governed_hierarchy_role,approved,Pete Steward,2026-08-06,data/livestock-staging/concepts.csv,Definition states only approved hierarchy context and model role; no domain fact is inferred.
AOM_000057,en,A taxonomic concept used in AOM to identify Other Fodder within the Pasture Fodder classification.,composed_from_governed_hierarchy_role,approved,Pete Steward,2026-08-06,data/livestock-staging/concepts.csv,Definition states only approved hierarchy context and model role; no domain fact is inferred.
AOM_000058,en,A taxonomic concept used in AOM to identify Grass within the Pasture Fodder classification.,composed_from_governed_hierarchy_role,approved,Pete Steward,2026-08-06,data/livestock-staging/concepts.csv,Definition states only approved hierarchy context and model role; no domain fact is inferred.
AOM_000059,en,A taxonomic concept used in AOM to identify Legume within the Pasture Fodder classification.,composed_from_governed_hierarchy_role,approved,Pete Steward,2026-08-06,data/livestock-staging/concepts.csv,Definition states only approved hierarchy context and model role; no domain fact is inferred.
AOM_000060,en,A taxonomic concept used in AOM to identify Tree within the Pasture Fodder classification.,composed_from_governed_hierarchy_role,approved,Pete Steward,2026-08-06,data/livestock-staging/concepts.csv,Definition states only approved hierarchy context and model role; no domain fact is inferred.
AOM_000061,en,A taxonomic concept used in AOM to identify Natural Vegetation within the Pasture Fodder classification.,composed_from_governed_hierarchy_role,approved,Pete Steward,2026-08-06,data/livestock-staging/concepts.csv,Definition states only approved hierarchy context and model role; no domain fact is inferred.
AOM_000062,en,A taxonomic concept used in AOM to identify Brassica within the Pasture Fodder classification.,composed_from_governed_hierarchy_role,approved,Pete Steward,2026-08-06,data/livestock-staging/concepts.csv,Definition states only approved hierarchy context and model role; no domain fact is inferred.
AOM_000067,en,A taxonomic concept used in AOM to identify Brachiaria hybrid within the Grass classification.,composed_from_governed_hierarchy_role,approved,Pete Steward,2026-08-06,data/livestock-staging/concepts.csv,Definition states only approved hierarchy context and model role; no domain fact is inferred.
AOM_000070,en,A taxonomic concept used in AOM to identify Tall Fescue within the Grass classification.,composed_from_governed_hierarchy_role,approved,Pete Steward,2026-08-06,data/livestock-staging/concepts.csv,Definition states only approved hierarchy context and model role; no domain fact is inferred.
AOM_000072,en,A taxonomic concept used in AOM to identify Westerwold Ryegrass within the Grass classification.,composed_from_governed_hierarchy_role,approved,Pete Steward,2026-08-06,data/livestock-staging/concepts.csv,Definition states only approved hierarchy context and model role; no domain fact is inferred.
AOM_000077,en,A taxonomic concept used in AOM to identify Jointvetche within the Legume classification.,composed_from_governed_hierarchy_role,approved,Pete Steward,2026-08-06,data/livestock-staging/concepts.csv,Definition states only approved hierarchy context and model role; no domain fact is inferred.
AOM_000078,en,A taxonomic concept used in AOM to identify Fodder Radish within the Brassica classification.,composed_from_governed_hierarchy_role,approved,Pete Steward,2026-08-06,data/livestock-staging/concepts.csv,Definition states only approved hierarchy context and model role; no domain fact is inferred.
AOM_000079,en,A taxonomic concept used in AOM to identify Vetiver Grass within the Grass classification.,composed_from_governed_hierarchy_role,approved,Pete Steward,2026-08-06,data/livestock-staging/concepts.csv,Definition states only approved hierarchy context and model role; no domain fact is inferred.
AOM_000080,en,A taxonomic concept used in AOM to identify Stipagrostis uniplumis within the Grass classification.,composed_from_governed_hierarchy_role,approved,Pete Steward,2026-08-06,data/livestock-staging/concepts.csv,Definition states only approved hierarchy context and model role; no domain fact is inferred.
AOM_000081,en,A taxonomic concept used in AOM to identify Tassel Three-awn within the Grass classification.,composed_from_governed_hierarchy_role,approved,Pete Steward,2026-08-06,data/livestock-staging/concepts.csv,Definition states only approved hierarchy context and model role; no domain fact is inferred.
AOM_000082,en,A taxonomic concept used in AOM to identify Sickle Grass within the Grass classification.,composed_from_governed_hierarchy_role,approved,Pete Steward,2026-08-06,data/livestock-staging/concepts.csv,Definition states only approved hierarchy context and model role; no domain fact is inferred.
AOM_000084,en,A taxonomic concept used in AOM to identify Centrosema pascuorum within the Legume classification.,composed_from_governed_hierarchy_role,approved,Pete Steward,2026-08-06,data/livestock-staging/concepts.csv,Definition states only approved hierarchy context and model role; no domain fact is inferred.
AOM_000091,en,A taxonomic concept used in AOM to identify Enteropogon monostachyos within the Grass classification.,composed_from_governed_hierarchy_role,approved,Pete Steward,2026-08-06,data/livestock-staging/concepts.csv,Definition states only approved hierarchy context and model role; no domain fact is inferred.
AOM_000097,en,A taxonomic concept used in AOM to identify Chamaecrista rotundifolia within the Legume classification.,composed_from_governed_hierarchy_role,approved,Pete Steward,2026-08-06,data/livestock-staging/concepts.csv,Definition states only approved hierarchy context and model role; no domain fact is inferred.
AOM_000098,en,A taxonomic concept used in AOM to identify Centrosema brasilianum within the Legume classification.,composed_from_governed_hierarchy_role,approved,Pete Steward,2026-08-06,data/livestock-staging/concepts.csv,Definition states only approved hierarchy context and model role; no domain fact is inferred.
AOM_000100,en,A taxonomic concept used in AOM to identify Aeschynomene afraspera within the Legume classification.,composed_from_governed_hierarchy_role,approved,Pete Steward,2026-08-06,data/livestock-staging/concepts.csv,Definition states only approved hierarchy context and model role; no domain fact is inferred.
AOM_000101,en,A taxonomic concept used in AOM to identify Crotalaria ochroleuca within the Legume classification.,composed_from_governed_hierarchy_role,approved,Pete Steward,2026-08-06,data/livestock-staging/concepts.csv,Definition states only approved hierarchy context and model role; no domain fact is inferred.
AOM_000102,en,A taxonomic concept used in AOM to identify Trifolium quartinianum within the Legume classification.,composed_from_governed_hierarchy_role,approved,Pete Steward,2026-08-06,data/livestock-staging/concepts.csv,Definition states only approved hierarchy context and model role; no domain fact is inferred.
AOM_000103,en,A taxonomic concept used in AOM to identify Trifolium steudneri within the Legume classification.,composed_from_governed_hierarchy_role,approved,Pete Steward,2026-08-06,data/livestock-staging/concepts.csv,Definition states only approved hierarchy context and model role; no domain fact is inferred.
AOM_000164,en,A livestock-management concept concerning Improved Pasture within Pasture Management.,composed_from_governed_hierarchy_role,approved,Pete Steward,2026-08-06,data/livestock-staging/concepts.csv,Definition states only approved hierarchy context and model role; no domain fact is inferred.
AOM_000171,en,A livestock-management concept concerning Optimization of Stocking Density within Pasture Management.,composed_from_governed_hierarchy_role,approved,Pete Steward,2026-08-06,data/livestock-staging/concepts.csv,Definition states only approved hierarchy context and model role; no domain fact is inferred.
AOM_000173,en,A livestock-management concept concerning Disease Prevention within Animal Health.,composed_from_governed_hierarchy_role,approved,Pete Steward,2026-08-06,data/livestock-staging/concepts.csv,Definition states only approved hierarchy context and model role; no domain fact is inferred.
AOM_000175,en,A livestock-management concept concerning Vaccinations within Disease Prevention.,composed_from_governed_hierarchy_role,approved,Pete Steward,2026-08-06,data/livestock-staging/concepts.csv,Definition states only approved hierarchy context and model role; no domain fact is inferred.
AOM_000176,en,A livestock-management concept concerning Antiparasitics within Disease Prevention.,composed_from_governed_hierarchy_role,approved,Pete Steward,2026-08-06,data/livestock-staging/concepts.csv,Definition states only approved hierarchy context and model role; no domain fact is inferred.
AOM_000177,en,A livestock-management concept concerning Antibiotics within Disease Prevention.,composed_from_governed_hierarchy_role,approved,Pete Steward,2026-08-06,data/livestock-staging/concepts.csv,Definition states only approved hierarchy context and model role; no domain fact is inferred.
AOM_000178,en,A livestock-management concept concerning Growth Promotor within Feed Management.,composed_from_governed_hierarchy_role,approved,Pete Steward,2026-08-06,data/livestock-staging/concepts.csv,Definition states only approved hierarchy context and model role; no domain fact is inferred.
AOM_000179,en,A livestock-management concept concerning N-inhibitors within Pasture Management.,composed_from_governed_hierarchy_role,approved,Pete Steward,2026-08-06,data/livestock-staging/concepts.csv,Definition states only approved hierarchy context and model role; no domain fact is inferred.
AOM_000180,en,A livestock-management concept concerning Monitoring within Animal Health.,composed_from_governed_hierarchy_role,approved,Pete Steward,2026-08-06,data/livestock-staging/concepts.csv,Definition states only approved hierarchy context and model role; no domain fact is inferred.
AOM_000187,en,A livestock-management concept concerning Dry Matter within Measurement Method.,composed_from_governed_hierarchy_role,approved,Pete Steward,2026-08-06,data/livestock-staging/concepts.csv,Definition states only approved hierarchy context and model role; no domain fact is inferred.
AOM_000188,en,A livestock-management concept concerning Estimated within Measurement Method.,composed_from_governed_hierarchy_role,approved,Pete Steward,2026-08-06,data/livestock-staging/concepts.csv,Definition states only approved hierarchy context and model role; no domain fact is inferred.
AOM_000189,en,A livestock-management concept concerning Measured within Measurement Method.,composed_from_governed_hierarchy_role,approved,Pete Steward,2026-08-06,data/livestock-staging/concepts.csv,Definition states only approved hierarchy context and model role; no domain fact is inferred.
AOM_000190,en,A livestock-management concept concerning Measurement Method within Feed Chemical Composition.,composed_from_governed_hierarchy_role,approved,Pete Steward,2026-08-06,data/livestock-staging/concepts.csv,Definition states only approved hierarchy context and model role; no domain fact is inferred.
AOM_000244,en,A livestock-management concept concerning Energy Content within Feed Chemical Composition.,composed_from_governed_hierarchy_role,approved,Pete Steward,2026-08-06,data/livestock-staging/concepts.csv,Definition states only approved hierarchy context and model role; no domain fact is inferred.
AOM_000360,en,An AOM outcome concept for recording Productivity within Outcomes.,composed_from_governed_hierarchy_role,approved,Pete Steward,2026-08-06,data/livestock-staging/concepts.csv,Definition states only approved hierarchy context and model role; no domain fact is inferred.
AOM_000361,en,An AOM outcome concept for recording Yield within Productivity.,composed_from_governed_hierarchy_role,approved,Pete Steward,2026-08-06,data/livestock-staging/concepts.csv,Definition states only approved hierarchy context and model role; no domain fact is inferred.
AOM_000362,en,An AOM outcome concept for recording Product Yield within Yield.,composed_from_governed_hierarchy_role,approved,Pete Steward,2026-08-06,data/livestock-staging/concepts.csv,Definition states only approved hierarchy context and model role; no domain fact is inferred.
AOM_000363,en,An AOM outcome concept for recording Pasture within Product Yield.,composed_from_governed_hierarchy_role,approved,Pete Steward,2026-08-06,data/livestock-staging/concepts.csv,Definition states only approved hierarchy context and model role; no domain fact is inferred.
AOM_000366,en,An AOM outcome concept for recording Animals within Product Yield.,composed_from_governed_hierarchy_role,approved,Pete Steward,2026-08-06,data/livestock-staging/concepts.csv,Definition states only approved hierarchy context and model role; no domain fact is inferred.
AOM_000370,en,An AOM outcome concept for recording Meat Yield- Carcass within Meat Yield.,composed_from_governed_hierarchy_role,approved,Pete Steward,2026-08-06,data/livestock-staging/concepts.csv,Definition states only approved hierarchy context and model role; no domain fact is inferred.
AOM_000371,en,An AOM outcome concept for recording Meat Yield- Carcass Defeathered within Meat Yield.,composed_from_governed_hierarchy_role,approved,Pete Steward,2026-08-06,data/livestock-staging/concepts.csv,Definition states only approved hierarchy context and model role; no domain fact is inferred.
AOM_000372,en,An AOM outcome concept for recording Meat Yield-Cold Carcass within Meat Yield.,composed_from_governed_hierarchy_role,approved,Pete Steward,2026-08-06,data/livestock-staging/concepts.csv,Definition states only approved hierarchy context and model role; no domain fact is inferred.
AOM_000373,en,An AOM outcome concept for recording Meat Yield-Dressed within Meat Yield.,composed_from_governed_hierarchy_role,approved,Pete Steward,2026-08-06,data/livestock-staging/concepts.csv,Definition states only approved hierarchy context and model role; no domain fact is inferred.
AOM_000374,en,An AOM outcome concept for recording Meat Yield-Empty Carcass Meat Yield within Meat Yield.,composed_from_governed_hierarchy_role,approved,Pete Steward,2026-08-06,data/livestock-staging/concepts.csv,Definition states only approved hierarchy context and model role; no domain fact is inferred.
AOM_000375,en,An AOM outcome concept for recording Meat Yield-Eviscerated within Meat Yield.,composed_from_governed_hierarchy_role,approved,Pete Steward,2026-08-06,data/livestock-staging/concepts.csv,Definition states only approved hierarchy context and model role; no domain fact is inferred.
AOM_000376,en,An AOM outcome concept for recording Meat Yield-Final Body Weight within Meat Yield.,composed_from_governed_hierarchy_role,approved,Pete Steward,2026-08-06,data/livestock-staging/concepts.csv,Definition states only approved hierarchy context and model role; no domain fact is inferred.
AOM_000377,en,An AOM outcome concept for recording Meat Yield-Hot Carcass within Meat Yield.,composed_from_governed_hierarchy_role,approved,Pete Steward,2026-08-06,data/livestock-staging/concepts.csv,Definition states only approved hierarchy context and model role; no domain fact is inferred.
AOM_000378,en,An AOM outcome concept for recording Meat Yield-Non-carcass within Meat Yield.,composed_from_governed_hierarchy_role,approved,Pete Steward,2026-08-06,data/livestock-staging/concepts.csv,Definition states only approved hierarchy context and model role; no domain fact is inferred.
AOM_000379,en,An AOM outcome concept for recording Meat Yield-Slaughter Body within Meat Yield.,composed_from_governed_hierarchy_role,approved,Pete Steward,2026-08-06,data/livestock-staging/concepts.csv,Definition states only approved hierarchy context and model role; no domain fact is inferred.
AOM_000384,en,An AOM outcome concept for recording Wool Yield within Animals.,composed_from_governed_hierarchy_role,approved,Pete Steward,2026-08-06,data/livestock-staging/concepts.csv,Definition states only approved hierarchy context and model role; no domain fact is inferred.
AOM_000392,en,An AOM outcome concept for recording Weaning Liveweight within Reproductive Yield.,composed_from_governed_hierarchy_role,approved,Pete Steward,2026-08-06,data/livestock-staging/concepts.csv,Definition states only approved hierarchy context and model role; no domain fact is inferred.
AOM_000394,en,An AOM outcome concept for recording Labour Time-Male within Labour-Time.,composed_from_governed_hierarchy_role,approved,Pete Steward,2026-08-06,data/livestock-staging/concepts.csv,Definition states only approved hierarchy context and model role; no domain fact is inferred.
AOM_000395,en,An AOM outcome concept for recording Labour Time-Female within Labour-Time.,composed_from_governed_hierarchy_role,approved,Pete Steward,2026-08-06,data/livestock-staging/concepts.csv,Definition states only approved hierarchy context and model role; no domain fact is inferred.
AOM_000397,en,An AOM outcome concept for recording Economics within Productivity.,composed_from_governed_hierarchy_role,approved,Pete Steward,2026-08-06,data/livestock-staging/concepts.csv,Definition states only approved hierarchy context and model role; no domain fact is inferred.
AOM_000398,en,An AOM outcome concept for recording Income within Economics.,composed_from_governed_hierarchy_role,approved,Pete Steward,2026-08-06,data/livestock-staging/concepts.csv,Definition states only approved hierarchy context and model role; no domain fact is inferred.
AOM_000402,en,An AOM outcome concept for recording Return per Unit Production within Income.,composed_from_governed_hierarchy_role,approved,Pete Steward,2026-08-06,data/livestock-staging/concepts.csv,Definition states only approved hierarchy context and model role; no domain fact is inferred.
AOM_000403,en,An AOM outcome concept for recording Costs within Economics.,composed_from_governed_hierarchy_role,approved,Pete Steward,2026-08-06,data/livestock-staging/concepts.csv,Definition states only approved hierarchy context and model role; no domain fact is inferred.
AOM_000405,en,An AOM outcome concept for recording Total Cost per Animal within Total Cost per Asset.,composed_from_governed_hierarchy_role,approved,Pete Steward,2026-08-06,data/livestock-staging/concepts.csv,Definition states only approved hierarchy context and model role; no domain fact is inferred.
AOM_000406,en,An AOM outcome concept for recording Total Cost per Area within Total Cost per Asset.,composed_from_governed_hierarchy_role,approved,Pete Steward,2026-08-06,data/livestock-staging/concepts.csv,Definition states only approved hierarchy context and model role; no domain fact is inferred.
AOM_000407,en,An AOM outcome concept for recording Total Cost per Unit Production within Total Cost Efficiency.,composed_from_governed_hierarchy_role,approved,Pete Steward,2026-08-06,data/livestock-staging/concepts.csv,Definition states only approved hierarchy context and model role; no domain fact is inferred.
AOM_000439,en,An AOM outcome concept for recording Labor Cost within Variable Cost.,composed_from_governed_hierarchy_role,approved,Pete Steward,2026-08-06,data/livestock-staging/concepts.csv,Definition states only approved hierarchy context and model role; no domain fact is inferred.
AOM_000448,en,An AOM outcome concept for recording Labor Opportunity Cost within Opportunity Cost.,composed_from_governed_hierarchy_role,approved,Pete Steward,2026-08-06,data/livestock-staging/concepts.csv,Definition states only approved hierarchy context and model role; no domain fact is inferred.
AOM_000449,en,An AOM outcome concept for recording Capital Opportunity Cost within Opportunity Cost.,composed_from_governed_hierarchy_role,approved,Pete Steward,2026-08-06,data/livestock-staging/concepts.csv,Definition states only approved hierarchy context and model role; no domain fact is inferred.
AOM_000450,en,An AOM outcome concept for recording Land Opportunity Cost within Opportunity Cost.,composed_from_governed_hierarchy_role,approved,Pete Steward,2026-08-06,data/livestock-staging/concepts.csv,Definition states only approved hierarchy context and model role; no domain fact is inferred.
AOM_000451,en,An AOM outcome concept for recording Monetary Private Benefits-Sale of produce within Monetary Private Benefits-Income.,composed_from_governed_hierarchy_role,approved,Pete Steward,2026-08-06,data/livestock-staging/concepts.csv,Definition states only approved hierarchy context and model role; no domain fact is inferred.
AOM_000452,en,An AOM outcome concept for recording Monetary Private Benefits-Sale of manure within Monetary Private Benefits-Income.,composed_from_governed_hierarchy_role,approved,Pete Steward,2026-08-06,data/livestock-staging/concepts.csv,Definition states only approved hierarchy context and model role; no domain fact is inferred.
AOM_000454,en,An AOM outcome concept for recording Non-Monetary Private Benefits-Consumption within Non-Monetary Private Benefits.,composed_from_governed_hierarchy_role,approved,Pete Steward,2026-08-06,data/livestock-staging/concepts.csv,Definition states only approved hierarchy context and model role; no domain fact is inferred.
AOM_000456,en,An AOM outcome concept for recording Non-Monetary Private Benefits-Animal labour within Non-Monetary Private Benefits.,composed_from_governed_hierarchy_role,approved,Pete Steward,2026-08-06,data/livestock-staging/concepts.csv,Definition states only approved hierarchy context and model role; no domain fact is inferred.
AOM_000457,en,An AOM outcome concept for recording Monetary Societal Benefits within Societal Benefits.,composed_from_governed_hierarchy_role,approved,Pete Steward,2026-08-06,data/livestock-staging/concepts.csv,Definition states only approved hierarchy context and model role; no domain fact is inferred.
AOM_000458,en,An AOM outcome concept for recording Non-monetary Societal Benefits within Societal Benefits.,composed_from_governed_hierarchy_role,approved,Pete Steward,2026-08-06,data/livestock-staging/concepts.csv,Definition states only approved hierarchy context and model role; no domain fact is inferred.
AOM_000459,en,An AOM outcome concept for recording Variable Cost-Tillage within Management Activities.,composed_from_governed_hierarchy_role,approved,Pete Steward,2026-08-06,data/livestock-staging/concepts.csv,Definition states only approved hierarchy context and model role; no domain fact is inferred.
AOM_000460,en,An AOM outcome concept for recording Variable Cost-Weeding within Management Activities.,composed_from_governed_hierarchy_role,approved,Pete Steward,2026-08-06,data/livestock-staging/concepts.csv,Definition states only approved hierarchy context and model role; no domain fact is inferred.
AOM_000461,en,An AOM outcome concept for recording Variable Cost-Harvesting within Management Activities.,composed_from_governed_hierarchy_role,approved,Pete Steward,2026-08-06,data/livestock-staging/concepts.csv,Definition states only approved hierarchy context and model role; no domain fact is inferred.
AOM_000462,en,An AOM outcome concept for recording Variable Cost-Threshing within Management Activities.,composed_from_governed_hierarchy_role,approved,Pete Steward,2026-08-06,data/livestock-staging/concepts.csv,Definition states only approved hierarchy context and model role; no domain fact is inferred.
AOM_000463,en,An AOM outcome concept for recording Variable Cost-Planting within Management Activities.,composed_from_governed_hierarchy_role,approved,Pete Steward,2026-08-06,data/livestock-staging/concepts.csv,Definition states only approved hierarchy context and model role; no domain fact is inferred.
AOM_000464,en,An AOM outcome concept for recording Economic Performance within Economics.,composed_from_governed_hierarchy_role,approved,Pete Steward,2026-08-06,data/livestock-staging/concepts.csv,Definition states only approved hierarchy context and model role; no domain fact is inferred.
AOM_000475,en,An AOM outcome concept for recording Environment within Outcomes.,composed_from_governed_hierarchy_role,approved,Pete Steward,2026-08-06,data/livestock-staging/concepts.csv,Definition states only approved hierarchy context and model role; no domain fact is inferred.
AOM_000476,en,An AOM outcome concept for recording Biological within Environment.,composed_from_governed_hierarchy_role,approved,Pete Steward,2026-08-06,data/livestock-staging/concepts.csv,Definition states only approved hierarchy context and model role; no domain fact is inferred.
AOM_000479,en,An AOM outcome concept for recording Physical within Environment.,composed_from_governed_hierarchy_role,approved,Pete Steward,2026-08-06,data/livestock-staging/concepts.csv,Definition states only approved hierarchy context and model role; no domain fact is inferred.
AOM_000480,en,An AOM outcome concept for recording Soil Quality within Physical.,composed_from_governed_hierarchy_role,approved,Pete Steward,2026-08-06,data/livestock-staging/concepts.csv,Definition states only approved hierarchy context and model role; no domain fact is inferred.
AOM_000495,en,An AOM outcome concept for recording Bulk Density within Soil Quality.,composed_from_governed_hierarchy_role,approved,Pete Steward,2026-08-06,data/livestock-staging/concepts.csv,Definition states only approved hierarchy context and model role; no domain fact is inferred.
AOM_000499,en,An AOM outcome concept for recording Efficiency within Outcomes.,composed_from_governed_hierarchy_role,approved,Pete Steward,2026-08-06,data/livestock-staging/concepts.csv,Definition states only approved hierarchy context and model role; no domain fact is inferred.
AOM_000501,en,An AOM outcome concept for recording Fertilizer Use Efficiency within Efficiency.,composed_from_governed_hierarchy_role,approved,Pete Steward,2026-08-06,data/livestock-staging/concepts.csv,Definition states only approved hierarchy context and model role; no domain fact is inferred.
AOM_000502,en,An AOM outcome concept for recording Nitrogen Use Efficiency within Fertilizer Use Efficiency.,composed_from_governed_hierarchy_role,approved,Pete Steward,2026-08-06,data/livestock-staging/concepts.csv,Definition states only approved hierarchy context and model role; no domain fact is inferred.
AOM_000503,en,An AOM outcome concept for recording Isotopic N within Nitrogen Use Efficiency.,composed_from_governed_hierarchy_role,approved,Pete Steward,2026-08-06,data/livestock-staging/concepts.csv,Definition states only approved hierarchy context and model role; no domain fact is inferred.
AOM_000506,en,An AOM outcome concept for recording Partial N Balance within Nitrogen Use Efficiency.,composed_from_governed_hierarchy_role,approved,Pete Steward,2026-08-06,data/livestock-staging/concepts.csv,Definition states only approved hierarchy context and model role; no domain fact is inferred.
AOM_000510,en,An AOM outcome concept for recording Phosphorus Use Efficiency within Fertilizer Use Efficiency.,composed_from_governed_hierarchy_role,approved,Pete Steward,2026-08-06,data/livestock-staging/concepts.csv,Definition states only approved hierarchy context and model role; no domain fact is inferred.
AOM_000512,en,An AOM outcome concept for recording Feed Efficiency within Efficiency.,composed_from_governed_hierarchy_role,approved,Pete Steward,2026-08-06,data/livestock-staging/concepts.csv,Definition states only approved hierarchy context and model role; no domain fact is inferred.
AOM_000519,en,An AOM outcome concept for recording Mitigation within Outcomes.,composed_from_governed_hierarchy_role,approved,Pete Steward,2026-08-06,data/livestock-staging/concepts.csv,Definition states only approved hierarchy context and model role; no domain fact is inferred.
AOM_000520,en,An AOM outcome concept for recording Emissions within Mitigation.,composed_from_governed_hierarchy_role,approved,Pete Steward,2026-08-06,data/livestock-staging/concepts.csv,Definition states only approved hierarchy context and model role; no domain fact is inferred.
AOM_000526,en,An AOM outcome concept for recording Carbon Stocks within Mitigation.,composed_from_governed_hierarchy_role,approved,Pete Steward,2026-08-06,data/livestock-staging/concepts.csv,Definition states only approved hierarchy context and model role; no domain fact is inferred.
AOM_000528,en,An AOM outcome concept for recording Total Biomass within Carbon Stocks.,composed_from_governed_hierarchy_role,approved,Pete Steward,2026-08-06,data/livestock-staging/concepts.csv,Definition states only approved hierarchy context and model role; no domain fact is inferred.
AOM_000536,en,A feed material with governed source identity “blood” and characteristics: processing method — Grinding.,composed_from_approved_semantic_facets,approved,Pete Steward,2026-08-06,data/livestock-staging/approved_feed_material_facets.csv;data/livestock-staging/approved_generated_feed_material_facets.csv,Definition states only governed source identity and approved semantic assertions; no biological or nutritional claim is inferred.
AOM_000537,en,"A feed material with governed source identity “blood” and characteristics: processing method — Drying, Grinding, Heating.",composed_from_approved_semantic_facets,approved,Pete Steward,2026-08-06,data/livestock-staging/approved_feed_material_facets.csv;data/livestock-staging/approved_generated_feed_material_facets.csv,Definition states only governed source identity and approved semantic assertions; no biological or nutritional claim is inferred.
AOM_000539,en,A feed material with governed source identity “bone” and characteristics: processing method — Grinding.,composed_from_approved_semantic_facets,approved,Pete Steward,2026-08-06,data/livestock-staging/approved_feed_material_facets.csv;data/livestock-staging/approved_generated_feed_material_facets.csv,Definition states only governed source identity and approved semantic assertions; no biological or nutritional claim is inferred.
AOM_000543,en,A feed material with governed source identity “fish” and characteristics: processing method — Grinding.,composed_from_approved_semantic_facets,approved,Pete Steward,2026-08-06,data/livestock-staging/approved_feed_material_facets.csv;data/livestock-staging/approved_generated_feed_material_facets.csv,Definition states only governed source identity and approved semantic assertions; no biological or nutritional claim is inferred.
AOM_000544,en,A feed material with governed source identity “fish” and characteristics: ingredient constituent — Oil constituent.,composed_from_approved_semantic_facets,approved,Pete Steward,2026-08-06,data/livestock-staging/approved_feed_material_facets.csv;data/livestock-staging/approved_generated_feed_material_facets.csv,Definition states only governed source identity and approved semantic assertions; no biological or nutritional claim is inferred.
AOM_000550,en,A feed material with governed source identity “african palm larvae” and characteristics: processing method — Grinding.,composed_from_approved_semantic_facets,approved,Pete Steward,2026-08-06,data/livestock-staging/approved_feed_material_facets.csv;data/livestock-staging/approved_generated_feed_material_facets.csv,Definition states only governed source identity and approved semantic assertions; no biological or nutritional claim is inferred.
AOM_000551,en,"A feed material with governed source identity “black soldier fly larvae” and characteristics: processing method — Drying, Grinding.",composed_from_approved_semantic_facets,approved,Pete Steward,2026-08-06,data/livestock-staging/approved_feed_material_facets.csv;data/livestock-staging/approved_generated_feed_material_facets.csv,Definition states only governed source identity and approved semantic assertions; no biological or nutritional claim is inferred.
AOM_000552,en,A feed material with governed source identity “grasshopper” and characteristics: processing method — Grinding.,composed_from_approved_semantic_facets,approved,Pete Steward,2026-08-06,data/livestock-staging/approved_feed_material_facets.csv;data/livestock-staging/approved_generated_feed_material_facets.csv,Definition states only governed source identity and approved semantic assertions; no biological or nutritional claim is inferred.
AOM_000553,en,A feed material with governed source identity “winged termite” and characteristics: processing method — Grinding.,composed_from_approved_semantic_facets,approved,Pete Steward,2026-08-06,data/livestock-staging/approved_feed_material_facets.csv;data/livestock-staging/approved_generated_feed_material_facets.csv,Definition states only governed source identity and approved semantic assertions; no biological or nutritional claim is inferred.
AOM_000555,en,A feed material with governed source identity “milk” and characteristics: composition state — Whole-milk composition.,composed_from_approved_semantic_facets,approved,Pete Steward,2026-08-06,data/livestock-staging/approved_feed_material_facets.csv;data/livestock-staging/approved_generated_feed_material_facets.csv,Definition states only governed source identity and approved semantic assertions; no biological or nutritional claim is inferred.
AOM_000563,en,A feed material with governed source identity “unspecified” and characteristics: ingredient part — Bran.,composed_from_approved_semantic_facets,approved,Pete Steward,2026-08-06,data/livestock-staging/approved_feed_material_facets.csv;data/livestock-staging/approved_generated_feed_material_facets.csv,Definition states only governed source identity and approved semantic assertions; no biological or nutritional claim is inferred.
AOM_000564,en,A feed material with governed source identity “brewers” and characteristics: ingredient part — Grain; processing method — Drying.,composed_from_approved_semantic_facets,approved,Pete Steward,2026-08-06,data/livestock-staging/approved_feed_material_facets.csv;data/livestock-staging/approved_generated_feed_material_facets.csv,Definition states only governed source identity and approved semantic assertions; no biological or nutritional claim is inferred.
AOM_000565,en,A feed material with governed source identity “brewers spent” and characteristics: ingredient part — Grain.,composed_from_approved_semantic_facets,approved,Pete Steward,2026-08-06,data/livestock-staging/approved_feed_material_facets.csv;data/livestock-staging/approved_generated_feed_material_facets.csv,Definition states only governed source identity and approved semantic assertions; no biological or nutritional claim is inferred.
AOM_000567,en,A feed material with governed source identity “hominy” and characteristics: processing method — Grinding.,composed_from_approved_semantic_facets,approved,Pete Steward,2026-08-06,data/livestock-staging/approved_feed_material_facets.csv;data/livestock-staging/approved_generated_feed_material_facets.csv,Definition states only governed source identity and approved semantic assertions; no biological or nutritional claim is inferred.
AOM_000569,en,A feed material with governed source identity “maize” and characteristics: ingredient part — Cob.,composed_from_approved_semantic_facets,approved,Pete Steward,2026-08-06,data/livestock-staging/approved_feed_material_facets.csv;data/livestock-staging/approved_generated_feed_material_facets.csv,Definition states only governed source identity and approved semantic assertions; no biological or nutritional claim is inferred.
AOM_000570,en,A feed material with governed source identity “maize” and characteristics: processing method — Extrusion.,composed_from_approved_semantic_facets,approved,Pete Steward,2026-08-06,data/livestock-staging/approved_feed_material_facets.csv;data/livestock-staging/approved_generated_feed_material_facets.csv,Definition states only governed source identity and approved semantic assertions; no biological or nutritional claim is inferred.
AOM_000572,en,A feed material with governed source identity “maize” and characteristics: ingredient part — Straw.,composed_from_approved_semantic_facets,approved,Pete Steward,2026-08-06,data/livestock-staging/approved_feed_material_facets.csv;data/livestock-staging/approved_generated_feed_material_facets.csv,Definition states only governed source identity and approved semantic assertions; no biological or nutritional claim is inferred.
AOM_000574,en,A feed material with governed source identity “oat” and characteristics: ingredient part — Leaf; processing method — Drying.,composed_from_approved_semantic_facets,approved,Pete Steward,2026-08-06,data/livestock-staging/approved_feed_material_facets.csv;data/livestock-staging/approved_generated_feed_material_facets.csv,Definition states only governed source identity and approved semantic assertions; no biological or nutritional claim is inferred.
AOM_000575,en,A feed material with governed source identity “rice” and characteristics: ingredient part — Bran.,composed_from_approved_semantic_facets,approved,Pete Steward,2026-08-06,data/livestock-staging/approved_feed_material_facets.csv;data/livestock-staging/approved_generated_feed_material_facets.csv,Definition states only governed source identity and approved semantic assertions; no biological or nutritional claim is inferred.
AOM_000576,en,A feed material with governed source identity “rice” and characteristics: ingredient part — Husk.,composed_from_approved_semantic_facets,approved,Pete Steward,2026-08-06,data/livestock-staging/approved_feed_material_facets.csv;data/livestock-staging/approved_generated_feed_material_facets.csv,Definition states only governed source identity and approved semantic assertions; no biological or nutritional claim is inferred.
AOM_000579,en,A feed material with governed source identity “rice” and characteristics: ingredient part — Straw.,composed_from_approved_semantic_facets,approved,Pete Steward,2026-08-06,data/livestock-staging/approved_feed_material_facets.csv;data/livestock-staging/approved_generated_feed_material_facets.csv,Definition states only governed source identity and approved semantic assertions; no biological or nutritional claim is inferred.
AOM_000580,en,A feed material with governed source identity “rye” and characteristics: ingredient part — Bran.,composed_from_approved_semantic_facets,approved,Pete Steward,2026-08-06,data/livestock-staging/approved_feed_material_facets.csv;data/livestock-staging/approved_generated_feed_material_facets.csv,Definition states only governed source identity and approved semantic assertions; no biological or nutritional claim is inferred.
AOM_000581,en,A feed material with governed source identity “sorghum” and characteristics: ingredient part — Straw.,composed_from_approved_semantic_facets,approved,Pete Steward,2026-08-06,data/livestock-staging/approved_feed_material_facets.csv;data/livestock-staging/approved_generated_feed_material_facets.csv,Definition states only governed source identity and approved semantic assertions; no biological or nutritional claim is inferred.
AOM_000582,en,A feed material with governed source identity “unspecified” and characteristics: ingredient part — Straw.,composed_from_approved_semantic_facets,approved,Pete Steward,2026-08-06,data/livestock-staging/approved_feed_material_facets.csv;data/livestock-staging/approved_generated_feed_material_facets.csv,Definition states only governed source identity and approved semantic assertions; no biological or nutritional claim is inferred.
AOM_000584,en,A feed material with governed source identity “barley” and characteristics: ingredient part — Straw.,composed_from_approved_semantic_facets,approved,Pete Steward,2026-08-06,data/livestock-staging/approved_feed_material_facets.csv;data/livestock-staging/approved_generated_feed_material_facets.csv,Definition states only governed source identity and approved semantic assertions; no biological or nutritional claim is inferred.
AOM_000585,en,A feed material with governed source identity “wheat” and characteristics: ingredient part — Bran.,composed_from_approved_semantic_facets,approved,Pete Steward,2026-08-06,data/livestock-staging/approved_feed_material_facets.csv;data/livestock-staging/approved_generated_feed_material_facets.csv,Definition states only governed source identity and approved semantic assertions; no biological or nutritional claim is inferred.
AOM_000586,en,A feed material with governed source identity “wheat remoulage” and characteristics: ingredient part — Bran.,composed_from_approved_semantic_facets,approved,Pete Steward,2026-08-06,data/livestock-staging/approved_feed_material_facets.csv;data/livestock-staging/approved_generated_feed_material_facets.csv,Definition states only governed source identity and approved semantic assertions; no biological or nutritional claim is inferred.
AOM_000587,en,A feed material with governed source identity “wheat” and characteristics: processing method — Drying.,composed_from_approved_semantic_facets,approved,Pete Steward,2026-08-06,data/livestock-staging/approved_feed_material_facets.csv;data/livestock-staging/approved_generated_feed_material_facets.csv,Definition states only governed source identity and approved semantic assertions; no biological or nutritional claim is inferred.
AOM_000595,en,A feed material with governed source identity “banana” and characteristics: ingredient part — Leaf.,composed_from_approved_semantic_facets,approved,Pete Steward,2026-08-06,data/livestock-staging/approved_feed_material_facets.csv;data/livestock-staging/approved_generated_feed_material_facets.csv,Definition states only governed source identity and approved semantic assertions; no biological or nutritional claim is inferred.
AOM_000596,en,A feed material with governed source identity “date” and characteristics: ingredient part — Seed; processing method — Grinding.,composed_from_approved_semantic_facets,approved,Pete Steward,2026-08-06,data/livestock-staging/approved_feed_material_facets.csv;data/livestock-staging/approved_generated_feed_material_facets.csv,Definition states only governed source identity and approved semantic assertions; no biological or nutritional claim is inferred.
AOM_000600,en,A feed material with governed source identity “watermelon” and characteristics: ingredient part — Seed; processing method — Grinding.,composed_from_approved_semantic_facets,approved,Pete Steward,2026-08-06,data/livestock-staging/approved_feed_material_facets.csv;data/livestock-staging/approved_generated_feed_material_facets.csv,Definition states only governed source identity and approved semantic assertions; no biological or nutritional claim is inferred.
AOM_000602,en,A feed material with governed source identity “cowpea” and characteristics: ingredient part — Husk.,composed_from_approved_semantic_facets,approved,Pete Steward,2026-08-06,data/livestock-staging/approved_feed_material_facets.csv;data/livestock-staging/approved_generated_feed_material_facets.csv,Definition states only governed source identity and approved semantic assertions; no biological or nutritional claim is inferred.
AOM_000606,en,A feed material with governed source identity “groundnut” and characteristics: ingredient part — Husk; processing method — Grinding.,composed_from_approved_semantic_facets,approved,Pete Steward,2026-08-06,data/livestock-staging/approved_feed_material_facets.csv;data/livestock-staging/approved_generated_feed_material_facets.csv,Definition states only governed source identity and approved semantic assertions; no biological or nutritional claim is inferred.
AOM_000607,en,A feed material with governed source identity “groundnut” and characteristics: processing method — Grinding.,composed_from_approved_semantic_facets,approved,Pete Steward,2026-08-06,data/livestock-staging/approved_feed_material_facets.csv;data/livestock-staging/approved_generated_feed_material_facets.csv,Definition states only governed source identity and approved semantic assertions; no biological or nutritional claim is inferred.
AOM_000608,en,A feed material with governed source identity “pea hull” and characteristics: ingredient part — Seed.,composed_from_approved_semantic_facets,approved,Pete Steward,2026-08-06,data/livestock-staging/approved_feed_material_facets.csv;data/livestock-staging/approved_generated_feed_material_facets.csv,Definition states only governed source identity and approved semantic assertions; no biological or nutritional claim is inferred.
AOM_000609,en,A feed material with governed source identity “pigeon pea” and characteristics: ingredient part — Leaf.,composed_from_approved_semantic_facets,approved,Pete Steward,2026-08-06,data/livestock-staging/approved_feed_material_facets.csv;data/livestock-staging/approved_generated_feed_material_facets.csv,Definition states only governed source identity and approved semantic assertions; no biological or nutritional claim is inferred.
AOM_000612,en,A feed material with governed source identity “soybean” and characteristics: processing method — Drying.,composed_from_approved_semantic_facets,approved,Pete Steward,2026-08-06,data/livestock-staging/approved_feed_material_facets.csv;data/livestock-staging/approved_generated_feed_material_facets.csv,Definition states only governed source identity and approved semantic assertions; no biological or nutritional claim is inferred.
AOM_000613,en,A feed material with governed source identity “soybean” and characteristics: processing method — Grinding.,composed_from_approved_semantic_facets,approved,Pete Steward,2026-08-06,data/livestock-staging/approved_feed_material_facets.csv;data/livestock-staging/approved_generated_feed_material_facets.csv,Definition states only governed source identity and approved semantic assertions; no biological or nutritional claim is inferred.
AOM_000617,en,A feed material with governed source identity “cocoa bean” and characteristics: ingredient part — Shell.,composed_from_approved_semantic_facets,approved,Pete Steward,2026-08-06,data/livestock-staging/approved_feed_material_facets.csv;data/livestock-staging/approved_generated_feed_material_facets.csv,Definition states only governed source identity and approved semantic assertions; no biological or nutritional claim is inferred.
AOM_000620,en,A feed material with governed source identity “cotton” and characteristics: ingredient part — Seed.,composed_from_approved_semantic_facets,approved,Pete Steward,2026-08-06,data/livestock-staging/approved_feed_material_facets.csv;data/livestock-staging/approved_generated_feed_material_facets.csv,Definition states only governed source identity and approved semantic assertions; no biological or nutritional claim is inferred.
AOM_000625,en,A feed material with governed source identity “palm” and characteristics: ingredient part — Kernel; processing method — Grinding.,composed_from_approved_semantic_facets,approved,Pete Steward,2026-08-06,data/livestock-staging/approved_feed_material_facets.csv;data/livestock-staging/approved_generated_feed_material_facets.csv,Definition states only governed source identity and approved semantic assertions; no biological or nutritional claim is inferred.
AOM_000633,en,A feed material with governed source identity “beet” and characteristics: feed product type — Processing pulp; processing method — Drying.,composed_from_approved_semantic_facets,approved,Pete Steward,2026-08-06,data/livestock-staging/approved_feed_material_facets.csv;data/livestock-staging/approved_generated_feed_material_facets.csv,Definition states only governed source identity and approved semantic assertions; no biological or nutritional claim is inferred.
AOM_000634,en,A feed material with governed source identity “cassava” and characteristics: ingredient part — Bran.,composed_from_approved_semantic_facets,approved,Pete Steward,2026-08-06,data/livestock-staging/approved_feed_material_facets.csv;data/livestock-staging/approved_generated_feed_material_facets.csv,Definition states only governed source identity and approved semantic assertions; no biological or nutritional claim is inferred.
AOM_000635,en,A feed material with governed source identity “cassava” and characteristics: ingredient part — Leaf.,composed_from_approved_semantic_facets,approved,Pete Steward,2026-08-06,data/livestock-staging/approved_feed_material_facets.csv;data/livestock-staging/approved_generated_feed_material_facets.csv,Definition states only governed source identity and approved semantic assertions; no biological or nutritional claim is inferred.
AOM_000639,en,A feed material with governed source identity “concentrate cassava fish waste” and characteristics: ingredient part — Bran.,composed_from_approved_semantic_facets,approved,Pete Steward,2026-08-06,data/livestock-staging/approved_feed_material_facets.csv;data/livestock-staging/approved_generated_feed_material_facets.csv,Definition states only governed source identity and approved semantic assertions; no biological or nutritional claim is inferred.
AOM_000641,en,A feed material with governed source identity “roots and byproducts” and characteristics: ingredient part — Tuber.,composed_from_approved_semantic_facets,approved,Pete Steward,2026-08-06,data/livestock-staging/approved_feed_material_facets.csv;data/livestock-staging/approved_generated_feed_material_facets.csv,Definition states only governed source identity and approved semantic assertions; no biological or nutritional claim is inferred.
AOM_000642,en,A feed material with governed source identity “sugarcane” and characteristics: physical form — Liquid form; processing method — Sugar processing; product role — By-product role.,composed_from_approved_semantic_facets,approved,Pete Steward,2026-08-06,data/livestock-staging/approved_feed_material_facets.csv;data/livestock-staging/approved_generated_feed_material_facets.csv,Definition states only governed source identity and approved semantic assertions; no biological or nutritional claim is inferred.
AOM_000647,en,A feed material with governed source identity “barley” and characteristics: ingredient part — Grain; processing method — Crushing.,composed_from_approved_semantic_facets,approved,Pete Steward,2026-08-06,data/livestock-staging/approved_feed_material_facets.csv;data/livestock-staging/approved_generated_feed_material_facets.csv,Definition states only governed source identity and approved semantic assertions; no biological or nutritional claim is inferred.
AOM_000649,en,A feed material with governed source identity “maize” and characteristics: ingredient part — Grain.,composed_from_approved_semantic_facets,approved,Pete Steward,2026-08-06,data/livestock-staging/approved_feed_material_facets.csv;data/livestock-staging/approved_generated_feed_material_facets.csv,Definition states only governed source identity and approved semantic assertions; no biological or nutritional claim is inferred.
AOM_000655,en,A feed material with governed source identity “rice” and characteristics: ingredient part — Grain.,composed_from_approved_semantic_facets,approved,Pete Steward,2026-08-06,data/livestock-staging/approved_feed_material_facets.csv;data/livestock-staging/approved_generated_feed_material_facets.csv,Definition states only governed source identity and approved semantic assertions; no biological or nutritional claim is inferred.
AOM_000656,en,A feed material with governed source identity “rice” and characteristics: ingredient part — Grain; material integrity — Whole grain; processing method — Grinding.,composed_from_approved_semantic_facets,approved,Pete Steward,2026-08-06,data/livestock-staging/approved_feed_material_facets.csv;data/livestock-staging/approved_generated_feed_material_facets.csv,Definition states only governed source identity and approved semantic assertions; no biological or nutritional claim is inferred.
AOM_000657,en,A feed material with governed source identity “sorghum” and characteristics: ingredient part — Grain.,composed_from_approved_semantic_facets,approved,Pete Steward,2026-08-06,data/livestock-staging/approved_feed_material_facets.csv;data/livestock-staging/approved_generated_feed_material_facets.csv,Definition states only governed source identity and approved semantic assertions; no biological or nutritional claim is inferred.
AOM_000660,en,A feed material with governed source identity “wheat” and characteristics: ingredient part — Grain; material integrity — Whole grain; processing method — Grinding.,composed_from_approved_semantic_facets,approved,Pete Steward,2026-08-06,data/livestock-staging/approved_feed_material_facets.csv;data/livestock-staging/approved_generated_feed_material_facets.csv,Definition states only governed source identity and approved semantic assertions; no biological or nutritional claim is inferred.
AOM_000668,en,"A feed material with governed source identity “soybean” and characteristics: processing method — Grinding, Roasting.",composed_from_approved_semantic_facets,approved,Pete Steward,2026-08-06,data/livestock-staging/approved_feed_material_facets.csv;data/livestock-staging/approved_generated_feed_material_facets.csv,Definition states only governed source identity and approved semantic assertions; no biological or nutritional claim is inferred.
AOM_000670,en,A feed material with governed source identity “soybean” and characteristics: processing method — Roasting.,composed_from_approved_semantic_facets,approved,Pete Steward,2026-08-06,data/livestock-staging/approved_feed_material_facets.csv;data/livestock-staging/approved_generated_feed_material_facets.csv,Definition states only governed source identity and approved semantic assertions; no biological or nutritional claim is inferred.
AOM_000675,en,A feed material with governed source identity “sunflower” and characteristics: ingredient part — Seed; processing method — Grinding.,composed_from_approved_semantic_facets,approved,Pete Steward,2026-08-06,data/livestock-staging/approved_feed_material_facets.csv;data/livestock-staging/approved_generated_feed_material_facets.csv,Definition states only governed source identity and approved semantic assertions; no biological or nutritional claim is inferred.
AOM_000678,en,A feed material with governed source identity “cassava” and characteristics: ingredient constituent — Starch constituent.,composed_from_approved_semantic_facets,approved,Pete Steward,2026-08-06,data/livestock-staging/approved_feed_material_facets.csv;data/livestock-staging/approved_generated_feed_material_facets.csv,Definition states only governed source identity and approved semantic assertions; no biological or nutritional claim is inferred.
AOM_000679,en,A feed material with governed source identity “cassava” and characteristics: ingredient part — Tuber.,composed_from_approved_semantic_facets,approved,Pete Steward,2026-08-06,data/livestock-staging/approved_feed_material_facets.csv;data/livestock-staging/approved_generated_feed_material_facets.csv,Definition states only governed source identity and approved semantic assertions; no biological or nutritional claim is inferred.
AOM_000681,en,A feed material with governed source identity “roots and products” and characteristics: ingredient part — Tuber.,composed_from_approved_semantic_facets,approved,Pete Steward,2026-08-06,data/livestock-staging/approved_feed_material_facets.csv;data/livestock-staging/approved_generated_feed_material_facets.csv,Definition states only governed source identity and approved semantic assertions; no biological or nutritional claim is inferred.
AOM_000687,en,A feed material with governed source identity “desho grass” and characteristics: feed product type — Hay; processing method — Drying.,composed_from_approved_semantic_facets,approved,Pete Steward,2026-08-06,data/livestock-staging/approved_feed_material_facets.csv;data/livestock-staging/approved_generated_feed_material_facets.csv,Definition states only governed source identity and approved semantic assertions; no biological or nutritional claim is inferred.
AOM_000688,en,A feed material with governed source identity “digitaria” and characteristics: processing method — Drying.,composed_from_approved_semantic_facets,approved,Pete Steward,2026-08-06,data/livestock-staging/approved_feed_material_facets.csv;data/livestock-staging/approved_generated_feed_material_facets.csv,Definition states only governed source identity and approved semantic assertions; no biological or nutritional claim is inferred.
AOM_000692,en,"A feed material with governed source identity “grass” and characteristics: processing method — Drying, Grinding.",composed_from_approved_semantic_facets,approved,Pete Steward,2026-08-06,data/livestock-staging/approved_feed_material_facets.csv;data/livestock-staging/approved_generated_feed_material_facets.csv,Definition states only governed source identity and approved semantic assertions; no biological or nutritional claim is inferred.
AOM_000698,en,A feed material with governed source identity “natural pasture” and characteristics: processing method — Drying.,composed_from_approved_semantic_facets,approved,Pete Steward,2026-08-06,data/livestock-staging/approved_feed_material_facets.csv;data/livestock-staging/approved_generated_feed_material_facets.csv,Definition states only governed source identity and approved semantic assertions; no biological or nutritional claim is inferred.
AOM_000708,en,A feed material with governed source identity “ficus thonningii” and characteristics: ingredient part — Leaf; processing method — Drying.,composed_from_approved_semantic_facets,approved,Pete Steward,2026-08-06,data/livestock-staging/approved_feed_material_facets.csv;data/livestock-staging/approved_generated_feed_material_facets.csv,Definition states only governed source identity and approved semantic assertions; no biological or nutritional claim is inferred.
AOM_000709,en,A feed material with governed source identity “gmelina arborea” and characteristics: ingredient part — Leaf; processing method — Grinding.,composed_from_approved_semantic_facets,approved,Pete Steward,2026-08-06,data/livestock-staging/approved_feed_material_facets.csv;data/livestock-staging/approved_generated_feed_material_facets.csv,Definition states only governed source identity and approved semantic assertions; no biological or nutritional claim is inferred.
AOM_000711,en,A feed material with governed source identity “moringa oleifera” and characteristics: ingredient part — Leaf; processing method — Grinding.,composed_from_approved_semantic_facets,approved,Pete Steward,2026-08-06,data/livestock-staging/approved_feed_material_facets.csv;data/livestock-staging/approved_generated_feed_material_facets.csv,Definition states only governed source identity and approved semantic assertions; no biological or nutritional claim is inferred.
AOM_000713,en,A feed material with governed source identity “prosopis juliflora” and characteristics: ingredient part — Pod.,composed_from_approved_semantic_facets,approved,Pete Steward,2026-08-06,data/livestock-staging/approved_feed_material_facets.csv;data/livestock-staging/approved_generated_feed_material_facets.csv,Definition states only governed source identity and approved semantic assertions; no biological or nutritional claim is inferred.
AOM_000714,en,"A feed material with governed source identity “prosopis juliflora” and characteristics: processing method — Drying, Grinding.",composed_from_approved_semantic_facets,approved,Pete Steward,2026-08-06,data/livestock-staging/approved_feed_material_facets.csv;data/livestock-staging/approved_generated_feed_material_facets.csv,Definition states only governed source identity and approved semantic assertions; no biological or nutritional claim is inferred.
AOM_000725,en,A feed material with governed source identity “vicia” and characteristics: processing method — Drying.,composed_from_approved_semantic_facets,approved,Pete Steward,2026-08-06,data/livestock-staging/approved_feed_material_facets.csv;data/livestock-staging/approved_generated_feed_material_facets.csv,Definition states only governed source identity and approved semantic assertions; no biological or nutritional claim is inferred.
AOM_000730,en,A feed material with governed source identity “olive” and characteristics: ingredient part — Leaf.,composed_from_approved_semantic_facets,approved,Pete Steward,2026-08-06,data/livestock-staging/approved_feed_material_facets.csv;data/livestock-staging/approved_generated_feed_material_facets.csv,Definition states only governed source identity and approved semantic assertions; no biological or nutritional claim is inferred.
AOM_000733,en,A feed material with governed source identity “siam weed” and characteristics: ingredient part — Leaf; processing method — Grinding.,composed_from_approved_semantic_facets,approved,Pete Steward,2026-08-06,data/livestock-staging/approved_feed_material_facets.csv;data/livestock-staging/approved_generated_feed_material_facets.csv,Definition states only governed source identity and approved semantic assertions; no biological or nutritional claim is inferred.
AOM_000764,en,A feed material with governed source identity “mineral” and characteristics: physical form — Block form.,composed_from_approved_semantic_facets,approved,Pete Steward,2026-08-06,data/livestock-staging/approved_feed_material_facets.csv;data/livestock-staging/approved_generated_feed_material_facets.csv,Definition states only governed source identity and approved semantic assertions; no biological or nutritional claim is inferred.
AOM_000783,en,A feed material with governed source identity “molasses urea” and characteristics: physical form — Block form.,composed_from_approved_semantic_facets,approved,Pete Steward,2026-08-06,data/livestock-staging/approved_feed_material_facets.csv;data/livestock-staging/approved_generated_feed_material_facets.csv,Definition states only governed source identity and approved semantic assertions; no biological or nutritional claim is inferred.
AOM_000798,en,A feed material with governed source identity “beef survival” and characteristics: feed product type — Compound feed.,composed_from_approved_semantic_facets,approved,Pete Steward,2026-08-06,data/livestock-staging/approved_feed_material_facets.csv;data/livestock-staging/approved_generated_feed_material_facets.csv,Definition states only governed source identity and approved semantic assertions; no biological or nutritional claim is inferred.
AOM_000801,en,A feed material with governed source identity “dairy” and characteristics: feed product type — Compound feed.,composed_from_approved_semantic_facets,approved,Pete Steward,2026-08-06,data/livestock-staging/approved_feed_material_facets.csv;data/livestock-staging/approved_generated_feed_material_facets.csv,Definition states only governed source identity and approved semantic assertions; no biological or nutritional claim is inferred.
AOM_000847,en,A farming-system classification identifying the livestock livestock-system context.,composed_from_governed_hierarchy_role,approved,Pete Steward,2026-08-06,data/livestock-staging/concepts.csv,Definition states only approved hierarchy context and model role; no domain fact is inferred.
AOM_000848,en,A farming-system classification identifying the terrestrial livestock-system context.,composed_from_governed_hierarchy_role,approved,Pete Steward,2026-08-06,data/livestock-staging/concepts.csv,Definition states only approved hierarchy context and model role; no domain fact is inferred.
AOM_000849,en,A farming-system classification identifying the aquatic livestock-system context.,composed_from_governed_hierarchy_role,approved,Pete Steward,2026-08-06,data/livestock-staging/concepts.csv,Definition states only approved hierarchy context and model role; no domain fact is inferred.
AOM_000850,en,A farming-system classification for production orientation within the terrestrial system context.,composed_from_governed_hierarchy_role,approved,Pete Steward,2026-08-06,data/livestock-staging/concepts.csv,Definition states only approved hierarchy context and model role; no domain fact is inferred.
AOM_000855,en,A farming-system classification for production orientation within the aquatic system context.,composed_from_governed_hierarchy_role,approved,Pete Steward,2026-08-06,data/livestock-staging/concepts.csv,Definition states only approved hierarchy context and model role; no domain fact is inferred.
AOM_000874,en,A farming-system classification for rearing stage within the terrestrial system context.,composed_from_governed_hierarchy_role,approved,Pete Steward,2026-08-06,data/livestock-staging/concepts.csv,Definition states only approved hierarchy context and model role; no domain fact is inferred.
AOM_000885,en,A farming-system classification for living environment within the aquatic system context.,composed_from_governed_hierarchy_role,approved,Pete Steward,2026-08-06,data/livestock-staging/concepts.csv,Definition states only approved hierarchy context and model role; no domain fact is inferred.
AOM_000893,en,A farming-system classification for species associations within the aquatic system context.,composed_from_governed_hierarchy_role,approved,Pete Steward,2026-08-06,data/livestock-staging/concepts.csv,Definition states only approved hierarchy context and model role; no domain fact is inferred.
AOM_000900,en,A farming-system classification for living environment within the terrestrial system context.,composed_from_governed_hierarchy_role,approved,Pete Steward,2026-08-06,data/livestock-staging/concepts.csv,Definition states only approved hierarchy context and model role; no domain fact is inferred.
AOM_000944,en,A livestock-management concept concerning Number of fields per unit within Grazing Management.,composed_from_governed_hierarchy_role,approved,Pete Steward,2026-08-06,data/livestock-staging/concepts.csv,Definition states only approved hierarchy context and model role; no domain fact is inferred.
AOM_000946,en,A livestock-management concept concerning Max sward height within Grazing Management.,composed_from_governed_hierarchy_role,approved,Pete Steward,2026-08-06,data/livestock-staging/concepts.csv,Definition states only approved hierarchy context and model role; no domain fact is inferred.
AOM_000950,en,A livestock-management concept concerning Cycle length within Grazing Management.,composed_from_governed_hierarchy_role,approved,Pete Steward,2026-08-06,data/livestock-staging/concepts.csv,Definition states only approved hierarchy context and model role; no domain fact is inferred.
AOM_000951,en,A livestock-management concept concerning Rest period within Grazing Management.,composed_from_governed_hierarchy_role,approved,Pete Steward,2026-08-06,data/livestock-staging/concepts.csv,Definition states only approved hierarchy context and model role; no domain fact is inferred.
AOM_000953,en,A livestock-management concept concerning per cycle within Grazing time.,composed_from_governed_hierarchy_role,approved,Pete Steward,2026-08-06,data/livestock-staging/concepts.csv,Definition states only approved hierarchy context and model role; no domain fact is inferred.
AOM_000954,en,A livestock-management concept concerning Number of animals within Grazing Management.,composed_from_governed_hierarchy_role,approved,Pete Steward,2026-08-06,data/livestock-staging/concepts.csv,Definition states only approved hierarchy context and model role; no domain fact is inferred.
AOM_000955,en,A controlled rearing-stage category scoped to Cattle;Buffalo; used for records classified as “Cattle;Buffalo”.,composed_from_governed_hierarchy_role,approved,Pete Steward,2026-08-06,data/livestock-staging/concepts.csv,Definition states only approved hierarchy context and model role; no domain fact is inferred.
AOM_000958,en,A controlled rearing-stage category scoped to Cattle;Buffalo; used for records classified as “Gestating Female”.,composed_from_governed_hierarchy_role,approved,Pete Steward,2026-08-06,data/livestock-staging/concepts.csv,Definition states only approved hierarchy context and model role; no domain fact is inferred.
AOM_000959,en,A controlled rearing-stage category scoped to Cattle;Buffalo; used for records classified as “Lactating Female”.,composed_from_governed_hierarchy_role,approved,Pete Steward,2026-08-06,data/livestock-staging/concepts.csv,Definition states only approved hierarchy context and model role; no domain fact is inferred.
AOM_000962,en,A controlled rearing-stage category scoped to Cattle;Buffalo; used for records classified as “Grower”.,composed_from_governed_hierarchy_role,approved,Pete Steward,2026-08-06,data/livestock-staging/concepts.csv,Definition states only approved hierarchy context and model role; no domain fact is inferred.
AOM_000963,en,A controlled rearing-stage category scoped to Cattle;Buffalo; used for records classified as “Finisher”.,composed_from_governed_hierarchy_role,approved,Pete Steward,2026-08-06,data/livestock-staging/concepts.csv,Definition states only approved hierarchy context and model role; no domain fact is inferred.
AOM_000967,en,A controlled rearing-stage category scoped to Cattle;Buffalo; used for records classified as “Young Male”.,composed_from_governed_hierarchy_role,approved,Pete Steward,2026-08-06,data/livestock-staging/concepts.csv,Definition states only approved hierarchy context and model role; no domain fact is inferred.
AOM_000969,en,A controlled rearing-stage category scoped to Cattle;Buffalo; used for records classified as “Intact Grower Male”.,composed_from_governed_hierarchy_role,approved,Pete Steward,2026-08-06,data/livestock-staging/concepts.csv,Definition states only approved hierarchy context and model role; no domain fact is inferred.
AOM_000970,en,A controlled rearing-stage category scoped to Cattle;Buffalo; used for records classified as “Intact Finisher Male”.,composed_from_governed_hierarchy_role,approved,Pete Steward,2026-08-06,data/livestock-staging/concepts.csv,Definition states only approved hierarchy context and model role; no domain fact is inferred.
AOM_000972,en,A controlled rearing-stage category scoped to Cattle;Buffalo; used for records classified as “Castrate Grower Male”.,composed_from_governed_hierarchy_role,approved,Pete Steward,2026-08-06,data/livestock-staging/concepts.csv,Definition states only approved hierarchy context and model role; no domain fact is inferred.
AOM_000973,en,A controlled rearing-stage category scoped to Cattle;Buffalo; used for records classified as “Castrate Finisher Male”.,composed_from_governed_hierarchy_role,approved,Pete Steward,2026-08-06,data/livestock-staging/concepts.csv,Definition states only approved hierarchy context and model role; no domain fact is inferred.
AOM_000974,en,A controlled rearing-stage category scoped to Cattle;Buffalo; used for records classified as “Grower Male”.,composed_from_governed_hierarchy_role,approved,Pete Steward,2026-08-06,data/livestock-staging/concepts.csv,Definition states only approved hierarchy context and model role; no domain fact is inferred.
AOM_000975,en,A controlled rearing-stage category scoped to Cattle;Buffalo; used for records classified as “Finisher Male”.,composed_from_governed_hierarchy_role,approved,Pete Steward,2026-08-06,data/livestock-staging/concepts.csv,Definition states only approved hierarchy context and model role; no domain fact is inferred.
AOM_000977,en,A controlled rearing-stage category scoped to Cattle;Buffalo; used for records classified as “Calf Male”.,composed_from_governed_hierarchy_role,approved,Pete Steward,2026-08-06,data/livestock-staging/concepts.csv,Definition states only approved hierarchy context and model role; no domain fact is inferred.
AOM_000980,en,A controlled rearing-stage category scoped to Cattle;Buffalo; used for records classified as “Calf Female”.,composed_from_governed_hierarchy_role,approved,Pete Steward,2026-08-06,data/livestock-staging/concepts.csv,Definition states only approved hierarchy context and model role; no domain fact is inferred.
AOM_000983,en,A controlled rearing-stage category scoped to Sheep; used for records classified as “Sheep”.,composed_from_governed_hierarchy_role,approved,Pete Steward,2026-08-06,data/livestock-staging/concepts.csv,Definition states only approved hierarchy context and model role; no domain fact is inferred.
AOM_000984,en,A controlled rearing-stage category scoped to Sheep; used for records classified as “Adult”.,composed_from_governed_hierarchy_role,approved,Pete Steward,2026-08-06,data/livestock-staging/concepts.csv,Definition states only approved hierarchy context and model role; no domain fact is inferred.
AOM_000985,en,A controlled rearing-stage category scoped to Sheep; used for records classified as “Adult Female”.,composed_from_governed_hierarchy_role,approved,Pete Steward,2026-08-06,data/livestock-staging/concepts.csv,Definition states only approved hierarchy context and model role; no domain fact is inferred.
AOM_000986,en,A controlled rearing-stage category scoped to Sheep; used for records classified as “Gestating Female”.,composed_from_governed_hierarchy_role,approved,Pete Steward,2026-08-06,data/livestock-staging/concepts.csv,Definition states only approved hierarchy context and model role; no domain fact is inferred.
AOM_000987,en,A controlled rearing-stage category scoped to Sheep; used for records classified as “Lactating Female”.,composed_from_governed_hierarchy_role,approved,Pete Steward,2026-08-06,data/livestock-staging/concepts.csv,Definition states only approved hierarchy context and model role; no domain fact is inferred.
AOM_000988,en,A controlled rearing-stage category scoped to Sheep; used for records classified as “Adult Male”.,composed_from_governed_hierarchy_role,approved,Pete Steward,2026-08-06,data/livestock-staging/concepts.csv,Definition states only approved hierarchy context and model role; no domain fact is inferred.
AOM_000989,en,A controlled rearing-stage category scoped to Sheep; used for records classified as “Young”.,composed_from_governed_hierarchy_role,approved,Pete Steward,2026-08-06,data/livestock-staging/concepts.csv,Definition states only approved hierarchy context and model role; no domain fact is inferred.
AOM_000991,en,A controlled rearing-stage category scoped to Sheep; used for records classified as “Lamb Female”.,composed_from_governed_hierarchy_role,approved,Pete Steward,2026-08-06,data/livestock-staging/concepts.csv,Definition states only approved hierarchy context and model role; no domain fact is inferred.
AOM_000992,en,A controlled rearing-stage category scoped to Sheep; used for records classified as “Lamb Male”.,composed_from_governed_hierarchy_role,approved,Pete Steward,2026-08-06,data/livestock-staging/concepts.csv,Definition states only approved hierarchy context and model role; no domain fact is inferred.
AOM_000993,en,A controlled rearing-stage category scoped to Sheep; used for records classified as “Intact Lamb Male”.,composed_from_governed_hierarchy_role,approved,Pete Steward,2026-08-06,data/livestock-staging/concepts.csv,Definition states only approved hierarchy context and model role; no domain fact is inferred.
AOM_000994,en,A controlled rearing-stage category scoped to Sheep; used for records classified as “Castrate Lamb Male”.,composed_from_governed_hierarchy_role,approved,Pete Steward,2026-08-06,data/livestock-staging/concepts.csv,Definition states only approved hierarchy context and model role; no domain fact is inferred.
AOM_000996,en,A controlled rearing-stage category scoped to Sheep; used for records classified as “Yearling Female”.,composed_from_governed_hierarchy_role,approved,Pete Steward,2026-08-06,data/livestock-staging/concepts.csv,Definition states only approved hierarchy context and model role; no domain fact is inferred.
AOM_000997,en,A controlled rearing-stage category scoped to Sheep; used for records classified as “Yearling Male”.,composed_from_governed_hierarchy_role,approved,Pete Steward,2026-08-06,data/livestock-staging/concepts.csv,Definition states only approved hierarchy context and model role; no domain fact is inferred.
AOM_000998,en,A controlled rearing-stage category scoped to Sheep; used for records classified as “Intact Yearling Male”.,composed_from_governed_hierarchy_role,approved,Pete Steward,2026-08-06,data/livestock-staging/concepts.csv,Definition states only approved hierarchy context and model role; no domain fact is inferred.
AOM_000999,en,A controlled rearing-stage category scoped to Sheep; used for records classified as “Castrate Yearling Male”.,composed_from_governed_hierarchy_role,approved,Pete Steward,2026-08-06,data/livestock-staging/concepts.csv,Definition states only approved hierarchy context and model role; no domain fact is inferred.
AOM_001000,en,A controlled rearing-stage category scoped to Goat; used for records classified as “Goat”.,composed_from_governed_hierarchy_role,approved,Pete Steward,2026-08-06,data/livestock-staging/concepts.csv,Definition states only approved hierarchy context and model role; no domain fact is inferred.
AOM_001001,en,A controlled rearing-stage category scoped to Goat; used for records classified as “Adult”.,composed_from_governed_hierarchy_role,approved,Pete Steward,2026-08-06,data/livestock-staging/concepts.csv,Definition states only approved hierarchy context and model role; no domain fact is inferred.
AOM_001002,en,A controlled rearing-stage category scoped to Goat; used for records classified as “Adult Female”.,composed_from_governed_hierarchy_role,approved,Pete Steward,2026-08-06,data/livestock-staging/concepts.csv,Definition states only approved hierarchy context and model role; no domain fact is inferred.
AOM_001003,en,A controlled rearing-stage category scoped to Goat; used for records classified as “Gestating Female”.,composed_from_governed_hierarchy_role,approved,Pete Steward,2026-08-06,data/livestock-staging/concepts.csv,Definition states only approved hierarchy context and model role; no domain fact is inferred.
AOM_001004,en,A controlled rearing-stage category scoped to Goat; used for records classified as “Lactating Female”.,composed_from_governed_hierarchy_role,approved,Pete Steward,2026-08-06,data/livestock-staging/concepts.csv,Definition states only approved hierarchy context and model role; no domain fact is inferred.
AOM_001005,en,A controlled rearing-stage category scoped to Goat; used for records classified as “Adult Male”.,composed_from_governed_hierarchy_role,approved,Pete Steward,2026-08-06,data/livestock-staging/concepts.csv,Definition states only approved hierarchy context and model role; no domain fact is inferred.
AOM_001006,en,A controlled rearing-stage category scoped to Goat; used for records classified as “Young”.,composed_from_governed_hierarchy_role,approved,Pete Steward,2026-08-06,data/livestock-staging/concepts.csv,Definition states only approved hierarchy context and model role; no domain fact is inferred.
AOM_001007,en,A controlled rearing-stage category scoped to Goat; used for records classified as “Kid”.,composed_from_governed_hierarchy_role,approved,Pete Steward,2026-08-06,data/livestock-staging/concepts.csv,Definition states only approved hierarchy context and model role; no domain fact is inferred.
AOM_001008,en,A controlled rearing-stage category scoped to Goat; used for records classified as “Kid Female”.,composed_from_governed_hierarchy_role,approved,Pete Steward,2026-08-06,data/livestock-staging/concepts.csv,Definition states only approved hierarchy context and model role; no domain fact is inferred.
AOM_001009,en,A controlled rearing-stage category scoped to Goat; used for records classified as “Kid Male”.,composed_from_governed_hierarchy_role,approved,Pete Steward,2026-08-06,data/livestock-staging/concepts.csv,Definition states only approved hierarchy context and model role; no domain fact is inferred.
AOM_001010,en,A controlled rearing-stage category scoped to Goat; used for records classified as “Intact Kid Male”.,composed_from_governed_hierarchy_role,approved,Pete Steward,2026-08-06,data/livestock-staging/concepts.csv,Definition states only approved hierarchy context and model role; no domain fact is inferred.
AOM_001011,en,A controlled rearing-stage category scoped to Goat; used for records classified as “Castrate Kid Male”.,composed_from_governed_hierarchy_role,approved,Pete Steward,2026-08-06,data/livestock-staging/concepts.csv,Definition states only approved hierarchy context and model role; no domain fact is inferred.
AOM_001013,en,A controlled rearing-stage category scoped to Goat; used for records classified as “Yearling Female”.,composed_from_governed_hierarchy_role,approved,Pete Steward,2026-08-06,data/livestock-staging/concepts.csv,Definition states only approved hierarchy context and model role; no domain fact is inferred.
AOM_001014,en,A controlled rearing-stage category scoped to Goat; used for records classified as “Yearling Male”.,composed_from_governed_hierarchy_role,approved,Pete Steward,2026-08-06,data/livestock-staging/concepts.csv,Definition states only approved hierarchy context and model role; no domain fact is inferred.
AOM_001015,en,A controlled rearing-stage category scoped to Goat; used for records classified as “Intact Yearling Male”.,composed_from_governed_hierarchy_role,approved,Pete Steward,2026-08-06,data/livestock-staging/concepts.csv,Definition states only approved hierarchy context and model role; no domain fact is inferred.
AOM_001016,en,A controlled rearing-stage category scoped to Goat; used for records classified as “Castrate Yearling Male”.,composed_from_governed_hierarchy_role,approved,Pete Steward,2026-08-06,data/livestock-staging/concepts.csv,Definition states only approved hierarchy context and model role; no domain fact is inferred.
AOM_001017,en,A controlled rearing-stage category scoped to Pig; used for records classified as “Pig”.,composed_from_governed_hierarchy_role,approved,Pete Steward,2026-08-06,data/livestock-staging/concepts.csv,Definition states only approved hierarchy context and model role; no domain fact is inferred.
AOM_001018,en,A controlled rearing-stage category scoped to Pig; used for records classified as “Adult”.,composed_from_governed_hierarchy_role,approved,Pete Steward,2026-08-06,data/livestock-staging/concepts.csv,Definition states only approved hierarchy context and model role; no domain fact is inferred.
AOM_001020,en,A controlled rearing-stage category scoped to Pig; used for records classified as “Gestating Female”.,composed_from_governed_hierarchy_role,approved,Pete Steward,2026-08-06,data/livestock-staging/concepts.csv,Definition states only approved hierarchy context and model role; no domain fact is inferred.
AOM_001021,en,A controlled rearing-stage category scoped to Pig; used for records classified as “Lactating Female”.,composed_from_governed_hierarchy_role,approved,Pete Steward,2026-08-06,data/livestock-staging/concepts.csv,Definition states only approved hierarchy context and model role; no domain fact is inferred.
AOM_001024,en,A controlled rearing-stage category scoped to Pig; used for records classified as “Young”.,composed_from_governed_hierarchy_role,approved,Pete Steward,2026-08-06,data/livestock-staging/concepts.csv,Definition states only approved hierarchy context and model role; no domain fact is inferred.
AOM_001025,en,A controlled rearing-stage category scoped to Pig; used for records classified as “Grower”.,composed_from_governed_hierarchy_role,approved,Pete Steward,2026-08-06,data/livestock-staging/concepts.csv,Definition states only approved hierarchy context and model role; no domain fact is inferred.
AOM_001026,en,A controlled rearing-stage category scoped to Pig; used for records classified as “Finisher”.,composed_from_governed_hierarchy_role,approved,Pete Steward,2026-08-06,data/livestock-staging/concepts.csv,Definition states only approved hierarchy context and model role; no domain fact is inferred.
AOM_001039,en,A controlled rearing-stage category scoped to Chicken; used for records classified as “Chicken”.,composed_from_governed_hierarchy_role,approved,Pete Steward,2026-08-06,data/livestock-staging/concepts.csv,Definition states only approved hierarchy context and model role; no domain fact is inferred.
AOM_001044,en,A controlled rearing-stage category scoped to Chicken; used for records classified as “Adult”.,composed_from_governed_hierarchy_role,approved,Pete Steward,2026-08-06,data/livestock-staging/concepts.csv,Definition states only approved hierarchy context and model role; no domain fact is inferred.
AOM_001046,en,A controlled rearing-stage category scoped to Chicken; used for records classified as “Laying Female”.,composed_from_governed_hierarchy_role,approved,Pete Steward,2026-08-06,data/livestock-staging/concepts.csv,Definition states only approved hierarchy context and model role; no domain fact is inferred.
AOM_001048,en,A controlled rearing-stage category scoped to Fish; used for records classified as “Fish”.,composed_from_governed_hierarchy_role,approved,Pete Steward,2026-08-06,data/livestock-staging/concepts.csv,Definition states only approved hierarchy context and model role; no domain fact is inferred.
AOM_001053,en,A controlled rearing-stage category scoped to Fish; used for records classified as “Male Fingerling”.,composed_from_governed_hierarchy_role,approved,Pete Steward,2026-08-06,data/livestock-staging/concepts.csv,Definition states only approved hierarchy context and model role; no domain fact is inferred.
AOM_001054,en,A controlled rearing-stage category scoped to Fish; used for records classified as “Male Juvenile”.,composed_from_governed_hierarchy_role,approved,Pete Steward,2026-08-06,data/livestock-staging/concepts.csv,Definition states only approved hierarchy context and model role; no domain fact is inferred.
AOM_001055,en,A controlled rearing-stage category scoped to Fish; used for records classified as “Male Sub-adult”.,composed_from_governed_hierarchy_role,approved,Pete Steward,2026-08-06,data/livestock-staging/concepts.csv,Definition states only approved hierarchy context and model role; no domain fact is inferred.
AOM_001056,en,A controlled rearing-stage category scoped to Fish; used for records classified as “Female Fingerling”.,composed_from_governed_hierarchy_role,approved,Pete Steward,2026-08-06,data/livestock-staging/concepts.csv,Definition states only approved hierarchy context and model role; no domain fact is inferred.
AOM_001057,en,A controlled rearing-stage category scoped to Fish; used for records classified as “Female Juvenile”.,composed_from_governed_hierarchy_role,approved,Pete Steward,2026-08-06,data/livestock-staging/concepts.csv,Definition states only approved hierarchy context and model role; no domain fact is inferred.
AOM_001058,en,A controlled rearing-stage category scoped to Fish; used for records classified as “Female Sub-adult”.,composed_from_governed_hierarchy_role,approved,Pete Steward,2026-08-06,data/livestock-staging/concepts.csv,Definition states only approved hierarchy context and model role; no domain fact is inferred.
AOM_001060,en,A controlled rearing-stage category scoped to Fish; used for records classified as “Adult Male”.,composed_from_governed_hierarchy_role,approved,Pete Steward,2026-08-06,data/livestock-staging/concepts.csv,Definition states only approved hierarchy context and model role; no domain fact is inferred.
AOM_001061,en,A controlled rearing-stage category scoped to Fish; used for records classified as “Adult Female”.,composed_from_governed_hierarchy_role,approved,Pete Steward,2026-08-06,data/livestock-staging/concepts.csv,Definition states only approved hierarchy context and model role; no domain fact is inferred.
AOM_001065,en,A livestock-management concept concerning Digestibility Measurement Metric within Feed Digestibility.,composed_from_governed_hierarchy_role,approved,Pete Steward,2026-08-06,data/livestock-staging/concepts.csv,Definition states only approved hierarchy context and model role; no domain fact is inferred.
AOM_001072,en,An AOM outcome concept for recording Variable Costs-Electricity within Variable Cost.,composed_from_governed_hierarchy_role,approved,Pete Steward,2026-08-06,data/livestock-staging/concepts.csv,Definition states only approved hierarchy context and model role; no domain fact is inferred.
AOM_001073,en,An AOM outcome concept for recording Variable Costs-Irrigation within Variable Cost.,composed_from_governed_hierarchy_role,approved,Pete Steward,2026-08-06,data/livestock-staging/concepts.csv,Definition states only approved hierarchy context and model role; no domain fact is inferred.
AOM_001074,en,An AOM outcome concept for recording Value within Economics.,composed_from_governed_hierarchy_role,approved,Pete Steward,2026-08-06,data/livestock-staging/concepts.csv,Definition states only approved hierarchy context and model role; no domain fact is inferred.
AOM_001075,en,An AOM outcome concept for recording Crop Value within Value.,composed_from_governed_hierarchy_role,approved,Pete Steward,2026-08-06,data/livestock-staging/concepts.csv,Definition states only approved hierarchy context and model role; no domain fact is inferred.
AOM_001076,en,An AOM outcome concept for recording Animal Value within Value.,composed_from_governed_hierarchy_role,approved,Pete Steward,2026-08-06,data/livestock-staging/concepts.csv,Definition states only approved hierarchy context and model role; no domain fact is inferred.
AOM_001077,en,An AOM outcome concept for recording Variable Cost-Transplanting within Management Activities.,composed_from_governed_hierarchy_role,approved,Pete Steward,2026-08-06,data/livestock-staging/concepts.csv,Definition states only approved hierarchy context and model role; no domain fact is inferred.
AOM_001078,en,An AOM outcome concept for recording Variable Cost-Water Harvesting Structures within Management Activities.,composed_from_governed_hierarchy_role,approved,Pete Steward,2026-08-06,data/livestock-staging/concepts.csv,Definition states only approved hierarchy context and model role; no domain fact is inferred.
AOM_001079,en,An AOM outcome concept for recording Variable Cost-Erosion Control Structures within Management Activities.,composed_from_governed_hierarchy_role,approved,Pete Steward,2026-08-06,data/livestock-staging/concepts.csv,Definition states only approved hierarchy context and model role; no domain fact is inferred.
AOM_001080,en,An AOM outcome concept for recording Variable Cost-Spraying within Management Activities.,composed_from_governed_hierarchy_role,approved,Pete Steward,2026-08-06,data/livestock-staging/concepts.csv,Definition states only approved hierarchy context and model role; no domain fact is inferred.
AOM_001081,en,An AOM outcome concept for recording Variable Cost-Spreading within Management Activities.,composed_from_governed_hierarchy_role,approved,Pete Steward,2026-08-06,data/livestock-staging/concepts.csv,Definition states only approved hierarchy context and model role; no domain fact is inferred.
AOM_001082,en,An AOM outcome concept for recording Variable Cost-Preparing Beds within Management Activities.,composed_from_governed_hierarchy_role,approved,Pete Steward,2026-08-06,data/livestock-staging/concepts.csv,Definition states only approved hierarchy context and model role; no domain fact is inferred.
AOM_001083,en,An AOM outcome concept for recording Variable Cost-Pruning within Management Activities.,composed_from_governed_hierarchy_role,approved,Pete Steward,2026-08-06,data/livestock-staging/concepts.csv,Definition states only approved hierarchy context and model role; no domain fact is inferred.
AOM_001084,en,An AOM outcome concept for recording Variable Cost-Innoculants within Inputs.,composed_from_governed_hierarchy_role,approved,Pete Steward,2026-08-06,data/livestock-staging/concepts.csv,Definition states only approved hierarchy context and model role; no domain fact is inferred.
AOM_001085,en,An AOM outcome concept for recording Variable Cost-Biopesticides within Inputs.,composed_from_governed_hierarchy_role,approved,Pete Steward,2026-08-06,data/livestock-staging/concepts.csv,Definition states only approved hierarchy context and model role; no domain fact is inferred.
AOM_001086,en,An AOM outcome concept for recording Variable Cost-Soil Amendments within Inputs.,composed_from_governed_hierarchy_role,approved,Pete Steward,2026-08-06,data/livestock-staging/concepts.csv,Definition states only approved hierarchy context and model role; no domain fact is inferred.
AOM_001087,en,An AOM outcome concept for recording Animal Bedding within Variable Cost.,composed_from_governed_hierarchy_role,approved,Pete Steward,2026-08-06,data/livestock-staging/concepts.csv,Definition states only approved hierarchy context and model role; no domain fact is inferred.
AOM_001088,en,An AOM outcome concept for recording Animal Survival and Mortality within Productivity.,composed_from_governed_hierarchy_role,approved,Pete Steward,2026-08-06,data/livestock-staging/concepts.csv,Definition states only approved hierarchy context and model role; no domain fact is inferred.
AOM_001089,en,An AOM outcome concept for recording Feed Conversion Ratio within Feed Efficiency.,composed_from_governed_hierarchy_role,approved,Pete Steward,2026-08-06,data/livestock-staging/concepts.csv,Definition states only approved hierarchy context and model role; no domain fact is inferred.
AOM_001090,en,An AOM outcome concept for recording Protein Conversion Ratio within Feed Efficiency.,composed_from_governed_hierarchy_role,approved,Pete Steward,2026-08-06,data/livestock-staging/concepts.csv,Definition states only approved hierarchy context and model role; no domain fact is inferred.
AOM_001094,en,A feed material with governed source identity “chicken manure” and characteristics: processing method — Drying.,composed_from_approved_semantic_facets,approved,Pete Steward,2026-08-06,data/livestock-staging/approved_feed_material_facets.csv;data/livestock-staging/approved_generated_feed_material_facets.csv,Definition states only governed source identity and approved semantic assertions; no biological or nutritional claim is inferred.
AOM_001096,en,A feed material with governed source identity “chicken” and characteristics: processing method — Grinding.,composed_from_approved_semantic_facets,approved,Pete Steward,2026-08-06,data/livestock-staging/approved_feed_material_facets.csv;data/livestock-staging/approved_generated_feed_material_facets.csv,Definition states only governed source identity and approved semantic assertions; no biological or nutritional claim is inferred.
AOM_001098,en,"A feed material with governed source identity “fish” and characteristics: processing method — Boiling, Grinding.",composed_from_approved_semantic_facets,approved,Pete Steward,2026-08-06,data/livestock-staging/approved_feed_material_facets.csv;data/livestock-staging/approved_generated_feed_material_facets.csv,Definition states only governed source identity and approved semantic assertions; no biological or nutritional claim is inferred.
AOM_001099,en,A feed material with governed source identity “feather” and characteristics: processing method — Grinding.,composed_from_approved_semantic_facets,approved,Pete Steward,2026-08-06,data/livestock-staging/approved_feed_material_facets.csv;data/livestock-staging/approved_generated_feed_material_facets.csv,Definition states only governed source identity and approved semantic assertions; no biological or nutritional claim is inferred.
AOM_001100,en,"A feed material with governed source identity “fish” and characteristics: processing method — Grinding, Roasting.",composed_from_approved_semantic_facets,approved,Pete Steward,2026-08-06,data/livestock-staging/approved_feed_material_facets.csv;data/livestock-staging/approved_generated_feed_material_facets.csv,Definition states only governed source identity and approved semantic assertions; no biological or nutritional claim is inferred.
AOM_001101,en,"A feed material with governed source identity “fish” and characteristics: processing method — Drying, Grinding.",composed_from_approved_semantic_facets,approved,Pete Steward,2026-08-06,data/livestock-staging/approved_feed_material_facets.csv;data/livestock-staging/approved_generated_feed_material_facets.csv,Definition states only governed source identity and approved semantic assertions; no biological or nutritional claim is inferred.
AOM_001103,en,A feed material with governed source identity “fish” and characteristics: processing method — Drying.,composed_from_approved_semantic_facets,approved,Pete Steward,2026-08-06,data/livestock-staging/approved_feed_material_facets.csv;data/livestock-staging/approved_generated_feed_material_facets.csv,Definition states only governed source identity and approved semantic assertions; no biological or nutritional claim is inferred.
AOM_001104,en,A feed material with governed source identity “fish processing waste” and characteristics: processing method — Drying.,composed_from_approved_semantic_facets,approved,Pete Steward,2026-08-06,data/livestock-staging/approved_feed_material_facets.csv;data/livestock-staging/approved_generated_feed_material_facets.csv,Definition states only governed source identity and approved semantic assertions; no biological or nutritional claim is inferred.
AOM_001107,en,A feed material with governed source identity “meat and bone” and characteristics: processing method — Grinding.,composed_from_approved_semantic_facets,approved,Pete Steward,2026-08-06,data/livestock-staging/approved_feed_material_facets.csv;data/livestock-staging/approved_generated_feed_material_facets.csv,Definition states only governed source identity and approved semantic assertions; no biological or nutritional claim is inferred.
AOM_001108,en,A feed material with governed source identity “oryctes rhinoceros” and characteristics: processing method — Grinding.,composed_from_approved_semantic_facets,approved,Pete Steward,2026-08-06,data/livestock-staging/approved_feed_material_facets.csv;data/livestock-staging/approved_generated_feed_material_facets.csv,Definition states only governed source identity and approved semantic assertions; no biological or nutritional claim is inferred.
AOM_001109,en,A feed material with governed source identity “poultry litter” and characteristics: processing method — Drying.,composed_from_approved_semantic_facets,approved,Pete Steward,2026-08-06,data/livestock-staging/approved_feed_material_facets.csv;data/livestock-staging/approved_generated_feed_material_facets.csv,Definition states only governed source identity and approved semantic assertions; no biological or nutritional claim is inferred.
AOM_001111,en,A feed material with governed source identity “termite” and characteristics: processing method — Grinding.,composed_from_approved_semantic_facets,approved,Pete Steward,2026-08-06,data/livestock-staging/approved_feed_material_facets.csv;data/livestock-staging/approved_generated_feed_material_facets.csv,Definition states only governed source identity and approved semantic assertions; no biological or nutritional claim is inferred.
AOM_001112,en,A feed material with governed source identity “shrimp” and characteristics: processing method — Grinding.,composed_from_approved_semantic_facets,approved,Pete Steward,2026-08-06,data/livestock-staging/approved_feed_material_facets.csv;data/livestock-staging/approved_generated_feed_material_facets.csv,Definition states only governed source identity and approved semantic assertions; no biological or nutritional claim is inferred.
AOM_001113,en,A feed material with governed source identity “giant snail” and characteristics: processing method — Grinding.,composed_from_approved_semantic_facets,approved,Pete Steward,2026-08-06,data/livestock-staging/approved_feed_material_facets.csv;data/livestock-staging/approved_generated_feed_material_facets.csv,Definition states only governed source identity and approved semantic assertions; no biological or nutritional claim is inferred.
AOM_001116,en,A feed material with governed source identity “tuna waste” and characteristics: processing method — Grinding.,composed_from_approved_semantic_facets,approved,Pete Steward,2026-08-06,data/livestock-staging/approved_feed_material_facets.csv;data/livestock-staging/approved_generated_feed_material_facets.csv,Definition states only governed source identity and approved semantic assertions; no biological or nutritional claim is inferred.
AOM_001120,en,A feed material with governed source identity “acacia saligna and soft twig” and characteristics: ingredient part — Leaf.,composed_from_approved_semantic_facets,approved,Pete Steward,2026-08-06,data/livestock-staging/approved_feed_material_facets.csv;data/livestock-staging/approved_generated_feed_material_facets.csv,Definition states only governed source identity and approved semantic assertions; no biological or nutritional claim is inferred.
AOM_001122,en,A feed material with governed source identity “acacia senegal” and characteristics: ingredient part — Pod.,composed_from_approved_semantic_facets,approved,Pete Steward,2026-08-06,data/livestock-staging/approved_feed_material_facets.csv;data/livestock-staging/approved_generated_feed_material_facets.csv,Definition states only governed source identity and approved semantic assertions; no biological or nutritional claim is inferred.
AOM_001123,en,A feed material with governed source identity “acacia senegal” and characteristics: ingredient part — Leaf.,composed_from_approved_semantic_facets,approved,Pete Steward,2026-08-06,data/livestock-staging/approved_feed_material_facets.csv;data/livestock-staging/approved_generated_feed_material_facets.csv,Definition states only governed source identity and approved semantic assertions; no biological or nutritional claim is inferred.
AOM_001125,en,A feed material with governed source identity “acacia tortilis” and characteristics: ingredient part — Leaf.,composed_from_approved_semantic_facets,approved,Pete Steward,2026-08-06,data/livestock-staging/approved_feed_material_facets.csv;data/livestock-staging/approved_generated_feed_material_facets.csv,Definition states only governed source identity and approved semantic assertions; no biological or nutritional claim is inferred.
AOM_001127,en,A feed material with governed source identity “afzelia africana” and characteristics: ingredient part — Leaf; processing method — Wilting.,composed_from_approved_semantic_facets,approved,Pete Steward,2026-08-06,data/livestock-staging/approved_feed_material_facets.csv;data/livestock-staging/approved_generated_feed_material_facets.csv,Definition states only governed source identity and approved semantic assertions; no biological or nutritional claim is inferred.
AOM_001129,en,A feed material with governed source identity “annona senegalensis” and characteristics: ingredient part — Leaf.,composed_from_approved_semantic_facets,approved,Pete Steward,2026-08-06,data/livestock-staging/approved_feed_material_facets.csv;data/livestock-staging/approved_generated_feed_material_facets.csv,Definition states only governed source identity and approved semantic assertions; no biological or nutritional claim is inferred.
AOM_001132,en,A feed material with governed source identity “azadirachta indica” and characteristics: ingredient part — Leaf.,composed_from_approved_semantic_facets,approved,Pete Steward,2026-08-06,data/livestock-staging/approved_feed_material_facets.csv;data/livestock-staging/approved_generated_feed_material_facets.csv,Definition states only governed source identity and approved semantic assertions; no biological or nutritional claim is inferred.
AOM_001134,en,A feed material with governed source identity “calliandra calothyrsus” and characteristics: ingredient part — Leaf.,composed_from_approved_semantic_facets,approved,Pete Steward,2026-08-06,data/livestock-staging/approved_feed_material_facets.csv;data/livestock-staging/approved_generated_feed_material_facets.csv,Definition states only governed source identity and approved semantic assertions; no biological or nutritional claim is inferred.
AOM_001140,en,A feed material with governed source identity “daniellia oliveri” and characteristics: ingredient part — Leaf.,composed_from_approved_semantic_facets,approved,Pete Steward,2026-08-06,data/livestock-staging/approved_feed_material_facets.csv;data/livestock-staging/approved_generated_feed_material_facets.csv,Definition states only governed source identity and approved semantic assertions; no biological or nutritional claim is inferred.
AOM_001143,en,A feed material with governed source identity “erythrina brucei” and characteristics: ingredient part — Leaf.,composed_from_approved_semantic_facets,approved,Pete Steward,2026-08-06,data/livestock-staging/approved_feed_material_facets.csv;data/livestock-staging/approved_generated_feed_material_facets.csv,Definition states only governed source identity and approved semantic assertions; no biological or nutritional claim is inferred.
AOM_001148,en,A feed material with governed source identity “ficus thonningii” and characteristics: ingredient part — Leaf.,composed_from_approved_semantic_facets,approved,Pete Steward,2026-08-06,data/livestock-staging/approved_feed_material_facets.csv;data/livestock-staging/approved_generated_feed_material_facets.csv,Definition states only governed source identity and approved semantic assertions; no biological or nutritional claim is inferred.
AOM_001150,en,A feed material with governed source identity “gliricidia sepium and soft twig” and characteristics: ingredient part — Leaf.,composed_from_approved_semantic_facets,approved,Pete Steward,2026-08-06,data/livestock-staging/approved_feed_material_facets.csv;data/livestock-staging/approved_generated_feed_material_facets.csv,Definition states only governed source identity and approved semantic assertions; no biological or nutritional claim is inferred.
AOM_001154,en,A feed material with governed source identity “jatropha curcas” and characteristics: ingredient part — Kernel.,composed_from_approved_semantic_facets,approved,Pete Steward,2026-08-06,data/livestock-staging/approved_feed_material_facets.csv;data/livestock-staging/approved_generated_feed_material_facets.csv,Definition states only governed source identity and approved semantic assertions; no biological or nutritional claim is inferred.
AOM_001155,en,A feed material with governed source identity “jatropha curcas” and characteristics: ingredient part — Kernel; processing method — Grinding.,composed_from_approved_semantic_facets,approved,Pete Steward,2026-08-06,data/livestock-staging/approved_feed_material_facets.csv;data/livestock-staging/approved_generated_feed_material_facets.csv,Definition states only governed source identity and approved semantic assertions; no biological or nutritional claim is inferred.
AOM_001156,en,A feed material with governed source identity “jatropha curcas” and characteristics: ingredient part — Seed.,composed_from_approved_semantic_facets,approved,Pete Steward,2026-08-06,data/livestock-staging/approved_feed_material_facets.csv;data/livestock-staging/approved_generated_feed_material_facets.csv,Definition states only governed source identity and approved semantic assertions; no biological or nutritional claim is inferred.
AOM_001157,en,A feed material with governed source identity “jatropha curcas” and characteristics: ingredient part — Seed; processing method — Grinding.,composed_from_approved_semantic_facets,approved,Pete Steward,2026-08-06,data/livestock-staging/approved_feed_material_facets.csv;data/livestock-staging/approved_generated_feed_material_facets.csv,Definition states only governed source identity and approved semantic assertions; no biological or nutritional claim is inferred.
AOM_001158,en,A feed material with governed source identity “khaya senegalensis” and characteristics: processing method — Drying.,composed_from_approved_semantic_facets,approved,Pete Steward,2026-08-06,data/livestock-staging/approved_feed_material_facets.csv;data/livestock-staging/approved_generated_feed_material_facets.csv,Definition states only governed source identity and approved semantic assertions; no biological or nutritional claim is inferred.
AOM_001164,en,A feed material with governed source identity “mucuna pruriens” and characteristics: ingredient part — Seed.,composed_from_approved_semantic_facets,approved,Pete Steward,2026-08-06,data/livestock-staging/approved_feed_material_facets.csv;data/livestock-staging/approved_generated_feed_material_facets.csv,Definition states only governed source identity and approved semantic assertions; no biological or nutritional claim is inferred.
AOM_001168,en,A feed material with governed source identity “opuntia ficus indica” and characteristics: processing method — Grinding.,composed_from_approved_semantic_facets,approved,Pete Steward,2026-08-06,data/livestock-staging/approved_feed_material_facets.csv;data/livestock-staging/approved_generated_feed_material_facets.csv,Definition states only governed source identity and approved semantic assertions; no biological or nutritional claim is inferred.
AOM_001170,en,A feed material with governed source identity “pithecellobium dulce” and characteristics: ingredient part — Leaf.,composed_from_approved_semantic_facets,approved,Pete Steward,2026-08-06,data/livestock-staging/approved_feed_material_facets.csv;data/livestock-staging/approved_generated_feed_material_facets.csv,Definition states only governed source identity and approved semantic assertions; no biological or nutritional claim is inferred.
AOM_001176,en,A feed material with governed source identity “banana” and characteristics: ingredient part — Peel.,composed_from_approved_semantic_facets,approved,Pete Steward,2026-08-06,data/livestock-staging/approved_feed_material_facets.csv;data/livestock-staging/approved_generated_feed_material_facets.csv,Definition states only governed source identity and approved semantic assertions; no biological or nutritional claim is inferred.
AOM_001177,en,A feed material with governed source identity “banana pseudo” and characteristics: ingredient part — Stem.,composed_from_approved_semantic_facets,approved,Pete Steward,2026-08-06,data/livestock-staging/approved_feed_material_facets.csv;data/livestock-staging/approved_generated_feed_material_facets.csv,Definition states only governed source identity and approved semantic assertions; no biological or nutritional claim is inferred.
AOM_001178,en,A feed material with governed source identity “barley” and characteristics: processing method — Drying.,composed_from_approved_semantic_facets,approved,Pete Steward,2026-08-06,data/livestock-staging/approved_feed_material_facets.csv;data/livestock-staging/approved_generated_feed_material_facets.csv,Definition states only governed source identity and approved semantic assertions; no biological or nutritional claim is inferred.
AOM_001179,en,A feed material with governed source identity “common bean” and characteristics: ingredient part — Straw.,composed_from_approved_semantic_facets,approved,Pete Steward,2026-08-06,data/livestock-staging/approved_feed_material_facets.csv;data/livestock-staging/approved_generated_feed_material_facets.csv,Definition states only governed source identity and approved semantic assertions; no biological or nutritional claim is inferred.
AOM_001183,en,"A feed material with governed source identity “cocoa” and characteristics: ingredient part — Husk, Pod.",composed_from_approved_semantic_facets,approved,Pete Steward,2026-08-06,data/livestock-staging/approved_feed_material_facets.csv;data/livestock-staging/approved_generated_feed_material_facets.csv,Definition states only governed source identity and approved semantic assertions; no biological or nutritional claim is inferred.
AOM_001184,en,"A feed material with governed source identity “cocoa” and characteristics: ingredient part — Husk, Pod; processing method — Grinding.",composed_from_approved_semantic_facets,approved,Pete Steward,2026-08-06,data/livestock-staging/approved_feed_material_facets.csv;data/livestock-staging/approved_generated_feed_material_facets.csv,Definition states only governed source identity and approved semantic assertions; no biological or nutritional claim is inferred.
AOM_001186,en,A feed material with governed source identity “coffee” and characteristics: ingredient part — Leaf.,composed_from_approved_semantic_facets,approved,Pete Steward,2026-08-06,data/livestock-staging/approved_feed_material_facets.csv;data/livestock-staging/approved_generated_feed_material_facets.csv,Definition states only governed source identity and approved semantic assertions; no biological or nutritional claim is inferred.
AOM_001187,en,A feed material with governed source identity “cotton hull” and characteristics: ingredient part — Seed.,composed_from_approved_semantic_facets,approved,Pete Steward,2026-08-06,data/livestock-staging/approved_feed_material_facets.csv;data/livestock-staging/approved_generated_feed_material_facets.csv,Definition states only governed source identity and approved semantic assertions; no biological or nutritional claim is inferred.
AOM_001189,en,A feed material with governed source identity “cowpea” and characteristics: ingredient part — Vine.,composed_from_approved_semantic_facets,approved,Pete Steward,2026-08-06,data/livestock-staging/approved_feed_material_facets.csv;data/livestock-staging/approved_generated_feed_material_facets.csv,Definition states only governed source identity and approved semantic assertions; no biological or nutritional claim is inferred.
AOM_001191,en,A feed material with governed source identity “noug” and characteristics: ingredient part — Seed; processing method — Grinding.,composed_from_approved_semantic_facets,approved,Pete Steward,2026-08-06,data/livestock-staging/approved_feed_material_facets.csv;data/livestock-staging/approved_generated_feed_material_facets.csv,Definition states only governed source identity and approved semantic assertions; no biological or nutritional claim is inferred.
AOM_001195,en,A feed material with governed source identity “mango” and characteristics: ingredient part — Peel; processing method — Drying.,composed_from_approved_semantic_facets,approved,Pete Steward,2026-08-06,data/livestock-staging/approved_feed_material_facets.csv;data/livestock-staging/approved_generated_feed_material_facets.csv,Definition states only governed source identity and approved semantic assertions; no biological or nutritional claim is inferred.
AOM_001196,en,A feed material with governed source identity “mango” and characteristics: ingredient part — Seed.,composed_from_approved_semantic_facets,approved,Pete Steward,2026-08-06,data/livestock-staging/approved_feed_material_facets.csv;data/livestock-staging/approved_generated_feed_material_facets.csv,Definition states only governed source identity and approved semantic assertions; no biological or nutritional claim is inferred.
AOM_001197,en,A feed material with governed source identity “teff” and characteristics: ingredient part — Straw; processing method — Crushing.,composed_from_approved_semantic_facets,approved,Pete Steward,2026-08-06,data/livestock-staging/approved_feed_material_facets.csv;data/livestock-staging/approved_generated_feed_material_facets.csv,Definition states only governed source identity and approved semantic assertions; no biological or nutritional claim is inferred.
AOM_001200,en,A feed material with governed source identity “breadfruit” and characteristics: processing method — Grinding.,composed_from_approved_semantic_facets,approved,Pete Steward,2026-08-06,data/livestock-staging/approved_feed_material_facets.csv;data/livestock-staging/approved_generated_feed_material_facets.csv,Definition states only governed source identity and approved semantic assertions; no biological or nutritional claim is inferred.
AOM_001203,en,A feed material with governed source identity “alfalfa” and characteristics: processing method — Drying.,composed_from_approved_semantic_facets,approved,Pete Steward,2026-08-06,data/livestock-staging/approved_feed_material_facets.csv;data/livestock-staging/approved_generated_feed_material_facets.csv,Definition states only governed source identity and approved semantic assertions; no biological or nutritional claim is inferred.
AOM_001210,en,A feed material with governed source identity “desmodium” and characteristics: processing method — Drying.,composed_from_approved_semantic_facets,approved,Pete Steward,2026-08-06,data/livestock-staging/approved_feed_material_facets.csv;data/livestock-staging/approved_generated_feed_material_facets.csv,Definition states only governed source identity and approved semantic assertions; no biological or nutritional claim is inferred.
AOM_001215,en,A feed material with governed source identity “lablab purpureus” and characteristics: ingredient part — Leaf.,composed_from_approved_semantic_facets,approved,Pete Steward,2026-08-06,data/livestock-staging/approved_feed_material_facets.csv;data/livestock-staging/approved_generated_feed_material_facets.csv,Definition states only governed source identity and approved semantic assertions; no biological or nutritional claim is inferred.
AOM_001219,en,A feed material with governed source identity “lablab purpureus” and characteristics: ingredient part — Stover.,composed_from_approved_semantic_facets,approved,Pete Steward,2026-08-06,data/livestock-staging/approved_feed_material_facets.csv;data/livestock-staging/approved_generated_feed_material_facets.csv,Definition states only governed source identity and approved semantic assertions; no biological or nutritional claim is inferred.
AOM_001225,en,A feed material with governed source identity “medicago” and characteristics: ingredient part — Pod.,composed_from_approved_semantic_facets,approved,Pete Steward,2026-08-06,data/livestock-staging/approved_feed_material_facets.csv;data/livestock-staging/approved_generated_feed_material_facets.csv,Definition states only governed source identity and approved semantic assertions; no biological or nutritional claim is inferred.
AOM_001229,en,A feed material with governed source identity “sesbania sesban” and characteristics: processing method — Drying.,composed_from_approved_semantic_facets,approved,Pete Steward,2026-08-06,data/livestock-staging/approved_feed_material_facets.csv;data/livestock-staging/approved_generated_feed_material_facets.csv,Definition states only governed source identity and approved semantic assertions; no biological or nutritional claim is inferred.
AOM_001230,en,A feed material with governed source identity “sesbania sesban and twigs” and characteristics: ingredient part — Leaf.,composed_from_approved_semantic_facets,approved,Pete Steward,2026-08-06,data/livestock-staging/approved_feed_material_facets.csv;data/livestock-staging/approved_generated_feed_material_facets.csv,Definition states only governed source identity and approved semantic assertions; no biological or nutritional claim is inferred.
AOM_001232,en,A feed material with governed source identity “pueraria phaseoloides” and characteristics: ingredient part — Leaf.,composed_from_approved_semantic_facets,approved,Pete Steward,2026-08-06,data/livestock-staging/approved_feed_material_facets.csv;data/livestock-staging/approved_generated_feed_material_facets.csv,Definition states only governed source identity and approved semantic assertions; no biological or nutritional claim is inferred.
AOM_001235,en,A feed material with governed source identity “stylosanthes guianensis” and characteristics: ingredient part — Leaf.,composed_from_approved_semantic_facets,approved,Pete Steward,2026-08-06,data/livestock-staging/approved_feed_material_facets.csv;data/livestock-staging/approved_generated_feed_material_facets.csv,Definition states only governed source identity and approved semantic assertions; no biological or nutritional claim is inferred.
AOM_001238,en,A feed material with governed source identity “stylosanthes scabra” and characteristics: processing method — Drying.,composed_from_approved_semantic_facets,approved,Pete Steward,2026-08-06,data/livestock-staging/approved_feed_material_facets.csv;data/livestock-staging/approved_generated_feed_material_facets.csv,Definition states only governed source identity and approved semantic assertions; no biological or nutritional claim is inferred.
AOM_001241,en,A feed material with governed source identity “trifolium alexandrinum” and characteristics: ingredient part — Straw.,composed_from_approved_semantic_facets,approved,Pete Steward,2026-08-06,data/livestock-staging/approved_feed_material_facets.csv;data/livestock-staging/approved_generated_feed_material_facets.csv,Definition states only governed source identity and approved semantic assertions; no biological or nutritional claim is inferred.
AOM_001253,en,"A feed material with governed source identity “cotton” and characteristics: ingredient part — Seed; processing method — Drying, Grinding.",composed_from_approved_semantic_facets,approved,Pete Steward,2026-08-06,data/livestock-staging/approved_feed_material_facets.csv;data/livestock-staging/approved_generated_feed_material_facets.csv,Definition states only governed source identity and approved semantic assertions; no biological or nutritional claim is inferred.
AOM_001256,en,A feed material with governed source identity “fluted pumpkin” and characteristics: ingredient part — Leaf.,composed_from_approved_semantic_facets,approved,Pete Steward,2026-08-06,data/livestock-staging/approved_feed_material_facets.csv;data/livestock-staging/approved_generated_feed_material_facets.csv,Definition states only governed source identity and approved semantic assertions; no biological or nutritional claim is inferred.
AOM_001257,en,A feed material with governed source identity “fluted pumpkin” and characteristics: ingredient part — Leaf; processing method — Grinding.,composed_from_approved_semantic_facets,approved,Pete Steward,2026-08-06,data/livestock-staging/approved_feed_material_facets.csv;data/livestock-staging/approved_generated_feed_material_facets.csv,Definition states only governed source identity and approved semantic assertions; no biological or nutritional claim is inferred.
AOM_001259,en,A feed material with governed source identity “lemon essential” and characteristics: ingredient part — Peel.,composed_from_approved_semantic_facets,approved,Pete Steward,2026-08-06,data/livestock-staging/approved_feed_material_facets.csv;data/livestock-staging/approved_generated_feed_material_facets.csv,Definition states only governed source identity and approved semantic assertions; no biological or nutritional claim is inferred.
AOM_001261,en,A feed material with governed source identity “wheat remoulage” and characteristics: processing method — Grinding.,composed_from_approved_semantic_facets,approved,Pete Steward,2026-08-06,data/livestock-staging/approved_feed_material_facets.csv;data/livestock-staging/approved_generated_feed_material_facets.csv,Definition states only governed source identity and approved semantic assertions; no biological or nutritional claim is inferred.
AOM_001262,en,"A feed material with governed source identity “wheat” and characteristics: ingredient part — Straw; processing method — Drying, Urea treatment.",composed_from_approved_semantic_facets,approved,Pete Steward,2026-08-06,data/livestock-staging/approved_feed_material_facets.csv;data/livestock-staging/approved_generated_feed_material_facets.csv,Definition states only governed source identity and approved semantic assertions; no biological or nutritional claim is inferred.
AOM_001263,en,A feed material with governed source identity “cowpea” and characteristics: ingredient part — Leaf.,composed_from_approved_semantic_facets,approved,Pete Steward,2026-08-06,data/livestock-staging/approved_feed_material_facets.csv;data/livestock-staging/approved_generated_feed_material_facets.csv,Definition states only governed source identity and approved semantic assertions; no biological or nutritional claim is inferred.
AOM_001266,en,A feed material with governed source identity “taro” and characteristics: ingredient part — Leaf.,composed_from_approved_semantic_facets,approved,Pete Steward,2026-08-06,data/livestock-staging/approved_feed_material_facets.csv;data/livestock-staging/approved_generated_feed_material_facets.csv,Definition states only governed source identity and approved semantic assertions; no biological or nutritional claim is inferred.
AOM_001267,en,A feed material with governed source identity “sweet potato” and characteristics: ingredient part — Vine.,composed_from_approved_semantic_facets,approved,Pete Steward,2026-08-06,data/livestock-staging/approved_feed_material_facets.csv;data/livestock-staging/approved_generated_feed_material_facets.csv,Definition states only governed source identity and approved semantic assertions; no biological or nutritional claim is inferred.
AOM_001268,en,A feed material with governed source identity “sweet potato” and characteristics: ingredient part — Vine; processing method — Wilting.,composed_from_approved_semantic_facets,approved,Pete Steward,2026-08-06,data/livestock-staging/approved_feed_material_facets.csv;data/livestock-staging/approved_generated_feed_material_facets.csv,Definition states only governed source identity and approved semantic assertions; no biological or nutritional claim is inferred.
AOM_001270,en,A feed material with governed source identity “fluted pumpkin extract” and characteristics: ingredient part — Leaf.,composed_from_approved_semantic_facets,approved,Pete Steward,2026-08-06,data/livestock-staging/approved_feed_material_facets.csv;data/livestock-staging/approved_generated_feed_material_facets.csv,Definition states only governed source identity and approved semantic assertions; no biological or nutritional claim is inferred.
AOM_001271,en,A feed material with governed source identity “soybean” and characteristics: ingredient part — Straw.,composed_from_approved_semantic_facets,approved,Pete Steward,2026-08-06,data/livestock-staging/approved_feed_material_facets.csv;data/livestock-staging/approved_generated_feed_material_facets.csv,Definition states only governed source identity and approved semantic assertions; no biological or nutritional claim is inferred.
AOM_001272,en,A feed material with governed source identity “soybean” and characteristics: ingredient part — Shell.,composed_from_approved_semantic_facets,approved,Pete Steward,2026-08-06,data/livestock-staging/approved_feed_material_facets.csv;data/livestock-staging/approved_generated_feed_material_facets.csv,Definition states only governed source identity and approved semantic assertions; no biological or nutritional claim is inferred.
AOM_001274,en,A feed material with governed source identity “unspecified crop” and characteristics: ingredient part — Bran.,composed_from_approved_semantic_facets,approved,Pete Steward,2026-08-06,data/livestock-staging/approved_feed_material_facets.csv;data/livestock-staging/approved_generated_feed_material_facets.csv,Definition states only governed source identity and approved semantic assertions; no biological or nutritional claim is inferred.
AOM_001276,en,A feed material with governed source identity “sorghum” and characteristics: processing method — Grinding.,composed_from_approved_semantic_facets,approved,Pete Steward,2026-08-06,data/livestock-staging/approved_feed_material_facets.csv;data/livestock-staging/approved_generated_feed_material_facets.csv,Definition states only governed source identity and approved semantic assertions; no biological or nutritional claim is inferred.
AOM_001277,en,A feed material with governed source identity “sesame” and characteristics: ingredient part — Seed.,composed_from_approved_semantic_facets,approved,Pete Steward,2026-08-06,data/livestock-staging/approved_feed_material_facets.csv;data/livestock-staging/approved_generated_feed_material_facets.csv,Definition states only governed source identity and approved semantic assertions; no biological or nutritional claim is inferred.
AOM_001279,en,"A feed material with governed source identity “sesame” and characteristics: ingredient part — Seed; processing method — Grinding, Roasting.",composed_from_approved_semantic_facets,approved,Pete Steward,2026-08-06,data/livestock-staging/approved_feed_material_facets.csv;data/livestock-staging/approved_generated_feed_material_facets.csv,Definition states only governed source identity and approved semantic assertions; no biological or nutritional claim is inferred.
AOM_001283,en,A feed material with governed source identity “plantain” and characteristics: ingredient part — Peel.,composed_from_approved_semantic_facets,approved,Pete Steward,2026-08-06,data/livestock-staging/approved_feed_material_facets.csv;data/livestock-staging/approved_generated_feed_material_facets.csv,Definition states only governed source identity and approved semantic assertions; no biological or nutritional claim is inferred.
AOM_001285,en,A feed material with governed source identity “pea” and characteristics: ingredient part — Straw.,composed_from_approved_semantic_facets,approved,Pete Steward,2026-08-06,data/livestock-staging/approved_feed_material_facets.csv;data/livestock-staging/approved_generated_feed_material_facets.csv,Definition states only governed source identity and approved semantic assertions; no biological or nutritional claim is inferred.
AOM_001286,en,A feed material with governed source identity “papaya” and characteristics: ingredient part — Leaf.,composed_from_approved_semantic_facets,approved,Pete Steward,2026-08-06,data/livestock-staging/approved_feed_material_facets.csv;data/livestock-staging/approved_generated_feed_material_facets.csv,Definition states only governed source identity and approved semantic assertions; no biological or nutritional claim is inferred.
AOM_001289,en,A feed material with governed source identity “maize” and characteristics: ingredient constituent — Starch constituent.,composed_from_approved_semantic_facets,approved,Pete Steward,2026-08-06,data/livestock-staging/approved_feed_material_facets.csv;data/livestock-staging/approved_generated_feed_material_facets.csv,Definition states only governed source identity and approved semantic assertions; no biological or nutritional claim is inferred.
AOM_001290,en,A feed material with governed source identity “millet” and characteristics: ingredient part — Bran.,composed_from_approved_semantic_facets,approved,Pete Steward,2026-08-06,data/livestock-staging/approved_feed_material_facets.csv;data/livestock-staging/approved_generated_feed_material_facets.csv,Definition states only governed source identity and approved semantic assertions; no biological or nutritional claim is inferred.
AOM_001291,en,A feed material with governed source identity “millet” and characteristics: ingredient part — Straw.,composed_from_approved_semantic_facets,approved,Pete Steward,2026-08-06,data/livestock-staging/approved_feed_material_facets.csv;data/livestock-staging/approved_generated_feed_material_facets.csv,Definition states only governed source identity and approved semantic assertions; no biological or nutritional claim is inferred.
AOM_001293,en,A feed material with governed source identity “maize gluten” and characteristics: processing method — Grinding.,composed_from_approved_semantic_facets,approved,Pete Steward,2026-08-06,data/livestock-staging/approved_feed_material_facets.csv;data/livestock-staging/approved_generated_feed_material_facets.csv,Definition states only governed source identity and approved semantic assertions; no biological or nutritional claim is inferred.
AOM_001295,en,A feed material with governed source identity “maize germ” and characteristics: processing method — Grinding.,composed_from_approved_semantic_facets,approved,Pete Steward,2026-08-06,data/livestock-staging/approved_feed_material_facets.csv;data/livestock-staging/approved_generated_feed_material_facets.csv,Definition states only governed source identity and approved semantic assertions; no biological or nutritional claim is inferred.
AOM_001298,en,A feed material with governed source identity “maize” and characteristics: ingredient part — Leaf.,composed_from_approved_semantic_facets,approved,Pete Steward,2026-08-06,data/livestock-staging/approved_feed_material_facets.csv;data/livestock-staging/approved_generated_feed_material_facets.csv,Definition states only governed source identity and approved semantic assertions; no biological or nutritional claim is inferred.
AOM_001299,en,A feed material with governed source identity “maize” and characteristics: ingredient part — Husk.,composed_from_approved_semantic_facets,approved,Pete Steward,2026-08-06,data/livestock-staging/approved_feed_material_facets.csv;data/livestock-staging/approved_generated_feed_material_facets.csv,Definition states only governed source identity and approved semantic assertions; no biological or nutritional claim is inferred.
AOM_001300,en,A feed material with governed source identity “arugula” and characteristics: ingredient part — Seed; processing method — Grinding.,composed_from_approved_semantic_facets,approved,Pete Steward,2026-08-06,data/livestock-staging/approved_feed_material_facets.csv;data/livestock-staging/approved_generated_feed_material_facets.csv,Definition states only governed source identity and approved semantic assertions; no biological or nutritional claim is inferred.
AOM_001301,en,A feed material with governed source identity “linseed” and characteristics: processing method — Grinding.,composed_from_approved_semantic_facets,approved,Pete Steward,2026-08-06,data/livestock-staging/approved_feed_material_facets.csv;data/livestock-staging/approved_generated_feed_material_facets.csv,Definition states only governed source identity and approved semantic assertions; no biological or nutritional claim is inferred.
AOM_001304,en,A feed material with governed source identity “noug” and characteristics: processing method — Grinding.,composed_from_approved_semantic_facets,approved,Pete Steward,2026-08-06,data/livestock-staging/approved_feed_material_facets.csv;data/livestock-staging/approved_generated_feed_material_facets.csv,Definition states only governed source identity and approved semantic assertions; no biological or nutritional claim is inferred.
AOM_001306,en,A feed material with governed source identity “coconut” and characteristics: processing method — Grinding.,composed_from_approved_semantic_facets,approved,Pete Steward,2026-08-06,data/livestock-staging/approved_feed_material_facets.csv;data/livestock-staging/approved_generated_feed_material_facets.csv,Definition states only governed source identity and approved semantic assertions; no biological or nutritional claim is inferred.
AOM_001307,en,A feed material with governed source identity “canola” and characteristics: processing method — Grinding.,composed_from_approved_semantic_facets,approved,Pete Steward,2026-08-06,data/livestock-staging/approved_feed_material_facets.csv;data/livestock-staging/approved_generated_feed_material_facets.csv,Definition states only governed source identity and approved semantic assertions; no biological or nutritional claim is inferred.
AOM_001312,en,A feed material with governed source identity “cotton” and characteristics: ingredient part — Seed.,composed_from_approved_semantic_facets,approved,Pete Steward,2026-08-06,data/livestock-staging/approved_feed_material_facets.csv;data/livestock-staging/approved_generated_feed_material_facets.csv,Definition states only governed source identity and approved semantic assertions; no biological or nutritional claim is inferred.
AOM_001313,en,A feed material with governed source identity “maize” and characteristics: ingredient part — Grain; material integrity — Whole grain.,composed_from_approved_semantic_facets,approved,Pete Steward,2026-08-06,data/livestock-staging/approved_feed_material_facets.csv;data/livestock-staging/approved_generated_feed_material_facets.csv,Definition states only governed source identity and approved semantic assertions; no biological or nutritional claim is inferred.
AOM_001318,en,A feed material with governed source identity “wheat” and characteristics: ingredient part — Grain.,composed_from_approved_semantic_facets,approved,Pete Steward,2026-08-06,data/livestock-staging/approved_feed_material_facets.csv;data/livestock-staging/approved_generated_feed_material_facets.csv,Definition states only governed source identity and approved semantic assertions; no biological or nutritional claim is inferred.
AOM_001320,en,A feed material with governed source identity “common bean” and characteristics: processing method — Crushing.,composed_from_approved_semantic_facets,approved,Pete Steward,2026-08-06,data/livestock-staging/approved_feed_material_facets.csv;data/livestock-staging/approved_generated_feed_material_facets.csv,Definition states only governed source identity and approved semantic assertions; no biological or nutritional claim is inferred.
AOM_001321,en,A feed material with governed source identity “safflower” and characteristics: processing method — Grinding.,composed_from_approved_semantic_facets,approved,Pete Steward,2026-08-06,data/livestock-staging/approved_feed_material_facets.csv;data/livestock-staging/approved_generated_feed_material_facets.csv,Definition states only governed source identity and approved semantic assertions; no biological or nutritional claim is inferred.
AOM_001322,en,A feed material with governed source identity “cassava” and characteristics: processing method — Grinding.,composed_from_approved_semantic_facets,approved,Pete Steward,2026-08-06,data/livestock-staging/approved_feed_material_facets.csv;data/livestock-staging/approved_generated_feed_material_facets.csv,Definition states only governed source identity and approved semantic assertions; no biological or nutritional claim is inferred.
AOM_001323,en,"A feed material with governed source identity “coffee” and characteristics: processing method — Grinding, Roasting.",composed_from_approved_semantic_facets,approved,Pete Steward,2026-08-06,data/livestock-staging/approved_feed_material_facets.csv;data/livestock-staging/approved_generated_feed_material_facets.csv,Definition states only governed source identity and approved semantic assertions; no biological or nutritional claim is inferred.
AOM_001324,en,A feed material with governed source identity “maize” and characteristics: ingredient part — Grain; material integrity — Whole grain; processing method — Grinding.,composed_from_approved_semantic_facets,approved,Pete Steward,2026-08-06,data/livestock-staging/approved_feed_material_facets.csv;data/livestock-staging/approved_generated_feed_material_facets.csv,Definition states only governed source identity and approved semantic assertions; no biological or nutritional claim is inferred.
AOM_001326,en,A feed material with governed source identity “crop maize” and characteristics: material component — Whole crop; processing method — Ensiling.,composed_from_approved_semantic_facets,approved,Pete Steward,2026-08-06,data/livestock-staging/approved_feed_material_facets.csv;data/livestock-staging/approved_generated_feed_material_facets.csv,Definition states only governed source identity and approved semantic assertions; no biological or nutritional claim is inferred.
AOM_001331,en,A feed material with governed source identity “oat” and characteristics: ingredient part — Grain.,composed_from_approved_semantic_facets,approved,Pete Steward,2026-08-06,data/livestock-staging/approved_feed_material_facets.csv;data/livestock-staging/approved_generated_feed_material_facets.csv,Definition states only governed source identity and approved semantic assertions; no biological or nutritional claim is inferred.
AOM_001332,en,A feed material with governed source identity “oat” and characteristics: processing method — Grinding.,composed_from_approved_semantic_facets,approved,Pete Steward,2026-08-06,data/livestock-staging/approved_feed_material_facets.csv;data/livestock-staging/approved_generated_feed_material_facets.csv,Definition states only governed source identity and approved semantic assertions; no biological or nutritional claim is inferred.
AOM_001335,en,A feed material with governed source identity “sesame” and characteristics: processing method — Grinding.,composed_from_approved_semantic_facets,approved,Pete Steward,2026-08-06,data/livestock-staging/approved_feed_material_facets.csv;data/livestock-staging/approved_generated_feed_material_facets.csv,Definition states only governed source identity and approved semantic assertions; no biological or nutritional claim is inferred.
AOM_001336,en,A feed material with governed source identity “sesame” and characteristics: ingredient part — Seed; processing method — Grinding.,composed_from_approved_semantic_facets,approved,Pete Steward,2026-08-06,data/livestock-staging/approved_feed_material_facets.csv;data/livestock-staging/approved_generated_feed_material_facets.csv,Definition states only governed source identity and approved semantic assertions; no biological or nutritional claim is inferred.
AOM_001337,en,A feed material with governed source identity “sunflower” and characteristics: processing method — Grinding.,composed_from_approved_semantic_facets,approved,Pete Steward,2026-08-06,data/livestock-staging/approved_feed_material_facets.csv;data/livestock-staging/approved_generated_feed_material_facets.csv,Definition states only governed source identity and approved semantic assertions; no biological or nutritional claim is inferred.
AOM_001338,en,A feed material with governed source identity “sunflower” and characteristics: ingredient part — Seed.,composed_from_approved_semantic_facets,approved,Pete Steward,2026-08-06,data/livestock-staging/approved_feed_material_facets.csv;data/livestock-staging/approved_generated_feed_material_facets.csv,Definition states only governed source identity and approved semantic assertions; no biological or nutritional claim is inferred.
AOM_001339,en,A feed material with governed source identity “sorghum” and characteristics: processing method — Ensiling.,composed_from_approved_semantic_facets,approved,Pete Steward,2026-08-06,data/livestock-staging/approved_feed_material_facets.csv;data/livestock-staging/approved_generated_feed_material_facets.csv,Definition states only governed source identity and approved semantic assertions; no biological or nutritional claim is inferred.
AOM_001345,en,A feed material with governed source identity “rosemary” and characteristics: ingredient part — Leaf.,composed_from_approved_semantic_facets,approved,Pete Steward,2026-08-06,data/livestock-staging/approved_feed_material_facets.csv;data/livestock-staging/approved_generated_feed_material_facets.csv,Definition states only governed source identity and approved semantic assertions; no biological or nutritional claim is inferred.
AOM_001346,en,A feed material with governed source identity “wheat” and characteristics: processing method — Grinding.,composed_from_approved_semantic_facets,approved,Pete Steward,2026-08-06,data/livestock-staging/approved_feed_material_facets.csv;data/livestock-staging/approved_generated_feed_material_facets.csv,Definition states only governed source identity and approved semantic assertions; no biological or nutritional claim is inferred.
AOM_001347,en,"A feed material with governed source identity “winged bean” and characteristics: processing method — Autoclaving, Grinding.",composed_from_approved_semantic_facets,approved,Pete Steward,2026-08-06,data/livestock-staging/approved_feed_material_facets.csv;data/livestock-staging/approved_generated_feed_material_facets.csv,Definition states only governed source identity and approved semantic assertions; no biological or nutritional claim is inferred.
AOM_001348,en,"A feed material with governed source identity “winged bean” and characteristics: processing method — Grinding, Roasting.",composed_from_approved_semantic_facets,approved,Pete Steward,2026-08-06,data/livestock-staging/approved_feed_material_facets.csv;data/livestock-staging/approved_generated_feed_material_facets.csv,Definition states only governed source identity and approved semantic assertions; no biological or nutritional claim is inferred.
AOM_001355,en,A feed material with governed source identity “oat” and characteristics: processing method — Ensiling.,composed_from_approved_semantic_facets,approved,Pete Steward,2026-08-06,data/livestock-staging/approved_feed_material_facets.csv;data/livestock-staging/approved_generated_feed_material_facets.csv,Definition states only governed source identity and approved semantic assertions; no biological or nutritional claim is inferred.
AOM_001357,en,A feed material with governed source identity “black cumin” and characteristics: ingredient part — Seed.,composed_from_approved_semantic_facets,approved,Pete Steward,2026-08-06,data/livestock-staging/approved_feed_material_facets.csv;data/livestock-staging/approved_generated_feed_material_facets.csv,Definition states only governed source identity and approved semantic assertions; no biological or nutritional claim is inferred.
AOM_001358,en,A feed material with governed source identity “black cumin” and characteristics: processing method — Grinding.,composed_from_approved_semantic_facets,approved,Pete Steward,2026-08-06,data/livestock-staging/approved_feed_material_facets.csv;data/livestock-staging/approved_generated_feed_material_facets.csv,Definition states only governed source identity and approved semantic assertions; no biological or nutritional claim is inferred.
AOM_001361,en,A feed material with governed source identity “soybean flakes” and characteristics: processing method — Defatting.,composed_from_approved_semantic_facets,approved,Pete Steward,2026-08-06,data/livestock-staging/approved_feed_material_facets.csv;data/livestock-staging/approved_generated_feed_material_facets.csv,Definition states only governed source identity and approved semantic assertions; no biological or nutritional claim is inferred.
AOM_001362,en,"A feed material with governed source identity “soybean flakes” and characteristics: processing method — Defatting, Extrusion.",composed_from_approved_semantic_facets,approved,Pete Steward,2026-08-06,data/livestock-staging/approved_feed_material_facets.csv;data/livestock-staging/approved_generated_feed_material_facets.csv,Definition states only governed source identity and approved semantic assertions; no biological or nutritional claim is inferred.
AOM_001364,en,A feed material with governed source identity “soybean full fat” and characteristics: processing method — Roasting.,composed_from_approved_semantic_facets,approved,Pete Steward,2026-08-06,data/livestock-staging/approved_feed_material_facets.csv;data/livestock-staging/approved_generated_feed_material_facets.csv,Definition states only governed source identity and approved semantic assertions; no biological or nutritional claim is inferred.
AOM_001366,en,A feed material with governed source identity “guar gum” and characteristics: processing method — Grinding.,composed_from_approved_semantic_facets,approved,Pete Steward,2026-08-06,data/livestock-staging/approved_feed_material_facets.csv;data/livestock-staging/approved_generated_feed_material_facets.csv,Definition states only governed source identity and approved semantic assertions; no biological or nutritional claim is inferred.
AOM_001381,en,A feed material with governed source identity “andropogon gayanus” and characteristics: processing method — Ensiling.,composed_from_approved_semantic_facets,approved,Pete Steward,2026-08-06,data/livestock-staging/approved_feed_material_facets.csv;data/livestock-staging/approved_generated_feed_material_facets.csv,Definition states only governed source identity and approved semantic assertions; no biological or nutritional claim is inferred.
AOM_001386,en,A feed material with governed source identity “hordeum vulgare” and characteristics: processing method — Drying.,composed_from_approved_semantic_facets,approved,Pete Steward,2026-08-06,data/livestock-staging/approved_feed_material_facets.csv;data/livestock-staging/approved_generated_feed_material_facets.csv,Definition states only governed source identity and approved semantic assertions; no biological or nutritional claim is inferred.
AOM_001396,en,A feed material with governed source identity “bracharia” and characteristics: processing method — Drying.,composed_from_approved_semantic_facets,approved,Pete Steward,2026-08-06,data/livestock-staging/approved_feed_material_facets.csv;data/livestock-staging/approved_generated_feed_material_facets.csv,Definition states only governed source identity and approved semantic assertions; no biological or nutritional claim is inferred.
AOM_001400,en,A feed material with governed source identity “cenchrus ciliaris” and characteristics: processing method — Drying.,composed_from_approved_semantic_facets,approved,Pete Steward,2026-08-06,data/livestock-staging/approved_feed_material_facets.csv;data/livestock-staging/approved_generated_feed_material_facets.csv,Definition states only governed source identity and approved semantic assertions; no biological or nutritional claim is inferred.
AOM_001404,en,A feed material with governed source identity “hyparrhenia” and characteristics: processing method — Drying.,composed_from_approved_semantic_facets,approved,Pete Steward,2026-08-06,data/livestock-staging/approved_feed_material_facets.csv;data/livestock-staging/approved_generated_feed_material_facets.csv,Definition states only governed source identity and approved semantic assertions; no biological or nutritional claim is inferred.
AOM_001408,en,A feed material with governed source identity “panicum maximum” and characteristics: ingredient part — Straw.,composed_from_approved_semantic_facets,approved,Pete Steward,2026-08-06,data/livestock-staging/approved_feed_material_facets.csv;data/livestock-staging/approved_generated_feed_material_facets.csv,Definition states only governed source identity and approved semantic assertions; no biological or nutritional claim is inferred.
AOM_001410,en,A feed material with governed source identity “pennisetum clandestinum” and characteristics: processing method — Ensiling.,composed_from_approved_semantic_facets,approved,Pete Steward,2026-08-06,data/livestock-staging/approved_feed_material_facets.csv;data/livestock-staging/approved_generated_feed_material_facets.csv,Definition states only governed source identity and approved semantic assertions; no biological or nutritional claim is inferred.
AOM_001411,en,A feed material with governed source identity “pennisetum clandestinum” and characteristics: processing method — Grinding.,composed_from_approved_semantic_facets,approved,Pete Steward,2026-08-06,data/livestock-staging/approved_feed_material_facets.csv;data/livestock-staging/approved_generated_feed_material_facets.csv,Definition states only governed source identity and approved semantic assertions; no biological or nutritional claim is inferred.
AOM_001419,en,A feed material with governed source identity “saccharomyces cerevisiae” and characteristics: processing method — Drying.,composed_from_approved_semantic_facets,approved,Pete Steward,2026-08-06,data/livestock-staging/approved_feed_material_facets.csv;data/livestock-staging/approved_generated_feed_material_facets.csv,Definition states only governed source identity and approved semantic assertions; no biological or nutritional claim is inferred.
AOM_001436,en,A feed material with governed source identity “tomato skin” and characteristics: ingredient part — Seed.,composed_from_approved_semantic_facets,approved,Pete Steward,2026-08-06,data/livestock-staging/approved_feed_material_facets.csv;data/livestock-staging/approved_generated_feed_material_facets.csv,Definition states only governed source identity and approved semantic assertions; no biological or nutritional claim is inferred.
AOM_001440,en,A feed material with governed source identity “sesame” and characteristics: ingredient part — Seed.,composed_from_approved_semantic_facets,approved,Pete Steward,2026-08-06,data/livestock-staging/approved_feed_material_facets.csv;data/livestock-staging/approved_generated_feed_material_facets.csv,Definition states only governed source identity and approved semantic assertions; no biological or nutritional claim is inferred.
AOM_001454,en,A feed material with governed source identity “urochloa mosambicensis” and characteristics: processing method — Drying.,composed_from_approved_semantic_facets,approved,Pete Steward,2026-08-06,data/livestock-staging/approved_feed_material_facets.csv;data/livestock-staging/approved_generated_feed_material_facets.csv,Definition states only governed source identity and approved semantic assertions; no biological or nutritional claim is inferred.
AOM_001459,en,A feed material with governed source identity “bothriochloa” and characteristics: processing method — Drying.,composed_from_approved_semantic_facets,approved,Pete Steward,2026-08-06,data/livestock-staging/approved_feed_material_facets.csv;data/livestock-staging/approved_generated_feed_material_facets.csv,Definition states only governed source identity and approved semantic assertions; no biological or nutritional claim is inferred.
AOM_001483,en,A feed material with governed source identity “sugar beet” and characteristics: feed product type — Processing pulp.,composed_from_approved_semantic_facets,approved,Pete Steward,2026-08-06,data/livestock-staging/approved_feed_material_facets.csv;data/livestock-staging/approved_generated_feed_material_facets.csv,Definition states only governed source identity and approved semantic assertions; no biological or nutritional claim is inferred.
AOM_001498,en,A feed material with governed source identity “sheep” and characteristics: feed product type — Compound feed.,composed_from_approved_semantic_facets,approved,Pete Steward,2026-08-06,data/livestock-staging/approved_feed_material_facets.csv;data/livestock-staging/approved_generated_feed_material_facets.csv,Definition states only governed source identity and approved semantic assertions; no biological or nutritional claim is inferred.
AOM_001525,en,A feed material with governed source identity “piliostigma thonningii” and characteristics: ingredient part — Leaf.,composed_from_approved_semantic_facets,approved,Pete Steward,2026-08-06,data/livestock-staging/approved_feed_material_facets.csv;data/livestock-staging/approved_generated_feed_material_facets.csv,Definition states only governed source identity and approved semantic assertions; no biological or nutritional claim is inferred.
AOM_001528,en,A feed material with governed source identity “centrosema molle” and characteristics: ingredient part — Leaf.,composed_from_approved_semantic_facets,approved,Pete Steward,2026-08-06,data/livestock-staging/approved_feed_material_facets.csv;data/livestock-staging/approved_generated_feed_material_facets.csv,Definition states only governed source identity and approved semantic assertions; no biological or nutritional claim is inferred.
AOM_001531,en,A feed material with governed source identity “psophocarpus scandens” and characteristics: ingredient part — Leaf.,composed_from_approved_semantic_facets,approved,Pete Steward,2026-08-06,data/livestock-staging/approved_feed_material_facets.csv;data/livestock-staging/approved_generated_feed_material_facets.csv,Definition states only governed source identity and approved semantic assertions; no biological or nutritional claim is inferred.
AOM_001534,en,A feed material with governed source identity “amaranthus cruentus” and characteristics: ingredient part — Leaf; processing method — Grinding.,composed_from_approved_semantic_facets,approved,Pete Steward,2026-08-06,data/livestock-staging/approved_feed_material_facets.csv;data/livestock-staging/approved_generated_feed_material_facets.csv,Definition states only governed source identity and approved semantic assertions; no biological or nutritional claim is inferred.
AOM_001550,en,A feed material with governed source identity “talinium triangulare” and characteristics: ingredient part — Leaf.,composed_from_approved_semantic_facets,approved,Pete Steward,2026-08-06,data/livestock-staging/approved_feed_material_facets.csv;data/livestock-staging/approved_generated_feed_material_facets.csv,Definition states only governed source identity and approved semantic assertions; no biological or nutritional claim is inferred.
AOM_001552,en,A feed material with governed source identity “water hyacinth” and characteristics: processing method — Fermentation.,composed_from_approved_semantic_facets,approved,Pete Steward,2026-08-06,data/livestock-staging/approved_feed_material_facets.csv;data/livestock-staging/approved_generated_feed_material_facets.csv,Definition states only governed source identity and approved semantic assertions; no biological or nutritional claim is inferred.
AOM_001554,en,A feed material with governed source identity “water hyacinth molasses” and characteristics: processing method — Fermentation.,composed_from_approved_semantic_facets,approved,Pete Steward,2026-08-06,data/livestock-staging/approved_feed_material_facets.csv;data/livestock-staging/approved_generated_feed_material_facets.csv,Definition states only governed source identity and approved semantic assertions; no biological or nutritional claim is inferred.
AOM_001555,en,A feed material with governed source identity “water hyacinth yeast” and characteristics: processing method — Fermentation.,composed_from_approved_semantic_facets,approved,Pete Steward,2026-08-06,data/livestock-staging/approved_feed_material_facets.csv;data/livestock-staging/approved_generated_feed_material_facets.csv,Definition states only governed source identity and approved semantic assertions; no biological or nutritional claim is inferred.
AOM_001559,en,A feed material with governed source identity “potamogeton lucens” and characteristics: ingredient part — Leaf.,composed_from_approved_semantic_facets,approved,Pete Steward,2026-08-06,data/livestock-staging/approved_feed_material_facets.csv;data/livestock-staging/approved_generated_feed_material_facets.csv,Definition states only governed source identity and approved semantic assertions; no biological or nutritional claim is inferred.
AOM_001560,en,A feed material with governed source identity “potamogeton lucens” and characteristics: ingredient part — Pod.,composed_from_approved_semantic_facets,approved,Pete Steward,2026-08-06,data/livestock-staging/approved_feed_material_facets.csv;data/livestock-staging/approved_generated_feed_material_facets.csv,Definition states only governed source identity and approved semantic assertions; no biological or nutritional claim is inferred.
AOM_001564,en,A feed material with governed source identity “ulva rigida” and characteristics: processing method — Grinding.,composed_from_approved_semantic_facets,approved,Pete Steward,2026-08-06,data/livestock-staging/approved_feed_material_facets.csv;data/livestock-staging/approved_generated_feed_material_facets.csv,Definition states only governed source identity and approved semantic assertions; no biological or nutritional claim is inferred.
AOM_001568,en,A feed material with governed source identity “adansonia digitata” and characteristics: ingredient part — Seed.,composed_from_approved_semantic_facets,approved,Pete Steward,2026-08-06,data/livestock-staging/approved_feed_material_facets.csv;data/livestock-staging/approved_generated_feed_material_facets.csv,Definition states only governed source identity and approved semantic assertions; no biological or nutritional claim is inferred.
AOM_001581,en,A feed material with governed source identity “andropogon gayanus” and characteristics: processing method — Drying.,composed_from_approved_semantic_facets,approved,Pete Steward,2026-08-06,data/livestock-staging/approved_feed_material_facets.csv;data/livestock-staging/approved_generated_feed_material_facets.csv,Definition states only governed source identity and approved semantic assertions; no biological or nutritional claim is inferred.
AOM_001583,en,"A feed material with governed source identity “soybean” and characteristics: processing method — Autoclaving, Grinding.",composed_from_approved_semantic_facets,approved,Pete Steward,2026-08-06,data/livestock-staging/approved_feed_material_facets.csv;data/livestock-staging/approved_generated_feed_material_facets.csv,Definition states only governed source identity and approved semantic assertions; no biological or nutritional claim is inferred.
AOM_001590,en,A feed material with governed source identity “acacia angustissima” and characteristics: processing method — Drying.,composed_from_approved_semantic_facets,approved,Pete Steward,2026-08-06,data/livestock-staging/approved_feed_material_facets.csv;data/livestock-staging/approved_generated_feed_material_facets.csv,Definition states only governed source identity and approved semantic assertions; no biological or nutritional claim is inferred.
AOM_001591,en,A feed material with governed source identity “acacia angustissima” and characteristics: ingredient part — Leaf.,composed_from_approved_semantic_facets,approved,Pete Steward,2026-08-06,data/livestock-staging/approved_feed_material_facets.csv;data/livestock-staging/approved_generated_feed_material_facets.csv,Definition states only governed source identity and approved semantic assertions; no biological or nutritional claim is inferred.
AOM_001592,en,"A feed material with governed source identity “acacia angusitissima” and characteristics: ingredient part — Leaf; processing method — Drying, Ensiling.",composed_from_approved_semantic_facets,approved,Pete Steward,2026-08-06,data/livestock-staging/approved_feed_material_facets.csv;data/livestock-staging/approved_generated_feed_material_facets.csv,Definition states only governed source identity and approved semantic assertions; no biological or nutritional claim is inferred.
AOM_001593,en,A feed material with governed source identity “acacia nilotica” and characteristics: ingredient part — Leaf.,composed_from_approved_semantic_facets,approved,Pete Steward,2026-08-06,data/livestock-staging/approved_feed_material_facets.csv;data/livestock-staging/approved_generated_feed_material_facets.csv,Definition states only governed source identity and approved semantic assertions; no biological or nutritional claim is inferred.
AOM_001594,en,A feed material with governed source identity “acacia nilotica” and characteristics: ingredient part — Leaf; processing method — Drying.,composed_from_approved_semantic_facets,approved,Pete Steward,2026-08-06,data/livestock-staging/approved_feed_material_facets.csv;data/livestock-staging/approved_generated_feed_material_facets.csv,Definition states only governed source identity and approved semantic assertions; no biological or nutritional claim is inferred.
AOM_001595,en,A feed material with governed source identity “acacia nilotica” and characteristics: ingredient part — Pod.,composed_from_approved_semantic_facets,approved,Pete Steward,2026-08-06,data/livestock-staging/approved_feed_material_facets.csv;data/livestock-staging/approved_generated_feed_material_facets.csv,Definition states only governed source identity and approved semantic assertions; no biological or nutritional claim is inferred.
AOM_001596,en,A feed material with governed source identity “acacia nilotica” and characteristics: ingredient part — Pod; processing method — Drying.,composed_from_approved_semantic_facets,approved,Pete Steward,2026-08-06,data/livestock-staging/approved_feed_material_facets.csv;data/livestock-staging/approved_generated_feed_material_facets.csv,Definition states only governed source identity and approved semantic assertions; no biological or nutritional claim is inferred.
AOM_001597,en,A feed material with governed source identity “acacia senegal” and characteristics: ingredient part — Leaf; processing method — Drying.,composed_from_approved_semantic_facets,approved,Pete Steward,2026-08-06,data/livestock-staging/approved_feed_material_facets.csv;data/livestock-staging/approved_generated_feed_material_facets.csv,Definition states only governed source identity and approved semantic assertions; no biological or nutritional claim is inferred.
AOM_001598,en,A feed material with governed source identity “acacia senegal” and characteristics: ingredient part — Pod; processing method — Drying.,composed_from_approved_semantic_facets,approved,Pete Steward,2026-08-06,data/livestock-staging/approved_feed_material_facets.csv;data/livestock-staging/approved_generated_feed_material_facets.csv,Definition states only governed source identity and approved semantic assertions; no biological or nutritional claim is inferred.
AOM_001599,en,"A feed material with governed source identity “acacia sieberiana” and characteristics: processing method — Drying, Ensiling, Grinding.",composed_from_approved_semantic_facets,approved,Pete Steward,2026-08-06,data/livestock-staging/approved_feed_material_facets.csv;data/livestock-staging/approved_generated_feed_material_facets.csv,Definition states only governed source identity and approved semantic assertions; no biological or nutritional claim is inferred.
AOM_001600,en,A feed material with governed source identity “vachellia polyacantha” and characteristics: ingredient part — Leaf.,composed_from_approved_semantic_facets,approved,Pete Steward,2026-08-06,data/livestock-staging/approved_feed_material_facets.csv;data/livestock-staging/approved_generated_feed_material_facets.csv,Definition states only governed source identity and approved semantic assertions; no biological or nutritional claim is inferred.
AOM_001601,en,A feed material with governed source identity “acacia tortilis” and characteristics: ingredient part — Pod; processing method — Grinding.,composed_from_approved_semantic_facets,approved,Pete Steward,2026-08-06,data/livestock-staging/approved_feed_material_facets.csv;data/livestock-staging/approved_generated_feed_material_facets.csv,Definition states only governed source identity and approved semantic assertions; no biological or nutritional claim is inferred.
AOM_001602,en,A feed material with governed source identity “acacia tortilis” and characteristics: ingredient part — Pod; processing method — Drying.,composed_from_approved_semantic_facets,approved,Pete Steward,2026-08-06,data/livestock-staging/approved_feed_material_facets.csv;data/livestock-staging/approved_generated_feed_material_facets.csv,Definition states only governed source identity and approved semantic assertions; no biological or nutritional claim is inferred.
AOM_001604,en,A feed material with governed source identity “acacia tortilis fruits” and characteristics: processing method — Drying.,composed_from_approved_semantic_facets,approved,Pete Steward,2026-08-06,data/livestock-staging/approved_feed_material_facets.csv;data/livestock-staging/approved_generated_feed_material_facets.csv,Definition states only governed source identity and approved semantic assertions; no biological or nutritional claim is inferred.
AOM_001605,en,"A feed material with governed source identity “african palm larvae” and characteristics: processing method — Drying, Grinding.",composed_from_approved_semantic_facets,approved,Pete Steward,2026-08-06,data/livestock-staging/approved_feed_material_facets.csv;data/livestock-staging/approved_generated_feed_material_facets.csv,Definition states only governed source identity and approved semantic assertions; no biological or nutritional claim is inferred.
AOM_001609,en,A feed material with governed source identity “annona senegalensis” and characteristics: ingredient part — Leaf; processing method — Wilting.,composed_from_approved_semantic_facets,approved,Pete Steward,2026-08-06,data/livestock-staging/approved_feed_material_facets.csv;data/livestock-staging/approved_generated_feed_material_facets.csv,Definition states only governed source identity and approved semantic assertions; no biological or nutritional claim is inferred.
AOM_001610,en,A feed material with governed source identity “oyster shells” and characteristics: processing method — Grinding.,composed_from_approved_semantic_facets,approved,Pete Steward,2026-08-06,data/livestock-staging/approved_feed_material_facets.csv;data/livestock-staging/approved_generated_feed_material_facets.csv,Definition states only governed source identity and approved semantic assertions; no biological or nutritional claim is inferred.
AOM_001611,en,A feed material with governed source identity “atella” and characteristics: processing method — Fermentation.,composed_from_approved_semantic_facets,approved,Pete Steward,2026-08-06,data/livestock-staging/approved_feed_material_facets.csv;data/livestock-staging/approved_generated_feed_material_facets.csv,Definition states only governed source identity and approved semantic assertions; no biological or nutritional claim is inferred.
AOM_001612,en,A feed material with governed source identity “azadirachta indica” and characteristics: ingredient part — Leaf; processing method — Drying.,composed_from_approved_semantic_facets,approved,Pete Steward,2026-08-06,data/livestock-staging/approved_feed_material_facets.csv;data/livestock-staging/approved_generated_feed_material_facets.csv,Definition states only governed source identity and approved semantic assertions; no biological or nutritional claim is inferred.
AOM_001613,en,A feed material with governed source identity “barley” and characteristics: processing method — Grinding.,composed_from_approved_semantic_facets,approved,Pete Steward,2026-08-06,data/livestock-staging/approved_feed_material_facets.csv;data/livestock-staging/approved_generated_feed_material_facets.csv,Definition states only governed source identity and approved semantic assertions; no biological or nutritional claim is inferred.
AOM_001614,en,A feed material with governed source identity “maize” and characteristics: ingredient part — Bran.,composed_from_approved_semantic_facets,approved,Pete Steward,2026-08-06,data/livestock-staging/approved_feed_material_facets.csv;data/livestock-staging/approved_generated_feed_material_facets.csv,Definition states only governed source identity and approved semantic assertions; no biological or nutritional claim is inferred.
AOM_001615,en,A feed material with governed source identity “maize sheath” and characteristics: processing method — Grinding.,composed_from_approved_semantic_facets,approved,Pete Steward,2026-08-06,data/livestock-staging/approved_feed_material_facets.csv;data/livestock-staging/approved_generated_feed_material_facets.csv,Definition states only governed source identity and approved semantic assertions; no biological or nutritional claim is inferred.
AOM_001617,en,"A feed material with governed source identity “maize” and characteristics: ingredient part — Straw; processing method — Drying, Grinding.",composed_from_approved_semantic_facets,approved,Pete Steward,2026-08-06,data/livestock-staging/approved_feed_material_facets.csv;data/livestock-staging/approved_generated_feed_material_facets.csv,Definition states only governed source identity and approved semantic assertions; no biological or nutritional claim is inferred.
AOM_001619,en,"A feed material with governed source identity “rice” and characteristics: ingredient part — Husk; processing method — Drying, Urea treatment.",composed_from_approved_semantic_facets,approved,Pete Steward,2026-08-06,data/livestock-staging/approved_feed_material_facets.csv;data/livestock-staging/approved_generated_feed_material_facets.csv,Definition states only governed source identity and approved semantic assertions; no biological or nutritional claim is inferred.
AOM_001620,en,A feed material with governed source identity “bracharia decumbens” and characteristics: processing method — Ensiling.,composed_from_approved_semantic_facets,approved,Pete Steward,2026-08-06,data/livestock-staging/approved_feed_material_facets.csv;data/livestock-staging/approved_generated_feed_material_facets.csv,Definition states only governed source identity and approved semantic assertions; no biological or nutritional claim is inferred.
AOM_001621,en,A feed material with governed source identity “tata” and characteristics: processing method — Drying.,composed_from_approved_semantic_facets,approved,Pete Steward,2026-08-06,data/livestock-staging/approved_feed_material_facets.csv;data/livestock-staging/approved_generated_feed_material_facets.csv,Definition states only governed source identity and approved semantic assertions; no biological or nutritional claim is inferred.
AOM_001622,en,A feed material with governed source identity “wheat” and characteristics: ingredient part — Bran; processing method — Grinding.,composed_from_approved_semantic_facets,approved,Pete Steward,2026-08-06,data/livestock-staging/approved_feed_material_facets.csv;data/livestock-staging/approved_generated_feed_material_facets.csv,Definition states only governed source identity and approved semantic assertions; no biological or nutritional claim is inferred.
AOM_001623,en,A feed material with governed source identity “wheat offal” and characteristics: processing method — Grinding.,composed_from_approved_semantic_facets,approved,Pete Steward,2026-08-06,data/livestock-staging/approved_feed_material_facets.csv;data/livestock-staging/approved_generated_feed_material_facets.csv,Definition states only governed source identity and approved semantic assertions; no biological or nutritional claim is inferred.
AOM_001624,en,A feed material with governed source identity “wheat lime treated” and characteristics: ingredient part — Straw; processing method — Urea treatment.,composed_from_approved_semantic_facets,approved,Pete Steward,2026-08-06,data/livestock-staging/approved_feed_material_facets.csv;data/livestock-staging/approved_generated_feed_material_facets.csv,Definition states only governed source identity and approved semantic assertions; no biological or nutritional claim is inferred.
AOM_001625,en,"A feed material with governed source identity “mango” and characteristics: ingredient part — Kernel, Seed.",composed_from_approved_semantic_facets,approved,Pete Steward,2026-08-06,data/livestock-staging/approved_feed_material_facets.csv;data/livestock-staging/approved_generated_feed_material_facets.csv,Definition states only governed source identity and approved semantic assertions; no biological or nutritional claim is inferred.
AOM_001626,en,A feed material with governed source identity “cassava” and characteristics: ingredient part — Leaf; processing method — Drying.,composed_from_approved_semantic_facets,approved,Pete Steward,2026-08-06,data/livestock-staging/approved_feed_material_facets.csv;data/livestock-staging/approved_generated_feed_material_facets.csv,Definition states only governed source identity and approved semantic assertions; no biological or nutritional claim is inferred.
AOM_001627,en,A feed material with governed source identity “cassava” and characteristics: ingredient part — Peel; processing method — Drying.,composed_from_approved_semantic_facets,approved,Pete Steward,2026-08-06,data/livestock-staging/approved_feed_material_facets.csv;data/livestock-staging/approved_generated_feed_material_facets.csv,Definition states only governed source identity and approved semantic assertions; no biological or nutritional claim is inferred.
AOM_001628,en,A feed material with governed source identity “catha edulis residue” and characteristics: processing method — Drying.,composed_from_approved_semantic_facets,approved,Pete Steward,2026-08-06,data/livestock-staging/approved_feed_material_facets.csv;data/livestock-staging/approved_generated_feed_material_facets.csv,Definition states only governed source identity and approved semantic assertions; no biological or nutritional claim is inferred.
AOM_001629,en,A feed material with governed source identity “pigeon pea” and characteristics: ingredient part — Leaf; processing method — Drying.,composed_from_approved_semantic_facets,approved,Pete Steward,2026-08-06,data/livestock-staging/approved_feed_material_facets.csv;data/livestock-staging/approved_generated_feed_material_facets.csv,Definition states only governed source identity and approved semantic assertions; no biological or nutritional claim is inferred.
AOM_001630,en,A feed material with governed source identity “chamaecytisus palmensis” and characteristics: ingredient part — Leaf.,composed_from_approved_semantic_facets,approved,Pete Steward,2026-08-06,data/livestock-staging/approved_feed_material_facets.csv;data/livestock-staging/approved_generated_feed_material_facets.csv,Definition states only governed source identity and approved semantic assertions; no biological or nutritional claim is inferred.
AOM_001631,en,A feed material with governed source identity “chamaecytisus palmensis” and characteristics: ingredient part — Leaf; processing method — Drying.,composed_from_approved_semantic_facets,approved,Pete Steward,2026-08-06,data/livestock-staging/approved_feed_material_facets.csv;data/livestock-staging/approved_generated_feed_material_facets.csv,Definition states only governed source identity and approved semantic assertions; no biological or nutritional claim is inferred.
AOM_001632,en,A feed material with governed source identity “pigeon pea” and characteristics: processing method — Drying.,composed_from_approved_semantic_facets,approved,Pete Steward,2026-08-06,data/livestock-staging/approved_feed_material_facets.csv;data/livestock-staging/approved_generated_feed_material_facets.csv,Definition states only governed source identity and approved semantic assertions; no biological or nutritional claim is inferred.
AOM_001633,en,A feed material with governed source identity “chloris gayana” and characteristics: processing method — Drying.,composed_from_approved_semantic_facets,approved,Pete Steward,2026-08-06,data/livestock-staging/approved_feed_material_facets.csv;data/livestock-staging/approved_generated_feed_material_facets.csv,Definition states only governed source identity and approved semantic assertions; no biological or nutritional claim is inferred.
AOM_001634,en,"A feed material with governed source identity “chloris gayana” and characteristics: processing method — Drying, Wilting.",composed_from_approved_semantic_facets,approved,Pete Steward,2026-08-06,data/livestock-staging/approved_feed_material_facets.csv;data/livestock-staging/approved_generated_feed_material_facets.csv,Definition states only governed source identity and approved semantic assertions; no biological or nutritional claim is inferred.
AOM_001635,en,"A feed material with governed source identity “chloris gayana” and characteristics: processing method — Drying, Grinding.",composed_from_approved_semantic_facets,approved,Pete Steward,2026-08-06,data/livestock-staging/approved_feed_material_facets.csv;data/livestock-staging/approved_generated_feed_material_facets.csv,Definition states only governed source identity and approved semantic assertions; no biological or nutritional claim is inferred.
AOM_001636,en,A feed material with governed source identity “chromolaena odorata” and characteristics: ingredient part — Leaf.,composed_from_approved_semantic_facets,approved,Pete Steward,2026-08-06,data/livestock-staging/approved_feed_material_facets.csv;data/livestock-staging/approved_generated_feed_material_facets.csv,Definition states only governed source identity and approved semantic assertions; no biological or nutritional claim is inferred.
AOM_001637,en,"A feed material with governed source identity “chromolaena odorata” and characteristics: ingredient part — Leaf; processing method — Drying, Grinding.",composed_from_approved_semantic_facets,approved,Pete Steward,2026-08-06,data/livestock-staging/approved_feed_material_facets.csv;data/livestock-staging/approved_generated_feed_material_facets.csv,Definition states only governed source identity and approved semantic assertions; no biological or nutritional claim is inferred.
AOM_001638,en,A feed material with governed source identity “palm” and characteristics: ingredient part — Kernel.,composed_from_approved_semantic_facets,approved,Pete Steward,2026-08-06,data/livestock-staging/approved_feed_material_facets.csv;data/livestock-staging/approved_generated_feed_material_facets.csv,Definition states only governed source identity and approved semantic assertions; no biological or nutritional claim is inferred.
AOM_001641,en,A feed material with governed source identity “cotton” and characteristics: ingredient part — Seed; processing method — Drying.,composed_from_approved_semantic_facets,approved,Pete Steward,2026-08-06,data/livestock-staging/approved_feed_material_facets.csv;data/livestock-staging/approved_generated_feed_material_facets.csv,Definition states only governed source identity and approved semantic assertions; no biological or nutritional claim is inferred.
AOM_001642,en,A feed material with governed source identity “cotton” and characteristics: ingredient part — Seed; processing method — Grinding.,composed_from_approved_semantic_facets,approved,Pete Steward,2026-08-06,data/livestock-staging/approved_feed_material_facets.csv;data/livestock-staging/approved_generated_feed_material_facets.csv,Definition states only governed source identity and approved semantic assertions; no biological or nutritional claim is inferred.
AOM_001643,en,A feed material with governed source identity “cotton” and characteristics: ingredient part — Seed; processing method — Grinding.,composed_from_approved_semantic_facets,approved,Pete Steward,2026-08-06,data/livestock-staging/approved_feed_material_facets.csv;data/livestock-staging/approved_generated_feed_material_facets.csv,Definition states only governed source identity and approved semantic assertions; no biological or nutritional claim is inferred.
AOM_001644,en,A feed material with governed source identity “cotton” and characteristics: ingredient part — Seed; processing method — Grinding.,composed_from_approved_semantic_facets,approved,Pete Steward,2026-08-06,data/livestock-staging/approved_feed_material_facets.csv;data/livestock-staging/approved_generated_feed_material_facets.csv,Definition states only governed source identity and approved semantic assertions; no biological or nutritional claim is inferred.
AOM_001645,en,"A feed material with governed source identity “sheanut” and characteristics: processing method — Boiling, Drying.",composed_from_approved_semantic_facets,approved,Pete Steward,2026-08-06,data/livestock-staging/approved_feed_material_facets.csv;data/livestock-staging/approved_generated_feed_material_facets.csv,Definition states only governed source identity and approved semantic assertions; no biological or nutritional claim is inferred.
AOM_001646,en,A feed material with governed source identity “cowpea” and characteristics: processing method — Drying.,composed_from_approved_semantic_facets,approved,Pete Steward,2026-08-06,data/livestock-staging/approved_feed_material_facets.csv;data/livestock-staging/approved_generated_feed_material_facets.csv,Definition states only governed source identity and approved semantic assertions; no biological or nutritional claim is inferred.
AOM_001647,en,"A feed material with governed source identity “cassava” and characteristics: ingredient part — Leaf; processing method — Drying, Grinding.",composed_from_approved_semantic_facets,approved,Pete Steward,2026-08-06,data/livestock-staging/approved_feed_material_facets.csv;data/livestock-staging/approved_generated_feed_material_facets.csv,Definition states only governed source identity and approved semantic assertions; no biological or nutritional claim is inferred.
AOM_001649,en,A feed material with governed source identity “cynadon dactylon” and characteristics: processing method — Drying.,composed_from_approved_semantic_facets,approved,Pete Steward,2026-08-06,data/livestock-staging/approved_feed_material_facets.csv;data/livestock-staging/approved_generated_feed_material_facets.csv,Definition states only governed source identity and approved semantic assertions; no biological or nutritional claim is inferred.
AOM_001650,en,"A feed material with governed source identity “taro” and characteristics: ingredient part — Leaf; processing method — Boiling, Drying.",composed_from_approved_semantic_facets,approved,Pete Steward,2026-08-06,data/livestock-staging/approved_feed_material_facets.csv;data/livestock-staging/approved_generated_feed_material_facets.csv,Definition states only governed source identity and approved semantic assertions; no biological or nutritional claim is inferred.
AOM_001651,en,A feed material with governed source identity “yam peels” and characteristics: processing method — Drying.,composed_from_approved_semantic_facets,approved,Pete Steward,2026-08-06,data/livestock-staging/approved_feed_material_facets.csv;data/livestock-staging/approved_generated_feed_material_facets.csv,Definition states only governed source identity and approved semantic assertions; no biological or nutritional claim is inferred.
AOM_001655,en,A feed material with governed source identity “dichrostachys cinerea fruits” and characteristics: processing method — Drying.,composed_from_approved_semantic_facets,approved,Pete Steward,2026-08-06,data/livestock-staging/approved_feed_material_facets.csv;data/livestock-staging/approved_generated_feed_material_facets.csv,Definition states only governed source identity and approved semantic assertions; no biological or nutritional claim is inferred.
AOM_001656,en,"A feed material with governed source identity “maize” and characteristics: processing method — Drying, Grinding.",composed_from_approved_semantic_facets,approved,Pete Steward,2026-08-06,data/livestock-staging/approved_feed_material_facets.csv;data/livestock-staging/approved_generated_feed_material_facets.csv,Definition states only governed source identity and approved semantic assertions; no biological or nutritional claim is inferred.
AOM_001657,en,A feed material with governed source identity “ficus thonningii” and characteristics: ingredient part — Leaf; processing method — Grinding.,composed_from_approved_semantic_facets,approved,Pete Steward,2026-08-06,data/livestock-staging/approved_feed_material_facets.csv;data/livestock-staging/approved_generated_feed_material_facets.csv,Definition states only governed source identity and approved semantic assertions; no biological or nutritional claim is inferred.
AOM_001658,en,"A feed material with governed source identity “fish” and characteristics: processing method — Drying, Grinding, Heating.",composed_from_approved_semantic_facets,approved,Pete Steward,2026-08-06,data/livestock-staging/approved_feed_material_facets.csv;data/livestock-staging/approved_generated_feed_material_facets.csv,Definition states only governed source identity and approved semantic assertions; no biological or nutritional claim is inferred.
AOM_001660,en,A feed material with governed source identity “groundnut” and characteristics: processing method — Grinding.,composed_from_approved_semantic_facets,approved,Pete Steward,2026-08-06,data/livestock-staging/approved_feed_material_facets.csv;data/livestock-staging/approved_generated_feed_material_facets.csv,Definition states only governed source identity and approved semantic assertions; no biological or nutritional claim is inferred.
AOM_001661,en,A feed material with governed source identity “onion bulb ethanol treated blended” and characteristics: processing method — Drying.,composed_from_approved_semantic_facets,approved,Pete Steward,2026-08-06,data/livestock-staging/approved_feed_material_facets.csv;data/livestock-staging/approved_generated_feed_material_facets.csv,Definition states only governed source identity and approved semantic assertions; no biological or nutritional claim is inferred.
AOM_001662,en,A feed material with governed source identity “scarlet eggplant” and characteristics: processing method — Wilting.,composed_from_approved_semantic_facets,approved,Pete Steward,2026-08-06,data/livestock-staging/approved_feed_material_facets.csv;data/livestock-staging/approved_generated_feed_material_facets.csv,Definition states only governed source identity and approved semantic assertions; no biological or nutritional claim is inferred.
AOM_001663,en,A feed material with governed source identity “hyparrhenia rufa” and characteristics: processing method — Drying.,composed_from_approved_semantic_facets,approved,Pete Steward,2026-08-06,data/livestock-staging/approved_feed_material_facets.csv;data/livestock-staging/approved_generated_feed_material_facets.csv,Definition states only governed source identity and approved semantic assertions; no biological or nutritional claim is inferred.
AOM_001664,en,"A feed material with governed source identity “ulva rigida” and characteristics: processing method — Drying, Grinding.",composed_from_approved_semantic_facets,approved,Pete Steward,2026-08-06,data/livestock-staging/approved_feed_material_facets.csv;data/livestock-staging/approved_generated_feed_material_facets.csv,Definition states only governed source identity and approved semantic assertions; no biological or nutritional claim is inferred.
AOM_001665,en,"A feed material with governed source identity “lablab purpureus” and characteristics: processing method — Drying, Wilting.",composed_from_approved_semantic_facets,approved,Pete Steward,2026-08-06,data/livestock-staging/approved_feed_material_facets.csv;data/livestock-staging/approved_generated_feed_material_facets.csv,Definition states only governed source identity and approved semantic assertions; no biological or nutritional claim is inferred.
AOM_001666,en,"A feed material with governed source identity “lablab purpureus” and characteristics: processing method — Crushing, Drying.",composed_from_approved_semantic_facets,approved,Pete Steward,2026-08-06,data/livestock-staging/approved_feed_material_facets.csv;data/livestock-staging/approved_generated_feed_material_facets.csv,Definition states only governed source identity and approved semantic assertions; no biological or nutritional claim is inferred.
AOM_001667,en,A feed material with governed source identity “leucaena leucocephala” and characteristics: processing method — Drying.,composed_from_approved_semantic_facets,approved,Pete Steward,2026-08-06,data/livestock-staging/approved_feed_material_facets.csv;data/livestock-staging/approved_generated_feed_material_facets.csv,Definition states only governed source identity and approved semantic assertions; no biological or nutritional claim is inferred.
AOM_001668,en,A feed material with governed source identity “leucaena leucocephala” and characteristics: processing method — Wilting.,composed_from_approved_semantic_facets,approved,Pete Steward,2026-08-06,data/livestock-staging/approved_feed_material_facets.csv;data/livestock-staging/approved_generated_feed_material_facets.csv,Definition states only governed source identity and approved semantic assertions; no biological or nutritional claim is inferred.
AOM_001669,en,"A feed material with governed source identity “leucaena leucocephala” and characteristics: processing method — Drying, Grinding.",composed_from_approved_semantic_facets,approved,Pete Steward,2026-08-06,data/livestock-staging/approved_feed_material_facets.csv;data/livestock-staging/approved_generated_feed_material_facets.csv,Definition states only governed source identity and approved semantic assertions; no biological or nutritional claim is inferred.
AOM_001671,en,"A feed material with governed source identity “leucaena leucocephala” and characteristics: ingredient part — Leaf; processing method — Drying, Ensiling.",composed_from_approved_semantic_facets,approved,Pete Steward,2026-08-06,data/livestock-staging/approved_feed_material_facets.csv;data/livestock-staging/approved_generated_feed_material_facets.csv,Definition states only governed source identity and approved semantic assertions; no biological or nutritional claim is inferred.
AOM_001672,en,A feed material with governed source identity “leucaena leucocephala” and characteristics: ingredient part — Leaf.,composed_from_approved_semantic_facets,approved,Pete Steward,2026-08-06,data/livestock-staging/approved_feed_material_facets.csv;data/livestock-staging/approved_generated_feed_material_facets.csv,Definition states only governed source identity and approved semantic assertions; no biological or nutritional claim is inferred.
AOM_001674,en,A feed material with governed source identity “maize” and characteristics: processing method — Grinding.,composed_from_approved_semantic_facets,approved,Pete Steward,2026-08-06,data/livestock-staging/approved_feed_material_facets.csv;data/livestock-staging/approved_generated_feed_material_facets.csv,Definition states only governed source identity and approved semantic assertions; no biological or nutritional claim is inferred.
AOM_001676,en,A feed material with governed source identity “megathyrsus maximus” and characteristics: processing method — Drying.,composed_from_approved_semantic_facets,approved,Pete Steward,2026-08-06,data/livestock-staging/approved_feed_material_facets.csv;data/livestock-staging/approved_generated_feed_material_facets.csv,Definition states only governed source identity and approved semantic assertions; no biological or nutritional claim is inferred.
AOM_001677,en,A feed material with governed source identity “panicum maximum” and characteristics: processing method — Ensiling.,composed_from_approved_semantic_facets,approved,Pete Steward,2026-08-06,data/livestock-staging/approved_feed_material_facets.csv;data/livestock-staging/approved_generated_feed_material_facets.csv,Definition states only governed source identity and approved semantic assertions; no biological or nutritional claim is inferred.
AOM_001679,en,A feed material with governed source identity “maize” and characteristics: ingredient part — Grain; processing method — Grinding.,composed_from_approved_semantic_facets,approved,Pete Steward,2026-08-06,data/livestock-staging/approved_feed_material_facets.csv;data/livestock-staging/approved_generated_feed_material_facets.csv,Definition states only governed source identity and approved semantic assertions; no biological or nutritional claim is inferred.
AOM_001681,en,"A feed material with governed source identity “pennisetum purpureum” and characteristics: processing method — Drying, Grinding.",composed_from_approved_semantic_facets,approved,Pete Steward,2026-08-06,data/livestock-staging/approved_feed_material_facets.csv;data/livestock-staging/approved_generated_feed_material_facets.csv,Definition states only governed source identity and approved semantic assertions; no biological or nutritional claim is inferred.
AOM_001682,en,A feed material with governed source identity “maize” and characteristics: ingredient part — Straw; processing method — Grinding.,composed_from_approved_semantic_facets,approved,Pete Steward,2026-08-06,data/livestock-staging/approved_feed_material_facets.csv;data/livestock-staging/approved_generated_feed_material_facets.csv,Definition states only governed source identity and approved semantic assertions; no biological or nutritional claim is inferred.
AOM_001684,en,"A feed material with governed source identity “maize” and characteristics: ingredient part — Straw; processing method — Drying, Ensiling, Grinding, Urea treatment.",composed_from_approved_semantic_facets,approved,Pete Steward,2026-08-06,data/livestock-staging/approved_feed_material_facets.csv;data/livestock-staging/approved_generated_feed_material_facets.csv,Definition states only governed source identity and approved semantic assertions; no biological or nutritional claim is inferred.
AOM_001686,en,A feed material with governed source identity “maize” and characteristics: ingredient part — Straw; processing method — Drying.,composed_from_approved_semantic_facets,approved,Pete Steward,2026-08-06,data/livestock-staging/approved_feed_material_facets.csv;data/livestock-staging/approved_generated_feed_material_facets.csv,Definition states only governed source identity and approved semantic assertions; no biological or nutritional claim is inferred.
AOM_001687,en,A feed material with governed source identity “maize” and characteristics: ingredient part — Straw; processing method — Urea treatment.,composed_from_approved_semantic_facets,approved,Pete Steward,2026-08-06,data/livestock-staging/approved_feed_material_facets.csv;data/livestock-staging/approved_generated_feed_material_facets.csv,Definition states only governed source identity and approved semantic assertions; no biological or nutritional claim is inferred.
AOM_001688,en,"A feed material with governed source identity “maize” and characteristics: ingredient part — Straw; processing method — Grinding, Urea treatment.",composed_from_approved_semantic_facets,approved,Pete Steward,2026-08-06,data/livestock-staging/approved_feed_material_facets.csv;data/livestock-staging/approved_generated_feed_material_facets.csv,Definition states only governed source identity and approved semantic assertions; no biological or nutritional claim is inferred.
AOM_001689,en,A feed material with governed source identity “schizachyrium exile” and characteristics: processing method — Urea treatment.,composed_from_approved_semantic_facets,approved,Pete Steward,2026-08-06,data/livestock-staging/approved_feed_material_facets.csv;data/livestock-staging/approved_generated_feed_material_facets.csv,Definition states only governed source identity and approved semantic assertions; no biological or nutritional claim is inferred.
AOM_001692,en,A feed material with governed source identity “schoenefeldia gracilis” and characteristics: processing method — Drying.,composed_from_approved_semantic_facets,approved,Pete Steward,2026-08-06,data/livestock-staging/approved_feed_material_facets.csv;data/livestock-staging/approved_generated_feed_material_facets.csv,Definition states only governed source identity and approved semantic assertions; no biological or nutritional claim is inferred.
AOM_001693,en,"A feed material with governed source identity “mango” and characteristics: ingredient part — Seed; processing method — Drying, Grinding.",composed_from_approved_semantic_facets,approved,Pete Steward,2026-08-06,data/livestock-staging/approved_feed_material_facets.csv;data/livestock-staging/approved_generated_feed_material_facets.csv,Definition states only governed source identity and approved semantic assertions; no biological or nutritional claim is inferred.
AOM_001694,en,"A feed material with governed source identity “mango” and characteristics: ingredient part — Kernel, Seed; processing method — Drying, Grinding.",composed_from_approved_semantic_facets,approved,Pete Steward,2026-08-06,data/livestock-staging/approved_feed_material_facets.csv;data/livestock-staging/approved_generated_feed_material_facets.csv,Definition states only governed source identity and approved semantic assertions; no biological or nutritional claim is inferred.
AOM_001695,en,"A feed material with governed source identity “mango” and characteristics: ingredient part — Kernel, Seed; processing method — Crushing, Drying.",composed_from_approved_semantic_facets,approved,Pete Steward,2026-08-06,data/livestock-staging/approved_feed_material_facets.csv;data/livestock-staging/approved_generated_feed_material_facets.csv,Definition states only governed source identity and approved semantic assertions; no biological or nutritional claim is inferred.
AOM_001696,en,A feed material with governed source identity “moringa oleifera” and characteristics: processing method — Drying.,composed_from_approved_semantic_facets,approved,Pete Steward,2026-08-06,data/livestock-staging/approved_feed_material_facets.csv;data/livestock-staging/approved_generated_feed_material_facets.csv,Definition states only governed source identity and approved semantic assertions; no biological or nutritional claim is inferred.
AOM_001697,en,A feed material with governed source identity “mucuna pruriens” and characteristics: processing method — Drying.,composed_from_approved_semantic_facets,approved,Pete Steward,2026-08-06,data/livestock-staging/approved_feed_material_facets.csv;data/livestock-staging/approved_generated_feed_material_facets.csv,Definition states only governed source identity and approved semantic assertions; no biological or nutritional claim is inferred.
AOM_001698,en,A feed material with governed source identity “mucuna pruriens” and characteristics: ingredient part — Seed; processing method — Crushing.,composed_from_approved_semantic_facets,approved,Pete Steward,2026-08-06,data/livestock-staging/approved_feed_material_facets.csv;data/livestock-staging/approved_generated_feed_material_facets.csv,Definition states only governed source identity and approved semantic assertions; no biological or nutritional claim is inferred.
AOM_001699,en,A feed material with governed source identity “afzelia africana” and characteristics: ingredient part — Leaf.,composed_from_approved_semantic_facets,approved,Pete Steward,2026-08-06,data/livestock-staging/approved_feed_material_facets.csv;data/livestock-staging/approved_generated_feed_material_facets.csv,Definition states only governed source identity and approved semantic assertions; no biological or nutritional claim is inferred.
AOM_001700,en,A feed material with governed source identity “noug” and characteristics: processing method — Grinding.,composed_from_approved_semantic_facets,approved,Pete Steward,2026-08-06,data/livestock-staging/approved_feed_material_facets.csv;data/livestock-staging/approved_generated_feed_material_facets.csv,Definition states only governed source identity and approved semantic assertions; no biological or nutritional claim is inferred.
AOM_001701,en,"A feed material with governed source identity “calliandra calothyrsus” and characteristics: ingredient part — Leaf; processing method — Drying, Grinding.",composed_from_approved_semantic_facets,approved,Pete Steward,2026-08-06,data/livestock-staging/approved_feed_material_facets.csv;data/livestock-staging/approved_generated_feed_material_facets.csv,Definition states only governed source identity and approved semantic assertions; no biological or nutritional claim is inferred.
AOM_001702,en,"A feed material with governed source identity “oat” and characteristics: ingredient part — Leaf; processing method — Drying, Grinding.",composed_from_approved_semantic_facets,approved,Pete Steward,2026-08-06,data/livestock-staging/approved_feed_material_facets.csv;data/livestock-staging/approved_generated_feed_material_facets.csv,Definition states only governed source identity and approved semantic assertions; no biological or nutritional claim is inferred.
AOM_001703,en,A feed material with governed source identity “chamaecytisus palmensis” and characteristics: processing method — Drying.,composed_from_approved_semantic_facets,approved,Pete Steward,2026-08-06,data/livestock-staging/approved_feed_material_facets.csv;data/livestock-staging/approved_generated_feed_material_facets.csv,Definition states only governed source identity and approved semantic assertions; no biological or nutritional claim is inferred.
AOM_001704,en,A feed material with governed source identity “daniellia oliveri” and characteristics: ingredient part — Leaf; processing method — Wilting.,composed_from_approved_semantic_facets,approved,Pete Steward,2026-08-06,data/livestock-staging/approved_feed_material_facets.csv;data/livestock-staging/approved_generated_feed_material_facets.csv,Definition states only governed source identity and approved semantic assertions; no biological or nutritional claim is inferred.
AOM_001705,en,A feed material with governed source identity “erythrina brucei” and characteristics: ingredient part — Leaf; processing method — Drying.,composed_from_approved_semantic_facets,approved,Pete Steward,2026-08-06,data/livestock-staging/approved_feed_material_facets.csv;data/livestock-staging/approved_generated_feed_material_facets.csv,Definition states only governed source identity and approved semantic assertions; no biological or nutritional claim is inferred.
AOM_001706,en,A feed material with governed source identity “olive” and characteristics: ingredient part — Leaf; processing method — Drying.,composed_from_approved_semantic_facets,approved,Pete Steward,2026-08-06,data/livestock-staging/approved_feed_material_facets.csv;data/livestock-staging/approved_generated_feed_material_facets.csv,Definition states only governed source identity and approved semantic assertions; no biological or nutritional claim is inferred.
AOM_001708,en,"A feed material with governed source identity “palm” and characteristics: ingredient part — Kernel; processing method — Drying, Grinding.",composed_from_approved_semantic_facets,approved,Pete Steward,2026-08-06,data/livestock-staging/approved_feed_material_facets.csv;data/livestock-staging/approved_generated_feed_material_facets.csv,Definition states only governed source identity and approved semantic assertions; no biological or nutritional claim is inferred.
AOM_001709,en,A feed material with governed source identity “panicum maximum” and characteristics: processing method — Wilting.,composed_from_approved_semantic_facets,approved,Pete Steward,2026-08-06,data/livestock-staging/approved_feed_material_facets.csv;data/livestock-staging/approved_generated_feed_material_facets.csv,Definition states only governed source identity and approved semantic assertions; no biological or nutritional claim is inferred.
AOM_001710,en,A feed material with governed source identity “leucaena leucocephala” and characteristics: ingredient part — Leaf; processing method — Drying.,composed_from_approved_semantic_facets,approved,Pete Steward,2026-08-06,data/livestock-staging/approved_feed_material_facets.csv;data/livestock-staging/approved_generated_feed_material_facets.csv,Definition states only governed source identity and approved semantic assertions; no biological or nutritional claim is inferred.
AOM_001711,en,A feed material with governed source identity “moringa oleifera” and characteristics: processing method — Ensiling.,composed_from_approved_semantic_facets,approved,Pete Steward,2026-08-06,data/livestock-staging/approved_feed_material_facets.csv;data/livestock-staging/approved_generated_feed_material_facets.csv,Definition states only governed source identity and approved semantic assertions; no biological or nutritional claim is inferred.
AOM_001713,en,A feed material with governed source identity “pennisetum clandestinum” and characteristics: processing method — Drying.,composed_from_approved_semantic_facets,approved,Pete Steward,2026-08-06,data/livestock-staging/approved_feed_material_facets.csv;data/livestock-staging/approved_generated_feed_material_facets.csv,Definition states only governed source identity and approved semantic assertions; no biological or nutritional claim is inferred.
AOM_001714,en,"A feed material with governed source identity “pennisetum clandestinum” and characteristics: processing method — Drying, Grinding.",composed_from_approved_semantic_facets,approved,Pete Steward,2026-08-06,data/livestock-staging/approved_feed_material_facets.csv;data/livestock-staging/approved_generated_feed_material_facets.csv,Definition states only governed source identity and approved semantic assertions; no biological or nutritional claim is inferred.
AOM_001715,en,A feed material with governed source identity “opuntia ficus indica cladode” and characteristics: processing method — Drying.,composed_from_approved_semantic_facets,approved,Pete Steward,2026-08-06,data/livestock-staging/approved_feed_material_facets.csv;data/livestock-staging/approved_generated_feed_material_facets.csv,Definition states only governed source identity and approved semantic assertions; no biological or nutritional claim is inferred.
AOM_001717,en,A feed material with governed source identity “pennisetum pedicellatum” and characteristics: processing method — Drying.,composed_from_approved_semantic_facets,approved,Pete Steward,2026-08-06,data/livestock-staging/approved_feed_material_facets.csv;data/livestock-staging/approved_generated_feed_material_facets.csv,Definition states only governed source identity and approved semantic assertions; no biological or nutritional claim is inferred.
AOM_001718,en,"A feed material with governed source identity “pennisetum pedicellatum” and characteristics: processing method — Drying, Grinding.",composed_from_approved_semantic_facets,approved,Pete Steward,2026-08-06,data/livestock-staging/approved_feed_material_facets.csv;data/livestock-staging/approved_generated_feed_material_facets.csv,Definition states only governed source identity and approved semantic assertions; no biological or nutritional claim is inferred.
AOM_001719,en,A feed material with governed source identity “piliostigma thonningii” and characteristics: ingredient part — Leaf; processing method — Wilting.,composed_from_approved_semantic_facets,approved,Pete Steward,2026-08-06,data/livestock-staging/approved_feed_material_facets.csv;data/livestock-staging/approved_generated_feed_material_facets.csv,Definition states only governed source identity and approved semantic assertions; no biological or nutritional claim is inferred.
AOM_001720,en,A feed material with governed source identity “pennisetum purpureum” and characteristics: processing method — Grinding.,composed_from_approved_semantic_facets,approved,Pete Steward,2026-08-06,data/livestock-staging/approved_feed_material_facets.csv;data/livestock-staging/approved_generated_feed_material_facets.csv,Definition states only governed source identity and approved semantic assertions; no biological or nutritional claim is inferred.
AOM_001721,en,A feed material with governed source identity “pennisetum purpureum” and characteristics: processing method — Drying.,composed_from_approved_semantic_facets,approved,Pete Steward,2026-08-06,data/livestock-staging/approved_feed_material_facets.csv;data/livestock-staging/approved_generated_feed_material_facets.csv,Definition states only governed source identity and approved semantic assertions; no biological or nutritional claim is inferred.
AOM_001722,en,A feed material with governed source identity “pithecellobium dulce” and characteristics: ingredient part — Leaf; processing method — Drying.,composed_from_approved_semantic_facets,approved,Pete Steward,2026-08-06,data/livestock-staging/approved_feed_material_facets.csv;data/livestock-staging/approved_generated_feed_material_facets.csv,Definition states only governed source identity and approved semantic assertions; no biological or nutritional claim is inferred.
AOM_001723,en,A feed material with governed source identity “psophocarpus scandens” and characteristics: ingredient part — Leaf; processing method — Wilting.,composed_from_approved_semantic_facets,approved,Pete Steward,2026-08-06,data/livestock-staging/approved_feed_material_facets.csv;data/livestock-staging/approved_generated_feed_material_facets.csv,Definition states only governed source identity and approved semantic assertions; no biological or nutritional claim is inferred.
AOM_001724,en,A feed material with governed source identity “sesbania sesban” and characteristics: ingredient part — Leaf; processing method — Wilting.,composed_from_approved_semantic_facets,approved,Pete Steward,2026-08-06,data/livestock-staging/approved_feed_material_facets.csv;data/livestock-staging/approved_generated_feed_material_facets.csv,Definition states only governed source identity and approved semantic assertions; no biological or nutritional claim is inferred.
AOM_001725,en,A feed material with governed source identity “sesbania goetzei” and characteristics: processing method — Drying.,composed_from_approved_semantic_facets,approved,Pete Steward,2026-08-06,data/livestock-staging/approved_feed_material_facets.csv;data/livestock-staging/approved_generated_feed_material_facets.csv,Definition states only governed source identity and approved semantic assertions; no biological or nutritional claim is inferred.
AOM_001726,en,A feed material with governed source identity “tithonia diversifolia” and characteristics: processing method — Drying.,composed_from_approved_semantic_facets,approved,Pete Steward,2026-08-06,data/livestock-staging/approved_feed_material_facets.csv;data/livestock-staging/approved_generated_feed_material_facets.csv,Definition states only governed source identity and approved semantic assertions; no biological or nutritional claim is inferred.
AOM_001727,en,A feed material with governed source identity “centrosema pubescens” and characteristics: processing method — Ensiling.,composed_from_approved_semantic_facets,approved,Pete Steward,2026-08-06,data/livestock-staging/approved_feed_material_facets.csv;data/livestock-staging/approved_generated_feed_material_facets.csv,Definition states only governed source identity and approved semantic assertions; no biological or nutritional claim is inferred.
AOM_001728,en,A feed material with governed source identity “crotalaria ochroleuca” and characteristics: processing method — Drying.,composed_from_approved_semantic_facets,approved,Pete Steward,2026-08-06,data/livestock-staging/approved_feed_material_facets.csv;data/livestock-staging/approved_generated_feed_material_facets.csv,Definition states only governed source identity and approved semantic assertions; no biological or nutritional claim is inferred.
AOM_001729,en,A feed material with governed source identity “desmodium intortum” and characteristics: processing method — Drying.,composed_from_approved_semantic_facets,approved,Pete Steward,2026-08-06,data/livestock-staging/approved_feed_material_facets.csv;data/livestock-staging/approved_generated_feed_material_facets.csv,Definition states only governed source identity and approved semantic assertions; no biological or nutritional claim is inferred.
AOM_001730,en,A feed material with governed source identity “prosopis juliflora” and characteristics: ingredient part — Pod; processing method — Grinding.,composed_from_approved_semantic_facets,approved,Pete Steward,2026-08-06,data/livestock-staging/approved_feed_material_facets.csv;data/livestock-staging/approved_generated_feed_material_facets.csv,Definition states only governed source identity and approved semantic assertions; no biological or nutritional claim is inferred.
AOM_001731,en,A feed material with governed source identity “lablab purpureus” and characteristics: ingredient part — Leaf; processing method — Drying.,composed_from_approved_semantic_facets,approved,Pete Steward,2026-08-06,data/livestock-staging/approved_feed_material_facets.csv;data/livestock-staging/approved_generated_feed_material_facets.csv,Definition states only governed source identity and approved semantic assertions; no biological or nutritional claim is inferred.
AOM_001732,en,A feed material with governed source identity “lablab purpureus” and characteristics: processing method — Drying.,composed_from_approved_semantic_facets,approved,Pete Steward,2026-08-06,data/livestock-staging/approved_feed_material_facets.csv;data/livestock-staging/approved_generated_feed_material_facets.csv,Definition states only governed source identity and approved semantic assertions; no biological or nutritional claim is inferred.
AOM_001734,en,"A feed material with governed source identity “macroptilium atropurpureum” and characteristics: processing method — Drying, Grinding.",composed_from_approved_semantic_facets,approved,Pete Steward,2026-08-06,data/livestock-staging/approved_feed_material_facets.csv;data/livestock-staging/approved_generated_feed_material_facets.csv,Definition states only governed source identity and approved semantic assertions; no biological or nutritional claim is inferred.
AOM_001735,en,A feed material with governed source identity “macrotyloma axillare” and characteristics: processing method — Drying.,composed_from_approved_semantic_facets,approved,Pete Steward,2026-08-06,data/livestock-staging/approved_feed_material_facets.csv;data/livestock-staging/approved_generated_feed_material_facets.csv,Definition states only governed source identity and approved semantic assertions; no biological or nutritional claim is inferred.
AOM_001736,en,"A feed material with governed source identity “stylosanthes guianensis” and characteristics: processing method — Drying, Grinding.",composed_from_approved_semantic_facets,approved,Pete Steward,2026-08-06,data/livestock-staging/approved_feed_material_facets.csv;data/livestock-staging/approved_generated_feed_material_facets.csv,Definition states only governed source identity and approved semantic assertions; no biological or nutritional claim is inferred.
AOM_001737,en,"A feed material with governed source identity “stylosanthes hamata” and characteristics: processing method — Grinding, Roasting.",composed_from_approved_semantic_facets,approved,Pete Steward,2026-08-06,data/livestock-staging/approved_feed_material_facets.csv;data/livestock-staging/approved_generated_feed_material_facets.csv,Definition states only governed source identity and approved semantic assertions; no biological or nutritional claim is inferred.
AOM_001738,en,A feed material with governed source identity “trifolium alexandrinum” and characteristics: processing method — Drying.,composed_from_approved_semantic_facets,approved,Pete Steward,2026-08-06,data/livestock-staging/approved_feed_material_facets.csv;data/livestock-staging/approved_generated_feed_material_facets.csv,Definition states only governed source identity and approved semantic assertions; no biological or nutritional claim is inferred.
AOM_001739,en,A feed material with governed source identity “sesbania goetzei” and characteristics: ingredient part — Leaf; processing method — Drying.,composed_from_approved_semantic_facets,approved,Pete Steward,2026-08-06,data/livestock-staging/approved_feed_material_facets.csv;data/livestock-staging/approved_generated_feed_material_facets.csv,Definition states only governed source identity and approved semantic assertions; no biological or nutritional claim is inferred.
AOM_001740,en,A feed material with governed source identity “sesbania sesban” and characteristics: ingredient part — Leaf.,composed_from_approved_semantic_facets,approved,Pete Steward,2026-08-06,data/livestock-staging/approved_feed_material_facets.csv;data/livestock-staging/approved_generated_feed_material_facets.csv,Definition states only governed source identity and approved semantic assertions; no biological or nutritional claim is inferred.
AOM_001741,en,A feed material with governed source identity “catha edulis residue” and characteristics: processing method — Ensiling.,composed_from_approved_semantic_facets,approved,Pete Steward,2026-08-06,data/livestock-staging/approved_feed_material_facets.csv;data/livestock-staging/approved_generated_feed_material_facets.csv,Definition states only governed source identity and approved semantic assertions; no biological or nutritional claim is inferred.
AOM_001743,en,A feed material with governed source identity “stipa tenacissima” and characteristics: processing method — Drying.,composed_from_approved_semantic_facets,approved,Pete Steward,2026-08-06,data/livestock-staging/approved_feed_material_facets.csv;data/livestock-staging/approved_generated_feed_material_facets.csv,Definition states only governed source identity and approved semantic assertions; no biological or nutritional claim is inferred.
AOM_001744,en,A feed material with governed source identity “stylosanthes guianensis” and characteristics: processing method — Drying.,composed_from_approved_semantic_facets,approved,Pete Steward,2026-08-06,data/livestock-staging/approved_feed_material_facets.csv;data/livestock-staging/approved_generated_feed_material_facets.csv,Definition states only governed source identity and approved semantic assertions; no biological or nutritional claim is inferred.
AOM_001745,en,A feed material with governed source identity “orange” and characteristics: processing method — Drying.,composed_from_approved_semantic_facets,approved,Pete Steward,2026-08-06,data/livestock-staging/approved_feed_material_facets.csv;data/livestock-staging/approved_generated_feed_material_facets.csv,Definition states only governed source identity and approved semantic assertions; no biological or nutritional claim is inferred.
AOM_001746,en,"A feed material with governed source identity “dicalcium phosphate” and characteristics: processing method — Drying, Grinding.",composed_from_approved_semantic_facets,approved,Pete Steward,2026-08-06,data/livestock-staging/approved_feed_material_facets.csv;data/livestock-staging/approved_generated_feed_material_facets.csv,Definition states only governed source identity and approved semantic assertions; no biological or nutritional claim is inferred.
AOM_001750,en,A feed material with governed source identity “wheat” and characteristics: ingredient part — Straw; processing method — Grinding.,composed_from_approved_semantic_facets,approved,Pete Steward,2026-08-06,data/livestock-staging/approved_feed_material_facets.csv;data/livestock-staging/approved_generated_feed_material_facets.csv,Definition states only governed source identity and approved semantic assertions; no biological or nutritional claim is inferred.
AOM_001751,en,A feed material with governed source identity “wheat” and characteristics: ingredient part — Straw; processing method — Urea treatment.,composed_from_approved_semantic_facets,approved,Pete Steward,2026-08-06,data/livestock-staging/approved_feed_material_facets.csv;data/livestock-staging/approved_generated_feed_material_facets.csv,Definition states only governed source identity and approved semantic assertions; no biological or nutritional claim is inferred.
AOM_001752,en,A feed material with governed source identity “winged bean” and characteristics: processing method — Grinding.,composed_from_approved_semantic_facets,approved,Pete Steward,2026-08-06,data/livestock-staging/approved_feed_material_facets.csv;data/livestock-staging/approved_generated_feed_material_facets.csv,Definition states only governed source identity and approved semantic assertions; no biological or nutritional claim is inferred.
AOM_001754,en,A feed material with governed source identity “cowpea haulm” and characteristics: processing method — Drying.,composed_from_approved_semantic_facets,approved,Pete Steward,2026-08-06,data/livestock-staging/approved_feed_material_facets.csv;data/livestock-staging/approved_generated_feed_material_facets.csv,Definition states only governed source identity and approved semantic assertions; no biological or nutritional claim is inferred.
AOM_001756,en,A feed material with governed source identity “acacia brevispica” and characteristics: ingredient part — Leaf.,composed_from_approved_semantic_facets,approved,Pete Steward,2026-08-06,data/livestock-staging/approved_feed_material_facets.csv;data/livestock-staging/approved_generated_feed_material_facets.csv,Definition states only governed source identity and approved semantic assertions; no biological or nutritional claim is inferred.
AOM_001757,en,A feed material with governed source identity “acacia brevispica” and characteristics: ingredient part — Leaf; processing method — Drying.,composed_from_approved_semantic_facets,approved,Pete Steward,2026-08-06,data/livestock-staging/approved_feed_material_facets.csv;data/livestock-staging/approved_generated_feed_material_facets.csv,Definition states only governed source identity and approved semantic assertions; no biological or nutritional claim is inferred.
AOM_001758,en,A feed material with governed source identity “acacia brevispica” and characteristics: ingredient part — Pod.,composed_from_approved_semantic_facets,approved,Pete Steward,2026-08-06,data/livestock-staging/approved_feed_material_facets.csv;data/livestock-staging/approved_generated_feed_material_facets.csv,Definition states only governed source identity and approved semantic assertions; no biological or nutritional claim is inferred.
AOM_001759,en,A feed material with governed source identity “acacia brevispica” and characteristics: ingredient part — Pod; processing method — Drying.,composed_from_approved_semantic_facets,approved,Pete Steward,2026-08-06,data/livestock-staging/approved_feed_material_facets.csv;data/livestock-staging/approved_generated_feed_material_facets.csv,Definition states only governed source identity and approved semantic assertions; no biological or nutritional claim is inferred.
AOM_001762,en,A feed material with governed source identity “acacia etbaica fruits” and characteristics: processing method — Drying.,composed_from_approved_semantic_facets,approved,Pete Steward,2026-08-06,data/livestock-staging/approved_feed_material_facets.csv;data/livestock-staging/approved_generated_feed_material_facets.csv,Definition states only governed source identity and approved semantic assertions; no biological or nutritional claim is inferred.
AOM_001764,en,A feed material with governed source identity “acacia karroo” and characteristics: ingredient part — Leaf.,composed_from_approved_semantic_facets,approved,Pete Steward,2026-08-06,data/livestock-staging/approved_feed_material_facets.csv;data/livestock-staging/approved_generated_feed_material_facets.csv,Definition states only governed source identity and approved semantic assertions; no biological or nutritional claim is inferred.
AOM_001765,en,"A feed material with governed source identity “acacia karroo” and characteristics: ingredient part — Leaf; processing method — Drying, Grinding.",composed_from_approved_semantic_facets,approved,Pete Steward,2026-08-06,data/livestock-staging/approved_feed_material_facets.csv;data/livestock-staging/approved_generated_feed_material_facets.csv,Definition states only governed source identity and approved semantic assertions; no biological or nutritional claim is inferred.
AOM_001767,en,A feed material with governed source identity “acacia polyacantha” and characteristics: ingredient part — Leaf.,composed_from_approved_semantic_facets,approved,Pete Steward,2026-08-06,data/livestock-staging/approved_feed_material_facets.csv;data/livestock-staging/approved_generated_feed_material_facets.csv,Definition states only governed source identity and approved semantic assertions; no biological or nutritional claim is inferred.
AOM_001768,en,"A feed material with governed source identity “acacia polyacantha” and characteristics: ingredient part — Leaf; processing method — Drying, Grinding.",composed_from_approved_semantic_facets,approved,Pete Steward,2026-08-06,data/livestock-staging/approved_feed_material_facets.csv;data/livestock-staging/approved_generated_feed_material_facets.csv,Definition states only governed source identity and approved semantic assertions; no biological or nutritional claim is inferred.
AOM_001769,en,A feed material with governed source identity “leucaena pallida” and characteristics: ingredient part — Leaf.,composed_from_approved_semantic_facets,approved,Pete Steward,2026-08-06,data/livestock-staging/approved_feed_material_facets.csv;data/livestock-staging/approved_generated_feed_material_facets.csv,Definition states only governed source identity and approved semantic assertions; no biological or nutritional claim is inferred.
AOM_001770,en,A feed material with governed source identity “leucaena pallida” and characteristics: ingredient part — Leaf; processing method — Drying.,composed_from_approved_semantic_facets,approved,Pete Steward,2026-08-06,data/livestock-staging/approved_feed_material_facets.csv;data/livestock-staging/approved_generated_feed_material_facets.csv,Definition states only governed source identity and approved semantic assertions; no biological or nutritional claim is inferred.
AOM_001772,en,A feed material with governed source identity “sorghum” and characteristics: ingredient part — Bran.,composed_from_approved_semantic_facets,approved,Pete Steward,2026-08-06,data/livestock-staging/approved_feed_material_facets.csv;data/livestock-staging/approved_generated_feed_material_facets.csv,Definition states only governed source identity and approved semantic assertions; no biological or nutritional claim is inferred.
AOM_001774,en,"A feed material with governed source identity “alfalfa” and characteristics: processing method — Drying, Grinding.",composed_from_approved_semantic_facets,approved,Pete Steward,2026-08-06,data/livestock-staging/approved_feed_material_facets.csv;data/livestock-staging/approved_generated_feed_material_facets.csv,Definition states only governed source identity and approved semantic assertions; no biological or nutritional claim is inferred.
AOM_001775,en,A feed material with governed source identity “leucaena pallida” and characteristics: processing method — Drying.,composed_from_approved_semantic_facets,approved,Pete Steward,2026-08-06,data/livestock-staging/approved_feed_material_facets.csv;data/livestock-staging/approved_generated_feed_material_facets.csv,Definition states only governed source identity and approved semantic assertions; no biological or nutritional claim is inferred.
AOM_001776,en,A feed material with governed source identity “sesame” and characteristics: processing method — Fermentation.,composed_from_approved_semantic_facets,approved,Pete Steward,2026-08-06,data/livestock-staging/approved_feed_material_facets.csv;data/livestock-staging/approved_generated_feed_material_facets.csv,Definition states only governed source identity and approved semantic assertions; no biological or nutritional claim is inferred.
AOM_001778,en,A feed material with governed source identity “soybean” and characteristics: feed product type — Processing pulp.,composed_from_approved_semantic_facets,approved,Pete Steward,2026-08-06,data/livestock-staging/approved_feed_material_facets.csv;data/livestock-staging/approved_generated_feed_material_facets.csv,Definition states only governed source identity and approved semantic assertions; no biological or nutritional claim is inferred.
AOM_001779,en,A feed material with governed source identity “soybean” and characteristics: feed product type — Processing pulp; processing method — Grinding.,composed_from_approved_semantic_facets,approved,Pete Steward,2026-08-06,data/livestock-staging/approved_feed_material_facets.csv;data/livestock-staging/approved_generated_feed_material_facets.csv,Definition states only governed source identity and approved semantic assertions; no biological or nutritional claim is inferred.
AOM_001781,en,A feed material with governed source identity “lippia javanica” and characteristics: ingredient part — Leaf.,composed_from_approved_semantic_facets,approved,Pete Steward,2026-08-06,data/livestock-staging/approved_feed_material_facets.csv;data/livestock-staging/approved_generated_feed_material_facets.csv,Definition states only governed source identity and approved semantic assertions; no biological or nutritional claim is inferred.
AOM_001782,en,"A feed material with governed source identity “lippia javanica” and characteristics: ingredient part — Leaf; processing method — Drying, Grinding.",composed_from_approved_semantic_facets,approved,Pete Steward,2026-08-06,data/livestock-staging/approved_feed_material_facets.csv;data/livestock-staging/approved_generated_feed_material_facets.csv,Definition states only governed source identity and approved semantic assertions; no biological or nutritional claim is inferred.
AOM_001784,en,A feed material with governed source identity “scarlet eggplant market waste” and characteristics: processing method — Wilting.,composed_from_approved_semantic_facets,approved,Pete Steward,2026-08-06,data/livestock-staging/approved_feed_material_facets.csv;data/livestock-staging/approved_generated_feed_material_facets.csv,Definition states only governed source identity and approved semantic assertions; no biological or nutritional claim is inferred.
AOM_001787,en,A feed material with governed source identity “eragrostis curvula” and characteristics: processing method — Drying.,composed_from_approved_semantic_facets,approved,Pete Steward,2026-08-06,data/livestock-staging/approved_feed_material_facets.csv;data/livestock-staging/approved_generated_feed_material_facets.csv,Definition states only governed source identity and approved semantic assertions; no biological or nutritional claim is inferred.
AOM_001790,en,A feed material with governed source identity “adansonia digitata” and characteristics: ingredient part — Seed.,composed_from_approved_semantic_facets,approved,Pete Steward,2026-08-06,data/livestock-staging/approved_feed_material_facets.csv;data/livestock-staging/approved_generated_feed_material_facets.csv,Definition states only governed source identity and approved semantic assertions; no biological or nutritional claim is inferred.
AOM_001792,en,A feed material with governed source identity “moringa stenopetala” and characteristics: processing method — Drying.,composed_from_approved_semantic_facets,approved,Pete Steward,2026-08-06,data/livestock-staging/approved_feed_material_facets.csv;data/livestock-staging/approved_generated_feed_material_facets.csv,Definition states only governed source identity and approved semantic assertions; no biological or nutritional claim is inferred.
AOM_001794,en,A feed material with governed source identity “albizia harveyi” and characteristics: processing method — Drying.,composed_from_approved_semantic_facets,approved,Pete Steward,2026-08-06,data/livestock-staging/approved_feed_material_facets.csv;data/livestock-staging/approved_generated_feed_material_facets.csv,Definition states only governed source identity and approved semantic assertions; no biological or nutritional claim is inferred.
AOM_001796,en,A feed material with governed source identity “erythrina abyssinica” and characteristics: processing method — Wilting.,composed_from_approved_semantic_facets,approved,Pete Steward,2026-08-06,data/livestock-staging/approved_feed_material_facets.csv;data/livestock-staging/approved_generated_feed_material_facets.csv,Definition states only governed source identity and approved semantic assertions; no biological or nutritional claim is inferred.
AOM_001798,en,A feed material with governed source identity “gliciridia sepium” and characteristics: processing method — Wilting.,composed_from_approved_semantic_facets,approved,Pete Steward,2026-08-06,data/livestock-staging/approved_feed_material_facets.csv;data/livestock-staging/approved_generated_feed_material_facets.csv,Definition states only governed source identity and approved semantic assertions; no biological or nutritional claim is inferred.
AOM_001799,en,A feed material with governed source identity “gliciridia sepium” and characteristics: processing method — Grinding.,composed_from_approved_semantic_facets,approved,Pete Steward,2026-08-06,data/livestock-staging/approved_feed_material_facets.csv;data/livestock-staging/approved_generated_feed_material_facets.csv,Definition states only governed source identity and approved semantic assertions; no biological or nutritional claim is inferred.
AOM_001800,en,A feed material with governed source identity “gliciridia sepium” and characteristics: ingredient part — Leaf.,composed_from_approved_semantic_facets,approved,Pete Steward,2026-08-06,data/livestock-staging/approved_feed_material_facets.csv;data/livestock-staging/approved_generated_feed_material_facets.csv,Definition states only governed source identity and approved semantic assertions; no biological or nutritional claim is inferred.
AOM_001801,en,A feed material with governed source identity “gliciridia sepium” and characteristics: ingredient part — Leaf; processing method — Drying.,composed_from_approved_semantic_facets,approved,Pete Steward,2026-08-06,data/livestock-staging/approved_feed_material_facets.csv;data/livestock-staging/approved_generated_feed_material_facets.csv,Definition states only governed source identity and approved semantic assertions; no biological or nutritional claim is inferred.
AOM_001803,en,"A feed material with governed source identity “cassava” and characteristics: ingredient part — Peel; processing method — Drying, Grinding.",composed_from_approved_semantic_facets,approved,Pete Steward,2026-08-06,data/livestock-staging/approved_feed_material_facets.csv;data/livestock-staging/approved_generated_feed_material_facets.csv,Definition states only governed source identity and approved semantic assertions; no biological or nutritional claim is inferred.
AOM_001804,en,"A feed material with governed source identity “acacia nilotica” and characteristics: ingredient part — Leaf; processing method — Drying, Grinding.",composed_from_approved_semantic_facets,approved,Pete Steward,2026-08-06,data/livestock-staging/approved_feed_material_facets.csv;data/livestock-staging/approved_generated_feed_material_facets.csv,Definition states only governed source identity and approved semantic assertions; no biological or nutritional claim is inferred.
AOM_001806,en,A feed material with governed source identity “barley” and characteristics: ingredient part — Bran.,composed_from_approved_semantic_facets,approved,Pete Steward,2026-08-06,data/livestock-staging/approved_feed_material_facets.csv;data/livestock-staging/approved_generated_feed_material_facets.csv,Definition states only governed source identity and approved semantic assertions; no biological or nutritional claim is inferred.
AOM_001807,en,A feed material with governed source identity “unspecified” and characteristics: processing method — Ensiling.,composed_from_approved_semantic_facets,approved,Pete Steward,2026-08-06,data/livestock-staging/approved_feed_material_facets.csv;data/livestock-staging/approved_generated_feed_material_facets.csv,Definition states only governed source identity and approved semantic assertions; no biological or nutritional claim is inferred.
AOM_001809,en,A feed material with governed source identity “grass” and characteristics: processing method — Drying.,composed_from_approved_semantic_facets,approved,Pete Steward,2026-08-06,data/livestock-staging/approved_feed_material_facets.csv;data/livestock-staging/approved_generated_feed_material_facets.csv,Definition states only governed source identity and approved semantic assertions; no biological or nutritional claim is inferred.
AOM_001813,en,A feed material with governed source identity “sorghum brewers” and characteristics: ingredient part — Grain.,composed_from_approved_semantic_facets,approved,Pete Steward,2026-08-06,data/livestock-staging/approved_feed_material_facets.csv;data/livestock-staging/approved_generated_feed_material_facets.csv,Definition states only governed source identity and approved semantic assertions; no biological or nutritional claim is inferred.
AOM_001814,en,A feed material with governed source identity “sorghum brewers” and characteristics: ingredient part — Grain; processing method — Drying.,composed_from_approved_semantic_facets,approved,Pete Steward,2026-08-06,data/livestock-staging/approved_feed_material_facets.csv;data/livestock-staging/approved_generated_feed_material_facets.csv,Definition states only governed source identity and approved semantic assertions; no biological or nutritional claim is inferred.
AOM_001816,en,"A feed material with governed source identity “date cull” and characteristics: processing method — Drying, Grinding.",composed_from_approved_semantic_facets,approved,Pete Steward,2026-08-06,data/livestock-staging/approved_feed_material_facets.csv;data/livestock-staging/approved_generated_feed_material_facets.csv,Definition states only governed source identity and approved semantic assertions; no biological or nutritional claim is inferred.
AOM_001819,en,A feed material with governed source identity “ensete ventricosum” and characteristics: ingredient part — Leaf.,composed_from_approved_semantic_facets,approved,Pete Steward,2026-08-06,data/livestock-staging/approved_feed_material_facets.csv;data/livestock-staging/approved_generated_feed_material_facets.csv,Definition states only governed source identity and approved semantic assertions; no biological or nutritional claim is inferred.
AOM_001822,en,A feed material with governed source identity “terminalia brownii” and characteristics: ingredient part — Leaf.,composed_from_approved_semantic_facets,approved,Pete Steward,2026-08-06,data/livestock-staging/approved_feed_material_facets.csv;data/livestock-staging/approved_generated_feed_material_facets.csv,Definition states only governed source identity and approved semantic assertions; no biological or nutritional claim is inferred.
AOM_001823,en,A feed material with governed source identity “terminalia brownii” and characteristics: ingredient part — Leaf; processing method — Drying.,composed_from_approved_semantic_facets,approved,Pete Steward,2026-08-06,data/livestock-staging/approved_feed_material_facets.csv;data/livestock-staging/approved_generated_feed_material_facets.csv,Definition states only governed source identity and approved semantic assertions; no biological or nutritional claim is inferred.
AOM_001829,en,A feed material with governed source identity “biscuit waste” and characteristics: processing method — Grinding.,composed_from_approved_semantic_facets,approved,Pete Steward,2026-08-06,data/livestock-staging/approved_feed_material_facets.csv;data/livestock-staging/approved_generated_feed_material_facets.csv,Definition states only governed source identity and approved semantic assertions; no biological or nutritional claim is inferred.
AOM_001830,en,"A feed material with governed source identity “biscuit waste” and characteristics: processing method — Drying, Grinding.",composed_from_approved_semantic_facets,approved,Pete Steward,2026-08-06,data/livestock-staging/approved_feed_material_facets.csv;data/livestock-staging/approved_generated_feed_material_facets.csv,Definition states only governed source identity and approved semantic assertions; no biological or nutritional claim is inferred.
AOM_001835,en,A feed material with governed source identity “oat” and characteristics: ingredient part — Straw.,composed_from_approved_semantic_facets,approved,Pete Steward,2026-08-06,data/livestock-staging/approved_feed_material_facets.csv;data/livestock-staging/approved_generated_feed_material_facets.csv,Definition states only governed source identity and approved semantic assertions; no biological or nutritional claim is inferred.
AOM_001836,en,A feed material with governed source identity “beet” and characteristics: feed product type — Processing pulp.,composed_from_approved_semantic_facets,approved,Pete Steward,2026-08-06,data/livestock-staging/approved_feed_material_facets.csv;data/livestock-staging/approved_generated_feed_material_facets.csv,Definition states only governed source identity and approved semantic assertions; no biological or nutritional claim is inferred.
AOM_001840,en,A feed material with governed source identity “sweet potato” and characteristics: ingredient part — Tuber.,composed_from_approved_semantic_facets,approved,Pete Steward,2026-08-06,data/livestock-staging/approved_feed_material_facets.csv;data/livestock-staging/approved_generated_feed_material_facets.csv,Definition states only governed source identity and approved semantic assertions; no biological or nutritional claim is inferred.
AOM_001841,en,A feed material with governed source identity “trifolium” and characteristics: processing method — Grinding.,composed_from_approved_semantic_facets,approved,Pete Steward,2026-08-06,data/livestock-staging/approved_feed_material_facets.csv;data/livestock-staging/approved_generated_feed_material_facets.csv,Definition states only governed source identity and approved semantic assertions; no biological or nutritional claim is inferred.
AOM_001843,en,"A feed material with governed source identity “baby maize stalk” and characteristics: processing method — Drying, Wilting.",composed_from_approved_semantic_facets,approved,Pete Steward,2026-08-06,data/livestock-staging/approved_feed_material_facets.csv;data/livestock-staging/approved_generated_feed_material_facets.csv,Definition states only governed source identity and approved semantic assertions; no biological or nutritional claim is inferred.
AOM_001844,en,A feed material with governed source identity “maize” and characteristics: ingredient part — Bran; processing method — Grinding.,composed_from_approved_semantic_facets,approved,Pete Steward,2026-08-06,data/livestock-staging/approved_feed_material_facets.csv;data/livestock-staging/approved_generated_feed_material_facets.csv,Definition states only governed source identity and approved semantic assertions; no biological or nutritional claim is inferred.
AOM_001849,en,"A feed material with governed source identity “ficus sur fruits” and characteristics: processing method — Drying, Grinding.",composed_from_approved_semantic_facets,approved,Pete Steward,2026-08-06,data/livestock-staging/approved_feed_material_facets.csv;data/livestock-staging/approved_generated_feed_material_facets.csv,Definition states only governed source identity and approved semantic assertions; no biological or nutritional claim is inferred.
AOM_001852,en,"A feed material with governed source identity “water hyacinth” and characteristics: processing method — Drying, Grinding.",composed_from_approved_semantic_facets,approved,Pete Steward,2026-08-06,data/livestock-staging/approved_feed_material_facets.csv;data/livestock-staging/approved_generated_feed_material_facets.csv,Definition states only governed source identity and approved semantic assertions; no biological or nutritional claim is inferred.
AOM_001857,en,A feed material with governed source identity “acacia saligna” and characteristics: processing method — Drying.,composed_from_approved_semantic_facets,approved,Pete Steward,2026-08-06,data/livestock-staging/approved_feed_material_facets.csv;data/livestock-staging/approved_generated_feed_material_facets.csv,Definition states only governed source identity and approved semantic assertions; no biological or nutritional claim is inferred.
AOM_001858,en,A feed material with governed source identity “atriplex nummularia” and characteristics: ingredient part — Leaf.,composed_from_approved_semantic_facets,approved,Pete Steward,2026-08-06,data/livestock-staging/approved_feed_material_facets.csv;data/livestock-staging/approved_generated_feed_material_facets.csv,Definition states only governed source identity and approved semantic assertions; no biological or nutritional claim is inferred.
AOM_001859,en,A feed material with governed source identity “atriplex nummularia” and characteristics: processing method — Drying.,composed_from_approved_semantic_facets,approved,Pete Steward,2026-08-06,data/livestock-staging/approved_feed_material_facets.csv;data/livestock-staging/approved_generated_feed_material_facets.csv,Definition states only governed source identity and approved semantic assertions; no biological or nutritional claim is inferred.
AOM_001861,en,A feed material with governed source identity “berchemia discolor” and characteristics: ingredient part — Leaf.,composed_from_approved_semantic_facets,approved,Pete Steward,2026-08-06,data/livestock-staging/approved_feed_material_facets.csv;data/livestock-staging/approved_generated_feed_material_facets.csv,Definition states only governed source identity and approved semantic assertions; no biological or nutritional claim is inferred.
AOM_001862,en,A feed material with governed source identity “berchemia discolor” and characteristics: ingredient part — Leaf; processing method — Drying.,composed_from_approved_semantic_facets,approved,Pete Steward,2026-08-06,data/livestock-staging/approved_feed_material_facets.csv;data/livestock-staging/approved_generated_feed_material_facets.csv,Definition states only governed source identity and approved semantic assertions; no biological or nutritional claim is inferred.
AOM_001863,en,A feed material with governed source identity “chromolaena odorata” and characteristics: ingredient part — Leaf; processing method — Grinding.,composed_from_approved_semantic_facets,approved,Pete Steward,2026-08-06,data/livestock-staging/approved_feed_material_facets.csv;data/livestock-staging/approved_generated_feed_material_facets.csv,Definition states only governed source identity and approved semantic assertions; no biological or nutritional claim is inferred.
AOM_001878,en,A feed material with governed source identity “clupeid fish” and characteristics: processing method — Grinding.,composed_from_approved_semantic_facets,approved,Pete Steward,2026-08-06,data/livestock-staging/approved_feed_material_facets.csv;data/livestock-staging/approved_generated_feed_material_facets.csv,Definition states only governed source identity and approved semantic assertions; no biological or nutritional claim is inferred.
AOM_001881,en,A feed material with governed source identity “herring” and characteristics: processing method — Grinding.,composed_from_approved_semantic_facets,approved,Pete Steward,2026-08-06,data/livestock-staging/approved_feed_material_facets.csv;data/livestock-staging/approved_generated_feed_material_facets.csv,Definition states only governed source identity and approved semantic assertions; no biological or nutritional claim is inferred.
AOM_001883,en,A feed material with governed source identity “unspecified” and characteristics: ingredient part — Bran; processing method — Grinding.,composed_from_approved_semantic_facets,approved,Pete Steward,2026-08-06,data/livestock-staging/approved_feed_material_facets.csv;data/livestock-staging/approved_generated_feed_material_facets.csv,Definition states only governed source identity and approved semantic assertions; no biological or nutritional claim is inferred.
AOM_001885,en,"A feed material with governed source identity “maize” and characteristics: ingredient part — Straw; processing method — Ensiling, Urea treatment.",composed_from_approved_semantic_facets,approved,Pete Steward,2026-08-06,data/livestock-staging/approved_feed_material_facets.csv;data/livestock-staging/approved_generated_feed_material_facets.csv,Definition states only governed source identity and approved semantic assertions; no biological or nutritional claim is inferred.
AOM_001887,en,A feed material with governed source identity “wheat” and characteristics: ingredient part — Straw.,composed_from_approved_semantic_facets,approved,Pete Steward,2026-08-06,data/livestock-staging/approved_feed_material_facets.csv;data/livestock-staging/approved_generated_feed_material_facets.csv,Definition states only governed source identity and approved semantic assertions; no biological or nutritional claim is inferred.
AOM_001888,en,"A feed material with governed source identity “mango” and characteristics: ingredient part — Kernel, Seed; processing method — Grinding.",composed_from_approved_semantic_facets,approved,Pete Steward,2026-08-06,data/livestock-staging/approved_feed_material_facets.csv;data/livestock-staging/approved_generated_feed_material_facets.csv,Definition states only governed source identity and approved semantic assertions; no biological or nutritional claim is inferred.
AOM_001890,en,A feed material with governed source identity “groundnut” and characteristics: ingredient part — Straw.,composed_from_approved_semantic_facets,approved,Pete Steward,2026-08-06,data/livestock-staging/approved_feed_material_facets.csv;data/livestock-staging/approved_generated_feed_material_facets.csv,Definition states only governed source identity and approved semantic assertions; no biological or nutritional claim is inferred.
AOM_001893,en,A feed material with governed source identity “hibiscus” and characteristics: ingredient part — Seed.,composed_from_approved_semantic_facets,approved,Pete Steward,2026-08-06,data/livestock-staging/approved_feed_material_facets.csv;data/livestock-staging/approved_generated_feed_material_facets.csv,Definition states only governed source identity and approved semantic assertions; no biological or nutritional claim is inferred.
AOM_001894,en,A feed material with governed source identity “sunflower” and characteristics: ingredient part — Seed; processing method — Grinding.,composed_from_approved_semantic_facets,approved,Pete Steward,2026-08-06,data/livestock-staging/approved_feed_material_facets.csv;data/livestock-staging/approved_generated_feed_material_facets.csv,Definition states only governed source identity and approved semantic assertions; no biological or nutritional claim is inferred.
AOM_001896,en,A feed material with governed source identity “blue lupin” and characteristics: ingredient part — Grain.,composed_from_approved_semantic_facets,approved,Pete Steward,2026-08-06,data/livestock-staging/approved_feed_material_facets.csv;data/livestock-staging/approved_generated_feed_material_facets.csv,Definition states only governed source identity and approved semantic assertions; no biological or nutritional claim is inferred.
AOM_001902,en,A feed material with governed source identity “sesbania sesban” and characteristics: ingredient part — Leaf; processing method — Drying.,composed_from_approved_semantic_facets,approved,Pete Steward,2026-08-06,data/livestock-staging/approved_feed_material_facets.csv;data/livestock-staging/approved_generated_feed_material_facets.csv,Definition states only governed source identity and approved semantic assertions; no biological or nutritional claim is inferred.
AOM_001906,en,A feed material with governed source identity “blue lupin” and characteristics: ingredient part — Grain; processing method — Roasting.,composed_from_approved_semantic_facets,approved,Pete Steward,2026-08-06,data/livestock-staging/approved_feed_material_facets.csv;data/livestock-staging/approved_generated_feed_material_facets.csv,Definition states only governed source identity and approved semantic assertions; no biological or nutritional claim is inferred.
AOM_001907,en,A feed material with governed source identity “blue lupin” and characteristics: ingredient part — Grain; processing method — Drying.,composed_from_approved_semantic_facets,approved,Pete Steward,2026-08-06,data/livestock-staging/approved_feed_material_facets.csv;data/livestock-staging/approved_generated_feed_material_facets.csv,Definition states only governed source identity and approved semantic assertions; no biological or nutritional claim is inferred.
AOM_001909,en,A feed material with governed source identity “black cumin” and characteristics: ingredient part — Seed; processing method — Grinding.,composed_from_approved_semantic_facets,approved,Pete Steward,2026-08-06,data/livestock-staging/approved_feed_material_facets.csv;data/livestock-staging/approved_generated_feed_material_facets.csv,Definition states only governed source identity and approved semantic assertions; no biological or nutritional claim is inferred.
AOM_001910,en,"A feed material with governed source identity “unspecified grass” and characteristics: processing method — Drying, Grinding.",composed_from_approved_semantic_facets,approved,Pete Steward,2026-08-06,data/livestock-staging/approved_feed_material_facets.csv;data/livestock-staging/approved_generated_feed_material_facets.csv,Definition states only governed source identity and approved semantic assertions; no biological or nutritional claim is inferred.
AOM_001911,en,A feed material with governed source identity “unspecified grass” and characteristics: processing method — Drying.,composed_from_approved_semantic_facets,approved,Pete Steward,2026-08-06,data/livestock-staging/approved_feed_material_facets.csv;data/livestock-staging/approved_generated_feed_material_facets.csv,Definition states only governed source identity and approved semantic assertions; no biological or nutritional claim is inferred.
AOM_001915,en,A feed material with governed source identity “opuntia ficus indica cladode” and characteristics: processing method — Ensiling.,composed_from_approved_semantic_facets,approved,Pete Steward,2026-08-06,data/livestock-staging/approved_feed_material_facets.csv;data/livestock-staging/approved_generated_feed_material_facets.csv,Definition states only governed source identity and approved semantic assertions; no biological or nutritional claim is inferred.
AOM_001918,en,A feed material with governed source identity “sesbania” and characteristics: processing method — Drying.,composed_from_approved_semantic_facets,approved,Pete Steward,2026-08-06,data/livestock-staging/approved_feed_material_facets.csv;data/livestock-staging/approved_generated_feed_material_facets.csv,Definition states only governed source identity and approved semantic assertions; no biological or nutritional claim is inferred.
AOM_001919,en,A feed material with governed source identity “leucaena” and characteristics: ingredient part — Leaf; processing method — Drying.,composed_from_approved_semantic_facets,approved,Pete Steward,2026-08-06,data/livestock-staging/approved_feed_material_facets.csv;data/livestock-staging/approved_generated_feed_material_facets.csv,Definition states only governed source identity and approved semantic assertions; no biological or nutritional claim is inferred.
AOM_001924,en,A feed material with governed source identity “shrimp heads” and characteristics: processing method — Grinding.,composed_from_approved_semantic_facets,approved,Pete Steward,2026-08-06,data/livestock-staging/approved_feed_material_facets.csv;data/livestock-staging/approved_generated_feed_material_facets.csv,Definition states only governed source identity and approved semantic assertions; no biological or nutritional claim is inferred.
AOM_001925,en,"A feed material with governed source identity “fish” and characteristics: processing method — Boiling, Drying, Grinding.",composed_from_approved_semantic_facets,approved,Pete Steward,2026-08-06,data/livestock-staging/approved_feed_material_facets.csv;data/livestock-staging/approved_generated_feed_material_facets.csv,Definition states only governed source identity and approved semantic assertions; no biological or nutritional claim is inferred.
AOM_001926,en,A feed material with governed source identity “menhaden” and characteristics: processing method — Grinding.,composed_from_approved_semantic_facets,approved,Pete Steward,2026-08-06,data/livestock-staging/approved_feed_material_facets.csv;data/livestock-staging/approved_generated_feed_material_facets.csv,Definition states only governed source identity and approved semantic assertions; no biological or nutritional claim is inferred.
AOM_001928,en,A feed material with governed source identity “rainbow trout viscera de oiled” and characteristics: processing method — Ensiling.,composed_from_approved_semantic_facets,approved,Pete Steward,2026-08-06,data/livestock-staging/approved_feed_material_facets.csv;data/livestock-staging/approved_generated_feed_material_facets.csv,Definition states only governed source identity and approved semantic assertions; no biological or nutritional claim is inferred.
AOM_001929,en,A feed material with governed source identity “sardine” and characteristics: processing method — Grinding.,composed_from_approved_semantic_facets,approved,Pete Steward,2026-08-06,data/livestock-staging/approved_feed_material_facets.csv;data/livestock-staging/approved_generated_feed_material_facets.csv,Definition states only governed source identity and approved semantic assertions; no biological or nutritional claim is inferred.
AOM_001931,en,A feed material with governed source identity “tuna” and characteristics: processing method — Grinding.,composed_from_approved_semantic_facets,approved,Pete Steward,2026-08-06,data/livestock-staging/approved_feed_material_facets.csv;data/livestock-staging/approved_generated_feed_material_facets.csv,Definition states only governed source identity and approved semantic assertions; no biological or nutritional claim is inferred.
AOM_001932,en,"A feed material with governed source identity “housefly maggot” and characteristics: processing method — Drying, Grinding.",composed_from_approved_semantic_facets,approved,Pete Steward,2026-08-06,data/livestock-staging/approved_feed_material_facets.csv;data/livestock-staging/approved_generated_feed_material_facets.csv,Definition states only governed source identity and approved semantic assertions; no biological or nutritional claim is inferred.
AOM_001933,en,"A feed material with governed source identity “termite” and characteristics: processing method — Drying, Grinding.",composed_from_approved_semantic_facets,approved,Pete Steward,2026-08-06,data/livestock-staging/approved_feed_material_facets.csv;data/livestock-staging/approved_generated_feed_material_facets.csv,Definition states only governed source identity and approved semantic assertions; no biological or nutritional claim is inferred.
AOM_001934,en,"A feed material with governed source identity “winged termite” and characteristics: processing method — Drying, Grinding.",composed_from_approved_semantic_facets,approved,Pete Steward,2026-08-06,data/livestock-staging/approved_feed_material_facets.csv;data/livestock-staging/approved_generated_feed_material_facets.csv,Definition states only governed source identity and approved semantic assertions; no biological or nutritional claim is inferred.
AOM_001937,en,"A feed material with governed source identity “giant snail” and characteristics: processing method — Boiling, Drying, Grinding.",composed_from_approved_semantic_facets,approved,Pete Steward,2026-08-06,data/livestock-staging/approved_feed_material_facets.csv;data/livestock-staging/approved_generated_feed_material_facets.csv,Definition states only governed source identity and approved semantic assertions; no biological or nutritional claim is inferred.
AOM_001938,en,"A feed material with governed source identity “chicken offal” and characteristics: processing method — Drying, Grinding.",composed_from_approved_semantic_facets,approved,Pete Steward,2026-08-06,data/livestock-staging/approved_feed_material_facets.csv;data/livestock-staging/approved_generated_feed_material_facets.csv,Definition states only governed source identity and approved semantic assertions; no biological or nutritional claim is inferred.
AOM_001939,en,"A feed material with governed source identity “rumen contents” and characteristics: processing method — Drying, Grinding.",composed_from_approved_semantic_facets,approved,Pete Steward,2026-08-06,data/livestock-staging/approved_feed_material_facets.csv;data/livestock-staging/approved_generated_feed_material_facets.csv,Definition states only governed source identity and approved semantic assertions; no biological or nutritional claim is inferred.
AOM_001940,en,"A feed material with governed source identity “chicken manure” and characteristics: processing method — Drying, Grinding.",composed_from_approved_semantic_facets,approved,Pete Steward,2026-08-06,data/livestock-staging/approved_feed_material_facets.csv;data/livestock-staging/approved_generated_feed_material_facets.csv,Definition states only governed source identity and approved semantic assertions; no biological or nutritional claim is inferred.
AOM_001941,en,"A feed material with governed source identity “poultry litter” and characteristics: processing method — Drying, Grinding.",composed_from_approved_semantic_facets,approved,Pete Steward,2026-08-06,data/livestock-staging/approved_feed_material_facets.csv;data/livestock-staging/approved_generated_feed_material_facets.csv,Definition states only governed source identity and approved semantic assertions; no biological or nutritional claim is inferred.
AOM_001942,en,"A feed material with governed source identity “maize” and characteristics: ingredient part — Husk; processing method — Drying, Grinding.",composed_from_approved_semantic_facets,approved,Pete Steward,2026-08-06,data/livestock-staging/approved_feed_material_facets.csv;data/livestock-staging/approved_generated_feed_material_facets.csv,Definition states only governed source identity and approved semantic assertions; no biological or nutritional claim is inferred.
AOM_001943,en,A feed material with governed source identity “maize” and characteristics: ingredient part — Cob; processing method — Ensiling.,composed_from_approved_semantic_facets,approved,Pete Steward,2026-08-06,data/livestock-staging/approved_feed_material_facets.csv;data/livestock-staging/approved_generated_feed_material_facets.csv,Definition states only governed source identity and approved semantic assertions; no biological or nutritional claim is inferred.
AOM_001944,en,A feed material with governed source identity “maize” and characteristics: ingredient part — Leaf; processing method — Drying.,composed_from_approved_semantic_facets,approved,Pete Steward,2026-08-06,data/livestock-staging/approved_feed_material_facets.csv;data/livestock-staging/approved_generated_feed_material_facets.csv,Definition states only governed source identity and approved semantic assertions; no biological or nutritional claim is inferred.
AOM_001945,en,A feed material with governed source identity “sorghum brewers refermented” and characteristics: ingredient part — Grain; processing method — Drying.,composed_from_approved_semantic_facets,approved,Pete Steward,2026-08-06,data/livestock-staging/approved_feed_material_facets.csv;data/livestock-staging/approved_generated_feed_material_facets.csv,Definition states only governed source identity and approved semantic assertions; no biological or nutritional claim is inferred.
AOM_001946,en,"A feed material with governed source identity “plantain” and characteristics: ingredient part — Peel; processing method — Drying, Grinding.",composed_from_approved_semantic_facets,approved,Pete Steward,2026-08-06,data/livestock-staging/approved_feed_material_facets.csv;data/livestock-staging/approved_generated_feed_material_facets.csv,Definition states only governed source identity and approved semantic assertions; no biological or nutritional claim is inferred.
AOM_001947,en,"A feed material with governed source identity “orange peels” and characteristics: processing method — Drying, Fermentation, Grinding.",composed_from_approved_semantic_facets,approved,Pete Steward,2026-08-06,data/livestock-staging/approved_feed_material_facets.csv;data/livestock-staging/approved_generated_feed_material_facets.csv,Definition states only governed source identity and approved semantic assertions; no biological or nutritional claim is inferred.
AOM_001948,en,A feed material with governed source identity “common bean haulm” and characteristics: processing method — Drying.,composed_from_approved_semantic_facets,approved,Pete Steward,2026-08-06,data/livestock-staging/approved_feed_material_facets.csv;data/livestock-staging/approved_generated_feed_material_facets.csv,Definition states only governed source identity and approved semantic assertions; no biological or nutritional claim is inferred.
AOM_001949,en,"A feed material with governed source identity “soybean flakes” and characteristics: processing method — Defatting, Drying, Grinding.",composed_from_approved_semantic_facets,approved,Pete Steward,2026-08-06,data/livestock-staging/approved_feed_material_facets.csv;data/livestock-staging/approved_generated_feed_material_facets.csv,Definition states only governed source identity and approved semantic assertions; no biological or nutritional claim is inferred.
AOM_001951,en,"A feed material with governed source identity “sesame” and characteristics: ingredient part — Seed; processing method — Autoclaving, Drying, Grinding.",composed_from_approved_semantic_facets,approved,Pete Steward,2026-08-06,data/livestock-staging/approved_feed_material_facets.csv;data/livestock-staging/approved_generated_feed_material_facets.csv,Definition states only governed source identity and approved semantic assertions; no biological or nutritional claim is inferred.
AOM_001952,en,A feed material with governed source identity “beetroot discards” and characteristics: processing method — Drying.,composed_from_approved_semantic_facets,approved,Pete Steward,2026-08-06,data/livestock-staging/approved_feed_material_facets.csv;data/livestock-staging/approved_generated_feed_material_facets.csv,Definition states only governed source identity and approved semantic assertions; no biological or nutritional claim is inferred.
AOM_001953,en,A feed material with governed source identity “potato hash” and characteristics: processing method — Ensiling.,composed_from_approved_semantic_facets,approved,Pete Steward,2026-08-06,data/livestock-staging/approved_feed_material_facets.csv;data/livestock-staging/approved_generated_feed_material_facets.csv,Definition states only governed source identity and approved semantic assertions; no biological or nutritional claim is inferred.
AOM_001954,en,A feed material with governed source identity “sweet potato” and characteristics: ingredient part — Vine; processing method — Ensiling.,composed_from_approved_semantic_facets,approved,Pete Steward,2026-08-06,data/livestock-staging/approved_feed_material_facets.csv;data/livestock-staging/approved_generated_feed_material_facets.csv,Definition states only governed source identity and approved semantic assertions; no biological or nutritional claim is inferred.
AOM_001955,en,A feed material with governed source identity “cabbage discards” and characteristics: processing method — Drying.,composed_from_approved_semantic_facets,approved,Pete Steward,2026-08-06,data/livestock-staging/approved_feed_material_facets.csv;data/livestock-staging/approved_generated_feed_material_facets.csv,Definition states only governed source identity and approved semantic assertions; no biological or nutritional claim is inferred.
AOM_001957,en,A feed material with governed source identity “tomato waste” and characteristics: processing method — Drying.,composed_from_approved_semantic_facets,approved,Pete Steward,2026-08-06,data/livestock-staging/approved_feed_material_facets.csv;data/livestock-staging/approved_generated_feed_material_facets.csv,Definition states only governed source identity and approved semantic assertions; no biological or nutritional claim is inferred.
AOM_001959,en,"A feed material with governed source identity “oat” and characteristics: ingredient part — Grain; processing method — Drying, Wilting.",composed_from_approved_semantic_facets,approved,Pete Steward,2026-08-06,data/livestock-staging/approved_feed_material_facets.csv;data/livestock-staging/approved_generated_feed_material_facets.csv,Definition states only governed source identity and approved semantic assertions; no biological or nutritional claim is inferred.
AOM_001960,en,A feed material with governed source identity “soybean full fat” and characteristics: processing method — Heating.,composed_from_approved_semantic_facets,approved,Pete Steward,2026-08-06,data/livestock-staging/approved_feed_material_facets.csv;data/livestock-staging/approved_generated_feed_material_facets.csv,Definition states only governed source identity and approved semantic assertions; no biological or nutritional claim is inferred.
AOM_001961,en,A feed material with governed source identity “palm crude” and characteristics: processing method — Grinding.,composed_from_approved_semantic_facets,approved,Pete Steward,2026-08-06,data/livestock-staging/approved_feed_material_facets.csv;data/livestock-staging/approved_generated_feed_material_facets.csv,Definition states only governed source identity and approved semantic assertions; no biological or nutritional claim is inferred.
AOM_001962,en,A feed material with governed source identity “potamogeton lucens” and characteristics: ingredient part — Leaf; processing method — Drying.,composed_from_approved_semantic_facets,approved,Pete Steward,2026-08-06,data/livestock-staging/approved_feed_material_facets.csv;data/livestock-staging/approved_generated_feed_material_facets.csv,Definition states only governed source identity and approved semantic assertions; no biological or nutritional claim is inferred.
AOM_001963,en,A feed material with governed source identity “potamogeton lucens” and characteristics: ingredient part — Pod; processing method — Drying.,composed_from_approved_semantic_facets,approved,Pete Steward,2026-08-06,data/livestock-staging/approved_feed_material_facets.csv;data/livestock-staging/approved_generated_feed_material_facets.csv,Definition states only governed source identity and approved semantic assertions; no biological or nutritional claim is inferred.
AOM_001964,en,A feed material with governed source identity “spirulina” and characteristics: processing method — Drying.,composed_from_approved_semantic_facets,approved,Pete Steward,2026-08-06,data/livestock-staging/approved_feed_material_facets.csv;data/livestock-staging/approved_generated_feed_material_facets.csv,Definition states only governed source identity and approved semantic assertions; no biological or nutritional claim is inferred.
AOM_001965,en,"A feed material with governed source identity “grass” and characteristics: processing method — Drying, Ensiling.",composed_from_approved_semantic_facets,approved,Pete Steward,2026-08-06,data/livestock-staging/approved_feed_material_facets.csv;data/livestock-staging/approved_generated_feed_material_facets.csv,Definition states only governed source identity and approved semantic assertions; no biological or nutritional claim is inferred.
AOM_001966,en,"A feed material with governed source identity “pennisetum clandestinum” and characteristics: ingredient part — Leaf; processing method — Drying, Grinding.",composed_from_approved_semantic_facets,approved,Pete Steward,2026-08-06,data/livestock-staging/approved_feed_material_facets.csv;data/livestock-staging/approved_generated_feed_material_facets.csv,Definition states only governed source identity and approved semantic assertions; no biological or nutritional claim is inferred.
AOM_001968,en,A feed material with governed source identity “grewia similis” and characteristics: processing method — Drying.,composed_from_approved_semantic_facets,approved,Pete Steward,2026-08-06,data/livestock-staging/approved_feed_material_facets.csv;data/livestock-staging/approved_generated_feed_material_facets.csv,Definition states only governed source identity and approved semantic assertions; no biological or nutritional claim is inferred.
AOM_001969,en,"A feed material with governed source identity “jatropha curcas” and characteristics: ingredient part — Kernel; processing method — Drying, Grinding.",composed_from_approved_semantic_facets,approved,Pete Steward,2026-08-06,data/livestock-staging/approved_feed_material_facets.csv;data/livestock-staging/approved_generated_feed_material_facets.csv,Definition states only governed source identity and approved semantic assertions; no biological or nutritional claim is inferred.
AOM_001970,en,"A feed material with governed source identity “jatropha curcas” and characteristics: processing method — Defatting, Drying, Grinding.",composed_from_approved_semantic_facets,approved,Pete Steward,2026-08-06,data/livestock-staging/approved_feed_material_facets.csv;data/livestock-staging/approved_generated_feed_material_facets.csv,Definition states only governed source identity and approved semantic assertions; no biological or nutritional claim is inferred.
AOM_001971,en,"A feed material with governed source identity “jatropha curcas” and characteristics: ingredient part — Seed; processing method — Defatting, Fermentation, Grinding.",composed_from_approved_semantic_facets,approved,Pete Steward,2026-08-06,data/livestock-staging/approved_feed_material_facets.csv;data/livestock-staging/approved_generated_feed_material_facets.csv,Definition states only governed source identity and approved semantic assertions; no biological or nutritional claim is inferred.
AOM_001973,en,A feed material with governed source identity “leucaena leucocephala” and characteristics: ingredient part — Leaf; processing method — Grinding.,composed_from_approved_semantic_facets,approved,Pete Steward,2026-08-06,data/livestock-staging/approved_feed_material_facets.csv;data/livestock-staging/approved_generated_feed_material_facets.csv,Definition states only governed source identity and approved semantic assertions; no biological or nutritional claim is inferred.
AOM_001974,en,"A feed material with governed source identity “leucaena leucocephala” and characteristics: ingredient part — Leaf; processing method — Drying, Grinding.",composed_from_approved_semantic_facets,approved,Pete Steward,2026-08-06,data/livestock-staging/approved_feed_material_facets.csv;data/livestock-staging/approved_generated_feed_material_facets.csv,Definition states only governed source identity and approved semantic assertions; no biological or nutritional claim is inferred.
AOM_001976,en,"A feed material with governed source identity “moringa oleifera” and characteristics: processing method — Drying, Grinding.",composed_from_approved_semantic_facets,approved,Pete Steward,2026-08-06,data/livestock-staging/approved_feed_material_facets.csv;data/livestock-staging/approved_generated_feed_material_facets.csv,Definition states only governed source identity and approved semantic assertions; no biological or nutritional claim is inferred.
AOM_001977,en,"A feed material with governed source identity “moringa oleifera stalks” and characteristics: processing method — Drying, Grinding.",composed_from_approved_semantic_facets,approved,Pete Steward,2026-08-06,data/livestock-staging/approved_feed_material_facets.csv;data/livestock-staging/approved_generated_feed_material_facets.csv,Definition states only governed source identity and approved semantic assertions; no biological or nutritional claim is inferred.
AOM_001978,en,"A feed material with governed source identity “moringa oleifera bark” and characteristics: ingredient part — Root; processing method — Drying, Grinding.",composed_from_approved_semantic_facets,approved,Pete Steward,2026-08-06,data/livestock-staging/approved_feed_material_facets.csv;data/livestock-staging/approved_generated_feed_material_facets.csv,Definition states only governed source identity and approved semantic assertions; no biological or nutritional claim is inferred.
AOM_001979,en,A feed material with governed source identity “moringa oleifera extract” and characteristics: ingredient part — Leaf.,composed_from_approved_semantic_facets,approved,Pete Steward,2026-08-06,data/livestock-staging/approved_feed_material_facets.csv;data/livestock-staging/approved_generated_feed_material_facets.csv,Definition states only governed source identity and approved semantic assertions; no biological or nutritional claim is inferred.
AOM_001980,en,"A feed material with governed source identity “moringa stenopetala” and characteristics: ingredient part — Leaf; processing method — Drying, Grinding.",composed_from_approved_semantic_facets,approved,Pete Steward,2026-08-06,data/livestock-staging/approved_feed_material_facets.csv;data/livestock-staging/approved_generated_feed_material_facets.csv,Definition states only governed source identity and approved semantic assertions; no biological or nutritional claim is inferred.
AOM_001981,en,"A feed material with governed source identity “opuntia ficus indica” and characteristics: processing method — Drying, Grinding.",composed_from_approved_semantic_facets,approved,Pete Steward,2026-08-06,data/livestock-staging/approved_feed_material_facets.csv;data/livestock-staging/approved_generated_feed_material_facets.csv,Definition states only governed source identity and approved semantic assertions; no biological or nutritional claim is inferred.
AOM_001982,en,A feed material with governed source identity “prosopis africana” and characteristics: ingredient part — Seed.,composed_from_approved_semantic_facets,approved,Pete Steward,2026-08-06,data/livestock-staging/approved_feed_material_facets.csv;data/livestock-staging/approved_generated_feed_material_facets.csv,Definition states only governed source identity and approved semantic assertions; no biological or nutritional claim is inferred.
AOM_001983,en,A feed material with governed source identity “prosopis africana” and characteristics: ingredient part — Seed; processing method — Grinding.,composed_from_approved_semantic_facets,approved,Pete Steward,2026-08-06,data/livestock-staging/approved_feed_material_facets.csv;data/livestock-staging/approved_generated_feed_material_facets.csv,Definition states only governed source identity and approved semantic assertions; no biological or nutritional claim is inferred.
AOM_001984,en,A feed material with governed source identity “sesbania sesban and twigs” and characteristics: ingredient part — Leaf; processing method — Drying.,composed_from_approved_semantic_facets,approved,Pete Steward,2026-08-06,data/livestock-staging/approved_feed_material_facets.csv;data/livestock-staging/approved_generated_feed_material_facets.csv,Definition states only governed source identity and approved semantic assertions; no biological or nutritional claim is inferred.
AOM_001985,en,A feed material with governed source identity “sesbania sesban stalks” and characteristics: processing method — Wilting.,composed_from_approved_semantic_facets,approved,Pete Steward,2026-08-06,data/livestock-staging/approved_feed_material_facets.csv;data/livestock-staging/approved_generated_feed_material_facets.csv,Definition states only governed source identity and approved semantic assertions; no biological or nutritional claim is inferred.
AOM_001986,en,"A feed material with governed source identity “gliciridia sepium” and characteristics: ingredient part — Leaf; processing method — Drying, Grinding.",composed_from_approved_semantic_facets,approved,Pete Steward,2026-08-06,data/livestock-staging/approved_feed_material_facets.csv;data/livestock-staging/approved_generated_feed_material_facets.csv,Definition states only governed source identity and approved semantic assertions; no biological or nutritional claim is inferred.
AOM_001988,en,A feed material with governed source identity “gliciridia sepium” and characteristics: ingredient part — Leaf; processing method — Grinding.,composed_from_approved_semantic_facets,approved,Pete Steward,2026-08-06,data/livestock-staging/approved_feed_material_facets.csv;data/livestock-staging/approved_generated_feed_material_facets.csv,Definition states only governed source identity and approved semantic assertions; no biological or nutritional claim is inferred.
AOM_001990,en,"A feed material with governed source identity “macroptilium atropurpureum” and characteristics: ingredient part — Leaf; processing method — Drying, Ensiling.",composed_from_approved_semantic_facets,approved,Pete Steward,2026-08-06,data/livestock-staging/approved_feed_material_facets.csv;data/livestock-staging/approved_generated_feed_material_facets.csv,Definition states only governed source identity and approved semantic assertions; no biological or nutritional claim is inferred.
AOM_001991,en,A feed material with governed source identity “macroptilium atropurpureum” and characteristics: processing method — Drying.,composed_from_approved_semantic_facets,approved,Pete Steward,2026-08-06,data/livestock-staging/approved_feed_material_facets.csv;data/livestock-staging/approved_generated_feed_material_facets.csv,Definition states only governed source identity and approved semantic assertions; no biological or nutritional claim is inferred.
AOM_001992,en,A feed material with governed source identity “pterocarpus erinaceus” and characteristics: ingredient part — Leaf; processing method — Drying.,composed_from_approved_semantic_facets,approved,Pete Steward,2026-08-06,data/livestock-staging/approved_feed_material_facets.csv;data/livestock-staging/approved_generated_feed_material_facets.csv,Definition states only governed source identity and approved semantic assertions; no biological or nutritional claim is inferred.
AOM_001993,en,"A feed material with governed source identity “vicia” and characteristics: processing method — Drying, Wilting.",composed_from_approved_semantic_facets,approved,Pete Steward,2026-08-06,data/livestock-staging/approved_feed_material_facets.csv;data/livestock-staging/approved_generated_feed_material_facets.csv,Definition states only governed source identity and approved semantic assertions; no biological or nutritional claim is inferred.
AOM_001994,en,"A feed material with governed source identity “carboxymethyl cellulose” and characteristics: processing method — Drying, Grinding, Heating.",composed_from_approved_semantic_facets,approved,Pete Steward,2026-08-06,data/livestock-staging/approved_feed_material_facets.csv;data/livestock-staging/approved_generated_feed_material_facets.csv,Definition states only governed source identity and approved semantic assertions; no biological or nutritional claim is inferred.
AOM_001997,en,A feed material with governed source identity “toxynil” and characteristics: processing method — Grinding.,composed_from_approved_semantic_facets,approved,Pete Steward,2026-08-06,data/livestock-staging/approved_feed_material_facets.csv;data/livestock-staging/approved_generated_feed_material_facets.csv,Definition states only governed source identity and approved semantic assertions; no biological or nutritional claim is inferred.
AOM_002000,en,A feed material with governed source identity “noug” and characteristics: ingredient part — Seed.,composed_from_approved_semantic_facets,approved,Pete Steward,2026-08-06,data/livestock-staging/approved_feed_material_facets.csv;data/livestock-staging/approved_generated_feed_material_facets.csv,Definition states only governed source identity and approved semantic assertions; no biological or nutritional claim is inferred.
AOM_002001,en,"A feed material with governed source identity “clove basil extract ethanol treated” and characteristics: ingredient part — Leaf; processing method — Drying, Grinding.",composed_from_approved_semantic_facets,approved,Pete Steward,2026-08-06,data/livestock-staging/approved_feed_material_facets.csv;data/livestock-staging/approved_generated_feed_material_facets.csv,Definition states only governed source identity and approved semantic assertions; no biological or nutritional claim is inferred.
AOM_002002,en,"A feed material with governed source identity “urtica dioica” and characteristics: processing method — Drying, Grinding.",composed_from_approved_semantic_facets,approved,Pete Steward,2026-08-06,data/livestock-staging/approved_feed_material_facets.csv;data/livestock-staging/approved_generated_feed_material_facets.csv,Definition states only governed source identity and approved semantic assertions; no biological or nutritional claim is inferred.
AOM_002005,en,A feed material with governed source identity “danish fish” and characteristics: processing method — Grinding.,composed_from_approved_semantic_facets,approved,Pete Steward,2026-08-06,data/livestock-staging/approved_feed_material_facets.csv;data/livestock-staging/approved_generated_feed_material_facets.csv,Definition states only governed source identity and approved semantic assertions; no biological or nutritional claim is inferred.
AOM_002006,en,A feed material with governed source identity “fish” and characteristics: processing method — Ensiling.,composed_from_approved_semantic_facets,approved,Pete Steward,2026-08-06,data/livestock-staging/approved_feed_material_facets.csv;data/livestock-staging/approved_generated_feed_material_facets.csv,Definition states only governed source identity and approved semantic assertions; no biological or nutritional claim is inferred.
AOM_002007,en,A feed material with governed source identity “fish” and characteristics: processing method — Heating.,composed_from_approved_semantic_facets,approved,Pete Steward,2026-08-06,data/livestock-staging/approved_feed_material_facets.csv;data/livestock-staging/approved_generated_feed_material_facets.csv,Definition states only governed source identity and approved semantic assertions; no biological or nutritional claim is inferred.
AOM_002008,en,"A feed material with governed source identity “fish” and characteristics: processing method — Drying, Grinding, Heating.",composed_from_approved_semantic_facets,approved,Pete Steward,2026-08-06,data/livestock-staging/approved_feed_material_facets.csv;data/livestock-staging/approved_generated_feed_material_facets.csv,Definition states only governed source identity and approved semantic assertions; no biological or nutritional claim is inferred.
AOM_002009,en,"A feed material with governed source identity “feather” and characteristics: processing method — Boiling, Drying, Grinding.",composed_from_approved_semantic_facets,approved,Pete Steward,2026-08-06,data/livestock-staging/approved_feed_material_facets.csv;data/livestock-staging/approved_generated_feed_material_facets.csv,Definition states only governed source identity and approved semantic assertions; no biological or nutritional claim is inferred.
AOM_002011,en,"A feed material with governed source identity “cocoa bean” and characteristics: ingredient part — Shell; processing method — Drying, Grinding.",composed_from_approved_semantic_facets,approved,Pete Steward,2026-08-06,data/livestock-staging/approved_feed_material_facets.csv;data/livestock-staging/approved_generated_feed_material_facets.csv,Definition states only governed source identity and approved semantic assertions; no biological or nutritional claim is inferred.
AOM_002012,en,"A feed material with governed source identity “cocoa” and characteristics: ingredient part — Husk, Pod; processing method — Boiling, Drying, Grinding.",composed_from_approved_semantic_facets,approved,Pete Steward,2026-08-06,data/livestock-staging/approved_feed_material_facets.csv;data/livestock-staging/approved_generated_feed_material_facets.csv,Definition states only governed source identity and approved semantic assertions; no biological or nutritional claim is inferred.
AOM_002013,en,"A feed material with governed source identity “barley” and characteristics: processing method — Drying, Grinding.",composed_from_approved_semantic_facets,approved,Pete Steward,2026-08-06,data/livestock-staging/approved_feed_material_facets.csv;data/livestock-staging/approved_generated_feed_material_facets.csv,Definition states only governed source identity and approved semantic assertions; no biological or nutritional claim is inferred.
AOM_002015,en,"A feed material with governed source identity “unspecified” and characteristics: ingredient part — Bran; processing method — Drying, Grinding.",composed_from_approved_semantic_facets,approved,Pete Steward,2026-08-06,data/livestock-staging/approved_feed_material_facets.csv;data/livestock-staging/approved_generated_feed_material_facets.csv,Definition states only governed source identity and approved semantic assertions; no biological or nutritional claim is inferred.
AOM_002016,en,"A feed material with governed source identity “maize” and characteristics: ingredient part — Bran; processing method — Drying, Grinding.",composed_from_approved_semantic_facets,approved,Pete Steward,2026-08-06,data/livestock-staging/approved_feed_material_facets.csv;data/livestock-staging/approved_generated_feed_material_facets.csv,Definition states only governed source identity and approved semantic assertions; no biological or nutritional claim is inferred.
AOM_002017,en,A feed material with governed source identity “wheat” and characteristics: ingredient part — Grain; processing method — Grinding.,composed_from_approved_semantic_facets,approved,Pete Steward,2026-08-06,data/livestock-staging/approved_feed_material_facets.csv;data/livestock-staging/approved_generated_feed_material_facets.csv,Definition states only governed source identity and approved semantic assertions; no biological or nutritional claim is inferred.
AOM_002018,en,"A feed material with governed source identity “cowpea haulm” and characteristics: processing method — Drying, Grinding.",composed_from_approved_semantic_facets,approved,Pete Steward,2026-08-06,data/livestock-staging/approved_feed_material_facets.csv;data/livestock-staging/approved_generated_feed_material_facets.csv,Definition states only governed source identity and approved semantic assertions; no biological or nutritional claim is inferred.
AOM_002019,en,A feed material with governed source identity “cowpea” and characteristics: ingredient part — Husk; processing method — Grinding.,composed_from_approved_semantic_facets,approved,Pete Steward,2026-08-06,data/livestock-staging/approved_feed_material_facets.csv;data/livestock-staging/approved_generated_feed_material_facets.csv,Definition states only governed source identity and approved semantic assertions; no biological or nutritional claim is inferred.
AOM_002020,en,"A feed material with governed source identity “soybean” and characteristics: processing method — Drying, Fermentation.",composed_from_approved_semantic_facets,approved,Pete Steward,2026-08-06,data/livestock-staging/approved_feed_material_facets.csv;data/livestock-staging/approved_generated_feed_material_facets.csv,Definition states only governed source identity and approved semantic assertions; no biological or nutritional claim is inferred.
AOM_002021,en,A feed material with governed source identity “soybean” and characteristics: processing method — Grinding.,composed_from_approved_semantic_facets,approved,Pete Steward,2026-08-06,data/livestock-staging/approved_feed_material_facets.csv;data/livestock-staging/approved_generated_feed_material_facets.csv,Definition states only governed source identity and approved semantic assertions; no biological or nutritional claim is inferred.
AOM_002026,en,A feed material with governed source identity “cassava” and characteristics: ingredient part — Leaf; processing method — Grinding.,composed_from_approved_semantic_facets,approved,Pete Steward,2026-08-06,data/livestock-staging/approved_feed_material_facets.csv;data/livestock-staging/approved_generated_feed_material_facets.csv,Definition states only governed source identity and approved semantic assertions; no biological or nutritional claim is inferred.
AOM_002027,en,A feed material with governed source identity “cassava” and characteristics: ingredient part — Peel; processing method — Grinding.,composed_from_approved_semantic_facets,approved,Pete Steward,2026-08-06,data/livestock-staging/approved_feed_material_facets.csv;data/livestock-staging/approved_generated_feed_material_facets.csv,Definition states only governed source identity and approved semantic assertions; no biological or nutritional claim is inferred.
AOM_002029,en,A feed material with governed source identity “cassava shaft” and characteristics: processing method — Grinding.,composed_from_approved_semantic_facets,approved,Pete Steward,2026-08-06,data/livestock-staging/approved_feed_material_facets.csv;data/livestock-staging/approved_generated_feed_material_facets.csv,Definition states only governed source identity and approved semantic assertions; no biological or nutritional claim is inferred.
AOM_002030,en,"A feed material with governed source identity “yam peels” and characteristics: processing method — Drying, Grinding.",composed_from_approved_semantic_facets,approved,Pete Steward,2026-08-06,data/livestock-staging/approved_feed_material_facets.csv;data/livestock-staging/approved_generated_feed_material_facets.csv,Definition states only governed source identity and approved semantic assertions; no biological or nutritional claim is inferred.
AOM_002031,en,"A feed material with governed source identity “maize” and characteristics: processing method — Drying, Grinding, Heating.",composed_from_approved_semantic_facets,approved,Pete Steward,2026-08-06,data/livestock-staging/approved_feed_material_facets.csv;data/livestock-staging/approved_generated_feed_material_facets.csv,Definition states only governed source identity and approved semantic assertions; no biological or nutritional claim is inferred.
AOM_002032,en,"A feed material with governed source identity “breadfruit” and characteristics: processing method — Drying, Grinding.",composed_from_approved_semantic_facets,approved,Pete Steward,2026-08-06,data/livestock-staging/approved_feed_material_facets.csv;data/livestock-staging/approved_generated_feed_material_facets.csv,Definition states only governed source identity and approved semantic assertions; no biological or nutritional claim is inferred.
AOM_002033,en,A feed material with governed source identity “soybean full fat” and characteristics: processing method — Grinding.,composed_from_approved_semantic_facets,approved,Pete Steward,2026-08-06,data/livestock-staging/approved_feed_material_facets.csv;data/livestock-staging/approved_generated_feed_material_facets.csv,Definition states only governed source identity and approved semantic assertions; no biological or nutritional claim is inferred.
AOM_002034,en,"A feed material with governed source identity “cassava grated peeled” and characteristics: ingredient part — Tuber; processing method — Drying, Fermentation.",composed_from_approved_semantic_facets,approved,Pete Steward,2026-08-06,data/livestock-staging/approved_feed_material_facets.csv;data/livestock-staging/approved_generated_feed_material_facets.csv,Definition states only governed source identity and approved semantic assertions; no biological or nutritional claim is inferred.
AOM_002035,en,"A feed material with governed source identity “cassava” and characteristics: ingredient part — Tuber; processing method — Boiling, Drying, Grinding.",composed_from_approved_semantic_facets,approved,Pete Steward,2026-08-06,data/livestock-staging/approved_feed_material_facets.csv;data/livestock-staging/approved_generated_feed_material_facets.csv,Definition states only governed source identity and approved semantic assertions; no biological or nutritional claim is inferred.
AOM_002036,en,"A feed material with governed source identity “fluted pumpkin” and characteristics: ingredient part — Leaf; processing method — Drying, Grinding.",composed_from_approved_semantic_facets,approved,Pete Steward,2026-08-06,data/livestock-staging/approved_feed_material_facets.csv;data/livestock-staging/approved_generated_feed_material_facets.csv,Definition states only governed source identity and approved semantic assertions; no biological or nutritional claim is inferred.
AOM_002037,en,A feed material with governed source identity “lemna” and characteristics: processing method — Drying.,composed_from_approved_semantic_facets,approved,Pete Steward,2026-08-06,data/livestock-staging/approved_feed_material_facets.csv;data/livestock-staging/approved_generated_feed_material_facets.csv,Definition states only governed source identity and approved semantic assertions; no biological or nutritional claim is inferred.
AOM_002039,en,A feed material with governed source identity “megathyrsus maximus” and characteristics: ingredient part — Bran.,composed_from_approved_semantic_facets,approved,Pete Steward,2026-08-06,data/livestock-staging/approved_feed_material_facets.csv;data/livestock-staging/approved_generated_feed_material_facets.csv,Definition states only governed source identity and approved semantic assertions; no biological or nutritional claim is inferred.
AOM_002040,en,A feed material with governed source identity “pennisetum clandestinum” and characteristics: ingredient part — Leaf.,composed_from_approved_semantic_facets,approved,Pete Steward,2026-08-06,data/livestock-staging/approved_feed_material_facets.csv;data/livestock-staging/approved_generated_feed_material_facets.csv,Definition states only governed source identity and approved semantic assertions; no biological or nutritional claim is inferred.
AOM_002041,en,A feed material with governed source identity “acacia sieberiana” and characteristics: ingredient part — Pod.,composed_from_approved_semantic_facets,approved,Pete Steward,2026-08-06,data/livestock-staging/approved_feed_material_facets.csv;data/livestock-staging/approved_generated_feed_material_facets.csv,Definition states only governed source identity and approved semantic assertions; no biological or nutritional claim is inferred.
AOM_002042,en,A feed material with governed source identity “acacia sieberiana” and characteristics: ingredient part — Pod; processing method — Drying.,composed_from_approved_semantic_facets,approved,Pete Steward,2026-08-06,data/livestock-staging/approved_feed_material_facets.csv;data/livestock-staging/approved_generated_feed_material_facets.csv,Definition states only governed source identity and approved semantic assertions; no biological or nutritional claim is inferred.
AOM_002043,en,"A feed material with governed source identity “acacia sieberiana” and characteristics: ingredient part — Pod; processing method — Drying, Grinding.",composed_from_approved_semantic_facets,approved,Pete Steward,2026-08-06,data/livestock-staging/approved_feed_material_facets.csv;data/livestock-staging/approved_generated_feed_material_facets.csv,Definition states only governed source identity and approved semantic assertions; no biological or nutritional claim is inferred.
AOM_002044,en,"A feed material with governed source identity “acacia tortilis” and characteristics: ingredient part — Leaf; processing method — Drying, Grinding.",composed_from_approved_semantic_facets,approved,Pete Steward,2026-08-06,data/livestock-staging/approved_feed_material_facets.csv;data/livestock-staging/approved_generated_feed_material_facets.csv,Definition states only governed source identity and approved semantic assertions; no biological or nutritional claim is inferred.
AOM_002046,en,A feed material with governed source identity “afzelia africana” and characteristics: processing method — Drying.,composed_from_approved_semantic_facets,approved,Pete Steward,2026-08-06,data/livestock-staging/approved_feed_material_facets.csv;data/livestock-staging/approved_generated_feed_material_facets.csv,Definition states only governed source identity and approved semantic assertions; no biological or nutritional claim is inferred.
AOM_002047,en,"A feed material with governed source identity “atriplex nummularia” and characteristics: processing method — Drying, Grinding.",composed_from_approved_semantic_facets,approved,Pete Steward,2026-08-06,data/livestock-staging/approved_feed_material_facets.csv;data/livestock-staging/approved_generated_feed_material_facets.csv,Definition states only governed source identity and approved semantic assertions; no biological or nutritional claim is inferred.
AOM_002048,en,"A feed material with governed source identity “calliandra calothyrsus” and characteristics: ingredient part — Leaf; processing method — Drying, Ensiling.",composed_from_approved_semantic_facets,approved,Pete Steward,2026-08-06,data/livestock-staging/approved_feed_material_facets.csv;data/livestock-staging/approved_generated_feed_material_facets.csv,Definition states only governed source identity and approved semantic assertions; no biological or nutritional claim is inferred.
AOM_002049,en,A feed material with governed source identity “faidherbia albida” and characteristics: ingredient part — Pod.,composed_from_approved_semantic_facets,approved,Pete Steward,2026-08-06,data/livestock-staging/approved_feed_material_facets.csv;data/livestock-staging/approved_generated_feed_material_facets.csv,Definition states only governed source identity and approved semantic assertions; no biological or nutritional claim is inferred.
AOM_002050,en,A feed material with governed source identity “faidherbia albida” and characteristics: ingredient part — Pod; processing method — Grinding.,composed_from_approved_semantic_facets,approved,Pete Steward,2026-08-06,data/livestock-staging/approved_feed_material_facets.csv;data/livestock-staging/approved_generated_feed_material_facets.csv,Definition states only governed source identity and approved semantic assertions; no biological or nutritional claim is inferred.
AOM_002051,en,"A feed material with governed source identity “faidherbia albida” and characteristics: ingredient part — Pod; processing method — Drying, Grinding, Soaking.",composed_from_approved_semantic_facets,approved,Pete Steward,2026-08-06,data/livestock-staging/approved_feed_material_facets.csv;data/livestock-staging/approved_generated_feed_material_facets.csv,Definition states only governed source identity and approved semantic assertions; no biological or nutritional claim is inferred.
AOM_002053,en,A feed material with governed source identity “ficus natalensis” and characteristics: ingredient part — Leaf.,composed_from_approved_semantic_facets,approved,Pete Steward,2026-08-06,data/livestock-staging/approved_feed_material_facets.csv;data/livestock-staging/approved_generated_feed_material_facets.csv,Definition states only governed source identity and approved semantic assertions; no biological or nutritional claim is inferred.
AOM_002055,en,"A feed material with governed source identity “jatropha curcas” and characteristics: processing method — Drying, Grinding.",composed_from_approved_semantic_facets,approved,Pete Steward,2026-08-06,data/livestock-staging/approved_feed_material_facets.csv;data/livestock-staging/approved_generated_feed_material_facets.csv,Definition states only governed source identity and approved semantic assertions; no biological or nutritional claim is inferred.
AOM_002056,en,A feed material with governed source identity “opuntia ficus indica cladode” and characteristics: processing method — Grinding.,composed_from_approved_semantic_facets,approved,Pete Steward,2026-08-06,data/livestock-staging/approved_feed_material_facets.csv;data/livestock-staging/approved_generated_feed_material_facets.csv,Definition states only governed source identity and approved semantic assertions; no biological or nutritional claim is inferred.
AOM_002057,en,"A feed material with governed source identity “opuntia ficus indica cladode” and characteristics: processing method — Drying, Grinding.",composed_from_approved_semantic_facets,approved,Pete Steward,2026-08-06,data/livestock-staging/approved_feed_material_facets.csv;data/livestock-staging/approved_generated_feed_material_facets.csv,Definition states only governed source identity and approved semantic assertions; no biological or nutritional claim is inferred.
AOM_002062,en,A feed material with governed source identity “albizia gummifera” and characteristics: processing method — Drying.,composed_from_approved_semantic_facets,approved,Pete Steward,2026-08-06,data/livestock-staging/approved_feed_material_facets.csv;data/livestock-staging/approved_generated_feed_material_facets.csv,Definition states only governed source identity and approved semantic assertions; no biological or nutritional claim is inferred.
AOM_002064,en,A feed material with governed source identity “albizia lebbeck” and characteristics: ingredient part — Leaf.,composed_from_approved_semantic_facets,approved,Pete Steward,2026-08-06,data/livestock-staging/approved_feed_material_facets.csv;data/livestock-staging/approved_generated_feed_material_facets.csv,Definition states only governed source identity and approved semantic assertions; no biological or nutritional claim is inferred.
AOM_002065,en,A feed material with governed source identity “albizia lebbeck” and characteristics: ingredient part — Leaf; processing method — Grinding.,composed_from_approved_semantic_facets,approved,Pete Steward,2026-08-06,data/livestock-staging/approved_feed_material_facets.csv;data/livestock-staging/approved_generated_feed_material_facets.csv,Definition states only governed source identity and approved semantic assertions; no biological or nutritional claim is inferred.
AOM_002066,en,"A feed material with governed source identity “centrosema pubescens” and characteristics: processing method — Drying, Grinding.",composed_from_approved_semantic_facets,approved,Pete Steward,2026-08-06,data/livestock-staging/approved_feed_material_facets.csv;data/livestock-staging/approved_generated_feed_material_facets.csv,Definition states only governed source identity and approved semantic assertions; no biological or nutritional claim is inferred.
AOM_002067,en,A feed material with governed source identity “delonix elata” and characteristics: processing method — Drying.,composed_from_approved_semantic_facets,approved,Pete Steward,2026-08-06,data/livestock-staging/approved_feed_material_facets.csv;data/livestock-staging/approved_generated_feed_material_facets.csv,Definition states only governed source identity and approved semantic assertions; no biological or nutritional claim is inferred.
AOM_002070,en,A feed material with governed source identity “cellulose” and characteristics: processing method — Grinding.,composed_from_approved_semantic_facets,approved,Pete Steward,2026-08-06,data/livestock-staging/approved_feed_material_facets.csv;data/livestock-staging/approved_generated_feed_material_facets.csv,Definition states only governed source identity and approved semantic assertions; no biological or nutritional claim is inferred.
AOM_002071,en,"A feed material with governed source identity “cellulose” and characteristics: processing method — Drying, Grinding, Heating.",composed_from_approved_semantic_facets,approved,Pete Steward,2026-08-06,data/livestock-staging/approved_feed_material_facets.csv;data/livestock-staging/approved_generated_feed_material_facets.csv,Definition states only governed source identity and approved semantic assertions; no biological or nutritional claim is inferred.
AOM_002072,en,A feed material with governed source identity “chromium oxide” and characteristics: processing method — Grinding.,composed_from_approved_semantic_facets,approved,Pete Steward,2026-08-06,data/livestock-staging/approved_feed_material_facets.csv;data/livestock-staging/approved_generated_feed_material_facets.csv,Definition states only governed source identity and approved semantic assertions; no biological or nutritional claim is inferred.
AOM_002074,en,A feed material with governed source identity “dicalcium phosphate” and characteristics: processing method — Grinding.,composed_from_approved_semantic_facets,approved,Pete Steward,2026-08-06,data/livestock-staging/approved_feed_material_facets.csv;data/livestock-staging/approved_generated_feed_material_facets.csv,Definition states only governed source identity and approved semantic assertions; no biological or nutritional claim is inferred.
AOM_002077,en,A feed material with governed source identity “skimmed milk” and characteristics: physical form — Powder form.,composed_from_approved_semantic_facets,approved,Pete Steward,2026-08-06,data/livestock-staging/approved_feed_material_facets.csv;data/livestock-staging/approved_generated_feed_material_facets.csv,Definition states only governed source identity and approved semantic assertions; no biological or nutritional claim is inferred.
AOM_002079,en,"A feed material with governed source identity “egg” and characteristics: processing method — Boiling, Drying, Grinding.",composed_from_approved_semantic_facets,approved,Pete Steward,2026-08-06,data/livestock-staging/approved_feed_material_facets.csv;data/livestock-staging/approved_generated_feed_material_facets.csv,Definition states only governed source identity and approved semantic assertions; no biological or nutritional claim is inferred.
AOM_002083,en,"A feed material with governed source identity “maize” and characteristics: ingredient part — Cob; processing method — Ensiling, Urea treatment.",composed_from_approved_semantic_facets,approved,Pete Steward,2026-08-06,data/livestock-staging/approved_feed_material_facets.csv;data/livestock-staging/approved_generated_feed_material_facets.csv,Definition states only governed source identity and approved semantic assertions; no biological or nutritional claim is inferred.
AOM_002084,en,A feed material with governed source identity “spent rice” and characteristics: ingredient part — Straw.,composed_from_approved_semantic_facets,approved,Pete Steward,2026-08-06,data/livestock-staging/approved_feed_material_facets.csv;data/livestock-staging/approved_generated_feed_material_facets.csv,Definition states only governed source identity and approved semantic assertions; no biological or nutritional claim is inferred.
AOM_002086,en,"A feed material with governed source identity “sorghum sprout” and characteristics: processing method — Drying, Grinding.",composed_from_approved_semantic_facets,approved,Pete Steward,2026-08-06,data/livestock-staging/approved_feed_material_facets.csv;data/livestock-staging/approved_generated_feed_material_facets.csv,Definition states only governed source identity and approved semantic assertions; no biological or nutritional claim is inferred.
AOM_002087,en,A feed material with governed source identity “prosopis” and characteristics: ingredient part — Pod; processing method — Grinding.,composed_from_approved_semantic_facets,approved,Pete Steward,2026-08-06,data/livestock-staging/approved_feed_material_facets.csv;data/livestock-staging/approved_generated_feed_material_facets.csv,Definition states only governed source identity and approved semantic assertions; no biological or nutritional claim is inferred.
AOM_002088,en,A feed material with governed source identity “alfalfa” and characteristics: ingredient part — Pod.,composed_from_approved_semantic_facets,approved,Pete Steward,2026-08-06,data/livestock-staging/approved_feed_material_facets.csv;data/livestock-staging/approved_generated_feed_material_facets.csv,Definition states only governed source identity and approved semantic assertions; no biological or nutritional claim is inferred.
AOM_002089,en,A feed material with governed source identity “alfalfa” and characteristics: ingredient part — Pod; processing method — Drying.,composed_from_approved_semantic_facets,approved,Pete Steward,2026-08-06,data/livestock-staging/approved_feed_material_facets.csv;data/livestock-staging/approved_generated_feed_material_facets.csv,Definition states only governed source identity and approved semantic assertions; no biological or nutritional claim is inferred.
AOM_002090,en,A feed material with governed source identity “harrisonia abyssinica” and characteristics: ingredient part — Leaf.,composed_from_approved_semantic_facets,approved,Pete Steward,2026-08-06,data/livestock-staging/approved_feed_material_facets.csv;data/livestock-staging/approved_generated_feed_material_facets.csv,Definition states only governed source identity and approved semantic assertions; no biological or nutritional claim is inferred.
AOM_002092,en,A feed material with governed source identity “walnut” and characteristics: ingredient part — Leaf.,composed_from_approved_semantic_facets,approved,Pete Steward,2026-08-06,data/livestock-staging/approved_feed_material_facets.csv;data/livestock-staging/approved_generated_feed_material_facets.csv,Definition states only governed source identity and approved semantic assertions; no biological or nutritional claim is inferred.
AOM_002093,en,"A feed material with governed source identity “walnut ethanol treated” and characteristics: ingredient part — Leaf; processing method — Drying, Grinding.",composed_from_approved_semantic_facets,approved,Pete Steward,2026-08-06,data/livestock-staging/approved_feed_material_facets.csv;data/livestock-staging/approved_generated_feed_material_facets.csv,Definition states only governed source identity and approved semantic assertions; no biological or nutritional claim is inferred.
AOM_002100,en,A feed material with governed source identity “khaya senegalensis” and characteristics: ingredient part — Leaf.,composed_from_approved_semantic_facets,approved,Pete Steward,2026-08-06,data/livestock-staging/approved_feed_material_facets.csv;data/livestock-staging/approved_generated_feed_material_facets.csv,Definition states only governed source identity and approved semantic assertions; no biological or nutritional claim is inferred.
AOM_002103,en,A feed material with governed source identity “coconut” and characteristics: processing method — Grinding.,composed_from_approved_semantic_facets,approved,Pete Steward,2026-08-06,data/livestock-staging/approved_feed_material_facets.csv;data/livestock-staging/approved_generated_feed_material_facets.csv,Definition states only governed source identity and approved semantic assertions; no biological or nutritional claim is inferred.
AOM_002104,en,A feed material with governed source identity “palm” and characteristics: ingredient part — Kernel; processing method — Grinding.,composed_from_approved_semantic_facets,approved,Pete Steward,2026-08-06,data/livestock-staging/approved_feed_material_facets.csv;data/livestock-staging/approved_generated_feed_material_facets.csv,Definition states only governed source identity and approved semantic assertions; no biological or nutritional claim is inferred.
AOM_002105,en,"A feed material with governed source identity “palm” and characteristics: ingredient part — Kernel; processing method — Drying, Fermentation, Grinding.",composed_from_approved_semantic_facets,approved,Pete Steward,2026-08-06,data/livestock-staging/approved_feed_material_facets.csv;data/livestock-staging/approved_generated_feed_material_facets.csv,Definition states only governed source identity and approved semantic assertions; no biological or nutritional claim is inferred.
AOM_002108,en,A feed material with governed source identity “maize” and characteristics: processing method — Cracking.,composed_from_approved_semantic_facets,approved,Pete Steward,2026-08-06,data/livestock-staging/approved_feed_material_facets.csv;data/livestock-staging/approved_generated_feed_material_facets.csv,Definition states only governed source identity and approved semantic assertions; no biological or nutritional claim is inferred.
AOM_002109,en,A feed material with governed source identity “layer s” and characteristics: feed product type — Compound feed.,composed_from_approved_semantic_facets,approved,Pete Steward,2026-08-06,data/livestock-staging/approved_feed_material_facets.csv;data/livestock-staging/approved_generated_feed_material_facets.csv,Definition states only governed source identity and approved semantic assertions; no biological or nutritional claim is inferred.
AOM_002112,en,A feed material with governed source identity “cassava” and characteristics: ingredient part — Peel.,composed_from_approved_semantic_facets,approved,Pete Steward,2026-08-06,data/livestock-staging/approved_feed_material_facets.csv;data/livestock-staging/approved_generated_feed_material_facets.csv,Definition states only governed source identity and approved semantic assertions; no biological or nutritional claim is inferred.
AOM_002114,en,A feed material with governed source identity “rice solvent” and characteristics: ingredient part — Bran.,composed_from_approved_semantic_facets,approved,Pete Steward,2026-08-06,data/livestock-staging/approved_feed_material_facets.csv;data/livestock-staging/approved_generated_feed_material_facets.csv,Definition states only governed source identity and approved semantic assertions; no biological or nutritional claim is inferred.
AOM_002116,en,A feed material with governed source identity “lupin” and characteristics: ingredient part — Grain.,composed_from_approved_semantic_facets,approved,Pete Steward,2026-08-06,data/livestock-staging/approved_feed_material_facets.csv;data/livestock-staging/approved_generated_feed_material_facets.csv,Definition states only governed source identity and approved semantic assertions; no biological or nutritional claim is inferred.
AOM_002117,en,"A feed material with governed source identity “sorghum” and characteristics: ingredient part — Straw; processing method — Alkali treatment, Drying.",composed_from_approved_semantic_facets,approved,Pete Steward,2026-08-06,data/livestock-staging/approved_feed_material_facets.csv;data/livestock-staging/approved_generated_feed_material_facets.csv,Definition states only governed source identity and approved semantic assertions; no biological or nutritional claim is inferred.
AOM_002118,en,A feed material with governed source identity “opuntia ficus indica cladode singed” and characteristics: processing method — Ensiling.,composed_from_approved_semantic_facets,approved,Pete Steward,2026-08-06,data/livestock-staging/approved_feed_material_facets.csv;data/livestock-staging/approved_generated_feed_material_facets.csv,Definition states only governed source identity and approved semantic assertions; no biological or nutritional claim is inferred.
AOM_002119,en,A feed material with governed source identity “maize” and characteristics: processing method — Crushing.,composed_from_approved_semantic_facets,approved,Pete Steward,2026-08-06,data/livestock-staging/approved_feed_material_facets.csv;data/livestock-staging/approved_generated_feed_material_facets.csv,Definition states only governed source identity and approved semantic assertions; no biological or nutritional claim is inferred.
AOM_002121,en,"A feed material with governed source identity “soybean flakes” and characteristics: processing method — Crushing, Defatting, Heating.",composed_from_approved_semantic_facets,approved,Pete Steward,2026-08-06,data/livestock-staging/approved_feed_material_facets.csv;data/livestock-staging/approved_generated_feed_material_facets.csv,Definition states only governed source identity and approved semantic assertions; no biological or nutritional claim is inferred.
AOM_002122,en,"A feed material with governed source identity “soybean flakes” and characteristics: processing method — Crushing, Defatting, Drying, Extrusion, Grinding, Heating.",composed_from_approved_semantic_facets,approved,Pete Steward,2026-08-06,data/livestock-staging/approved_feed_material_facets.csv;data/livestock-staging/approved_generated_feed_material_facets.csv,Definition states only governed source identity and approved semantic assertions; no biological or nutritional claim is inferred.
AOM_002123,en,A feed material with governed source identity “poultry litter deep stacked” and characteristics: processing method — Drying.,composed_from_approved_semantic_facets,approved,Pete Steward,2026-08-06,data/livestock-staging/approved_feed_material_facets.csv;data/livestock-staging/approved_generated_feed_material_facets.csv,Definition states only governed source identity and approved semantic assertions; no biological or nutritional claim is inferred.
AOM_002124,en,A feed material with governed source identity “wheat” and characteristics: processing method — Crushing.,composed_from_approved_semantic_facets,approved,Pete Steward,2026-08-06,data/livestock-staging/approved_feed_material_facets.csv;data/livestock-staging/approved_generated_feed_material_facets.csv,Definition states only governed source identity and approved semantic assertions; no biological or nutritional claim is inferred.
AOM_002125,en,"A feed material with governed source identity “lupin” and characteristics: ingredient part — Grain; processing method — Drying, Soaking.",composed_from_approved_semantic_facets,approved,Pete Steward,2026-08-06,data/livestock-staging/approved_feed_material_facets.csv;data/livestock-staging/approved_generated_feed_material_facets.csv,Definition states only governed source identity and approved semantic assertions; no biological or nutritional claim is inferred.
AOM_002126,en,"A feed material with governed source identity “lupin” and characteristics: ingredient part — Grain; processing method — Drying, Soaking.",composed_from_approved_semantic_facets,approved,Pete Steward,2026-08-06,data/livestock-staging/approved_feed_material_facets.csv;data/livestock-staging/approved_generated_feed_material_facets.csv,Definition states only governed source identity and approved semantic assertions; no biological or nutritional claim is inferred.
AOM_002128,en,"A feed material with governed source identity “sesame” and characteristics: ingredient part — Seed; processing method — Drying, Grinding, Soaking.",composed_from_approved_semantic_facets,approved,Pete Steward,2026-08-06,data/livestock-staging/approved_feed_material_facets.csv;data/livestock-staging/approved_generated_feed_material_facets.csv,Definition states only governed source identity and approved semantic assertions; no biological or nutritional claim is inferred.
AOM_002129,en,A feed material with governed source identity “soybean” and characteristics: processing method — Grinding.,composed_from_approved_semantic_facets,approved,Pete Steward,2026-08-06,data/livestock-staging/approved_feed_material_facets.csv;data/livestock-staging/approved_generated_feed_material_facets.csv,Definition states only governed source identity and approved semantic assertions; no biological or nutritional claim is inferred.
AOM_002130,en,A feed material with governed source identity “jatropha curcas” and characteristics: processing method — Grinding.,composed_from_approved_semantic_facets,approved,Pete Steward,2026-08-06,data/livestock-staging/approved_feed_material_facets.csv;data/livestock-staging/approved_generated_feed_material_facets.csv,Definition states only governed source identity and approved semantic assertions; no biological or nutritional claim is inferred.
AOM_002131,en,"A feed material with governed source identity “water hyacinth” and characteristics: processing method — Drying, Fermentation, Grinding.",composed_from_approved_semantic_facets,approved,Pete Steward,2026-08-06,data/livestock-staging/approved_feed_material_facets.csv;data/livestock-staging/approved_generated_feed_material_facets.csv,Definition states only governed source identity and approved semantic assertions; no biological or nutritional claim is inferred.
AOM_002133,en,"A feed material with governed source identity “jatropha curcas” and characteristics: processing method — Defatting, Grinding.",composed_from_approved_semantic_facets,approved,Pete Steward,2026-08-06,data/livestock-staging/approved_feed_material_facets.csv;data/livestock-staging/approved_generated_feed_material_facets.csv,Definition states only governed source identity and approved semantic assertions; no biological or nutritional claim is inferred.
AOM_002134,en,A feed material with governed source identity “alfalfa” and characteristics: processing method — Grinding.,composed_from_approved_semantic_facets,approved,Pete Steward,2026-08-06,data/livestock-staging/approved_feed_material_facets.csv;data/livestock-staging/approved_generated_feed_material_facets.csv,Definition states only governed source identity and approved semantic assertions; no biological or nutritional claim is inferred.
AOM_002137,en,A feed material with governed source identity “tomato” and characteristics: feed product type — Processing pulp.,composed_from_approved_semantic_facets,approved,Pete Steward,2026-08-06,data/livestock-staging/approved_feed_material_facets.csv;data/livestock-staging/approved_generated_feed_material_facets.csv,Definition states only governed source identity and approved semantic assertions; no biological or nutritional claim is inferred.
AOM_002151,en,A feed material with governed source identity “piliostigma reticulatum” and characteristics: ingredient part — Pod.,composed_from_approved_semantic_facets,approved,Pete Steward,2026-08-06,data/livestock-staging/approved_feed_material_facets.csv;data/livestock-staging/approved_generated_feed_material_facets.csv,Definition states only governed source identity and approved semantic assertions; no biological or nutritional claim is inferred.
AOM_002168,en,A feed material with governed source identity “spondias mombin” and characteristics: ingredient part — Leaf.,composed_from_approved_semantic_facets,approved,Pete Steward,2026-08-06,data/livestock-staging/approved_feed_material_facets.csv;data/livestock-staging/approved_generated_feed_material_facets.csv,Definition states only governed source identity and approved semantic assertions; no biological or nutritional claim is inferred.
AOM_002169,en,A feed material with governed source identity “bamboo” and characteristics: ingredient part — Leaf.,composed_from_approved_semantic_facets,approved,Pete Steward,2026-08-06,data/livestock-staging/approved_feed_material_facets.csv;data/livestock-staging/approved_generated_feed_material_facets.csv,Definition states only governed source identity and approved semantic assertions; no biological or nutritional claim is inferred.
AOM_002190,en,A feed material with governed source identity “lantana camara” and characteristics: ingredient part — Leaf.,composed_from_approved_semantic_facets,approved,Pete Steward,2026-08-06,data/livestock-staging/approved_feed_material_facets.csv;data/livestock-staging/approved_generated_feed_material_facets.csv,Definition states only governed source identity and approved semantic assertions; no biological or nutritional claim is inferred.
AOM_002191,en,A feed material with governed source identity “fossil” and characteristics: ingredient part — Shell; processing method — Grinding.,composed_from_approved_semantic_facets,approved,Pete Steward,2026-08-06,data/livestock-staging/approved_feed_material_facets.csv;data/livestock-staging/approved_generated_feed_material_facets.csv,Definition states only governed source identity and approved semantic assertions; no biological or nutritional claim is inferred.
AOM_002202,en,A feed material with governed source identity “acacia dealbata” and characteristics: ingredient part — Leaf.,composed_from_approved_semantic_facets,approved,Pete Steward,2026-08-06,data/livestock-staging/approved_feed_material_facets.csv;data/livestock-staging/approved_generated_feed_material_facets.csv,Definition states only governed source identity and approved semantic assertions; no biological or nutritional claim is inferred.
AOM_002203,en,A feed material with governed source identity “piliostigma thonningii” and characteristics: ingredient part — Pod.,composed_from_approved_semantic_facets,approved,Pete Steward,2026-08-06,data/livestock-staging/approved_feed_material_facets.csv;data/livestock-staging/approved_generated_feed_material_facets.csv,Definition states only governed source identity and approved semantic assertions; no biological or nutritional claim is inferred.
AOM_002207,en,A feed material with governed source identity “acacia albida” and characteristics: ingredient part — Leaf.,composed_from_approved_semantic_facets,approved,Pete Steward,2026-08-06,data/livestock-staging/approved_feed_material_facets.csv;data/livestock-staging/approved_generated_feed_material_facets.csv,Definition states only governed source identity and approved semantic assertions; no biological or nutritional claim is inferred.
AOM_002208,en,A feed material with governed source identity “sunflower” and characteristics: ingredient part — Seed.,composed_from_approved_semantic_facets,approved,Pete Steward,2026-08-06,data/livestock-staging/approved_feed_material_facets.csv;data/livestock-staging/approved_generated_feed_material_facets.csv,Definition states only governed source identity and approved semantic assertions; no biological or nutritional claim is inferred.
AOM_002209,en,A feed material with governed source identity “safflower” and characteristics: ingredient part — Seed.,composed_from_approved_semantic_facets,approved,Pete Steward,2026-08-06,data/livestock-staging/approved_feed_material_facets.csv;data/livestock-staging/approved_generated_feed_material_facets.csv,Definition states only governed source identity and approved semantic assertions; no biological or nutritional claim is inferred.
AOM_002210,en,A livestock-management concept concerning Lead within Minerals.,composed_from_governed_hierarchy_role,approved,Pete Steward,2026-08-06,data/livestock-staging/concepts.csv,Definition states only approved hierarchy context and model role; no domain fact is inferred.
AOM_002211,en,A livestock-management concept concerning Oxalate within Feed Chemical Composition.,composed_from_governed_hierarchy_role,approved,Pete Steward,2026-08-06,data/livestock-staging/concepts.csv,Definition states only approved hierarchy context and model role; no domain fact is inferred.
AOM_002212,en,A livestock-management concept concerning Saponin within Feed Chemical Composition.,composed_from_governed_hierarchy_role,approved,Pete Steward,2026-08-06,data/livestock-staging/concepts.csv,Definition states only approved hierarchy context and model role; no domain fact is inferred.
AOM_002213,en,A livestock-management concept concerning Vitamin B3 within Vitamins.,composed_from_governed_hierarchy_role,approved,Pete Steward,2026-08-06,data/livestock-staging/concepts.csv,Definition states only approved hierarchy context and model role; no domain fact is inferred.
AOM_002214,en,A livestock-management concept concerning Phytate within Feed Chemical Composition.,composed_from_governed_hierarchy_role,approved,Pete Steward,2026-08-06,data/livestock-staging/concepts.csv,Definition states only approved hierarchy context and model role; no domain fact is inferred.
AOM_002215,en,A feed material with governed source identity “black cumin” and characteristics: ingredient part — Seed.,composed_from_approved_semantic_facets,approved,Pete Steward,2026-08-06,data/livestock-staging/approved_feed_material_facets.csv;data/livestock-staging/approved_generated_feed_material_facets.csv,Definition states only governed source identity and approved semantic assertions; no biological or nutritional claim is inferred.
AOM_002219,en,A feed material with governed source identity “tamarind” and characteristics: processing method — Wilting.,composed_from_approved_semantic_facets,approved,Pete Steward,2026-08-06,data/livestock-staging/approved_feed_material_facets.csv;data/livestock-staging/approved_generated_feed_material_facets.csv,Definition states only governed source identity and approved semantic assertions; no biological or nutritional claim is inferred.
AOM_002225,en,A feed material with governed source identity “cashew” and characteristics: ingredient part — Shell.,composed_from_approved_semantic_facets,approved,Pete Steward,2026-08-06,data/livestock-staging/approved_feed_material_facets.csv;data/livestock-staging/approved_generated_feed_material_facets.csv,Definition states only governed source identity and approved semantic assertions; no biological or nutritional claim is inferred.
AOM_002231,en,A feed material with governed source identity “tamarind” and characteristics: ingredient part — Leaf.,composed_from_approved_semantic_facets,approved,Pete Steward,2026-08-06,data/livestock-staging/approved_feed_material_facets.csv;data/livestock-staging/approved_generated_feed_material_facets.csv,Definition states only governed source identity and approved semantic assertions; no biological or nutritional claim is inferred.
AOM_002232,en,A feed material with governed source identity “tectona grandis” and characteristics: ingredient part — Leaf.,composed_from_approved_semantic_facets,approved,Pete Steward,2026-08-06,data/livestock-staging/approved_feed_material_facets.csv;data/livestock-staging/approved_generated_feed_material_facets.csv,Definition states only governed source identity and approved semantic assertions; no biological or nutritional claim is inferred.
AOM_002233,en,"A feed material with governed source identity “melon” and characteristics: ingredient part — Husk, Seed.",composed_from_approved_semantic_facets,approved,Pete Steward,2026-08-06,data/livestock-staging/approved_feed_material_facets.csv;data/livestock-staging/approved_generated_feed_material_facets.csv,Definition states only governed source identity and approved semantic assertions; no biological or nutritional claim is inferred.
AOM_002236,en,A feed material with governed source identity “morus indica” and characteristics: ingredient part — Leaf.,composed_from_approved_semantic_facets,approved,Pete Steward,2026-08-06,data/livestock-staging/approved_feed_material_facets.csv;data/livestock-staging/approved_generated_feed_material_facets.csv,Definition states only governed source identity and approved semantic assertions; no biological or nutritional claim is inferred.
AOM_002240,en,A feed material with governed source identity “fish” and characteristics: processing method — Grinding.,composed_from_approved_semantic_facets,approved,Pete Steward,2026-08-06,data/livestock-staging/approved_feed_material_facets.csv;data/livestock-staging/approved_generated_feed_material_facets.csv,Definition states only governed source identity and approved semantic assertions; no biological or nutritional claim is inferred.
AOM_002242,en,A feed material with governed source identity “rainbow trout” and characteristics: processing method — Ensiling.,composed_from_approved_semantic_facets,approved,Pete Steward,2026-08-06,data/livestock-staging/approved_feed_material_facets.csv;data/livestock-staging/approved_generated_feed_material_facets.csv,Definition states only governed source identity and approved semantic assertions; no biological or nutritional claim is inferred.
AOM_002244,en,A feed material with governed source identity “trout” and characteristics: processing method — Ensiling.,composed_from_approved_semantic_facets,approved,Pete Steward,2026-08-06,data/livestock-staging/approved_feed_material_facets.csv;data/livestock-staging/approved_generated_feed_material_facets.csv,Definition states only governed source identity and approved semantic assertions; no biological or nutritional claim is inferred.
AOM_002245,en,A feed material with governed source identity “trout” and characteristics: processing method — Ensiling.,composed_from_approved_semantic_facets,approved,Pete Steward,2026-08-06,data/livestock-staging/approved_feed_material_facets.csv;data/livestock-staging/approved_generated_feed_material_facets.csv,Definition states only governed source identity and approved semantic assertions; no biological or nutritional claim is inferred.
AOM_002249,en,A feed material with governed source identity “groundnut” and characteristics: ingredient part — Shell.,composed_from_approved_semantic_facets,approved,Pete Steward,2026-08-06,data/livestock-staging/approved_feed_material_facets.csv;data/livestock-staging/approved_generated_feed_material_facets.csv,Definition states only governed source identity and approved semantic assertions; no biological or nutritional claim is inferred.
AOM_002251,en,A feed material with governed source identity “morus alba” and characteristics: ingredient part — Leaf.,composed_from_approved_semantic_facets,approved,Pete Steward,2026-08-06,data/livestock-staging/approved_feed_material_facets.csv;data/livestock-staging/approved_generated_feed_material_facets.csv,Definition states only governed source identity and approved semantic assertions; no biological or nutritional claim is inferred.
AOM_002339,en,A feed material with governed source identity “sorghum” and characteristics: ingredient part — Husk.,composed_from_approved_semantic_facets,approved,Pete Steward,2026-08-06,data/livestock-staging/approved_feed_material_facets.csv;data/livestock-staging/approved_generated_feed_material_facets.csv,Definition states only governed source identity and approved semantic assertions; no biological or nutritional claim is inferred.
AOM_002344,en,A feed material with governed source identity “sugarcane” and characteristics: ingredient part — Peel.,composed_from_approved_semantic_facets,approved,Pete Steward,2026-08-06,data/livestock-staging/approved_feed_material_facets.csv;data/livestock-staging/approved_generated_feed_material_facets.csv,Definition states only governed source identity and approved semantic assertions; no biological or nutritional claim is inferred.
AOM_002345,en,A feed material with governed source identity “atriplex nummularia and twigs” and characteristics: ingredient part — Leaf.,composed_from_approved_semantic_facets,approved,Pete Steward,2026-08-06,data/livestock-staging/approved_feed_material_facets.csv;data/livestock-staging/approved_generated_feed_material_facets.csv,Definition states only governed source identity and approved semantic assertions; no biological or nutritional claim is inferred.
AOM_002346,en,A feed material with governed source identity “adansonia digitata” and characteristics: ingredient part — Seed; processing method — Grinding.,composed_from_approved_semantic_facets,approved,Pete Steward,2026-08-06,data/livestock-staging/approved_feed_material_facets.csv;data/livestock-staging/approved_generated_feed_material_facets.csv,Definition states only governed source identity and approved semantic assertions; no biological or nutritional claim is inferred.
AOM_002347,en,A feed material with governed source identity “atriplex halimus and twigs” and characteristics: ingredient part — Leaf.,composed_from_approved_semantic_facets,approved,Pete Steward,2026-08-06,data/livestock-staging/approved_feed_material_facets.csv;data/livestock-staging/approved_generated_feed_material_facets.csv,Definition states only governed source identity and approved semantic assertions; no biological or nutritional claim is inferred.
AOM_002353,en,A feed material with governed source identity “date” and characteristics: processing method — Grinding.,composed_from_approved_semantic_facets,approved,Pete Steward,2026-08-06,data/livestock-staging/approved_feed_material_facets.csv;data/livestock-staging/approved_generated_feed_material_facets.csv,Definition states only governed source identity and approved semantic assertions; no biological or nutritional claim is inferred.
AOM_002507,en,A livestock-management concept concerning Forth trimester within Parity.,composed_from_governed_hierarchy_role,approved,Pete Steward,2026-08-06,data/livestock-staging/concepts.csv,Definition states only approved hierarchy context and model role; no domain fact is inferred.
AOM_002508,en,A controlled rearing-stage category scoped to Chicken; used for records classified as “Grower”.,composed_from_governed_hierarchy_role,approved,Pete Steward,2026-08-06,data/livestock-staging/concepts.csv,Definition states only approved hierarchy context and model role; no domain fact is inferred.
AOM_002509,en,A controlled rearing-stage category scoped to Chicken; used for records classified as “Finisher”.,composed_from_governed_hierarchy_role,approved,Pete Steward,2026-08-06,data/livestock-staging/concepts.csv,Definition states only approved hierarchy context and model role; no domain fact is inferred.
AOM_002555,en,A livestock-management concept concerning Non-Fibrous Carbohydrates (NFC) within Feed Chemical Composition.,composed_from_governed_hierarchy_role,approved,Pete Steward,2026-08-06,data/livestock-staging/concepts.csv,Definition states only approved hierarchy context and model role; no domain fact is inferred.
AOM_002556,en,A livestock-management concept concerning Digestible Non-Fibrous Carbohydrates (NFCs) within Feed Digestibility.,composed_from_governed_hierarchy_role,approved,Pete Steward,2026-08-06,data/livestock-staging/concepts.csv,Definition states only approved hierarchy context and model role; no domain fact is inferred.
AOM_002557,en,A livestock-management concept concerning Digestible Ash within Feed Digestibility.,composed_from_governed_hierarchy_role,approved,Pete Steward,2026-08-06,data/livestock-staging/concepts.csv,Definition states only approved hierarchy context and model role; no domain fact is inferred.
AOM_003001,en,A taxonomic concept used in AOM to identify Dual purpose within the Chicken classification.,composed_from_governed_hierarchy_role,approved,Pete Steward,2026-08-06,data/livestock-staging/concepts.csv,Definition states only approved hierarchy context and model role; no domain fact is inferred.
AOM_003003,en,A livestock-management concept concerning Feed Addition within Feed Management.,composed_from_governed_hierarchy_role,approved,Pete Steward,2026-08-06,data/livestock-staging/concepts.csv,Definition states only approved hierarchy context and model role; no domain fact is inferred.
AOM_003022,en,A farming-system classification for rearing or housing system within the terrestrial system context.,composed_from_governed_hierarchy_role,approved,Pete Steward,2026-08-06,data/livestock-staging/concepts.csv,Definition states only approved hierarchy context and model role; no domain fact is inferred.
AOM_003026,en,A farming-system classification for production unit structure within the terrestrial system context.,composed_from_governed_hierarchy_role,approved,Pete Steward,2026-08-06,data/livestock-staging/concepts.csv,Definition states only approved hierarchy context and model role; no domain fact is inferred.
AOM_003050,en,A farming-system classification for Unspecified within the terrestrial system context.,composed_from_governed_hierarchy_role,approved,Pete Steward,2026-08-06,data/livestock-staging/concepts.csv,Definition states only approved hierarchy context and model role; no domain fact is inferred.
AOM_003051,en,A farming-system classification for Unspecified within the terrestrial system context.,composed_from_governed_hierarchy_role,approved,Pete Steward,2026-08-06,data/livestock-staging/concepts.csv,Definition states only approved hierarchy context and model role; no domain fact is inferred.
AOM_003052,en,A farming-system classification for Unspecified within the aquatic system context.,composed_from_governed_hierarchy_role,approved,Pete Steward,2026-08-06,data/livestock-staging/concepts.csv,Definition states only approved hierarchy context and model role; no domain fact is inferred.
AOM_003060,en,A controlled rearing-stage category scoped to Cattle;Buffalo; used for records classified as “Weaned Calf”.,composed_from_governed_hierarchy_role,approved,Pete Steward,2026-08-06,data/livestock-staging/concepts.csv,Definition states only approved hierarchy context and model role; no domain fact is inferred.
AOM_003080,en,A feed material with governed source identity “sesbania sesban” and characteristics: ingredient part — Seed.,composed_from_approved_semantic_facets,approved,Pete Steward,2026-08-06,data/livestock-staging/approved_feed_material_facets.csv;data/livestock-staging/approved_generated_feed_material_facets.csv,Definition states only governed source identity and approved semantic assertions; no biological or nutritional claim is inferred.
AOM_003082,en,A feed material with governed source identity “anacardium occidentale” and characteristics: ingredient part — Leaf.,composed_from_approved_semantic_facets,approved,Pete Steward,2026-08-06,data/livestock-staging/approved_feed_material_facets.csv;data/livestock-staging/approved_generated_feed_material_facets.csv,Definition states only governed source identity and approved semantic assertions; no biological or nutritional claim is inferred.
AOM_003083,en,A feed material with governed source identity “gmelina arborea” and characteristics: ingredient part — Leaf.,composed_from_approved_semantic_facets,approved,Pete Steward,2026-08-06,data/livestock-staging/approved_feed_material_facets.csv;data/livestock-staging/approved_generated_feed_material_facets.csv,Definition states only governed source identity and approved semantic assertions; no biological or nutritional claim is inferred.
AOM_003085,en,A farming-system classification for semi-roofed yard within the terrestrial system context.,composed_from_governed_hierarchy_role,approved,Pete Steward,2026-08-06,data/livestock-staging/concepts.csv,Definition states only approved hierarchy context and model role; no domain fact is inferred.
AOM_003090,en,An AOM outcome concept for recording Variable Costs-Nutrients within Inputs.,composed_from_governed_hierarchy_role,approved,Pete Steward,2026-08-06,data/livestock-staging/concepts.csv,Definition states only approved hierarchy context and model role; no domain fact is inferred.
AOM_003095,en,An AOM outcome concept for recording Daily Average Weight Gain within Animals.,composed_from_governed_hierarchy_role,approved,Pete Steward,2026-08-06,data/livestock-staging/concepts.csv,Definition states only approved hierarchy context and model role; no domain fact is inferred.
AOM_003102,en,A feed material with governed source identity “teff” and characteristics: ingredient part — Straw.,composed_from_approved_semantic_facets,approved,Pete Steward,2026-08-06,data/livestock-staging/approved_feed_material_facets.csv;data/livestock-staging/approved_generated_feed_material_facets.csv,Definition states only governed source identity and approved semantic assertions; no biological or nutritional claim is inferred.
AOM_003106,en,A feed material with governed source identity “acacia mearnsii” and characteristics: ingredient part — Leaf.,composed_from_approved_semantic_facets,approved,Pete Steward,2026-08-06,data/livestock-staging/approved_feed_material_facets.csv;data/livestock-staging/approved_generated_feed_material_facets.csv,Definition states only governed source identity and approved semantic assertions; no biological or nutritional claim is inferred.
AOM_003110,en,An AOM outcome concept for recording Variable Cost within Costs.,composed_from_governed_hierarchy_role,approved,Pete Steward,2026-08-06,data/livestock-staging/concepts.csv,Definition states only approved hierarchy context and model role; no domain fact is inferred.
AOM_003200,en,A farming-system classification for shed within the terrestrial system context.,composed_from_governed_hierarchy_role,approved,Pete Steward,2026-08-06,data/livestock-staging/concepts.csv,Definition states only approved hierarchy context and model role; no domain fact is inferred.
AOM_003201,en,A feed material with governed source identity “urea salt lick” and characteristics: physical form — Block form.,composed_from_approved_semantic_facets,approved,Pete Steward,2026-08-06,data/livestock-staging/approved_feed_material_facets.csv;data/livestock-staging/approved_generated_feed_material_facets.csv,Definition states only governed source identity and approved semantic assertions; no biological or nutritional claim is inferred.
AOM_003208,en,A feed material with governed source identity “bambara groundnut” and characteristics: product role — By-product role.,composed_from_approved_semantic_facets,approved,Pete Steward,2026-08-06,data/livestock-staging/approved_feed_material_facets.csv;data/livestock-staging/approved_generated_feed_material_facets.csv,Definition states only governed source identity and approved semantic assertions; no biological or nutritional claim is inferred.
AOM_003266,en,A feed material with governed source identity “taro” and characteristics: ingredient part — Root.,composed_from_approved_semantic_facets,approved,Pete Steward,2026-08-06,data/livestock-staging/approved_feed_material_facets.csv;data/livestock-staging/approved_generated_feed_material_facets.csv,Definition states only governed source identity and approved semantic assertions; no biological or nutritional claim is inferred.
AOM_003275,en,A feed material with governed source identity “balanites aegyptiaca” and characteristics: ingredient part — Leaf.,composed_from_approved_semantic_facets,approved,Pete Steward,2026-08-06,data/livestock-staging/approved_feed_material_facets.csv;data/livestock-staging/approved_generated_feed_material_facets.csv,Definition states only governed source identity and approved semantic assertions; no biological or nutritional claim is inferred.
AOM_003492,en,A feed material with governed source identity “sugar beet” and characteristics: ingredient part — Leaf.,composed_from_approved_semantic_facets,approved,Pete Steward,2026-08-06,data/livestock-staging/approved_feed_material_facets.csv;data/livestock-staging/approved_generated_feed_material_facets.csv,Definition states only governed source identity and approved semantic assertions; no biological or nutritional claim is inferred.
AOM_003545,en,A feed material with governed source identity “aspilia africana and twigs” and characteristics: ingredient part — Leaf.,composed_from_approved_semantic_facets,approved,Pete Steward,2026-08-06,data/livestock-staging/approved_feed_material_facets.csv;data/livestock-staging/approved_generated_feed_material_facets.csv,Definition states only governed source identity and approved semantic assertions; no biological or nutritional claim is inferred.
AOM_003546,en,A feed material with governed source identity “coffee” and characteristics: feed product type — Processing pulp.,composed_from_approved_semantic_facets,approved,Pete Steward,2026-08-06,data/livestock-staging/approved_feed_material_facets.csv;data/livestock-staging/approved_generated_feed_material_facets.csv,Definition states only governed source identity and approved semantic assertions; no biological or nutritional claim is inferred.
AOM_003549,en,A feed material with governed source identity “centrosema pubescens” and characteristics: ingredient part — Leaf.,composed_from_approved_semantic_facets,approved,Pete Steward,2026-08-06,data/livestock-staging/approved_feed_material_facets.csv;data/livestock-staging/approved_generated_feed_material_facets.csv,Definition states only governed source identity and approved semantic assertions; no biological or nutritional claim is inferred.
AOM_003553,en,A feed material with governed source identity “mangifera indica and twigs” and characteristics: ingredient part — Leaf.,composed_from_approved_semantic_facets,approved,Pete Steward,2026-08-06,data/livestock-staging/approved_feed_material_facets.csv;data/livestock-staging/approved_generated_feed_material_facets.csv,Definition states only governed source identity and approved semantic assertions; no biological or nutritional claim is inferred.
AOM_003558,en,A feed material with governed source identity “acioa barteri and twigs” and characteristics: ingredient part — Leaf.,composed_from_approved_semantic_facets,approved,Pete Steward,2026-08-06,data/livestock-staging/approved_feed_material_facets.csv;data/livestock-staging/approved_generated_feed_material_facets.csv,Definition states only governed source identity and approved semantic assertions; no biological or nutritional claim is inferred.
AOM_003565,en,A feed material with governed source identity “cereal spent” and characteristics: ingredient part — Grain.,composed_from_approved_semantic_facets,approved,Pete Steward,2026-08-06,data/livestock-staging/approved_feed_material_facets.csv;data/livestock-staging/approved_generated_feed_material_facets.csv,Definition states only governed source identity and approved semantic assertions; no biological or nutritional claim is inferred.
AOM_003582,en,A feed material with governed source identity “anacardium occidentale and twigs” and characteristics: ingredient part — Leaf.,composed_from_approved_semantic_facets,approved,Pete Steward,2026-08-06,data/livestock-staging/approved_feed_material_facets.csv;data/livestock-staging/approved_generated_feed_material_facets.csv,Definition states only governed source identity and approved semantic assertions; no biological or nutritional claim is inferred.
AOM_003596,en,A feed material with governed source identity “grape” and characteristics: ingredient part — Seed.,composed_from_approved_semantic_facets,approved,Pete Steward,2026-08-06,data/livestock-staging/approved_feed_material_facets.csv;data/livestock-staging/approved_generated_feed_material_facets.csv,Definition states only governed source identity and approved semantic assertions; no biological or nutritional claim is inferred.
AOM_003668,en,A feed material with governed source identity “phyllanthus amarus” and characteristics: ingredient part — Leaf.,composed_from_approved_semantic_facets,approved,Pete Steward,2026-08-06,data/livestock-staging/approved_feed_material_facets.csv;data/livestock-staging/approved_generated_feed_material_facets.csv,Definition states only governed source identity and approved semantic assertions; no biological or nutritional claim is inferred.
AOM_003683,en,A feed material with governed source identity “mangifera indica” and characteristics: ingredient part — Leaf.,composed_from_approved_semantic_facets,approved,Pete Steward,2026-08-06,data/livestock-staging/approved_feed_material_facets.csv;data/livestock-staging/approved_generated_feed_material_facets.csv,Definition states only governed source identity and approved semantic assertions; no biological or nutritional claim is inferred.
AOM_003690,en,A feed material with governed source identity “poultry litter” and characteristics: processing method — Grinding.,composed_from_approved_semantic_facets,approved,Pete Steward,2026-08-06,data/livestock-staging/approved_feed_material_facets.csv;data/livestock-staging/approved_generated_feed_material_facets.csv,Definition states only governed source identity and approved semantic assertions; no biological or nutritional claim is inferred.
AOM_003691,en,A feed material with governed source identity “pterocarpus erinaceus and twigs” and characteristics: ingredient part — Leaf.,composed_from_approved_semantic_facets,approved,Pete Steward,2026-08-06,data/livestock-staging/approved_feed_material_facets.csv;data/livestock-staging/approved_generated_feed_material_facets.csv,Definition states only governed source identity and approved semantic assertions; no biological or nutritional claim is inferred.
AOM_003692,en,A feed material with governed source identity “rice” and characteristics: ingredient part — Straw; processing method — Molasses treatment.,composed_from_approved_semantic_facets,approved,Pete Steward,2026-08-06,data/livestock-staging/approved_feed_material_facets.csv;data/livestock-staging/approved_generated_feed_material_facets.csv,Definition states only governed source identity and approved semantic assertions; no biological or nutritional claim is inferred.
AOM_003703,en,A feed material with governed source identity “acacia auriculiformis” and characteristics: ingredient part — Leaf.,composed_from_approved_semantic_facets,approved,Pete Steward,2026-08-06,data/livestock-staging/approved_feed_material_facets.csv;data/livestock-staging/approved_generated_feed_material_facets.csv,Definition states only governed source identity and approved semantic assertions; no biological or nutritional claim is inferred.
AOM_003815,en,A feed material with governed source identity “date discarded” and characteristics: processing method — Grinding.,composed_from_approved_semantic_facets,approved,Pete Steward,2026-08-06,data/livestock-staging/approved_feed_material_facets.csv;data/livestock-staging/approved_generated_feed_material_facets.csv,Definition states only governed source identity and approved semantic assertions; no biological or nutritional claim is inferred.
AOM_003853,en,A feed material with governed source identity “sweet potato” and characteristics: ingredient part — Vine; processing method — Drying.,composed_from_approved_semantic_facets,approved,Pete Steward,2026-08-06,data/livestock-staging/approved_feed_material_facets.csv;data/livestock-staging/approved_generated_feed_material_facets.csv,Definition states only governed source identity and approved semantic assertions; no biological or nutritional claim is inferred.
AOM_003870,en,A feed material with governed source identity “rabbit” and characteristics: physical form — Pellet form.,composed_from_approved_semantic_facets,approved,Pete Steward,2026-08-06,data/livestock-staging/approved_feed_material_facets.csv;data/livestock-staging/approved_generated_feed_material_facets.csv,Definition states only governed source identity and approved semantic assertions; no biological or nutritional claim is inferred.
AOM_003885,en,A feed material with governed source identity “citrus” and characteristics: feed product type — Processing pulp.,composed_from_approved_semantic_facets,approved,Pete Steward,2026-08-06,data/livestock-staging/approved_feed_material_facets.csv;data/livestock-staging/approved_generated_feed_material_facets.csv,Definition states only governed source identity and approved semantic assertions; no biological or nutritional claim is inferred.
AOM_003890,en,A feed material with governed source identity “argan” and characteristics: ingredient part — Seed.,composed_from_approved_semantic_facets,approved,Pete Steward,2026-08-06,data/livestock-staging/approved_feed_material_facets.csv;data/livestock-staging/approved_generated_feed_material_facets.csv,Definition states only governed source identity and approved semantic assertions; no biological or nutritional claim is inferred.
AOM_003891,en,A feed material with governed source identity “orange” and characteristics: feed product type — Processing pulp.,composed_from_approved_semantic_facets,approved,Pete Steward,2026-08-06,data/livestock-staging/approved_feed_material_facets.csv;data/livestock-staging/approved_generated_feed_material_facets.csv,Definition states only governed source identity and approved semantic assertions; no biological or nutritional claim is inferred.
AOM_003892,en,A feed material with governed source identity “argan” and characteristics: feed product type — Processing pulp.,composed_from_approved_semantic_facets,approved,Pete Steward,2026-08-06,data/livestock-staging/approved_feed_material_facets.csv;data/livestock-staging/approved_generated_feed_material_facets.csv,Definition states only governed source identity and approved semantic assertions; no biological or nutritional claim is inferred.
AOM_003894,en,A feed material with governed source identity “carob” and characteristics: processing method — Grinding.,composed_from_approved_semantic_facets,approved,Pete Steward,2026-08-06,data/livestock-staging/approved_feed_material_facets.csv;data/livestock-staging/approved_generated_feed_material_facets.csv,Definition states only governed source identity and approved semantic assertions; no biological or nutritional claim is inferred.
AOM_003895,en,A feed material with governed source identity “bambusa vulgaris” and characteristics: ingredient part — Leaf.,composed_from_approved_semantic_facets,approved,Pete Steward,2026-08-06,data/livestock-staging/approved_feed_material_facets.csv;data/livestock-staging/approved_generated_feed_material_facets.csv,Definition states only governed source identity and approved semantic assertions; no biological or nutritional claim is inferred.
AOM_003896,en,A feed material with governed source identity “dendrocalamus giganteus” and characteristics: ingredient part — Leaf.,composed_from_approved_semantic_facets,approved,Pete Steward,2026-08-06,data/livestock-staging/approved_feed_material_facets.csv;data/livestock-staging/approved_generated_feed_material_facets.csv,Definition states only governed source identity and approved semantic assertions; no biological or nutritional claim is inferred.
AOM_003897,en,A feed material with governed source identity “jojoba” and characteristics: processing method — Grinding.,composed_from_approved_semantic_facets,approved,Pete Steward,2026-08-06,data/livestock-staging/approved_feed_material_facets.csv;data/livestock-staging/approved_generated_feed_material_facets.csv,Definition states only governed source identity and approved semantic assertions; no biological or nutritional claim is inferred.
AOM_003900,en,A feed material with governed source identity “citrus aurantifolia” and characteristics: ingredient part — Leaf.,composed_from_approved_semantic_facets,approved,Pete Steward,2026-08-06,data/livestock-staging/approved_feed_material_facets.csv;data/livestock-staging/approved_generated_feed_material_facets.csv,Definition states only governed source identity and approved semantic assertions; no biological or nutritional claim is inferred.
AOM_003901,en,A feed material with governed source identity “occicum gatissimum” and characteristics: ingredient part — Leaf.,composed_from_approved_semantic_facets,approved,Pete Steward,2026-08-06,data/livestock-staging/approved_feed_material_facets.csv;data/livestock-staging/approved_generated_feed_material_facets.csv,Definition states only governed source identity and approved semantic assertions; no biological or nutritional claim is inferred.
AOM_003902,en,A feed material with governed source identity “vernonia amygdalina” and characteristics: ingredient part — Leaf.,composed_from_approved_semantic_facets,approved,Pete Steward,2026-08-06,data/livestock-staging/approved_feed_material_facets.csv;data/livestock-staging/approved_generated_feed_material_facets.csv,Definition states only governed source identity and approved semantic assertions; no biological or nutritional claim is inferred.
AOM_003903,en,A feed material with governed source identity “moringa oleifera” and characteristics: ingredient part — Leaf.,composed_from_approved_semantic_facets,approved,Pete Steward,2026-08-06,data/livestock-staging/approved_feed_material_facets.csv;data/livestock-staging/approved_generated_feed_material_facets.csv,Definition states only governed source identity and approved semantic assertions; no biological or nutritional claim is inferred.
AOM_003905,en,A feed material with governed source identity “trachyspermum ammi” and characteristics: ingredient part — Seed.,composed_from_approved_semantic_facets,approved,Pete Steward,2026-08-06,data/livestock-staging/approved_feed_material_facets.csv;data/livestock-staging/approved_generated_feed_material_facets.csv,Definition states only governed source identity and approved semantic assertions; no biological or nutritional claim is inferred.
AOM_003912,en,A feed material with governed source identity “megathyrsus maximus” and characteristics: ingredient part — Leaf.,composed_from_approved_semantic_facets,approved,Pete Steward,2026-08-06,data/livestock-staging/approved_feed_material_facets.csv;data/livestock-staging/approved_generated_feed_material_facets.csv,Definition states only governed source identity and approved semantic assertions; no biological or nutritional claim is inferred.
AOM_003913,en,A feed material with governed source identity “bridelia ferruginea” and characteristics: ingredient part — Leaf.,composed_from_approved_semantic_facets,approved,Pete Steward,2026-08-06,data/livestock-staging/approved_feed_material_facets.csv;data/livestock-staging/approved_generated_feed_material_facets.csv,Definition states only governed source identity and approved semantic assertions; no biological or nutritional claim is inferred.
AOM_003914,en,A feed material with governed source identity “bambusa balcooa” and characteristics: ingredient part — Leaf.,composed_from_approved_semantic_facets,approved,Pete Steward,2026-08-06,data/livestock-staging/approved_feed_material_facets.csv;data/livestock-staging/approved_generated_feed_material_facets.csv,Definition states only governed source identity and approved semantic assertions; no biological or nutritional claim is inferred.
AOM_003915,en,A feed material with governed source identity “oxytenanthera abyssinica” and characteristics: ingredient part — Leaf.,composed_from_approved_semantic_facets,approved,Pete Steward,2026-08-06,data/livestock-staging/approved_feed_material_facets.csv;data/livestock-staging/approved_generated_feed_material_facets.csv,Definition states only governed source identity and approved semantic assertions; no biological or nutritional claim is inferred.
AOM_003918,en,A feed material with governed source identity “african yam bean” and characteristics: processing method — Grinding.,composed_from_approved_semantic_facets,approved,Pete Steward,2026-08-06,data/livestock-staging/approved_feed_material_facets.csv;data/livestock-staging/approved_generated_feed_material_facets.csv,Definition states only governed source identity and approved semantic assertions; no biological or nutritional claim is inferred.
AOM_003919,en,A feed material with governed source identity “delonix regia” and characteristics: ingredient part — Seed.,composed_from_approved_semantic_facets,approved,Pete Steward,2026-08-06,data/livestock-staging/approved_feed_material_facets.csv;data/livestock-staging/approved_generated_feed_material_facets.csv,Definition states only governed source identity and approved semantic assertions; no biological or nutritional claim is inferred.
AOM_003920,en,"A feed material with governed source identity “hevea brasiliensis” and characteristics: ingredient part — Seed; processing method — Boiling, Drying, Grinding.",composed_from_approved_semantic_facets,approved,Pete Steward,2026-08-06,data/livestock-staging/approved_feed_material_facets.csv;data/livestock-staging/approved_generated_feed_material_facets.csv,Definition states only governed source identity and approved semantic assertions; no biological or nutritional claim is inferred.
AOM_003926,en,A feed material with governed source identity “vitex doniana” and characteristics: ingredient part — Leaf.,composed_from_approved_semantic_facets,approved,Pete Steward,2026-08-06,data/livestock-staging/approved_feed_material_facets.csv;data/livestock-staging/approved_generated_feed_material_facets.csv,Definition states only governed source identity and approved semantic assertions; no biological or nutritional claim is inferred.
AOM_003933,en,A feed material with governed source identity “watermelon” and characteristics: ingredient part — Vine.,composed_from_approved_semantic_facets,approved,Pete Steward,2026-08-06,data/livestock-staging/approved_feed_material_facets.csv;data/livestock-staging/approved_generated_feed_material_facets.csv,Definition states only governed source identity and approved semantic assertions; no biological or nutritional claim is inferred.
AOM_003950,en,A feed material with governed source identity “vitex doniana” and characteristics: ingredient part — Leaf; processing method — Grinding.,composed_from_approved_semantic_facets,approved,Pete Steward,2026-08-06,data/livestock-staging/approved_feed_material_facets.csv;data/livestock-staging/approved_generated_feed_material_facets.csv,Definition states only governed source identity and approved semantic assertions; no biological or nutritional claim is inferred.
AOM_003954,en,A feed material with governed source identity “jatropha curcas” and characteristics: ingredient part — Leaf.,composed_from_approved_semantic_facets,approved,Pete Steward,2026-08-06,data/livestock-staging/approved_feed_material_facets.csv;data/livestock-staging/approved_generated_feed_material_facets.csv,Definition states only governed source identity and approved semantic assertions; no biological or nutritional claim is inferred.
AOM_003960,en,A feed material with governed source identity “common bean” and characteristics: ingredient part — Vine.,composed_from_approved_semantic_facets,approved,Pete Steward,2026-08-06,data/livestock-staging/approved_feed_material_facets.csv;data/livestock-staging/approved_generated_feed_material_facets.csv,Definition states only governed source identity and approved semantic assertions; no biological or nutritional claim is inferred.
AOM_003961,en,A feed material with governed source identity “acacia tortilis” and characteristics: ingredient part — Pod.,composed_from_approved_semantic_facets,approved,Pete Steward,2026-08-06,data/livestock-staging/approved_feed_material_facets.csv;data/livestock-staging/approved_generated_feed_material_facets.csv,Definition states only governed source identity and approved semantic assertions; no biological or nutritional claim is inferred.
AOM_003970,en,A feed material with governed source identity “adansonia digitata” and characteristics: ingredient part — Seed; processing method — Grinding.,composed_from_approved_semantic_facets,approved,Pete Steward,2026-08-06,data/livestock-staging/approved_feed_material_facets.csv;data/livestock-staging/approved_generated_feed_material_facets.csv,Definition states only governed source identity and approved semantic assertions; no biological or nutritional claim is inferred.
AOM_003971,en,A feed material with governed source identity “moringa oleifera” and characteristics: ingredient part — Seed.,composed_from_approved_semantic_facets,approved,Pete Steward,2026-08-06,data/livestock-staging/approved_feed_material_facets.csv;data/livestock-staging/approved_generated_feed_material_facets.csv,Definition states only governed source identity and approved semantic assertions; no biological or nutritional claim is inferred.
AOM_003972,en,A feed material with governed source identity “cassava and twigs” and characteristics: ingredient part — Leaf.,composed_from_approved_semantic_facets,approved,Pete Steward,2026-08-06,data/livestock-staging/approved_feed_material_facets.csv;data/livestock-staging/approved_generated_feed_material_facets.csv,Definition states only governed source identity and approved semantic assertions; no biological or nutritional claim is inferred.
AOM_003973,en,A feed material with governed source identity “cotton” and characteristics: ingredient part — Seed.,composed_from_approved_semantic_facets,approved,Pete Steward,2026-08-06,data/livestock-staging/approved_feed_material_facets.csv;data/livestock-staging/approved_generated_feed_material_facets.csv,Definition states only governed source identity and approved semantic assertions; no biological or nutritional claim is inferred.
AOM_003981,en,A feed material with governed source identity “ziziphus jujuba” and characteristics: ingredient part — Leaf.,composed_from_approved_semantic_facets,approved,Pete Steward,2026-08-06,data/livestock-staging/approved_feed_material_facets.csv;data/livestock-staging/approved_generated_feed_material_facets.csv,Definition states only governed source identity and approved semantic assertions; no biological or nutritional claim is inferred.
AOM_003989,en,A feed material with governed source identity “myrtus communis” and characteristics: ingredient part — Leaf.,composed_from_approved_semantic_facets,approved,Pete Steward,2026-08-06,data/livestock-staging/approved_feed_material_facets.csv;data/livestock-staging/approved_generated_feed_material_facets.csv,Definition states only governed source identity and approved semantic assertions; no biological or nutritional claim is inferred.
AOM_003995,en,A feed material with governed source identity “lamb and ewe” and characteristics: physical form — Pellet form.,composed_from_approved_semantic_facets,approved,Pete Steward,2026-08-06,data/livestock-staging/approved_feed_material_facets.csv;data/livestock-staging/approved_generated_feed_material_facets.csv,Definition states only governed source identity and approved semantic assertions; no biological or nutritional claim is inferred.
AOM_003997,en,A feed material with governed source identity “clove basil extract” and characteristics: ingredient part — Leaf.,composed_from_approved_semantic_facets,approved,Pete Steward,2026-08-06,data/livestock-staging/approved_feed_material_facets.csv;data/livestock-staging/approved_generated_feed_material_facets.csv,Definition states only governed source identity and approved semantic assertions; no biological or nutritional claim is inferred.
AOM_003999,en,A feed material with governed source identity “viscum album” and characteristics: ingredient part — Leaf.,composed_from_approved_semantic_facets,approved,Pete Steward,2026-08-06,data/livestock-staging/approved_feed_material_facets.csv;data/livestock-staging/approved_generated_feed_material_facets.csv,Definition states only governed source identity and approved semantic assertions; no biological or nutritional claim is inferred.
AOM_004003,en,A feed material with governed source identity “maize” and characteristics: ingredient part — Grain.,composed_from_approved_semantic_facets,approved,Pete Steward,2026-08-06,data/livestock-staging/approved_feed_material_facets.csv;data/livestock-staging/approved_generated_feed_material_facets.csv,Definition states only governed source identity and approved semantic assertions; no biological or nutritional claim is inferred.
AOM_004005,en,A feed material with governed source identity “finger millet” and characteristics: ingredient part — Straw.,composed_from_approved_semantic_facets,approved,Pete Steward,2026-08-06,data/livestock-staging/approved_feed_material_facets.csv;data/livestock-staging/approved_generated_feed_material_facets.csv,Definition states only governed source identity and approved semantic assertions; no biological or nutritional claim is inferred.
AOM_004006,en,A livestock-management concept concerning AOAC (1970) within Digestibility Measurement Method.,composed_from_governed_hierarchy_role,approved,Pete Steward,2026-08-06,data/livestock-staging/concepts.csv,Definition states only approved hierarchy context and model role; no domain fact is inferred.
AOM_004007,en,A livestock-management concept concerning AOAC (2000) within Digestibility Measurement Method.,composed_from_governed_hierarchy_role,approved,Pete Steward,2026-08-06,data/livestock-staging/concepts.csv,Definition states only approved hierarchy context and model role; no domain fact is inferred.
AOM_004008,en,A livestock-management concept concerning AOAC (2005) within Digestibility Measurement Method.,composed_from_governed_hierarchy_role,approved,Pete Steward,2026-08-06,data/livestock-staging/concepts.csv,Definition states only approved hierarchy context and model role; no domain fact is inferred.
AOM_004009,en,A livestock-management concept concerning AOAC (2007) within Digestibility Measurement Method.,composed_from_governed_hierarchy_role,approved,Pete Steward,2026-08-06,data/livestock-staging/concepts.csv,Definition states only approved hierarchy context and model role; no domain fact is inferred.
AOM_006001,en,A feed material with governed source identity “maize” and characteristics: ingredient part — Stover.,composed_from_approved_semantic_facets,approved,Pete Steward,2026-08-06,data/livestock-staging/approved_feed_material_facets.csv;data/livestock-staging/approved_generated_feed_material_facets.csv,Definition states only governed source identity and approved semantic assertions; no biological or nutritional claim is inferred.
AOM_006002,en,A feed material with governed source identity “maize” and characteristics: ingredient part — Stover; processing method — Urea treatment.,composed_from_approved_semantic_facets,approved,Pete Steward,2026-08-06,data/livestock-staging/approved_feed_material_facets.csv;data/livestock-staging/approved_generated_feed_material_facets.csv,Definition states only governed source identity and approved semantic assertions; no biological or nutritional claim is inferred.
AOM_006004,en,A feed material with governed source identity “molasses” and characteristics: processing method — Grinding.,composed_from_approved_semantic_facets,approved,Pete Steward,2026-08-06,data/livestock-staging/approved_feed_material_facets.csv;data/livestock-staging/approved_generated_feed_material_facets.csv,Definition states only governed source identity and approved semantic assertions; no biological or nutritional claim is inferred.
AOM_006005,en,A feed material with governed source identity “sorghum brewers refermented” and characteristics: ingredient part — Grain.,composed_from_approved_semantic_facets,approved,Pete Steward,2026-08-06,data/livestock-staging/approved_feed_material_facets.csv;data/livestock-staging/approved_generated_feed_material_facets.csv,Definition states only governed source identity and approved semantic assertions; no biological or nutritional claim is inferred.
AOM_006007,en,A feed material with governed source identity “khaya senegalensis” and characteristics: ingredient part — Leaf; processing method — Drying.,composed_from_approved_semantic_facets,approved,Pete Steward,2026-08-06,data/livestock-staging/approved_feed_material_facets.csv;data/livestock-staging/approved_generated_feed_material_facets.csv,Definition states only governed source identity and approved semantic assertions; no biological or nutritional claim is inferred.
AOM_006009,en,A feed material with governed source identity “pterocarpus lucens” and characteristics: ingredient part — Leaf.,composed_from_approved_semantic_facets,approved,Pete Steward,2026-08-06,data/livestock-staging/approved_feed_material_facets.csv;data/livestock-staging/approved_generated_feed_material_facets.csv,Definition states only governed source identity and approved semantic assertions; no biological or nutritional claim is inferred.
AOM_006010,en,A feed material with governed source identity “pterocarpus lucens” and characteristics: ingredient part — Leaf; processing method — Drying.,composed_from_approved_semantic_facets,approved,Pete Steward,2026-08-06,data/livestock-staging/approved_feed_material_facets.csv;data/livestock-staging/approved_generated_feed_material_facets.csv,Definition states only governed source identity and approved semantic assertions; no biological or nutritional claim is inferred.
AOM_006011,en,A feed material with governed source identity “pterocarpus lucens” and characteristics: ingredient part — Pod.,composed_from_approved_semantic_facets,approved,Pete Steward,2026-08-06,data/livestock-staging/approved_feed_material_facets.csv;data/livestock-staging/approved_generated_feed_material_facets.csv,Definition states only governed source identity and approved semantic assertions; no biological or nutritional claim is inferred.
AOM_006012,en,A feed material with governed source identity “pterocarpus lucens” and characteristics: ingredient part — Pod; processing method — Drying.,composed_from_approved_semantic_facets,approved,Pete Steward,2026-08-06,data/livestock-staging/approved_feed_material_facets.csv;data/livestock-staging/approved_generated_feed_material_facets.csv,Definition states only governed source identity and approved semantic assertions; no biological or nutritional claim is inferred.
AOM_006015,en,A feed material with governed source identity “enterolobium cyclocarpum” and characteristics: ingredient part — Leaf.,composed_from_approved_semantic_facets,approved,Pete Steward,2026-08-06,data/livestock-staging/approved_feed_material_facets.csv;data/livestock-staging/approved_generated_feed_material_facets.csv,Definition states only governed source identity and approved semantic assertions; no biological or nutritional claim is inferred.
AOM_006016,en,"A feed material with governed source identity “acacia auriculiformis” and characteristics: ingredient part — Leaf; processing method — Drying, Grinding.",composed_from_approved_semantic_facets,approved,Pete Steward,2026-08-06,data/livestock-staging/approved_feed_material_facets.csv;data/livestock-staging/approved_generated_feed_material_facets.csv,Definition states only governed source identity and approved semantic assertions; no biological or nutritional claim is inferred.
AOM_006017,en,"A feed material with governed source identity “acacia brevispica” and characteristics: ingredient part — Leaf; processing method — Crushing, Drying.",composed_from_approved_semantic_facets,approved,Pete Steward,2026-08-06,data/livestock-staging/approved_feed_material_facets.csv;data/livestock-staging/approved_generated_feed_material_facets.csv,Definition states only governed source identity and approved semantic assertions; no biological or nutritional claim is inferred.
AOM_006018,en,A feed material with governed source identity “acacia karroo” and characteristics: ingredient part — Leaf; processing method — Drying.,composed_from_approved_semantic_facets,approved,Pete Steward,2026-08-06,data/livestock-staging/approved_feed_material_facets.csv;data/livestock-staging/approved_generated_feed_material_facets.csv,Definition states only governed source identity and approved semantic assertions; no biological or nutritional claim is inferred.
AOM_006019,en,"A feed material with governed source identity “adansonia digitata” and characteristics: ingredient part — Seed; processing method — Drying, Fermentation, Grinding.",composed_from_approved_semantic_facets,approved,Pete Steward,2026-08-06,data/livestock-staging/approved_feed_material_facets.csv;data/livestock-staging/approved_generated_feed_material_facets.csv,Definition states only governed source identity and approved semantic assertions; no biological or nutritional claim is inferred.
AOM_006022,en,A feed material with governed source identity “spirulina” and characteristics: processing method — Grinding.,composed_from_approved_semantic_facets,approved,Pete Steward,2026-08-06,data/livestock-staging/approved_feed_material_facets.csv;data/livestock-staging/approved_generated_feed_material_facets.csv,Definition states only governed source identity and approved semantic assertions; no biological or nutritional claim is inferred.
AOM_006023,en,A feed material with governed source identity “atella” and characteristics: processing method — Drying.,composed_from_approved_semantic_facets,approved,Pete Steward,2026-08-06,data/livestock-staging/approved_feed_material_facets.csv;data/livestock-staging/approved_generated_feed_material_facets.csv,Definition states only governed source identity and approved semantic assertions; no biological or nutritional claim is inferred.
AOM_006024,en,A feed material with governed source identity “atriplex halimus” and characteristics: processing method — Ensiling.,composed_from_approved_semantic_facets,approved,Pete Steward,2026-08-06,data/livestock-staging/approved_feed_material_facets.csv;data/livestock-staging/approved_generated_feed_material_facets.csv,Definition states only governed source identity and approved semantic assertions; no biological or nutritional claim is inferred.
AOM_006025,en,A feed material with governed source identity “azadirachta indica” and characteristics: ingredient part — Leaf; processing method — Wilting.,composed_from_approved_semantic_facets,approved,Pete Steward,2026-08-06,data/livestock-staging/approved_feed_material_facets.csv;data/livestock-staging/approved_generated_feed_material_facets.csv,Definition states only governed source identity and approved semantic assertions; no biological or nutritional claim is inferred.
AOM_006026,en,A feed material with governed source identity “balanites aegyptiaca” and characteristics: ingredient part — Leaf; processing method — Grinding.,composed_from_approved_semantic_facets,approved,Pete Steward,2026-08-06,data/livestock-staging/approved_feed_material_facets.csv;data/livestock-staging/approved_generated_feed_material_facets.csv,Definition states only governed source identity and approved semantic assertions; no biological or nutritional claim is inferred.
AOM_006027,en,A feed material with governed source identity “bambara groundnut offal” and characteristics: processing method — Grinding.,composed_from_approved_semantic_facets,approved,Pete Steward,2026-08-06,data/livestock-staging/approved_feed_material_facets.csv;data/livestock-staging/approved_generated_feed_material_facets.csv,Definition states only governed source identity and approved semantic assertions; no biological or nutritional claim is inferred.
AOM_006028,en,A feed material with governed source identity “bamboo” and characteristics: ingredient part — Leaf; processing method — Drying.,composed_from_approved_semantic_facets,approved,Pete Steward,2026-08-06,data/livestock-staging/approved_feed_material_facets.csv;data/livestock-staging/approved_generated_feed_material_facets.csv,Definition states only governed source identity and approved semantic assertions; no biological or nutritional claim is inferred.
AOM_006029,en,A feed material with governed source identity “bamboo” and characteristics: ingredient part — Leaf; processing method — Wilting.,composed_from_approved_semantic_facets,approved,Pete Steward,2026-08-06,data/livestock-staging/approved_feed_material_facets.csv;data/livestock-staging/approved_generated_feed_material_facets.csv,Definition states only governed source identity and approved semantic assertions; no biological or nutritional claim is inferred.
AOM_006030,en,A feed material with governed source identity “bambusa balcooa” and characteristics: ingredient part — Leaf; processing method — Drying.,composed_from_approved_semantic_facets,approved,Pete Steward,2026-08-06,data/livestock-staging/approved_feed_material_facets.csv;data/livestock-staging/approved_generated_feed_material_facets.csv,Definition states only governed source identity and approved semantic assertions; no biological or nutritional claim is inferred.
AOM_006032,en,A feed material with governed source identity “banana” and characteristics: ingredient part — Leaf; processing method — Drying.,composed_from_approved_semantic_facets,approved,Pete Steward,2026-08-06,data/livestock-staging/approved_feed_material_facets.csv;data/livestock-staging/approved_generated_feed_material_facets.csv,Definition states only governed source identity and approved semantic assertions; no biological or nutritional claim is inferred.
AOM_006033,en,A feed material with governed source identity “barley” and characteristics: ingredient part — Grain.,composed_from_approved_semantic_facets,approved,Pete Steward,2026-08-06,data/livestock-staging/approved_feed_material_facets.csv;data/livestock-staging/approved_generated_feed_material_facets.csv,Definition states only governed source identity and approved semantic assertions; no biological or nutritional claim is inferred.
AOM_006034,en,A feed material with governed source identity “barley” and characteristics: ingredient part — Grain; processing method — Sprouting.,composed_from_approved_semantic_facets,approved,Pete Steward,2026-08-06,data/livestock-staging/approved_feed_material_facets.csv;data/livestock-staging/approved_generated_feed_material_facets.csv,Definition states only governed source identity and approved semantic assertions; no biological or nutritional claim is inferred.
AOM_006035,en,A feed material with governed source identity “barley” and characteristics: ingredient part — Straw; processing method — Fermentation.,composed_from_approved_semantic_facets,approved,Pete Steward,2026-08-06,data/livestock-staging/approved_feed_material_facets.csv;data/livestock-staging/approved_generated_feed_material_facets.csv,Definition states only governed source identity and approved semantic assertions; no biological or nutritional claim is inferred.
AOM_006036,en,A feed material with governed source identity “acacia senegal” and characteristics: ingredient part — Leaf; processing method — Wilting.,composed_from_approved_semantic_facets,approved,Pete Steward,2026-08-06,data/livestock-staging/approved_feed_material_facets.csv;data/livestock-staging/approved_generated_feed_material_facets.csv,Definition states only governed source identity and approved semantic assertions; no biological or nutritional claim is inferred.
AOM_006037,en,A feed material with governed source identity “acacia seyal” and characteristics: processing method — Wilting.,composed_from_approved_semantic_facets,approved,Pete Steward,2026-08-06,data/livestock-staging/approved_feed_material_facets.csv;data/livestock-staging/approved_generated_feed_material_facets.csv,Definition states only governed source identity and approved semantic assertions; no biological or nutritional claim is inferred.
AOM_006038,en,A feed material with governed source identity “acacia tortilis” and characteristics: ingredient part — Leaf; processing method — Wilting.,composed_from_approved_semantic_facets,approved,Pete Steward,2026-08-06,data/livestock-staging/approved_feed_material_facets.csv;data/livestock-staging/approved_generated_feed_material_facets.csv,Definition states only governed source identity and approved semantic assertions; no biological or nutritional claim is inferred.
AOM_006039,en,A feed material with governed source identity “andropogon” and characteristics: processing method — Drying.,composed_from_approved_semantic_facets,approved,Pete Steward,2026-08-06,data/livestock-staging/approved_feed_material_facets.csv;data/livestock-staging/approved_generated_feed_material_facets.csv,Definition states only governed source identity and approved semantic assertions; no biological or nutritional claim is inferred.
AOM_006040,en,A feed material with governed source identity “barley” and characteristics: ingredient part — Straw; processing method — Drying.,composed_from_approved_semantic_facets,approved,Pete Steward,2026-08-06,data/livestock-staging/approved_feed_material_facets.csv;data/livestock-staging/approved_generated_feed_material_facets.csv,Definition states only governed source identity and approved semantic assertions; no biological or nutritional claim is inferred.
AOM_006041,en,"A feed material with governed source identity “berchemia discolor” and characteristics: ingredient part — Leaf; processing method — Crushing, Drying.",composed_from_approved_semantic_facets,approved,Pete Steward,2026-08-06,data/livestock-staging/approved_feed_material_facets.csv;data/livestock-staging/approved_generated_feed_material_facets.csv,Definition states only governed source identity and approved semantic assertions; no biological or nutritional claim is inferred.
AOM_006042,en,A feed material with governed source identity “trifolium alexandrinum” and characteristics: ingredient part — Straw; processing method — Drying.,composed_from_approved_semantic_facets,approved,Pete Steward,2026-08-06,data/livestock-staging/approved_feed_material_facets.csv;data/livestock-staging/approved_generated_feed_material_facets.csv,Definition states only governed source identity and approved semantic assertions; no biological or nutritional claim is inferred.
AOM_006044,en,A feed material with governed source identity “bracharia decumbens” and characteristics: processing method — Drying.,composed_from_approved_semantic_facets,approved,Pete Steward,2026-08-06,data/livestock-staging/approved_feed_material_facets.csv;data/livestock-staging/approved_generated_feed_material_facets.csv,Definition states only governed source identity and approved semantic assertions; no biological or nutritional claim is inferred.
AOM_006045,en,"A feed material with governed source identity “bracharia” and characteristics: processing method — Drying, Grinding.",composed_from_approved_semantic_facets,approved,Pete Steward,2026-08-06,data/livestock-staging/approved_feed_material_facets.csv;data/livestock-staging/approved_generated_feed_material_facets.csv,Definition states only governed source identity and approved semantic assertions; no biological or nutritional claim is inferred.
AOM_006046,en,A feed material with governed source identity “brachiaria brizantha” and characteristics: processing method — Drying.,composed_from_approved_semantic_facets,approved,Pete Steward,2026-08-06,data/livestock-staging/approved_feed_material_facets.csv;data/livestock-staging/approved_generated_feed_material_facets.csv,Definition states only governed source identity and approved semantic assertions; no biological or nutritional claim is inferred.
AOM_006047,en,A feed material with governed source identity “brachiaria ruziziensis” and characteristics: processing method — Drying.,composed_from_approved_semantic_facets,approved,Pete Steward,2026-08-06,data/livestock-staging/approved_feed_material_facets.csv;data/livestock-staging/approved_generated_feed_material_facets.csv,Definition states only governed source identity and approved semantic assertions; no biological or nutritional claim is inferred.
AOM_006048,en,A feed material with governed source identity “calliandra calothyrsus” and characteristics: ingredient part — Leaf; processing method — Drying.,composed_from_approved_semantic_facets,approved,Pete Steward,2026-08-06,data/livestock-staging/approved_feed_material_facets.csv;data/livestock-staging/approved_generated_feed_material_facets.csv,Definition states only governed source identity and approved semantic assertions; no biological or nutritional claim is inferred.
AOM_006049,en,"A feed material with governed source identity “cashew” and characteristics: ingredient part — Shell; processing method — Crushing, Drying.",composed_from_approved_semantic_facets,approved,Pete Steward,2026-08-06,data/livestock-staging/approved_feed_material_facets.csv;data/livestock-staging/approved_generated_feed_material_facets.csv,Definition states only governed source identity and approved semantic assertions; no biological or nutritional claim is inferred.
AOM_006050,en,A feed material with governed source identity “cashew” and characteristics: ingredient part — Shell; processing method — Grinding.,composed_from_approved_semantic_facets,approved,Pete Steward,2026-08-06,data/livestock-staging/approved_feed_material_facets.csv;data/livestock-staging/approved_generated_feed_material_facets.csv,Definition states only governed source identity and approved semantic assertions; no biological or nutritional claim is inferred.
AOM_006052,en,"A feed material with governed source identity “cashew” and characteristics: ingredient part — Shell; processing method — Boiling, Crushing.",composed_from_approved_semantic_facets,approved,Pete Steward,2026-08-06,data/livestock-staging/approved_feed_material_facets.csv;data/livestock-staging/approved_generated_feed_material_facets.csv,Definition states only governed source identity and approved semantic assertions; no biological or nutritional claim is inferred.
AOM_006053,en,A feed material with governed source identity “cassava and twigs” and characteristics: ingredient part — Leaf; processing method — Drying.,composed_from_approved_semantic_facets,approved,Pete Steward,2026-08-06,data/livestock-staging/approved_feed_material_facets.csv;data/livestock-staging/approved_generated_feed_material_facets.csv,Definition states only governed source identity and approved semantic assertions; no biological or nutritional claim is inferred.
AOM_006054,en,A feed material with governed source identity “cassava” and characteristics: ingredient part — Peel; processing method — Ensiling.,composed_from_approved_semantic_facets,approved,Pete Steward,2026-08-06,data/livestock-staging/approved_feed_material_facets.csv;data/livestock-staging/approved_generated_feed_material_facets.csv,Definition states only governed source identity and approved semantic assertions; no biological or nutritional claim is inferred.
AOM_006055,en,"A feed material with governed source identity “cassava” and characteristics: ingredient part — Peel; processing method — Crushing, Drying.",composed_from_approved_semantic_facets,approved,Pete Steward,2026-08-06,data/livestock-staging/approved_feed_material_facets.csv;data/livestock-staging/approved_generated_feed_material_facets.csv,Definition states only governed source identity and approved semantic assertions; no biological or nutritional claim is inferred.
AOM_006056,en,"A feed material with governed source identity “cassava” and characteristics: ingredient part — Peel; processing method — Drying, Wilting.",composed_from_approved_semantic_facets,approved,Pete Steward,2026-08-06,data/livestock-staging/approved_feed_material_facets.csv;data/livestock-staging/approved_generated_feed_material_facets.csv,Definition states only governed source identity and approved semantic assertions; no biological or nutritional claim is inferred.
AOM_006057,en,A feed material with governed source identity “cassava grated” and characteristics: ingredient part — Peel; processing method — Pressing.,composed_from_approved_semantic_facets,approved,Pete Steward,2026-08-06,data/livestock-staging/approved_feed_material_facets.csv;data/livestock-staging/approved_generated_feed_material_facets.csv,Definition states only governed source identity and approved semantic assertions; no biological or nutritional claim is inferred.
AOM_006058,en,"A feed material with governed source identity “cassava” and characteristics: ingredient part — Peel; processing method — Drying, Ensiling, Wilting.",composed_from_approved_semantic_facets,approved,Pete Steward,2026-08-06,data/livestock-staging/approved_feed_material_facets.csv;data/livestock-staging/approved_generated_feed_material_facets.csv,Definition states only governed source identity and approved semantic assertions; no biological or nutritional claim is inferred.
AOM_006059,en,"A feed material with governed source identity “cassava” and characteristics: ingredient part — Tuber; processing method — Drying, Grinding.",composed_from_approved_semantic_facets,approved,Pete Steward,2026-08-06,data/livestock-staging/approved_feed_material_facets.csv;data/livestock-staging/approved_generated_feed_material_facets.csv,Definition states only governed source identity and approved semantic assertions; no biological or nutritional claim is inferred.
AOM_006060,en,A feed material with governed source identity “cassava” and characteristics: ingredient part — Tuber; processing method — Grinding.,composed_from_approved_semantic_facets,approved,Pete Steward,2026-08-06,data/livestock-staging/approved_feed_material_facets.csv;data/livestock-staging/approved_generated_feed_material_facets.csv,Definition states only governed source identity and approved semantic assertions; no biological or nutritional claim is inferred.
AOM_006061,en,"A feed material with governed source identity “centrosema pubescens” and characteristics: ingredient part — Leaf; processing method — Drying, Grinding.",composed_from_approved_semantic_facets,approved,Pete Steward,2026-08-06,data/livestock-staging/approved_feed_material_facets.csv;data/livestock-staging/approved_generated_feed_material_facets.csv,Definition states only governed source identity and approved semantic assertions; no biological or nutritional claim is inferred.
AOM_006062,en,A feed material with governed source identity “centrosema pubescens” and characteristics: processing method — Drying.,composed_from_approved_semantic_facets,approved,Pete Steward,2026-08-06,data/livestock-staging/approved_feed_material_facets.csv;data/livestock-staging/approved_generated_feed_material_facets.csv,Definition states only governed source identity and approved semantic assertions; no biological or nutritional claim is inferred.
AOM_006063,en,A feed material with governed source identity “ceratonia siliqua” and characteristics: processing method — Grinding.,composed_from_approved_semantic_facets,approved,Pete Steward,2026-08-06,data/livestock-staging/approved_feed_material_facets.csv;data/livestock-staging/approved_generated_feed_material_facets.csv,Definition states only governed source identity and approved semantic assertions; no biological or nutritional claim is inferred.
AOM_006064,en,A feed material with governed source identity “cereal spent” and characteristics: ingredient part — Grain; processing method — Grinding.,composed_from_approved_semantic_facets,approved,Pete Steward,2026-08-06,data/livestock-staging/approved_feed_material_facets.csv;data/livestock-staging/approved_generated_feed_material_facets.csv,Definition states only governed source identity and approved semantic assertions; no biological or nutritional claim is inferred.
AOM_006065,en,"A feed material with governed source identity “chloris gayana” and characteristics: processing method — Crushing, Drying.",composed_from_approved_semantic_facets,approved,Pete Steward,2026-08-06,data/livestock-staging/approved_feed_material_facets.csv;data/livestock-staging/approved_generated_feed_material_facets.csv,Definition states only governed source identity and approved semantic assertions; no biological or nutritional claim is inferred.
AOM_006066,en,"A feed material with governed source identity “citrus aurantifolia” and characteristics: processing method — Drying, Grinding.",composed_from_approved_semantic_facets,approved,Pete Steward,2026-08-06,data/livestock-staging/approved_feed_material_facets.csv;data/livestock-staging/approved_generated_feed_material_facets.csv,Definition states only governed source identity and approved semantic assertions; no biological or nutritional claim is inferred.
AOM_006067,en,"A feed material with governed source identity “cocoa” and characteristics: ingredient part — Husk, Pod; processing method — Drying, Ensiling, Urea treatment.",composed_from_approved_semantic_facets,approved,Pete Steward,2026-08-06,data/livestock-staging/approved_feed_material_facets.csv;data/livestock-staging/approved_generated_feed_material_facets.csv,Definition states only governed source identity and approved semantic assertions; no biological or nutritional claim is inferred.
AOM_006068,en,A feed material with governed source identity “coffee” and characteristics: ingredient part — Leaf; processing method — Drying.,composed_from_approved_semantic_facets,approved,Pete Steward,2026-08-06,data/livestock-staging/approved_feed_material_facets.csv;data/livestock-staging/approved_generated_feed_material_facets.csv,Definition states only governed source identity and approved semantic assertions; no biological or nutritional claim is inferred.
AOM_006069,en,A feed material with governed source identity “commelina benghalensis” and characteristics: processing method — Drying.,composed_from_approved_semantic_facets,approved,Pete Steward,2026-08-06,data/livestock-staging/approved_feed_material_facets.csv;data/livestock-staging/approved_generated_feed_material_facets.csv,Definition states only governed source identity and approved semantic assertions; no biological or nutritional claim is inferred.
AOM_006070,en,A feed material with governed source identity “commelina imberbis” and characteristics: processing method — Drying.,composed_from_approved_semantic_facets,approved,Pete Steward,2026-08-06,data/livestock-staging/approved_feed_material_facets.csv;data/livestock-staging/approved_generated_feed_material_facets.csv,Definition states only governed source identity and approved semantic assertions; no biological or nutritional claim is inferred.
AOM_006071,en,A feed material with governed source identity “maize” and characteristics: ingredient part — Cob; processing method — Grinding.,composed_from_approved_semantic_facets,approved,Pete Steward,2026-08-06,data/livestock-staging/approved_feed_material_facets.csv;data/livestock-staging/approved_generated_feed_material_facets.csv,Definition states only governed source identity and approved semantic assertions; no biological or nutritional claim is inferred.
AOM_006073,en,A feed material with governed source identity “cotton” and characteristics: ingredient part — Seed.,composed_from_approved_semantic_facets,approved,Pete Steward,2026-08-06,data/livestock-staging/approved_feed_material_facets.csv;data/livestock-staging/approved_generated_feed_material_facets.csv,Definition states only governed source identity and approved semantic assertions; no biological or nutritional claim is inferred.
AOM_006074,en,A feed material with governed source identity “cynodon nlemfuensis” and characteristics: processing method — Drying.,composed_from_approved_semantic_facets,approved,Pete Steward,2026-08-06,data/livestock-staging/approved_feed_material_facets.csv;data/livestock-staging/approved_generated_feed_material_facets.csv,Definition states only governed source identity and approved semantic assertions; no biological or nutritional claim is inferred.
AOM_006075,en,A feed material with governed source identity “cynodon” and characteristics: processing method — Drying.,composed_from_approved_semantic_facets,approved,Pete Steward,2026-08-06,data/livestock-staging/approved_feed_material_facets.csv;data/livestock-staging/approved_generated_feed_material_facets.csv,Definition states only governed source identity and approved semantic assertions; no biological or nutritional claim is inferred.
AOM_006076,en,A feed material with governed source identity “maize” and characteristics: ingredient part — Stover; processing method — Ensiling.,composed_from_approved_semantic_facets,approved,Pete Steward,2026-08-06,data/livestock-staging/approved_feed_material_facets.csv;data/livestock-staging/approved_generated_feed_material_facets.csv,Definition states only governed source identity and approved semantic assertions; no biological or nutritional claim is inferred.
AOM_006077,en,"A feed material with governed source identity “daniellia oliveri” and characteristics: ingredient part — Leaf; processing method — Drying, Grinding.",composed_from_approved_semantic_facets,approved,Pete Steward,2026-08-06,data/livestock-staging/approved_feed_material_facets.csv;data/livestock-staging/approved_generated_feed_material_facets.csv,Definition states only governed source identity and approved semantic assertions; no biological or nutritional claim is inferred.
AOM_006078,en,A feed material with governed source identity “cowpea haulm” and characteristics: processing method — Crushing.,composed_from_approved_semantic_facets,approved,Pete Steward,2026-08-06,data/livestock-staging/approved_feed_material_facets.csv;data/livestock-staging/approved_generated_feed_material_facets.csv,Definition states only governed source identity and approved semantic assertions; no biological or nutritional claim is inferred.
AOM_006079,en,A feed material with governed source identity “cowpea” and characteristics: ingredient part — Husk; processing method — Crushing.,composed_from_approved_semantic_facets,approved,Pete Steward,2026-08-06,data/livestock-staging/approved_feed_material_facets.csv;data/livestock-staging/approved_generated_feed_material_facets.csv,Definition states only governed source identity and approved semantic assertions; no biological or nutritional claim is inferred.
AOM_006080,en,A feed material with governed source identity “date palm fronds” and characteristics: processing method — Grinding.,composed_from_approved_semantic_facets,approved,Pete Steward,2026-08-06,data/livestock-staging/approved_feed_material_facets.csv;data/livestock-staging/approved_generated_feed_material_facets.csv,Definition states only governed source identity and approved semantic assertions; no biological or nutritional claim is inferred.
AOM_006081,en,A feed material with governed source identity “delonix regia” and characteristics: ingredient part — Seed; processing method — Grinding.,composed_from_approved_semantic_facets,approved,Pete Steward,2026-08-06,data/livestock-staging/approved_feed_material_facets.csv;data/livestock-staging/approved_generated_feed_material_facets.csv,Definition states only governed source identity and approved semantic assertions; no biological or nutritional claim is inferred.
AOM_006082,en,"A feed material with governed source identity “delonix regia” and characteristics: ingredient part — Seed; processing method — Grinding, Roasting.",composed_from_approved_semantic_facets,approved,Pete Steward,2026-08-06,data/livestock-staging/approved_feed_material_facets.csv;data/livestock-staging/approved_generated_feed_material_facets.csv,Definition states only governed source identity and approved semantic assertions; no biological or nutritional claim is inferred.
AOM_006083,en,"A feed material with governed source identity “delonix regia” and characteristics: ingredient part — Seed; processing method — Drying, Grinding, Roasting.",composed_from_approved_semantic_facets,approved,Pete Steward,2026-08-06,data/livestock-staging/approved_feed_material_facets.csv;data/livestock-staging/approved_generated_feed_material_facets.csv,Definition states only governed source identity and approved semantic assertions; no biological or nutritional claim is inferred.
AOM_006085,en,A feed material with governed source identity “desmodium tortuosom” and characteristics: processing method — Drying.,composed_from_approved_semantic_facets,approved,Pete Steward,2026-08-06,data/livestock-staging/approved_feed_material_facets.csv;data/livestock-staging/approved_generated_feed_material_facets.csv,Definition states only governed source identity and approved semantic assertions; no biological or nutritional claim is inferred.
AOM_006087,en,A feed material with governed source identity “lablab purpureus” and characteristics: processing method — Ensiling.,composed_from_approved_semantic_facets,approved,Pete Steward,2026-08-06,data/livestock-staging/approved_feed_material_facets.csv;data/livestock-staging/approved_generated_feed_material_facets.csv,Definition states only governed source identity and approved semantic assertions; no biological or nutritional claim is inferred.
AOM_006088,en,A feed material with governed source identity “eclipta alba” and characteristics: ingredient part — Leaf; processing method — Drying.,composed_from_approved_semantic_facets,approved,Pete Steward,2026-08-06,data/livestock-staging/approved_feed_material_facets.csv;data/livestock-staging/approved_generated_feed_material_facets.csv,Definition states only governed source identity and approved semantic assertions; no biological or nutritional claim is inferred.
AOM_006089,en,A feed material with governed source identity “trifolium alexandrinum” and characteristics: processing method — Ensiling.,composed_from_approved_semantic_facets,approved,Pete Steward,2026-08-06,data/livestock-staging/approved_feed_material_facets.csv;data/livestock-staging/approved_generated_feed_material_facets.csv,Definition states only governed source identity and approved semantic assertions; no biological or nutritional claim is inferred.
AOM_006090,en,"A feed material with governed source identity “enterolobium cyclocarpum” and characteristics: processing method — Crushing, Wilting.",composed_from_approved_semantic_facets,approved,Pete Steward,2026-08-06,data/livestock-staging/approved_feed_material_facets.csv;data/livestock-staging/approved_generated_feed_material_facets.csv,Definition states only governed source identity and approved semantic assertions; no biological or nutritional claim is inferred.
AOM_006091,en,A feed material with governed source identity “eragotris tremula” and characteristics: processing method — Drying.,composed_from_approved_semantic_facets,approved,Pete Steward,2026-08-06,data/livestock-staging/approved_feed_material_facets.csv;data/livestock-staging/approved_generated_feed_material_facets.csv,Definition states only governed source identity and approved semantic assertions; no biological or nutritional claim is inferred.
AOM_006092,en,A feed material with governed source identity “digitaria smutsii” and characteristics: processing method — Drying.,composed_from_approved_semantic_facets,approved,Pete Steward,2026-08-06,data/livestock-staging/approved_feed_material_facets.csv;data/livestock-staging/approved_generated_feed_material_facets.csv,Definition states only governed source identity and approved semantic assertions; no biological or nutritional claim is inferred.
AOM_006093,en,A feed material with governed source identity “eragrostis curvula” and characteristics: processing method — Grinding.,composed_from_approved_semantic_facets,approved,Pete Steward,2026-08-06,data/livestock-staging/approved_feed_material_facets.csv;data/livestock-staging/approved_generated_feed_material_facets.csv,Definition states only governed source identity and approved semantic assertions; no biological or nutritional claim is inferred.
AOM_006095,en,A feed material with governed source identity “teff” and characteristics: processing method — Grinding.,composed_from_approved_semantic_facets,approved,Pete Steward,2026-08-06,data/livestock-staging/approved_feed_material_facets.csv;data/livestock-staging/approved_generated_feed_material_facets.csv,Definition states only governed source identity and approved semantic assertions; no biological or nutritional claim is inferred.
AOM_006096,en,A feed material with governed source identity “euphorbia heterophylla” and characteristics: processing method — Drying.,composed_from_approved_semantic_facets,approved,Pete Steward,2026-08-06,data/livestock-staging/approved_feed_material_facets.csv;data/livestock-staging/approved_generated_feed_material_facets.csv,Definition states only governed source identity and approved semantic assertions; no biological or nutritional claim is inferred.
AOM_006098,en,"A feed material with governed source identity “ficus exasperata” and characteristics: processing method — Drying, Grinding.",composed_from_approved_semantic_facets,approved,Pete Steward,2026-08-06,data/livestock-staging/approved_feed_material_facets.csv;data/livestock-staging/approved_generated_feed_material_facets.csv,Definition states only governed source identity and approved semantic assertions; no biological or nutritional claim is inferred.
AOM_006099,en,"A feed material with governed source identity “ficus sur fruits” and characteristics: processing method — Crushing, Drying.",composed_from_approved_semantic_facets,approved,Pete Steward,2026-08-06,data/livestock-staging/approved_feed_material_facets.csv;data/livestock-staging/approved_generated_feed_material_facets.csv,Definition states only governed source identity and approved semantic assertions; no biological or nutritional claim is inferred.
AOM_006100,en,A feed material with governed source identity “fish offal” and characteristics: processing method — Grinding.,composed_from_approved_semantic_facets,approved,Pete Steward,2026-08-06,data/livestock-staging/approved_feed_material_facets.csv;data/livestock-staging/approved_generated_feed_material_facets.csv,Definition states only governed source identity and approved semantic assertions; no biological or nutritional claim is inferred.
AOM_006101,en,A feed material with governed source identity “food waste” and characteristics: processing method — Drying.,composed_from_approved_semantic_facets,approved,Pete Steward,2026-08-06,data/livestock-staging/approved_feed_material_facets.csv;data/livestock-staging/approved_generated_feed_material_facets.csv,Definition states only governed source identity and approved semantic assertions; no biological or nutritional claim is inferred.
AOM_006103,en,"A feed material with governed source identity “andropogon gayanus” and characteristics: processing method — Ensiling, Wilting.",composed_from_approved_semantic_facets,approved,Pete Steward,2026-08-06,data/livestock-staging/approved_feed_material_facets.csv;data/livestock-staging/approved_generated_feed_material_facets.csv,Definition states only governed source identity and approved semantic assertions; no biological or nutritional claim is inferred.
AOM_006104,en,"A feed material with governed source identity “garcinia kola seeds” and characteristics: processing method — Drying, Grinding.",composed_from_approved_semantic_facets,approved,Pete Steward,2026-08-06,data/livestock-staging/approved_feed_material_facets.csv;data/livestock-staging/approved_generated_feed_material_facets.csv,Definition states only governed source identity and approved semantic assertions; no biological or nutritional claim is inferred.
AOM_006105,en,"A feed material with governed source identity “gmelina arborea” and characteristics: ingredient part — Leaf; processing method — Drying, Grinding.",composed_from_approved_semantic_facets,approved,Pete Steward,2026-08-06,data/livestock-staging/approved_feed_material_facets.csv;data/livestock-staging/approved_generated_feed_material_facets.csv,Definition states only governed source identity and approved semantic assertions; no biological or nutritional claim is inferred.
AOM_006106,en,A feed material with governed source identity “gmelina arborea” and characteristics: ingredient part — Leaf; processing method — Wilting.,composed_from_approved_semantic_facets,approved,Pete Steward,2026-08-06,data/livestock-staging/approved_feed_material_facets.csv;data/livestock-staging/approved_generated_feed_material_facets.csv,Definition states only governed source identity and approved semantic assertions; no biological or nutritional claim is inferred.
AOM_006107,en,A feed material with governed source identity “gmelina arborea” and characteristics: processing method — Drying.,composed_from_approved_semantic_facets,approved,Pete Steward,2026-08-06,data/livestock-staging/approved_feed_material_facets.csv;data/livestock-staging/approved_generated_feed_material_facets.csv,Definition states only governed source identity and approved semantic assertions; no biological or nutritional claim is inferred.
AOM_006108,en,A feed material with governed source identity “common bean” and characteristics: ingredient part — Vine; processing method — Drying.,composed_from_approved_semantic_facets,approved,Pete Steward,2026-08-06,data/livestock-staging/approved_feed_material_facets.csv;data/livestock-staging/approved_generated_feed_material_facets.csv,Definition states only governed source identity and approved semantic assertions; no biological or nutritional claim is inferred.
AOM_006109,en,A feed material with governed source identity “grewia spp” and characteristics: processing method — Drying.,composed_from_approved_semantic_facets,approved,Pete Steward,2026-08-06,data/livestock-staging/approved_feed_material_facets.csv;data/livestock-staging/approved_generated_feed_material_facets.csv,Definition states only governed source identity and approved semantic assertions; no biological or nutritional claim is inferred.
AOM_006110,en,A feed material with governed source identity “groundnut haulm” and characteristics: processing method — Crushing.,composed_from_approved_semantic_facets,approved,Pete Steward,2026-08-06,data/livestock-staging/approved_feed_material_facets.csv;data/livestock-staging/approved_generated_feed_material_facets.csv,Definition states only governed source identity and approved semantic assertions; no biological or nutritional claim is inferred.
AOM_006111,en,A feed material with governed source identity “groundnut haulm” and characteristics: processing method — Drying.,composed_from_approved_semantic_facets,approved,Pete Steward,2026-08-06,data/livestock-staging/approved_feed_material_facets.csv;data/livestock-staging/approved_generated_feed_material_facets.csv,Definition states only governed source identity and approved semantic assertions; no biological or nutritional claim is inferred.
AOM_006112,en,A feed material with governed source identity “groundnut haulm” and characteristics: processing method — Ensiling.,composed_from_approved_semantic_facets,approved,Pete Steward,2026-08-06,data/livestock-staging/approved_feed_material_facets.csv;data/livestock-staging/approved_generated_feed_material_facets.csv,Definition states only governed source identity and approved semantic assertions; no biological or nutritional claim is inferred.
AOM_006113,en,"A feed material with governed source identity “groundnut hull” and characteristics: processing method — Crushing, Drying.",composed_from_approved_semantic_facets,approved,Pete Steward,2026-08-06,data/livestock-staging/approved_feed_material_facets.csv;data/livestock-staging/approved_generated_feed_material_facets.csv,Definition states only governed source identity and approved semantic assertions; no biological or nutritional claim is inferred.
AOM_006115,en,A feed material with governed source identity “megathyrsus maximus” and characteristics: processing method — Wilting.,composed_from_approved_semantic_facets,approved,Pete Steward,2026-08-06,data/livestock-staging/approved_feed_material_facets.csv;data/livestock-staging/approved_generated_feed_material_facets.csv,Definition states only governed source identity and approved semantic assertions; no biological or nutritional claim is inferred.
AOM_006116,en,A feed material with governed source identity “hermosa sidoides” and characteristics: processing method — Drying.,composed_from_approved_semantic_facets,approved,Pete Steward,2026-08-06,data/livestock-staging/approved_feed_material_facets.csv;data/livestock-staging/approved_generated_feed_material_facets.csv,Definition states only governed source identity and approved semantic assertions; no biological or nutritional claim is inferred.
AOM_006117,en,A feed material with governed source identity “heteropogon contortus” and characteristics: processing method — Grinding.,composed_from_approved_semantic_facets,approved,Pete Steward,2026-08-06,data/livestock-staging/approved_feed_material_facets.csv;data/livestock-staging/approved_generated_feed_material_facets.csv,Definition states only governed source identity and approved semantic assertions; no biological or nutritional claim is inferred.
AOM_006118,en,A feed material with governed source identity “hevea brasiliensis” and characteristics: ingredient part — Seed.,composed_from_approved_semantic_facets,approved,Pete Steward,2026-08-06,data/livestock-staging/approved_feed_material_facets.csv;data/livestock-staging/approved_generated_feed_material_facets.csv,Definition states only governed source identity and approved semantic assertions; no biological or nutritional claim is inferred.
AOM_006120,en,A feed material with governed source identity “indigofera atriceps” and characteristics: processing method — Drying.,composed_from_approved_semantic_facets,approved,Pete Steward,2026-08-06,data/livestock-staging/approved_feed_material_facets.csv;data/livestock-staging/approved_generated_feed_material_facets.csv,Definition states only governed source identity and approved semantic assertions; no biological or nutritional claim is inferred.
AOM_006121,en,"A feed material with governed source identity “jatropha curcas” and characteristics: ingredient part — Leaf; processing method — Drying, Grinding.",composed_from_approved_semantic_facets,approved,Pete Steward,2026-08-06,data/livestock-staging/approved_feed_material_facets.csv;data/livestock-staging/approved_generated_feed_material_facets.csv,Definition states only governed source identity and approved semantic assertions; no biological or nutritional claim is inferred.
AOM_006122,en,"A feed material with governed source identity “lantana camara” and characteristics: ingredient part — Leaf; processing method — Drying, Grinding.",composed_from_approved_semantic_facets,approved,Pete Steward,2026-08-06,data/livestock-staging/approved_feed_material_facets.csv;data/livestock-staging/approved_generated_feed_material_facets.csv,Definition states only governed source identity and approved semantic assertions; no biological or nutritional claim is inferred.
AOM_006124,en,A feed material with governed source identity “calcium carbonate” and characteristics: processing method — Grinding.,composed_from_approved_semantic_facets,approved,Pete Steward,2026-08-06,data/livestock-staging/approved_feed_material_facets.csv;data/livestock-staging/approved_generated_feed_material_facets.csv,Definition states only governed source identity and approved semantic assertions; no biological or nutritional claim is inferred.
AOM_006126,en,A feed material with governed source identity “maize” and characteristics: ingredient part — Bran; processing method — Drying.,composed_from_approved_semantic_facets,approved,Pete Steward,2026-08-06,data/livestock-staging/approved_feed_material_facets.csv;data/livestock-staging/approved_generated_feed_material_facets.csv,Definition states only governed source identity and approved semantic assertions; no biological or nutritional claim is inferred.
AOM_006127,en,A feed material with governed source identity “maize offal” and characteristics: processing method — Drying.,composed_from_approved_semantic_facets,approved,Pete Steward,2026-08-06,data/livestock-staging/approved_feed_material_facets.csv;data/livestock-staging/approved_generated_feed_material_facets.csv,Definition states only governed source identity and approved semantic assertions; no biological or nutritional claim is inferred.
AOM_006128,en,A feed material with governed source identity “maize offal” and characteristics: processing method — Grinding.,composed_from_approved_semantic_facets,approved,Pete Steward,2026-08-06,data/livestock-staging/approved_feed_material_facets.csv;data/livestock-staging/approved_generated_feed_material_facets.csv,Definition states only governed source identity and approved semantic assertions; no biological or nutritional claim is inferred.
AOM_006129,en,"A feed material with governed source identity “maize offal” and characteristics: processing method — Drying, Grinding.",composed_from_approved_semantic_facets,approved,Pete Steward,2026-08-06,data/livestock-staging/approved_feed_material_facets.csv;data/livestock-staging/approved_generated_feed_material_facets.csv,Definition states only governed source identity and approved semantic assertions; no biological or nutritional claim is inferred.
AOM_006130,en,"A feed material with governed source identity “melon” and characteristics: ingredient part — Husk, Seed; processing method — Grinding.",composed_from_approved_semantic_facets,approved,Pete Steward,2026-08-06,data/livestock-staging/approved_feed_material_facets.csv;data/livestock-staging/approved_generated_feed_material_facets.csv,Definition states only governed source identity and approved semantic assertions; no biological or nutritional claim is inferred.
AOM_006133,en,"A feed material with governed source identity “millet” and characteristics: ingredient part — Straw; processing method — Ensiling, Urea treatment.",composed_from_approved_semantic_facets,approved,Pete Steward,2026-08-06,data/livestock-staging/approved_feed_material_facets.csv;data/livestock-staging/approved_generated_feed_material_facets.csv,Definition states only governed source identity and approved semantic assertions; no biological or nutritional claim is inferred.
AOM_006135,en,A feed material with governed source identity “millettia ferruginea” and characteristics: processing method — Wilting.,composed_from_approved_semantic_facets,approved,Pete Steward,2026-08-06,data/livestock-staging/approved_feed_material_facets.csv;data/livestock-staging/approved_generated_feed_material_facets.csv,Definition states only governed source identity and approved semantic assertions; no biological or nutritional claim is inferred.
AOM_006136,en,"A feed material with governed source identity “moringa oleifera” and characteristics: ingredient part — Seed; processing method — Drying, Grinding.",composed_from_approved_semantic_facets,approved,Pete Steward,2026-08-06,data/livestock-staging/approved_feed_material_facets.csv;data/livestock-staging/approved_generated_feed_material_facets.csv,Definition states only governed source identity and approved semantic assertions; no biological or nutritional claim is inferred.
AOM_006137,en,A feed material with governed source identity “moringa stenopetala” and characteristics: ingredient part — Leaf; processing method — Drying.,composed_from_approved_semantic_facets,approved,Pete Steward,2026-08-06,data/livestock-staging/approved_feed_material_facets.csv;data/livestock-staging/approved_generated_feed_material_facets.csv,Definition states only governed source identity and approved semantic assertions; no biological or nutritional claim is inferred.
AOM_006138,en,"A feed material with governed source identity “morus alba” and characteristics: ingredient part — Leaf; processing method — Crushing, Drying.",composed_from_approved_semantic_facets,approved,Pete Steward,2026-08-06,data/livestock-staging/approved_feed_material_facets.csv;data/livestock-staging/approved_generated_feed_material_facets.csv,Definition states only governed source identity and approved semantic assertions; no biological or nutritional claim is inferred.
AOM_006139,en,"A feed material with governed source identity “morus indica” and characteristics: ingredient part — Leaf; processing method — Crushing, Drying.",composed_from_approved_semantic_facets,approved,Pete Steward,2026-08-06,data/livestock-staging/approved_feed_material_facets.csv;data/livestock-staging/approved_generated_feed_material_facets.csv,Definition states only governed source identity and approved semantic assertions; no biological or nutritional claim is inferred.
AOM_006140,en,"A feed material with governed source identity “myrtus communis” and characteristics: ingredient part — Leaf; processing method — Drying, Grinding.",composed_from_approved_semantic_facets,approved,Pete Steward,2026-08-06,data/livestock-staging/approved_feed_material_facets.csv;data/livestock-staging/approved_generated_feed_material_facets.csv,Definition states only governed source identity and approved semantic assertions; no biological or nutritional claim is inferred.
AOM_006141,en,A feed material with governed source identity “pennisetum purpureum” and characteristics: processing method — Wilting.,composed_from_approved_semantic_facets,approved,Pete Steward,2026-08-06,data/livestock-staging/approved_feed_material_facets.csv;data/livestock-staging/approved_generated_feed_material_facets.csv,Definition states only governed source identity and approved semantic assertions; no biological or nutritional claim is inferred.
AOM_006142,en,A feed material with governed source identity “oat” and characteristics: ingredient part — Straw; processing method — Drying.,composed_from_approved_semantic_facets,approved,Pete Steward,2026-08-06,data/livestock-staging/approved_feed_material_facets.csv;data/livestock-staging/approved_generated_feed_material_facets.csv,Definition states only governed source identity and approved semantic assertions; no biological or nutritional claim is inferred.
AOM_006143,en,A feed material with governed source identity “oat” and characteristics: processing method — Drying.,composed_from_approved_semantic_facets,approved,Pete Steward,2026-08-06,data/livestock-staging/approved_feed_material_facets.csv;data/livestock-staging/approved_generated_feed_material_facets.csv,Definition states only governed source identity and approved semantic assertions; no biological or nutritional claim is inferred.
AOM_006144,en,"A feed material with governed source identity “occicum gatissimum” and characteristics: processing method — Drying, Grinding.",composed_from_approved_semantic_facets,approved,Pete Steward,2026-08-06,data/livestock-staging/approved_feed_material_facets.csv;data/livestock-staging/approved_generated_feed_material_facets.csv,Definition states only governed source identity and approved semantic assertions; no biological or nutritional claim is inferred.
AOM_006145,en,A feed material with governed source identity “olive” and characteristics: processing method — Drying.,composed_from_approved_semantic_facets,approved,Pete Steward,2026-08-06,data/livestock-staging/approved_feed_material_facets.csv;data/livestock-staging/approved_generated_feed_material_facets.csv,Definition states only governed source identity and approved semantic assertions; no biological or nutritional claim is inferred.
AOM_006146,en,A feed material with governed source identity “olive” and characteristics: processing method — Ensiling.,composed_from_approved_semantic_facets,approved,Pete Steward,2026-08-06,data/livestock-staging/approved_feed_material_facets.csv;data/livestock-staging/approved_generated_feed_material_facets.csv,Definition states only governed source identity and approved semantic assertions; no biological or nutritional claim is inferred.
AOM_006147,en,"A feed material with governed source identity “opuntia ficus indica fruits” and characteristics: processing method — Drying, Grinding.",composed_from_approved_semantic_facets,approved,Pete Steward,2026-08-06,data/livestock-staging/approved_feed_material_facets.csv;data/livestock-staging/approved_generated_feed_material_facets.csv,Definition states only governed source identity and approved semantic assertions; no biological or nutritional claim is inferred.
AOM_006148,en,A feed material with governed source identity “orange peels” and characteristics: processing method — Fermentation.,composed_from_approved_semantic_facets,approved,Pete Steward,2026-08-06,data/livestock-staging/approved_feed_material_facets.csv;data/livestock-staging/approved_generated_feed_material_facets.csv,Definition states only governed source identity and approved semantic assertions; no biological or nutritional claim is inferred.
AOM_006149,en,A feed material with governed source identity “oxytenanthera abyssinica” and characteristics: ingredient part — Leaf; processing method — Drying.,composed_from_approved_semantic_facets,approved,Pete Steward,2026-08-06,data/livestock-staging/approved_feed_material_facets.csv;data/livestock-staging/approved_generated_feed_material_facets.csv,Definition states only governed source identity and approved semantic assertions; no biological or nutritional claim is inferred.
AOM_006151,en,"A feed material with governed source identity “palm” and characteristics: ingredient part — Kernel; processing method — Drying, Grinding.",composed_from_approved_semantic_facets,approved,Pete Steward,2026-08-06,data/livestock-staging/approved_feed_material_facets.csv;data/livestock-staging/approved_generated_feed_material_facets.csv,Definition states only governed source identity and approved semantic assertions; no biological or nutritional claim is inferred.
AOM_006154,en,A feed material with governed source identity “prime gluten 60” and characteristics: processing method — Grinding.,composed_from_approved_semantic_facets,approved,Pete Steward,2026-08-06,data/livestock-staging/approved_feed_material_facets.csv;data/livestock-staging/approved_generated_feed_material_facets.csv,Definition states only governed source identity and approved semantic assertions; no biological or nutritional claim is inferred.
AOM_006156,en,A feed material with governed source identity “rice” and characteristics: ingredient part — Grain; processing method — Grinding.,composed_from_approved_semantic_facets,approved,Pete Steward,2026-08-06,data/livestock-staging/approved_feed_material_facets.csv;data/livestock-staging/approved_generated_feed_material_facets.csv,Definition states only governed source identity and approved semantic assertions; no biological or nutritional claim is inferred.
AOM_006158,en,"A feed material with governed source identity “black cumin” and characteristics: ingredient part — Seed; processing method — Crushing, Drying.",composed_from_approved_semantic_facets,approved,Pete Steward,2026-08-06,data/livestock-staging/approved_feed_material_facets.csv;data/livestock-staging/approved_generated_feed_material_facets.csv,Definition states only governed source identity and approved semantic assertions; no biological or nutritional claim is inferred.
AOM_006159,en,A feed material with governed source identity “brachiaria hybrid” and characteristics: processing method — Drying.,composed_from_approved_semantic_facets,approved,Pete Steward,2026-08-06,data/livestock-staging/approved_feed_material_facets.csv;data/livestock-staging/approved_generated_feed_material_facets.csv,Definition states only governed source identity and approved semantic assertions; no biological or nutritional claim is inferred.
AOM_006161,en,"A feed material with governed source identity “brewers by product” and characteristics: processing method — Drying, Grinding.",composed_from_approved_semantic_facets,approved,Pete Steward,2026-08-06,data/livestock-staging/approved_feed_material_facets.csv;data/livestock-staging/approved_generated_feed_material_facets.csv,Definition states only governed source identity and approved semantic assertions; no biological or nutritional claim is inferred.
AOM_006162,en,"A feed material with governed source identity “cassava sieviate” and characteristics: processing method — Drying, Fermentation, Grinding.",composed_from_approved_semantic_facets,approved,Pete Steward,2026-08-06,data/livestock-staging/approved_feed_material_facets.csv;data/livestock-staging/approved_generated_feed_material_facets.csv,Definition states only governed source identity and approved semantic assertions; no biological or nutritional claim is inferred.
AOM_006163,en,"A feed material with governed source identity “cassava starch residue” and characteristics: processing method — Drying, Fermentation, Grinding.",composed_from_approved_semantic_facets,approved,Pete Steward,2026-08-06,data/livestock-staging/approved_feed_material_facets.csv;data/livestock-staging/approved_generated_feed_material_facets.csv,Definition states only governed source identity and approved semantic assertions; no biological or nutritional claim is inferred.
AOM_006164,en,A feed material with governed source identity “maize” and characteristics: ingredient part — Grain; processing method — Crushing.,composed_from_approved_semantic_facets,approved,Pete Steward,2026-08-06,data/livestock-staging/approved_feed_material_facets.csv;data/livestock-staging/approved_generated_feed_material_facets.csv,Definition states only governed source identity and approved semantic assertions; no biological or nutritional claim is inferred.
AOM_006165,en,"A feed material with governed source identity “maize” and characteristics: ingredient part — Straw; processing method — Ensiling, Urea treatment, Wilting.",composed_from_approved_semantic_facets,approved,Pete Steward,2026-08-06,data/livestock-staging/approved_feed_material_facets.csv;data/livestock-staging/approved_generated_feed_material_facets.csv,Definition states only governed source identity and approved semantic assertions; no biological or nutritional claim is inferred.
AOM_006166,en,A feed material with governed source identity “cotton” and characteristics: ingredient part — Seed; processing method — Drying.,composed_from_approved_semantic_facets,approved,Pete Steward,2026-08-06,data/livestock-staging/approved_feed_material_facets.csv;data/livestock-staging/approved_generated_feed_material_facets.csv,Definition states only governed source identity and approved semantic assertions; no biological or nutritional claim is inferred.
AOM_006167,en,A feed material with governed source identity “fish processing waste” and characteristics: processing method — Grinding.,composed_from_approved_semantic_facets,approved,Pete Steward,2026-08-06,data/livestock-staging/approved_feed_material_facets.csv;data/livestock-staging/approved_generated_feed_material_facets.csv,Definition states only governed source identity and approved semantic assertions; no biological or nutritional claim is inferred.
AOM_006170,en,A feed material with governed source identity “noug” and characteristics: processing method — Drying.,composed_from_approved_semantic_facets,approved,Pete Steward,2026-08-06,data/livestock-staging/approved_feed_material_facets.csv;data/livestock-staging/approved_generated_feed_material_facets.csv,Definition states only governed source identity and approved semantic assertions; no biological or nutritional claim is inferred.
AOM_006171,en,"A feed material with governed source identity “jackfruit” and characteristics: ingredient part — Seed; processing method — Drying, Grinding.",composed_from_approved_semantic_facets,approved,Pete Steward,2026-08-06,data/livestock-staging/approved_feed_material_facets.csv;data/livestock-staging/approved_generated_feed_material_facets.csv,Definition states only governed source identity and approved semantic assertions; no biological or nutritional claim is inferred.
AOM_006172,en,"A feed material with governed source identity “jackfruit” and characteristics: ingredient part — Seed; processing method — Drying, Fermentation, Grinding.",composed_from_approved_semantic_facets,approved,Pete Steward,2026-08-06,data/livestock-staging/approved_feed_material_facets.csv;data/livestock-staging/approved_generated_feed_material_facets.csv,Definition states only governed source identity and approved semantic assertions; no biological or nutritional claim is inferred.
AOM_006173,en,A feed material with governed source identity “hibiscus” and characteristics: ingredient part — Seed; processing method — Grinding.,composed_from_approved_semantic_facets,approved,Pete Steward,2026-08-06,data/livestock-staging/approved_feed_material_facets.csv;data/livestock-staging/approved_generated_feed_material_facets.csv,Definition states only governed source identity and approved semantic assertions; no biological or nutritional claim is inferred.
AOM_006174,en,"A feed material with governed source identity “lablab purpureus” and characteristics: processing method — Drying, Grinding.",composed_from_approved_semantic_facets,approved,Pete Steward,2026-08-06,data/livestock-staging/approved_feed_material_facets.csv;data/livestock-staging/approved_generated_feed_material_facets.csv,Definition states only governed source identity and approved semantic assertions; no biological or nutritional claim is inferred.
AOM_006175,en,"A feed material with governed source identity “maize” and characteristics: ingredient part — Straw; processing method — Ensiling, Fermentation.",composed_from_approved_semantic_facets,approved,Pete Steward,2026-08-06,data/livestock-staging/approved_feed_material_facets.csv;data/livestock-staging/approved_generated_feed_material_facets.csv,Definition states only governed source identity and approved semantic assertions; no biological or nutritional claim is inferred.
AOM_006176,en,"A feed material with governed source identity “mango” and characteristics: ingredient part — Seed; processing method — Crushing, Drying.",composed_from_approved_semantic_facets,approved,Pete Steward,2026-08-06,data/livestock-staging/approved_feed_material_facets.csv;data/livestock-staging/approved_generated_feed_material_facets.csv,Definition states only governed source identity and approved semantic assertions; no biological or nutritional claim is inferred.
AOM_006177,en,A feed material with governed source identity “ziziphus jujube” and characteristics: ingredient part — Leaf; processing method — Drying.,composed_from_approved_semantic_facets,approved,Pete Steward,2026-08-06,data/livestock-staging/approved_feed_material_facets.csv;data/livestock-staging/approved_generated_feed_material_facets.csv,Definition states only governed source identity and approved semantic assertions; no biological or nutritional claim is inferred.
AOM_006178,en,A feed material with governed source identity “citrus” and characteristics: feed product type — Processing pulp; processing method — Ensiling.,composed_from_approved_semantic_facets,approved,Pete Steward,2026-08-06,data/livestock-staging/approved_feed_material_facets.csv;data/livestock-staging/approved_generated_feed_material_facets.csv,Definition states only governed source identity and approved semantic assertions; no biological or nutritional claim is inferred.
AOM_006179,en,A feed material with governed source identity “wood ash” and characteristics: processing method — Grinding.,composed_from_approved_semantic_facets,approved,Pete Steward,2026-08-06,data/livestock-staging/approved_feed_material_facets.csv;data/livestock-staging/approved_generated_feed_material_facets.csv,Definition states only governed source identity and approved semantic assertions; no biological or nutritional claim is inferred.
AOM_006181,en,A feed material with governed source identity “wheat” and characteristics: ingredient part — Straw; processing method — Ensiling.,composed_from_approved_semantic_facets,approved,Pete Steward,2026-08-06,data/livestock-staging/approved_feed_material_facets.csv;data/livestock-staging/approved_generated_feed_material_facets.csv,Definition states only governed source identity and approved semantic assertions; no biological or nutritional claim is inferred.
AOM_006182,en,A feed material with governed source identity “watermelon” and characteristics: ingredient part — Vine; processing method — Drying.,composed_from_approved_semantic_facets,approved,Pete Steward,2026-08-06,data/livestock-staging/approved_feed_material_facets.csv;data/livestock-staging/approved_generated_feed_material_facets.csv,Definition states only governed source identity and approved semantic assertions; no biological or nutritional claim is inferred.
AOM_006183,en,"A feed material with governed source identity “watermelon” and characteristics: ingredient part — Vine; processing method — Drying, Fermentation.",composed_from_approved_semantic_facets,approved,Pete Steward,2026-08-06,data/livestock-staging/approved_feed_material_facets.csv;data/livestock-staging/approved_generated_feed_material_facets.csv,Definition states only governed source identity and approved semantic assertions; no biological or nutritional claim is inferred.
AOM_006184,en,"A feed material with governed source identity “vitex doniana” and characteristics: processing method — Grinding, Wilting.",composed_from_approved_semantic_facets,approved,Pete Steward,2026-08-06,data/livestock-staging/approved_feed_material_facets.csv;data/livestock-staging/approved_generated_feed_material_facets.csv,Definition states only governed source identity and approved semantic assertions; no biological or nutritional claim is inferred.
AOM_006185,en,"A feed material with governed source identity “vitex doniana” and characteristics: ingredient part — Leaf; processing method — Drying, Grinding.",composed_from_approved_semantic_facets,approved,Pete Steward,2026-08-06,data/livestock-staging/approved_feed_material_facets.csv;data/livestock-staging/approved_generated_feed_material_facets.csv,Definition states only governed source identity and approved semantic assertions; no biological or nutritional claim is inferred.
AOM_006186,en,"A feed material with governed source identity “viscum album” and characteristics: processing method — Drying, Grinding.",composed_from_approved_semantic_facets,approved,Pete Steward,2026-08-06,data/livestock-staging/approved_feed_material_facets.csv;data/livestock-staging/approved_generated_feed_material_facets.csv,Definition states only governed source identity and approved semantic assertions; no biological or nutritional claim is inferred.
AOM_006187,en,A feed material with governed source identity “rice” and characteristics: ingredient part — Husk; processing method — Ensiling.,composed_from_approved_semantic_facets,approved,Pete Steward,2026-08-06,data/livestock-staging/approved_feed_material_facets.csv;data/livestock-staging/approved_generated_feed_material_facets.csv,Definition states only governed source identity and approved semantic assertions; no biological or nutritional claim is inferred.
AOM_006188,en,A feed material with governed source identity “rice” and characteristics: ingredient part — Husk; processing method — Fermentation.,composed_from_approved_semantic_facets,approved,Pete Steward,2026-08-06,data/livestock-staging/approved_feed_material_facets.csv;data/livestock-staging/approved_generated_feed_material_facets.csv,Definition states only governed source identity and approved semantic assertions; no biological or nutritional claim is inferred.
AOM_006190,en,A feed material with governed source identity “rice” and characteristics: ingredient part — Straw; processing method — Grinding.,composed_from_approved_semantic_facets,approved,Pete Steward,2026-08-06,data/livestock-staging/approved_feed_material_facets.csv;data/livestock-staging/approved_generated_feed_material_facets.csv,Definition states only governed source identity and approved semantic assertions; no biological or nutritional claim is inferred.
AOM_006191,en,A feed material with governed source identity “rice” and characteristics: ingredient part — Straw; processing method — Drying.,composed_from_approved_semantic_facets,approved,Pete Steward,2026-08-06,data/livestock-staging/approved_feed_material_facets.csv;data/livestock-staging/approved_generated_feed_material_facets.csv,Definition states only governed source identity and approved semantic assertions; no biological or nutritional claim is inferred.
AOM_006192,en,"A feed material with governed source identity “rice” and characteristics: ingredient part — Straw; processing method — Drying, Ensiling, Urea treatment.",composed_from_approved_semantic_facets,approved,Pete Steward,2026-08-06,data/livestock-staging/approved_feed_material_facets.csv;data/livestock-staging/approved_generated_feed_material_facets.csv,Definition states only governed source identity and approved semantic assertions; no biological or nutritional claim is inferred.
AOM_006194,en,A feed material with governed source identity “shell” and characteristics: processing method — Grinding.,composed_from_approved_semantic_facets,approved,Pete Steward,2026-08-06,data/livestock-staging/approved_feed_material_facets.csv;data/livestock-staging/approved_generated_feed_material_facets.csv,Definition states only governed source identity and approved semantic assertions; no biological or nutritional claim is inferred.
AOM_006196,en,A feed material with governed source identity “adansonia digitata” and characteristics: ingredient part — Seed; processing method — Grinding.,composed_from_approved_semantic_facets,approved,Pete Steward,2026-08-06,data/livestock-staging/approved_feed_material_facets.csv;data/livestock-staging/approved_generated_feed_material_facets.csv,Definition states only governed source identity and approved semantic assertions; no biological or nutritional claim is inferred.
AOM_006198,en,"A feed material with governed source identity “cochlospermum planchonii rhizomes” and characteristics: processing method — Drying, Grinding.",composed_from_approved_semantic_facets,approved,Pete Steward,2026-08-06,data/livestock-staging/approved_feed_material_facets.csv;data/livestock-staging/approved_generated_feed_material_facets.csv,Definition states only governed source identity and approved semantic assertions; no biological or nutritional claim is inferred.
AOM_006201,en,"A feed material with governed source identity “khat leftover” and characteristics: processing method — Crushing, Drying.",composed_from_approved_semantic_facets,approved,Pete Steward,2026-08-06,data/livestock-staging/approved_feed_material_facets.csv;data/livestock-staging/approved_generated_feed_material_facets.csv,Definition states only governed source identity and approved semantic assertions; no biological or nutritional claim is inferred.
AOM_006203,en,A feed material with governed source identity “opuntia ficus indica” and characteristics: ingredient part — Peel.,composed_from_approved_semantic_facets,approved,Pete Steward,2026-08-06,data/livestock-staging/approved_feed_material_facets.csv;data/livestock-staging/approved_generated_feed_material_facets.csv,Definition states only governed source identity and approved semantic assertions; no biological or nutritional claim is inferred.
AOM_006204,en,A feed material with governed source identity “moringa oleifera” and characteristics: processing method — Grinding.,composed_from_approved_semantic_facets,approved,Pete Steward,2026-08-06,data/livestock-staging/approved_feed_material_facets.csv;data/livestock-staging/approved_generated_feed_material_facets.csv,Definition states only governed source identity and approved semantic assertions; no biological or nutritional claim is inferred.
AOM_006205,en,A feed material with governed source identity “opuntia ficus indica cladode” and characteristics: processing method — Crushing.,composed_from_approved_semantic_facets,approved,Pete Steward,2026-08-06,data/livestock-staging/approved_feed_material_facets.csv;data/livestock-staging/approved_generated_feed_material_facets.csv,Definition states only governed source identity and approved semantic assertions; no biological or nutritional claim is inferred.
AOM_006206,en,"A feed material with governed source identity “wheat” and characteristics: ingredient part — Straw; processing method — Ensiling, Fermentation.",composed_from_approved_semantic_facets,approved,Pete Steward,2026-08-06,data/livestock-staging/approved_feed_material_facets.csv;data/livestock-staging/approved_generated_feed_material_facets.csv,Definition states only governed source identity and approved semantic assertions; no biological or nutritional claim is inferred.
AOM_006207,en,A feed material with governed source identity “vernonia amygdalina” and characteristics: processing method — Grinding.,composed_from_approved_semantic_facets,approved,Pete Steward,2026-08-06,data/livestock-staging/approved_feed_material_facets.csv;data/livestock-staging/approved_generated_feed_material_facets.csv,Definition states only governed source identity and approved semantic assertions; no biological or nutritional claim is inferred.
AOM_006208,en,"A feed material with governed source identity “vernonia amygdalina” and characteristics: processing method — Drying, Grinding.",composed_from_approved_semantic_facets,approved,Pete Steward,2026-08-06,data/livestock-staging/approved_feed_material_facets.csv;data/livestock-staging/approved_generated_feed_material_facets.csv,Definition states only governed source identity and approved semantic assertions; no biological or nutritional claim is inferred.
AOM_006209,en,A feed material with governed source identity “vernonia amygdalina” and characteristics: ingredient part — Leaf; processing method — Drying.,composed_from_approved_semantic_facets,approved,Pete Steward,2026-08-06,data/livestock-staging/approved_feed_material_facets.csv;data/livestock-staging/approved_generated_feed_material_facets.csv,Definition states only governed source identity and approved semantic assertions; no biological or nutritional claim is inferred.
AOM_006210,en,"A feed material with governed source identity “vernonia amygdalina” and characteristics: ingredient part — Leaf; processing method — Crushing, Drying.",composed_from_approved_semantic_facets,approved,Pete Steward,2026-08-06,data/livestock-staging/approved_feed_material_facets.csv;data/livestock-staging/approved_generated_feed_material_facets.csv,Definition states only governed source identity and approved semantic assertions; no biological or nutritional claim is inferred.
AOM_006211,en,A feed material with governed source identity “vernonia amygdalina” and characteristics: processing method — Wilting.,composed_from_approved_semantic_facets,approved,Pete Steward,2026-08-06,data/livestock-staging/approved_feed_material_facets.csv;data/livestock-staging/approved_generated_feed_material_facets.csv,Definition states only governed source identity and approved semantic assertions; no biological or nutritional claim is inferred.
AOM_006212,en,A feed material with governed source identity “vachellia polyacantha” and characteristics: ingredient part — Leaf; processing method — Grinding.,composed_from_approved_semantic_facets,approved,Pete Steward,2026-08-06,data/livestock-staging/approved_feed_material_facets.csv;data/livestock-staging/approved_generated_feed_material_facets.csv,Definition states only governed source identity and approved semantic assertions; no biological or nutritional claim is inferred.
AOM_006213,en,"A feed material with governed source identity “bamboo molasse treated” and characteristics: ingredient part — Leaf; processing method — Drying, Ensiling, Urea treatment.",composed_from_approved_semantic_facets,approved,Pete Steward,2026-08-06,data/livestock-staging/approved_feed_material_facets.csv;data/livestock-staging/approved_generated_feed_material_facets.csv,Definition states only governed source identity and approved semantic assertions; no biological or nutritional claim is inferred.
AOM_006214,en,"A feed material with governed source identity “cassava grated” and characteristics: ingredient part — Peel; processing method — Pressing, Urea treatment.",composed_from_approved_semantic_facets,approved,Pete Steward,2026-08-06,data/livestock-staging/approved_feed_material_facets.csv;data/livestock-staging/approved_generated_feed_material_facets.csv,Definition states only governed source identity and approved semantic assertions; no biological or nutritional claim is inferred.
AOM_006215,en,"A feed material with governed source identity “cassava” and characteristics: ingredient part — Peel; processing method — Enzyme treatment, Grinding.",composed_from_approved_semantic_facets,approved,Pete Steward,2026-08-06,data/livestock-staging/approved_feed_material_facets.csv;data/livestock-staging/approved_generated_feed_material_facets.csv,Definition states only governed source identity and approved semantic assertions; no biological or nutritional claim is inferred.
AOM_006216,en,A feed material with governed source identity “cassava” and characteristics: ingredient part — Peel; processing method — Urea treatment.,composed_from_approved_semantic_facets,approved,Pete Steward,2026-08-06,data/livestock-staging/approved_feed_material_facets.csv;data/livestock-staging/approved_generated_feed_material_facets.csv,Definition states only governed source identity and approved semantic assertions; no biological or nutritional claim is inferred.
AOM_006217,en,"A feed material with governed source identity “citrus” and characteristics: feed product type — Processing pulp; processing method — Alkali treatment, Drying, Fermentation.",composed_from_approved_semantic_facets,approved,Pete Steward,2026-08-06,data/livestock-staging/approved_feed_material_facets.csv;data/livestock-staging/approved_generated_feed_material_facets.csv,Definition states only governed source identity and approved semantic assertions; no biological or nutritional claim is inferred.
AOM_006218,en,"A feed material with governed source identity “maize” and characteristics: ingredient part — Cob; processing method — Enzyme treatment, Grinding.",composed_from_approved_semantic_facets,approved,Pete Steward,2026-08-06,data/livestock-staging/approved_feed_material_facets.csv;data/livestock-staging/approved_generated_feed_material_facets.csv,Definition states only governed source identity and approved semantic assertions; no biological or nutritional claim is inferred.
AOM_006219,en,"A feed material with governed source identity “delonix regia” and characteristics: ingredient part — Seed; processing method — Alkali treatment, Drying, Fermentation, Grinding.",composed_from_approved_semantic_facets,approved,Pete Steward,2026-08-06,data/livestock-staging/approved_feed_material_facets.csv;data/livestock-staging/approved_generated_feed_material_facets.csv,Definition states only governed source identity and approved semantic assertions; no biological or nutritional claim is inferred.
AOM_006220,en,A feed material with governed source identity “distillers” and characteristics: ingredient part — Grain; processing method — Drying.,composed_from_approved_semantic_facets,approved,Pete Steward,2026-08-06,data/livestock-staging/approved_feed_material_facets.csv;data/livestock-staging/approved_generated_feed_material_facets.csv,Definition states only governed source identity and approved semantic assertions; no biological or nutritional claim is inferred.
AOM_006221,en,A feed material with governed source identity “beet fodder” and characteristics: processing method — Ensiling.,composed_from_approved_semantic_facets,approved,Pete Steward,2026-08-06,data/livestock-staging/approved_feed_material_facets.csv;data/livestock-staging/approved_generated_feed_material_facets.csv,Definition states only governed source identity and approved semantic assertions; no biological or nutritional claim is inferred.
AOM_006223,en,A feed material with governed source identity “lablab purpureus haulm” and characteristics: processing method — Drying.,composed_from_approved_semantic_facets,approved,Pete Steward,2026-08-06,data/livestock-staging/approved_feed_material_facets.csv;data/livestock-staging/approved_generated_feed_material_facets.csv,Definition states only governed source identity and approved semantic assertions; no biological or nutritional claim is inferred.
AOM_006224,en,A feed material with governed source identity “lima bean vein” and characteristics: processing method — Drying.,composed_from_approved_semantic_facets,approved,Pete Steward,2026-08-06,data/livestock-staging/approved_feed_material_facets.csv;data/livestock-staging/approved_generated_feed_material_facets.csv,Definition states only governed source identity and approved semantic assertions; no biological or nutritional claim is inferred.
AOM_006226,en,"A feed material with governed source identity “maize” and characteristics: ingredient part — Bran; processing method — Alkali treatment, Grinding.",composed_from_approved_semantic_facets,approved,Pete Steward,2026-08-06,data/livestock-staging/approved_feed_material_facets.csv;data/livestock-staging/approved_generated_feed_material_facets.csv,Definition states only governed source identity and approved semantic assertions; no biological or nutritional claim is inferred.
AOM_006227,en,"A feed material with governed source identity “moringa oleifera extract” and characteristics: ingredient part — Leaf; processing method — Drying, Grinding.",composed_from_approved_semantic_facets,approved,Pete Steward,2026-08-06,data/livestock-staging/approved_feed_material_facets.csv;data/livestock-staging/approved_generated_feed_material_facets.csv,Definition states only governed source identity and approved semantic assertions; no biological or nutritional claim is inferred.
AOM_006229,en,"A feed material with governed source identity “mucuna pruriens” and characteristics: ingredient part — Seed; processing method — Alkali treatment, Boiling, Grinding.",composed_from_approved_semantic_facets,approved,Pete Steward,2026-08-06,data/livestock-staging/approved_feed_material_facets.csv;data/livestock-staging/approved_generated_feed_material_facets.csv,Definition states only governed source identity and approved semantic assertions; no biological or nutritional claim is inferred.
AOM_006230,en,"A feed material with governed source identity “mucuna pruriens” and characteristics: ingredient part — Seed; processing method — Alkali treatment, Boiling, Drying, Grinding.",composed_from_approved_semantic_facets,approved,Pete Steward,2026-08-06,data/livestock-staging/approved_feed_material_facets.csv;data/livestock-staging/approved_generated_feed_material_facets.csv,Definition states only governed source identity and approved semantic assertions; no biological or nutritional claim is inferred.
AOM_006231,en,"A feed material with governed source identity “mucuna pruriens” and characteristics: ingredient part — Seed; processing method — Boiling, Drying, Grinding.",composed_from_approved_semantic_facets,approved,Pete Steward,2026-08-06,data/livestock-staging/approved_feed_material_facets.csv;data/livestock-staging/approved_generated_feed_material_facets.csv,Definition states only governed source identity and approved semantic assertions; no biological or nutritional claim is inferred.
AOM_006232,en,"A feed material with governed source identity “mucuna pruriens protein isolate” and characteristics: processing method — Alkali treatment, Boiling, Grinding.",composed_from_approved_semantic_facets,approved,Pete Steward,2026-08-06,data/livestock-staging/approved_feed_material_facets.csv;data/livestock-staging/approved_generated_feed_material_facets.csv,Definition states only governed source identity and approved semantic assertions; no biological or nutritional claim is inferred.
AOM_006233,en,"A feed material with governed source identity “mucuna pruriens protein isolate” and characteristics: processing method — Alkali treatment, Drying, Grinding.",composed_from_approved_semantic_facets,approved,Pete Steward,2026-08-06,data/livestock-staging/approved_feed_material_facets.csv;data/livestock-staging/approved_generated_feed_material_facets.csv,Definition states only governed source identity and approved semantic assertions; no biological or nutritional claim is inferred.
AOM_006234,en,A feed material with governed source identity “mucuna pruriens” and characteristics: processing method — Grinding.,composed_from_approved_semantic_facets,approved,Pete Steward,2026-08-06,data/livestock-staging/approved_feed_material_facets.csv;data/livestock-staging/approved_generated_feed_material_facets.csv,Definition states only governed source identity and approved semantic assertions; no biological or nutritional claim is inferred.
AOM_006237,en,"A feed material with governed source identity “olive” and characteristics: processing method — Ensiling, Enzyme treatment.",composed_from_approved_semantic_facets,approved,Pete Steward,2026-08-06,data/livestock-staging/approved_feed_material_facets.csv;data/livestock-staging/approved_generated_feed_material_facets.csv,Definition states only governed source identity and approved semantic assertions; no biological or nutritional claim is inferred.
AOM_006238,en,A feed material with governed source identity “onion veins” and characteristics: processing method — Ensiling.,composed_from_approved_semantic_facets,approved,Pete Steward,2026-08-06,data/livestock-staging/approved_feed_material_facets.csv;data/livestock-staging/approved_generated_feed_material_facets.csv,Definition states only governed source identity and approved semantic assertions; no biological or nutritional claim is inferred.
AOM_006239,en,A feed material with governed source identity “untreated organic waste” and characteristics: processing method — Grinding.,composed_from_approved_semantic_facets,approved,Pete Steward,2026-08-06,data/livestock-staging/approved_feed_material_facets.csv;data/livestock-staging/approved_generated_feed_material_facets.csv,Definition states only governed source identity and approved semantic assertions; no biological or nutritional claim is inferred.
AOM_006240,en,"A feed material with governed source identity “untreated organic waste” and characteristics: processing method — Drying, Fermentation, Grinding.",composed_from_approved_semantic_facets,approved,Pete Steward,2026-08-06,data/livestock-staging/approved_feed_material_facets.csv;data/livestock-staging/approved_generated_feed_material_facets.csv,Definition states only governed source identity and approved semantic assertions; no biological or nutritional claim is inferred.
AOM_006242,en,A feed material with governed source identity “unspecified grass” and characteristics: processing method — Urea treatment.,composed_from_approved_semantic_facets,approved,Pete Steward,2026-08-06,data/livestock-staging/approved_feed_material_facets.csv;data/livestock-staging/approved_generated_feed_material_facets.csv,Definition states only governed source identity and approved semantic assertions; no biological or nutritional claim is inferred.
AOM_006244,en,A feed material with governed source identity “unspecified” and characteristics: ingredient part — Straw; processing method — Grinding.,composed_from_approved_semantic_facets,approved,Pete Steward,2026-08-06,data/livestock-staging/approved_feed_material_facets.csv;data/livestock-staging/approved_generated_feed_material_facets.csv,Definition states only governed source identity and approved semantic assertions; no biological or nutritional claim is inferred.
AOM_006250,en,"A feed material with governed source identity “typha domingensis” and characteristics: processing method — Ensiling, Wilting.",composed_from_approved_semantic_facets,approved,Pete Steward,2026-08-06,data/livestock-staging/approved_feed_material_facets.csv;data/livestock-staging/approved_generated_feed_material_facets.csv,Definition states only governed source identity and approved semantic assertions; no biological or nutritional claim is inferred.
AOM_006251,en,A feed material with governed source identity “tristachya leucothrix” and characteristics: processing method — Grinding.,composed_from_approved_semantic_facets,approved,Pete Steward,2026-08-06,data/livestock-staging/approved_feed_material_facets.csv;data/livestock-staging/approved_generated_feed_material_facets.csv,Definition states only governed source identity and approved semantic assertions; no biological or nutritional claim is inferred.
AOM_006252,en,"A feed material with governed source identity “unspecified grass” and characteristics: processing method — Drying, Urea treatment.",composed_from_approved_semantic_facets,approved,Pete Steward,2026-08-06,data/livestock-staging/approved_feed_material_facets.csv;data/livestock-staging/approved_generated_feed_material_facets.csv,Definition states only governed source identity and approved semantic assertions; no biological or nutritional claim is inferred.
AOM_006253,en,A feed material with governed source identity “trifolium” and characteristics: processing method — Drying.,composed_from_approved_semantic_facets,approved,Pete Steward,2026-08-06,data/livestock-staging/approved_feed_material_facets.csv;data/livestock-staging/approved_generated_feed_material_facets.csv,Definition states only governed source identity and approved semantic assertions; no biological or nutritional claim is inferred.
AOM_006254,en,A feed material with governed source identity “trifolium repens” and characteristics: processing method — Drying.,composed_from_approved_semantic_facets,approved,Pete Steward,2026-08-06,data/livestock-staging/approved_feed_material_facets.csv;data/livestock-staging/approved_generated_feed_material_facets.csv,Definition states only governed source identity and approved semantic assertions; no biological or nutritional claim is inferred.
AOM_006255,en,"A feed material with governed source identity “tithonia diversifolia” and characteristics: processing method — Ensiling, Wilting.",composed_from_approved_semantic_facets,approved,Pete Steward,2026-08-06,data/livestock-staging/approved_feed_material_facets.csv;data/livestock-staging/approved_generated_feed_material_facets.csv,Definition states only governed source identity and approved semantic assertions; no biological or nutritional claim is inferred.
AOM_006256,en,A feed material with governed source identity “themeda triandra” and characteristics: processing method — Grinding.,composed_from_approved_semantic_facets,approved,Pete Steward,2026-08-06,data/livestock-staging/approved_feed_material_facets.csv;data/livestock-staging/approved_generated_feed_material_facets.csv,Definition states only governed source identity and approved semantic assertions; no biological or nutritional claim is inferred.
AOM_006257,en,"A feed material with governed source identity “themeda triandra” and characteristics: processing method — Drying, Grinding.",composed_from_approved_semantic_facets,approved,Pete Steward,2026-08-06,data/livestock-staging/approved_feed_material_facets.csv;data/livestock-staging/approved_generated_feed_material_facets.csv,Definition states only governed source identity and approved semantic assertions; no biological or nutritional claim is inferred.
AOM_006258,en,A feed material with governed source identity “tephrosia polystachyum” and characteristics: processing method — Drying.,composed_from_approved_semantic_facets,approved,Pete Steward,2026-08-06,data/livestock-staging/approved_feed_material_facets.csv;data/livestock-staging/approved_generated_feed_material_facets.csv,Definition states only governed source identity and approved semantic assertions; no biological or nutritional claim is inferred.
AOM_006259,en,"A feed material with governed source identity “teff” and characteristics: ingredient part — Straw; processing method — Ensiling, Fermentation, Urea treatment.",composed_from_approved_semantic_facets,approved,Pete Steward,2026-08-06,data/livestock-staging/approved_feed_material_facets.csv;data/livestock-staging/approved_generated_feed_material_facets.csv,Definition states only governed source identity and approved semantic assertions; no biological or nutritional claim is inferred.
AOM_006260,en,A feed material with governed source identity “teff” and characteristics: ingredient part — Straw; processing method — Drying.,composed_from_approved_semantic_facets,approved,Pete Steward,2026-08-06,data/livestock-staging/approved_feed_material_facets.csv;data/livestock-staging/approved_generated_feed_material_facets.csv,Definition states only governed source identity and approved semantic assertions; no biological or nutritional claim is inferred.
AOM_006261,en,A feed material with governed source identity “tectona grandis” and characteristics: ingredient part — Leaf; processing method — Wilting.,composed_from_approved_semantic_facets,approved,Pete Steward,2026-08-06,data/livestock-staging/approved_feed_material_facets.csv;data/livestock-staging/approved_generated_feed_material_facets.csv,Definition states only governed source identity and approved semantic assertions; no biological or nutritional claim is inferred.
AOM_006262,en,"A feed material with governed source identity “taro” and characteristics: ingredient part — Root; processing method — Drying, Grinding.",composed_from_approved_semantic_facets,approved,Pete Steward,2026-08-06,data/livestock-staging/approved_feed_material_facets.csv;data/livestock-staging/approved_generated_feed_material_facets.csv,Definition states only governed source identity and approved semantic assertions; no biological or nutritional claim is inferred.
AOM_006263,en,A feed material with governed source identity “sweet potato peels” and characteristics: processing method — Drying.,composed_from_approved_semantic_facets,approved,Pete Steward,2026-08-06,data/livestock-staging/approved_feed_material_facets.csv;data/livestock-staging/approved_generated_feed_material_facets.csv,Definition states only governed source identity and approved semantic assertions; no biological or nutritional claim is inferred.
AOM_006264,en,"A feed material with governed source identity “sugarcane” and characteristics: ingredient part — Peel; processing method — Drying, Grinding.",composed_from_approved_semantic_facets,approved,Pete Steward,2026-08-06,data/livestock-staging/approved_feed_material_facets.csv;data/livestock-staging/approved_generated_feed_material_facets.csv,Definition states only governed source identity and approved semantic assertions; no biological or nutritional claim is inferred.
AOM_006266,en,A feed material with governed source identity “sugarcane bagasse” and characteristics: processing method — Ensiling.,composed_from_approved_semantic_facets,approved,Pete Steward,2026-08-06,data/livestock-staging/approved_feed_material_facets.csv;data/livestock-staging/approved_generated_feed_material_facets.csv,Definition states only governed source identity and approved semantic assertions; no biological or nutritional claim is inferred.
AOM_006267,en,A feed material with governed source identity “sugarcane bagasse” and characteristics: processing method — Enzyme treatment.,composed_from_approved_semantic_facets,approved,Pete Steward,2026-08-06,data/livestock-staging/approved_feed_material_facets.csv;data/livestock-staging/approved_generated_feed_material_facets.csv,Definition states only governed source identity and approved semantic assertions; no biological or nutritional claim is inferred.
AOM_006268,en,A feed material with governed source identity “sugarcane bagasse” and characteristics: processing method — Fermentation.,composed_from_approved_semantic_facets,approved,Pete Steward,2026-08-06,data/livestock-staging/approved_feed_material_facets.csv;data/livestock-staging/approved_generated_feed_material_facets.csv,Definition states only governed source identity and approved semantic assertions; no biological or nutritional claim is inferred.
AOM_006269,en,A feed material with governed source identity “sugarcane bagasse” and characteristics: processing method — Grinding.,composed_from_approved_semantic_facets,approved,Pete Steward,2026-08-06,data/livestock-staging/approved_feed_material_facets.csv;data/livestock-staging/approved_generated_feed_material_facets.csv,Definition states only governed source identity and approved semantic assertions; no biological or nutritional claim is inferred.
AOM_006270,en,A feed material with governed source identity “sugar beet” and characteristics: processing method — Crushing.,composed_from_approved_semantic_facets,approved,Pete Steward,2026-08-06,data/livestock-staging/approved_feed_material_facets.csv;data/livestock-staging/approved_generated_feed_material_facets.csv,Definition states only governed source identity and approved semantic assertions; no biological or nutritional claim is inferred.
AOM_006271,en,A feed material with governed source identity “sugar beet” and characteristics: feed product type — Processing pulp; processing method — Drying.,composed_from_approved_semantic_facets,approved,Pete Steward,2026-08-06,data/livestock-staging/approved_feed_material_facets.csv;data/livestock-staging/approved_generated_feed_material_facets.csv,Definition states only governed source identity and approved semantic assertions; no biological or nutritional claim is inferred.
AOM_006272,en,A feed material with governed source identity “sporobolus natalensis” and characteristics: processing method — Drying.,composed_from_approved_semantic_facets,approved,Pete Steward,2026-08-06,data/livestock-staging/approved_feed_material_facets.csv;data/livestock-staging/approved_generated_feed_material_facets.csv,Definition states only governed source identity and approved semantic assertions; no biological or nutritional claim is inferred.
AOM_006275,en,A feed material with governed source identity “panicum antidotale” and characteristics: processing method — Drying.,composed_from_approved_semantic_facets,approved,Pete Steward,2026-08-06,data/livestock-staging/approved_feed_material_facets.csv;data/livestock-staging/approved_generated_feed_material_facets.csv,Definition states only governed source identity and approved semantic assertions; no biological or nutritional claim is inferred.
AOM_006276,en,"A feed material with governed source identity “panicum maximum” and characteristics: processing method — Ensiling, Wilting.",composed_from_approved_semantic_facets,approved,Pete Steward,2026-08-06,data/livestock-staging/approved_feed_material_facets.csv;data/livestock-staging/approved_generated_feed_material_facets.csv,Definition states only governed source identity and approved semantic assertions; no biological or nutritional claim is inferred.
AOM_006277,en,A feed material with governed source identity “panicum” and characteristics: processing method — Drying.,composed_from_approved_semantic_facets,approved,Pete Steward,2026-08-06,data/livestock-staging/approved_feed_material_facets.csv;data/livestock-staging/approved_generated_feed_material_facets.csv,Definition states only governed source identity and approved semantic assertions; no biological or nutritional claim is inferred.
AOM_006278,en,A feed material with governed source identity “groundnut veins” and characteristics: processing method — Drying.,composed_from_approved_semantic_facets,approved,Pete Steward,2026-08-06,data/livestock-staging/approved_feed_material_facets.csv;data/livestock-staging/approved_generated_feed_material_facets.csv,Definition states only governed source identity and approved semantic assertions; no biological or nutritional claim is inferred.
AOM_006279,en,A feed material with governed source identity “pennisetum purpureum” and characteristics: processing method — Ensiling.,composed_from_approved_semantic_facets,approved,Pete Steward,2026-08-06,data/livestock-staging/approved_feed_material_facets.csv;data/livestock-staging/approved_generated_feed_material_facets.csv,Definition states only governed source identity and approved semantic assertions; no biological or nutritional claim is inferred.
AOM_006280,en,A feed material with governed source identity “pennisetum” and characteristics: processing method — Drying.,composed_from_approved_semantic_facets,approved,Pete Steward,2026-08-06,data/livestock-staging/approved_feed_material_facets.csv;data/livestock-staging/approved_generated_feed_material_facets.csv,Definition states only governed source identity and approved semantic assertions; no biological or nutritional claim is inferred.
AOM_006290,en,"A feed material with governed source identity “phyllanthus amarus” and characteristics: processing method — Drying, Grinding.",composed_from_approved_semantic_facets,approved,Pete Steward,2026-08-06,data/livestock-staging/approved_feed_material_facets.csv;data/livestock-staging/approved_generated_feed_material_facets.csv,Definition states only governed source identity and approved semantic assertions; no biological or nutritional claim is inferred.
AOM_006292,en,A feed material with governed source identity “piliostigma thonningii” and characteristics: ingredient part — Pod; processing method — Crushing.,composed_from_approved_semantic_facets,approved,Pete Steward,2026-08-06,data/livestock-staging/approved_feed_material_facets.csv;data/livestock-staging/approved_generated_feed_material_facets.csv,Definition states only governed source identity and approved semantic assertions; no biological or nutritional claim is inferred.
AOM_006293,en,A feed material with governed source identity “polyalthia longifolia” and characteristics: ingredient part — Leaf; processing method — Drying.,composed_from_approved_semantic_facets,approved,Pete Steward,2026-08-06,data/livestock-staging/approved_feed_material_facets.csv;data/livestock-staging/approved_generated_feed_material_facets.csv,Definition states only governed source identity and approved semantic assertions; no biological or nutritional claim is inferred.
AOM_006295,en,"A feed material with governed source identity “prosopis juliflora” and characteristics: ingredient part — Pod; processing method — Drying, Grinding.",composed_from_approved_semantic_facets,approved,Pete Steward,2026-08-06,data/livestock-staging/approved_feed_material_facets.csv;data/livestock-staging/approved_generated_feed_material_facets.csv,Definition states only governed source identity and approved semantic assertions; no biological or nutritional claim is inferred.
AOM_006296,en,"A feed material with governed source identity “prosopis juliflora” and characteristics: ingredient part — Pod; processing method — Drying, Fermentation, Grinding.",composed_from_approved_semantic_facets,approved,Pete Steward,2026-08-06,data/livestock-staging/approved_feed_material_facets.csv;data/livestock-staging/approved_generated_feed_material_facets.csv,Definition states only governed source identity and approved semantic assertions; no biological or nutritional claim is inferred.
AOM_006297,en,A feed material with governed source identity “prosopis juliflora” and characteristics: processing method — Drying.,composed_from_approved_semantic_facets,approved,Pete Steward,2026-08-06,data/livestock-staging/approved_feed_material_facets.csv;data/livestock-staging/approved_generated_feed_material_facets.csv,Definition states only governed source identity and approved semantic assertions; no biological or nutritional claim is inferred.
AOM_006299,en,A feed material with governed source identity “rice” and characteristics: ingredient part — Husk; processing method — Enzyme treatment.,composed_from_approved_semantic_facets,approved,Pete Steward,2026-08-06,data/livestock-staging/approved_feed_material_facets.csv;data/livestock-staging/approved_generated_feed_material_facets.csv,Definition states only governed source identity and approved semantic assertions; no biological or nutritional claim is inferred.
AOM_006300,en,A feed material with governed source identity “rice offal” and characteristics: processing method — Grinding.,composed_from_approved_semantic_facets,approved,Pete Steward,2026-08-06,data/livestock-staging/approved_feed_material_facets.csv;data/livestock-staging/approved_generated_feed_material_facets.csv,Definition states only governed source identity and approved semantic assertions; no biological or nutritional claim is inferred.
AOM_006301,en,"A feed material with governed source identity “rice” and characteristics: ingredient part — Straw; processing method — Ensiling, Urea treatment.",composed_from_approved_semantic_facets,approved,Pete Steward,2026-08-06,data/livestock-staging/approved_feed_material_facets.csv;data/livestock-staging/approved_generated_feed_material_facets.csv,Definition states only governed source identity and approved semantic assertions; no biological or nutritional claim is inferred.
AOM_006302,en,A feed material with governed source identity “rice” and characteristics: ingredient part — Straw; processing method — Urea treatment.,composed_from_approved_semantic_facets,approved,Pete Steward,2026-08-06,data/livestock-staging/approved_feed_material_facets.csv;data/livestock-staging/approved_generated_feed_material_facets.csv,Definition states only governed source identity and approved semantic assertions; no biological or nutritional claim is inferred.
AOM_006303,en,"A feed material with governed source identity “rice” and characteristics: ingredient part — Straw; processing method — Drying, Urea treatment.",composed_from_approved_semantic_facets,approved,Pete Steward,2026-08-06,data/livestock-staging/approved_feed_material_facets.csv;data/livestock-staging/approved_generated_feed_material_facets.csv,Definition states only governed source identity and approved semantic assertions; no biological or nutritional claim is inferred.
AOM_006304,en,"A feed material with governed source identity “rice” and characteristics: ingredient part — Straw; processing method — Fermentation, Grinding.",composed_from_approved_semantic_facets,approved,Pete Steward,2026-08-06,data/livestock-staging/approved_feed_material_facets.csv;data/livestock-staging/approved_generated_feed_material_facets.csv,Definition states only governed source identity and approved semantic assertions; no biological or nutritional claim is inferred.
AOM_006305,en,"A feed material with governed source identity “samanea saman” and characteristics: processing method — Drying, Grinding.",composed_from_approved_semantic_facets,approved,Pete Steward,2026-08-06,data/livestock-staging/approved_feed_material_facets.csv;data/livestock-staging/approved_generated_feed_material_facets.csv,Definition states only governed source identity and approved semantic assertions; no biological or nutritional claim is inferred.
AOM_006306,en,A feed material with governed source identity “samanea saman” and characteristics: processing method — Wilting.,composed_from_approved_semantic_facets,approved,Pete Steward,2026-08-06,data/livestock-staging/approved_feed_material_facets.csv;data/livestock-staging/approved_generated_feed_material_facets.csv,Definition states only governed source identity and approved semantic assertions; no biological or nutritional claim is inferred.
AOM_006307,en,A feed material with governed source identity “sesame” and characteristics: ingredient part — Seed; processing method — Grinding.,composed_from_approved_semantic_facets,approved,Pete Steward,2026-08-06,data/livestock-staging/approved_feed_material_facets.csv;data/livestock-staging/approved_generated_feed_material_facets.csv,Definition states only governed source identity and approved semantic assertions; no biological or nutritional claim is inferred.
AOM_006308,en,"A feed material with governed source identity “sesbania sesban” and characteristics: ingredient part — Leaf; processing method — Drying, Grinding.",composed_from_approved_semantic_facets,approved,Pete Steward,2026-08-06,data/livestock-staging/approved_feed_material_facets.csv;data/livestock-staging/approved_generated_feed_material_facets.csv,Definition states only governed source identity and approved semantic assertions; no biological or nutritional claim is inferred.
AOM_006309,en,A feed material with governed source identity “sesbania sesban” and characteristics: ingredient part — Seed; processing method — Roasting.,composed_from_approved_semantic_facets,approved,Pete Steward,2026-08-06,data/livestock-staging/approved_feed_material_facets.csv;data/livestock-staging/approved_generated_feed_material_facets.csv,Definition states only governed source identity and approved semantic assertions; no biological or nutritional claim is inferred.
AOM_006310,en,A feed material with governed source identity “sesbania sesban” and characteristics: processing method — Ensiling.,composed_from_approved_semantic_facets,approved,Pete Steward,2026-08-06,data/livestock-staging/approved_feed_material_facets.csv;data/livestock-staging/approved_generated_feed_material_facets.csv,Definition states only governed source identity and approved semantic assertions; no biological or nutritional claim is inferred.
AOM_006311,en,A feed material with governed source identity “sheanut” and characteristics: processing method — Grinding.,composed_from_approved_semantic_facets,approved,Pete Steward,2026-08-06,data/livestock-staging/approved_feed_material_facets.csv;data/livestock-staging/approved_generated_feed_material_facets.csv,Definition states only governed source identity and approved semantic assertions; no biological or nutritional claim is inferred.
AOM_006312,en,A feed material with governed source identity “sorghum” and characteristics: ingredient part — Husk; processing method — Urea treatment.,composed_from_approved_semantic_facets,approved,Pete Steward,2026-08-06,data/livestock-staging/approved_feed_material_facets.csv;data/livestock-staging/approved_generated_feed_material_facets.csv,Definition states only governed source identity and approved semantic assertions; no biological or nutritional claim is inferred.
AOM_006313,en,A feed material with governed source identity “sorghum” and characteristics: ingredient part — Straw; processing method — Crushing.,composed_from_approved_semantic_facets,approved,Pete Steward,2026-08-06,data/livestock-staging/approved_feed_material_facets.csv;data/livestock-staging/approved_generated_feed_material_facets.csv,Definition states only governed source identity and approved semantic assertions; no biological or nutritional claim is inferred.
AOM_006314,en,"A feed material with governed source identity “sorghum” and characteristics: ingredient part — Straw; processing method — Crushing, Drying, Fermentation.",composed_from_approved_semantic_facets,approved,Pete Steward,2026-08-06,data/livestock-staging/approved_feed_material_facets.csv;data/livestock-staging/approved_generated_feed_material_facets.csv,Definition states only governed source identity and approved semantic assertions; no biological or nutritional claim is inferred.
AOM_006315,en,A feed material with governed source identity “sorghum sudanense” and characteristics: processing method — Drying.,composed_from_approved_semantic_facets,approved,Pete Steward,2026-08-06,data/livestock-staging/approved_feed_material_facets.csv;data/livestock-staging/approved_generated_feed_material_facets.csv,Definition states only governed source identity and approved semantic assertions; no biological or nutritional claim is inferred.
AOM_006316,en,A feed material with governed source identity “sorghum” and characteristics: processing method — Drying.,composed_from_approved_semantic_facets,approved,Pete Steward,2026-08-06,data/livestock-staging/approved_feed_material_facets.csv;data/livestock-staging/approved_generated_feed_material_facets.csv,Definition states only governed source identity and approved semantic assertions; no biological or nutritional claim is inferred.
AOM_006317,en,"A feed material with governed source identity “soybean cheese waste” and characteristics: processing method — Crushing, Ensiling.",composed_from_approved_semantic_facets,approved,Pete Steward,2026-08-06,data/livestock-staging/approved_feed_material_facets.csv;data/livestock-staging/approved_generated_feed_material_facets.csv,Definition states only governed source identity and approved semantic assertions; no biological or nutritional claim is inferred.
AOM_006319,en,A feed material with governed source identity “soybean” and characteristics: ingredient part — Straw; processing method — Drying.,composed_from_approved_semantic_facets,approved,Pete Steward,2026-08-06,data/livestock-staging/approved_feed_material_facets.csv;data/livestock-staging/approved_generated_feed_material_facets.csv,Definition states only governed source identity and approved semantic assertions; no biological or nutritional claim is inferred.
AOM_006320,en,"A feed material with governed source identity “african yam bean” and characteristics: processing method — Drying, Grinding.",composed_from_approved_semantic_facets,approved,Pete Steward,2026-08-06,data/livestock-staging/approved_feed_material_facets.csv;data/livestock-staging/approved_generated_feed_material_facets.csv,Definition states only governed source identity and approved semantic assertions; no biological or nutritional claim is inferred.
AOM_006321,en,A feed material with governed source identity “trifolium alexandrinum” and characteristics: ingredient part — Straw; processing method — Urea treatment.,composed_from_approved_semantic_facets,approved,Pete Steward,2026-08-06,data/livestock-staging/approved_feed_material_facets.csv;data/livestock-staging/approved_generated_feed_material_facets.csv,Definition states only governed source identity and approved semantic assertions; no biological or nutritional claim is inferred.
AOM_006325,en,A feed material with governed source identity “flaxseed cold” and characteristics: processing method — Pressing.,composed_from_approved_semantic_facets,approved,Pete Steward,2026-08-06,data/livestock-staging/approved_feed_material_facets.csv;data/livestock-staging/approved_generated_feed_material_facets.csv,Definition states only governed source identity and approved semantic assertions; no biological or nutritional claim is inferred.
AOM_006326,en,"A feed material with governed source identity “piliostigma reticulatum” and characteristics: ingredient part — Pod; processing method — Crushing, Drying.",composed_from_approved_semantic_facets,approved,Pete Steward,2026-08-06,data/livestock-staging/approved_feed_material_facets.csv;data/livestock-staging/approved_generated_feed_material_facets.csv,Definition states only governed source identity and approved semantic assertions; no biological or nutritional claim is inferred.
AOM_006327,en,"A feed material with governed source identity “rosemary residues” and characteristics: processing method — Drying, Grinding.",composed_from_approved_semantic_facets,approved,Pete Steward,2026-08-06,data/livestock-staging/approved_feed_material_facets.csv;data/livestock-staging/approved_generated_feed_material_facets.csv,Definition states only governed source identity and approved semantic assertions; no biological or nutritional claim is inferred.
AOM_006328,en,"A feed material with governed source identity “sorghum” and characteristics: ingredient part — Straw; processing method — Drying, Grinding.",composed_from_approved_semantic_facets,approved,Pete Steward,2026-08-06,data/livestock-staging/approved_feed_material_facets.csv;data/livestock-staging/approved_generated_feed_material_facets.csv,Definition states only governed source identity and approved semantic assertions; no biological or nutritional claim is inferred.
AOM_006329,en,A feed material with governed source identity “soybean residue” and characteristics: processing method — Drying.,composed_from_approved_semantic_facets,approved,Pete Steward,2026-08-06,data/livestock-staging/approved_feed_material_facets.csv;data/livestock-staging/approved_generated_feed_material_facets.csv,Definition states only governed source identity and approved semantic assertions; no biological or nutritional claim is inferred.
AOM_006335,en,A feed material with governed source identity “rice offal” and characteristics: processing method — Drying.,composed_from_approved_semantic_facets,approved,Pete Steward,2026-08-06,data/livestock-staging/approved_feed_material_facets.csv;data/livestock-staging/approved_generated_feed_material_facets.csv,Definition states only governed source identity and approved semantic assertions; no biological or nutritional claim is inferred.
AOM_006336,en,"A feed material with governed source identity “rice” and characteristics: ingredient part — Straw; processing method — Drying, Grinding.",composed_from_approved_semantic_facets,approved,Pete Steward,2026-08-06,data/livestock-staging/approved_feed_material_facets.csv;data/livestock-staging/approved_generated_feed_material_facets.csv,Definition states only governed source identity and approved semantic assertions; no biological or nutritional claim is inferred.
AOM_006337,en,"A feed material with governed source identity “rice” and characteristics: ingredient part — Straw; processing method — Drying, Fermentation, Grinding.",composed_from_approved_semantic_facets,approved,Pete Steward,2026-08-06,data/livestock-staging/approved_feed_material_facets.csv;data/livestock-staging/approved_generated_feed_material_facets.csv,Definition states only governed source identity and approved semantic assertions; no biological or nutritional claim is inferred.
AOM_006341,en,A feed material with governed source identity “moringa oleifera” and characteristics: ingredient part — Seed.,composed_from_approved_semantic_facets,approved,Pete Steward,2026-08-06,data/livestock-staging/approved_feed_material_facets.csv;data/livestock-staging/approved_generated_feed_material_facets.csv,Definition states only governed source identity and approved semantic assertions; no biological or nutritional claim is inferred.
AOM_006343,en,A feed material with governed source identity “moringa oleifera” and characteristics: ingredient part — Seed; processing method — Grinding.,composed_from_approved_semantic_facets,approved,Pete Steward,2026-08-06,data/livestock-staging/approved_feed_material_facets.csv;data/livestock-staging/approved_generated_feed_material_facets.csv,Definition states only governed source identity and approved semantic assertions; no biological or nutritional claim is inferred.
AOM_006344,en,A feed material with governed source identity “trifolium quartinianum” and characteristics: processing method — Drying.,composed_from_approved_semantic_facets,approved,Pete Steward,2026-08-06,data/livestock-staging/approved_feed_material_facets.csv;data/livestock-staging/approved_generated_feed_material_facets.csv,Definition states only governed source identity and approved semantic assertions; no biological or nutritional claim is inferred.
AOM_006345,en,"A feed material with governed source identity “soybean” and characteristics: ingredient part — Straw; processing method — Drying, Urea treatment.",composed_from_approved_semantic_facets,approved,Pete Steward,2026-08-06,data/livestock-staging/approved_feed_material_facets.csv;data/livestock-staging/approved_generated_feed_material_facets.csv,Definition states only governed source identity and approved semantic assertions; no biological or nutritional claim is inferred.
AOM_006346,en,A feed material with governed source identity “marula” and characteristics: ingredient part — Kernel.,composed_from_approved_semantic_facets,approved,Pete Steward,2026-08-06,data/livestock-staging/approved_feed_material_facets.csv;data/livestock-staging/approved_generated_feed_material_facets.csv,Definition states only governed source identity and approved semantic assertions; no biological or nutritional claim is inferred.
AOM_006347,en,A feed material with governed source identity “marula” and characteristics: ingredient part — Seed; processing method — Grinding.,composed_from_approved_semantic_facets,approved,Pete Steward,2026-08-06,data/livestock-staging/approved_feed_material_facets.csv;data/livestock-staging/approved_generated_feed_material_facets.csv,Definition states only governed source identity and approved semantic assertions; no biological or nutritional claim is inferred.
AOM_006348,en,A feed material with governed source identity “orange waste” and characteristics: processing method — Ensiling.,composed_from_approved_semantic_facets,approved,Pete Steward,2026-08-06,data/livestock-staging/approved_feed_material_facets.csv;data/livestock-staging/approved_generated_feed_material_facets.csv,Definition states only governed source identity and approved semantic assertions; no biological or nutritional claim is inferred.
AOM_006352,en,A feed material with governed source identity “cassava” and characteristics: ingredient part — Peel; processing method — Crushing.,composed_from_approved_semantic_facets,approved,Pete Steward,2026-08-06,data/livestock-staging/approved_feed_material_facets.csv;data/livestock-staging/approved_generated_feed_material_facets.csv,Definition states only governed source identity and approved semantic assertions; no biological or nutritional claim is inferred.
AOM_006353,en,"A feed material with governed source identity “cassava” and characteristics: ingredient part — Peel; processing method — Crushing, Urea treatment.",composed_from_approved_semantic_facets,approved,Pete Steward,2026-08-06,data/livestock-staging/approved_feed_material_facets.csv;data/livestock-staging/approved_generated_feed_material_facets.csv,Definition states only governed source identity and approved semantic assertions; no biological or nutritional claim is inferred.
AOM_006356,en,A feed material with governed source identity “acacia mearnsii” and characteristics: processing method — Drying.,composed_from_approved_semantic_facets,approved,Pete Steward,2026-08-06,data/livestock-staging/approved_feed_material_facets.csv;data/livestock-staging/approved_generated_feed_material_facets.csv,Definition states only governed source identity and approved semantic assertions; no biological or nutritional claim is inferred.
AOM_006357,en,"A feed material with governed source identity “acacia mearnsii” and characteristics: processing method — Drying, Grinding.",composed_from_approved_semantic_facets,approved,Pete Steward,2026-08-06,data/livestock-staging/approved_feed_material_facets.csv;data/livestock-staging/approved_generated_feed_material_facets.csv,Definition states only governed source identity and approved semantic assertions; no biological or nutritional claim is inferred.
AOM_006358,en,A feed material with governed source identity “acacia saligna and soft twig” and characteristics: ingredient part — Leaf; processing method — Drying.,composed_from_approved_semantic_facets,approved,Pete Steward,2026-08-06,data/livestock-staging/approved_feed_material_facets.csv;data/livestock-staging/approved_generated_feed_material_facets.csv,Definition states only governed source identity and approved semantic assertions; no biological or nutritional claim is inferred.
AOM_006359,en,A feed material with governed source identity “afzelia africana and twigs” and characteristics: ingredient part — Leaf.,composed_from_approved_semantic_facets,approved,Pete Steward,2026-08-06,data/livestock-staging/approved_feed_material_facets.csv;data/livestock-staging/approved_generated_feed_material_facets.csv,Definition states only governed source identity and approved semantic assertions; no biological or nutritional claim is inferred.
AOM_006360,en,A feed material with governed source identity “annona senegalensis and twigs” and characteristics: ingredient part — Leaf; processing method — Wilting.,composed_from_approved_semantic_facets,approved,Pete Steward,2026-08-06,data/livestock-staging/approved_feed_material_facets.csv;data/livestock-staging/approved_generated_feed_material_facets.csv,Definition states only governed source identity and approved semantic assertions; no biological or nutritional claim is inferred.
AOM_006361,en,A feed material with governed source identity “baby maize stalk” and characteristics: processing method — Ensiling.,composed_from_approved_semantic_facets,approved,Pete Steward,2026-08-06,data/livestock-staging/approved_feed_material_facets.csv;data/livestock-staging/approved_generated_feed_material_facets.csv,Definition states only governed source identity and approved semantic assertions; no biological or nutritional claim is inferred.
AOM_006362,en,A feed material with governed source identity “balanites aegyptiaca” and characteristics: processing method — Drying.,composed_from_approved_semantic_facets,approved,Pete Steward,2026-08-06,data/livestock-staging/approved_feed_material_facets.csv;data/livestock-staging/approved_generated_feed_material_facets.csv,Definition states only governed source identity and approved semantic assertions; no biological or nutritional claim is inferred.
AOM_006363,en,A feed material with governed source identity “bone” and characteristics: processing method — Crushing.,composed_from_approved_semantic_facets,approved,Pete Steward,2026-08-06,data/livestock-staging/approved_feed_material_facets.csv;data/livestock-staging/approved_generated_feed_material_facets.csv,Definition states only governed source identity and approved semantic assertions; no biological or nutritional claim is inferred.
AOM_006364,en,A feed material with governed source identity “bread waste” and characteristics: processing method — Drying.,composed_from_approved_semantic_facets,approved,Pete Steward,2026-08-06,data/livestock-staging/approved_feed_material_facets.csv;data/livestock-staging/approved_generated_feed_material_facets.csv,Definition states only governed source identity and approved semantic assertions; no biological or nutritional claim is inferred.
AOM_006366,en,"A feed material with governed source identity “dichrostachys cinerea” and characteristics: processing method — Drying, Grinding.",composed_from_approved_semantic_facets,approved,Pete Steward,2026-08-06,data/livestock-staging/approved_feed_material_facets.csv;data/livestock-staging/approved_generated_feed_material_facets.csv,Definition states only governed source identity and approved semantic assertions; no biological or nutritional claim is inferred.
AOM_006368,en,"A feed material with governed source identity “eragrostis curvula” and characteristics: processing method — Drying, Grinding.",composed_from_approved_semantic_facets,approved,Pete Steward,2026-08-06,data/livestock-staging/approved_feed_material_facets.csv;data/livestock-staging/approved_generated_feed_material_facets.csv,Definition states only governed source identity and approved semantic assertions; no biological or nutritional claim is inferred.
AOM_006371,en,A feed material with governed source identity “faidherbia albida” and characteristics: processing method — Drying.,composed_from_approved_semantic_facets,approved,Pete Steward,2026-08-06,data/livestock-staging/approved_feed_material_facets.csv;data/livestock-staging/approved_generated_feed_material_facets.csv,Definition states only governed source identity and approved semantic assertions; no biological or nutritional claim is inferred.
AOM_006373,en,A feed material with governed source identity “ficus exasperata and twigs” and characteristics: ingredient part — Leaf.,composed_from_approved_semantic_facets,approved,Pete Steward,2026-08-06,data/livestock-staging/approved_feed_material_facets.csv;data/livestock-staging/approved_generated_feed_material_facets.csv,Definition states only governed source identity and approved semantic assertions; no biological or nutritional claim is inferred.
AOM_006374,en,"A feed material with governed source identity “finger millet” and characteristics: ingredient part — Straw; processing method — Ensiling, Urea treatment.",composed_from_approved_semantic_facets,approved,Pete Steward,2026-08-06,data/livestock-staging/approved_feed_material_facets.csv;data/livestock-staging/approved_generated_feed_material_facets.csv,Definition states only governed source identity and approved semantic assertions; no biological or nutritional claim is inferred.
AOM_006376,en,A feed material with governed source identity “gliciridia sepium” and characteristics: ingredient part — Leaf; processing method — Wilting.,composed_from_approved_semantic_facets,approved,Pete Steward,2026-08-06,data/livestock-staging/approved_feed_material_facets.csv;data/livestock-staging/approved_generated_feed_material_facets.csv,Definition states only governed source identity and approved semantic assertions; no biological or nutritional claim is inferred.
AOM_006380,en,"A feed material with governed source identity “jojoba” and characteristics: processing method — Enzyme treatment, Grinding.",composed_from_approved_semantic_facets,approved,Pete Steward,2026-08-06,data/livestock-staging/approved_feed_material_facets.csv;data/livestock-staging/approved_generated_feed_material_facets.csv,Definition states only governed source identity and approved semantic assertions; no biological or nutritional claim is inferred.
AOM_006381,en,A feed material with governed source identity “leucaena leucocephala” and characteristics: ingredient part — Leaf; processing method — Wilting.,composed_from_approved_semantic_facets,approved,Pete Steward,2026-08-06,data/livestock-staging/approved_feed_material_facets.csv;data/livestock-staging/approved_generated_feed_material_facets.csv,Definition states only governed source identity and approved semantic assertions; no biological or nutritional claim is inferred.
AOM_006385,en,A feed material with governed source identity “pericopis laxiflora and twigs” and characteristics: ingredient part — Leaf.,composed_from_approved_semantic_facets,approved,Pete Steward,2026-08-06,data/livestock-staging/approved_feed_material_facets.csv;data/livestock-staging/approved_generated_feed_material_facets.csv,Definition states only governed source identity and approved semantic assertions; no biological or nutritional claim is inferred.
AOM_006395,en,A feed material with governed source identity “tectona grandis” and characteristics: processing method — Wilting.,composed_from_approved_semantic_facets,approved,Pete Steward,2026-08-06,data/livestock-staging/approved_feed_material_facets.csv;data/livestock-staging/approved_generated_feed_material_facets.csv,Definition states only governed source identity and approved semantic assertions; no biological or nutritional claim is inferred.
AOM_006396,en,"A feed material with governed source identity “soybean” and characteristics: ingredient part — Straw; processing method — Drying, Molasses treatment, Urea treatment.",composed_from_approved_semantic_facets,approved,Pete Steward,2026-08-06,data/livestock-staging/approved_feed_material_facets.csv;data/livestock-staging/approved_generated_feed_material_facets.csv,Definition states only governed source identity and approved semantic assertions; no biological or nutritional claim is inferred.
AOM_006397,en,"A feed material with governed source identity “maize” and characteristics: ingredient part — Straw; processing method — Molasses treatment, Urea treatment.",composed_from_approved_semantic_facets,approved,Pete Steward,2026-08-06,data/livestock-staging/approved_feed_material_facets.csv;data/livestock-staging/approved_generated_feed_material_facets.csv,Definition states only governed source identity and approved semantic assertions; no biological or nutritional claim is inferred.
AOM_006399,en,"A feed material with governed source identity “mucuna pruriens” and characteristics: ingredient part — Seed; processing method — Alkali treatment, Boiling, Drying, Grinding.",composed_from_approved_semantic_facets,approved,Pete Steward,2026-08-06,data/livestock-staging/approved_feed_material_facets.csv;data/livestock-staging/approved_generated_feed_material_facets.csv,Definition states only governed source identity and approved semantic assertions; no biological or nutritional claim is inferred.
AOM_006400,en,"A feed material with governed source identity “mucuna pruriens protein isolate” and characteristics: processing method — Alkali treatment, Boiling, Grinding.",composed_from_approved_semantic_facets,approved,Pete Steward,2026-08-06,data/livestock-staging/approved_feed_material_facets.csv;data/livestock-staging/approved_generated_feed_material_facets.csv,Definition states only governed source identity and approved semantic assertions; no biological or nutritional claim is inferred.
AOM_006402,en,"A feed material with governed source identity “cassava waste” and characteristics: processing method — Drying, Fermentation.",composed_from_approved_semantic_facets,approved,Pete Steward,2026-08-06,data/livestock-staging/approved_feed_material_facets.csv;data/livestock-staging/approved_generated_feed_material_facets.csv,Definition states only governed source identity and approved semantic assertions; no biological or nutritional claim is inferred.
AOM_006403,en,"A feed material with governed source identity “sweet potato” and characteristics: ingredient part — Vine; processing method — Ensiling, Wilting.",composed_from_approved_semantic_facets,approved,Pete Steward,2026-08-06,data/livestock-staging/approved_feed_material_facets.csv;data/livestock-staging/approved_generated_feed_material_facets.csv,Definition states only governed source identity and approved semantic assertions; no biological or nutritional claim is inferred.
AOM_006404,en,"A feed material with governed source identity “cassava sieviate” and characteristics: processing method — Drying, Grinding.",composed_from_approved_semantic_facets,approved,Pete Steward,2026-08-06,data/livestock-staging/approved_feed_material_facets.csv;data/livestock-staging/approved_generated_feed_material_facets.csv,Definition states only governed source identity and approved semantic assertions; no biological or nutritional claim is inferred.
AOM_006408,en,A feed material with governed source identity “linseed” and characteristics: processing method — Grinding.,composed_from_approved_semantic_facets,approved,Pete Steward,2026-08-06,data/livestock-staging/approved_feed_material_facets.csv;data/livestock-staging/approved_generated_feed_material_facets.csv,Definition states only governed source identity and approved semantic assertions; no biological or nutritional claim is inferred.
AOM_006411,en,A feed material with governed source identity “palm” and characteristics: ingredient part — Kernel; processing method — Drying.,composed_from_approved_semantic_facets,approved,Pete Steward,2026-08-06,data/livestock-staging/approved_feed_material_facets.csv;data/livestock-staging/approved_generated_feed_material_facets.csv,Definition states only governed source identity and approved semantic assertions; no biological or nutritional claim is inferred.
AOM_006413,en,A feed material with governed source identity “rice” and characteristics: ingredient part — Straw; processing method — Ensiling.,composed_from_approved_semantic_facets,approved,Pete Steward,2026-08-06,data/livestock-staging/approved_feed_material_facets.csv;data/livestock-staging/approved_generated_feed_material_facets.csv,Definition states only governed source identity and approved semantic assertions; no biological or nutritional claim is inferred.
AOM_006500,en,"A feed material with governed source identity “mucuna pruriens” and characteristics: ingredient part — Seed; processing method — Boiling, Drying, Grinding, Soaking.",composed_from_approved_semantic_facets,approved,Pete Steward,2026-08-06,data/livestock-staging/approved_feed_material_facets.csv;data/livestock-staging/approved_generated_feed_material_facets.csv,Definition states only governed source identity and approved semantic assertions; no biological or nutritional claim is inferred.
AOM_00672,en,"A feed material with governed source identity “sugar beet” and characteristics: ingredient part — Leaf; processing method — Ensiling, Wilting.",composed_from_approved_semantic_facets,approved,Pete Steward,2026-08-06,data/livestock-staging/approved_feed_material_facets.csv;data/livestock-staging/approved_generated_feed_material_facets.csv,Definition states only governed source identity and approved semantic assertions; no biological or nutritional claim is inferred.
AOM_100849,en,Measured mineral-element content of feed material.,promoted_reviewed_scope_note,approved,Pete Steward,2026-08-06,review/livestock-v2/PRIORITY_RECOMMENDATIONS.md,Reviewed concept scope text is definition-grade and promoted without semantic expansion.
AOM_100850,en,Component or constituent used in animal feed.,promoted_reviewed_scope_note,approved,Pete Steward,2026-08-06,review/livestock-v2/PRIORITY_RECOMMENDATIONS.md,Reviewed concept scope text is definition-grade and promoted without semantic expansion.
AOM_100851,en,Feed materials derived from maize production or processing.,promoted_reviewed_scope_note,approved,Pete Steward,2026-08-06,review/livestock-v2/PRIORITY_RECOMMENDATIONS.md,Reviewed concept scope text is definition-grade and promoted without semantic expansion.
AOM_100852,en,Feed materials derived from soybean production or processing.,promoted_reviewed_scope_note,approved,Pete Steward,2026-08-06,review/livestock-v2/PRIORITY_RECOMMENDATIONS.md,Reviewed concept scope text is definition-grade and promoted without semantic expansion.
AOM_100853,en,Management of grazing intensity spatial allocation timing rest and animal use.,promoted_reviewed_scope_note,approved,Pete Steward,2026-08-06,review/livestock-v2/PRIORITY_RECOMMENDATIONS.md,Reviewed concept scope text is definition-grade and promoted without semantic expansion.
AOM_100854,en,Variable cost attributable to a crop or livestock management activity.,promoted_reviewed_scope_note,approved,Pete Steward,2026-08-06,review/livestock-v2/PRIORITY_RECOMMENDATIONS.md,Reviewed concept scope text is definition-grade and promoted without semantic expansion.
AOM_100855,en,Feed materials derived from baby corn production or processing.,promoted_reviewed_scope_note,approved,Pete Steward,2026-08-06,review/livestock-v2/CEREAL_BYPRODUCT_RECOMMENDATIONS.md,Reviewed concept scope text is definition-grade and promoted without semantic expansion.
AOM_100856,en,Feed materials derived from barley production or processing.,promoted_reviewed_scope_note,approved,Pete Steward,2026-08-06,review/livestock-v2/CEREAL_BYPRODUCT_RECOMMENDATIONS.md,Reviewed concept scope text is definition-grade and promoted without semantic expansion.
AOM_100857,en,Feed materials derived from Cheka production or processing.,promoted_reviewed_scope_note,approved,Pete Steward,2026-08-06,review/livestock-v2/CEREAL_BYPRODUCT_RECOMMENDATIONS.md,Reviewed concept scope text is definition-grade and promoted without semantic expansion.
AOM_100858,en,Feed materials derived from finger millet production or processing.,promoted_reviewed_scope_note,approved,Pete Steward,2026-08-06,review/livestock-v2/CEREAL_BYPRODUCT_RECOMMENDATIONS.md,Reviewed concept scope text is definition-grade and promoted without semantic expansion.
AOM_100859,en,Feed materials derived from millet production or processing.,promoted_reviewed_scope_note,approved,Pete Steward,2026-08-06,review/livestock-v2/CEREAL_BYPRODUCT_RECOMMENDATIONS.md,Reviewed concept scope text is definition-grade and promoted without semantic expansion.
AOM_100860,en,Feed materials derived from oat production or processing.,promoted_reviewed_scope_note,approved,Pete Steward,2026-08-06,review/livestock-v2/CEREAL_BYPRODUCT_RECOMMENDATIONS.md,Reviewed concept scope text is definition-grade and promoted without semantic expansion.
AOM_100861,en,Feed materials derived from rice production or processing.,promoted_reviewed_scope_note,approved,Pete Steward,2026-08-06,review/livestock-v2/CEREAL_BYPRODUCT_RECOMMENDATIONS.md,Reviewed concept scope text is definition-grade and promoted without semantic expansion.
AOM_100862,en,Feed materials derived from rye production or processing.,promoted_reviewed_scope_note,approved,Pete Steward,2026-08-06,review/livestock-v2/CEREAL_BYPRODUCT_RECOMMENDATIONS.md,Reviewed concept scope text is definition-grade and promoted without semantic expansion.
AOM_100863,en,Feed materials derived from sorghum production or processing.,promoted_reviewed_scope_note,approved,Pete Steward,2026-08-06,review/livestock-v2/CEREAL_BYPRODUCT_RECOMMENDATIONS.md,Reviewed concept scope text is definition-grade and promoted without semantic expansion.
AOM_100864,en,Feed materials derived from wheat production or processing.,promoted_reviewed_scope_note,approved,Pete Steward,2026-08-06,review/livestock-v2/CEREAL_BYPRODUCT_RECOMMENDATIONS.md,Reviewed concept scope text is definition-grade and promoted without semantic expansion.
AOM_100865,en,Feed materials derived from chickpea production or processing.,promoted_reviewed_scope_note,approved,Pete Steward,2026-08-06,review/livestock-v2/LEGUME_BYPRODUCT_RECOMMENDATIONS.md,Reviewed concept scope text is definition-grade and promoted without semantic expansion.
AOM_100866,en,Feed materials derived from common bean production or processing.,promoted_reviewed_scope_note,approved,Pete Steward,2026-08-06,review/livestock-v2/LEGUME_BYPRODUCT_RECOMMENDATIONS.md,Reviewed concept scope text is definition-grade and promoted without semantic expansion.
AOM_100867,en,Feed materials derived from cowpea production or processing.,promoted_reviewed_scope_note,approved,Pete Steward,2026-08-06,review/livestock-v2/LEGUME_BYPRODUCT_RECOMMENDATIONS.md,Reviewed concept scope text is definition-grade and promoted without semantic expansion.
AOM_100868,en,Feed materials derived from fava bean production or processing.,promoted_reviewed_scope_note,approved,Pete Steward,2026-08-06,review/livestock-v2/LEGUME_BYPRODUCT_RECOMMENDATIONS.md,Reviewed concept scope text is definition-grade and promoted without semantic expansion.
AOM_100869,en,Feed materials derived from groundnut production or processing.,promoted_reviewed_scope_note,approved,Pete Steward,2026-08-06,review/livestock-v2/LEGUME_BYPRODUCT_RECOMMENDATIONS.md,Reviewed concept scope text is definition-grade and promoted without semantic expansion.
AOM_100870,en,Feed materials derived from guar bean production or processing.,promoted_reviewed_scope_note,approved,Pete Steward,2026-08-06,review/livestock-v2/LEGUME_BYPRODUCT_RECOMMENDATIONS.md,Reviewed concept scope text is definition-grade and promoted without semantic expansion.
AOM_100871,en,Feed materials derived from lentil production or processing.,promoted_reviewed_scope_note,approved,Pete Steward,2026-08-06,review/livestock-v2/LEGUME_BYPRODUCT_RECOMMENDATIONS.md,Reviewed concept scope text is definition-grade and promoted without semantic expansion.
AOM_100872,en,Feed materials derived from lima bean production or processing.,promoted_reviewed_scope_note,approved,Pete Steward,2026-08-06,review/livestock-v2/LEGUME_BYPRODUCT_RECOMMENDATIONS.md,Reviewed concept scope text is definition-grade and promoted without semantic expansion.
AOM_100873,en,Feed materials derived from pea production or processing.,promoted_reviewed_scope_note,approved,Pete Steward,2026-08-06,review/livestock-v2/LEGUME_BYPRODUCT_RECOMMENDATIONS.md,Reviewed concept scope text is definition-grade and promoted without semantic expansion.
AOM_100874,en,Feed materials derived from pigeon pea production or processing.,promoted_reviewed_scope_note,approved,Pete Steward,2026-08-06,review/livestock-v2/LEGUME_BYPRODUCT_RECOMMENDATIONS.md,Reviewed concept scope text is definition-grade and promoted without semantic expansion.
AOM_100875,en,Feed materials derived from carob production or processing.,promoted_reviewed_scope_note,approved,Pete Steward,2026-08-06,review/livestock-v2/REMAINING_CROP_BYPRODUCT_RECOMMENDATIONS.md,Reviewed concept scope text is definition-grade and promoted without semantic expansion.
AOM_100876,en,Feed materials derived from cocoa production or processing.,promoted_reviewed_scope_note,approved,Pete Steward,2026-08-06,review/livestock-v2/REMAINING_CROP_BYPRODUCT_RECOMMENDATIONS.md,Reviewed concept scope text is definition-grade and promoted without semantic expansion.
AOM_100877,en,Feed materials derived from coffee production or processing.,promoted_reviewed_scope_note,approved,Pete Steward,2026-08-06,review/livestock-v2/REMAINING_CROP_BYPRODUCT_RECOMMENDATIONS.md,Reviewed concept scope text is definition-grade and promoted without semantic expansion.
AOM_100878,en,Feed materials derived from khat production or processing.,promoted_reviewed_scope_note,approved,Pete Steward,2026-08-06,review/livestock-v2/REMAINING_CROP_BYPRODUCT_RECOMMENDATIONS.md,Reviewed concept scope text is definition-grade and promoted without semantic expansion.
AOM_100879,en,Feed materials derived from banana production or processing.,promoted_reviewed_scope_note,approved,Pete Steward,2026-08-06,review/livestock-v2/REMAINING_CROP_BYPRODUCT_RECOMMENDATIONS.md,Reviewed concept scope text is definition-grade and promoted without semantic expansion.
AOM_100880,en,Feed materials derived from citrus production or processing.,promoted_reviewed_scope_note,approved,Pete Steward,2026-08-06,review/livestock-v2/REMAINING_CROP_BYPRODUCT_RECOMMENDATIONS.md,Reviewed concept scope text is definition-grade and promoted without semantic expansion.
AOM_100881,en,Feed materials derived from date production or processing.,promoted_reviewed_scope_note,approved,Pete Steward,2026-08-06,review/livestock-v2/REMAINING_CROP_BYPRODUCT_RECOMMENDATIONS.md,Reviewed concept scope text is definition-grade and promoted without semantic expansion.
AOM_100882,en,Feed materials derived from grape production or processing.,promoted_reviewed_scope_note,approved,Pete Steward,2026-08-06,review/livestock-v2/REMAINING_CROP_BYPRODUCT_RECOMMENDATIONS.md,Reviewed concept scope text is definition-grade and promoted without semantic expansion.
AOM_100883,en,Feed materials derived from jackfruit production or processing.,promoted_reviewed_scope_note,approved,Pete Steward,2026-08-06,review/livestock-v2/REMAINING_CROP_BYPRODUCT_RECOMMENDATIONS.md,Reviewed concept scope text is definition-grade and promoted without semantic expansion.
AOM_100884,en,Feed materials derived from mango production or processing.,promoted_reviewed_scope_note,approved,Pete Steward,2026-08-06,review/livestock-v2/REMAINING_CROP_BYPRODUCT_RECOMMENDATIONS.md,Reviewed concept scope text is definition-grade and promoted without semantic expansion.
AOM_100885,en,Feed materials derived from marula production or processing.,promoted_reviewed_scope_note,approved,Pete Steward,2026-08-06,review/livestock-v2/REMAINING_CROP_BYPRODUCT_RECOMMENDATIONS.md,Reviewed concept scope text is definition-grade and promoted without semantic expansion.
AOM_100886,en,Feed materials derived from melon production or processing.,promoted_reviewed_scope_note,approved,Pete Steward,2026-08-06,review/livestock-v2/REMAINING_CROP_BYPRODUCT_RECOMMENDATIONS.md,Reviewed concept scope text is definition-grade and promoted without semantic expansion.
AOM_100887,en,Feed materials derived from orange production or processing.,promoted_reviewed_scope_note,approved,Pete Steward,2026-08-06,review/livestock-v2/REMAINING_CROP_BYPRODUCT_RECOMMENDATIONS.md,Reviewed concept scope text is definition-grade and promoted without semantic expansion.
AOM_100888,en,Feed materials derived from papaya production or processing.,promoted_reviewed_scope_note,approved,Pete Steward,2026-08-06,review/livestock-v2/REMAINING_CROP_BYPRODUCT_RECOMMENDATIONS.md,Reviewed concept scope text is definition-grade and promoted without semantic expansion.
AOM_100889,en,Feed materials derived from plantain production or processing.,promoted_reviewed_scope_note,approved,Pete Steward,2026-08-06,review/livestock-v2/REMAINING_CROP_BYPRODUCT_RECOMMENDATIONS.md,Reviewed concept scope text is definition-grade and promoted without semantic expansion.
AOM_100890,en,Feed materials derived from watermelon production or processing.,promoted_reviewed_scope_note,approved,Pete Steward,2026-08-06,review/livestock-v2/REMAINING_CROP_BYPRODUCT_RECOMMENDATIONS.md,Reviewed concept scope text is definition-grade and promoted without semantic expansion.
AOM_100891,en,Feed materials derived from argan production or processing.,promoted_reviewed_scope_note,approved,Pete Steward,2026-08-06,review/livestock-v2/REMAINING_CROP_BYPRODUCT_RECOMMENDATIONS.md,Reviewed concept scope text is definition-grade and promoted without semantic expansion.
AOM_100892,en,Feed materials derived from canola production or processing.,promoted_reviewed_scope_note,approved,Pete Steward,2026-08-06,review/livestock-v2/REMAINING_CROP_BYPRODUCT_RECOMMENDATIONS.md,Reviewed concept scope text is definition-grade and promoted without semantic expansion.
AOM_100893,en,Feed materials derived from cashew production or processing.,promoted_reviewed_scope_note,approved,Pete Steward,2026-08-06,review/livestock-v2/REMAINING_CROP_BYPRODUCT_RECOMMENDATIONS.md,Reviewed concept scope text is definition-grade and promoted without semantic expansion.
AOM_100894,en,Feed materials derived from coconut production or processing.,promoted_reviewed_scope_note,approved,Pete Steward,2026-08-06,review/livestock-v2/REMAINING_CROP_BYPRODUCT_RECOMMENDATIONS.md,Reviewed concept scope text is definition-grade and promoted without semantic expansion.
AOM_100895,en,Feed materials derived from cotton production or processing.,promoted_reviewed_scope_note,approved,Pete Steward,2026-08-06,review/livestock-v2/REMAINING_CROP_BYPRODUCT_RECOMMENDATIONS.md,Reviewed concept scope text is definition-grade and promoted without semantic expansion.
AOM_100896,en,Feed materials derived from hibiscus production or processing.,promoted_reviewed_scope_note,approved,Pete Steward,2026-08-06,review/livestock-v2/REMAINING_CROP_BYPRODUCT_RECOMMENDATIONS.md,Reviewed concept scope text is definition-grade and promoted without semantic expansion.
AOM_100897,en,Feed materials derived from jojoba production or processing.,promoted_reviewed_scope_note,approved,Pete Steward,2026-08-06,review/livestock-v2/REMAINING_CROP_BYPRODUCT_RECOMMENDATIONS.md,Reviewed concept scope text is definition-grade and promoted without semantic expansion.
AOM_100898,en,Feed materials derived from linseed production or processing.,promoted_reviewed_scope_note,approved,Pete Steward,2026-08-06,review/livestock-v2/REMAINING_CROP_BYPRODUCT_RECOMMENDATIONS.md,Reviewed concept scope text is definition-grade and promoted without semantic expansion.
AOM_100899,en,Feed materials derived from macadamia production or processing.,promoted_reviewed_scope_note,approved,Pete Steward,2026-08-06,review/livestock-v2/REMAINING_CROP_BYPRODUCT_RECOMMENDATIONS.md,Reviewed concept scope text is definition-grade and promoted without semantic expansion.
AOM_100900,en,Feed materials derived from olive production or processing.,promoted_reviewed_scope_note,approved,Pete Steward,2026-08-06,review/livestock-v2/REMAINING_CROP_BYPRODUCT_RECOMMENDATIONS.md,Reviewed concept scope text is definition-grade and promoted without semantic expansion.
AOM_100901,en,Feed materials derived from palm kernel production or processing.,promoted_reviewed_scope_note,approved,Pete Steward,2026-08-06,review/livestock-v2/REMAINING_CROP_BYPRODUCT_RECOMMENDATIONS.md,Reviewed concept scope text is definition-grade and promoted without semantic expansion.
AOM_100902,en,Feed materials derived from sesame production or processing.,promoted_reviewed_scope_note,approved,Pete Steward,2026-08-06,review/livestock-v2/REMAINING_CROP_BYPRODUCT_RECOMMENDATIONS.md,Reviewed concept scope text is definition-grade and promoted without semantic expansion.
AOM_100903,en,Feed materials derived from sheanut production or processing.,promoted_reviewed_scope_note,approved,Pete Steward,2026-08-06,review/livestock-v2/REMAINING_CROP_BYPRODUCT_RECOMMENDATIONS.md,Reviewed concept scope text is definition-grade and promoted without semantic expansion.
AOM_100904,en,Feed materials derived from sunflower production or processing.,promoted_reviewed_scope_note,approved,Pete Steward,2026-08-06,review/livestock-v2/REMAINING_CROP_BYPRODUCT_RECOMMENDATIONS.md,Reviewed concept scope text is definition-grade and promoted without semantic expansion.
AOM_100905,en,Feed materials derived from walnut production or processing.,promoted_reviewed_scope_note,approved,Pete Steward,2026-08-06,review/livestock-v2/REMAINING_CROP_BYPRODUCT_RECOMMENDATIONS.md,Reviewed concept scope text is definition-grade and promoted without semantic expansion.
AOM_100906,en,Feed materials derived from other plant production or processing.,promoted_reviewed_scope_note,approved,Pete Steward,2026-08-06,review/livestock-v2/REMAINING_CROP_BYPRODUCT_RECOMMENDATIONS.md,Reviewed concept scope text is definition-grade and promoted without semantic expansion.
AOM_100907,en,Feed materials derived from african yam bean production or processing.,promoted_reviewed_scope_note,approved,Pete Steward,2026-08-06,review/livestock-v2/REMAINING_CROP_BYPRODUCT_RECOMMENDATIONS.md,Reviewed concept scope text is definition-grade and promoted without semantic expansion.
AOM_100908,en,Feed materials derived from beet production or processing.,promoted_reviewed_scope_note,approved,Pete Steward,2026-08-06,review/livestock-v2/REMAINING_CROP_BYPRODUCT_RECOMMENDATIONS.md,Reviewed concept scope text is definition-grade and promoted without semantic expansion.
AOM_100909,en,Feed materials derived from beetroot production or processing.,promoted_reviewed_scope_note,approved,Pete Steward,2026-08-06,review/livestock-v2/REMAINING_CROP_BYPRODUCT_RECOMMENDATIONS.md,Reviewed concept scope text is definition-grade and promoted without semantic expansion.
AOM_100910,en,Feed materials derived from cassava production or processing.,promoted_reviewed_scope_note,approved,Pete Steward,2026-08-06,review/livestock-v2/REMAINING_CROP_BYPRODUCT_RECOMMENDATIONS.md,Reviewed concept scope text is definition-grade and promoted without semantic expansion.
AOM_100911,en,Feed materials derived from potato production or processing.,promoted_reviewed_scope_note,approved,Pete Steward,2026-08-06,review/livestock-v2/REMAINING_CROP_BYPRODUCT_RECOMMENDATIONS.md,Reviewed concept scope text is definition-grade and promoted without semantic expansion.
AOM_100912,en,Feed materials derived from sweet potato production or processing.,promoted_reviewed_scope_note,approved,Pete Steward,2026-08-06,review/livestock-v2/REMAINING_CROP_BYPRODUCT_RECOMMENDATIONS.md,Reviewed concept scope text is definition-grade and promoted without semantic expansion.
AOM_100913,en,Feed materials derived from taro production or processing.,promoted_reviewed_scope_note,approved,Pete Steward,2026-08-06,review/livestock-v2/REMAINING_CROP_BYPRODUCT_RECOMMENDATIONS.md,Reviewed concept scope text is definition-grade and promoted without semantic expansion.
AOM_100914,en,Feed materials derived from yam production or processing.,promoted_reviewed_scope_note,approved,Pete Steward,2026-08-06,review/livestock-v2/REMAINING_CROP_BYPRODUCT_RECOMMENDATIONS.md,Reviewed concept scope text is definition-grade and promoted without semantic expansion.
AOM_100915,en,Feed materials derived from sugar beet production or processing.,promoted_reviewed_scope_note,approved,Pete Steward,2026-08-06,review/livestock-v2/REMAINING_CROP_BYPRODUCT_RECOMMENDATIONS.md,Reviewed concept scope text is definition-grade and promoted without semantic expansion.
AOM_100916,en,Feed materials derived from sugarcane production or processing.,promoted_reviewed_scope_note,approved,Pete Steward,2026-08-06,review/livestock-v2/REMAINING_CROP_BYPRODUCT_RECOMMENDATIONS.md,Reviewed concept scope text is definition-grade and promoted without semantic expansion.
AOM_100917,en,Feed materials derived from arugula production or processing.,promoted_reviewed_scope_note,approved,Pete Steward,2026-08-06,review/livestock-v2/REMAINING_CROP_BYPRODUCT_RECOMMENDATIONS.md,Reviewed concept scope text is definition-grade and promoted without semantic expansion.
AOM_100918,en,Feed materials derived from cabbage production or processing.,promoted_reviewed_scope_note,approved,Pete Steward,2026-08-06,review/livestock-v2/REMAINING_CROP_BYPRODUCT_RECOMMENDATIONS.md,Reviewed concept scope text is definition-grade and promoted without semantic expansion.
AOM_100919,en,Feed materials derived from carrot production or processing.,promoted_reviewed_scope_note,approved,Pete Steward,2026-08-06,review/livestock-v2/REMAINING_CROP_BYPRODUCT_RECOMMENDATIONS.md,Reviewed concept scope text is definition-grade and promoted without semantic expansion.
AOM_100920,en,Feed materials derived from tomato production or processing.,promoted_reviewed_scope_note,approved,Pete Steward,2026-08-06,review/livestock-v2/REMAINING_CROP_BYPRODUCT_RECOMMENDATIONS.md,Reviewed concept scope text is definition-grade and promoted without semantic expansion.
AOM_100921,en,Feed-material category for primary crop products.,promoted_reviewed_scope_note,approved,Pete Steward,2026-08-06,review/livestock-v2/CROP_PRODUCT_RECOMMENDATIONS.md,Reviewed concept scope text is definition-grade and promoted without semantic expansion.
AOM_100922,en,Feed materials obtained from cash crops as primary products or processed product forms.,promoted_reviewed_scope_note,approved,Pete Steward,2026-08-06,review/livestock-v2/CROP_PRODUCT_RECOMMENDATIONS.md,Reviewed concept scope text is definition-grade and promoted without semantic expansion.
AOM_100923,en,Feed materials obtained from spices as primary products or processed product forms.,promoted_reviewed_scope_note,approved,Pete Steward,2026-08-06,review/livestock-v2/CROP_PRODUCT_RECOMMENDATIONS.md,Reviewed concept scope text is definition-grade and promoted without semantic expansion.
AOM_100924,en,Feed materials obtained from vegetables as primary products or processed product forms.,promoted_reviewed_scope_note,approved,Pete Steward,2026-08-06,review/livestock-v2/CROP_PRODUCT_RECOMMENDATIONS.md,Reviewed concept scope text is definition-grade and promoted without semantic expansion.
AOM_100925,en,Feed materials obtained from cocoa as primary products or processed product forms.,promoted_reviewed_scope_note,approved,Pete Steward,2026-08-06,review/livestock-v2/CROP_PRODUCT_RECOMMENDATIONS.md,Reviewed concept scope text is definition-grade and promoted without semantic expansion.
AOM_100926,en,Feed materials obtained from coffee as primary products or processed product forms.,promoted_reviewed_scope_note,approved,Pete Steward,2026-08-06,review/livestock-v2/CROP_PRODUCT_RECOMMENDATIONS.md,Reviewed concept scope text is definition-grade and promoted without semantic expansion.
AOM_100927,en,Feed materials obtained from rice as primary products or processed product forms.,promoted_reviewed_scope_note,approved,Pete Steward,2026-08-06,review/livestock-v2/CROP_PRODUCT_RECOMMENDATIONS.md,Reviewed concept scope text is definition-grade and promoted without semantic expansion.
AOM_100928,en,Feed materials obtained from lemon as primary products or processed product forms.,promoted_reviewed_scope_note,approved,Pete Steward,2026-08-06,review/livestock-v2/CROP_PRODUCT_RECOMMENDATIONS.md,Reviewed concept scope text is definition-grade and promoted without semantic expansion.
AOM_100929,en,Feed materials obtained from tomato as primary products or processed product forms.,promoted_reviewed_scope_note,approved,Pete Steward,2026-08-06,review/livestock-v2/CROP_PRODUCT_RECOMMENDATIONS.md,Reviewed concept scope text is definition-grade and promoted without semantic expansion.
AOM_100930,en,Feed materials obtained from blue lupin as primary products or processed product forms.,promoted_reviewed_scope_note,approved,Pete Steward,2026-08-06,review/livestock-v2/CROP_PRODUCT_RECOMMENDATIONS.md,Reviewed concept scope text is definition-grade and promoted without semantic expansion.
AOM_100931,en,Feed materials obtained from common bean as primary products or processed product forms.,promoted_reviewed_scope_note,approved,Pete Steward,2026-08-06,review/livestock-v2/CROP_PRODUCT_RECOMMENDATIONS.md,Reviewed concept scope text is definition-grade and promoted without semantic expansion.
AOM_100932,en,Feed materials obtained from winged bean as primary products or processed product forms.,promoted_reviewed_scope_note,approved,Pete Steward,2026-08-06,review/livestock-v2/CROP_PRODUCT_RECOMMENDATIONS.md,Reviewed concept scope text is definition-grade and promoted without semantic expansion.
AOM_100933,en,Feed materials obtained from coconut as primary products or processed product forms.,promoted_reviewed_scope_note,approved,Pete Steward,2026-08-06,review/livestock-v2/CROP_PRODUCT_RECOMMENDATIONS.md,Reviewed concept scope text is definition-grade and promoted without semantic expansion.
AOM_100934,en,Feed materials obtained from palm as primary products or processed product forms.,promoted_reviewed_scope_note,approved,Pete Steward,2026-08-06,review/livestock-v2/CROP_PRODUCT_RECOMMENDATIONS.md,Reviewed concept scope text is definition-grade and promoted without semantic expansion.
AOM_100935,en,Feed materials obtained from safflower as primary products or processed product forms.,promoted_reviewed_scope_note,approved,Pete Steward,2026-08-06,review/livestock-v2/CROP_PRODUCT_RECOMMENDATIONS.md,Reviewed concept scope text is definition-grade and promoted without semantic expansion.
AOM_100936,en,Feed materials obtained from cassava as primary products or processed product forms.,promoted_reviewed_scope_note,approved,Pete Steward,2026-08-06,review/livestock-v2/CROP_PRODUCT_RECOMMENDATIONS.md,Reviewed concept scope text is definition-grade and promoted without semantic expansion.
AOM_100937,en,Feed materials obtained from ensete as primary products or processed product forms.,promoted_reviewed_scope_note,approved,Pete Steward,2026-08-06,review/livestock-v2/CROP_PRODUCT_RECOMMENDATIONS.md,Reviewed concept scope text is definition-grade and promoted without semantic expansion.
AOM_100938,en,Feed materials obtained from potato as primary products or processed product forms.,promoted_reviewed_scope_note,approved,Pete Steward,2026-08-06,review/livestock-v2/CROP_PRODUCT_RECOMMENDATIONS.md,Reviewed concept scope text is definition-grade and promoted without semantic expansion.
AOM_100939,en,Feed materials obtained from black cumin as primary products or processed product forms.,promoted_reviewed_scope_note,approved,Pete Steward,2026-08-06,review/livestock-v2/CROP_PRODUCT_RECOMMENDATIONS.md,Reviewed concept scope text is definition-grade and promoted without semantic expansion.
AOM_100940,en,Feed materials obtained from black cumin as primary products or processed product forms.,promoted_reviewed_scope_note,approved,Pete Steward,2026-08-06,review/livestock-v2/CROP_PRODUCT_RECOMMENDATIONS.md,Reviewed concept scope text is definition-grade and promoted without semantic expansion.
AOM_100941,en,Feed materials obtained from rosemary as primary products or processed product forms.,promoted_reviewed_scope_note,approved,Pete Steward,2026-08-06,review/livestock-v2/CROP_PRODUCT_RECOMMENDATIONS.md,Reviewed concept scope text is definition-grade and promoted without semantic expansion.
AOM_100942,en,Feed materials obtained from fluted pumpkin as primary products or processed product forms.,promoted_reviewed_scope_note,approved,Pete Steward,2026-08-06,review/livestock-v2/CROP_PRODUCT_RECOMMENDATIONS.md,Reviewed concept scope text is definition-grade and promoted without semantic expansion.
AOM_100943,en,Feed materials obtained from garlic as primary products or processed product forms.,promoted_reviewed_scope_note,approved,Pete Steward,2026-08-06,review/livestock-v2/CROP_PRODUCT_RECOMMENDATIONS.md,Reviewed concept scope text is definition-grade and promoted without semantic expansion.
AOM_100944,en,Feed materials obtained from onion as primary products or processed product forms.,promoted_reviewed_scope_note,approved,Pete Steward,2026-08-06,review/livestock-v2/CROP_PRODUCT_RECOMMENDATIONS.md,Reviewed concept scope text is definition-grade and promoted without semantic expansion.
AOM_100945,en,"Feed materials derived from Bothriochloa, grouped independently of plant-part and processing state.",promoted_reviewed_scope_note,approved,Pete Steward,2026-08-06,review/livestock-v2/FORAGE_PLANT_RECOMMENDATIONS.md,Reviewed concept scope text is definition-grade and promoted without semantic expansion.
AOM_100946,en,"Feed materials derived from Hordeum vulgare, grouped independently of plant-part and processing state.",promoted_reviewed_scope_note,approved,Pete Steward,2026-08-06,review/livestock-v2/FORAGE_PLANT_RECOMMENDATIONS.md,Reviewed concept scope text is definition-grade and promoted without semantic expansion.
AOM_100947,en,"Feed materials derived from Acacia auriculiformis, grouped independently of plant-part and processing state.",promoted_reviewed_scope_note,approved,Pete Steward,2026-08-06,review/livestock-v2/FORAGE_PLANT_RECOMMENDATIONS.md,Reviewed concept scope text is definition-grade and promoted without semantic expansion.
AOM_100948,en,"Feed materials derived from Acioa barteri, grouped independently of plant-part and processing state.",promoted_reviewed_scope_note,approved,Pete Steward,2026-08-06,review/livestock-v2/FORAGE_PLANT_RECOMMENDATIONS.md,Reviewed concept scope text is definition-grade and promoted without semantic expansion.
AOM_100949,en,"Feed materials derived from Bridelia ferruginea, grouped independently of plant-part and processing state.",promoted_reviewed_scope_note,approved,Pete Steward,2026-08-06,review/livestock-v2/FORAGE_PLANT_RECOMMENDATIONS.md,Reviewed concept scope text is definition-grade and promoted without semantic expansion.
AOM_100950,en,"Feed materials derived from Ceratonia siliqua, grouped independently of plant-part and processing state.",promoted_reviewed_scope_note,approved,Pete Steward,2026-08-06,review/livestock-v2/FORAGE_PLANT_RECOMMENDATIONS.md,Reviewed concept scope text is definition-grade and promoted without semantic expansion.
AOM_100951,en,"Feed materials derived from Delonix elata, grouped independently of plant-part and processing state.",promoted_reviewed_scope_note,approved,Pete Steward,2026-08-06,review/livestock-v2/FORAGE_PLANT_RECOMMENDATIONS.md,Reviewed concept scope text is definition-grade and promoted without semantic expansion.
AOM_100952,en,"Feed materials derived from Delonix regia, grouped independently of plant-part and processing state.",promoted_reviewed_scope_note,approved,Pete Steward,2026-08-06,review/livestock-v2/FORAGE_PLANT_RECOMMENDATIONS.md,Reviewed concept scope text is definition-grade and promoted without semantic expansion.
AOM_100953,en,"Feed materials derived from Garcinia kola, grouped independently of plant-part and processing state.",promoted_reviewed_scope_note,approved,Pete Steward,2026-08-06,review/livestock-v2/FORAGE_PLANT_RECOMMENDATIONS.md,Reviewed concept scope text is definition-grade and promoted without semantic expansion.
AOM_100954,en,"Feed materials derived from Grewia similis, grouped independently of plant-part and processing state.",promoted_reviewed_scope_note,approved,Pete Steward,2026-08-06,review/livestock-v2/FORAGE_PLANT_RECOMMENDATIONS.md,Reviewed concept scope text is definition-grade and promoted without semantic expansion.
AOM_100955,en,"Feed materials derived from Harrisonia abyssinica, grouped independently of plant-part and processing state.",promoted_reviewed_scope_note,approved,Pete Steward,2026-08-06,review/livestock-v2/FORAGE_PLANT_RECOMMENDATIONS.md,Reviewed concept scope text is definition-grade and promoted without semantic expansion.
AOM_100956,en,"Feed materials derived from Hevea brasiliensis, grouped independently of plant-part and processing state.",promoted_reviewed_scope_note,approved,Pete Steward,2026-08-06,review/livestock-v2/FORAGE_PLANT_RECOMMENDATIONS.md,Reviewed concept scope text is definition-grade and promoted without semantic expansion.
AOM_100957,en,"Feed materials derived from Jatropha curcas, grouped independently of plant-part and processing state.",promoted_reviewed_scope_note,approved,Pete Steward,2026-08-06,review/livestock-v2/FORAGE_PLANT_RECOMMENDATIONS.md,Reviewed concept scope text is definition-grade and promoted without semantic expansion.
AOM_100958,en,"Feed materials derived from Jatropha curcas press cake, grouped independently of plant-part and processing state.",promoted_reviewed_scope_note,approved,Pete Steward,2026-08-06,review/livestock-v2/FORAGE_PLANT_RECOMMENDATIONS.md,Reviewed concept scope text is definition-grade and promoted without semantic expansion.
AOM_100959,en,"Feed materials derived from Leucaena, grouped independently of plant-part and processing state.",promoted_reviewed_scope_note,approved,Pete Steward,2026-08-06,review/livestock-v2/FORAGE_PLANT_RECOMMENDATIONS.md,Reviewed concept scope text is definition-grade and promoted without semantic expansion.
AOM_100960,en,"Feed materials derived from Morus indica, grouped independently of plant-part and processing state.",promoted_reviewed_scope_note,approved,Pete Steward,2026-08-06,review/livestock-v2/FORAGE_PLANT_RECOMMENDATIONS.md,Reviewed concept scope text is definition-grade and promoted without semantic expansion.
AOM_100961,en,"Feed materials derived from Myrtus communis, grouped independently of plant-part and processing state.",promoted_reviewed_scope_note,approved,Pete Steward,2026-08-06,review/livestock-v2/FORAGE_PLANT_RECOMMENDATIONS.md,Reviewed concept scope text is definition-grade and promoted without semantic expansion.
AOM_100962,en,"Feed materials derived from olive, grouped independently of plant-part and processing state.",promoted_reviewed_scope_note,approved,Pete Steward,2026-08-06,review/livestock-v2/FORAGE_PLANT_RECOMMENDATIONS.md,Reviewed concept scope text is definition-grade and promoted without semantic expansion.
AOM_100963,en,"Feed materials derived from Oxytenanthera abyssinica, grouped independently of plant-part and processing state.",promoted_reviewed_scope_note,approved,Pete Steward,2026-08-06,review/livestock-v2/FORAGE_PLANT_RECOMMENDATIONS.md,Reviewed concept scope text is definition-grade and promoted without semantic expansion.
AOM_100964,en,"Feed materials derived from Prosopis, grouped independently of plant-part and processing state.",promoted_reviewed_scope_note,approved,Pete Steward,2026-08-06,review/livestock-v2/FORAGE_PLANT_RECOMMENDATIONS.md,Reviewed concept scope text is definition-grade and promoted without semantic expansion.
AOM_100965,en,"Feed materials derived from Sesbania, grouped independently of plant-part and processing state.",promoted_reviewed_scope_note,approved,Pete Steward,2026-08-06,review/livestock-v2/FORAGE_PLANT_RECOMMENDATIONS.md,Reviewed concept scope text is definition-grade and promoted without semantic expansion.
AOM_100966,en,"Feed materials derived from Vitex doniana, grouped independently of plant-part and processing state.",promoted_reviewed_scope_note,approved,Pete Steward,2026-08-06,review/livestock-v2/FORAGE_PLANT_RECOMMENDATIONS.md,Reviewed concept scope text is definition-grade and promoted without semantic expansion.
AOM_100967,en,"Feed materials derived from Ziziphus jujuba, grouped independently of plant-part and processing state.",promoted_reviewed_scope_note,approved,Pete Steward,2026-08-06,review/livestock-v2/FORAGE_PLANT_RECOMMENDATIONS.md,Reviewed concept scope text is definition-grade and promoted without semantic expansion.
AOM_100968,en,"Feed materials derived from Mucuna pruriens protein, grouped independently of plant-part and processing state.",promoted_reviewed_scope_note,approved,Pete Steward,2026-08-06,review/livestock-v2/FORAGE_PLANT_RECOMMENDATIONS.md,Reviewed concept scope text is definition-grade and promoted without semantic expansion.
AOM_100969,en,"Feed materials derived from Trifolium quartinianum, grouped independently of plant-part and processing state.",promoted_reviewed_scope_note,approved,Pete Steward,2026-08-06,review/livestock-v2/FORAGE_PLANT_RECOMMENDATIONS.md,Reviewed concept scope text is definition-grade and promoted without semantic expansion.
AOM_100970,en,"Feed materials derived from bamboo, grouped independently of plant-part and processing state.",promoted_reviewed_scope_note,approved,Pete Steward,2026-08-06,review/livestock-v2/FORAGE_PLANT_RECOMMENDATIONS.md,Reviewed concept scope text is definition-grade and promoted without semantic expansion.
AOM_100971,en,"Feed materials derived from Cochlospermum planchonii, grouped independently of plant-part and processing state.",promoted_reviewed_scope_note,approved,Pete Steward,2026-08-06,review/livestock-v2/FORAGE_PLANT_RECOMMENDATIONS.md,Reviewed concept scope text is definition-grade and promoted without semantic expansion.
AOM_100972,en,"Feed materials derived from Lantana camara, grouped independently of plant-part and processing state.",promoted_reviewed_scope_note,approved,Pete Steward,2026-08-06,review/livestock-v2/FORAGE_PLANT_RECOMMENDATIONS.md,Reviewed concept scope text is definition-grade and promoted without semantic expansion.
AOM_100973,en,"Feed materials derived from Mangifera indica, grouped independently of plant-part and processing state.",promoted_reviewed_scope_note,approved,Pete Steward,2026-08-06,review/livestock-v2/FORAGE_PLANT_RECOMMENDATIONS.md,Reviewed concept scope text is definition-grade and promoted without semantic expansion.
AOM_100974,en,"Feed materials derived from Trachyspermum ammi, grouped independently of plant-part and processing state.",promoted_reviewed_scope_note,approved,Pete Steward,2026-08-06,review/livestock-v2/FORAGE_PLANT_RECOMMENDATIONS.md,Reviewed concept scope text is definition-grade and promoted without semantic expansion.
AOM_100975,en,"Feed materials derived from Panicum antidotale, grouped independently of plant-part and processing state.",promoted_reviewed_scope_note,approved,Pete Steward,2026-08-06,review/livestock-v2/FORAGE_PLANT_RECOMMENDATIONS.md,Reviewed concept scope text is definition-grade and promoted without semantic expansion.
AOM_100976,en,Grouping for animal-derived production and processing residues; processing state remains represented by narrower feed-material concepts.,promoted_reviewed_scope_note,approved,Pete Steward,2026-08-06,review/livestock-v2/REMAINING_FEED_RECOMMENDATIONS.md,Reviewed concept scope text is definition-grade and promoted without semantic expansion.
AOM_100977,en,Grouping for shrimp; processing state remains represented by narrower feed-material concepts.,promoted_reviewed_scope_note,approved,Pete Steward,2026-08-06,review/livestock-v2/REMAINING_FEED_RECOMMENDATIONS.md,Reviewed concept scope text is definition-grade and promoted without semantic expansion.
AOM_100978,en,Grouping for legacy brown-fish category; processing state remains represented by narrower feed-material concepts.,promoted_reviewed_scope_note,approved,Pete Steward,2026-08-06,review/livestock-v2/REMAINING_FEED_RECOMMENDATIONS.md,Reviewed concept scope text is definition-grade and promoted without semantic expansion.
AOM_100979,en,Grouping for legacy Danish-fish category; processing state remains represented by narrower feed-material concepts.,promoted_reviewed_scope_note,approved,Pete Steward,2026-08-06,review/livestock-v2/REMAINING_FEED_RECOMMENDATIONS.md,Reviewed concept scope text is definition-grade and promoted without semantic expansion.
AOM_100980,en,Grouping for menhaden fish; processing state remains represented by narrower feed-material concepts.,promoted_reviewed_scope_note,approved,Pete Steward,2026-08-06,review/livestock-v2/REMAINING_FEED_RECOMMENDATIONS.md,Reviewed concept scope text is definition-grade and promoted without semantic expansion.
AOM_100981,en,Grouping for housefly larvae; processing state remains represented by narrower feed-material concepts.,promoted_reviewed_scope_note,approved,Pete Steward,2026-08-06,review/livestock-v2/REMAINING_FEED_RECOMMENDATIONS.md,Reviewed concept scope text is definition-grade and promoted without semantic expansion.
AOM_100982,en,Grouping for Oryctes rhinoceros; processing state remains represented by narrower feed-material concepts.,promoted_reviewed_scope_note,approved,Pete Steward,2026-08-06,review/livestock-v2/REMAINING_FEED_RECOMMENDATIONS.md,Reviewed concept scope text is definition-grade and promoted without semantic expansion.
AOM_100983,en,Grouping for chicken-derived feed material; processing state remains represented by narrower feed-material concepts.,promoted_reviewed_scope_note,approved,Pete Steward,2026-08-06,review/livestock-v2/REMAINING_FEED_RECOMMENDATIONS.md,Reviewed concept scope text is definition-grade and promoted without semantic expansion.
AOM_100984,en,Grouping for feather-derived feed material; processing state remains represented by narrower feed-material concepts.,promoted_reviewed_scope_note,approved,Pete Steward,2026-08-06,review/livestock-v2/REMAINING_FEED_RECOMMENDATIONS.md,Reviewed concept scope text is definition-grade and promoted without semantic expansion.
AOM_100985,en,Grouping for fish-processing residues; processing state remains represented by narrower feed-material concepts.,promoted_reviewed_scope_note,approved,Pete Steward,2026-08-06,review/livestock-v2/REMAINING_FEED_RECOMMENDATIONS.md,Reviewed concept scope text is definition-grade and promoted without semantic expansion.
AOM_100986,en,Grouping for marine-animal hydrolysates; processing state remains represented by narrower feed-material concepts.,promoted_reviewed_scope_note,approved,Pete Steward,2026-08-06,review/livestock-v2/REMAINING_FEED_RECOMMENDATIONS.md,Reviewed concept scope text is definition-grade and promoted without semantic expansion.
AOM_100987,en,Grouping for processed-food residues; processing state remains represented by narrower feed-material concepts.,promoted_reviewed_scope_note,approved,Pete Steward,2026-08-06,review/livestock-v2/REMAINING_FEED_RECOMMENDATIONS.md,Reviewed concept scope text is definition-grade and promoted without semantic expansion.
AOM_100988,en,Grouping for untreated organic waste; processing state remains represented by narrower feed-material concepts.,promoted_reviewed_scope_note,approved,Pete Steward,2026-08-06,review/livestock-v2/REMAINING_FEED_RECOMMENDATIONS.md,Reviewed concept scope text is definition-grade and promoted without semantic expansion.
AOM_100989,en,Grouping for microalgae; processing state remains represented by narrower feed-material concepts.,promoted_reviewed_scope_note,approved,Pete Steward,2026-08-06,review/livestock-v2/REMAINING_FEED_RECOMMENDATIONS.md,Reviewed concept scope text is definition-grade and promoted without semantic expansion.
AOM_100990,en,Grouping for biological feed processing; processing state remains represented by narrower feed-material concepts.,promoted_reviewed_scope_note,approved,Pete Steward,2026-08-06,review/livestock-v2/REMAINING_FEED_RECOMMENDATIONS.md,Reviewed concept scope text is definition-grade and promoted without semantic expansion.
AOM_100991,en,Grouping for chemical feed processing; processing state remains represented by narrower feed-material concepts.,promoted_reviewed_scope_note,approved,Pete Steward,2026-08-06,review/livestock-v2/REMAINING_FEED_RECOMMENDATIONS.md,Reviewed concept scope text is definition-grade and promoted without semantic expansion.
AOM_100992,en,Grouping for feed acquisition source; processing state remains represented by narrower feed-material concepts.,promoted_reviewed_scope_note,approved,Pete Steward,2026-08-06,review/livestock-v2/REMAINING_FEED_RECOMMENDATIONS.md,Reviewed concept scope text is definition-grade and promoted without semantic expansion.
AOM_100993,en,Physical structure used to house or rear terrestrial livestock.,promoted_reviewed_scope_note,approved,Pete Steward,2026-08-06,review/livestock-v2/FINAL_HIERARCHY_RECOMMENDATIONS.md,Reviewed concept scope text is definition-grade and promoted without semantic expansion.
AOM_100994,en,Production system dedicated to rearing animals to reproductive maturity.,promoted_reviewed_scope_note,approved,Pete Steward,2026-08-06,review/livestock-v2/FINAL_HIERARCHY_RECOMMENDATIONS.md,Reviewed concept scope text is definition-grade and promoted without semantic expansion.
AOM_100995,en,Temporal frequency or duration used to describe grazing management.,promoted_reviewed_scope_note,approved,Pete Steward,2026-08-06,review/livestock-v2/FINAL_HIERARCHY_RECOMMENDATIONS.md,Reviewed concept scope text is definition-grade and promoted without semantic expansion.
AOM_100996,en,"Composition of a managed animal group by stage, sex, or genetic group.",promoted_reviewed_scope_note,approved,Pete Steward,2026-08-06,review/livestock-v2/FINAL_HIERARCHY_RECOMMENDATIONS.md,Reviewed concept scope text is definition-grade and promoted without semantic expansion.
AOM_100997,en,"Practices for prevention, monitoring, and management of animal health.",promoted_reviewed_scope_note,approved,Pete Steward,2026-08-06,review/livestock-v2/FINAL_HIERARCHY_RECOMMENDATIONS.md,Reviewed concept scope text is definition-grade and promoted without semantic expansion.
AOM_100998,en,"Quantity, biomass, density, or stocking rate of animals in a production unit.",promoted_reviewed_scope_note,approved,Pete Steward,2026-08-06,review/livestock-v2/FINAL_HIERARCHY_RECOMMENDATIONS.md,Reviewed concept scope text is definition-grade and promoted without semantic expansion.
AOM_100999,en,Parity and gestational-stage descriptors for managed animals; dimensions require later separation.,promoted_reviewed_scope_note,approved,Pete Steward,2026-08-06,review/livestock-v2/FINAL_HIERARCHY_RECOMMENDATIONS.md,Reviewed concept scope text is definition-grade and promoted without semantic expansion.
AOM_101000,en,"Practices governing pasture condition, access, stocking, and fodder provision.",promoted_reviewed_scope_note,approved,Pete Steward,2026-08-06,review/livestock-v2/FINAL_HIERARCHY_RECOMMENDATIONS.md,Reviewed concept scope text is definition-grade and promoted without semantic expansion.
AOM_101001,en,Practices and structures used to preserve fodder for later feeding.,promoted_reviewed_scope_note,approved,Pete Steward,2026-08-06,review/livestock-v2/FINAL_HIERARCHY_RECOMMENDATIONS.md,Reviewed concept scope text is definition-grade and promoted without semantic expansion.
AOM_101002,en,Animal-source categories used to organize life-stage descriptors in livestock management.,promoted_reviewed_scope_note,approved,Pete Steward,2026-08-06,review/livestock-v2/FINAL_HIERARCHY_RECOMMENDATIONS.md,Reviewed concept scope text is definition-grade and promoted without semantic expansion.
AOM_101003,en,Young-life-stage classes for chickens.,promoted_reviewed_scope_note,approved,Pete Steward,2026-08-06,review/livestock-v2/FINAL_HIERARCHY_RECOMMENDATIONS.md,Reviewed concept scope text is definition-grade and promoted without semantic expansion.
AOM_101004,en,Young-life-stage classes for fish.,promoted_reviewed_scope_note,approved,Pete Steward,2026-08-06,review/livestock-v2/FINAL_HIERARCHY_RECOMMENDATIONS.md,Reviewed concept scope text is definition-grade and promoted without semantic expansion.
AOM_101005,en,"Economic value of forgone labor, capital, or land alternatives.",promoted_reviewed_scope_note,approved,Pete Steward,2026-08-06,review/livestock-v2/FINAL_HIERARCHY_RECOMMENDATIONS.md,Reviewed concept scope text is definition-grade and promoted without semantic expansion.
AOM_101006,en,Total cost normalized by animal or land area.,promoted_reviewed_scope_note,approved,Pete Steward,2026-08-06,review/livestock-v2/FINAL_HIERARCHY_RECOMMENDATIONS.md,Reviewed concept scope text is definition-grade and promoted without semantic expansion.
AOM_101007,en,Total cost normalized by production output.,promoted_reviewed_scope_note,approved,Pete Steward,2026-08-06,review/livestock-v2/FINAL_HIERARCHY_RECOMMENDATIONS.md,Reviewed concept scope text is definition-grade and promoted without semantic expansion.
AOM_101008,en,Variable costs attributable to material inputs.,promoted_reviewed_scope_note,approved,Pete Steward,2026-08-06,review/livestock-v2/FINAL_HIERARCHY_RECOMMENDATIONS.md,Reviewed concept scope text is definition-grade and promoted without semantic expansion.
AOM_101009,en,Variable costs attributable to chemical or biological pest control.,promoted_reviewed_scope_note,approved,Pete Steward,2026-08-06,review/livestock-v2/FINAL_HIERARCHY_RECOMMENDATIONS.md,Reviewed concept scope text is definition-grade and promoted without semantic expansion.
AOM_101010,en,"Labor cost attributable to family labor, including sex-disaggregated measures.",promoted_reviewed_scope_note,approved,Pete Steward,2026-08-06,review/livestock-v2/FINAL_HIERARCHY_RECOMMENDATIONS.md,Reviewed concept scope text is definition-grade and promoted without semantic expansion.
AOM_101011,en,"Monetary private benefits from produce, manure, or animal services.",promoted_reviewed_scope_note,approved,Pete Steward,2026-08-06,review/livestock-v2/FINAL_HIERARCHY_RECOMMENDATIONS.md,Reviewed concept scope text is definition-grade and promoted without semantic expansion.
AOM_101012,en,"Private benefits received through consumption, nutrient cycling, or animal labor.",promoted_reviewed_scope_note,approved,Pete Steward,2026-08-06,review/livestock-v2/FINAL_HIERARCHY_RECOMMENDATIONS.md,Reviewed concept scope text is definition-grade and promoted without semantic expansion.
AOM_101013,en,Monetary and non-monetary benefits accruing beyond the private producer.,promoted_reviewed_scope_note,approved,Pete Steward,2026-08-06,review/livestock-v2/FINAL_HIERARCHY_RECOMMENDATIONS.md,Reviewed concept scope text is definition-grade and promoted without semantic expansion.
AOM_101014,en,Labor time and returns-to-labor productivity outcomes.,promoted_reviewed_scope_note,approved,Pete Steward,2026-08-06,review/livestock-v2/FINAL_HIERARCHY_RECOMMENDATIONS.md,Reviewed concept scope text is definition-grade and promoted without semantic expansion.
AOM_101015,en,Milk-fat quantity and compositional outcomes.,promoted_reviewed_scope_note,approved,Pete Steward,2026-08-06,review/livestock-v2/FINAL_HIERARCHY_RECOMMENDATIONS.md,Reviewed concept scope text is definition-grade and promoted without semantic expansion.
AOM_101016,en,Sex-disaggregated income and gender-equity outcomes.,promoted_reviewed_scope_note,approved,Pete Steward,2026-08-06,review/livestock-v2/FINAL_HIERARCHY_RECOMMENDATIONS.md,Reviewed concept scope text is definition-grade and promoted without semantic expansion.
AOM_101017,en,Echinoid animal grouping used for aquatic production species.,promoted_reviewed_scope_note,approved,Pete Steward,2026-08-06,review/livestock-v2/FINAL_HIERARCHY_RECOMMENDATIONS.md,Reviewed concept scope text is definition-grade and promoted without semantic expansion.
AOM_101018,en,Pig and related porcine animal concepts without asserting a narrower taxonomic rank.,promoted_reviewed_scope_note,approved,Pete Steward,2026-08-06,review/livestock-v2/FINAL_HIERARCHY_RECOMMENDATIONS.md,Reviewed concept scope text is definition-grade and promoted without semantic expansion.
AOM_101019,en,Biological structures from which feed materials derive.,promoted_reviewed_scope_note,approved,Pete Steward,2026-08-06,review/livestock-v3/ingredient_component_value_candidates.csv,Reviewed concept scope text is definition-grade and promoted without semantic expansion.
AOM_101020,en,Physical presentations of feed materials.,promoted_reviewed_scope_note,approved,Pete Steward,2026-08-06,review/livestock-v3/ingredient_component_value_candidates.csv,Reviewed concept scope text is definition-grade and promoted without semantic expansion.
AOM_101021,en,Transformations used to produce or prepare feed materials.,promoted_reviewed_scope_note,approved,Pete Steward,2026-08-06,review/livestock-v3/ingredient_component_value_candidates.csv,Reviewed concept scope text is definition-grade and promoted without semantic expansion.
AOM_101022,en,Economic or production roles of feed materials.,promoted_reviewed_scope_note,approved,Pete Steward,2026-08-06,review/livestock-v3/ingredient_component_value_candidates.csv,Reviewed concept scope text is definition-grade and promoted without semantic expansion.
AOM_101023,en,Chemical substances or fractions identified in feed materials.,promoted_reviewed_scope_note,approved,Pete Steward,2026-08-06,review/livestock-v3/ingredient_component_value_candidates.csv,Reviewed concept scope text is definition-grade and promoted without semantic expansion.
AOM_101024,en,Governed anatomical part value used for ingredient-component semantics.,promoted_reviewed_scope_note,approved,Pete Steward,2026-08-06,review/livestock-v3/ingredient_component_value_candidates.csv,Reviewed concept scope text is definition-grade and promoted without semantic expansion.
AOM_101025,en,Governed anatomical part value used for ingredient-component semantics.,promoted_reviewed_scope_note,approved,Pete Steward,2026-08-06,review/livestock-v3/ingredient_component_value_candidates.csv,Reviewed concept scope text is definition-grade and promoted without semantic expansion.
AOM_101026,en,Governed anatomical part value used for ingredient-component semantics.,promoted_reviewed_scope_note,approved,Pete Steward,2026-08-06,review/livestock-v3/ingredient_component_value_candidates.csv,Reviewed concept scope text is definition-grade and promoted without semantic expansion.
AOM_101027,en,Governed anatomical part value used for ingredient-component semantics.,promoted_reviewed_scope_note,approved,Pete Steward,2026-08-06,review/livestock-v3/ingredient_component_value_candidates.csv,Reviewed concept scope text is definition-grade and promoted without semantic expansion.
AOM_101028,en,Governed anatomical part value used for ingredient-component semantics.,promoted_reviewed_scope_note,approved,Pete Steward,2026-08-06,review/livestock-v3/ingredient_component_value_candidates.csv,Reviewed concept scope text is definition-grade and promoted without semantic expansion.
AOM_101029,en,Governed anatomical part value used for ingredient-component semantics.,promoted_reviewed_scope_note,approved,Pete Steward,2026-08-06,review/livestock-v3/ingredient_component_value_candidates.csv,Reviewed concept scope text is definition-grade and promoted without semantic expansion.
AOM_101030,en,Governed anatomical part value used for ingredient-component semantics.,promoted_reviewed_scope_note,approved,Pete Steward,2026-08-06,review/livestock-v3/ingredient_component_value_candidates.csv,Reviewed concept scope text is definition-grade and promoted without semantic expansion.
AOM_101031,en,Governed anatomical part value used for ingredient-component semantics.,promoted_reviewed_scope_note,approved,Pete Steward,2026-08-06,review/livestock-v3/ingredient_component_value_candidates.csv,Reviewed concept scope text is definition-grade and promoted without semantic expansion.
AOM_101032,en,Governed anatomical part value used for ingredient-component semantics.,promoted_reviewed_scope_note,approved,Pete Steward,2026-08-06,review/livestock-v3/ingredient_component_value_candidates.csv,Reviewed concept scope text is definition-grade and promoted without semantic expansion.
AOM_101033,en,Governed anatomical part value used for ingredient-component semantics.,promoted_reviewed_scope_note,approved,Pete Steward,2026-08-06,review/livestock-v3/ingredient_component_value_candidates.csv,Reviewed concept scope text is definition-grade and promoted without semantic expansion.
AOM_101034,en,Governed anatomical part value used for ingredient-component semantics.,promoted_reviewed_scope_note,approved,Pete Steward,2026-08-06,review/livestock-v3/ingredient_component_value_candidates.csv,Reviewed concept scope text is definition-grade and promoted without semantic expansion.
AOM_101035,en,Governed anatomical part value used for ingredient-component semantics.,promoted_reviewed_scope_note,approved,Pete Steward,2026-08-06,review/livestock-v3/ingredient_component_value_candidates.csv,Reviewed concept scope text is definition-grade and promoted without semantic expansion.
AOM_101036,en,Governed anatomical part value used for ingredient-component semantics.,promoted_reviewed_scope_note,approved,Pete Steward,2026-08-06,review/livestock-v3/ingredient_component_value_candidates.csv,Reviewed concept scope text is definition-grade and promoted without semantic expansion.
AOM_101037,en,Governed anatomical part value used for ingredient-component semantics.,promoted_reviewed_scope_note,approved,Pete Steward,2026-08-06,review/livestock-v3/ingredient_component_value_candidates.csv,Reviewed concept scope text is definition-grade and promoted without semantic expansion.
AOM_101038,en,Governed anatomical part value used for ingredient-component semantics.,promoted_reviewed_scope_note,approved,Pete Steward,2026-08-06,review/livestock-v3/ingredient_component_value_candidates.csv,Reviewed concept scope text is definition-grade and promoted without semantic expansion.
AOM_101039,en,Governed anatomical part value used for ingredient-component semantics.,promoted_reviewed_scope_note,approved,Pete Steward,2026-08-06,review/livestock-v3/ingredient_component_value_candidates.csv,Reviewed concept scope text is definition-grade and promoted without semantic expansion.
AOM_101040,en,Governed anatomical part value used for ingredient-component semantics.,promoted_reviewed_scope_note,approved,Pete Steward,2026-08-06,review/livestock-v3/ingredient_component_value_candidates.csv,Reviewed concept scope text is definition-grade and promoted without semantic expansion.
AOM_101041,en,Governed anatomical part value used for ingredient-component semantics.,promoted_reviewed_scope_note,approved,Pete Steward,2026-08-06,review/livestock-v3/ingredient_component_value_candidates.csv,Reviewed concept scope text is definition-grade and promoted without semantic expansion.
AOM_101042,en,Governed anatomical part value used for ingredient-component semantics.,promoted_reviewed_scope_note,approved,Pete Steward,2026-08-06,review/livestock-v3/ingredient_component_value_candidates.csv,Reviewed concept scope text is definition-grade and promoted without semantic expansion.
AOM_101043,en,Governed anatomical part value used for ingredient-component semantics.,promoted_reviewed_scope_note,approved,Pete Steward,2026-08-06,review/livestock-v3/ingredient_component_value_candidates.csv,Reviewed concept scope text is definition-grade and promoted without semantic expansion.
AOM_101044,en,Governed anatomical part value used for ingredient-component semantics.,promoted_reviewed_scope_note,approved,Pete Steward,2026-08-06,review/livestock-v3/ingredient_component_value_candidates.csv,Reviewed concept scope text is definition-grade and promoted without semantic expansion.
AOM_101045,en,Governed anatomical part value used for ingredient-component semantics.,promoted_reviewed_scope_note,approved,Pete Steward,2026-08-06,review/livestock-v3/ingredient_component_value_candidates.csv,Reviewed concept scope text is definition-grade and promoted without semantic expansion.
AOM_101046,en,Governed anatomical part value used for ingredient-component semantics.,promoted_reviewed_scope_note,approved,Pete Steward,2026-08-06,review/livestock-v3/ingredient_component_value_candidates.csv,Reviewed concept scope text is definition-grade and promoted without semantic expansion.
AOM_101047,en,Governed anatomical part value used for ingredient-component semantics.,promoted_reviewed_scope_note,approved,Pete Steward,2026-08-06,review/livestock-v3/ingredient_component_value_candidates.csv,Reviewed concept scope text is definition-grade and promoted without semantic expansion.
AOM_101048,en,Governed anatomical part value used for ingredient-component semantics.,promoted_reviewed_scope_note,approved,Pete Steward,2026-08-06,review/livestock-v3/ingredient_component_value_candidates.csv,Reviewed concept scope text is definition-grade and promoted without semantic expansion.
AOM_101049,en,Governed physical form value used for ingredient-component semantics.,promoted_reviewed_scope_note,approved,Pete Steward,2026-08-06,review/livestock-v3/ingredient_component_value_candidates.csv,Reviewed concept scope text is definition-grade and promoted without semantic expansion.
AOM_101050,en,Governed physical form value used for ingredient-component semantics.,promoted_reviewed_scope_note,approved,Pete Steward,2026-08-06,review/livestock-v3/ingredient_component_value_candidates.csv,Reviewed concept scope text is definition-grade and promoted without semantic expansion.
AOM_101051,en,Governed physical form value used for ingredient-component semantics.,promoted_reviewed_scope_note,approved,Pete Steward,2026-08-06,review/livestock-v3/ingredient_component_value_candidates.csv,Reviewed concept scope text is definition-grade and promoted without semantic expansion.
AOM_101052,en,Governed physical form value used for ingredient-component semantics.,promoted_reviewed_scope_note,approved,Pete Steward,2026-08-06,review/livestock-v3/ingredient_component_value_candidates.csv,Reviewed concept scope text is definition-grade and promoted without semantic expansion.
AOM_101053,en,Governed physical form value used for ingredient-component semantics.,promoted_reviewed_scope_note,approved,Pete Steward,2026-08-06,review/livestock-v3/ingredient_component_value_candidates.csv,Reviewed concept scope text is definition-grade and promoted without semantic expansion.
AOM_101054,en,Governed physical form value used for ingredient-component semantics.,promoted_reviewed_scope_note,approved,Pete Steward,2026-08-06,review/livestock-v3/ingredient_component_value_candidates.csv,Reviewed concept scope text is definition-grade and promoted without semantic expansion.
AOM_101055,en,Governed product role value used for ingredient-component semantics.,promoted_reviewed_scope_note,approved,Pete Steward,2026-08-06,review/livestock-v3/ingredient_component_value_candidates.csv,Reviewed concept scope text is definition-grade and promoted without semantic expansion.
AOM_101056,en,Governed product role value used for ingredient-component semantics.,promoted_reviewed_scope_note,approved,Pete Steward,2026-08-06,review/livestock-v3/ingredient_component_value_candidates.csv,Reviewed concept scope text is definition-grade and promoted without semantic expansion.
AOM_101057,en,Governed product role value used for ingredient-component semantics.,promoted_reviewed_scope_note,approved,Pete Steward,2026-08-06,review/livestock-v3/ingredient_component_value_candidates.csv,Reviewed concept scope text is definition-grade and promoted without semantic expansion.
AOM_101058,en,Governed product role value used for ingredient-component semantics.,promoted_reviewed_scope_note,approved,Pete Steward,2026-08-06,review/livestock-v3/ingredient_component_value_candidates.csv,Reviewed concept scope text is definition-grade and promoted without semantic expansion.
AOM_101059,en,Governed product role value used for ingredient-component semantics.,promoted_reviewed_scope_note,approved,Pete Steward,2026-08-06,review/livestock-v3/ingredient_component_value_candidates.csv,Reviewed concept scope text is definition-grade and promoted without semantic expansion.
AOM_101060,en,Governed product role value used for ingredient-component semantics.,promoted_reviewed_scope_note,approved,Pete Steward,2026-08-06,review/livestock-v3/ingredient_component_value_candidates.csv,Reviewed concept scope text is definition-grade and promoted without semantic expansion.
AOM_101061,en,Governed product role value used for ingredient-component semantics.,promoted_reviewed_scope_note,approved,Pete Steward,2026-08-06,review/livestock-v3/ingredient_component_value_candidates.csv,Reviewed concept scope text is definition-grade and promoted without semantic expansion.
AOM_101062,en,Governed product role value used for ingredient-component semantics.,promoted_reviewed_scope_note,approved,Pete Steward,2026-08-06,review/livestock-v3/ingredient_component_value_candidates.csv,Reviewed concept scope text is definition-grade and promoted without semantic expansion.
AOM_101063,en,Governed product role value used for ingredient-component semantics.,promoted_reviewed_scope_note,approved,Pete Steward,2026-08-06,review/livestock-v3/ingredient_component_value_candidates.csv,Reviewed concept scope text is definition-grade and promoted without semantic expansion.
AOM_101064,en,Governed chemical constituent value used for ingredient-component semantics.,promoted_reviewed_scope_note,approved,Pete Steward,2026-08-06,review/livestock-v3/ingredient_component_value_candidates.csv,Reviewed concept scope text is definition-grade and promoted without semantic expansion.
AOM_101065,en,Governed chemical constituent value used for ingredient-component semantics.,promoted_reviewed_scope_note,approved,Pete Steward,2026-08-06,review/livestock-v3/ingredient_component_value_candidates.csv,Reviewed concept scope text is definition-grade and promoted without semantic expansion.
AOM_101066,en,Governed chemical constituent value used for ingredient-component semantics.,promoted_reviewed_scope_note,approved,Pete Steward,2026-08-06,review/livestock-v3/ingredient_component_value_candidates.csv,Reviewed concept scope text is definition-grade and promoted without semantic expansion.
AOM_101067,en,Governed chemical constituent value used for ingredient-component semantics.,promoted_reviewed_scope_note,approved,Pete Steward,2026-08-06,review/livestock-v3/ingredient_component_value_candidates.csv,Reviewed concept scope text is definition-grade and promoted without semantic expansion.
AOM_101068,en,Governed processing method value used for ingredient-component semantics.,promoted_reviewed_scope_note,approved,Pete Steward,2026-08-06,review/livestock-v3/ingredient_component_value_candidates.csv,Reviewed concept scope text is definition-grade and promoted without semantic expansion.
AOM_101069,en,Governed processing method value used for ingredient-component semantics.,promoted_reviewed_scope_note,approved,Pete Steward,2026-08-06,review/livestock-v3/ingredient_component_value_candidates.csv,Reviewed concept scope text is definition-grade and promoted without semantic expansion.
AOM_101070,en,Governed processing method value used for ingredient-component semantics.,promoted_reviewed_scope_note,approved,Pete Steward,2026-08-06,review/livestock-v3/ingredient_component_value_candidates.csv,Reviewed concept scope text is definition-grade and promoted without semantic expansion.
AOM_101071,en,Governed processing method value used for ingredient-component semantics.,promoted_reviewed_scope_note,approved,Pete Steward,2026-08-06,review/livestock-v3/ingredient_component_value_candidates.csv,Reviewed concept scope text is definition-grade and promoted without semantic expansion.
AOM_101072,en,Governed processing method value used for ingredient-component semantics.,promoted_reviewed_scope_note,approved,Pete Steward,2026-08-06,review/livestock-v3/ingredient_component_value_candidates.csv,Reviewed concept scope text is definition-grade and promoted without semantic expansion.
AOM_101073,en,Governed processing method value used for ingredient-component semantics.,promoted_reviewed_scope_note,approved,Pete Steward,2026-08-06,review/livestock-v3/ingredient_component_value_candidates.csv,Reviewed concept scope text is definition-grade and promoted without semantic expansion.
AOM_101074,en,Governed anatomical part value used for ingredient-component semantics.,promoted_reviewed_scope_note,approved,Pete Steward,2026-08-06,review/livestock-v3/ingredient_component_value_candidates.csv,Reviewed concept scope text is definition-grade and promoted without semantic expansion.
AOM_101075,en,Governed physical form value used for ingredient-component semantics.,promoted_reviewed_scope_note,approved,Pete Steward,2026-08-06,review/livestock-v3/ingredient_component_value_candidates.csv,Reviewed concept scope text is definition-grade and promoted without semantic expansion.
AOM_101076,en,Governed physical form value used for ingredient-component semantics.,promoted_reviewed_scope_note,approved,Pete Steward,2026-08-06,review/livestock-v3/ingredient_component_value_candidates.csv,Reviewed concept scope text is definition-grade and promoted without semantic expansion.
AOM_101077,en,Governed physical form value used for ingredient-component semantics.,promoted_reviewed_scope_note,approved,Pete Steward,2026-08-06,review/livestock-v3/ingredient_component_value_candidates.csv,Reviewed concept scope text is definition-grade and promoted without semantic expansion.
AOM_101078,en,Governed physical form value used for ingredient-component semantics.,promoted_reviewed_scope_note,approved,Pete Steward,2026-08-06,review/livestock-v3/ingredient_component_value_candidates.csv,Reviewed concept scope text is definition-grade and promoted without semantic expansion.
AOM_101079,en,Governed product role value used for ingredient-component semantics.,promoted_reviewed_scope_note,approved,Pete Steward,2026-08-06,review/livestock-v3/ingredient_component_value_candidates.csv,Reviewed concept scope text is definition-grade and promoted without semantic expansion.
AOM_101080,en,Governed chemical constituent value used for ingredient-component semantics.,promoted_reviewed_scope_note,approved,Pete Steward,2026-08-06,review/livestock-v3/ingredient_component_value_candidates.csv,Reviewed concept scope text is definition-grade and promoted without semantic expansion.
AOM_101081,en,Governed chemical constituent value used for ingredient-component semantics.,promoted_reviewed_scope_note,approved,Pete Steward,2026-08-06,review/livestock-v3/ingredient_component_value_candidates.csv,Reviewed concept scope text is definition-grade and promoted without semantic expansion.
AOM_101082,en,Governed processing method value used for ingredient-component semantics.,promoted_reviewed_scope_note,approved,Pete Steward,2026-08-06,review/livestock-v3/ingredient_component_value_candidates.csv,Reviewed concept scope text is definition-grade and promoted without semantic expansion.
AOM_101083,en,Governed processing method value used for ingredient-component semantics.,promoted_reviewed_scope_note,approved,Pete Steward,2026-08-06,review/livestock-v3/ingredient_component_value_candidates.csv,Reviewed concept scope text is definition-grade and promoted without semantic expansion.
AOM_101084,en,Governed processing method value used for ingredient-component semantics.,promoted_reviewed_scope_note,approved,Pete Steward,2026-08-06,review/livestock-v3/ingredient_component_value_candidates.csv,Reviewed concept scope text is definition-grade and promoted without semantic expansion.
AOM_101085,en,Reviewed material scopes and components that are not limited to anatomical parts.,promoted_reviewed_scope_note,approved,Pete Steward,2026-08-06,review/livestock-v4/MAIZE_IDENTITY_REVIEW.md,Reviewed concept scope text is definition-grade and promoted without semantic expansion.
AOM_101086,en,Governed material component value used for feed-material semantics.,promoted_reviewed_scope_note,approved,Pete Steward,2026-08-06,review/livestock-v4/MAIZE_IDENTITY_REVIEW.md,Reviewed concept scope text is definition-grade and promoted without semantic expansion.
AOM_101087,en,Governed processing method value used for feed-material semantics.,promoted_reviewed_scope_note,approved,Pete Steward,2026-08-06,review/livestock-v6/ingredient_rule_quality_assessment.csv,Reviewed concept scope text is definition-grade and promoted without semantic expansion.
AOM_101088,en,Governed processing method value used for feed-material semantics.,promoted_reviewed_scope_note,approved,Pete Steward,2026-08-06,review/livestock-v6/ingredient_rule_quality_assessment.csv,Reviewed concept scope text is definition-grade and promoted without semantic expansion.
AOM_101089,en,Governed processing method value used for feed-material semantics.,promoted_reviewed_scope_note,approved,Pete Steward,2026-08-06,review/livestock-v6/ingredient_rule_quality_assessment.csv,Reviewed concept scope text is definition-grade and promoted without semantic expansion.
AOM_101090,en,Governed processing method value used for feed-material semantics.,promoted_reviewed_scope_note,approved,Pete Steward,2026-08-06,review/livestock-v6/ingredient_rule_quality_assessment.csv,Reviewed concept scope text is definition-grade and promoted without semantic expansion.
AOM_101091,en,Governed processing method value used for feed-material semantics.,promoted_reviewed_scope_note,approved,Pete Steward,2026-08-06,review/livestock-v6/ingredient_rule_quality_assessment.csv,Reviewed concept scope text is definition-grade and promoted without semantic expansion.
AOM_101092,en,Governed processing method value used for feed-material semantics.,promoted_reviewed_scope_note,approved,Pete Steward,2026-08-06,review/livestock-v6/ingredient_rule_quality_assessment.csv,Reviewed concept scope text is definition-grade and promoted without semantic expansion.
AOM_101093,en,Governed processing method value used for feed-material semantics.,promoted_reviewed_scope_note,approved,Pete Steward,2026-08-06,review/livestock-v6/ingredient_rule_quality_assessment.csv,Reviewed concept scope text is definition-grade and promoted without semantic expansion.
AOM_101094,en,Governed processing method value used for feed-material semantics.,promoted_reviewed_scope_note,approved,Pete Steward,2026-08-06,review/livestock-v6/ingredient_rule_quality_assessment.csv,Reviewed concept scope text is definition-grade and promoted without semantic expansion.
AOM_101095,en,Governed processing method value used for feed-material semantics.,promoted_reviewed_scope_note,approved,Pete Steward,2026-08-06,review/livestock-v6/ingredient_rule_quality_assessment.csv,Reviewed concept scope text is definition-grade and promoted without semantic expansion.
AOM_101096,en,Governed processing method value used for feed-material semantics.,promoted_reviewed_scope_note,approved,Pete Steward,2026-08-06,review/livestock-v6/ingredient_rule_quality_assessment.csv,Reviewed concept scope text is definition-grade and promoted without semantic expansion.
AOM_101097,en,Governed processing method value used for feed-material semantics.,promoted_reviewed_scope_note,approved,Pete Steward,2026-08-06,review/livestock-v6/ingredient_rule_quality_assessment.csv,Reviewed concept scope text is definition-grade and promoted without semantic expansion.
AOM_101098,en,Governed processing method value used for feed-material semantics.,promoted_reviewed_scope_note,approved,Pete Steward,2026-08-06,review/livestock-v6/ingredient_rule_quality_assessment.csv,Reviewed concept scope text is definition-grade and promoted without semantic expansion.
AOM_101099,en,Governed processing method value used for feed-material semantics.,promoted_reviewed_scope_note,approved,Pete Steward,2026-08-06,review/livestock-v6/ingredient_rule_quality_assessment.csv,Reviewed concept scope text is definition-grade and promoted without semantic expansion.
AOM_101100,en,Governed processing method value used for feed-material semantics.,promoted_reviewed_scope_note,approved,Pete Steward,2026-08-06,review/livestock-v6/ingredient_rule_quality_assessment.csv,Reviewed concept scope text is definition-grade and promoted without semantic expansion.
AOM_101101,en,Governed processing method value used for feed-material semantics.,promoted_reviewed_scope_note,approved,Pete Steward,2026-08-06,review/livestock-v6/ingredient_rule_quality_assessment.csv,Reviewed concept scope text is definition-grade and promoted without semantic expansion.
AOM_101102,en,Governed processing method value used for feed-material semantics.,promoted_reviewed_scope_note,approved,Pete Steward,2026-08-06,review/livestock-v6/ingredient_rule_quality_assessment.csv,Reviewed concept scope text is definition-grade and promoted without semantic expansion.
AOM_101103,en,Governed anatomical part value used for feed-material semantics.,promoted_reviewed_scope_note,approved,Pete Steward,2026-08-06,review/livestock-v6/ingredient_rule_quality_assessment.csv,Reviewed concept scope text is definition-grade and promoted without semantic expansion.
AOM_101104,en,Governed anatomical part value used for feed-material semantics.,promoted_reviewed_scope_note,approved,Pete Steward,2026-08-06,review/livestock-v6/ingredient_rule_quality_assessment.csv,Reviewed concept scope text is definition-grade and promoted without semantic expansion.
AOM_101105,en,Governed anatomical part value used for feed-material semantics.,promoted_reviewed_scope_note,approved,Pete Steward,2026-08-06,review/livestock-v6/ingredient_rule_quality_assessment.csv,Reviewed concept scope text is definition-grade and promoted without semantic expansion.
AOM_101106,en,Governed anatomical part value used for feed-material semantics.,promoted_reviewed_scope_note,approved,Pete Steward,2026-08-06,review/livestock-v6/ingredient_rule_quality_assessment.csv,Reviewed concept scope text is definition-grade and promoted without semantic expansion.
AOM_101107,en,Governed anatomical part value used for feed-material semantics.,promoted_reviewed_scope_note,approved,Pete Steward,2026-08-06,review/livestock-v6/ingredient_rule_quality_assessment.csv,Reviewed concept scope text is definition-grade and promoted without semantic expansion.
AOM_101108,en,Governed physical form value used for feed-material semantics.,promoted_reviewed_scope_note,approved,Pete Steward,2026-08-06,review/livestock-v6/ingredient_rule_quality_assessment.csv,Reviewed concept scope text is definition-grade and promoted without semantic expansion.
AOM_101109,en,Governed material integrity vocabulary used for feed-material semantics.,promoted_reviewed_scope_note,approved,Pete Steward,2026-08-06,docs/decisions/0018-whole-grain-integrity.md,Reviewed concept scope text is definition-grade and promoted without semantic expansion.
AOM_101110,en,Governed material integrity value used for feed-material semantics.,promoted_reviewed_scope_note,approved,Pete Steward,2026-08-06,docs/decisions/0018-whole-grain-integrity.md,Reviewed concept scope text is definition-grade and promoted without semantic expansion.
AOM_101111,en,Governed feed product type vocabulary used for feed-material semantics.,promoted_reviewed_scope_note,approved,Pete Steward,2026-08-06,docs/decisions/0020-ingredient-semantic-closure.md,Reviewed concept scope text is definition-grade and promoted without semantic expansion.
AOM_101112,en,Governed feed product type value used for feed-material semantics.,promoted_reviewed_scope_note,approved,Pete Steward,2026-08-06,docs/decisions/0020-ingredient-semantic-closure.md,Reviewed concept scope text is definition-grade and promoted without semantic expansion.
AOM_101113,en,Governed feed product type value used for feed-material semantics.,promoted_reviewed_scope_note,approved,Pete Steward,2026-08-06,docs/decisions/0020-ingredient-semantic-closure.md,Reviewed concept scope text is definition-grade and promoted without semantic expansion.
AOM_101114,en,Governed feed product type value used for feed-material semantics.,promoted_reviewed_scope_note,approved,Pete Steward,2026-08-06,docs/decisions/0020-ingredient-semantic-closure.md,Reviewed concept scope text is definition-grade and promoted without semantic expansion.
AOM_101115,en,Governed composition state vocabulary used for feed-material semantics.,promoted_reviewed_scope_note,approved,Pete Steward,2026-08-06,docs/decisions/0020-ingredient-semantic-closure.md,Reviewed concept scope text is definition-grade and promoted without semantic expansion.
AOM_101116,en,Governed composition state value used for feed-material semantics.,promoted_reviewed_scope_note,approved,Pete Steward,2026-08-06,docs/decisions/0020-ingredient-semantic-closure.md,Reviewed concept scope text is definition-grade and promoted without semantic expansion.
