feed_material_id,target_property,target_concept_id,target_label,rule_id,status,reviewer,review_date,evidence,rationale
AOM_000536,aom:processingMethod,AOM_101095,Grinding,PROCESS-GROUND,approved-generated,Pete Steward,2026-08-05,data/livestock-staging/approved_ingredient_harmonization_rules.csv,Generated from approved rule under recorded guard; legacy material identity preserved.
AOM_000537,aom:processingMethod,AOM_101071,Drying,PROCESS-DRIED,approved-generated,Pete Steward,2026-08-05,data/livestock-staging/approved_ingredient_harmonization_rules.csv,Generated from approved rule under recorded guard; legacy material identity preserved.
AOM_000537,aom:processingMethod,AOM_101095,Grinding,PROCESS-GROUND,approved-generated,Pete Steward,2026-08-05,data/livestock-staging/approved_ingredient_harmonization_rules.csv,Generated from approved rule under recorded guard; legacy material identity preserved.
AOM_000537,aom:processingMethod,AOM_101096,Heating,PROCESS-HEATED,approved-generated,Pete Steward,2026-08-05,data/livestock-staging/approved_ingredient_harmonization_rules.csv,Generated from approved rule under recorded guard; legacy material identity preserved.
AOM_000539,aom:processingMethod,AOM_101095,Grinding,PROCESS-GROUND,approved-generated,Pete Steward,2026-08-05,data/livestock-staging/approved_ingredient_harmonization_rules.csv,Generated from approved rule under recorded guard; legacy material identity preserved.
AOM_000543,aom:processingMethod,AOM_101095,Grinding,PROCESS-GROUND,approved-generated,Pete Steward,2026-08-05,data/livestock-staging/approved_ingredient_harmonization_rules.csv,Generated from approved rule under recorded guard; legacy material identity preserved.
AOM_000550,aom:processingMethod,AOM_101095,Grinding,PROCESS-GROUND,approved-generated,Pete Steward,2026-08-05,data/livestock-staging/approved_ingredient_harmonization_rules.csv,Generated from approved rule under recorded guard; legacy material identity preserved.
AOM_000551,aom:processingMethod,AOM_101071,Drying,PROCESS-DRIED,approved-generated,Pete Steward,2026-08-05,data/livestock-staging/approved_ingredient_harmonization_rules.csv,Generated from approved rule under recorded guard; legacy material identity preserved.
AOM_000551,aom:processingMethod,AOM_101095,Grinding,PROCESS-GROUND,approved-generated,Pete Steward,2026-08-05,data/livestock-staging/approved_ingredient_harmonization_rules.csv,Generated from approved rule under recorded guard; legacy material identity preserved.
AOM_000552,aom:processingMethod,AOM_101095,Grinding,PROCESS-GROUND,approved-generated,Pete Steward,2026-08-05,data/livestock-staging/approved_ingredient_harmonization_rules.csv,Generated from approved rule under recorded guard; legacy material identity preserved.
AOM_000553,aom:processingMethod,AOM_101095,Grinding,PROCESS-GROUND,approved-generated,Pete Steward,2026-08-05,data/livestock-staging/approved_ingredient_harmonization_rules.csv,Generated from approved rule under recorded guard; legacy material identity preserved.
AOM_000563,aom:ingredientPart,AOM_101104,Bran,COMPONENT-BRAN,approved-generated,Pete Steward,2026-08-05,data/livestock-staging/approved_ingredient_harmonization_rules.csv,Generated from approved rule under recorded guard; legacy material identity preserved.
AOM_000564,aom:ingredientPart,AOM_101074,Grain,COMPONENT-GRAIN,approved-generated,Pete Steward,2026-08-05,data/livestock-staging/approved_ingredient_harmonization_rules.csv,Generated from approved rule under recorded guard; legacy material identity preserved.
AOM_000564,aom:processingMethod,AOM_101071,Drying,PROCESS-DRIED,approved-generated,Pete Steward,2026-08-05,data/livestock-staging/approved_ingredient_harmonization_rules.csv,Generated from approved rule under recorded guard; legacy material identity preserved.
AOM_000565,aom:ingredientPart,AOM_101074,Grain,COMPONENT-GRAIN,approved-generated,Pete Steward,2026-08-05,data/livestock-staging/approved_ingredient_harmonization_rules.csv,Generated from approved rule under recorded guard; legacy material identity preserved.
AOM_000567,aom:processingMethod,AOM_101095,Grinding,PROCESS-GROUND,approved-generated,Pete Steward,2026-08-05,data/livestock-staging/approved_ingredient_harmonization_rules.csv,Generated from approved rule under recorded guard; legacy material identity preserved.
AOM_000569,aom:ingredientPart,AOM_101026,Cob,COMPONENT-COB,approved-generated,Pete Steward,2026-08-05,data/livestock-staging/approved_ingredient_harmonization_rules.csv,Generated from approved rule under recorded guard; legacy material identity preserved.
AOM_000570,aom:processingMethod,AOM_101093,Extrusion,PROCESS-EXTRUDED,approved-generated,Pete Steward,2026-08-05,data/livestock-staging/approved_ingredient_harmonization_rules.csv,Generated from approved rule under recorded guard; legacy material identity preserved.
AOM_000572,aom:ingredientPart,AOM_101106,Straw,COMPONENT-STRAW,approved-generated,Pete Steward,2026-08-05,data/livestock-staging/approved_ingredient_harmonization_rules.csv,Generated from approved rule under recorded guard; legacy material identity preserved.
AOM_000574,aom:ingredientPart,AOM_101033,Leaf,COMPONENT-LEAF,approved-generated,Pete Steward,2026-08-05,data/livestock-staging/approved_ingredient_harmonization_rules.csv,Generated from approved rule under recorded guard; legacy material identity preserved.
AOM_000574,aom:processingMethod,AOM_101071,Drying,PROCESS-DRIED,approved-generated,Pete Steward,2026-08-05,data/livestock-staging/approved_ingredient_harmonization_rules.csv,Generated from approved rule under recorded guard; legacy material identity preserved.
AOM_000575,aom:ingredientPart,AOM_101104,Bran,COMPONENT-BRAN,approved-generated,Pete Steward,2026-08-05,data/livestock-staging/approved_ingredient_harmonization_rules.csv,Generated from approved rule under recorded guard; legacy material identity preserved.
AOM_000576,aom:ingredientPart,AOM_101031,Husk,COMPONENT-HUSK,approved-generated,Pete Steward,2026-08-05,data/livestock-staging/approved_ingredient_harmonization_rules.csv,Generated from approved rule under recorded guard; legacy material identity preserved.
AOM_000579,aom:ingredientPart,AOM_101106,Straw,COMPONENT-STRAW,approved-generated,Pete Steward,2026-08-05,data/livestock-staging/approved_ingredient_harmonization_rules.csv,Generated from approved rule under recorded guard; legacy material identity preserved.
AOM_000580,aom:ingredientPart,AOM_101104,Bran,COMPONENT-BRAN,approved-generated,Pete Steward,2026-08-05,data/livestock-staging/approved_ingredient_harmonization_rules.csv,Generated from approved rule under recorded guard; legacy material identity preserved.
AOM_000581,aom:ingredientPart,AOM_101106,Straw,COMPONENT-STRAW,approved-generated,Pete Steward,2026-08-05,data/livestock-staging/approved_ingredient_harmonization_rules.csv,Generated from approved rule under recorded guard; legacy material identity preserved.
AOM_000582,aom:ingredientPart,AOM_101106,Straw,COMPONENT-STRAW,approved-generated,Pete Steward,2026-08-05,data/livestock-staging/approved_ingredient_harmonization_rules.csv,Generated from approved rule under recorded guard; legacy material identity preserved.
AOM_000584,aom:ingredientPart,AOM_101106,Straw,COMPONENT-STRAW,approved-generated,Pete Steward,2026-08-05,data/livestock-staging/approved_ingredient_harmonization_rules.csv,Generated from approved rule under recorded guard; legacy material identity preserved.
AOM_000585,aom:ingredientPart,AOM_101104,Bran,COMPONENT-BRAN,approved-generated,Pete Steward,2026-08-05,data/livestock-staging/approved_ingredient_harmonization_rules.csv,Generated from approved rule under recorded guard; legacy material identity preserved.
AOM_000586,aom:ingredientPart,AOM_101104,Bran,COMPONENT-BRAN,approved-generated,Pete Steward,2026-08-05,data/livestock-staging/approved_ingredient_harmonization_rules.csv,Generated from approved rule under recorded guard; legacy material identity preserved.
AOM_000587,aom:processingMethod,AOM_101071,Drying,PROCESS-DRIED,approved-generated,Pete Steward,2026-08-05,data/livestock-staging/approved_ingredient_harmonization_rules.csv,Generated from approved rule under recorded guard; legacy material identity preserved.
AOM_000595,aom:ingredientPart,AOM_101033,Leaf,COMPONENT-LEAF,approved-generated,Pete Steward,2026-08-05,data/livestock-staging/approved_ingredient_harmonization_rules.csv,Generated from approved rule under recorded guard; legacy material identity preserved.
AOM_000596,aom:ingredientPart,AOM_101038,Seed,COMPONENT-SEED,approved-generated,Pete Steward,2026-08-05,data/livestock-staging/approved_ingredient_harmonization_rules.csv,Generated from approved rule under recorded guard; legacy material identity preserved.
AOM_000596,aom:processingMethod,AOM_101095,Grinding,PROCESS-GROUND,approved-generated,Pete Steward,2026-08-05,data/livestock-staging/approved_ingredient_harmonization_rules.csv,Generated from approved rule under recorded guard; legacy material identity preserved.
AOM_000600,aom:ingredientPart,AOM_101038,Seed,COMPONENT-SEED,approved-generated,Pete Steward,2026-08-05,data/livestock-staging/approved_ingredient_harmonization_rules.csv,Generated from approved rule under recorded guard; legacy material identity preserved.
AOM_000600,aom:processingMethod,AOM_101095,Grinding,PROCESS-GROUND,approved-generated,Pete Steward,2026-08-05,data/livestock-staging/approved_ingredient_harmonization_rules.csv,Generated from approved rule under recorded guard; legacy material identity preserved.
AOM_000602,aom:ingredientPart,AOM_101031,Husk,COMPONENT-HUSK,approved-generated,Pete Steward,2026-08-05,data/livestock-staging/approved_ingredient_harmonization_rules.csv,Generated from approved rule under recorded guard; legacy material identity preserved.
AOM_000606,aom:ingredientPart,AOM_101031,Husk,COMPONENT-HUSK,approved-generated,Pete Steward,2026-08-05,data/livestock-staging/approved_ingredient_harmonization_rules.csv,Generated from approved rule under recorded guard; legacy material identity preserved.
AOM_000606,aom:processingMethod,AOM_101095,Grinding,PROCESS-GROUND,approved-generated,Pete Steward,2026-08-05,data/livestock-staging/approved_ingredient_harmonization_rules.csv,Generated from approved rule under recorded guard; legacy material identity preserved.
AOM_000607,aom:processingMethod,AOM_101095,Grinding,PROCESS-GROUND,approved-generated,Pete Steward,2026-08-05,data/livestock-staging/approved_ingredient_harmonization_rules.csv,Generated from approved rule under recorded guard; legacy material identity preserved.
AOM_000608,aom:ingredientPart,AOM_101038,Seed,COMPONENT-SEED,approved-generated,Pete Steward,2026-08-05,data/livestock-staging/approved_ingredient_harmonization_rules.csv,Generated from approved rule under recorded guard; legacy material identity preserved.
AOM_000609,aom:ingredientPart,AOM_101033,Leaf,COMPONENT-LEAF,approved-generated,Pete Steward,2026-08-05,data/livestock-staging/approved_ingredient_harmonization_rules.csv,Generated from approved rule under recorded guard; legacy material identity preserved.
AOM_000612,aom:processingMethod,AOM_101071,Drying,PROCESS-DRIED,approved-generated,Pete Steward,2026-08-05,data/livestock-staging/approved_ingredient_harmonization_rules.csv,Generated from approved rule under recorded guard; legacy material identity preserved.
AOM_000613,aom:processingMethod,AOM_101095,Grinding,PROCESS-GROUND,approved-generated,Pete Steward,2026-08-05,data/livestock-staging/approved_ingredient_harmonization_rules.csv,Generated from approved rule under recorded guard; legacy material identity preserved.
AOM_000617,aom:ingredientPart,AOM_101040,Shell,COMPONENT-SHELL,approved-generated,Pete Steward,2026-08-05,data/livestock-staging/approved_ingredient_harmonization_rules.csv,Generated from approved rule under recorded guard; legacy material identity preserved.
AOM_000620,aom:ingredientPart,AOM_101038,Seed,COMPONENT-SEED,approved-generated,Pete Steward,2026-08-05,data/livestock-staging/approved_ingredient_harmonization_rules.csv,Generated from approved rule under recorded guard; legacy material identity preserved.
AOM_000625,aom:ingredientPart,AOM_101032,Kernel,COMPONENT-KERNEL,approved-generated,Pete Steward,2026-08-05,data/livestock-staging/approved_ingredient_harmonization_rules.csv,Generated from approved rule under recorded guard; legacy material identity preserved.
AOM_000625,aom:processingMethod,AOM_101095,Grinding,PROCESS-GROUND,approved-generated,Pete Steward,2026-08-05,data/livestock-staging/approved_ingredient_harmonization_rules.csv,Generated from approved rule under recorded guard; legacy material identity preserved.
AOM_000633,aom:processingMethod,AOM_101071,Drying,PROCESS-DRIED,approved-generated,Pete Steward,2026-08-05,data/livestock-staging/approved_ingredient_harmonization_rules.csv,Generated from approved rule under recorded guard; legacy material identity preserved.
AOM_000634,aom:ingredientPart,AOM_101104,Bran,COMPONENT-BRAN,approved-generated,Pete Steward,2026-08-05,data/livestock-staging/approved_ingredient_harmonization_rules.csv,Generated from approved rule under recorded guard; legacy material identity preserved.
AOM_000635,aom:ingredientPart,AOM_101033,Leaf,COMPONENT-LEAF,approved-generated,Pete Steward,2026-08-05,data/livestock-staging/approved_ingredient_harmonization_rules.csv,Generated from approved rule under recorded guard; legacy material identity preserved.
AOM_000639,aom:ingredientPart,AOM_101104,Bran,COMPONENT-BRAN,approved-generated,Pete Steward,2026-08-05,data/livestock-staging/approved_ingredient_harmonization_rules.csv,Generated from approved rule under recorded guard; legacy material identity preserved.
AOM_000641,aom:ingredientPart,AOM_101043,Tuber,COMPONENT-TUBER,approved-generated,Pete Steward,2026-08-05,data/livestock-staging/approved_ingredient_harmonization_rules.csv,Generated from approved rule under recorded guard; legacy material identity preserved.
AOM_000647,aom:ingredientPart,AOM_101074,Grain,COMPONENT-GRAIN,approved-generated,Pete Steward,2026-08-05,data/livestock-staging/approved_ingredient_harmonization_rules.csv,Generated from approved rule under recorded guard; legacy material identity preserved.
AOM_000647,aom:processingMethod,AOM_101091,Crushing,PROCESS-CRUSHED,approved-generated,Pete Steward,2026-08-05,data/livestock-staging/approved_ingredient_harmonization_rules.csv,Generated from approved rule under recorded guard; legacy material identity preserved.
AOM_000649,aom:ingredientPart,AOM_101074,Grain,COMPONENT-GRAIN,approved-generated,Pete Steward,2026-08-05,data/livestock-staging/approved_ingredient_harmonization_rules.csv,Generated from approved rule under recorded guard; legacy material identity preserved.
AOM_000655,aom:ingredientPart,AOM_101074,Grain,COMPONENT-GRAIN,approved-generated,Pete Steward,2026-08-05,data/livestock-staging/approved_ingredient_harmonization_rules.csv,Generated from approved rule under recorded guard; legacy material identity preserved.
AOM_000656,aom:ingredientPart,AOM_101074,Grain,COMPONENT-GRAIN,approved-generated,Pete Steward,2026-08-05,data/livestock-staging/approved_ingredient_harmonization_rules.csv,Generated from approved rule under recorded guard; legacy material identity preserved.
AOM_000656,aom:processingMethod,AOM_101095,Grinding,PROCESS-GROUND,approved-generated,Pete Steward,2026-08-05,data/livestock-staging/approved_ingredient_harmonization_rules.csv,Generated from approved rule under recorded guard; legacy material identity preserved.
AOM_000657,aom:ingredientPart,AOM_101074,Grain,COMPONENT-GRAIN,approved-generated,Pete Steward,2026-08-05,data/livestock-staging/approved_ingredient_harmonization_rules.csv,Generated from approved rule under recorded guard; legacy material identity preserved.
AOM_000660,aom:ingredientPart,AOM_101074,Grain,COMPONENT-GRAIN,approved-generated,Pete Steward,2026-08-05,data/livestock-staging/approved_ingredient_harmonization_rules.csv,Generated from approved rule under recorded guard; legacy material identity preserved.
AOM_000660,aom:processingMethod,AOM_101095,Grinding,PROCESS-GROUND,approved-generated,Pete Steward,2026-08-05,data/livestock-staging/approved_ingredient_harmonization_rules.csv,Generated from approved rule under recorded guard; legacy material identity preserved.
AOM_000668,aom:processingMethod,AOM_101095,Grinding,PROCESS-GROUND,approved-generated,Pete Steward,2026-08-05,data/livestock-staging/approved_ingredient_harmonization_rules.csv,Generated from approved rule under recorded guard; legacy material identity preserved.
AOM_000668,aom:processingMethod,AOM_101098,Roasting,PROCESS-ROASTED,approved-generated,Pete Steward,2026-08-05,data/livestock-staging/approved_ingredient_harmonization_rules.csv,Generated from approved rule under recorded guard; legacy material identity preserved.
AOM_000670,aom:processingMethod,AOM_101098,Roasting,PROCESS-ROASTED,approved-generated,Pete Steward,2026-08-05,data/livestock-staging/approved_ingredient_harmonization_rules.csv,Generated from approved rule under recorded guard; legacy material identity preserved.
AOM_000675,aom:ingredientPart,AOM_101038,Seed,COMPONENT-SEED,approved-generated,Pete Steward,2026-08-05,data/livestock-staging/approved_ingredient_harmonization_rules.csv,Generated from approved rule under recorded guard; legacy material identity preserved.
AOM_000675,aom:processingMethod,AOM_101095,Grinding,PROCESS-GROUND,approved-generated,Pete Steward,2026-08-05,data/livestock-staging/approved_ingredient_harmonization_rules.csv,Generated from approved rule under recorded guard; legacy material identity preserved.
AOM_000679,aom:ingredientPart,AOM_101043,Tuber,COMPONENT-TUBER,approved-generated,Pete Steward,2026-08-05,data/livestock-staging/approved_ingredient_harmonization_rules.csv,Generated from approved rule under recorded guard; legacy material identity preserved.
AOM_000681,aom:ingredientPart,AOM_101043,Tuber,COMPONENT-TUBER,approved-generated,Pete Steward,2026-08-05,data/livestock-staging/approved_ingredient_harmonization_rules.csv,Generated from approved rule under recorded guard; legacy material identity preserved.
AOM_000688,aom:processingMethod,AOM_101071,Drying,PROCESS-DRIED,approved-generated,Pete Steward,2026-08-05,data/livestock-staging/approved_ingredient_harmonization_rules.csv,Generated from approved rule under recorded guard; legacy material identity preserved.
AOM_000692,aom:processingMethod,AOM_101071,Drying,PROCESS-DRIED,approved-generated,Pete Steward,2026-08-05,data/livestock-staging/approved_ingredient_harmonization_rules.csv,Generated from approved rule under recorded guard; legacy material identity preserved.
AOM_000692,aom:processingMethod,AOM_101095,Grinding,PROCESS-GROUND,approved-generated,Pete Steward,2026-08-05,data/livestock-staging/approved_ingredient_harmonization_rules.csv,Generated from approved rule under recorded guard; legacy material identity preserved.
AOM_000698,aom:processingMethod,AOM_101071,Drying,PROCESS-DRIED,approved-generated,Pete Steward,2026-08-05,data/livestock-staging/approved_ingredient_harmonization_rules.csv,Generated from approved rule under recorded guard; legacy material identity preserved.
AOM_000708,aom:ingredientPart,AOM_101033,Leaf,COMPONENT-LEAF,approved-generated,Pete Steward,2026-08-05,data/livestock-staging/approved_ingredient_harmonization_rules.csv,Generated from approved rule under recorded guard; legacy material identity preserved.
AOM_000708,aom:processingMethod,AOM_101071,Drying,PROCESS-DRIED,approved-generated,Pete Steward,2026-08-05,data/livestock-staging/approved_ingredient_harmonization_rules.csv,Generated from approved rule under recorded guard; legacy material identity preserved.
AOM_000709,aom:ingredientPart,AOM_101033,Leaf,COMPONENT-LEAF,approved-generated,Pete Steward,2026-08-05,data/livestock-staging/approved_ingredient_harmonization_rules.csv,Generated from approved rule under recorded guard; legacy material identity preserved.
AOM_000709,aom:processingMethod,AOM_101095,Grinding,PROCESS-GROUND,approved-generated,Pete Steward,2026-08-05,data/livestock-staging/approved_ingredient_harmonization_rules.csv,Generated from approved rule under recorded guard; legacy material identity preserved.
AOM_000711,aom:ingredientPart,AOM_101033,Leaf,COMPONENT-LEAF,approved-generated,Pete Steward,2026-08-05,data/livestock-staging/approved_ingredient_harmonization_rules.csv,Generated from approved rule under recorded guard; legacy material identity preserved.
AOM_000711,aom:processingMethod,AOM_101095,Grinding,PROCESS-GROUND,approved-generated,Pete Steward,2026-08-05,data/livestock-staging/approved_ingredient_harmonization_rules.csv,Generated from approved rule under recorded guard; legacy material identity preserved.
AOM_000713,aom:ingredientPart,AOM_101035,Pod,COMPONENT-POD,approved-generated,Pete Steward,2026-08-05,data/livestock-staging/approved_ingredient_harmonization_rules.csv,Generated from approved rule under recorded guard; legacy material identity preserved.
AOM_000714,aom:processingMethod,AOM_101071,Drying,PROCESS-DRIED,approved-generated,Pete Steward,2026-08-05,data/livestock-staging/approved_ingredient_harmonization_rules.csv,Generated from approved rule under recorded guard; legacy material identity preserved.
AOM_000714,aom:processingMethod,AOM_101095,Grinding,PROCESS-GROUND,approved-generated,Pete Steward,2026-08-05,data/livestock-staging/approved_ingredient_harmonization_rules.csv,Generated from approved rule under recorded guard; legacy material identity preserved.
AOM_000725,aom:processingMethod,AOM_101071,Drying,PROCESS-DRIED,approved-generated,Pete Steward,2026-08-05,data/livestock-staging/approved_ingredient_harmonization_rules.csv,Generated from approved rule under recorded guard; legacy material identity preserved.
AOM_000730,aom:ingredientPart,AOM_101033,Leaf,COMPONENT-LEAF,approved-generated,Pete Steward,2026-08-05,data/livestock-staging/approved_ingredient_harmonization_rules.csv,Generated from approved rule under recorded guard; legacy material identity preserved.
AOM_000733,aom:ingredientPart,AOM_101033,Leaf,COMPONENT-LEAF,approved-generated,Pete Steward,2026-08-05,data/livestock-staging/approved_ingredient_harmonization_rules.csv,Generated from approved rule under recorded guard; legacy material identity preserved.
AOM_000733,aom:processingMethod,AOM_101095,Grinding,PROCESS-GROUND,approved-generated,Pete Steward,2026-08-05,data/livestock-staging/approved_ingredient_harmonization_rules.csv,Generated from approved rule under recorded guard; legacy material identity preserved.
AOM_000764,aom:physicalForm,AOM_101049,Block form,FORM-BLOCK,approved-generated,Pete Steward,2026-08-05,data/livestock-staging/approved_ingredient_harmonization_rules.csv,Generated from approved rule under recorded guard; legacy material identity preserved.
AOM_000783,aom:physicalForm,AOM_101049,Block form,FORM-BLOCK,approved-generated,Pete Steward,2026-08-05,data/livestock-staging/approved_ingredient_harmonization_rules.csv,Generated from approved rule under recorded guard; legacy material identity preserved.
AOM_001094,aom:processingMethod,AOM_101071,Drying,PROCESS-DRIED,approved-generated,Pete Steward,2026-08-05,data/livestock-staging/approved_ingredient_harmonization_rules.csv,Generated from approved rule under recorded guard; legacy material identity preserved.
AOM_001096,aom:processingMethod,AOM_101095,Grinding,PROCESS-GROUND,approved-generated,Pete Steward,2026-08-05,data/livestock-staging/approved_ingredient_harmonization_rules.csv,Generated from approved rule under recorded guard; legacy material identity preserved.
AOM_001098,aom:processingMethod,AOM_101089,Boiling,PROCESS-BOILED,approved-generated,Pete Steward,2026-08-05,data/livestock-staging/approved_ingredient_harmonization_rules.csv,Generated from approved rule under recorded guard; legacy material identity preserved.
AOM_001098,aom:processingMethod,AOM_101095,Grinding,PROCESS-GROUND,approved-generated,Pete Steward,2026-08-05,data/livestock-staging/approved_ingredient_harmonization_rules.csv,Generated from approved rule under recorded guard; legacy material identity preserved.
AOM_001099,aom:processingMethod,AOM_101095,Grinding,PROCESS-GROUND,approved-generated,Pete Steward,2026-08-05,data/livestock-staging/approved_ingredient_harmonization_rules.csv,Generated from approved rule under recorded guard; legacy material identity preserved.
AOM_001100,aom:processingMethod,AOM_101095,Grinding,PROCESS-GROUND,approved-generated,Pete Steward,2026-08-05,data/livestock-staging/approved_ingredient_harmonization_rules.csv,Generated from approved rule under recorded guard; legacy material identity preserved.
AOM_001100,aom:processingMethod,AOM_101098,Roasting,PROCESS-ROASTED,approved-generated,Pete Steward,2026-08-05,data/livestock-staging/approved_ingredient_harmonization_rules.csv,Generated from approved rule under recorded guard; legacy material identity preserved.
AOM_001101,aom:processingMethod,AOM_101071,Drying,PROCESS-DRIED,approved-generated,Pete Steward,2026-08-05,data/livestock-staging/approved_ingredient_harmonization_rules.csv,Generated from approved rule under recorded guard; legacy material identity preserved.
AOM_001101,aom:processingMethod,AOM_101095,Grinding,PROCESS-GROUND,approved-generated,Pete Steward,2026-08-05,data/livestock-staging/approved_ingredient_harmonization_rules.csv,Generated from approved rule under recorded guard; legacy material identity preserved.
AOM_001103,aom:processingMethod,AOM_101071,Drying,PROCESS-DRIED,approved-generated,Pete Steward,2026-08-05,data/livestock-staging/approved_ingredient_harmonization_rules.csv,Generated from approved rule under recorded guard; legacy material identity preserved.
AOM_001104,aom:processingMethod,AOM_101071,Drying,PROCESS-DRIED,approved-generated,Pete Steward,2026-08-05,data/livestock-staging/approved_ingredient_harmonization_rules.csv,Generated from approved rule under recorded guard; legacy material identity preserved.
AOM_001107,aom:processingMethod,AOM_101095,Grinding,PROCESS-GROUND,approved-generated,Pete Steward,2026-08-05,data/livestock-staging/approved_ingredient_harmonization_rules.csv,Generated from approved rule under recorded guard; legacy material identity preserved.
AOM_001108,aom:processingMethod,AOM_101095,Grinding,PROCESS-GROUND,approved-generated,Pete Steward,2026-08-05,data/livestock-staging/approved_ingredient_harmonization_rules.csv,Generated from approved rule under recorded guard; legacy material identity preserved.
AOM_001109,aom:processingMethod,AOM_101071,Drying,PROCESS-DRIED,approved-generated,Pete Steward,2026-08-05,data/livestock-staging/approved_ingredient_harmonization_rules.csv,Generated from approved rule under recorded guard; legacy material identity preserved.
AOM_001111,aom:processingMethod,AOM_101095,Grinding,PROCESS-GROUND,approved-generated,Pete Steward,2026-08-05,data/livestock-staging/approved_ingredient_harmonization_rules.csv,Generated from approved rule under recorded guard; legacy material identity preserved.
AOM_001112,aom:processingMethod,AOM_101095,Grinding,PROCESS-GROUND,approved-generated,Pete Steward,2026-08-05,data/livestock-staging/approved_ingredient_harmonization_rules.csv,Generated from approved rule under recorded guard; legacy material identity preserved.
AOM_001113,aom:processingMethod,AOM_101095,Grinding,PROCESS-GROUND,approved-generated,Pete Steward,2026-08-05,data/livestock-staging/approved_ingredient_harmonization_rules.csv,Generated from approved rule under recorded guard; legacy material identity preserved.
AOM_001116,aom:processingMethod,AOM_101095,Grinding,PROCESS-GROUND,approved-generated,Pete Steward,2026-08-05,data/livestock-staging/approved_ingredient_harmonization_rules.csv,Generated from approved rule under recorded guard; legacy material identity preserved.
AOM_001117,aom:processingMethod,AOM_101071,Drying,PROCESS-DRIED,approved-generated,Pete Steward,2026-08-05,data/livestock-staging/approved_ingredient_harmonization_rules.csv,Generated from approved rule under recorded guard; legacy material identity preserved.
AOM_001120,aom:ingredientPart,AOM_101033,Leaf,COMPONENT-LEAF,approved-generated,Pete Steward,2026-08-05,data/livestock-staging/approved_ingredient_harmonization_rules.csv,Generated from approved rule under recorded guard; legacy material identity preserved.
AOM_001122,aom:ingredientPart,AOM_101035,Pod,COMPONENT-POD,approved-generated,Pete Steward,2026-08-05,data/livestock-staging/approved_ingredient_harmonization_rules.csv,Generated from approved rule under recorded guard; legacy material identity preserved.
AOM_001123,aom:ingredientPart,AOM_101033,Leaf,COMPONENT-LEAF,approved-generated,Pete Steward,2026-08-05,data/livestock-staging/approved_ingredient_harmonization_rules.csv,Generated from approved rule under recorded guard; legacy material identity preserved.
AOM_001125,aom:ingredientPart,AOM_101033,Leaf,COMPONENT-LEAF,approved-generated,Pete Steward,2026-08-05,data/livestock-staging/approved_ingredient_harmonization_rules.csv,Generated from approved rule under recorded guard; legacy material identity preserved.
AOM_001127,aom:ingredientPart,AOM_101033,Leaf,COMPONENT-LEAF,approved-generated,Pete Steward,2026-08-05,data/livestock-staging/approved_ingredient_harmonization_rules.csv,Generated from approved rule under recorded guard; legacy material identity preserved.
AOM_001127,aom:processingMethod,AOM_101102,Wilting,PROCESS-WILTED,approved-generated,Pete Steward,2026-08-05,data/livestock-staging/approved_ingredient_harmonization_rules.csv,Generated from approved rule under recorded guard; legacy material identity preserved.
AOM_001129,aom:ingredientPart,AOM_101033,Leaf,COMPONENT-LEAF,approved-generated,Pete Steward,2026-08-05,data/livestock-staging/approved_ingredient_harmonization_rules.csv,Generated from approved rule under recorded guard; legacy material identity preserved.
AOM_001132,aom:ingredientPart,AOM_101033,Leaf,COMPONENT-LEAF,approved-generated,Pete Steward,2026-08-05,data/livestock-staging/approved_ingredient_harmonization_rules.csv,Generated from approved rule under recorded guard; legacy material identity preserved.
AOM_001134,aom:ingredientPart,AOM_101033,Leaf,COMPONENT-LEAF,approved-generated,Pete Steward,2026-08-05,data/livestock-staging/approved_ingredient_harmonization_rules.csv,Generated from approved rule under recorded guard; legacy material identity preserved.
AOM_001140,aom:ingredientPart,AOM_101033,Leaf,COMPONENT-LEAF,approved-generated,Pete Steward,2026-08-05,data/livestock-staging/approved_ingredient_harmonization_rules.csv,Generated from approved rule under recorded guard; legacy material identity preserved.
AOM_001143,aom:ingredientPart,AOM_101033,Leaf,COMPONENT-LEAF,approved-generated,Pete Steward,2026-08-05,data/livestock-staging/approved_ingredient_harmonization_rules.csv,Generated from approved rule under recorded guard; legacy material identity preserved.
AOM_001148,aom:ingredientPart,AOM_101033,Leaf,COMPONENT-LEAF,approved-generated,Pete Steward,2026-08-05,data/livestock-staging/approved_ingredient_harmonization_rules.csv,Generated from approved rule under recorded guard; legacy material identity preserved.
AOM_001150,aom:ingredientPart,AOM_101033,Leaf,COMPONENT-LEAF,approved-generated,Pete Steward,2026-08-05,data/livestock-staging/approved_ingredient_harmonization_rules.csv,Generated from approved rule under recorded guard; legacy material identity preserved.
AOM_001154,aom:ingredientPart,AOM_101032,Kernel,COMPONENT-KERNEL,approved-generated,Pete Steward,2026-08-05,data/livestock-staging/approved_ingredient_harmonization_rules.csv,Generated from approved rule under recorded guard; legacy material identity preserved.
AOM_001155,aom:ingredientPart,AOM_101032,Kernel,COMPONENT-KERNEL,approved-generated,Pete Steward,2026-08-05,data/livestock-staging/approved_ingredient_harmonization_rules.csv,Generated from approved rule under recorded guard; legacy material identity preserved.
AOM_001155,aom:processingMethod,AOM_101095,Grinding,PROCESS-GROUND,approved-generated,Pete Steward,2026-08-05,data/livestock-staging/approved_ingredient_harmonization_rules.csv,Generated from approved rule under recorded guard; legacy material identity preserved.
AOM_001156,aom:ingredientPart,AOM_101038,Seed,COMPONENT-SEED,approved-generated,Pete Steward,2026-08-05,data/livestock-staging/approved_ingredient_harmonization_rules.csv,Generated from approved rule under recorded guard; legacy material identity preserved.
AOM_001157,aom:ingredientPart,AOM_101038,Seed,COMPONENT-SEED,approved-generated,Pete Steward,2026-08-05,data/livestock-staging/approved_ingredient_harmonization_rules.csv,Generated from approved rule under recorded guard; legacy material identity preserved.
AOM_001157,aom:processingMethod,AOM_101095,Grinding,PROCESS-GROUND,approved-generated,Pete Steward,2026-08-05,data/livestock-staging/approved_ingredient_harmonization_rules.csv,Generated from approved rule under recorded guard; legacy material identity preserved.
AOM_001158,aom:processingMethod,AOM_101071,Drying,PROCESS-DRIED,approved-generated,Pete Steward,2026-08-05,data/livestock-staging/approved_ingredient_harmonization_rules.csv,Generated from approved rule under recorded guard; legacy material identity preserved.
AOM_001164,aom:ingredientPart,AOM_101038,Seed,COMPONENT-SEED,approved-generated,Pete Steward,2026-08-05,data/livestock-staging/approved_ingredient_harmonization_rules.csv,Generated from approved rule under recorded guard; legacy material identity preserved.
AOM_001168,aom:processingMethod,AOM_101095,Grinding,PROCESS-GROUND,approved-generated,Pete Steward,2026-08-05,data/livestock-staging/approved_ingredient_harmonization_rules.csv,Generated from approved rule under recorded guard; legacy material identity preserved.
AOM_001170,aom:ingredientPart,AOM_101033,Leaf,COMPONENT-LEAF,approved-generated,Pete Steward,2026-08-05,data/livestock-staging/approved_ingredient_harmonization_rules.csv,Generated from approved rule under recorded guard; legacy material identity preserved.
AOM_001176,aom:ingredientPart,AOM_101034,Peel,COMPONENT-PEEL,approved-generated,Pete Steward,2026-08-05,data/livestock-staging/approved_ingredient_harmonization_rules.csv,Generated from approved rule under recorded guard; legacy material identity preserved.
AOM_001177,aom:ingredientPart,AOM_101047,Stem,COMPONENT-STEM,approved-generated,Pete Steward,2026-08-05,data/livestock-staging/approved_ingredient_harmonization_rules.csv,Generated from approved rule under recorded guard; legacy material identity preserved.
AOM_001178,aom:processingMethod,AOM_101071,Drying,PROCESS-DRIED,approved-generated,Pete Steward,2026-08-05,data/livestock-staging/approved_ingredient_harmonization_rules.csv,Generated from approved rule under recorded guard; legacy material identity preserved.
AOM_001179,aom:ingredientPart,AOM_101106,Straw,COMPONENT-STRAW,approved-generated,Pete Steward,2026-08-05,data/livestock-staging/approved_ingredient_harmonization_rules.csv,Generated from approved rule under recorded guard; legacy material identity preserved.
AOM_001183,aom:ingredientPart,AOM_101031,Husk,COMPONENT-HUSK,approved-generated,Pete Steward,2026-08-05,data/livestock-staging/approved_ingredient_harmonization_rules.csv,Generated from approved rule under recorded guard; legacy material identity preserved.
AOM_001183,aom:ingredientPart,AOM_101035,Pod,COMPONENT-POD,approved-generated,Pete Steward,2026-08-05,data/livestock-staging/approved_ingredient_harmonization_rules.csv,Generated from approved rule under recorded guard; legacy material identity preserved.
AOM_001184,aom:ingredientPart,AOM_101031,Husk,COMPONENT-HUSK,approved-generated,Pete Steward,2026-08-05,data/livestock-staging/approved_ingredient_harmonization_rules.csv,Generated from approved rule under recorded guard; legacy material identity preserved.
AOM_001184,aom:ingredientPart,AOM_101035,Pod,COMPONENT-POD,approved-generated,Pete Steward,2026-08-05,data/livestock-staging/approved_ingredient_harmonization_rules.csv,Generated from approved rule under recorded guard; legacy material identity preserved.
AOM_001184,aom:processingMethod,AOM_101095,Grinding,PROCESS-GROUND,approved-generated,Pete Steward,2026-08-05,data/livestock-staging/approved_ingredient_harmonization_rules.csv,Generated from approved rule under recorded guard; legacy material identity preserved.
AOM_001186,aom:ingredientPart,AOM_101033,Leaf,COMPONENT-LEAF,approved-generated,Pete Steward,2026-08-05,data/livestock-staging/approved_ingredient_harmonization_rules.csv,Generated from approved rule under recorded guard; legacy material identity preserved.
AOM_001187,aom:ingredientPart,AOM_101038,Seed,COMPONENT-SEED,approved-generated,Pete Steward,2026-08-05,data/livestock-staging/approved_ingredient_harmonization_rules.csv,Generated from approved rule under recorded guard; legacy material identity preserved.
AOM_001189,aom:ingredientPart,AOM_101107,Vine,COMPONENT-VINE,approved-generated,Pete Steward,2026-08-05,data/livestock-staging/approved_ingredient_harmonization_rules.csv,Generated from approved rule under recorded guard; legacy material identity preserved.
AOM_001191,aom:ingredientPart,AOM_101038,Seed,COMPONENT-SEED,approved-generated,Pete Steward,2026-08-05,data/livestock-staging/approved_ingredient_harmonization_rules.csv,Generated from approved rule under recorded guard; legacy material identity preserved.
AOM_001191,aom:processingMethod,AOM_101095,Grinding,PROCESS-GROUND,approved-generated,Pete Steward,2026-08-05,data/livestock-staging/approved_ingredient_harmonization_rules.csv,Generated from approved rule under recorded guard; legacy material identity preserved.
AOM_001195,aom:ingredientPart,AOM_101034,Peel,COMPONENT-PEEL,approved-generated,Pete Steward,2026-08-05,data/livestock-staging/approved_ingredient_harmonization_rules.csv,Generated from approved rule under recorded guard; legacy material identity preserved.
AOM_001195,aom:processingMethod,AOM_101071,Drying,PROCESS-DRIED,approved-generated,Pete Steward,2026-08-05,data/livestock-staging/approved_ingredient_harmonization_rules.csv,Generated from approved rule under recorded guard; legacy material identity preserved.
AOM_001196,aom:ingredientPart,AOM_101038,Seed,COMPONENT-SEED,approved-generated,Pete Steward,2026-08-05,data/livestock-staging/approved_ingredient_harmonization_rules.csv,Generated from approved rule under recorded guard; legacy material identity preserved.
AOM_001197,aom:ingredientPart,AOM_101106,Straw,COMPONENT-STRAW,approved-generated,Pete Steward,2026-08-05,data/livestock-staging/approved_ingredient_harmonization_rules.csv,Generated from approved rule under recorded guard; legacy material identity preserved.
AOM_001197,aom:processingMethod,AOM_101091,Crushing,PROCESS-CRUSHED,approved-generated,Pete Steward,2026-08-05,data/livestock-staging/approved_ingredient_harmonization_rules.csv,Generated from approved rule under recorded guard; legacy material identity preserved.
AOM_001200,aom:processingMethod,AOM_101095,Grinding,PROCESS-GROUND,approved-generated,Pete Steward,2026-08-05,data/livestock-staging/approved_ingredient_harmonization_rules.csv,Generated from approved rule under recorded guard; legacy material identity preserved.
AOM_001203,aom:processingMethod,AOM_101071,Drying,PROCESS-DRIED,approved-generated,Pete Steward,2026-08-05,data/livestock-staging/approved_ingredient_harmonization_rules.csv,Generated from approved rule under recorded guard; legacy material identity preserved.
AOM_001210,aom:processingMethod,AOM_101071,Drying,PROCESS-DRIED,approved-generated,Pete Steward,2026-08-05,data/livestock-staging/approved_ingredient_harmonization_rules.csv,Generated from approved rule under recorded guard; legacy material identity preserved.
AOM_001215,aom:ingredientPart,AOM_101033,Leaf,COMPONENT-LEAF,approved-generated,Pete Steward,2026-08-05,data/livestock-staging/approved_ingredient_harmonization_rules.csv,Generated from approved rule under recorded guard; legacy material identity preserved.
AOM_001219,aom:ingredientPart,AOM_101105,Stover,COMPONENT-STOVER,approved-generated,Pete Steward,2026-08-05,data/livestock-staging/approved_ingredient_harmonization_rules.csv,Generated from approved rule under recorded guard; legacy material identity preserved.
AOM_001225,aom:ingredientPart,AOM_101035,Pod,COMPONENT-POD,approved-generated,Pete Steward,2026-08-05,data/livestock-staging/approved_ingredient_harmonization_rules.csv,Generated from approved rule under recorded guard; legacy material identity preserved.
AOM_001229,aom:processingMethod,AOM_101071,Drying,PROCESS-DRIED,approved-generated,Pete Steward,2026-08-05,data/livestock-staging/approved_ingredient_harmonization_rules.csv,Generated from approved rule under recorded guard; legacy material identity preserved.
AOM_001230,aom:ingredientPart,AOM_101033,Leaf,COMPONENT-LEAF,approved-generated,Pete Steward,2026-08-05,data/livestock-staging/approved_ingredient_harmonization_rules.csv,Generated from approved rule under recorded guard; legacy material identity preserved.
AOM_001232,aom:ingredientPart,AOM_101033,Leaf,COMPONENT-LEAF,approved-generated,Pete Steward,2026-08-05,data/livestock-staging/approved_ingredient_harmonization_rules.csv,Generated from approved rule under recorded guard; legacy material identity preserved.
AOM_001235,aom:ingredientPart,AOM_101033,Leaf,COMPONENT-LEAF,approved-generated,Pete Steward,2026-08-05,data/livestock-staging/approved_ingredient_harmonization_rules.csv,Generated from approved rule under recorded guard; legacy material identity preserved.
AOM_001238,aom:processingMethod,AOM_101071,Drying,PROCESS-DRIED,approved-generated,Pete Steward,2026-08-05,data/livestock-staging/approved_ingredient_harmonization_rules.csv,Generated from approved rule under recorded guard; legacy material identity preserved.
AOM_001241,aom:ingredientPart,AOM_101106,Straw,COMPONENT-STRAW,approved-generated,Pete Steward,2026-08-05,data/livestock-staging/approved_ingredient_harmonization_rules.csv,Generated from approved rule under recorded guard; legacy material identity preserved.
AOM_001253,aom:ingredientPart,AOM_101038,Seed,COMPONENT-SEED,approved-generated,Pete Steward,2026-08-05,data/livestock-staging/approved_ingredient_harmonization_rules.csv,Generated from approved rule under recorded guard; legacy material identity preserved.
AOM_001253,aom:processingMethod,AOM_101071,Drying,PROCESS-DRIED,approved-generated,Pete Steward,2026-08-05,data/livestock-staging/approved_ingredient_harmonization_rules.csv,Generated from approved rule under recorded guard; legacy material identity preserved.
AOM_001253,aom:processingMethod,AOM_101095,Grinding,PROCESS-GROUND,approved-generated,Pete Steward,2026-08-05,data/livestock-staging/approved_ingredient_harmonization_rules.csv,Generated from approved rule under recorded guard; legacy material identity preserved.
AOM_001256,aom:ingredientPart,AOM_101033,Leaf,COMPONENT-LEAF,approved-generated,Pete Steward,2026-08-05,data/livestock-staging/approved_ingredient_harmonization_rules.csv,Generated from approved rule under recorded guard; legacy material identity preserved.
AOM_001257,aom:ingredientPart,AOM_101033,Leaf,COMPONENT-LEAF,approved-generated,Pete Steward,2026-08-05,data/livestock-staging/approved_ingredient_harmonization_rules.csv,Generated from approved rule under recorded guard; legacy material identity preserved.
AOM_001257,aom:processingMethod,AOM_101095,Grinding,PROCESS-GROUND,approved-generated,Pete Steward,2026-08-05,data/livestock-staging/approved_ingredient_harmonization_rules.csv,Generated from approved rule under recorded guard; legacy material identity preserved.
AOM_001259,aom:ingredientPart,AOM_101034,Peel,COMPONENT-PEEL,approved-generated,Pete Steward,2026-08-05,data/livestock-staging/approved_ingredient_harmonization_rules.csv,Generated from approved rule under recorded guard; legacy material identity preserved.
AOM_001261,aom:processingMethod,AOM_101095,Grinding,PROCESS-GROUND,approved-generated,Pete Steward,2026-08-05,data/livestock-staging/approved_ingredient_harmonization_rules.csv,Generated from approved rule under recorded guard; legacy material identity preserved.
AOM_001262,aom:ingredientPart,AOM_101106,Straw,COMPONENT-STRAW,approved-generated,Pete Steward,2026-08-05,data/livestock-staging/approved_ingredient_harmonization_rules.csv,Generated from approved rule under recorded guard; legacy material identity preserved.
AOM_001262,aom:processingMethod,AOM_101071,Drying,PROCESS-DRIED,approved-generated,Pete Steward,2026-08-05,data/livestock-staging/approved_ingredient_harmonization_rules.csv,Generated from approved rule under recorded guard; legacy material identity preserved.
AOM_001262,aom:processingMethod,AOM_101101,Urea treatment,PROCESS-UREA_TREATED,approved-generated,Pete Steward,2026-08-05,data/livestock-staging/approved_ingredient_harmonization_rules.csv,Generated from approved rule under recorded guard; legacy material identity preserved.
AOM_001263,aom:ingredientPart,AOM_101033,Leaf,COMPONENT-LEAF,approved-generated,Pete Steward,2026-08-05,data/livestock-staging/approved_ingredient_harmonization_rules.csv,Generated from approved rule under recorded guard; legacy material identity preserved.
AOM_001266,aom:ingredientPart,AOM_101033,Leaf,COMPONENT-LEAF,approved-generated,Pete Steward,2026-08-05,data/livestock-staging/approved_ingredient_harmonization_rules.csv,Generated from approved rule under recorded guard; legacy material identity preserved.
AOM_001267,aom:ingredientPart,AOM_101107,Vine,COMPONENT-VINE,approved-generated,Pete Steward,2026-08-05,data/livestock-staging/approved_ingredient_harmonization_rules.csv,Generated from approved rule under recorded guard; legacy material identity preserved.
AOM_001268,aom:ingredientPart,AOM_101107,Vine,COMPONENT-VINE,approved-generated,Pete Steward,2026-08-05,data/livestock-staging/approved_ingredient_harmonization_rules.csv,Generated from approved rule under recorded guard; legacy material identity preserved.
AOM_001268,aom:processingMethod,AOM_101102,Wilting,PROCESS-WILTED,approved-generated,Pete Steward,2026-08-05,data/livestock-staging/approved_ingredient_harmonization_rules.csv,Generated from approved rule under recorded guard; legacy material identity preserved.
AOM_001270,aom:ingredientPart,AOM_101033,Leaf,COMPONENT-LEAF,approved-generated,Pete Steward,2026-08-05,data/livestock-staging/approved_ingredient_harmonization_rules.csv,Generated from approved rule under recorded guard; legacy material identity preserved.
AOM_001271,aom:ingredientPart,AOM_101106,Straw,COMPONENT-STRAW,approved-generated,Pete Steward,2026-08-05,data/livestock-staging/approved_ingredient_harmonization_rules.csv,Generated from approved rule under recorded guard; legacy material identity preserved.
AOM_001272,aom:ingredientPart,AOM_101040,Shell,COMPONENT-SHELL,approved-generated,Pete Steward,2026-08-05,data/livestock-staging/approved_ingredient_harmonization_rules.csv,Generated from approved rule under recorded guard; legacy material identity preserved.
AOM_001274,aom:ingredientPart,AOM_101104,Bran,COMPONENT-BRAN,approved-generated,Pete Steward,2026-08-05,data/livestock-staging/approved_ingredient_harmonization_rules.csv,Generated from approved rule under recorded guard; legacy material identity preserved.
AOM_001276,aom:processingMethod,AOM_101095,Grinding,PROCESS-GROUND,approved-generated,Pete Steward,2026-08-05,data/livestock-staging/approved_ingredient_harmonization_rules.csv,Generated from approved rule under recorded guard; legacy material identity preserved.
AOM_001277,aom:ingredientPart,AOM_101038,Seed,COMPONENT-SEED,approved-generated,Pete Steward,2026-08-05,data/livestock-staging/approved_ingredient_harmonization_rules.csv,Generated from approved rule under recorded guard; legacy material identity preserved.
AOM_001279,aom:ingredientPart,AOM_101038,Seed,COMPONENT-SEED,approved-generated,Pete Steward,2026-08-05,data/livestock-staging/approved_ingredient_harmonization_rules.csv,Generated from approved rule under recorded guard; legacy material identity preserved.
AOM_001279,aom:processingMethod,AOM_101095,Grinding,PROCESS-GROUND,approved-generated,Pete Steward,2026-08-05,data/livestock-staging/approved_ingredient_harmonization_rules.csv,Generated from approved rule under recorded guard; legacy material identity preserved.
AOM_001279,aom:processingMethod,AOM_101098,Roasting,PROCESS-ROASTED,approved-generated,Pete Steward,2026-08-05,data/livestock-staging/approved_ingredient_harmonization_rules.csv,Generated from approved rule under recorded guard; legacy material identity preserved.
AOM_001283,aom:ingredientPart,AOM_101034,Peel,COMPONENT-PEEL,approved-generated,Pete Steward,2026-08-05,data/livestock-staging/approved_ingredient_harmonization_rules.csv,Generated from approved rule under recorded guard; legacy material identity preserved.
AOM_001285,aom:ingredientPart,AOM_101106,Straw,COMPONENT-STRAW,approved-generated,Pete Steward,2026-08-05,data/livestock-staging/approved_ingredient_harmonization_rules.csv,Generated from approved rule under recorded guard; legacy material identity preserved.
AOM_001286,aom:ingredientPart,AOM_101033,Leaf,COMPONENT-LEAF,approved-generated,Pete Steward,2026-08-05,data/livestock-staging/approved_ingredient_harmonization_rules.csv,Generated from approved rule under recorded guard; legacy material identity preserved.
AOM_001290,aom:ingredientPart,AOM_101104,Bran,COMPONENT-BRAN,approved-generated,Pete Steward,2026-08-05,data/livestock-staging/approved_ingredient_harmonization_rules.csv,Generated from approved rule under recorded guard; legacy material identity preserved.
AOM_001291,aom:ingredientPart,AOM_101106,Straw,COMPONENT-STRAW,approved-generated,Pete Steward,2026-08-05,data/livestock-staging/approved_ingredient_harmonization_rules.csv,Generated from approved rule under recorded guard; legacy material identity preserved.
AOM_001293,aom:processingMethod,AOM_101095,Grinding,PROCESS-GROUND,approved-generated,Pete Steward,2026-08-05,data/livestock-staging/approved_ingredient_harmonization_rules.csv,Generated from approved rule under recorded guard; legacy material identity preserved.
AOM_001295,aom:processingMethod,AOM_101095,Grinding,PROCESS-GROUND,approved-generated,Pete Steward,2026-08-05,data/livestock-staging/approved_ingredient_harmonization_rules.csv,Generated from approved rule under recorded guard; legacy material identity preserved.
AOM_001298,aom:ingredientPart,AOM_101033,Leaf,COMPONENT-LEAF,approved-generated,Pete Steward,2026-08-05,data/livestock-staging/approved_ingredient_harmonization_rules.csv,Generated from approved rule under recorded guard; legacy material identity preserved.
AOM_001299,aom:ingredientPart,AOM_101031,Husk,COMPONENT-HUSK,approved-generated,Pete Steward,2026-08-05,data/livestock-staging/approved_ingredient_harmonization_rules.csv,Generated from approved rule under recorded guard; legacy material identity preserved.
AOM_001300,aom:ingredientPart,AOM_101038,Seed,COMPONENT-SEED,approved-generated,Pete Steward,2026-08-05,data/livestock-staging/approved_ingredient_harmonization_rules.csv,Generated from approved rule under recorded guard; legacy material identity preserved.
AOM_001300,aom:processingMethod,AOM_101095,Grinding,PROCESS-GROUND,approved-generated,Pete Steward,2026-08-05,data/livestock-staging/approved_ingredient_harmonization_rules.csv,Generated from approved rule under recorded guard; legacy material identity preserved.
AOM_001301,aom:processingMethod,AOM_101095,Grinding,PROCESS-GROUND,approved-generated,Pete Steward,2026-08-05,data/livestock-staging/approved_ingredient_harmonization_rules.csv,Generated from approved rule under recorded guard; legacy material identity preserved.
AOM_001304,aom:processingMethod,AOM_101095,Grinding,PROCESS-GROUND,approved-generated,Pete Steward,2026-08-05,data/livestock-staging/approved_ingredient_harmonization_rules.csv,Generated from approved rule under recorded guard; legacy material identity preserved.
AOM_001306,aom:processingMethod,AOM_101095,Grinding,PROCESS-GROUND,approved-generated,Pete Steward,2026-08-05,data/livestock-staging/approved_ingredient_harmonization_rules.csv,Generated from approved rule under recorded guard; legacy material identity preserved.
AOM_001307,aom:processingMethod,AOM_101095,Grinding,PROCESS-GROUND,approved-generated,Pete Steward,2026-08-05,data/livestock-staging/approved_ingredient_harmonization_rules.csv,Generated from approved rule under recorded guard; legacy material identity preserved.
AOM_001312,aom:ingredientPart,AOM_101038,Seed,COMPONENT-SEED,approved-generated,Pete Steward,2026-08-05,data/livestock-staging/approved_ingredient_harmonization_rules.csv,Generated from approved rule under recorded guard; legacy material identity preserved.
AOM_001313,aom:ingredientPart,AOM_101074,Grain,COMPONENT-GRAIN,approved-generated,Pete Steward,2026-08-05,data/livestock-staging/approved_ingredient_harmonization_rules.csv,Generated from approved rule under recorded guard; legacy material identity preserved.
AOM_001318,aom:ingredientPart,AOM_101074,Grain,COMPONENT-GRAIN,approved-generated,Pete Steward,2026-08-05,data/livestock-staging/approved_ingredient_harmonization_rules.csv,Generated from approved rule under recorded guard; legacy material identity preserved.
AOM_001320,aom:processingMethod,AOM_101091,Crushing,PROCESS-CRUSHED,approved-generated,Pete Steward,2026-08-05,data/livestock-staging/approved_ingredient_harmonization_rules.csv,Generated from approved rule under recorded guard; legacy material identity preserved.
AOM_001321,aom:processingMethod,AOM_101095,Grinding,PROCESS-GROUND,approved-generated,Pete Steward,2026-08-05,data/livestock-staging/approved_ingredient_harmonization_rules.csv,Generated from approved rule under recorded guard; legacy material identity preserved.
AOM_001322,aom:processingMethod,AOM_101095,Grinding,PROCESS-GROUND,approved-generated,Pete Steward,2026-08-05,data/livestock-staging/approved_ingredient_harmonization_rules.csv,Generated from approved rule under recorded guard; legacy material identity preserved.
AOM_001323,aom:processingMethod,AOM_101095,Grinding,PROCESS-GROUND,approved-generated,Pete Steward,2026-08-05,data/livestock-staging/approved_ingredient_harmonization_rules.csv,Generated from approved rule under recorded guard; legacy material identity preserved.
AOM_001323,aom:processingMethod,AOM_101098,Roasting,PROCESS-ROASTED,approved-generated,Pete Steward,2026-08-05,data/livestock-staging/approved_ingredient_harmonization_rules.csv,Generated from approved rule under recorded guard; legacy material identity preserved.
AOM_001324,aom:ingredientPart,AOM_101074,Grain,COMPONENT-GRAIN,approved-generated,Pete Steward,2026-08-05,data/livestock-staging/approved_ingredient_harmonization_rules.csv,Generated from approved rule under recorded guard; legacy material identity preserved.
AOM_001324,aom:processingMethod,AOM_101095,Grinding,PROCESS-GROUND,approved-generated,Pete Steward,2026-08-05,data/livestock-staging/approved_ingredient_harmonization_rules.csv,Generated from approved rule under recorded guard; legacy material identity preserved.
AOM_001331,aom:ingredientPart,AOM_101074,Grain,COMPONENT-GRAIN,approved-generated,Pete Steward,2026-08-05,data/livestock-staging/approved_ingredient_harmonization_rules.csv,Generated from approved rule under recorded guard; legacy material identity preserved.
AOM_001332,aom:processingMethod,AOM_101095,Grinding,PROCESS-GROUND,approved-generated,Pete Steward,2026-08-05,data/livestock-staging/approved_ingredient_harmonization_rules.csv,Generated from approved rule under recorded guard; legacy material identity preserved.
AOM_001335,aom:processingMethod,AOM_101095,Grinding,PROCESS-GROUND,approved-generated,Pete Steward,2026-08-05,data/livestock-staging/approved_ingredient_harmonization_rules.csv,Generated from approved rule under recorded guard; legacy material identity preserved.
AOM_001336,aom:ingredientPart,AOM_101038,Seed,COMPONENT-SEED,approved-generated,Pete Steward,2026-08-05,data/livestock-staging/approved_ingredient_harmonization_rules.csv,Generated from approved rule under recorded guard; legacy material identity preserved.
AOM_001336,aom:processingMethod,AOM_101095,Grinding,PROCESS-GROUND,approved-generated,Pete Steward,2026-08-05,data/livestock-staging/approved_ingredient_harmonization_rules.csv,Generated from approved rule under recorded guard; legacy material identity preserved.
AOM_001337,aom:processingMethod,AOM_101095,Grinding,PROCESS-GROUND,approved-generated,Pete Steward,2026-08-05,data/livestock-staging/approved_ingredient_harmonization_rules.csv,Generated from approved rule under recorded guard; legacy material identity preserved.
AOM_001338,aom:ingredientPart,AOM_101038,Seed,COMPONENT-SEED,approved-generated,Pete Steward,2026-08-05,data/livestock-staging/approved_ingredient_harmonization_rules.csv,Generated from approved rule under recorded guard; legacy material identity preserved.
AOM_001339,aom:processingMethod,AOM_000831,Ensiling,PROCESS-ENSILED,approved-generated,Pete Steward,2026-08-05,data/livestock-staging/approved_ingredient_harmonization_rules.csv,Generated from approved rule under recorded guard; legacy material identity preserved.
AOM_001345,aom:ingredientPart,AOM_101033,Leaf,COMPONENT-LEAF,approved-generated,Pete Steward,2026-08-05,data/livestock-staging/approved_ingredient_harmonization_rules.csv,Generated from approved rule under recorded guard; legacy material identity preserved.
AOM_001346,aom:processingMethod,AOM_101095,Grinding,PROCESS-GROUND,approved-generated,Pete Steward,2026-08-05,data/livestock-staging/approved_ingredient_harmonization_rules.csv,Generated from approved rule under recorded guard; legacy material identity preserved.
AOM_001347,aom:processingMethod,AOM_101088,Autoclaving,PROCESS-AUTOCLAVED,approved-generated,Pete Steward,2026-08-05,data/livestock-staging/approved_ingredient_harmonization_rules.csv,Generated from approved rule under recorded guard; legacy material identity preserved.
AOM_001347,aom:processingMethod,AOM_101095,Grinding,PROCESS-GROUND,approved-generated,Pete Steward,2026-08-05,data/livestock-staging/approved_ingredient_harmonization_rules.csv,Generated from approved rule under recorded guard; legacy material identity preserved.
AOM_001348,aom:processingMethod,AOM_101095,Grinding,PROCESS-GROUND,approved-generated,Pete Steward,2026-08-05,data/livestock-staging/approved_ingredient_harmonization_rules.csv,Generated from approved rule under recorded guard; legacy material identity preserved.
AOM_001348,aom:processingMethod,AOM_101098,Roasting,PROCESS-ROASTED,approved-generated,Pete Steward,2026-08-05,data/livestock-staging/approved_ingredient_harmonization_rules.csv,Generated from approved rule under recorded guard; legacy material identity preserved.
AOM_001355,aom:processingMethod,AOM_000831,Ensiling,PROCESS-ENSILED,approved-generated,Pete Steward,2026-08-05,data/livestock-staging/approved_ingredient_harmonization_rules.csv,Generated from approved rule under recorded guard; legacy material identity preserved.
AOM_001357,aom:ingredientPart,AOM_101038,Seed,COMPONENT-SEED,approved-generated,Pete Steward,2026-08-05,data/livestock-staging/approved_ingredient_harmonization_rules.csv,Generated from approved rule under recorded guard; legacy material identity preserved.
AOM_001358,aom:processingMethod,AOM_101095,Grinding,PROCESS-GROUND,approved-generated,Pete Steward,2026-08-05,data/livestock-staging/approved_ingredient_harmonization_rules.csv,Generated from approved rule under recorded guard; legacy material identity preserved.
AOM_001361,aom:processingMethod,AOM_101069,Defatting,PROCESS-DEFATTED,approved-generated,Pete Steward,2026-08-05,data/livestock-staging/approved_ingredient_harmonization_rules.csv,Generated from approved rule under recorded guard; legacy material identity preserved.
AOM_001362,aom:processingMethod,AOM_101069,Defatting,PROCESS-DEFATTED,approved-generated,Pete Steward,2026-08-05,data/livestock-staging/approved_ingredient_harmonization_rules.csv,Generated from approved rule under recorded guard; legacy material identity preserved.
AOM_001362,aom:processingMethod,AOM_101093,Extrusion,PROCESS-EXTRUDED,approved-generated,Pete Steward,2026-08-05,data/livestock-staging/approved_ingredient_harmonization_rules.csv,Generated from approved rule under recorded guard; legacy material identity preserved.
AOM_001364,aom:processingMethod,AOM_101098,Roasting,PROCESS-ROASTED,approved-generated,Pete Steward,2026-08-05,data/livestock-staging/approved_ingredient_harmonization_rules.csv,Generated from approved rule under recorded guard; legacy material identity preserved.
AOM_001366,aom:processingMethod,AOM_101095,Grinding,PROCESS-GROUND,approved-generated,Pete Steward,2026-08-05,data/livestock-staging/approved_ingredient_harmonization_rules.csv,Generated from approved rule under recorded guard; legacy material identity preserved.
AOM_001375,aom:processingMethod,AOM_101095,Grinding,PROCESS-GROUND,approved-generated,Pete Steward,2026-08-05,data/livestock-staging/approved_ingredient_harmonization_rules.csv,Generated from approved rule under recorded guard; legacy material identity preserved.
AOM_001381,aom:processingMethod,AOM_000831,Ensiling,PROCESS-ENSILED,approved-generated,Pete Steward,2026-08-05,data/livestock-staging/approved_ingredient_harmonization_rules.csv,Generated from approved rule under recorded guard; legacy material identity preserved.
AOM_001386,aom:processingMethod,AOM_101071,Drying,PROCESS-DRIED,approved-generated,Pete Steward,2026-08-05,data/livestock-staging/approved_ingredient_harmonization_rules.csv,Generated from approved rule under recorded guard; legacy material identity preserved.
AOM_001396,aom:processingMethod,AOM_101071,Drying,PROCESS-DRIED,approved-generated,Pete Steward,2026-08-05,data/livestock-staging/approved_ingredient_harmonization_rules.csv,Generated from approved rule under recorded guard; legacy material identity preserved.
AOM_001400,aom:processingMethod,AOM_101071,Drying,PROCESS-DRIED,approved-generated,Pete Steward,2026-08-05,data/livestock-staging/approved_ingredient_harmonization_rules.csv,Generated from approved rule under recorded guard; legacy material identity preserved.
AOM_001404,aom:processingMethod,AOM_101071,Drying,PROCESS-DRIED,approved-generated,Pete Steward,2026-08-05,data/livestock-staging/approved_ingredient_harmonization_rules.csv,Generated from approved rule under recorded guard; legacy material identity preserved.
AOM_001408,aom:ingredientPart,AOM_101106,Straw,COMPONENT-STRAW,approved-generated,Pete Steward,2026-08-05,data/livestock-staging/approved_ingredient_harmonization_rules.csv,Generated from approved rule under recorded guard; legacy material identity preserved.
AOM_001410,aom:processingMethod,AOM_000831,Ensiling,PROCESS-ENSILED,approved-generated,Pete Steward,2026-08-05,data/livestock-staging/approved_ingredient_harmonization_rules.csv,Generated from approved rule under recorded guard; legacy material identity preserved.
AOM_001411,aom:processingMethod,AOM_101095,Grinding,PROCESS-GROUND,approved-generated,Pete Steward,2026-08-05,data/livestock-staging/approved_ingredient_harmonization_rules.csv,Generated from approved rule under recorded guard; legacy material identity preserved.
AOM_001419,aom:processingMethod,AOM_101071,Drying,PROCESS-DRIED,approved-generated,Pete Steward,2026-08-05,data/livestock-staging/approved_ingredient_harmonization_rules.csv,Generated from approved rule under recorded guard; legacy material identity preserved.
AOM_001436,aom:ingredientPart,AOM_101038,Seed,COMPONENT-SEED,approved-generated,Pete Steward,2026-08-05,data/livestock-staging/approved_ingredient_harmonization_rules.csv,Generated from approved rule under recorded guard; legacy material identity preserved.
AOM_001440,aom:ingredientPart,AOM_101038,Seed,COMPONENT-SEED,approved-generated,Pete Steward,2026-08-05,data/livestock-staging/approved_ingredient_harmonization_rules.csv,Generated from approved rule under recorded guard; legacy material identity preserved.
AOM_001454,aom:processingMethod,AOM_101071,Drying,PROCESS-DRIED,approved-generated,Pete Steward,2026-08-05,data/livestock-staging/approved_ingredient_harmonization_rules.csv,Generated from approved rule under recorded guard; legacy material identity preserved.
AOM_001459,aom:processingMethod,AOM_101071,Drying,PROCESS-DRIED,approved-generated,Pete Steward,2026-08-05,data/livestock-staging/approved_ingredient_harmonization_rules.csv,Generated from approved rule under recorded guard; legacy material identity preserved.
AOM_001525,aom:ingredientPart,AOM_101033,Leaf,COMPONENT-LEAF,approved-generated,Pete Steward,2026-08-05,data/livestock-staging/approved_ingredient_harmonization_rules.csv,Generated from approved rule under recorded guard; legacy material identity preserved.
AOM_001528,aom:ingredientPart,AOM_101033,Leaf,COMPONENT-LEAF,approved-generated,Pete Steward,2026-08-05,data/livestock-staging/approved_ingredient_harmonization_rules.csv,Generated from approved rule under recorded guard; legacy material identity preserved.
AOM_001531,aom:ingredientPart,AOM_101033,Leaf,COMPONENT-LEAF,approved-generated,Pete Steward,2026-08-05,data/livestock-staging/approved_ingredient_harmonization_rules.csv,Generated from approved rule under recorded guard; legacy material identity preserved.
AOM_001534,aom:ingredientPart,AOM_101033,Leaf,COMPONENT-LEAF,approved-generated,Pete Steward,2026-08-05,data/livestock-staging/approved_ingredient_harmonization_rules.csv,Generated from approved rule under recorded guard; legacy material identity preserved.
AOM_001534,aom:processingMethod,AOM_101095,Grinding,PROCESS-GROUND,approved-generated,Pete Steward,2026-08-05,data/livestock-staging/approved_ingredient_harmonization_rules.csv,Generated from approved rule under recorded guard; legacy material identity preserved.
AOM_001550,aom:ingredientPart,AOM_101033,Leaf,COMPONENT-LEAF,approved-generated,Pete Steward,2026-08-05,data/livestock-staging/approved_ingredient_harmonization_rules.csv,Generated from approved rule under recorded guard; legacy material identity preserved.
AOM_001552,aom:processingMethod,AOM_101094,Fermentation,PROCESS-FERMENTED,approved-generated,Pete Steward,2026-08-05,data/livestock-staging/approved_ingredient_harmonization_rules.csv,Generated from approved rule under recorded guard; legacy material identity preserved.
AOM_001554,aom:processingMethod,AOM_101094,Fermentation,PROCESS-FERMENTED,approved-generated,Pete Steward,2026-08-05,data/livestock-staging/approved_ingredient_harmonization_rules.csv,Generated from approved rule under recorded guard; legacy material identity preserved.
AOM_001555,aom:processingMethod,AOM_101094,Fermentation,PROCESS-FERMENTED,approved-generated,Pete Steward,2026-08-05,data/livestock-staging/approved_ingredient_harmonization_rules.csv,Generated from approved rule under recorded guard; legacy material identity preserved.
AOM_001559,aom:ingredientPart,AOM_101033,Leaf,COMPONENT-LEAF,approved-generated,Pete Steward,2026-08-05,data/livestock-staging/approved_ingredient_harmonization_rules.csv,Generated from approved rule under recorded guard; legacy material identity preserved.
AOM_001560,aom:ingredientPart,AOM_101035,Pod,COMPONENT-POD,approved-generated,Pete Steward,2026-08-05,data/livestock-staging/approved_ingredient_harmonization_rules.csv,Generated from approved rule under recorded guard; legacy material identity preserved.
AOM_001564,aom:processingMethod,AOM_101095,Grinding,PROCESS-GROUND,approved-generated,Pete Steward,2026-08-05,data/livestock-staging/approved_ingredient_harmonization_rules.csv,Generated from approved rule under recorded guard; legacy material identity preserved.
AOM_001568,aom:ingredientPart,AOM_101038,Seed,COMPONENT-SEED,approved-generated,Pete Steward,2026-08-05,data/livestock-staging/approved_ingredient_harmonization_rules.csv,Generated from approved rule under recorded guard; legacy material identity preserved.
AOM_001581,aom:processingMethod,AOM_101071,Drying,PROCESS-DRIED,approved-generated,Pete Steward,2026-08-05,data/livestock-staging/approved_ingredient_harmonization_rules.csv,Generated from approved rule under recorded guard; legacy material identity preserved.
AOM_001583,aom:processingMethod,AOM_101088,Autoclaving,PROCESS-AUTOCLAVED,approved-generated,Pete Steward,2026-08-05,data/livestock-staging/approved_ingredient_harmonization_rules.csv,Generated from approved rule under recorded guard; legacy material identity preserved.
AOM_001583,aom:processingMethod,AOM_101095,Grinding,PROCESS-GROUND,approved-generated,Pete Steward,2026-08-05,data/livestock-staging/approved_ingredient_harmonization_rules.csv,Generated from approved rule under recorded guard; legacy material identity preserved.
AOM_001590,aom:processingMethod,AOM_101071,Drying,PROCESS-DRIED,approved-generated,Pete Steward,2026-08-05,data/livestock-staging/approved_ingredient_harmonization_rules.csv,Generated from approved rule under recorded guard; legacy material identity preserved.
AOM_001591,aom:ingredientPart,AOM_101033,Leaf,COMPONENT-LEAF,approved-generated,Pete Steward,2026-08-05,data/livestock-staging/approved_ingredient_harmonization_rules.csv,Generated from approved rule under recorded guard; legacy material identity preserved.
AOM_001592,aom:ingredientPart,AOM_101033,Leaf,COMPONENT-LEAF,approved-generated,Pete Steward,2026-08-05,data/livestock-staging/approved_ingredient_harmonization_rules.csv,Generated from approved rule under recorded guard; legacy material identity preserved.
AOM_001592,aom:processingMethod,AOM_000831,Ensiling,PROCESS-ENSILED,approved-generated,Pete Steward,2026-08-05,data/livestock-staging/approved_ingredient_harmonization_rules.csv,Generated from approved rule under recorded guard; legacy material identity preserved.
AOM_001592,aom:processingMethod,AOM_101071,Drying,PROCESS-DRIED,approved-generated,Pete Steward,2026-08-05,data/livestock-staging/approved_ingredient_harmonization_rules.csv,Generated from approved rule under recorded guard; legacy material identity preserved.
AOM_001593,aom:ingredientPart,AOM_101033,Leaf,COMPONENT-LEAF,approved-generated,Pete Steward,2026-08-05,data/livestock-staging/approved_ingredient_harmonization_rules.csv,Generated from approved rule under recorded guard; legacy material identity preserved.
AOM_001594,aom:ingredientPart,AOM_101033,Leaf,COMPONENT-LEAF,approved-generated,Pete Steward,2026-08-05,data/livestock-staging/approved_ingredient_harmonization_rules.csv,Generated from approved rule under recorded guard; legacy material identity preserved.
AOM_001594,aom:processingMethod,AOM_101071,Drying,PROCESS-DRIED,approved-generated,Pete Steward,2026-08-05,data/livestock-staging/approved_ingredient_harmonization_rules.csv,Generated from approved rule under recorded guard; legacy material identity preserved.
AOM_001595,aom:ingredientPart,AOM_101035,Pod,COMPONENT-POD,approved-generated,Pete Steward,2026-08-05,data/livestock-staging/approved_ingredient_harmonization_rules.csv,Generated from approved rule under recorded guard; legacy material identity preserved.
AOM_001596,aom:ingredientPart,AOM_101035,Pod,COMPONENT-POD,approved-generated,Pete Steward,2026-08-05,data/livestock-staging/approved_ingredient_harmonization_rules.csv,Generated from approved rule under recorded guard; legacy material identity preserved.
AOM_001596,aom:processingMethod,AOM_101071,Drying,PROCESS-DRIED,approved-generated,Pete Steward,2026-08-05,data/livestock-staging/approved_ingredient_harmonization_rules.csv,Generated from approved rule under recorded guard; legacy material identity preserved.
AOM_001597,aom:ingredientPart,AOM_101033,Leaf,COMPONENT-LEAF,approved-generated,Pete Steward,2026-08-05,data/livestock-staging/approved_ingredient_harmonization_rules.csv,Generated from approved rule under recorded guard; legacy material identity preserved.
AOM_001597,aom:processingMethod,AOM_101071,Drying,PROCESS-DRIED,approved-generated,Pete Steward,2026-08-05,data/livestock-staging/approved_ingredient_harmonization_rules.csv,Generated from approved rule under recorded guard; legacy material identity preserved.
AOM_001598,aom:ingredientPart,AOM_101035,Pod,COMPONENT-POD,approved-generated,Pete Steward,2026-08-05,data/livestock-staging/approved_ingredient_harmonization_rules.csv,Generated from approved rule under recorded guard; legacy material identity preserved.
AOM_001598,aom:processingMethod,AOM_101071,Drying,PROCESS-DRIED,approved-generated,Pete Steward,2026-08-05,data/livestock-staging/approved_ingredient_harmonization_rules.csv,Generated from approved rule under recorded guard; legacy material identity preserved.
AOM_001599,aom:processingMethod,AOM_000831,Ensiling,PROCESS-ENSILED,approved-generated,Pete Steward,2026-08-05,data/livestock-staging/approved_ingredient_harmonization_rules.csv,Generated from approved rule under recorded guard; legacy material identity preserved.
AOM_001599,aom:processingMethod,AOM_101071,Drying,PROCESS-DRIED,approved-generated,Pete Steward,2026-08-05,data/livestock-staging/approved_ingredient_harmonization_rules.csv,Generated from approved rule under recorded guard; legacy material identity preserved.
AOM_001599,aom:processingMethod,AOM_101095,Grinding,PROCESS-GROUND,approved-generated,Pete Steward,2026-08-05,data/livestock-staging/approved_ingredient_harmonization_rules.csv,Generated from approved rule under recorded guard; legacy material identity preserved.
AOM_001600,aom:ingredientPart,AOM_101033,Leaf,COMPONENT-LEAF,approved-generated,Pete Steward,2026-08-05,data/livestock-staging/approved_ingredient_harmonization_rules.csv,Generated from approved rule under recorded guard; legacy material identity preserved.
AOM_001601,aom:ingredientPart,AOM_101035,Pod,COMPONENT-POD,approved-generated,Pete Steward,2026-08-05,data/livestock-staging/approved_ingredient_harmonization_rules.csv,Generated from approved rule under recorded guard; legacy material identity preserved.
AOM_001601,aom:processingMethod,AOM_101095,Grinding,PROCESS-GROUND,approved-generated,Pete Steward,2026-08-05,data/livestock-staging/approved_ingredient_harmonization_rules.csv,Generated from approved rule under recorded guard; legacy material identity preserved.
AOM_001602,aom:ingredientPart,AOM_101035,Pod,COMPONENT-POD,approved-generated,Pete Steward,2026-08-05,data/livestock-staging/approved_ingredient_harmonization_rules.csv,Generated from approved rule under recorded guard; legacy material identity preserved.
AOM_001602,aom:processingMethod,AOM_101071,Drying,PROCESS-DRIED,approved-generated,Pete Steward,2026-08-05,data/livestock-staging/approved_ingredient_harmonization_rules.csv,Generated from approved rule under recorded guard; legacy material identity preserved.
AOM_001604,aom:processingMethod,AOM_101071,Drying,PROCESS-DRIED,approved-generated,Pete Steward,2026-08-05,data/livestock-staging/approved_ingredient_harmonization_rules.csv,Generated from approved rule under recorded guard; legacy material identity preserved.
AOM_001605,aom:processingMethod,AOM_101071,Drying,PROCESS-DRIED,approved-generated,Pete Steward,2026-08-05,data/livestock-staging/approved_ingredient_harmonization_rules.csv,Generated from approved rule under recorded guard; legacy material identity preserved.
AOM_001605,aom:processingMethod,AOM_101095,Grinding,PROCESS-GROUND,approved-generated,Pete Steward,2026-08-05,data/livestock-staging/approved_ingredient_harmonization_rules.csv,Generated from approved rule under recorded guard; legacy material identity preserved.
AOM_001609,aom:ingredientPart,AOM_101033,Leaf,COMPONENT-LEAF,approved-generated,Pete Steward,2026-08-05,data/livestock-staging/approved_ingredient_harmonization_rules.csv,Generated from approved rule under recorded guard; legacy material identity preserved.
AOM_001609,aom:processingMethod,AOM_101102,Wilting,PROCESS-WILTED,approved-generated,Pete Steward,2026-08-05,data/livestock-staging/approved_ingredient_harmonization_rules.csv,Generated from approved rule under recorded guard; legacy material identity preserved.
AOM_001610,aom:processingMethod,AOM_101095,Grinding,PROCESS-GROUND,approved-generated,Pete Steward,2026-08-05,data/livestock-staging/approved_ingredient_harmonization_rules.csv,Generated from approved rule under recorded guard; legacy material identity preserved.
AOM_001611,aom:processingMethod,AOM_101094,Fermentation,PROCESS-FERMENTED,approved-generated,Pete Steward,2026-08-05,data/livestock-staging/approved_ingredient_harmonization_rules.csv,Generated from approved rule under recorded guard; legacy material identity preserved.
AOM_001612,aom:ingredientPart,AOM_101033,Leaf,COMPONENT-LEAF,approved-generated,Pete Steward,2026-08-05,data/livestock-staging/approved_ingredient_harmonization_rules.csv,Generated from approved rule under recorded guard; legacy material identity preserved.
AOM_001612,aom:processingMethod,AOM_101071,Drying,PROCESS-DRIED,approved-generated,Pete Steward,2026-08-05,data/livestock-staging/approved_ingredient_harmonization_rules.csv,Generated from approved rule under recorded guard; legacy material identity preserved.
AOM_001613,aom:processingMethod,AOM_101095,Grinding,PROCESS-GROUND,approved-generated,Pete Steward,2026-08-05,data/livestock-staging/approved_ingredient_harmonization_rules.csv,Generated from approved rule under recorded guard; legacy material identity preserved.
AOM_001614,aom:ingredientPart,AOM_101104,Bran,COMPONENT-BRAN,approved-generated,Pete Steward,2026-08-05,data/livestock-staging/approved_ingredient_harmonization_rules.csv,Generated from approved rule under recorded guard; legacy material identity preserved.
AOM_001615,aom:processingMethod,AOM_101095,Grinding,PROCESS-GROUND,approved-generated,Pete Steward,2026-08-05,data/livestock-staging/approved_ingredient_harmonization_rules.csv,Generated from approved rule under recorded guard; legacy material identity preserved.
AOM_001617,aom:ingredientPart,AOM_101106,Straw,COMPONENT-STRAW,approved-generated,Pete Steward,2026-08-05,data/livestock-staging/approved_ingredient_harmonization_rules.csv,Generated from approved rule under recorded guard; legacy material identity preserved.
AOM_001617,aom:processingMethod,AOM_101071,Drying,PROCESS-DRIED,approved-generated,Pete Steward,2026-08-05,data/livestock-staging/approved_ingredient_harmonization_rules.csv,Generated from approved rule under recorded guard; legacy material identity preserved.
AOM_001617,aom:processingMethod,AOM_101095,Grinding,PROCESS-GROUND,approved-generated,Pete Steward,2026-08-05,data/livestock-staging/approved_ingredient_harmonization_rules.csv,Generated from approved rule under recorded guard; legacy material identity preserved.
AOM_001619,aom:ingredientPart,AOM_101031,Husk,COMPONENT-HUSK,approved-generated,Pete Steward,2026-08-05,data/livestock-staging/approved_ingredient_harmonization_rules.csv,Generated from approved rule under recorded guard; legacy material identity preserved.
AOM_001619,aom:processingMethod,AOM_101071,Drying,PROCESS-DRIED,approved-generated,Pete Steward,2026-08-05,data/livestock-staging/approved_ingredient_harmonization_rules.csv,Generated from approved rule under recorded guard; legacy material identity preserved.
AOM_001619,aom:processingMethod,AOM_101101,Urea treatment,PROCESS-UREA_TREATED,approved-generated,Pete Steward,2026-08-05,data/livestock-staging/approved_ingredient_harmonization_rules.csv,Generated from approved rule under recorded guard; legacy material identity preserved.
AOM_001620,aom:processingMethod,AOM_000831,Ensiling,PROCESS-ENSILED,approved-generated,Pete Steward,2026-08-05,data/livestock-staging/approved_ingredient_harmonization_rules.csv,Generated from approved rule under recorded guard; legacy material identity preserved.
AOM_001621,aom:processingMethod,AOM_101071,Drying,PROCESS-DRIED,approved-generated,Pete Steward,2026-08-05,data/livestock-staging/approved_ingredient_harmonization_rules.csv,Generated from approved rule under recorded guard; legacy material identity preserved.
AOM_001622,aom:ingredientPart,AOM_101104,Bran,COMPONENT-BRAN,approved-generated,Pete Steward,2026-08-05,data/livestock-staging/approved_ingredient_harmonization_rules.csv,Generated from approved rule under recorded guard; legacy material identity preserved.
AOM_001622,aom:processingMethod,AOM_101095,Grinding,PROCESS-GROUND,approved-generated,Pete Steward,2026-08-05,data/livestock-staging/approved_ingredient_harmonization_rules.csv,Generated from approved rule under recorded guard; legacy material identity preserved.
AOM_001623,aom:processingMethod,AOM_101095,Grinding,PROCESS-GROUND,approved-generated,Pete Steward,2026-08-05,data/livestock-staging/approved_ingredient_harmonization_rules.csv,Generated from approved rule under recorded guard; legacy material identity preserved.
AOM_001624,aom:ingredientPart,AOM_101106,Straw,COMPONENT-STRAW,approved-generated,Pete Steward,2026-08-05,data/livestock-staging/approved_ingredient_harmonization_rules.csv,Generated from approved rule under recorded guard; legacy material identity preserved.
AOM_001624,aom:processingMethod,AOM_101101,Urea treatment,PROCESS-UREA_TREATED,approved-generated,Pete Steward,2026-08-05,data/livestock-staging/approved_ingredient_harmonization_rules.csv,Generated from approved rule under recorded guard; legacy material identity preserved.
AOM_001625,aom:ingredientPart,AOM_101032,Kernel,COMPONENT-KERNEL,approved-generated,Pete Steward,2026-08-05,data/livestock-staging/approved_ingredient_harmonization_rules.csv,Generated from approved rule under recorded guard; legacy material identity preserved.
AOM_001625,aom:ingredientPart,AOM_101038,Seed,COMPONENT-SEED,approved-generated,Pete Steward,2026-08-05,data/livestock-staging/approved_ingredient_harmonization_rules.csv,Generated from approved rule under recorded guard; legacy material identity preserved.
AOM_001626,aom:ingredientPart,AOM_101033,Leaf,COMPONENT-LEAF,approved-generated,Pete Steward,2026-08-05,data/livestock-staging/approved_ingredient_harmonization_rules.csv,Generated from approved rule under recorded guard; legacy material identity preserved.
AOM_001626,aom:processingMethod,AOM_101071,Drying,PROCESS-DRIED,approved-generated,Pete Steward,2026-08-05,data/livestock-staging/approved_ingredient_harmonization_rules.csv,Generated from approved rule under recorded guard; legacy material identity preserved.
AOM_001627,aom:ingredientPart,AOM_101034,Peel,COMPONENT-PEEL,approved-generated,Pete Steward,2026-08-05,data/livestock-staging/approved_ingredient_harmonization_rules.csv,Generated from approved rule under recorded guard; legacy material identity preserved.
AOM_001627,aom:processingMethod,AOM_101071,Drying,PROCESS-DRIED,approved-generated,Pete Steward,2026-08-05,data/livestock-staging/approved_ingredient_harmonization_rules.csv,Generated from approved rule under recorded guard; legacy material identity preserved.
AOM_001628,aom:processingMethod,AOM_101071,Drying,PROCESS-DRIED,approved-generated,Pete Steward,2026-08-05,data/livestock-staging/approved_ingredient_harmonization_rules.csv,Generated from approved rule under recorded guard; legacy material identity preserved.
AOM_001629,aom:ingredientPart,AOM_101033,Leaf,COMPONENT-LEAF,approved-generated,Pete Steward,2026-08-05,data/livestock-staging/approved_ingredient_harmonization_rules.csv,Generated from approved rule under recorded guard; legacy material identity preserved.
AOM_001629,aom:processingMethod,AOM_101071,Drying,PROCESS-DRIED,approved-generated,Pete Steward,2026-08-05,data/livestock-staging/approved_ingredient_harmonization_rules.csv,Generated from approved rule under recorded guard; legacy material identity preserved.
AOM_001630,aom:ingredientPart,AOM_101033,Leaf,COMPONENT-LEAF,approved-generated,Pete Steward,2026-08-05,data/livestock-staging/approved_ingredient_harmonization_rules.csv,Generated from approved rule under recorded guard; legacy material identity preserved.
AOM_001631,aom:ingredientPart,AOM_101033,Leaf,COMPONENT-LEAF,approved-generated,Pete Steward,2026-08-05,data/livestock-staging/approved_ingredient_harmonization_rules.csv,Generated from approved rule under recorded guard; legacy material identity preserved.
AOM_001631,aom:processingMethod,AOM_101071,Drying,PROCESS-DRIED,approved-generated,Pete Steward,2026-08-05,data/livestock-staging/approved_ingredient_harmonization_rules.csv,Generated from approved rule under recorded guard; legacy material identity preserved.
AOM_001632,aom:processingMethod,AOM_101071,Drying,PROCESS-DRIED,approved-generated,Pete Steward,2026-08-05,data/livestock-staging/approved_ingredient_harmonization_rules.csv,Generated from approved rule under recorded guard; legacy material identity preserved.
AOM_001633,aom:processingMethod,AOM_101071,Drying,PROCESS-DRIED,approved-generated,Pete Steward,2026-08-05,data/livestock-staging/approved_ingredient_harmonization_rules.csv,Generated from approved rule under recorded guard; legacy material identity preserved.
AOM_001634,aom:processingMethod,AOM_101071,Drying,PROCESS-DRIED,approved-generated,Pete Steward,2026-08-05,data/livestock-staging/approved_ingredient_harmonization_rules.csv,Generated from approved rule under recorded guard; legacy material identity preserved.
AOM_001634,aom:processingMethod,AOM_101102,Wilting,PROCESS-WILTED,approved-generated,Pete Steward,2026-08-05,data/livestock-staging/approved_ingredient_harmonization_rules.csv,Generated from approved rule under recorded guard; legacy material identity preserved.
AOM_001635,aom:processingMethod,AOM_101071,Drying,PROCESS-DRIED,approved-generated,Pete Steward,2026-08-05,data/livestock-staging/approved_ingredient_harmonization_rules.csv,Generated from approved rule under recorded guard; legacy material identity preserved.
AOM_001635,aom:processingMethod,AOM_101095,Grinding,PROCESS-GROUND,approved-generated,Pete Steward,2026-08-05,data/livestock-staging/approved_ingredient_harmonization_rules.csv,Generated from approved rule under recorded guard; legacy material identity preserved.
AOM_001636,aom:ingredientPart,AOM_101033,Leaf,COMPONENT-LEAF,approved-generated,Pete Steward,2026-08-05,data/livestock-staging/approved_ingredient_harmonization_rules.csv,Generated from approved rule under recorded guard; legacy material identity preserved.
AOM_001637,aom:ingredientPart,AOM_101033,Leaf,COMPONENT-LEAF,approved-generated,Pete Steward,2026-08-05,data/livestock-staging/approved_ingredient_harmonization_rules.csv,Generated from approved rule under recorded guard; legacy material identity preserved.
AOM_001637,aom:processingMethod,AOM_101071,Drying,PROCESS-DRIED,approved-generated,Pete Steward,2026-08-05,data/livestock-staging/approved_ingredient_harmonization_rules.csv,Generated from approved rule under recorded guard; legacy material identity preserved.
AOM_001637,aom:processingMethod,AOM_101095,Grinding,PROCESS-GROUND,approved-generated,Pete Steward,2026-08-05,data/livestock-staging/approved_ingredient_harmonization_rules.csv,Generated from approved rule under recorded guard; legacy material identity preserved.
AOM_001638,aom:ingredientPart,AOM_101032,Kernel,COMPONENT-KERNEL,approved-generated,Pete Steward,2026-08-05,data/livestock-staging/approved_ingredient_harmonization_rules.csv,Generated from approved rule under recorded guard; legacy material identity preserved.
AOM_001641,aom:ingredientPart,AOM_101038,Seed,COMPONENT-SEED,approved-generated,Pete Steward,2026-08-05,data/livestock-staging/approved_ingredient_harmonization_rules.csv,Generated from approved rule under recorded guard; legacy material identity preserved.
AOM_001641,aom:processingMethod,AOM_101071,Drying,PROCESS-DRIED,approved-generated,Pete Steward,2026-08-05,data/livestock-staging/approved_ingredient_harmonization_rules.csv,Generated from approved rule under recorded guard; legacy material identity preserved.
AOM_001642,aom:ingredientPart,AOM_101038,Seed,COMPONENT-SEED,approved-generated,Pete Steward,2026-08-05,data/livestock-staging/approved_ingredient_harmonization_rules.csv,Generated from approved rule under recorded guard; legacy material identity preserved.
AOM_001642,aom:processingMethod,AOM_101095,Grinding,PROCESS-GROUND,approved-generated,Pete Steward,2026-08-05,data/livestock-staging/approved_ingredient_harmonization_rules.csv,Generated from approved rule under recorded guard; legacy material identity preserved.
AOM_001643,aom:ingredientPart,AOM_101038,Seed,COMPONENT-SEED,approved-generated,Pete Steward,2026-08-05,data/livestock-staging/approved_ingredient_harmonization_rules.csv,Generated from approved rule under recorded guard; legacy material identity preserved.
AOM_001643,aom:processingMethod,AOM_101095,Grinding,PROCESS-GROUND,approved-generated,Pete Steward,2026-08-05,data/livestock-staging/approved_ingredient_harmonization_rules.csv,Generated from approved rule under recorded guard; legacy material identity preserved.
AOM_001644,aom:ingredientPart,AOM_101038,Seed,COMPONENT-SEED,approved-generated,Pete Steward,2026-08-05,data/livestock-staging/approved_ingredient_harmonization_rules.csv,Generated from approved rule under recorded guard; legacy material identity preserved.
AOM_001644,aom:processingMethod,AOM_101095,Grinding,PROCESS-GROUND,approved-generated,Pete Steward,2026-08-05,data/livestock-staging/approved_ingredient_harmonization_rules.csv,Generated from approved rule under recorded guard; legacy material identity preserved.
AOM_001645,aom:processingMethod,AOM_101071,Drying,PROCESS-DRIED,approved-generated,Pete Steward,2026-08-05,data/livestock-staging/approved_ingredient_harmonization_rules.csv,Generated from approved rule under recorded guard; legacy material identity preserved.
AOM_001645,aom:processingMethod,AOM_101089,Boiling,PROCESS-BOILED,approved-generated,Pete Steward,2026-08-05,data/livestock-staging/approved_ingredient_harmonization_rules.csv,Generated from approved rule under recorded guard; legacy material identity preserved.
AOM_001646,aom:processingMethod,AOM_101071,Drying,PROCESS-DRIED,approved-generated,Pete Steward,2026-08-05,data/livestock-staging/approved_ingredient_harmonization_rules.csv,Generated from approved rule under recorded guard; legacy material identity preserved.
AOM_001647,aom:ingredientPart,AOM_101033,Leaf,COMPONENT-LEAF,approved-generated,Pete Steward,2026-08-05,data/livestock-staging/approved_ingredient_harmonization_rules.csv,Generated from approved rule under recorded guard; legacy material identity preserved.
AOM_001647,aom:processingMethod,AOM_101071,Drying,PROCESS-DRIED,approved-generated,Pete Steward,2026-08-05,data/livestock-staging/approved_ingredient_harmonization_rules.csv,Generated from approved rule under recorded guard; legacy material identity preserved.
AOM_001647,aom:processingMethod,AOM_101095,Grinding,PROCESS-GROUND,approved-generated,Pete Steward,2026-08-05,data/livestock-staging/approved_ingredient_harmonization_rules.csv,Generated from approved rule under recorded guard; legacy material identity preserved.
AOM_001649,aom:processingMethod,AOM_101071,Drying,PROCESS-DRIED,approved-generated,Pete Steward,2026-08-05,data/livestock-staging/approved_ingredient_harmonization_rules.csv,Generated from approved rule under recorded guard; legacy material identity preserved.
AOM_001650,aom:ingredientPart,AOM_101033,Leaf,COMPONENT-LEAF,approved-generated,Pete Steward,2026-08-05,data/livestock-staging/approved_ingredient_harmonization_rules.csv,Generated from approved rule under recorded guard; legacy material identity preserved.
AOM_001650,aom:processingMethod,AOM_101071,Drying,PROCESS-DRIED,approved-generated,Pete Steward,2026-08-05,data/livestock-staging/approved_ingredient_harmonization_rules.csv,Generated from approved rule under recorded guard; legacy material identity preserved.
AOM_001650,aom:processingMethod,AOM_101089,Boiling,PROCESS-BOILED,approved-generated,Pete Steward,2026-08-05,data/livestock-staging/approved_ingredient_harmonization_rules.csv,Generated from approved rule under recorded guard; legacy material identity preserved.
AOM_001651,aom:processingMethod,AOM_101071,Drying,PROCESS-DRIED,approved-generated,Pete Steward,2026-08-05,data/livestock-staging/approved_ingredient_harmonization_rules.csv,Generated from approved rule under recorded guard; legacy material identity preserved.
AOM_001655,aom:processingMethod,AOM_101071,Drying,PROCESS-DRIED,approved-generated,Pete Steward,2026-08-05,data/livestock-staging/approved_ingredient_harmonization_rules.csv,Generated from approved rule under recorded guard; legacy material identity preserved.
AOM_001656,aom:processingMethod,AOM_101071,Drying,PROCESS-DRIED,approved-generated,Pete Steward,2026-08-05,data/livestock-staging/approved_ingredient_harmonization_rules.csv,Generated from approved rule under recorded guard; legacy material identity preserved.
AOM_001656,aom:processingMethod,AOM_101095,Grinding,PROCESS-GROUND,approved-generated,Pete Steward,2026-08-05,data/livestock-staging/approved_ingredient_harmonization_rules.csv,Generated from approved rule under recorded guard; legacy material identity preserved.
AOM_001657,aom:ingredientPart,AOM_101033,Leaf,COMPONENT-LEAF,approved-generated,Pete Steward,2026-08-05,data/livestock-staging/approved_ingredient_harmonization_rules.csv,Generated from approved rule under recorded guard; legacy material identity preserved.
AOM_001657,aom:processingMethod,AOM_101095,Grinding,PROCESS-GROUND,approved-generated,Pete Steward,2026-08-05,data/livestock-staging/approved_ingredient_harmonization_rules.csv,Generated from approved rule under recorded guard; legacy material identity preserved.
AOM_001658,aom:processingMethod,AOM_101071,Drying,PROCESS-DRIED,approved-generated,Pete Steward,2026-08-05,data/livestock-staging/approved_ingredient_harmonization_rules.csv,Generated from approved rule under recorded guard; legacy material identity preserved.
AOM_001658,aom:processingMethod,AOM_101095,Grinding,PROCESS-GROUND,approved-generated,Pete Steward,2026-08-05,data/livestock-staging/approved_ingredient_harmonization_rules.csv,Generated from approved rule under recorded guard; legacy material identity preserved.
AOM_001658,aom:processingMethod,AOM_101096,Heating,PROCESS-HEATED,approved-generated,Pete Steward,2026-08-05,data/livestock-staging/approved_ingredient_harmonization_rules.csv,Generated from approved rule under recorded guard; legacy material identity preserved.
AOM_001660,aom:processingMethod,AOM_101095,Grinding,PROCESS-GROUND,approved-generated,Pete Steward,2026-08-05,data/livestock-staging/approved_ingredient_harmonization_rules.csv,Generated from approved rule under recorded guard; legacy material identity preserved.
AOM_001661,aom:processingMethod,AOM_101071,Drying,PROCESS-DRIED,approved-generated,Pete Steward,2026-08-05,data/livestock-staging/approved_ingredient_harmonization_rules.csv,Generated from approved rule under recorded guard; legacy material identity preserved.
AOM_001662,aom:processingMethod,AOM_101102,Wilting,PROCESS-WILTED,approved-generated,Pete Steward,2026-08-05,data/livestock-staging/approved_ingredient_harmonization_rules.csv,Generated from approved rule under recorded guard; legacy material identity preserved.
AOM_001663,aom:processingMethod,AOM_101071,Drying,PROCESS-DRIED,approved-generated,Pete Steward,2026-08-05,data/livestock-staging/approved_ingredient_harmonization_rules.csv,Generated from approved rule under recorded guard; legacy material identity preserved.
AOM_001664,aom:processingMethod,AOM_101071,Drying,PROCESS-DRIED,approved-generated,Pete Steward,2026-08-05,data/livestock-staging/approved_ingredient_harmonization_rules.csv,Generated from approved rule under recorded guard; legacy material identity preserved.
AOM_001664,aom:processingMethod,AOM_101095,Grinding,PROCESS-GROUND,approved-generated,Pete Steward,2026-08-05,data/livestock-staging/approved_ingredient_harmonization_rules.csv,Generated from approved rule under recorded guard; legacy material identity preserved.
AOM_001665,aom:processingMethod,AOM_101071,Drying,PROCESS-DRIED,approved-generated,Pete Steward,2026-08-05,data/livestock-staging/approved_ingredient_harmonization_rules.csv,Generated from approved rule under recorded guard; legacy material identity preserved.
AOM_001665,aom:processingMethod,AOM_101102,Wilting,PROCESS-WILTED,approved-generated,Pete Steward,2026-08-05,data/livestock-staging/approved_ingredient_harmonization_rules.csv,Generated from approved rule under recorded guard; legacy material identity preserved.
AOM_001666,aom:processingMethod,AOM_101071,Drying,PROCESS-DRIED,approved-generated,Pete Steward,2026-08-05,data/livestock-staging/approved_ingredient_harmonization_rules.csv,Generated from approved rule under recorded guard; legacy material identity preserved.
AOM_001666,aom:processingMethod,AOM_101091,Crushing,PROCESS-CRUSHED,approved-generated,Pete Steward,2026-08-05,data/livestock-staging/approved_ingredient_harmonization_rules.csv,Generated from approved rule under recorded guard; legacy material identity preserved.
AOM_001667,aom:processingMethod,AOM_101071,Drying,PROCESS-DRIED,approved-generated,Pete Steward,2026-08-05,data/livestock-staging/approved_ingredient_harmonization_rules.csv,Generated from approved rule under recorded guard; legacy material identity preserved.
AOM_001668,aom:processingMethod,AOM_101102,Wilting,PROCESS-WILTED,approved-generated,Pete Steward,2026-08-05,data/livestock-staging/approved_ingredient_harmonization_rules.csv,Generated from approved rule under recorded guard; legacy material identity preserved.
AOM_001669,aom:processingMethod,AOM_101071,Drying,PROCESS-DRIED,approved-generated,Pete Steward,2026-08-05,data/livestock-staging/approved_ingredient_harmonization_rules.csv,Generated from approved rule under recorded guard; legacy material identity preserved.
AOM_001669,aom:processingMethod,AOM_101095,Grinding,PROCESS-GROUND,approved-generated,Pete Steward,2026-08-05,data/livestock-staging/approved_ingredient_harmonization_rules.csv,Generated from approved rule under recorded guard; legacy material identity preserved.
AOM_001671,aom:ingredientPart,AOM_101033,Leaf,COMPONENT-LEAF,approved-generated,Pete Steward,2026-08-05,data/livestock-staging/approved_ingredient_harmonization_rules.csv,Generated from approved rule under recorded guard; legacy material identity preserved.
AOM_001671,aom:processingMethod,AOM_000831,Ensiling,PROCESS-ENSILED,approved-generated,Pete Steward,2026-08-05,data/livestock-staging/approved_ingredient_harmonization_rules.csv,Generated from approved rule under recorded guard; legacy material identity preserved.
AOM_001671,aom:processingMethod,AOM_101071,Drying,PROCESS-DRIED,approved-generated,Pete Steward,2026-08-05,data/livestock-staging/approved_ingredient_harmonization_rules.csv,Generated from approved rule under recorded guard; legacy material identity preserved.
AOM_001672,aom:ingredientPart,AOM_101033,Leaf,COMPONENT-LEAF,approved-generated,Pete Steward,2026-08-05,data/livestock-staging/approved_ingredient_harmonization_rules.csv,Generated from approved rule under recorded guard; legacy material identity preserved.
AOM_001674,aom:processingMethod,AOM_101095,Grinding,PROCESS-GROUND,approved-generated,Pete Steward,2026-08-05,data/livestock-staging/approved_ingredient_harmonization_rules.csv,Generated from approved rule under recorded guard; legacy material identity preserved.
AOM_001676,aom:processingMethod,AOM_101071,Drying,PROCESS-DRIED,approved-generated,Pete Steward,2026-08-05,data/livestock-staging/approved_ingredient_harmonization_rules.csv,Generated from approved rule under recorded guard; legacy material identity preserved.
AOM_001677,aom:processingMethod,AOM_000831,Ensiling,PROCESS-ENSILED,approved-generated,Pete Steward,2026-08-05,data/livestock-staging/approved_ingredient_harmonization_rules.csv,Generated from approved rule under recorded guard; legacy material identity preserved.
AOM_001679,aom:ingredientPart,AOM_101074,Grain,COMPONENT-GRAIN,approved-generated,Pete Steward,2026-08-05,data/livestock-staging/approved_ingredient_harmonization_rules.csv,Generated from approved rule under recorded guard; legacy material identity preserved.
AOM_001679,aom:processingMethod,AOM_101095,Grinding,PROCESS-GROUND,approved-generated,Pete Steward,2026-08-05,data/livestock-staging/approved_ingredient_harmonization_rules.csv,Generated from approved rule under recorded guard; legacy material identity preserved.
AOM_001681,aom:processingMethod,AOM_101071,Drying,PROCESS-DRIED,approved-generated,Pete Steward,2026-08-05,data/livestock-staging/approved_ingredient_harmonization_rules.csv,Generated from approved rule under recorded guard; legacy material identity preserved.
AOM_001681,aom:processingMethod,AOM_101095,Grinding,PROCESS-GROUND,approved-generated,Pete Steward,2026-08-05,data/livestock-staging/approved_ingredient_harmonization_rules.csv,Generated from approved rule under recorded guard; legacy material identity preserved.
AOM_001682,aom:ingredientPart,AOM_101106,Straw,COMPONENT-STRAW,approved-generated,Pete Steward,2026-08-05,data/livestock-staging/approved_ingredient_harmonization_rules.csv,Generated from approved rule under recorded guard; legacy material identity preserved.
AOM_001682,aom:processingMethod,AOM_101095,Grinding,PROCESS-GROUND,approved-generated,Pete Steward,2026-08-05,data/livestock-staging/approved_ingredient_harmonization_rules.csv,Generated from approved rule under recorded guard; legacy material identity preserved.
AOM_001684,aom:ingredientPart,AOM_101106,Straw,COMPONENT-STRAW,approved-generated,Pete Steward,2026-08-05,data/livestock-staging/approved_ingredient_harmonization_rules.csv,Generated from approved rule under recorded guard; legacy material identity preserved.
AOM_001684,aom:processingMethod,AOM_000831,Ensiling,PROCESS-ENSILED,approved-generated,Pete Steward,2026-08-05,data/livestock-staging/approved_ingredient_harmonization_rules.csv,Generated from approved rule under recorded guard; legacy material identity preserved.
AOM_001684,aom:processingMethod,AOM_101071,Drying,PROCESS-DRIED,approved-generated,Pete Steward,2026-08-05,data/livestock-staging/approved_ingredient_harmonization_rules.csv,Generated from approved rule under recorded guard; legacy material identity preserved.
AOM_001684,aom:processingMethod,AOM_101095,Grinding,PROCESS-GROUND,approved-generated,Pete Steward,2026-08-05,data/livestock-staging/approved_ingredient_harmonization_rules.csv,Generated from approved rule under recorded guard; legacy material identity preserved.
AOM_001684,aom:processingMethod,AOM_101101,Urea treatment,PROCESS-UREA_TREATED,approved-generated,Pete Steward,2026-08-05,data/livestock-staging/approved_ingredient_harmonization_rules.csv,Generated from approved rule under recorded guard; legacy material identity preserved.
AOM_001686,aom:ingredientPart,AOM_101106,Straw,COMPONENT-STRAW,approved-generated,Pete Steward,2026-08-05,data/livestock-staging/approved_ingredient_harmonization_rules.csv,Generated from approved rule under recorded guard; legacy material identity preserved.
AOM_001686,aom:processingMethod,AOM_101071,Drying,PROCESS-DRIED,approved-generated,Pete Steward,2026-08-05,data/livestock-staging/approved_ingredient_harmonization_rules.csv,Generated from approved rule under recorded guard; legacy material identity preserved.
AOM_001687,aom:ingredientPart,AOM_101106,Straw,COMPONENT-STRAW,approved-generated,Pete Steward,2026-08-05,data/livestock-staging/approved_ingredient_harmonization_rules.csv,Generated from approved rule under recorded guard; legacy material identity preserved.
AOM_001687,aom:processingMethod,AOM_101101,Urea treatment,PROCESS-UREA_TREATED,approved-generated,Pete Steward,2026-08-05,data/livestock-staging/approved_ingredient_harmonization_rules.csv,Generated from approved rule under recorded guard; legacy material identity preserved.
AOM_001688,aom:ingredientPart,AOM_101106,Straw,COMPONENT-STRAW,approved-generated,Pete Steward,2026-08-05,data/livestock-staging/approved_ingredient_harmonization_rules.csv,Generated from approved rule under recorded guard; legacy material identity preserved.
AOM_001688,aom:processingMethod,AOM_101095,Grinding,PROCESS-GROUND,approved-generated,Pete Steward,2026-08-05,data/livestock-staging/approved_ingredient_harmonization_rules.csv,Generated from approved rule under recorded guard; legacy material identity preserved.
AOM_001688,aom:processingMethod,AOM_101101,Urea treatment,PROCESS-UREA_TREATED,approved-generated,Pete Steward,2026-08-05,data/livestock-staging/approved_ingredient_harmonization_rules.csv,Generated from approved rule under recorded guard; legacy material identity preserved.
AOM_001689,aom:processingMethod,AOM_101101,Urea treatment,PROCESS-UREA_TREATED,approved-generated,Pete Steward,2026-08-05,data/livestock-staging/approved_ingredient_harmonization_rules.csv,Generated from approved rule under recorded guard; legacy material identity preserved.
AOM_001692,aom:processingMethod,AOM_101071,Drying,PROCESS-DRIED,approved-generated,Pete Steward,2026-08-05,data/livestock-staging/approved_ingredient_harmonization_rules.csv,Generated from approved rule under recorded guard; legacy material identity preserved.
AOM_001693,aom:ingredientPart,AOM_101038,Seed,COMPONENT-SEED,approved-generated,Pete Steward,2026-08-05,data/livestock-staging/approved_ingredient_harmonization_rules.csv,Generated from approved rule under recorded guard; legacy material identity preserved.
AOM_001693,aom:processingMethod,AOM_101071,Drying,PROCESS-DRIED,approved-generated,Pete Steward,2026-08-05,data/livestock-staging/approved_ingredient_harmonization_rules.csv,Generated from approved rule under recorded guard; legacy material identity preserved.
AOM_001693,aom:processingMethod,AOM_101095,Grinding,PROCESS-GROUND,approved-generated,Pete Steward,2026-08-05,data/livestock-staging/approved_ingredient_harmonization_rules.csv,Generated from approved rule under recorded guard; legacy material identity preserved.
AOM_001694,aom:ingredientPart,AOM_101032,Kernel,COMPONENT-KERNEL,approved-generated,Pete Steward,2026-08-05,data/livestock-staging/approved_ingredient_harmonization_rules.csv,Generated from approved rule under recorded guard; legacy material identity preserved.
AOM_001694,aom:ingredientPart,AOM_101038,Seed,COMPONENT-SEED,approved-generated,Pete Steward,2026-08-05,data/livestock-staging/approved_ingredient_harmonization_rules.csv,Generated from approved rule under recorded guard; legacy material identity preserved.
AOM_001694,aom:processingMethod,AOM_101071,Drying,PROCESS-DRIED,approved-generated,Pete Steward,2026-08-05,data/livestock-staging/approved_ingredient_harmonization_rules.csv,Generated from approved rule under recorded guard; legacy material identity preserved.
AOM_001694,aom:processingMethod,AOM_101095,Grinding,PROCESS-GROUND,approved-generated,Pete Steward,2026-08-05,data/livestock-staging/approved_ingredient_harmonization_rules.csv,Generated from approved rule under recorded guard; legacy material identity preserved.
AOM_001695,aom:ingredientPart,AOM_101032,Kernel,COMPONENT-KERNEL,approved-generated,Pete Steward,2026-08-05,data/livestock-staging/approved_ingredient_harmonization_rules.csv,Generated from approved rule under recorded guard; legacy material identity preserved.
AOM_001695,aom:ingredientPart,AOM_101038,Seed,COMPONENT-SEED,approved-generated,Pete Steward,2026-08-05,data/livestock-staging/approved_ingredient_harmonization_rules.csv,Generated from approved rule under recorded guard; legacy material identity preserved.
AOM_001695,aom:processingMethod,AOM_101071,Drying,PROCESS-DRIED,approved-generated,Pete Steward,2026-08-05,data/livestock-staging/approved_ingredient_harmonization_rules.csv,Generated from approved rule under recorded guard; legacy material identity preserved.
AOM_001695,aom:processingMethod,AOM_101091,Crushing,PROCESS-CRUSHED,approved-generated,Pete Steward,2026-08-05,data/livestock-staging/approved_ingredient_harmonization_rules.csv,Generated from approved rule under recorded guard; legacy material identity preserved.
AOM_001696,aom:processingMethod,AOM_101071,Drying,PROCESS-DRIED,approved-generated,Pete Steward,2026-08-05,data/livestock-staging/approved_ingredient_harmonization_rules.csv,Generated from approved rule under recorded guard; legacy material identity preserved.
AOM_001697,aom:processingMethod,AOM_101071,Drying,PROCESS-DRIED,approved-generated,Pete Steward,2026-08-05,data/livestock-staging/approved_ingredient_harmonization_rules.csv,Generated from approved rule under recorded guard; legacy material identity preserved.
AOM_001698,aom:ingredientPart,AOM_101038,Seed,COMPONENT-SEED,approved-generated,Pete Steward,2026-08-05,data/livestock-staging/approved_ingredient_harmonization_rules.csv,Generated from approved rule under recorded guard; legacy material identity preserved.
AOM_001698,aom:processingMethod,AOM_101091,Crushing,PROCESS-CRUSHED,approved-generated,Pete Steward,2026-08-05,data/livestock-staging/approved_ingredient_harmonization_rules.csv,Generated from approved rule under recorded guard; legacy material identity preserved.
AOM_001699,aom:ingredientPart,AOM_101033,Leaf,COMPONENT-LEAF,approved-generated,Pete Steward,2026-08-05,data/livestock-staging/approved_ingredient_harmonization_rules.csv,Generated from approved rule under recorded guard; legacy material identity preserved.
AOM_001700,aom:processingMethod,AOM_101095,Grinding,PROCESS-GROUND,approved-generated,Pete Steward,2026-08-05,data/livestock-staging/approved_ingredient_harmonization_rules.csv,Generated from approved rule under recorded guard; legacy material identity preserved.
AOM_001701,aom:ingredientPart,AOM_101033,Leaf,COMPONENT-LEAF,approved-generated,Pete Steward,2026-08-05,data/livestock-staging/approved_ingredient_harmonization_rules.csv,Generated from approved rule under recorded guard; legacy material identity preserved.
AOM_001701,aom:processingMethod,AOM_101071,Drying,PROCESS-DRIED,approved-generated,Pete Steward,2026-08-05,data/livestock-staging/approved_ingredient_harmonization_rules.csv,Generated from approved rule under recorded guard; legacy material identity preserved.
AOM_001701,aom:processingMethod,AOM_101095,Grinding,PROCESS-GROUND,approved-generated,Pete Steward,2026-08-05,data/livestock-staging/approved_ingredient_harmonization_rules.csv,Generated from approved rule under recorded guard; legacy material identity preserved.
AOM_001702,aom:ingredientPart,AOM_101033,Leaf,COMPONENT-LEAF,approved-generated,Pete Steward,2026-08-05,data/livestock-staging/approved_ingredient_harmonization_rules.csv,Generated from approved rule under recorded guard; legacy material identity preserved.
AOM_001702,aom:processingMethod,AOM_101071,Drying,PROCESS-DRIED,approved-generated,Pete Steward,2026-08-05,data/livestock-staging/approved_ingredient_harmonization_rules.csv,Generated from approved rule under recorded guard; legacy material identity preserved.
AOM_001702,aom:processingMethod,AOM_101095,Grinding,PROCESS-GROUND,approved-generated,Pete Steward,2026-08-05,data/livestock-staging/approved_ingredient_harmonization_rules.csv,Generated from approved rule under recorded guard; legacy material identity preserved.
AOM_001703,aom:processingMethod,AOM_101071,Drying,PROCESS-DRIED,approved-generated,Pete Steward,2026-08-05,data/livestock-staging/approved_ingredient_harmonization_rules.csv,Generated from approved rule under recorded guard; legacy material identity preserved.
AOM_001704,aom:ingredientPart,AOM_101033,Leaf,COMPONENT-LEAF,approved-generated,Pete Steward,2026-08-05,data/livestock-staging/approved_ingredient_harmonization_rules.csv,Generated from approved rule under recorded guard; legacy material identity preserved.
AOM_001704,aom:processingMethod,AOM_101102,Wilting,PROCESS-WILTED,approved-generated,Pete Steward,2026-08-05,data/livestock-staging/approved_ingredient_harmonization_rules.csv,Generated from approved rule under recorded guard; legacy material identity preserved.
AOM_001705,aom:ingredientPart,AOM_101033,Leaf,COMPONENT-LEAF,approved-generated,Pete Steward,2026-08-05,data/livestock-staging/approved_ingredient_harmonization_rules.csv,Generated from approved rule under recorded guard; legacy material identity preserved.
AOM_001705,aom:processingMethod,AOM_101071,Drying,PROCESS-DRIED,approved-generated,Pete Steward,2026-08-05,data/livestock-staging/approved_ingredient_harmonization_rules.csv,Generated from approved rule under recorded guard; legacy material identity preserved.
AOM_001706,aom:ingredientPart,AOM_101033,Leaf,COMPONENT-LEAF,approved-generated,Pete Steward,2026-08-05,data/livestock-staging/approved_ingredient_harmonization_rules.csv,Generated from approved rule under recorded guard; legacy material identity preserved.
AOM_001706,aom:processingMethod,AOM_101071,Drying,PROCESS-DRIED,approved-generated,Pete Steward,2026-08-05,data/livestock-staging/approved_ingredient_harmonization_rules.csv,Generated from approved rule under recorded guard; legacy material identity preserved.
AOM_001708,aom:ingredientPart,AOM_101032,Kernel,COMPONENT-KERNEL,approved-generated,Pete Steward,2026-08-05,data/livestock-staging/approved_ingredient_harmonization_rules.csv,Generated from approved rule under recorded guard; legacy material identity preserved.
AOM_001708,aom:processingMethod,AOM_101071,Drying,PROCESS-DRIED,approved-generated,Pete Steward,2026-08-05,data/livestock-staging/approved_ingredient_harmonization_rules.csv,Generated from approved rule under recorded guard; legacy material identity preserved.
AOM_001708,aom:processingMethod,AOM_101095,Grinding,PROCESS-GROUND,approved-generated,Pete Steward,2026-08-05,data/livestock-staging/approved_ingredient_harmonization_rules.csv,Generated from approved rule under recorded guard; legacy material identity preserved.
AOM_001709,aom:processingMethod,AOM_101102,Wilting,PROCESS-WILTED,approved-generated,Pete Steward,2026-08-05,data/livestock-staging/approved_ingredient_harmonization_rules.csv,Generated from approved rule under recorded guard; legacy material identity preserved.
AOM_001710,aom:ingredientPart,AOM_101033,Leaf,COMPONENT-LEAF,approved-generated,Pete Steward,2026-08-05,data/livestock-staging/approved_ingredient_harmonization_rules.csv,Generated from approved rule under recorded guard; legacy material identity preserved.
AOM_001710,aom:processingMethod,AOM_101071,Drying,PROCESS-DRIED,approved-generated,Pete Steward,2026-08-05,data/livestock-staging/approved_ingredient_harmonization_rules.csv,Generated from approved rule under recorded guard; legacy material identity preserved.
AOM_001711,aom:processingMethod,AOM_000831,Ensiling,PROCESS-ENSILED,approved-generated,Pete Steward,2026-08-05,data/livestock-staging/approved_ingredient_harmonization_rules.csv,Generated from approved rule under recorded guard; legacy material identity preserved.
AOM_001713,aom:processingMethod,AOM_101071,Drying,PROCESS-DRIED,approved-generated,Pete Steward,2026-08-05,data/livestock-staging/approved_ingredient_harmonization_rules.csv,Generated from approved rule under recorded guard; legacy material identity preserved.
AOM_001714,aom:processingMethod,AOM_101071,Drying,PROCESS-DRIED,approved-generated,Pete Steward,2026-08-05,data/livestock-staging/approved_ingredient_harmonization_rules.csv,Generated from approved rule under recorded guard; legacy material identity preserved.
AOM_001714,aom:processingMethod,AOM_101095,Grinding,PROCESS-GROUND,approved-generated,Pete Steward,2026-08-05,data/livestock-staging/approved_ingredient_harmonization_rules.csv,Generated from approved rule under recorded guard; legacy material identity preserved.
AOM_001715,aom:processingMethod,AOM_101071,Drying,PROCESS-DRIED,approved-generated,Pete Steward,2026-08-05,data/livestock-staging/approved_ingredient_harmonization_rules.csv,Generated from approved rule under recorded guard; legacy material identity preserved.
AOM_001717,aom:processingMethod,AOM_101071,Drying,PROCESS-DRIED,approved-generated,Pete Steward,2026-08-05,data/livestock-staging/approved_ingredient_harmonization_rules.csv,Generated from approved rule under recorded guard; legacy material identity preserved.
AOM_001718,aom:processingMethod,AOM_101071,Drying,PROCESS-DRIED,approved-generated,Pete Steward,2026-08-05,data/livestock-staging/approved_ingredient_harmonization_rules.csv,Generated from approved rule under recorded guard; legacy material identity preserved.
AOM_001718,aom:processingMethod,AOM_101095,Grinding,PROCESS-GROUND,approved-generated,Pete Steward,2026-08-05,data/livestock-staging/approved_ingredient_harmonization_rules.csv,Generated from approved rule under recorded guard; legacy material identity preserved.
AOM_001719,aom:ingredientPart,AOM_101033,Leaf,COMPONENT-LEAF,approved-generated,Pete Steward,2026-08-05,data/livestock-staging/approved_ingredient_harmonization_rules.csv,Generated from approved rule under recorded guard; legacy material identity preserved.
AOM_001719,aom:processingMethod,AOM_101102,Wilting,PROCESS-WILTED,approved-generated,Pete Steward,2026-08-05,data/livestock-staging/approved_ingredient_harmonization_rules.csv,Generated from approved rule under recorded guard; legacy material identity preserved.
AOM_001720,aom:processingMethod,AOM_101095,Grinding,PROCESS-GROUND,approved-generated,Pete Steward,2026-08-05,data/livestock-staging/approved_ingredient_harmonization_rules.csv,Generated from approved rule under recorded guard; legacy material identity preserved.
AOM_001721,aom:processingMethod,AOM_101071,Drying,PROCESS-DRIED,approved-generated,Pete Steward,2026-08-05,data/livestock-staging/approved_ingredient_harmonization_rules.csv,Generated from approved rule under recorded guard; legacy material identity preserved.
AOM_001722,aom:ingredientPart,AOM_101033,Leaf,COMPONENT-LEAF,approved-generated,Pete Steward,2026-08-05,data/livestock-staging/approved_ingredient_harmonization_rules.csv,Generated from approved rule under recorded guard; legacy material identity preserved.
AOM_001722,aom:processingMethod,AOM_101071,Drying,PROCESS-DRIED,approved-generated,Pete Steward,2026-08-05,data/livestock-staging/approved_ingredient_harmonization_rules.csv,Generated from approved rule under recorded guard; legacy material identity preserved.
AOM_001723,aom:ingredientPart,AOM_101033,Leaf,COMPONENT-LEAF,approved-generated,Pete Steward,2026-08-05,data/livestock-staging/approved_ingredient_harmonization_rules.csv,Generated from approved rule under recorded guard; legacy material identity preserved.
AOM_001723,aom:processingMethod,AOM_101102,Wilting,PROCESS-WILTED,approved-generated,Pete Steward,2026-08-05,data/livestock-staging/approved_ingredient_harmonization_rules.csv,Generated from approved rule under recorded guard; legacy material identity preserved.
AOM_001724,aom:ingredientPart,AOM_101033,Leaf,COMPONENT-LEAF,approved-generated,Pete Steward,2026-08-05,data/livestock-staging/approved_ingredient_harmonization_rules.csv,Generated from approved rule under recorded guard; legacy material identity preserved.
AOM_001724,aom:processingMethod,AOM_101102,Wilting,PROCESS-WILTED,approved-generated,Pete Steward,2026-08-05,data/livestock-staging/approved_ingredient_harmonization_rules.csv,Generated from approved rule under recorded guard; legacy material identity preserved.
AOM_001725,aom:processingMethod,AOM_101071,Drying,PROCESS-DRIED,approved-generated,Pete Steward,2026-08-05,data/livestock-staging/approved_ingredient_harmonization_rules.csv,Generated from approved rule under recorded guard; legacy material identity preserved.
AOM_001726,aom:processingMethod,AOM_101071,Drying,PROCESS-DRIED,approved-generated,Pete Steward,2026-08-05,data/livestock-staging/approved_ingredient_harmonization_rules.csv,Generated from approved rule under recorded guard; legacy material identity preserved.
AOM_001727,aom:processingMethod,AOM_000831,Ensiling,PROCESS-ENSILED,approved-generated,Pete Steward,2026-08-05,data/livestock-staging/approved_ingredient_harmonization_rules.csv,Generated from approved rule under recorded guard; legacy material identity preserved.
AOM_001728,aom:processingMethod,AOM_101071,Drying,PROCESS-DRIED,approved-generated,Pete Steward,2026-08-05,data/livestock-staging/approved_ingredient_harmonization_rules.csv,Generated from approved rule under recorded guard; legacy material identity preserved.
AOM_001729,aom:processingMethod,AOM_101071,Drying,PROCESS-DRIED,approved-generated,Pete Steward,2026-08-05,data/livestock-staging/approved_ingredient_harmonization_rules.csv,Generated from approved rule under recorded guard; legacy material identity preserved.
AOM_001730,aom:ingredientPart,AOM_101035,Pod,COMPONENT-POD,approved-generated,Pete Steward,2026-08-05,data/livestock-staging/approved_ingredient_harmonization_rules.csv,Generated from approved rule under recorded guard; legacy material identity preserved.
AOM_001730,aom:processingMethod,AOM_101095,Grinding,PROCESS-GROUND,approved-generated,Pete Steward,2026-08-05,data/livestock-staging/approved_ingredient_harmonization_rules.csv,Generated from approved rule under recorded guard; legacy material identity preserved.
AOM_001731,aom:ingredientPart,AOM_101033,Leaf,COMPONENT-LEAF,approved-generated,Pete Steward,2026-08-05,data/livestock-staging/approved_ingredient_harmonization_rules.csv,Generated from approved rule under recorded guard; legacy material identity preserved.
AOM_001731,aom:processingMethod,AOM_101071,Drying,PROCESS-DRIED,approved-generated,Pete Steward,2026-08-05,data/livestock-staging/approved_ingredient_harmonization_rules.csv,Generated from approved rule under recorded guard; legacy material identity preserved.
AOM_001732,aom:processingMethod,AOM_101071,Drying,PROCESS-DRIED,approved-generated,Pete Steward,2026-08-05,data/livestock-staging/approved_ingredient_harmonization_rules.csv,Generated from approved rule under recorded guard; legacy material identity preserved.
AOM_001734,aom:processingMethod,AOM_101071,Drying,PROCESS-DRIED,approved-generated,Pete Steward,2026-08-05,data/livestock-staging/approved_ingredient_harmonization_rules.csv,Generated from approved rule under recorded guard; legacy material identity preserved.
AOM_001734,aom:processingMethod,AOM_101095,Grinding,PROCESS-GROUND,approved-generated,Pete Steward,2026-08-05,data/livestock-staging/approved_ingredient_harmonization_rules.csv,Generated from approved rule under recorded guard; legacy material identity preserved.
AOM_001735,aom:processingMethod,AOM_101071,Drying,PROCESS-DRIED,approved-generated,Pete Steward,2026-08-05,data/livestock-staging/approved_ingredient_harmonization_rules.csv,Generated from approved rule under recorded guard; legacy material identity preserved.
AOM_001736,aom:processingMethod,AOM_101071,Drying,PROCESS-DRIED,approved-generated,Pete Steward,2026-08-05,data/livestock-staging/approved_ingredient_harmonization_rules.csv,Generated from approved rule under recorded guard; legacy material identity preserved.
AOM_001736,aom:processingMethod,AOM_101095,Grinding,PROCESS-GROUND,approved-generated,Pete Steward,2026-08-05,data/livestock-staging/approved_ingredient_harmonization_rules.csv,Generated from approved rule under recorded guard; legacy material identity preserved.
AOM_001737,aom:processingMethod,AOM_101095,Grinding,PROCESS-GROUND,approved-generated,Pete Steward,2026-08-05,data/livestock-staging/approved_ingredient_harmonization_rules.csv,Generated from approved rule under recorded guard; legacy material identity preserved.
AOM_001737,aom:processingMethod,AOM_101098,Roasting,PROCESS-ROASTED,approved-generated,Pete Steward,2026-08-05,data/livestock-staging/approved_ingredient_harmonization_rules.csv,Generated from approved rule under recorded guard; legacy material identity preserved.
AOM_001738,aom:processingMethod,AOM_101071,Drying,PROCESS-DRIED,approved-generated,Pete Steward,2026-08-05,data/livestock-staging/approved_ingredient_harmonization_rules.csv,Generated from approved rule under recorded guard; legacy material identity preserved.
AOM_001739,aom:ingredientPart,AOM_101033,Leaf,COMPONENT-LEAF,approved-generated,Pete Steward,2026-08-05,data/livestock-staging/approved_ingredient_harmonization_rules.csv,Generated from approved rule under recorded guard; legacy material identity preserved.
AOM_001739,aom:processingMethod,AOM_101071,Drying,PROCESS-DRIED,approved-generated,Pete Steward,2026-08-05,data/livestock-staging/approved_ingredient_harmonization_rules.csv,Generated from approved rule under recorded guard; legacy material identity preserved.
AOM_001740,aom:ingredientPart,AOM_101033,Leaf,COMPONENT-LEAF,approved-generated,Pete Steward,2026-08-05,data/livestock-staging/approved_ingredient_harmonization_rules.csv,Generated from approved rule under recorded guard; legacy material identity preserved.
AOM_001741,aom:processingMethod,AOM_000831,Ensiling,PROCESS-ENSILED,approved-generated,Pete Steward,2026-08-05,data/livestock-staging/approved_ingredient_harmonization_rules.csv,Generated from approved rule under recorded guard; legacy material identity preserved.
AOM_001743,aom:processingMethod,AOM_101071,Drying,PROCESS-DRIED,approved-generated,Pete Steward,2026-08-05,data/livestock-staging/approved_ingredient_harmonization_rules.csv,Generated from approved rule under recorded guard; legacy material identity preserved.
AOM_001744,aom:processingMethod,AOM_101071,Drying,PROCESS-DRIED,approved-generated,Pete Steward,2026-08-05,data/livestock-staging/approved_ingredient_harmonization_rules.csv,Generated from approved rule under recorded guard; legacy material identity preserved.
AOM_001745,aom:processingMethod,AOM_101071,Drying,PROCESS-DRIED,approved-generated,Pete Steward,2026-08-05,data/livestock-staging/approved_ingredient_harmonization_rules.csv,Generated from approved rule under recorded guard; legacy material identity preserved.
AOM_001746,aom:processingMethod,AOM_101071,Drying,PROCESS-DRIED,approved-generated,Pete Steward,2026-08-05,data/livestock-staging/approved_ingredient_harmonization_rules.csv,Generated from approved rule under recorded guard; legacy material identity preserved.
AOM_001746,aom:processingMethod,AOM_101095,Grinding,PROCESS-GROUND,approved-generated,Pete Steward,2026-08-05,data/livestock-staging/approved_ingredient_harmonization_rules.csv,Generated from approved rule under recorded guard; legacy material identity preserved.
AOM_001750,aom:ingredientPart,AOM_101106,Straw,COMPONENT-STRAW,approved-generated,Pete Steward,2026-08-05,data/livestock-staging/approved_ingredient_harmonization_rules.csv,Generated from approved rule under recorded guard; legacy material identity preserved.
AOM_001750,aom:processingMethod,AOM_101095,Grinding,PROCESS-GROUND,approved-generated,Pete Steward,2026-08-05,data/livestock-staging/approved_ingredient_harmonization_rules.csv,Generated from approved rule under recorded guard; legacy material identity preserved.
AOM_001751,aom:ingredientPart,AOM_101106,Straw,COMPONENT-STRAW,approved-generated,Pete Steward,2026-08-05,data/livestock-staging/approved_ingredient_harmonization_rules.csv,Generated from approved rule under recorded guard; legacy material identity preserved.
AOM_001751,aom:processingMethod,AOM_101101,Urea treatment,PROCESS-UREA_TREATED,approved-generated,Pete Steward,2026-08-05,data/livestock-staging/approved_ingredient_harmonization_rules.csv,Generated from approved rule under recorded guard; legacy material identity preserved.
AOM_001752,aom:processingMethod,AOM_101095,Grinding,PROCESS-GROUND,approved-generated,Pete Steward,2026-08-05,data/livestock-staging/approved_ingredient_harmonization_rules.csv,Generated from approved rule under recorded guard; legacy material identity preserved.
AOM_001754,aom:processingMethod,AOM_101071,Drying,PROCESS-DRIED,approved-generated,Pete Steward,2026-08-05,data/livestock-staging/approved_ingredient_harmonization_rules.csv,Generated from approved rule under recorded guard; legacy material identity preserved.
AOM_001756,aom:ingredientPart,AOM_101033,Leaf,COMPONENT-LEAF,approved-generated,Pete Steward,2026-08-05,data/livestock-staging/approved_ingredient_harmonization_rules.csv,Generated from approved rule under recorded guard; legacy material identity preserved.
AOM_001757,aom:ingredientPart,AOM_101033,Leaf,COMPONENT-LEAF,approved-generated,Pete Steward,2026-08-05,data/livestock-staging/approved_ingredient_harmonization_rules.csv,Generated from approved rule under recorded guard; legacy material identity preserved.
AOM_001757,aom:processingMethod,AOM_101071,Drying,PROCESS-DRIED,approved-generated,Pete Steward,2026-08-05,data/livestock-staging/approved_ingredient_harmonization_rules.csv,Generated from approved rule under recorded guard; legacy material identity preserved.
AOM_001758,aom:ingredientPart,AOM_101035,Pod,COMPONENT-POD,approved-generated,Pete Steward,2026-08-05,data/livestock-staging/approved_ingredient_harmonization_rules.csv,Generated from approved rule under recorded guard; legacy material identity preserved.
AOM_001759,aom:ingredientPart,AOM_101035,Pod,COMPONENT-POD,approved-generated,Pete Steward,2026-08-05,data/livestock-staging/approved_ingredient_harmonization_rules.csv,Generated from approved rule under recorded guard; legacy material identity preserved.
AOM_001759,aom:processingMethod,AOM_101071,Drying,PROCESS-DRIED,approved-generated,Pete Steward,2026-08-05,data/livestock-staging/approved_ingredient_harmonization_rules.csv,Generated from approved rule under recorded guard; legacy material identity preserved.
AOM_001762,aom:processingMethod,AOM_101071,Drying,PROCESS-DRIED,approved-generated,Pete Steward,2026-08-05,data/livestock-staging/approved_ingredient_harmonization_rules.csv,Generated from approved rule under recorded guard; legacy material identity preserved.
AOM_001764,aom:ingredientPart,AOM_101033,Leaf,COMPONENT-LEAF,approved-generated,Pete Steward,2026-08-05,data/livestock-staging/approved_ingredient_harmonization_rules.csv,Generated from approved rule under recorded guard; legacy material identity preserved.
AOM_001765,aom:ingredientPart,AOM_101033,Leaf,COMPONENT-LEAF,approved-generated,Pete Steward,2026-08-05,data/livestock-staging/approved_ingredient_harmonization_rules.csv,Generated from approved rule under recorded guard; legacy material identity preserved.
AOM_001765,aom:processingMethod,AOM_101071,Drying,PROCESS-DRIED,approved-generated,Pete Steward,2026-08-05,data/livestock-staging/approved_ingredient_harmonization_rules.csv,Generated from approved rule under recorded guard; legacy material identity preserved.
AOM_001765,aom:processingMethod,AOM_101095,Grinding,PROCESS-GROUND,approved-generated,Pete Steward,2026-08-05,data/livestock-staging/approved_ingredient_harmonization_rules.csv,Generated from approved rule under recorded guard; legacy material identity preserved.
AOM_001767,aom:ingredientPart,AOM_101033,Leaf,COMPONENT-LEAF,approved-generated,Pete Steward,2026-08-05,data/livestock-staging/approved_ingredient_harmonization_rules.csv,Generated from approved rule under recorded guard; legacy material identity preserved.
AOM_001768,aom:ingredientPart,AOM_101033,Leaf,COMPONENT-LEAF,approved-generated,Pete Steward,2026-08-05,data/livestock-staging/approved_ingredient_harmonization_rules.csv,Generated from approved rule under recorded guard; legacy material identity preserved.
AOM_001768,aom:processingMethod,AOM_101071,Drying,PROCESS-DRIED,approved-generated,Pete Steward,2026-08-05,data/livestock-staging/approved_ingredient_harmonization_rules.csv,Generated from approved rule under recorded guard; legacy material identity preserved.
AOM_001768,aom:processingMethod,AOM_101095,Grinding,PROCESS-GROUND,approved-generated,Pete Steward,2026-08-05,data/livestock-staging/approved_ingredient_harmonization_rules.csv,Generated from approved rule under recorded guard; legacy material identity preserved.
AOM_001769,aom:ingredientPart,AOM_101033,Leaf,COMPONENT-LEAF,approved-generated,Pete Steward,2026-08-05,data/livestock-staging/approved_ingredient_harmonization_rules.csv,Generated from approved rule under recorded guard; legacy material identity preserved.
AOM_001770,aom:ingredientPart,AOM_101033,Leaf,COMPONENT-LEAF,approved-generated,Pete Steward,2026-08-05,data/livestock-staging/approved_ingredient_harmonization_rules.csv,Generated from approved rule under recorded guard; legacy material identity preserved.
AOM_001770,aom:processingMethod,AOM_101071,Drying,PROCESS-DRIED,approved-generated,Pete Steward,2026-08-05,data/livestock-staging/approved_ingredient_harmonization_rules.csv,Generated from approved rule under recorded guard; legacy material identity preserved.
AOM_001772,aom:ingredientPart,AOM_101104,Bran,COMPONENT-BRAN,approved-generated,Pete Steward,2026-08-05,data/livestock-staging/approved_ingredient_harmonization_rules.csv,Generated from approved rule under recorded guard; legacy material identity preserved.
AOM_001774,aom:processingMethod,AOM_101071,Drying,PROCESS-DRIED,approved-generated,Pete Steward,2026-08-05,data/livestock-staging/approved_ingredient_harmonization_rules.csv,Generated from approved rule under recorded guard; legacy material identity preserved.
AOM_001774,aom:processingMethod,AOM_101095,Grinding,PROCESS-GROUND,approved-generated,Pete Steward,2026-08-05,data/livestock-staging/approved_ingredient_harmonization_rules.csv,Generated from approved rule under recorded guard; legacy material identity preserved.
AOM_001775,aom:processingMethod,AOM_101071,Drying,PROCESS-DRIED,approved-generated,Pete Steward,2026-08-05,data/livestock-staging/approved_ingredient_harmonization_rules.csv,Generated from approved rule under recorded guard; legacy material identity preserved.
AOM_001776,aom:processingMethod,AOM_101094,Fermentation,PROCESS-FERMENTED,approved-generated,Pete Steward,2026-08-05,data/livestock-staging/approved_ingredient_harmonization_rules.csv,Generated from approved rule under recorded guard; legacy material identity preserved.
AOM_001779,aom:processingMethod,AOM_101095,Grinding,PROCESS-GROUND,approved-generated,Pete Steward,2026-08-05,data/livestock-staging/approved_ingredient_harmonization_rules.csv,Generated from approved rule under recorded guard; legacy material identity preserved.
AOM_001781,aom:ingredientPart,AOM_101033,Leaf,COMPONENT-LEAF,approved-generated,Pete Steward,2026-08-05,data/livestock-staging/approved_ingredient_harmonization_rules.csv,Generated from approved rule under recorded guard; legacy material identity preserved.
AOM_001782,aom:ingredientPart,AOM_101033,Leaf,COMPONENT-LEAF,approved-generated,Pete Steward,2026-08-05,data/livestock-staging/approved_ingredient_harmonization_rules.csv,Generated from approved rule under recorded guard; legacy material identity preserved.
AOM_001782,aom:processingMethod,AOM_101071,Drying,PROCESS-DRIED,approved-generated,Pete Steward,2026-08-05,data/livestock-staging/approved_ingredient_harmonization_rules.csv,Generated from approved rule under recorded guard; legacy material identity preserved.
AOM_001782,aom:processingMethod,AOM_101095,Grinding,PROCESS-GROUND,approved-generated,Pete Steward,2026-08-05,data/livestock-staging/approved_ingredient_harmonization_rules.csv,Generated from approved rule under recorded guard; legacy material identity preserved.
AOM_001784,aom:processingMethod,AOM_101102,Wilting,PROCESS-WILTED,approved-generated,Pete Steward,2026-08-05,data/livestock-staging/approved_ingredient_harmonization_rules.csv,Generated from approved rule under recorded guard; legacy material identity preserved.
AOM_001787,aom:processingMethod,AOM_101071,Drying,PROCESS-DRIED,approved-generated,Pete Steward,2026-08-05,data/livestock-staging/approved_ingredient_harmonization_rules.csv,Generated from approved rule under recorded guard; legacy material identity preserved.
AOM_001790,aom:ingredientPart,AOM_101038,Seed,COMPONENT-SEED,approved-generated,Pete Steward,2026-08-05,data/livestock-staging/approved_ingredient_harmonization_rules.csv,Generated from approved rule under recorded guard; legacy material identity preserved.
AOM_001792,aom:processingMethod,AOM_101071,Drying,PROCESS-DRIED,approved-generated,Pete Steward,2026-08-05,data/livestock-staging/approved_ingredient_harmonization_rules.csv,Generated from approved rule under recorded guard; legacy material identity preserved.
AOM_001794,aom:processingMethod,AOM_101071,Drying,PROCESS-DRIED,approved-generated,Pete Steward,2026-08-05,data/livestock-staging/approved_ingredient_harmonization_rules.csv,Generated from approved rule under recorded guard; legacy material identity preserved.
AOM_001796,aom:processingMethod,AOM_101102,Wilting,PROCESS-WILTED,approved-generated,Pete Steward,2026-08-05,data/livestock-staging/approved_ingredient_harmonization_rules.csv,Generated from approved rule under recorded guard; legacy material identity preserved.
AOM_001798,aom:processingMethod,AOM_101102,Wilting,PROCESS-WILTED,approved-generated,Pete Steward,2026-08-05,data/livestock-staging/approved_ingredient_harmonization_rules.csv,Generated from approved rule under recorded guard; legacy material identity preserved.
AOM_001799,aom:processingMethod,AOM_101095,Grinding,PROCESS-GROUND,approved-generated,Pete Steward,2026-08-05,data/livestock-staging/approved_ingredient_harmonization_rules.csv,Generated from approved rule under recorded guard; legacy material identity preserved.
AOM_001800,aom:ingredientPart,AOM_101033,Leaf,COMPONENT-LEAF,approved-generated,Pete Steward,2026-08-05,data/livestock-staging/approved_ingredient_harmonization_rules.csv,Generated from approved rule under recorded guard; legacy material identity preserved.
AOM_001801,aom:ingredientPart,AOM_101033,Leaf,COMPONENT-LEAF,approved-generated,Pete Steward,2026-08-05,data/livestock-staging/approved_ingredient_harmonization_rules.csv,Generated from approved rule under recorded guard; legacy material identity preserved.
AOM_001801,aom:processingMethod,AOM_101071,Drying,PROCESS-DRIED,approved-generated,Pete Steward,2026-08-05,data/livestock-staging/approved_ingredient_harmonization_rules.csv,Generated from approved rule under recorded guard; legacy material identity preserved.
AOM_001803,aom:ingredientPart,AOM_101034,Peel,COMPONENT-PEEL,approved-generated,Pete Steward,2026-08-05,data/livestock-staging/approved_ingredient_harmonization_rules.csv,Generated from approved rule under recorded guard; legacy material identity preserved.
AOM_001803,aom:processingMethod,AOM_101071,Drying,PROCESS-DRIED,approved-generated,Pete Steward,2026-08-05,data/livestock-staging/approved_ingredient_harmonization_rules.csv,Generated from approved rule under recorded guard; legacy material identity preserved.
AOM_001803,aom:processingMethod,AOM_101095,Grinding,PROCESS-GROUND,approved-generated,Pete Steward,2026-08-05,data/livestock-staging/approved_ingredient_harmonization_rules.csv,Generated from approved rule under recorded guard; legacy material identity preserved.
AOM_001804,aom:ingredientPart,AOM_101033,Leaf,COMPONENT-LEAF,approved-generated,Pete Steward,2026-08-05,data/livestock-staging/approved_ingredient_harmonization_rules.csv,Generated from approved rule under recorded guard; legacy material identity preserved.
AOM_001804,aom:processingMethod,AOM_101071,Drying,PROCESS-DRIED,approved-generated,Pete Steward,2026-08-05,data/livestock-staging/approved_ingredient_harmonization_rules.csv,Generated from approved rule under recorded guard; legacy material identity preserved.
AOM_001804,aom:processingMethod,AOM_101095,Grinding,PROCESS-GROUND,approved-generated,Pete Steward,2026-08-05,data/livestock-staging/approved_ingredient_harmonization_rules.csv,Generated from approved rule under recorded guard; legacy material identity preserved.
AOM_001806,aom:ingredientPart,AOM_101104,Bran,COMPONENT-BRAN,approved-generated,Pete Steward,2026-08-05,data/livestock-staging/approved_ingredient_harmonization_rules.csv,Generated from approved rule under recorded guard; legacy material identity preserved.
AOM_001807,aom:processingMethod,AOM_000831,Ensiling,PROCESS-ENSILED,approved-generated,Pete Steward,2026-08-05,data/livestock-staging/approved_ingredient_harmonization_rules.csv,Generated from approved rule under recorded guard; legacy material identity preserved.
AOM_001809,aom:processingMethod,AOM_101071,Drying,PROCESS-DRIED,approved-generated,Pete Steward,2026-08-05,data/livestock-staging/approved_ingredient_harmonization_rules.csv,Generated from approved rule under recorded guard; legacy material identity preserved.
AOM_001813,aom:ingredientPart,AOM_101074,Grain,COMPONENT-GRAIN,approved-generated,Pete Steward,2026-08-05,data/livestock-staging/approved_ingredient_harmonization_rules.csv,Generated from approved rule under recorded guard; legacy material identity preserved.
AOM_001814,aom:ingredientPart,AOM_101074,Grain,COMPONENT-GRAIN,approved-generated,Pete Steward,2026-08-05,data/livestock-staging/approved_ingredient_harmonization_rules.csv,Generated from approved rule under recorded guard; legacy material identity preserved.
AOM_001814,aom:processingMethod,AOM_101071,Drying,PROCESS-DRIED,approved-generated,Pete Steward,2026-08-05,data/livestock-staging/approved_ingredient_harmonization_rules.csv,Generated from approved rule under recorded guard; legacy material identity preserved.
AOM_001816,aom:processingMethod,AOM_101071,Drying,PROCESS-DRIED,approved-generated,Pete Steward,2026-08-05,data/livestock-staging/approved_ingredient_harmonization_rules.csv,Generated from approved rule under recorded guard; legacy material identity preserved.
AOM_001816,aom:processingMethod,AOM_101095,Grinding,PROCESS-GROUND,approved-generated,Pete Steward,2026-08-05,data/livestock-staging/approved_ingredient_harmonization_rules.csv,Generated from approved rule under recorded guard; legacy material identity preserved.
AOM_001819,aom:ingredientPart,AOM_101033,Leaf,COMPONENT-LEAF,approved-generated,Pete Steward,2026-08-05,data/livestock-staging/approved_ingredient_harmonization_rules.csv,Generated from approved rule under recorded guard; legacy material identity preserved.
AOM_001822,aom:ingredientPart,AOM_101033,Leaf,COMPONENT-LEAF,approved-generated,Pete Steward,2026-08-05,data/livestock-staging/approved_ingredient_harmonization_rules.csv,Generated from approved rule under recorded guard; legacy material identity preserved.
AOM_001823,aom:ingredientPart,AOM_101033,Leaf,COMPONENT-LEAF,approved-generated,Pete Steward,2026-08-05,data/livestock-staging/approved_ingredient_harmonization_rules.csv,Generated from approved rule under recorded guard; legacy material identity preserved.
AOM_001823,aom:processingMethod,AOM_101071,Drying,PROCESS-DRIED,approved-generated,Pete Steward,2026-08-05,data/livestock-staging/approved_ingredient_harmonization_rules.csv,Generated from approved rule under recorded guard; legacy material identity preserved.
AOM_001829,aom:processingMethod,AOM_101095,Grinding,PROCESS-GROUND,approved-generated,Pete Steward,2026-08-05,data/livestock-staging/approved_ingredient_harmonization_rules.csv,Generated from approved rule under recorded guard; legacy material identity preserved.
AOM_001830,aom:processingMethod,AOM_101071,Drying,PROCESS-DRIED,approved-generated,Pete Steward,2026-08-05,data/livestock-staging/approved_ingredient_harmonization_rules.csv,Generated from approved rule under recorded guard; legacy material identity preserved.
AOM_001830,aom:processingMethod,AOM_101095,Grinding,PROCESS-GROUND,approved-generated,Pete Steward,2026-08-05,data/livestock-staging/approved_ingredient_harmonization_rules.csv,Generated from approved rule under recorded guard; legacy material identity preserved.
AOM_001835,aom:ingredientPart,AOM_101106,Straw,COMPONENT-STRAW,approved-generated,Pete Steward,2026-08-05,data/livestock-staging/approved_ingredient_harmonization_rules.csv,Generated from approved rule under recorded guard; legacy material identity preserved.
AOM_001840,aom:ingredientPart,AOM_101043,Tuber,COMPONENT-TUBER,approved-generated,Pete Steward,2026-08-05,data/livestock-staging/approved_ingredient_harmonization_rules.csv,Generated from approved rule under recorded guard; legacy material identity preserved.
AOM_001841,aom:processingMethod,AOM_101095,Grinding,PROCESS-GROUND,approved-generated,Pete Steward,2026-08-05,data/livestock-staging/approved_ingredient_harmonization_rules.csv,Generated from approved rule under recorded guard; legacy material identity preserved.
AOM_001843,aom:processingMethod,AOM_101071,Drying,PROCESS-DRIED,approved-generated,Pete Steward,2026-08-05,data/livestock-staging/approved_ingredient_harmonization_rules.csv,Generated from approved rule under recorded guard; legacy material identity preserved.
AOM_001843,aom:processingMethod,AOM_101102,Wilting,PROCESS-WILTED,approved-generated,Pete Steward,2026-08-05,data/livestock-staging/approved_ingredient_harmonization_rules.csv,Generated from approved rule under recorded guard; legacy material identity preserved.
AOM_001844,aom:ingredientPart,AOM_101104,Bran,COMPONENT-BRAN,approved-generated,Pete Steward,2026-08-05,data/livestock-staging/approved_ingredient_harmonization_rules.csv,Generated from approved rule under recorded guard; legacy material identity preserved.
AOM_001844,aom:processingMethod,AOM_101095,Grinding,PROCESS-GROUND,approved-generated,Pete Steward,2026-08-05,data/livestock-staging/approved_ingredient_harmonization_rules.csv,Generated from approved rule under recorded guard; legacy material identity preserved.
AOM_001849,aom:processingMethod,AOM_101071,Drying,PROCESS-DRIED,approved-generated,Pete Steward,2026-08-05,data/livestock-staging/approved_ingredient_harmonization_rules.csv,Generated from approved rule under recorded guard; legacy material identity preserved.
AOM_001849,aom:processingMethod,AOM_101095,Grinding,PROCESS-GROUND,approved-generated,Pete Steward,2026-08-05,data/livestock-staging/approved_ingredient_harmonization_rules.csv,Generated from approved rule under recorded guard; legacy material identity preserved.
AOM_001852,aom:processingMethod,AOM_101071,Drying,PROCESS-DRIED,approved-generated,Pete Steward,2026-08-05,data/livestock-staging/approved_ingredient_harmonization_rules.csv,Generated from approved rule under recorded guard; legacy material identity preserved.
AOM_001852,aom:processingMethod,AOM_101095,Grinding,PROCESS-GROUND,approved-generated,Pete Steward,2026-08-05,data/livestock-staging/approved_ingredient_harmonization_rules.csv,Generated from approved rule under recorded guard; legacy material identity preserved.
AOM_001857,aom:processingMethod,AOM_101071,Drying,PROCESS-DRIED,approved-generated,Pete Steward,2026-08-05,data/livestock-staging/approved_ingredient_harmonization_rules.csv,Generated from approved rule under recorded guard; legacy material identity preserved.
AOM_001858,aom:ingredientPart,AOM_101033,Leaf,COMPONENT-LEAF,approved-generated,Pete Steward,2026-08-05,data/livestock-staging/approved_ingredient_harmonization_rules.csv,Generated from approved rule under recorded guard; legacy material identity preserved.
AOM_001859,aom:processingMethod,AOM_101071,Drying,PROCESS-DRIED,approved-generated,Pete Steward,2026-08-05,data/livestock-staging/approved_ingredient_harmonization_rules.csv,Generated from approved rule under recorded guard; legacy material identity preserved.
AOM_001861,aom:ingredientPart,AOM_101033,Leaf,COMPONENT-LEAF,approved-generated,Pete Steward,2026-08-05,data/livestock-staging/approved_ingredient_harmonization_rules.csv,Generated from approved rule under recorded guard; legacy material identity preserved.
AOM_001862,aom:ingredientPart,AOM_101033,Leaf,COMPONENT-LEAF,approved-generated,Pete Steward,2026-08-05,data/livestock-staging/approved_ingredient_harmonization_rules.csv,Generated from approved rule under recorded guard; legacy material identity preserved.
AOM_001862,aom:processingMethod,AOM_101071,Drying,PROCESS-DRIED,approved-generated,Pete Steward,2026-08-05,data/livestock-staging/approved_ingredient_harmonization_rules.csv,Generated from approved rule under recorded guard; legacy material identity preserved.
AOM_001863,aom:ingredientPart,AOM_101033,Leaf,COMPONENT-LEAF,approved-generated,Pete Steward,2026-08-05,data/livestock-staging/approved_ingredient_harmonization_rules.csv,Generated from approved rule under recorded guard; legacy material identity preserved.
AOM_001863,aom:processingMethod,AOM_101095,Grinding,PROCESS-GROUND,approved-generated,Pete Steward,2026-08-05,data/livestock-staging/approved_ingredient_harmonization_rules.csv,Generated from approved rule under recorded guard; legacy material identity preserved.
AOM_001878,aom:processingMethod,AOM_101095,Grinding,PROCESS-GROUND,approved-generated,Pete Steward,2026-08-05,data/livestock-staging/approved_ingredient_harmonization_rules.csv,Generated from approved rule under recorded guard; legacy material identity preserved.
AOM_001881,aom:processingMethod,AOM_101095,Grinding,PROCESS-GROUND,approved-generated,Pete Steward,2026-08-05,data/livestock-staging/approved_ingredient_harmonization_rules.csv,Generated from approved rule under recorded guard; legacy material identity preserved.
AOM_001883,aom:ingredientPart,AOM_101104,Bran,COMPONENT-BRAN,approved-generated,Pete Steward,2026-08-05,data/livestock-staging/approved_ingredient_harmonization_rules.csv,Generated from approved rule under recorded guard; legacy material identity preserved.
AOM_001883,aom:processingMethod,AOM_101095,Grinding,PROCESS-GROUND,approved-generated,Pete Steward,2026-08-05,data/livestock-staging/approved_ingredient_harmonization_rules.csv,Generated from approved rule under recorded guard; legacy material identity preserved.
AOM_001885,aom:ingredientPart,AOM_101106,Straw,COMPONENT-STRAW,approved-generated,Pete Steward,2026-08-05,data/livestock-staging/approved_ingredient_harmonization_rules.csv,Generated from approved rule under recorded guard; legacy material identity preserved.
AOM_001885,aom:processingMethod,AOM_000831,Ensiling,PROCESS-ENSILED,approved-generated,Pete Steward,2026-08-05,data/livestock-staging/approved_ingredient_harmonization_rules.csv,Generated from approved rule under recorded guard; legacy material identity preserved.
AOM_001885,aom:processingMethod,AOM_101101,Urea treatment,PROCESS-UREA_TREATED,approved-generated,Pete Steward,2026-08-05,data/livestock-staging/approved_ingredient_harmonization_rules.csv,Generated from approved rule under recorded guard; legacy material identity preserved.
AOM_001887,aom:ingredientPart,AOM_101106,Straw,COMPONENT-STRAW,approved-generated,Pete Steward,2026-08-05,data/livestock-staging/approved_ingredient_harmonization_rules.csv,Generated from approved rule under recorded guard; legacy material identity preserved.
AOM_001888,aom:ingredientPart,AOM_101032,Kernel,COMPONENT-KERNEL,approved-generated,Pete Steward,2026-08-05,data/livestock-staging/approved_ingredient_harmonization_rules.csv,Generated from approved rule under recorded guard; legacy material identity preserved.
AOM_001888,aom:ingredientPart,AOM_101038,Seed,COMPONENT-SEED,approved-generated,Pete Steward,2026-08-05,data/livestock-staging/approved_ingredient_harmonization_rules.csv,Generated from approved rule under recorded guard; legacy material identity preserved.
AOM_001888,aom:processingMethod,AOM_101095,Grinding,PROCESS-GROUND,approved-generated,Pete Steward,2026-08-05,data/livestock-staging/approved_ingredient_harmonization_rules.csv,Generated from approved rule under recorded guard; legacy material identity preserved.
AOM_001890,aom:ingredientPart,AOM_101106,Straw,COMPONENT-STRAW,approved-generated,Pete Steward,2026-08-05,data/livestock-staging/approved_ingredient_harmonization_rules.csv,Generated from approved rule under recorded guard; legacy material identity preserved.
AOM_001893,aom:ingredientPart,AOM_101038,Seed,COMPONENT-SEED,approved-generated,Pete Steward,2026-08-05,data/livestock-staging/approved_ingredient_harmonization_rules.csv,Generated from approved rule under recorded guard; legacy material identity preserved.
AOM_001894,aom:ingredientPart,AOM_101038,Seed,COMPONENT-SEED,approved-generated,Pete Steward,2026-08-05,data/livestock-staging/approved_ingredient_harmonization_rules.csv,Generated from approved rule under recorded guard; legacy material identity preserved.
AOM_001894,aom:processingMethod,AOM_101095,Grinding,PROCESS-GROUND,approved-generated,Pete Steward,2026-08-05,data/livestock-staging/approved_ingredient_harmonization_rules.csv,Generated from approved rule under recorded guard; legacy material identity preserved.
AOM_001896,aom:ingredientPart,AOM_101074,Grain,COMPONENT-GRAIN,approved-generated,Pete Steward,2026-08-05,data/livestock-staging/approved_ingredient_harmonization_rules.csv,Generated from approved rule under recorded guard; legacy material identity preserved.
AOM_001898,aom:processingMethod,AOM_101071,Drying,PROCESS-DRIED,approved-generated,Pete Steward,2026-08-05,data/livestock-staging/approved_ingredient_harmonization_rules.csv,Generated from approved rule under recorded guard; legacy material identity preserved.
AOM_001902,aom:ingredientPart,AOM_101033,Leaf,COMPONENT-LEAF,approved-generated,Pete Steward,2026-08-05,data/livestock-staging/approved_ingredient_harmonization_rules.csv,Generated from approved rule under recorded guard; legacy material identity preserved.
AOM_001902,aom:processingMethod,AOM_101071,Drying,PROCESS-DRIED,approved-generated,Pete Steward,2026-08-05,data/livestock-staging/approved_ingredient_harmonization_rules.csv,Generated from approved rule under recorded guard; legacy material identity preserved.
AOM_001906,aom:ingredientPart,AOM_101074,Grain,COMPONENT-GRAIN,approved-generated,Pete Steward,2026-08-05,data/livestock-staging/approved_ingredient_harmonization_rules.csv,Generated from approved rule under recorded guard; legacy material identity preserved.
AOM_001906,aom:processingMethod,AOM_101098,Roasting,PROCESS-ROASTED,approved-generated,Pete Steward,2026-08-05,data/livestock-staging/approved_ingredient_harmonization_rules.csv,Generated from approved rule under recorded guard; legacy material identity preserved.
AOM_001907,aom:ingredientPart,AOM_101074,Grain,COMPONENT-GRAIN,approved-generated,Pete Steward,2026-08-05,data/livestock-staging/approved_ingredient_harmonization_rules.csv,Generated from approved rule under recorded guard; legacy material identity preserved.
AOM_001907,aom:processingMethod,AOM_101071,Drying,PROCESS-DRIED,approved-generated,Pete Steward,2026-08-05,data/livestock-staging/approved_ingredient_harmonization_rules.csv,Generated from approved rule under recorded guard; legacy material identity preserved.
AOM_001909,aom:ingredientPart,AOM_101038,Seed,COMPONENT-SEED,approved-generated,Pete Steward,2026-08-05,data/livestock-staging/approved_ingredient_harmonization_rules.csv,Generated from approved rule under recorded guard; legacy material identity preserved.
AOM_001909,aom:processingMethod,AOM_101095,Grinding,PROCESS-GROUND,approved-generated,Pete Steward,2026-08-05,data/livestock-staging/approved_ingredient_harmonization_rules.csv,Generated from approved rule under recorded guard; legacy material identity preserved.
AOM_001910,aom:processingMethod,AOM_101071,Drying,PROCESS-DRIED,approved-generated,Pete Steward,2026-08-05,data/livestock-staging/approved_ingredient_harmonization_rules.csv,Generated from approved rule under recorded guard; legacy material identity preserved.
AOM_001910,aom:processingMethod,AOM_101095,Grinding,PROCESS-GROUND,approved-generated,Pete Steward,2026-08-05,data/livestock-staging/approved_ingredient_harmonization_rules.csv,Generated from approved rule under recorded guard; legacy material identity preserved.
AOM_001911,aom:processingMethod,AOM_101071,Drying,PROCESS-DRIED,approved-generated,Pete Steward,2026-08-05,data/livestock-staging/approved_ingredient_harmonization_rules.csv,Generated from approved rule under recorded guard; legacy material identity preserved.
AOM_001913,aom:ingredientPart,AOM_101033,Leaf,COMPONENT-LEAF,approved-generated,Pete Steward,2026-08-05,data/livestock-staging/approved_ingredient_harmonization_rules.csv,Generated from approved rule under recorded guard; legacy material identity preserved.
AOM_001913,aom:processingMethod,AOM_101071,Drying,PROCESS-DRIED,approved-generated,Pete Steward,2026-08-05,data/livestock-staging/approved_ingredient_harmonization_rules.csv,Generated from approved rule under recorded guard; legacy material identity preserved.
AOM_001913,aom:processingMethod,AOM_101095,Grinding,PROCESS-GROUND,approved-generated,Pete Steward,2026-08-05,data/livestock-staging/approved_ingredient_harmonization_rules.csv,Generated from approved rule under recorded guard; legacy material identity preserved.
AOM_001915,aom:processingMethod,AOM_000831,Ensiling,PROCESS-ENSILED,approved-generated,Pete Steward,2026-08-05,data/livestock-staging/approved_ingredient_harmonization_rules.csv,Generated from approved rule under recorded guard; legacy material identity preserved.
AOM_001918,aom:processingMethod,AOM_101071,Drying,PROCESS-DRIED,approved-generated,Pete Steward,2026-08-05,data/livestock-staging/approved_ingredient_harmonization_rules.csv,Generated from approved rule under recorded guard; legacy material identity preserved.
AOM_001919,aom:ingredientPart,AOM_101033,Leaf,COMPONENT-LEAF,approved-generated,Pete Steward,2026-08-05,data/livestock-staging/approved_ingredient_harmonization_rules.csv,Generated from approved rule under recorded guard; legacy material identity preserved.
AOM_001919,aom:processingMethod,AOM_101071,Drying,PROCESS-DRIED,approved-generated,Pete Steward,2026-08-05,data/livestock-staging/approved_ingredient_harmonization_rules.csv,Generated from approved rule under recorded guard; legacy material identity preserved.
AOM_001924,aom:processingMethod,AOM_101095,Grinding,PROCESS-GROUND,approved-generated,Pete Steward,2026-08-05,data/livestock-staging/approved_ingredient_harmonization_rules.csv,Generated from approved rule under recorded guard; legacy material identity preserved.
AOM_001925,aom:processingMethod,AOM_101071,Drying,PROCESS-DRIED,approved-generated,Pete Steward,2026-08-05,data/livestock-staging/approved_ingredient_harmonization_rules.csv,Generated from approved rule under recorded guard; legacy material identity preserved.
AOM_001925,aom:processingMethod,AOM_101089,Boiling,PROCESS-BOILED,approved-generated,Pete Steward,2026-08-05,data/livestock-staging/approved_ingredient_harmonization_rules.csv,Generated from approved rule under recorded guard; legacy material identity preserved.
AOM_001925,aom:processingMethod,AOM_101095,Grinding,PROCESS-GROUND,approved-generated,Pete Steward,2026-08-05,data/livestock-staging/approved_ingredient_harmonization_rules.csv,Generated from approved rule under recorded guard; legacy material identity preserved.
AOM_001926,aom:processingMethod,AOM_101095,Grinding,PROCESS-GROUND,approved-generated,Pete Steward,2026-08-05,data/livestock-staging/approved_ingredient_harmonization_rules.csv,Generated from approved rule under recorded guard; legacy material identity preserved.
AOM_001928,aom:processingMethod,AOM_000831,Ensiling,PROCESS-ENSILED,approved-generated,Pete Steward,2026-08-05,data/livestock-staging/approved_ingredient_harmonization_rules.csv,Generated from approved rule under recorded guard; legacy material identity preserved.
AOM_001929,aom:processingMethod,AOM_101095,Grinding,PROCESS-GROUND,approved-generated,Pete Steward,2026-08-05,data/livestock-staging/approved_ingredient_harmonization_rules.csv,Generated from approved rule under recorded guard; legacy material identity preserved.
AOM_001931,aom:processingMethod,AOM_101095,Grinding,PROCESS-GROUND,approved-generated,Pete Steward,2026-08-05,data/livestock-staging/approved_ingredient_harmonization_rules.csv,Generated from approved rule under recorded guard; legacy material identity preserved.
AOM_001932,aom:processingMethod,AOM_101071,Drying,PROCESS-DRIED,approved-generated,Pete Steward,2026-08-05,data/livestock-staging/approved_ingredient_harmonization_rules.csv,Generated from approved rule under recorded guard; legacy material identity preserved.
AOM_001932,aom:processingMethod,AOM_101095,Grinding,PROCESS-GROUND,approved-generated,Pete Steward,2026-08-05,data/livestock-staging/approved_ingredient_harmonization_rules.csv,Generated from approved rule under recorded guard; legacy material identity preserved.
AOM_001933,aom:processingMethod,AOM_101071,Drying,PROCESS-DRIED,approved-generated,Pete Steward,2026-08-05,data/livestock-staging/approved_ingredient_harmonization_rules.csv,Generated from approved rule under recorded guard; legacy material identity preserved.
AOM_001933,aom:processingMethod,AOM_101095,Grinding,PROCESS-GROUND,approved-generated,Pete Steward,2026-08-05,data/livestock-staging/approved_ingredient_harmonization_rules.csv,Generated from approved rule under recorded guard; legacy material identity preserved.
AOM_001934,aom:processingMethod,AOM_101071,Drying,PROCESS-DRIED,approved-generated,Pete Steward,2026-08-05,data/livestock-staging/approved_ingredient_harmonization_rules.csv,Generated from approved rule under recorded guard; legacy material identity preserved.
AOM_001934,aom:processingMethod,AOM_101095,Grinding,PROCESS-GROUND,approved-generated,Pete Steward,2026-08-05,data/livestock-staging/approved_ingredient_harmonization_rules.csv,Generated from approved rule under recorded guard; legacy material identity preserved.
AOM_001937,aom:processingMethod,AOM_101071,Drying,PROCESS-DRIED,approved-generated,Pete Steward,2026-08-05,data/livestock-staging/approved_ingredient_harmonization_rules.csv,Generated from approved rule under recorded guard; legacy material identity preserved.
AOM_001937,aom:processingMethod,AOM_101089,Boiling,PROCESS-BOILED,approved-generated,Pete Steward,2026-08-05,data/livestock-staging/approved_ingredient_harmonization_rules.csv,Generated from approved rule under recorded guard; legacy material identity preserved.
AOM_001937,aom:processingMethod,AOM_101095,Grinding,PROCESS-GROUND,approved-generated,Pete Steward,2026-08-05,data/livestock-staging/approved_ingredient_harmonization_rules.csv,Generated from approved rule under recorded guard; legacy material identity preserved.
AOM_001938,aom:processingMethod,AOM_101071,Drying,PROCESS-DRIED,approved-generated,Pete Steward,2026-08-05,data/livestock-staging/approved_ingredient_harmonization_rules.csv,Generated from approved rule under recorded guard; legacy material identity preserved.
AOM_001938,aom:processingMethod,AOM_101095,Grinding,PROCESS-GROUND,approved-generated,Pete Steward,2026-08-05,data/livestock-staging/approved_ingredient_harmonization_rules.csv,Generated from approved rule under recorded guard; legacy material identity preserved.
AOM_001939,aom:processingMethod,AOM_101071,Drying,PROCESS-DRIED,approved-generated,Pete Steward,2026-08-05,data/livestock-staging/approved_ingredient_harmonization_rules.csv,Generated from approved rule under recorded guard; legacy material identity preserved.
AOM_001939,aom:processingMethod,AOM_101095,Grinding,PROCESS-GROUND,approved-generated,Pete Steward,2026-08-05,data/livestock-staging/approved_ingredient_harmonization_rules.csv,Generated from approved rule under recorded guard; legacy material identity preserved.
AOM_001940,aom:processingMethod,AOM_101071,Drying,PROCESS-DRIED,approved-generated,Pete Steward,2026-08-05,data/livestock-staging/approved_ingredient_harmonization_rules.csv,Generated from approved rule under recorded guard; legacy material identity preserved.
AOM_001940,aom:processingMethod,AOM_101095,Grinding,PROCESS-GROUND,approved-generated,Pete Steward,2026-08-05,data/livestock-staging/approved_ingredient_harmonization_rules.csv,Generated from approved rule under recorded guard; legacy material identity preserved.
AOM_001941,aom:processingMethod,AOM_101071,Drying,PROCESS-DRIED,approved-generated,Pete Steward,2026-08-05,data/livestock-staging/approved_ingredient_harmonization_rules.csv,Generated from approved rule under recorded guard; legacy material identity preserved.
AOM_001941,aom:processingMethod,AOM_101095,Grinding,PROCESS-GROUND,approved-generated,Pete Steward,2026-08-05,data/livestock-staging/approved_ingredient_harmonization_rules.csv,Generated from approved rule under recorded guard; legacy material identity preserved.
AOM_001942,aom:ingredientPart,AOM_101031,Husk,COMPONENT-HUSK,approved-generated,Pete Steward,2026-08-05,data/livestock-staging/approved_ingredient_harmonization_rules.csv,Generated from approved rule under recorded guard; legacy material identity preserved.
AOM_001942,aom:processingMethod,AOM_101071,Drying,PROCESS-DRIED,approved-generated,Pete Steward,2026-08-05,data/livestock-staging/approved_ingredient_harmonization_rules.csv,Generated from approved rule under recorded guard; legacy material identity preserved.
AOM_001942,aom:processingMethod,AOM_101095,Grinding,PROCESS-GROUND,approved-generated,Pete Steward,2026-08-05,data/livestock-staging/approved_ingredient_harmonization_rules.csv,Generated from approved rule under recorded guard; legacy material identity preserved.
AOM_001943,aom:ingredientPart,AOM_101026,Cob,COMPONENT-COB,approved-generated,Pete Steward,2026-08-05,data/livestock-staging/approved_ingredient_harmonization_rules.csv,Generated from approved rule under recorded guard; legacy material identity preserved.
AOM_001943,aom:processingMethod,AOM_000831,Ensiling,PROCESS-ENSILED,approved-generated,Pete Steward,2026-08-05,data/livestock-staging/approved_ingredient_harmonization_rules.csv,Generated from approved rule under recorded guard; legacy material identity preserved.
AOM_001944,aom:ingredientPart,AOM_101033,Leaf,COMPONENT-LEAF,approved-generated,Pete Steward,2026-08-05,data/livestock-staging/approved_ingredient_harmonization_rules.csv,Generated from approved rule under recorded guard; legacy material identity preserved.
AOM_001944,aom:processingMethod,AOM_101071,Drying,PROCESS-DRIED,approved-generated,Pete Steward,2026-08-05,data/livestock-staging/approved_ingredient_harmonization_rules.csv,Generated from approved rule under recorded guard; legacy material identity preserved.
AOM_001945,aom:ingredientPart,AOM_101074,Grain,COMPONENT-GRAIN,approved-generated,Pete Steward,2026-08-05,data/livestock-staging/approved_ingredient_harmonization_rules.csv,Generated from approved rule under recorded guard; legacy material identity preserved.
AOM_001945,aom:processingMethod,AOM_101071,Drying,PROCESS-DRIED,approved-generated,Pete Steward,2026-08-05,data/livestock-staging/approved_ingredient_harmonization_rules.csv,Generated from approved rule under recorded guard; legacy material identity preserved.
AOM_001946,aom:ingredientPart,AOM_101034,Peel,COMPONENT-PEEL,approved-generated,Pete Steward,2026-08-05,data/livestock-staging/approved_ingredient_harmonization_rules.csv,Generated from approved rule under recorded guard; legacy material identity preserved.
AOM_001946,aom:processingMethod,AOM_101071,Drying,PROCESS-DRIED,approved-generated,Pete Steward,2026-08-05,data/livestock-staging/approved_ingredient_harmonization_rules.csv,Generated from approved rule under recorded guard; legacy material identity preserved.
AOM_001946,aom:processingMethod,AOM_101095,Grinding,PROCESS-GROUND,approved-generated,Pete Steward,2026-08-05,data/livestock-staging/approved_ingredient_harmonization_rules.csv,Generated from approved rule under recorded guard; legacy material identity preserved.
AOM_001947,aom:processingMethod,AOM_101071,Drying,PROCESS-DRIED,approved-generated,Pete Steward,2026-08-05,data/livestock-staging/approved_ingredient_harmonization_rules.csv,Generated from approved rule under recorded guard; legacy material identity preserved.
AOM_001947,aom:processingMethod,AOM_101094,Fermentation,PROCESS-FERMENTED,approved-generated,Pete Steward,2026-08-05,data/livestock-staging/approved_ingredient_harmonization_rules.csv,Generated from approved rule under recorded guard; legacy material identity preserved.
AOM_001947,aom:processingMethod,AOM_101095,Grinding,PROCESS-GROUND,approved-generated,Pete Steward,2026-08-05,data/livestock-staging/approved_ingredient_harmonization_rules.csv,Generated from approved rule under recorded guard; legacy material identity preserved.
AOM_001948,aom:processingMethod,AOM_101071,Drying,PROCESS-DRIED,approved-generated,Pete Steward,2026-08-05,data/livestock-staging/approved_ingredient_harmonization_rules.csv,Generated from approved rule under recorded guard; legacy material identity preserved.
AOM_001949,aom:processingMethod,AOM_101069,Defatting,PROCESS-DEFATTED,approved-generated,Pete Steward,2026-08-05,data/livestock-staging/approved_ingredient_harmonization_rules.csv,Generated from approved rule under recorded guard; legacy material identity preserved.
AOM_001949,aom:processingMethod,AOM_101071,Drying,PROCESS-DRIED,approved-generated,Pete Steward,2026-08-05,data/livestock-staging/approved_ingredient_harmonization_rules.csv,Generated from approved rule under recorded guard; legacy material identity preserved.
AOM_001949,aom:processingMethod,AOM_101095,Grinding,PROCESS-GROUND,approved-generated,Pete Steward,2026-08-05,data/livestock-staging/approved_ingredient_harmonization_rules.csv,Generated from approved rule under recorded guard; legacy material identity preserved.
AOM_001951,aom:ingredientPart,AOM_101038,Seed,COMPONENT-SEED,approved-generated,Pete Steward,2026-08-05,data/livestock-staging/approved_ingredient_harmonization_rules.csv,Generated from approved rule under recorded guard; legacy material identity preserved.
AOM_001951,aom:processingMethod,AOM_101071,Drying,PROCESS-DRIED,approved-generated,Pete Steward,2026-08-05,data/livestock-staging/approved_ingredient_harmonization_rules.csv,Generated from approved rule under recorded guard; legacy material identity preserved.
AOM_001951,aom:processingMethod,AOM_101088,Autoclaving,PROCESS-AUTOCLAVED,approved-generated,Pete Steward,2026-08-05,data/livestock-staging/approved_ingredient_harmonization_rules.csv,Generated from approved rule under recorded guard; legacy material identity preserved.
AOM_001951,aom:processingMethod,AOM_101095,Grinding,PROCESS-GROUND,approved-generated,Pete Steward,2026-08-05,data/livestock-staging/approved_ingredient_harmonization_rules.csv,Generated from approved rule under recorded guard; legacy material identity preserved.
AOM_001952,aom:processingMethod,AOM_101071,Drying,PROCESS-DRIED,approved-generated,Pete Steward,2026-08-05,data/livestock-staging/approved_ingredient_harmonization_rules.csv,Generated from approved rule under recorded guard; legacy material identity preserved.
AOM_001953,aom:processingMethod,AOM_000831,Ensiling,PROCESS-ENSILED,approved-generated,Pete Steward,2026-08-05,data/livestock-staging/approved_ingredient_harmonization_rules.csv,Generated from approved rule under recorded guard; legacy material identity preserved.
AOM_001954,aom:ingredientPart,AOM_101107,Vine,COMPONENT-VINE,approved-generated,Pete Steward,2026-08-05,data/livestock-staging/approved_ingredient_harmonization_rules.csv,Generated from approved rule under recorded guard; legacy material identity preserved.
AOM_001954,aom:processingMethod,AOM_000831,Ensiling,PROCESS-ENSILED,approved-generated,Pete Steward,2026-08-05,data/livestock-staging/approved_ingredient_harmonization_rules.csv,Generated from approved rule under recorded guard; legacy material identity preserved.
AOM_001955,aom:processingMethod,AOM_101071,Drying,PROCESS-DRIED,approved-generated,Pete Steward,2026-08-05,data/livestock-staging/approved_ingredient_harmonization_rules.csv,Generated from approved rule under recorded guard; legacy material identity preserved.
AOM_001957,aom:processingMethod,AOM_101071,Drying,PROCESS-DRIED,approved-generated,Pete Steward,2026-08-05,data/livestock-staging/approved_ingredient_harmonization_rules.csv,Generated from approved rule under recorded guard; legacy material identity preserved.
AOM_001959,aom:ingredientPart,AOM_101074,Grain,COMPONENT-GRAIN,approved-generated,Pete Steward,2026-08-05,data/livestock-staging/approved_ingredient_harmonization_rules.csv,Generated from approved rule under recorded guard; legacy material identity preserved.
AOM_001959,aom:processingMethod,AOM_101071,Drying,PROCESS-DRIED,approved-generated,Pete Steward,2026-08-05,data/livestock-staging/approved_ingredient_harmonization_rules.csv,Generated from approved rule under recorded guard; legacy material identity preserved.
AOM_001959,aom:processingMethod,AOM_101102,Wilting,PROCESS-WILTED,approved-generated,Pete Steward,2026-08-05,data/livestock-staging/approved_ingredient_harmonization_rules.csv,Generated from approved rule under recorded guard; legacy material identity preserved.
AOM_001960,aom:processingMethod,AOM_101096,Heating,PROCESS-HEATED,approved-generated,Pete Steward,2026-08-05,data/livestock-staging/approved_ingredient_harmonization_rules.csv,Generated from approved rule under recorded guard; legacy material identity preserved.
AOM_001961,aom:processingMethod,AOM_101095,Grinding,PROCESS-GROUND,approved-generated,Pete Steward,2026-08-05,data/livestock-staging/approved_ingredient_harmonization_rules.csv,Generated from approved rule under recorded guard; legacy material identity preserved.
AOM_001962,aom:ingredientPart,AOM_101033,Leaf,COMPONENT-LEAF,approved-generated,Pete Steward,2026-08-05,data/livestock-staging/approved_ingredient_harmonization_rules.csv,Generated from approved rule under recorded guard; legacy material identity preserved.
AOM_001962,aom:processingMethod,AOM_101071,Drying,PROCESS-DRIED,approved-generated,Pete Steward,2026-08-05,data/livestock-staging/approved_ingredient_harmonization_rules.csv,Generated from approved rule under recorded guard; legacy material identity preserved.
AOM_001963,aom:ingredientPart,AOM_101035,Pod,COMPONENT-POD,approved-generated,Pete Steward,2026-08-05,data/livestock-staging/approved_ingredient_harmonization_rules.csv,Generated from approved rule under recorded guard; legacy material identity preserved.
AOM_001963,aom:processingMethod,AOM_101071,Drying,PROCESS-DRIED,approved-generated,Pete Steward,2026-08-05,data/livestock-staging/approved_ingredient_harmonization_rules.csv,Generated from approved rule under recorded guard; legacy material identity preserved.
AOM_001964,aom:processingMethod,AOM_101071,Drying,PROCESS-DRIED,approved-generated,Pete Steward,2026-08-05,data/livestock-staging/approved_ingredient_harmonization_rules.csv,Generated from approved rule under recorded guard; legacy material identity preserved.
AOM_001965,aom:processingMethod,AOM_000831,Ensiling,PROCESS-ENSILED,approved-generated,Pete Steward,2026-08-05,data/livestock-staging/approved_ingredient_harmonization_rules.csv,Generated from approved rule under recorded guard; legacy material identity preserved.
AOM_001965,aom:processingMethod,AOM_101071,Drying,PROCESS-DRIED,approved-generated,Pete Steward,2026-08-05,data/livestock-staging/approved_ingredient_harmonization_rules.csv,Generated from approved rule under recorded guard; legacy material identity preserved.
AOM_001966,aom:ingredientPart,AOM_101033,Leaf,COMPONENT-LEAF,approved-generated,Pete Steward,2026-08-05,data/livestock-staging/approved_ingredient_harmonization_rules.csv,Generated from approved rule under recorded guard; legacy material identity preserved.
AOM_001966,aom:processingMethod,AOM_101071,Drying,PROCESS-DRIED,approved-generated,Pete Steward,2026-08-05,data/livestock-staging/approved_ingredient_harmonization_rules.csv,Generated from approved rule under recorded guard; legacy material identity preserved.
AOM_001966,aom:processingMethod,AOM_101095,Grinding,PROCESS-GROUND,approved-generated,Pete Steward,2026-08-05,data/livestock-staging/approved_ingredient_harmonization_rules.csv,Generated from approved rule under recorded guard; legacy material identity preserved.
AOM_001968,aom:processingMethod,AOM_101071,Drying,PROCESS-DRIED,approved-generated,Pete Steward,2026-08-05,data/livestock-staging/approved_ingredient_harmonization_rules.csv,Generated from approved rule under recorded guard; legacy material identity preserved.
AOM_001969,aom:ingredientPart,AOM_101032,Kernel,COMPONENT-KERNEL,approved-generated,Pete Steward,2026-08-05,data/livestock-staging/approved_ingredient_harmonization_rules.csv,Generated from approved rule under recorded guard; legacy material identity preserved.
AOM_001969,aom:processingMethod,AOM_101071,Drying,PROCESS-DRIED,approved-generated,Pete Steward,2026-08-05,data/livestock-staging/approved_ingredient_harmonization_rules.csv,Generated from approved rule under recorded guard; legacy material identity preserved.
AOM_001969,aom:processingMethod,AOM_101095,Grinding,PROCESS-GROUND,approved-generated,Pete Steward,2026-08-05,data/livestock-staging/approved_ingredient_harmonization_rules.csv,Generated from approved rule under recorded guard; legacy material identity preserved.
AOM_001970,aom:processingMethod,AOM_101069,Defatting,PROCESS-DEFATTED,approved-generated,Pete Steward,2026-08-05,data/livestock-staging/approved_ingredient_harmonization_rules.csv,Generated from approved rule under recorded guard; legacy material identity preserved.
AOM_001970,aom:processingMethod,AOM_101071,Drying,PROCESS-DRIED,approved-generated,Pete Steward,2026-08-05,data/livestock-staging/approved_ingredient_harmonization_rules.csv,Generated from approved rule under recorded guard; legacy material identity preserved.
AOM_001970,aom:processingMethod,AOM_101095,Grinding,PROCESS-GROUND,approved-generated,Pete Steward,2026-08-05,data/livestock-staging/approved_ingredient_harmonization_rules.csv,Generated from approved rule under recorded guard; legacy material identity preserved.
AOM_001971,aom:ingredientPart,AOM_101038,Seed,COMPONENT-SEED,approved-generated,Pete Steward,2026-08-05,data/livestock-staging/approved_ingredient_harmonization_rules.csv,Generated from approved rule under recorded guard; legacy material identity preserved.
AOM_001971,aom:processingMethod,AOM_101069,Defatting,PROCESS-DEFATTED,approved-generated,Pete Steward,2026-08-05,data/livestock-staging/approved_ingredient_harmonization_rules.csv,Generated from approved rule under recorded guard; legacy material identity preserved.
AOM_001971,aom:processingMethod,AOM_101094,Fermentation,PROCESS-FERMENTED,approved-generated,Pete Steward,2026-08-05,data/livestock-staging/approved_ingredient_harmonization_rules.csv,Generated from approved rule under recorded guard; legacy material identity preserved.
AOM_001971,aom:processingMethod,AOM_101095,Grinding,PROCESS-GROUND,approved-generated,Pete Steward,2026-08-05,data/livestock-staging/approved_ingredient_harmonization_rules.csv,Generated from approved rule under recorded guard; legacy material identity preserved.
AOM_001973,aom:ingredientPart,AOM_101033,Leaf,COMPONENT-LEAF,approved-generated,Pete Steward,2026-08-05,data/livestock-staging/approved_ingredient_harmonization_rules.csv,Generated from approved rule under recorded guard; legacy material identity preserved.
AOM_001973,aom:processingMethod,AOM_101095,Grinding,PROCESS-GROUND,approved-generated,Pete Steward,2026-08-05,data/livestock-staging/approved_ingredient_harmonization_rules.csv,Generated from approved rule under recorded guard; legacy material identity preserved.
AOM_001974,aom:ingredientPart,AOM_101033,Leaf,COMPONENT-LEAF,approved-generated,Pete Steward,2026-08-05,data/livestock-staging/approved_ingredient_harmonization_rules.csv,Generated from approved rule under recorded guard; legacy material identity preserved.
AOM_001974,aom:processingMethod,AOM_101071,Drying,PROCESS-DRIED,approved-generated,Pete Steward,2026-08-05,data/livestock-staging/approved_ingredient_harmonization_rules.csv,Generated from approved rule under recorded guard; legacy material identity preserved.
AOM_001974,aom:processingMethod,AOM_101095,Grinding,PROCESS-GROUND,approved-generated,Pete Steward,2026-08-05,data/livestock-staging/approved_ingredient_harmonization_rules.csv,Generated from approved rule under recorded guard; legacy material identity preserved.
AOM_001976,aom:processingMethod,AOM_101071,Drying,PROCESS-DRIED,approved-generated,Pete Steward,2026-08-05,data/livestock-staging/approved_ingredient_harmonization_rules.csv,Generated from approved rule under recorded guard; legacy material identity preserved.
AOM_001976,aom:processingMethod,AOM_101095,Grinding,PROCESS-GROUND,approved-generated,Pete Steward,2026-08-05,data/livestock-staging/approved_ingredient_harmonization_rules.csv,Generated from approved rule under recorded guard; legacy material identity preserved.
AOM_001977,aom:processingMethod,AOM_101071,Drying,PROCESS-DRIED,approved-generated,Pete Steward,2026-08-05,data/livestock-staging/approved_ingredient_harmonization_rules.csv,Generated from approved rule under recorded guard; legacy material identity preserved.
AOM_001977,aom:processingMethod,AOM_101095,Grinding,PROCESS-GROUND,approved-generated,Pete Steward,2026-08-05,data/livestock-staging/approved_ingredient_harmonization_rules.csv,Generated from approved rule under recorded guard; legacy material identity preserved.
AOM_001978,aom:ingredientPart,AOM_101037,Root,COMPONENT-ROOT,approved-generated,Pete Steward,2026-08-05,data/livestock-staging/approved_ingredient_harmonization_rules.csv,Generated from approved rule under recorded guard; legacy material identity preserved.
AOM_001978,aom:processingMethod,AOM_101071,Drying,PROCESS-DRIED,approved-generated,Pete Steward,2026-08-05,data/livestock-staging/approved_ingredient_harmonization_rules.csv,Generated from approved rule under recorded guard; legacy material identity preserved.
AOM_001978,aom:processingMethod,AOM_101095,Grinding,PROCESS-GROUND,approved-generated,Pete Steward,2026-08-05,data/livestock-staging/approved_ingredient_harmonization_rules.csv,Generated from approved rule under recorded guard; legacy material identity preserved.
AOM_001979,aom:ingredientPart,AOM_101033,Leaf,COMPONENT-LEAF,approved-generated,Pete Steward,2026-08-05,data/livestock-staging/approved_ingredient_harmonization_rules.csv,Generated from approved rule under recorded guard; legacy material identity preserved.
AOM_001980,aom:ingredientPart,AOM_101033,Leaf,COMPONENT-LEAF,approved-generated,Pete Steward,2026-08-05,data/livestock-staging/approved_ingredient_harmonization_rules.csv,Generated from approved rule under recorded guard; legacy material identity preserved.
AOM_001980,aom:processingMethod,AOM_101071,Drying,PROCESS-DRIED,approved-generated,Pete Steward,2026-08-05,data/livestock-staging/approved_ingredient_harmonization_rules.csv,Generated from approved rule under recorded guard; legacy material identity preserved.
AOM_001980,aom:processingMethod,AOM_101095,Grinding,PROCESS-GROUND,approved-generated,Pete Steward,2026-08-05,data/livestock-staging/approved_ingredient_harmonization_rules.csv,Generated from approved rule under recorded guard; legacy material identity preserved.
AOM_001981,aom:processingMethod,AOM_101071,Drying,PROCESS-DRIED,approved-generated,Pete Steward,2026-08-05,data/livestock-staging/approved_ingredient_harmonization_rules.csv,Generated from approved rule under recorded guard; legacy material identity preserved.
AOM_001981,aom:processingMethod,AOM_101095,Grinding,PROCESS-GROUND,approved-generated,Pete Steward,2026-08-05,data/livestock-staging/approved_ingredient_harmonization_rules.csv,Generated from approved rule under recorded guard; legacy material identity preserved.
AOM_001982,aom:ingredientPart,AOM_101038,Seed,COMPONENT-SEED,approved-generated,Pete Steward,2026-08-05,data/livestock-staging/approved_ingredient_harmonization_rules.csv,Generated from approved rule under recorded guard; legacy material identity preserved.
AOM_001983,aom:ingredientPart,AOM_101038,Seed,COMPONENT-SEED,approved-generated,Pete Steward,2026-08-05,data/livestock-staging/approved_ingredient_harmonization_rules.csv,Generated from approved rule under recorded guard; legacy material identity preserved.
AOM_001983,aom:processingMethod,AOM_101095,Grinding,PROCESS-GROUND,approved-generated,Pete Steward,2026-08-05,data/livestock-staging/approved_ingredient_harmonization_rules.csv,Generated from approved rule under recorded guard; legacy material identity preserved.
AOM_001984,aom:ingredientPart,AOM_101033,Leaf,COMPONENT-LEAF,approved-generated,Pete Steward,2026-08-05,data/livestock-staging/approved_ingredient_harmonization_rules.csv,Generated from approved rule under recorded guard; legacy material identity preserved.
AOM_001984,aom:processingMethod,AOM_101071,Drying,PROCESS-DRIED,approved-generated,Pete Steward,2026-08-05,data/livestock-staging/approved_ingredient_harmonization_rules.csv,Generated from approved rule under recorded guard; legacy material identity preserved.
AOM_001985,aom:processingMethod,AOM_101102,Wilting,PROCESS-WILTED,approved-generated,Pete Steward,2026-08-05,data/livestock-staging/approved_ingredient_harmonization_rules.csv,Generated from approved rule under recorded guard; legacy material identity preserved.
AOM_001986,aom:ingredientPart,AOM_101033,Leaf,COMPONENT-LEAF,approved-generated,Pete Steward,2026-08-05,data/livestock-staging/approved_ingredient_harmonization_rules.csv,Generated from approved rule under recorded guard; legacy material identity preserved.
AOM_001986,aom:processingMethod,AOM_101071,Drying,PROCESS-DRIED,approved-generated,Pete Steward,2026-08-05,data/livestock-staging/approved_ingredient_harmonization_rules.csv,Generated from approved rule under recorded guard; legacy material identity preserved.
AOM_001986,aom:processingMethod,AOM_101095,Grinding,PROCESS-GROUND,approved-generated,Pete Steward,2026-08-05,data/livestock-staging/approved_ingredient_harmonization_rules.csv,Generated from approved rule under recorded guard; legacy material identity preserved.
AOM_001988,aom:ingredientPart,AOM_101033,Leaf,COMPONENT-LEAF,approved-generated,Pete Steward,2026-08-05,data/livestock-staging/approved_ingredient_harmonization_rules.csv,Generated from approved rule under recorded guard; legacy material identity preserved.
AOM_001988,aom:processingMethod,AOM_101095,Grinding,PROCESS-GROUND,approved-generated,Pete Steward,2026-08-05,data/livestock-staging/approved_ingredient_harmonization_rules.csv,Generated from approved rule under recorded guard; legacy material identity preserved.
AOM_001990,aom:ingredientPart,AOM_101033,Leaf,COMPONENT-LEAF,approved-generated,Pete Steward,2026-08-05,data/livestock-staging/approved_ingredient_harmonization_rules.csv,Generated from approved rule under recorded guard; legacy material identity preserved.
AOM_001990,aom:processingMethod,AOM_000831,Ensiling,PROCESS-ENSILED,approved-generated,Pete Steward,2026-08-05,data/livestock-staging/approved_ingredient_harmonization_rules.csv,Generated from approved rule under recorded guard; legacy material identity preserved.
AOM_001990,aom:processingMethod,AOM_101071,Drying,PROCESS-DRIED,approved-generated,Pete Steward,2026-08-05,data/livestock-staging/approved_ingredient_harmonization_rules.csv,Generated from approved rule under recorded guard; legacy material identity preserved.
AOM_001991,aom:processingMethod,AOM_101071,Drying,PROCESS-DRIED,approved-generated,Pete Steward,2026-08-05,data/livestock-staging/approved_ingredient_harmonization_rules.csv,Generated from approved rule under recorded guard; legacy material identity preserved.
AOM_001992,aom:ingredientPart,AOM_101033,Leaf,COMPONENT-LEAF,approved-generated,Pete Steward,2026-08-05,data/livestock-staging/approved_ingredient_harmonization_rules.csv,Generated from approved rule under recorded guard; legacy material identity preserved.
AOM_001992,aom:processingMethod,AOM_101071,Drying,PROCESS-DRIED,approved-generated,Pete Steward,2026-08-05,data/livestock-staging/approved_ingredient_harmonization_rules.csv,Generated from approved rule under recorded guard; legacy material identity preserved.
AOM_001993,aom:processingMethod,AOM_101071,Drying,PROCESS-DRIED,approved-generated,Pete Steward,2026-08-05,data/livestock-staging/approved_ingredient_harmonization_rules.csv,Generated from approved rule under recorded guard; legacy material identity preserved.
AOM_001993,aom:processingMethod,AOM_101102,Wilting,PROCESS-WILTED,approved-generated,Pete Steward,2026-08-05,data/livestock-staging/approved_ingredient_harmonization_rules.csv,Generated from approved rule under recorded guard; legacy material identity preserved.
AOM_001994,aom:processingMethod,AOM_101071,Drying,PROCESS-DRIED,approved-generated,Pete Steward,2026-08-05,data/livestock-staging/approved_ingredient_harmonization_rules.csv,Generated from approved rule under recorded guard; legacy material identity preserved.
AOM_001994,aom:processingMethod,AOM_101095,Grinding,PROCESS-GROUND,approved-generated,Pete Steward,2026-08-05,data/livestock-staging/approved_ingredient_harmonization_rules.csv,Generated from approved rule under recorded guard; legacy material identity preserved.
AOM_001994,aom:processingMethod,AOM_101096,Heating,PROCESS-HEATED,approved-generated,Pete Steward,2026-08-05,data/livestock-staging/approved_ingredient_harmonization_rules.csv,Generated from approved rule under recorded guard; legacy material identity preserved.
AOM_001997,aom:processingMethod,AOM_101095,Grinding,PROCESS-GROUND,approved-generated,Pete Steward,2026-08-05,data/livestock-staging/approved_ingredient_harmonization_rules.csv,Generated from approved rule under recorded guard; legacy material identity preserved.
AOM_002000,aom:ingredientPart,AOM_101038,Seed,COMPONENT-SEED,approved-generated,Pete Steward,2026-08-05,data/livestock-staging/approved_ingredient_harmonization_rules.csv,Generated from approved rule under recorded guard; legacy material identity preserved.
AOM_002001,aom:ingredientPart,AOM_101033,Leaf,COMPONENT-LEAF,approved-generated,Pete Steward,2026-08-05,data/livestock-staging/approved_ingredient_harmonization_rules.csv,Generated from approved rule under recorded guard; legacy material identity preserved.
AOM_002001,aom:processingMethod,AOM_101071,Drying,PROCESS-DRIED,approved-generated,Pete Steward,2026-08-05,data/livestock-staging/approved_ingredient_harmonization_rules.csv,Generated from approved rule under recorded guard; legacy material identity preserved.
AOM_002001,aom:processingMethod,AOM_101095,Grinding,PROCESS-GROUND,approved-generated,Pete Steward,2026-08-05,data/livestock-staging/approved_ingredient_harmonization_rules.csv,Generated from approved rule under recorded guard; legacy material identity preserved.
AOM_002002,aom:processingMethod,AOM_101071,Drying,PROCESS-DRIED,approved-generated,Pete Steward,2026-08-05,data/livestock-staging/approved_ingredient_harmonization_rules.csv,Generated from approved rule under recorded guard; legacy material identity preserved.
AOM_002002,aom:processingMethod,AOM_101095,Grinding,PROCESS-GROUND,approved-generated,Pete Steward,2026-08-05,data/livestock-staging/approved_ingredient_harmonization_rules.csv,Generated from approved rule under recorded guard; legacy material identity preserved.
AOM_002005,aom:processingMethod,AOM_101095,Grinding,PROCESS-GROUND,approved-generated,Pete Steward,2026-08-05,data/livestock-staging/approved_ingredient_harmonization_rules.csv,Generated from approved rule under recorded guard; legacy material identity preserved.
AOM_002006,aom:processingMethod,AOM_000831,Ensiling,PROCESS-ENSILED,approved-generated,Pete Steward,2026-08-05,data/livestock-staging/approved_ingredient_harmonization_rules.csv,Generated from approved rule under recorded guard; legacy material identity preserved.
AOM_002007,aom:processingMethod,AOM_101096,Heating,PROCESS-HEATED,approved-generated,Pete Steward,2026-08-05,data/livestock-staging/approved_ingredient_harmonization_rules.csv,Generated from approved rule under recorded guard; legacy material identity preserved.
AOM_002008,aom:processingMethod,AOM_101071,Drying,PROCESS-DRIED,approved-generated,Pete Steward,2026-08-05,data/livestock-staging/approved_ingredient_harmonization_rules.csv,Generated from approved rule under recorded guard; legacy material identity preserved.
AOM_002008,aom:processingMethod,AOM_101095,Grinding,PROCESS-GROUND,approved-generated,Pete Steward,2026-08-05,data/livestock-staging/approved_ingredient_harmonization_rules.csv,Generated from approved rule under recorded guard; legacy material identity preserved.
AOM_002008,aom:processingMethod,AOM_101096,Heating,PROCESS-HEATED,approved-generated,Pete Steward,2026-08-05,data/livestock-staging/approved_ingredient_harmonization_rules.csv,Generated from approved rule under recorded guard; legacy material identity preserved.
AOM_002009,aom:processingMethod,AOM_101071,Drying,PROCESS-DRIED,approved-generated,Pete Steward,2026-08-05,data/livestock-staging/approved_ingredient_harmonization_rules.csv,Generated from approved rule under recorded guard; legacy material identity preserved.
AOM_002009,aom:processingMethod,AOM_101089,Boiling,PROCESS-BOILED,approved-generated,Pete Steward,2026-08-05,data/livestock-staging/approved_ingredient_harmonization_rules.csv,Generated from approved rule under recorded guard; legacy material identity preserved.
AOM_002009,aom:processingMethod,AOM_101095,Grinding,PROCESS-GROUND,approved-generated,Pete Steward,2026-08-05,data/livestock-staging/approved_ingredient_harmonization_rules.csv,Generated from approved rule under recorded guard; legacy material identity preserved.
AOM_002011,aom:ingredientPart,AOM_101040,Shell,COMPONENT-SHELL,approved-generated,Pete Steward,2026-08-05,data/livestock-staging/approved_ingredient_harmonization_rules.csv,Generated from approved rule under recorded guard; legacy material identity preserved.
AOM_002011,aom:processingMethod,AOM_101071,Drying,PROCESS-DRIED,approved-generated,Pete Steward,2026-08-05,data/livestock-staging/approved_ingredient_harmonization_rules.csv,Generated from approved rule under recorded guard; legacy material identity preserved.
AOM_002011,aom:processingMethod,AOM_101095,Grinding,PROCESS-GROUND,approved-generated,Pete Steward,2026-08-05,data/livestock-staging/approved_ingredient_harmonization_rules.csv,Generated from approved rule under recorded guard; legacy material identity preserved.
AOM_002012,aom:ingredientPart,AOM_101031,Husk,COMPONENT-HUSK,approved-generated,Pete Steward,2026-08-05,data/livestock-staging/approved_ingredient_harmonization_rules.csv,Generated from approved rule under recorded guard; legacy material identity preserved.
AOM_002012,aom:ingredientPart,AOM_101035,Pod,COMPONENT-POD,approved-generated,Pete Steward,2026-08-05,data/livestock-staging/approved_ingredient_harmonization_rules.csv,Generated from approved rule under recorded guard; legacy material identity preserved.
AOM_002012,aom:processingMethod,AOM_101071,Drying,PROCESS-DRIED,approved-generated,Pete Steward,2026-08-05,data/livestock-staging/approved_ingredient_harmonization_rules.csv,Generated from approved rule under recorded guard; legacy material identity preserved.
AOM_002012,aom:processingMethod,AOM_101089,Boiling,PROCESS-BOILED,approved-generated,Pete Steward,2026-08-05,data/livestock-staging/approved_ingredient_harmonization_rules.csv,Generated from approved rule under recorded guard; legacy material identity preserved.
AOM_002012,aom:processingMethod,AOM_101095,Grinding,PROCESS-GROUND,approved-generated,Pete Steward,2026-08-05,data/livestock-staging/approved_ingredient_harmonization_rules.csv,Generated from approved rule under recorded guard; legacy material identity preserved.
AOM_002013,aom:processingMethod,AOM_101071,Drying,PROCESS-DRIED,approved-generated,Pete Steward,2026-08-05,data/livestock-staging/approved_ingredient_harmonization_rules.csv,Generated from approved rule under recorded guard; legacy material identity preserved.
AOM_002013,aom:processingMethod,AOM_101095,Grinding,PROCESS-GROUND,approved-generated,Pete Steward,2026-08-05,data/livestock-staging/approved_ingredient_harmonization_rules.csv,Generated from approved rule under recorded guard; legacy material identity preserved.
AOM_002015,aom:ingredientPart,AOM_101104,Bran,COMPONENT-BRAN,approved-generated,Pete Steward,2026-08-05,data/livestock-staging/approved_ingredient_harmonization_rules.csv,Generated from approved rule under recorded guard; legacy material identity preserved.
AOM_002015,aom:processingMethod,AOM_101071,Drying,PROCESS-DRIED,approved-generated,Pete Steward,2026-08-05,data/livestock-staging/approved_ingredient_harmonization_rules.csv,Generated from approved rule under recorded guard; legacy material identity preserved.
AOM_002015,aom:processingMethod,AOM_101095,Grinding,PROCESS-GROUND,approved-generated,Pete Steward,2026-08-05,data/livestock-staging/approved_ingredient_harmonization_rules.csv,Generated from approved rule under recorded guard; legacy material identity preserved.
AOM_002016,aom:ingredientPart,AOM_101104,Bran,COMPONENT-BRAN,approved-generated,Pete Steward,2026-08-05,data/livestock-staging/approved_ingredient_harmonization_rules.csv,Generated from approved rule under recorded guard; legacy material identity preserved.
AOM_002016,aom:processingMethod,AOM_101071,Drying,PROCESS-DRIED,approved-generated,Pete Steward,2026-08-05,data/livestock-staging/approved_ingredient_harmonization_rules.csv,Generated from approved rule under recorded guard; legacy material identity preserved.
AOM_002016,aom:processingMethod,AOM_101095,Grinding,PROCESS-GROUND,approved-generated,Pete Steward,2026-08-05,data/livestock-staging/approved_ingredient_harmonization_rules.csv,Generated from approved rule under recorded guard; legacy material identity preserved.
AOM_002017,aom:ingredientPart,AOM_101074,Grain,COMPONENT-GRAIN,approved-generated,Pete Steward,2026-08-05,data/livestock-staging/approved_ingredient_harmonization_rules.csv,Generated from approved rule under recorded guard; legacy material identity preserved.
AOM_002017,aom:processingMethod,AOM_101095,Grinding,PROCESS-GROUND,approved-generated,Pete Steward,2026-08-05,data/livestock-staging/approved_ingredient_harmonization_rules.csv,Generated from approved rule under recorded guard; legacy material identity preserved.
AOM_002018,aom:processingMethod,AOM_101071,Drying,PROCESS-DRIED,approved-generated,Pete Steward,2026-08-05,data/livestock-staging/approved_ingredient_harmonization_rules.csv,Generated from approved rule under recorded guard; legacy material identity preserved.
AOM_002018,aom:processingMethod,AOM_101095,Grinding,PROCESS-GROUND,approved-generated,Pete Steward,2026-08-05,data/livestock-staging/approved_ingredient_harmonization_rules.csv,Generated from approved rule under recorded guard; legacy material identity preserved.
AOM_002019,aom:ingredientPart,AOM_101031,Husk,COMPONENT-HUSK,approved-generated,Pete Steward,2026-08-05,data/livestock-staging/approved_ingredient_harmonization_rules.csv,Generated from approved rule under recorded guard; legacy material identity preserved.
AOM_002019,aom:processingMethod,AOM_101095,Grinding,PROCESS-GROUND,approved-generated,Pete Steward,2026-08-05,data/livestock-staging/approved_ingredient_harmonization_rules.csv,Generated from approved rule under recorded guard; legacy material identity preserved.
AOM_002020,aom:processingMethod,AOM_101071,Drying,PROCESS-DRIED,approved-generated,Pete Steward,2026-08-05,data/livestock-staging/approved_ingredient_harmonization_rules.csv,Generated from approved rule under recorded guard; legacy material identity preserved.
AOM_002020,aom:processingMethod,AOM_101094,Fermentation,PROCESS-FERMENTED,approved-generated,Pete Steward,2026-08-05,data/livestock-staging/approved_ingredient_harmonization_rules.csv,Generated from approved rule under recorded guard; legacy material identity preserved.
AOM_002021,aom:processingMethod,AOM_101095,Grinding,PROCESS-GROUND,approved-generated,Pete Steward,2026-08-05,data/livestock-staging/approved_ingredient_harmonization_rules.csv,Generated from approved rule under recorded guard; legacy material identity preserved.
AOM_002026,aom:ingredientPart,AOM_101033,Leaf,COMPONENT-LEAF,approved-generated,Pete Steward,2026-08-05,data/livestock-staging/approved_ingredient_harmonization_rules.csv,Generated from approved rule under recorded guard; legacy material identity preserved.
AOM_002026,aom:processingMethod,AOM_101095,Grinding,PROCESS-GROUND,approved-generated,Pete Steward,2026-08-05,data/livestock-staging/approved_ingredient_harmonization_rules.csv,Generated from approved rule under recorded guard; legacy material identity preserved.
AOM_002027,aom:ingredientPart,AOM_101034,Peel,COMPONENT-PEEL,approved-generated,Pete Steward,2026-08-05,data/livestock-staging/approved_ingredient_harmonization_rules.csv,Generated from approved rule under recorded guard; legacy material identity preserved.
AOM_002027,aom:processingMethod,AOM_101095,Grinding,PROCESS-GROUND,approved-generated,Pete Steward,2026-08-05,data/livestock-staging/approved_ingredient_harmonization_rules.csv,Generated from approved rule under recorded guard; legacy material identity preserved.
AOM_002029,aom:processingMethod,AOM_101095,Grinding,PROCESS-GROUND,approved-generated,Pete Steward,2026-08-05,data/livestock-staging/approved_ingredient_harmonization_rules.csv,Generated from approved rule under recorded guard; legacy material identity preserved.
AOM_002030,aom:processingMethod,AOM_101071,Drying,PROCESS-DRIED,approved-generated,Pete Steward,2026-08-05,data/livestock-staging/approved_ingredient_harmonization_rules.csv,Generated from approved rule under recorded guard; legacy material identity preserved.
AOM_002030,aom:processingMethod,AOM_101095,Grinding,PROCESS-GROUND,approved-generated,Pete Steward,2026-08-05,data/livestock-staging/approved_ingredient_harmonization_rules.csv,Generated from approved rule under recorded guard; legacy material identity preserved.
AOM_002031,aom:processingMethod,AOM_101071,Drying,PROCESS-DRIED,approved-generated,Pete Steward,2026-08-05,data/livestock-staging/approved_ingredient_harmonization_rules.csv,Generated from approved rule under recorded guard; legacy material identity preserved.
AOM_002031,aom:processingMethod,AOM_101095,Grinding,PROCESS-GROUND,approved-generated,Pete Steward,2026-08-05,data/livestock-staging/approved_ingredient_harmonization_rules.csv,Generated from approved rule under recorded guard; legacy material identity preserved.
AOM_002031,aom:processingMethod,AOM_101096,Heating,PROCESS-HEATED,approved-generated,Pete Steward,2026-08-05,data/livestock-staging/approved_ingredient_harmonization_rules.csv,Generated from approved rule under recorded guard; legacy material identity preserved.
AOM_002032,aom:processingMethod,AOM_101071,Drying,PROCESS-DRIED,approved-generated,Pete Steward,2026-08-05,data/livestock-staging/approved_ingredient_harmonization_rules.csv,Generated from approved rule under recorded guard; legacy material identity preserved.
AOM_002032,aom:processingMethod,AOM_101095,Grinding,PROCESS-GROUND,approved-generated,Pete Steward,2026-08-05,data/livestock-staging/approved_ingredient_harmonization_rules.csv,Generated from approved rule under recorded guard; legacy material identity preserved.
AOM_002033,aom:processingMethod,AOM_101095,Grinding,PROCESS-GROUND,approved-generated,Pete Steward,2026-08-05,data/livestock-staging/approved_ingredient_harmonization_rules.csv,Generated from approved rule under recorded guard; legacy material identity preserved.
AOM_002034,aom:ingredientPart,AOM_101043,Tuber,COMPONENT-TUBER,approved-generated,Pete Steward,2026-08-05,data/livestock-staging/approved_ingredient_harmonization_rules.csv,Generated from approved rule under recorded guard; legacy material identity preserved.
AOM_002034,aom:processingMethod,AOM_101071,Drying,PROCESS-DRIED,approved-generated,Pete Steward,2026-08-05,data/livestock-staging/approved_ingredient_harmonization_rules.csv,Generated from approved rule under recorded guard; legacy material identity preserved.
AOM_002034,aom:processingMethod,AOM_101094,Fermentation,PROCESS-FERMENTED,approved-generated,Pete Steward,2026-08-05,data/livestock-staging/approved_ingredient_harmonization_rules.csv,Generated from approved rule under recorded guard; legacy material identity preserved.
AOM_002035,aom:ingredientPart,AOM_101043,Tuber,COMPONENT-TUBER,approved-generated,Pete Steward,2026-08-05,data/livestock-staging/approved_ingredient_harmonization_rules.csv,Generated from approved rule under recorded guard; legacy material identity preserved.
AOM_002035,aom:processingMethod,AOM_101071,Drying,PROCESS-DRIED,approved-generated,Pete Steward,2026-08-05,data/livestock-staging/approved_ingredient_harmonization_rules.csv,Generated from approved rule under recorded guard; legacy material identity preserved.
AOM_002035,aom:processingMethod,AOM_101089,Boiling,PROCESS-BOILED,approved-generated,Pete Steward,2026-08-05,data/livestock-staging/approved_ingredient_harmonization_rules.csv,Generated from approved rule under recorded guard; legacy material identity preserved.
AOM_002035,aom:processingMethod,AOM_101095,Grinding,PROCESS-GROUND,approved-generated,Pete Steward,2026-08-05,data/livestock-staging/approved_ingredient_harmonization_rules.csv,Generated from approved rule under recorded guard; legacy material identity preserved.
AOM_002036,aom:ingredientPart,AOM_101033,Leaf,COMPONENT-LEAF,approved-generated,Pete Steward,2026-08-05,data/livestock-staging/approved_ingredient_harmonization_rules.csv,Generated from approved rule under recorded guard; legacy material identity preserved.
AOM_002036,aom:processingMethod,AOM_101071,Drying,PROCESS-DRIED,approved-generated,Pete Steward,2026-08-05,data/livestock-staging/approved_ingredient_harmonization_rules.csv,Generated from approved rule under recorded guard; legacy material identity preserved.
AOM_002036,aom:processingMethod,AOM_101095,Grinding,PROCESS-GROUND,approved-generated,Pete Steward,2026-08-05,data/livestock-staging/approved_ingredient_harmonization_rules.csv,Generated from approved rule under recorded guard; legacy material identity preserved.
AOM_002037,aom:processingMethod,AOM_101071,Drying,PROCESS-DRIED,approved-generated,Pete Steward,2026-08-05,data/livestock-staging/approved_ingredient_harmonization_rules.csv,Generated from approved rule under recorded guard; legacy material identity preserved.
AOM_002039,aom:ingredientPart,AOM_101104,Bran,COMPONENT-BRAN,approved-generated,Pete Steward,2026-08-05,data/livestock-staging/approved_ingredient_harmonization_rules.csv,Generated from approved rule under recorded guard; legacy material identity preserved.
AOM_002040,aom:ingredientPart,AOM_101033,Leaf,COMPONENT-LEAF,approved-generated,Pete Steward,2026-08-05,data/livestock-staging/approved_ingredient_harmonization_rules.csv,Generated from approved rule under recorded guard; legacy material identity preserved.
AOM_002041,aom:ingredientPart,AOM_101035,Pod,COMPONENT-POD,approved-generated,Pete Steward,2026-08-05,data/livestock-staging/approved_ingredient_harmonization_rules.csv,Generated from approved rule under recorded guard; legacy material identity preserved.
AOM_002042,aom:ingredientPart,AOM_101035,Pod,COMPONENT-POD,approved-generated,Pete Steward,2026-08-05,data/livestock-staging/approved_ingredient_harmonization_rules.csv,Generated from approved rule under recorded guard; legacy material identity preserved.
AOM_002042,aom:processingMethod,AOM_101071,Drying,PROCESS-DRIED,approved-generated,Pete Steward,2026-08-05,data/livestock-staging/approved_ingredient_harmonization_rules.csv,Generated from approved rule under recorded guard; legacy material identity preserved.
AOM_002043,aom:ingredientPart,AOM_101035,Pod,COMPONENT-POD,approved-generated,Pete Steward,2026-08-05,data/livestock-staging/approved_ingredient_harmonization_rules.csv,Generated from approved rule under recorded guard; legacy material identity preserved.
AOM_002043,aom:processingMethod,AOM_101071,Drying,PROCESS-DRIED,approved-generated,Pete Steward,2026-08-05,data/livestock-staging/approved_ingredient_harmonization_rules.csv,Generated from approved rule under recorded guard; legacy material identity preserved.
AOM_002043,aom:processingMethod,AOM_101095,Grinding,PROCESS-GROUND,approved-generated,Pete Steward,2026-08-05,data/livestock-staging/approved_ingredient_harmonization_rules.csv,Generated from approved rule under recorded guard; legacy material identity preserved.
AOM_002044,aom:ingredientPart,AOM_101033,Leaf,COMPONENT-LEAF,approved-generated,Pete Steward,2026-08-05,data/livestock-staging/approved_ingredient_harmonization_rules.csv,Generated from approved rule under recorded guard; legacy material identity preserved.
AOM_002044,aom:processingMethod,AOM_101071,Drying,PROCESS-DRIED,approved-generated,Pete Steward,2026-08-05,data/livestock-staging/approved_ingredient_harmonization_rules.csv,Generated from approved rule under recorded guard; legacy material identity preserved.
AOM_002044,aom:processingMethod,AOM_101095,Grinding,PROCESS-GROUND,approved-generated,Pete Steward,2026-08-05,data/livestock-staging/approved_ingredient_harmonization_rules.csv,Generated from approved rule under recorded guard; legacy material identity preserved.
AOM_002046,aom:processingMethod,AOM_101071,Drying,PROCESS-DRIED,approved-generated,Pete Steward,2026-08-05,data/livestock-staging/approved_ingredient_harmonization_rules.csv,Generated from approved rule under recorded guard; legacy material identity preserved.
AOM_002047,aom:processingMethod,AOM_101071,Drying,PROCESS-DRIED,approved-generated,Pete Steward,2026-08-05,data/livestock-staging/approved_ingredient_harmonization_rules.csv,Generated from approved rule under recorded guard; legacy material identity preserved.
AOM_002047,aom:processingMethod,AOM_101095,Grinding,PROCESS-GROUND,approved-generated,Pete Steward,2026-08-05,data/livestock-staging/approved_ingredient_harmonization_rules.csv,Generated from approved rule under recorded guard; legacy material identity preserved.
AOM_002048,aom:ingredientPart,AOM_101033,Leaf,COMPONENT-LEAF,approved-generated,Pete Steward,2026-08-05,data/livestock-staging/approved_ingredient_harmonization_rules.csv,Generated from approved rule under recorded guard; legacy material identity preserved.
AOM_002048,aom:processingMethod,AOM_000831,Ensiling,PROCESS-ENSILED,approved-generated,Pete Steward,2026-08-05,data/livestock-staging/approved_ingredient_harmonization_rules.csv,Generated from approved rule under recorded guard; legacy material identity preserved.
AOM_002048,aom:processingMethod,AOM_101071,Drying,PROCESS-DRIED,approved-generated,Pete Steward,2026-08-05,data/livestock-staging/approved_ingredient_harmonization_rules.csv,Generated from approved rule under recorded guard; legacy material identity preserved.
AOM_002049,aom:ingredientPart,AOM_101035,Pod,COMPONENT-POD,approved-generated,Pete Steward,2026-08-05,data/livestock-staging/approved_ingredient_harmonization_rules.csv,Generated from approved rule under recorded guard; legacy material identity preserved.
AOM_002050,aom:ingredientPart,AOM_101035,Pod,COMPONENT-POD,approved-generated,Pete Steward,2026-08-05,data/livestock-staging/approved_ingredient_harmonization_rules.csv,Generated from approved rule under recorded guard; legacy material identity preserved.
AOM_002050,aom:processingMethod,AOM_101095,Grinding,PROCESS-GROUND,approved-generated,Pete Steward,2026-08-05,data/livestock-staging/approved_ingredient_harmonization_rules.csv,Generated from approved rule under recorded guard; legacy material identity preserved.
AOM_002051,aom:ingredientPart,AOM_101035,Pod,COMPONENT-POD,approved-generated,Pete Steward,2026-08-05,data/livestock-staging/approved_ingredient_harmonization_rules.csv,Generated from approved rule under recorded guard; legacy material identity preserved.
AOM_002051,aom:processingMethod,AOM_101071,Drying,PROCESS-DRIED,approved-generated,Pete Steward,2026-08-05,data/livestock-staging/approved_ingredient_harmonization_rules.csv,Generated from approved rule under recorded guard; legacy material identity preserved.
AOM_002051,aom:processingMethod,AOM_101095,Grinding,PROCESS-GROUND,approved-generated,Pete Steward,2026-08-05,data/livestock-staging/approved_ingredient_harmonization_rules.csv,Generated from approved rule under recorded guard; legacy material identity preserved.
AOM_002051,aom:processingMethod,AOM_101099,Soaking,PROCESS-SOAKED,approved-generated,Pete Steward,2026-08-05,data/livestock-staging/approved_ingredient_harmonization_rules.csv,Generated from approved rule under recorded guard; legacy material identity preserved.
AOM_002053,aom:ingredientPart,AOM_101033,Leaf,COMPONENT-LEAF,approved-generated,Pete Steward,2026-08-05,data/livestock-staging/approved_ingredient_harmonization_rules.csv,Generated from approved rule under recorded guard; legacy material identity preserved.
AOM_002055,aom:processingMethod,AOM_101071,Drying,PROCESS-DRIED,approved-generated,Pete Steward,2026-08-05,data/livestock-staging/approved_ingredient_harmonization_rules.csv,Generated from approved rule under recorded guard; legacy material identity preserved.
AOM_002055,aom:processingMethod,AOM_101095,Grinding,PROCESS-GROUND,approved-generated,Pete Steward,2026-08-05,data/livestock-staging/approved_ingredient_harmonization_rules.csv,Generated from approved rule under recorded guard; legacy material identity preserved.
AOM_002056,aom:processingMethod,AOM_101095,Grinding,PROCESS-GROUND,approved-generated,Pete Steward,2026-08-05,data/livestock-staging/approved_ingredient_harmonization_rules.csv,Generated from approved rule under recorded guard; legacy material identity preserved.
AOM_002057,aom:processingMethod,AOM_101071,Drying,PROCESS-DRIED,approved-generated,Pete Steward,2026-08-05,data/livestock-staging/approved_ingredient_harmonization_rules.csv,Generated from approved rule under recorded guard; legacy material identity preserved.
AOM_002057,aom:processingMethod,AOM_101095,Grinding,PROCESS-GROUND,approved-generated,Pete Steward,2026-08-05,data/livestock-staging/approved_ingredient_harmonization_rules.csv,Generated from approved rule under recorded guard; legacy material identity preserved.
AOM_002062,aom:processingMethod,AOM_101071,Drying,PROCESS-DRIED,approved-generated,Pete Steward,2026-08-05,data/livestock-staging/approved_ingredient_harmonization_rules.csv,Generated from approved rule under recorded guard; legacy material identity preserved.
AOM_002064,aom:ingredientPart,AOM_101033,Leaf,COMPONENT-LEAF,approved-generated,Pete Steward,2026-08-05,data/livestock-staging/approved_ingredient_harmonization_rules.csv,Generated from approved rule under recorded guard; legacy material identity preserved.
AOM_002065,aom:ingredientPart,AOM_101033,Leaf,COMPONENT-LEAF,approved-generated,Pete Steward,2026-08-05,data/livestock-staging/approved_ingredient_harmonization_rules.csv,Generated from approved rule under recorded guard; legacy material identity preserved.
AOM_002065,aom:processingMethod,AOM_101095,Grinding,PROCESS-GROUND,approved-generated,Pete Steward,2026-08-05,data/livestock-staging/approved_ingredient_harmonization_rules.csv,Generated from approved rule under recorded guard; legacy material identity preserved.
AOM_002066,aom:processingMethod,AOM_101071,Drying,PROCESS-DRIED,approved-generated,Pete Steward,2026-08-05,data/livestock-staging/approved_ingredient_harmonization_rules.csv,Generated from approved rule under recorded guard; legacy material identity preserved.
AOM_002066,aom:processingMethod,AOM_101095,Grinding,PROCESS-GROUND,approved-generated,Pete Steward,2026-08-05,data/livestock-staging/approved_ingredient_harmonization_rules.csv,Generated from approved rule under recorded guard; legacy material identity preserved.
AOM_002067,aom:processingMethod,AOM_101071,Drying,PROCESS-DRIED,approved-generated,Pete Steward,2026-08-05,data/livestock-staging/approved_ingredient_harmonization_rules.csv,Generated from approved rule under recorded guard; legacy material identity preserved.
AOM_002070,aom:processingMethod,AOM_101095,Grinding,PROCESS-GROUND,approved-generated,Pete Steward,2026-08-05,data/livestock-staging/approved_ingredient_harmonization_rules.csv,Generated from approved rule under recorded guard; legacy material identity preserved.
AOM_002071,aom:processingMethod,AOM_101071,Drying,PROCESS-DRIED,approved-generated,Pete Steward,2026-08-05,data/livestock-staging/approved_ingredient_harmonization_rules.csv,Generated from approved rule under recorded guard; legacy material identity preserved.
AOM_002071,aom:processingMethod,AOM_101095,Grinding,PROCESS-GROUND,approved-generated,Pete Steward,2026-08-05,data/livestock-staging/approved_ingredient_harmonization_rules.csv,Generated from approved rule under recorded guard; legacy material identity preserved.
AOM_002071,aom:processingMethod,AOM_101096,Heating,PROCESS-HEATED,approved-generated,Pete Steward,2026-08-05,data/livestock-staging/approved_ingredient_harmonization_rules.csv,Generated from approved rule under recorded guard; legacy material identity preserved.
AOM_002072,aom:processingMethod,AOM_101095,Grinding,PROCESS-GROUND,approved-generated,Pete Steward,2026-08-05,data/livestock-staging/approved_ingredient_harmonization_rules.csv,Generated from approved rule under recorded guard; legacy material identity preserved.
AOM_002074,aom:processingMethod,AOM_101095,Grinding,PROCESS-GROUND,approved-generated,Pete Steward,2026-08-05,data/livestock-staging/approved_ingredient_harmonization_rules.csv,Generated from approved rule under recorded guard; legacy material identity preserved.
AOM_002077,aom:physicalForm,AOM_101051,Powder form,FORM-POWDER,approved-generated,Pete Steward,2026-08-05,data/livestock-staging/approved_ingredient_harmonization_rules.csv,Generated from approved rule under recorded guard; legacy material identity preserved.
AOM_002079,aom:processingMethod,AOM_101071,Drying,PROCESS-DRIED,approved-generated,Pete Steward,2026-08-05,data/livestock-staging/approved_ingredient_harmonization_rules.csv,Generated from approved rule under recorded guard; legacy material identity preserved.
AOM_002079,aom:processingMethod,AOM_101089,Boiling,PROCESS-BOILED,approved-generated,Pete Steward,2026-08-05,data/livestock-staging/approved_ingredient_harmonization_rules.csv,Generated from approved rule under recorded guard; legacy material identity preserved.
AOM_002079,aom:processingMethod,AOM_101095,Grinding,PROCESS-GROUND,approved-generated,Pete Steward,2026-08-05,data/livestock-staging/approved_ingredient_harmonization_rules.csv,Generated from approved rule under recorded guard; legacy material identity preserved.
AOM_002083,aom:ingredientPart,AOM_101026,Cob,COMPONENT-COB,approved-generated,Pete Steward,2026-08-05,data/livestock-staging/approved_ingredient_harmonization_rules.csv,Generated from approved rule under recorded guard; legacy material identity preserved.
AOM_002083,aom:processingMethod,AOM_000831,Ensiling,PROCESS-ENSILED,approved-generated,Pete Steward,2026-08-05,data/livestock-staging/approved_ingredient_harmonization_rules.csv,Generated from approved rule under recorded guard; legacy material identity preserved.
AOM_002083,aom:processingMethod,AOM_101101,Urea treatment,PROCESS-UREA_TREATED,approved-generated,Pete Steward,2026-08-05,data/livestock-staging/approved_ingredient_harmonization_rules.csv,Generated from approved rule under recorded guard; legacy material identity preserved.
AOM_002084,aom:ingredientPart,AOM_101106,Straw,COMPONENT-STRAW,approved-generated,Pete Steward,2026-08-05,data/livestock-staging/approved_ingredient_harmonization_rules.csv,Generated from approved rule under recorded guard; legacy material identity preserved.
AOM_002086,aom:processingMethod,AOM_101071,Drying,PROCESS-DRIED,approved-generated,Pete Steward,2026-08-05,data/livestock-staging/approved_ingredient_harmonization_rules.csv,Generated from approved rule under recorded guard; legacy material identity preserved.
AOM_002086,aom:processingMethod,AOM_101095,Grinding,PROCESS-GROUND,approved-generated,Pete Steward,2026-08-05,data/livestock-staging/approved_ingredient_harmonization_rules.csv,Generated from approved rule under recorded guard; legacy material identity preserved.
AOM_002087,aom:ingredientPart,AOM_101035,Pod,COMPONENT-POD,approved-generated,Pete Steward,2026-08-05,data/livestock-staging/approved_ingredient_harmonization_rules.csv,Generated from approved rule under recorded guard; legacy material identity preserved.
AOM_002087,aom:processingMethod,AOM_101095,Grinding,PROCESS-GROUND,approved-generated,Pete Steward,2026-08-05,data/livestock-staging/approved_ingredient_harmonization_rules.csv,Generated from approved rule under recorded guard; legacy material identity preserved.
AOM_002088,aom:ingredientPart,AOM_101035,Pod,COMPONENT-POD,approved-generated,Pete Steward,2026-08-05,data/livestock-staging/approved_ingredient_harmonization_rules.csv,Generated from approved rule under recorded guard; legacy material identity preserved.
AOM_002089,aom:ingredientPart,AOM_101035,Pod,COMPONENT-POD,approved-generated,Pete Steward,2026-08-05,data/livestock-staging/approved_ingredient_harmonization_rules.csv,Generated from approved rule under recorded guard; legacy material identity preserved.
AOM_002089,aom:processingMethod,AOM_101071,Drying,PROCESS-DRIED,approved-generated,Pete Steward,2026-08-05,data/livestock-staging/approved_ingredient_harmonization_rules.csv,Generated from approved rule under recorded guard; legacy material identity preserved.
AOM_002090,aom:ingredientPart,AOM_101033,Leaf,COMPONENT-LEAF,approved-generated,Pete Steward,2026-08-05,data/livestock-staging/approved_ingredient_harmonization_rules.csv,Generated from approved rule under recorded guard; legacy material identity preserved.
AOM_002092,aom:ingredientPart,AOM_101033,Leaf,COMPONENT-LEAF,approved-generated,Pete Steward,2026-08-05,data/livestock-staging/approved_ingredient_harmonization_rules.csv,Generated from approved rule under recorded guard; legacy material identity preserved.
AOM_002093,aom:ingredientPart,AOM_101033,Leaf,COMPONENT-LEAF,approved-generated,Pete Steward,2026-08-05,data/livestock-staging/approved_ingredient_harmonization_rules.csv,Generated from approved rule under recorded guard; legacy material identity preserved.
AOM_002093,aom:processingMethod,AOM_101071,Drying,PROCESS-DRIED,approved-generated,Pete Steward,2026-08-05,data/livestock-staging/approved_ingredient_harmonization_rules.csv,Generated from approved rule under recorded guard; legacy material identity preserved.
AOM_002093,aom:processingMethod,AOM_101095,Grinding,PROCESS-GROUND,approved-generated,Pete Steward,2026-08-05,data/livestock-staging/approved_ingredient_harmonization_rules.csv,Generated from approved rule under recorded guard; legacy material identity preserved.
AOM_002100,aom:ingredientPart,AOM_101033,Leaf,COMPONENT-LEAF,approved-generated,Pete Steward,2026-08-05,data/livestock-staging/approved_ingredient_harmonization_rules.csv,Generated from approved rule under recorded guard; legacy material identity preserved.
AOM_002103,aom:processingMethod,AOM_101095,Grinding,PROCESS-GROUND,approved-generated,Pete Steward,2026-08-05,data/livestock-staging/approved_ingredient_harmonization_rules.csv,Generated from approved rule under recorded guard; legacy material identity preserved.
AOM_002104,aom:ingredientPart,AOM_101032,Kernel,COMPONENT-KERNEL,approved-generated,Pete Steward,2026-08-05,data/livestock-staging/approved_ingredient_harmonization_rules.csv,Generated from approved rule under recorded guard; legacy material identity preserved.
AOM_002104,aom:processingMethod,AOM_101095,Grinding,PROCESS-GROUND,approved-generated,Pete Steward,2026-08-05,data/livestock-staging/approved_ingredient_harmonization_rules.csv,Generated from approved rule under recorded guard; legacy material identity preserved.
AOM_002105,aom:ingredientPart,AOM_101032,Kernel,COMPONENT-KERNEL,approved-generated,Pete Steward,2026-08-05,data/livestock-staging/approved_ingredient_harmonization_rules.csv,Generated from approved rule under recorded guard; legacy material identity preserved.
AOM_002105,aom:processingMethod,AOM_101071,Drying,PROCESS-DRIED,approved-generated,Pete Steward,2026-08-05,data/livestock-staging/approved_ingredient_harmonization_rules.csv,Generated from approved rule under recorded guard; legacy material identity preserved.
AOM_002105,aom:processingMethod,AOM_101094,Fermentation,PROCESS-FERMENTED,approved-generated,Pete Steward,2026-08-05,data/livestock-staging/approved_ingredient_harmonization_rules.csv,Generated from approved rule under recorded guard; legacy material identity preserved.
AOM_002105,aom:processingMethod,AOM_101095,Grinding,PROCESS-GROUND,approved-generated,Pete Steward,2026-08-05,data/livestock-staging/approved_ingredient_harmonization_rules.csv,Generated from approved rule under recorded guard; legacy material identity preserved.
AOM_002108,aom:processingMethod,AOM_101090,Cracking,PROCESS-CRACKED,approved-generated,Pete Steward,2026-08-05,data/livestock-staging/approved_ingredient_harmonization_rules.csv,Generated from approved rule under recorded guard; legacy material identity preserved.
AOM_002112,aom:ingredientPart,AOM_101034,Peel,COMPONENT-PEEL,approved-generated,Pete Steward,2026-08-05,data/livestock-staging/approved_ingredient_harmonization_rules.csv,Generated from approved rule under recorded guard; legacy material identity preserved.
AOM_002114,aom:ingredientPart,AOM_101104,Bran,COMPONENT-BRAN,approved-generated,Pete Steward,2026-08-05,data/livestock-staging/approved_ingredient_harmonization_rules.csv,Generated from approved rule under recorded guard; legacy material identity preserved.
AOM_002116,aom:ingredientPart,AOM_101074,Grain,COMPONENT-GRAIN,approved-generated,Pete Steward,2026-08-05,data/livestock-staging/approved_ingredient_harmonization_rules.csv,Generated from approved rule under recorded guard; legacy material identity preserved.
AOM_002117,aom:ingredientPart,AOM_101106,Straw,COMPONENT-STRAW,approved-generated,Pete Steward,2026-08-05,data/livestock-staging/approved_ingredient_harmonization_rules.csv,Generated from approved rule under recorded guard; legacy material identity preserved.
AOM_002117,aom:processingMethod,AOM_101071,Drying,PROCESS-DRIED,approved-generated,Pete Steward,2026-08-05,data/livestock-staging/approved_ingredient_harmonization_rules.csv,Generated from approved rule under recorded guard; legacy material identity preserved.
AOM_002117,aom:processingMethod,AOM_101087,Alkali treatment,PROCESS-ALKALI_TREATED,approved-generated,Pete Steward,2026-08-05,data/livestock-staging/approved_ingredient_harmonization_rules.csv,Generated from approved rule under recorded guard; legacy material identity preserved.
AOM_002118,aom:processingMethod,AOM_000831,Ensiling,PROCESS-ENSILED,approved-generated,Pete Steward,2026-08-05,data/livestock-staging/approved_ingredient_harmonization_rules.csv,Generated from approved rule under recorded guard; legacy material identity preserved.
AOM_002119,aom:processingMethod,AOM_101091,Crushing,PROCESS-CRUSHED,approved-generated,Pete Steward,2026-08-05,data/livestock-staging/approved_ingredient_harmonization_rules.csv,Generated from approved rule under recorded guard; legacy material identity preserved.
AOM_002121,aom:processingMethod,AOM_101069,Defatting,PROCESS-DEFATTED,approved-generated,Pete Steward,2026-08-05,data/livestock-staging/approved_ingredient_harmonization_rules.csv,Generated from approved rule under recorded guard; legacy material identity preserved.
AOM_002121,aom:processingMethod,AOM_101091,Crushing,PROCESS-CRUSHED,approved-generated,Pete Steward,2026-08-05,data/livestock-staging/approved_ingredient_harmonization_rules.csv,Generated from approved rule under recorded guard; legacy material identity preserved.
AOM_002121,aom:processingMethod,AOM_101096,Heating,PROCESS-HEATED,approved-generated,Pete Steward,2026-08-05,data/livestock-staging/approved_ingredient_harmonization_rules.csv,Generated from approved rule under recorded guard; legacy material identity preserved.
AOM_002122,aom:processingMethod,AOM_101069,Defatting,PROCESS-DEFATTED,approved-generated,Pete Steward,2026-08-05,data/livestock-staging/approved_ingredient_harmonization_rules.csv,Generated from approved rule under recorded guard; legacy material identity preserved.
AOM_002122,aom:processingMethod,AOM_101071,Drying,PROCESS-DRIED,approved-generated,Pete Steward,2026-08-05,data/livestock-staging/approved_ingredient_harmonization_rules.csv,Generated from approved rule under recorded guard; legacy material identity preserved.
AOM_002122,aom:processingMethod,AOM_101091,Crushing,PROCESS-CRUSHED,approved-generated,Pete Steward,2026-08-05,data/livestock-staging/approved_ingredient_harmonization_rules.csv,Generated from approved rule under recorded guard; legacy material identity preserved.
AOM_002122,aom:processingMethod,AOM_101093,Extrusion,PROCESS-EXTRUDED,approved-generated,Pete Steward,2026-08-05,data/livestock-staging/approved_ingredient_harmonization_rules.csv,Generated from approved rule under recorded guard; legacy material identity preserved.
AOM_002122,aom:processingMethod,AOM_101095,Grinding,PROCESS-GROUND,approved-generated,Pete Steward,2026-08-05,data/livestock-staging/approved_ingredient_harmonization_rules.csv,Generated from approved rule under recorded guard; legacy material identity preserved.
AOM_002122,aom:processingMethod,AOM_101096,Heating,PROCESS-HEATED,approved-generated,Pete Steward,2026-08-05,data/livestock-staging/approved_ingredient_harmonization_rules.csv,Generated from approved rule under recorded guard; legacy material identity preserved.
AOM_002123,aom:processingMethod,AOM_101071,Drying,PROCESS-DRIED,approved-generated,Pete Steward,2026-08-05,data/livestock-staging/approved_ingredient_harmonization_rules.csv,Generated from approved rule under recorded guard; legacy material identity preserved.
AOM_002124,aom:processingMethod,AOM_101091,Crushing,PROCESS-CRUSHED,approved-generated,Pete Steward,2026-08-05,data/livestock-staging/approved_ingredient_harmonization_rules.csv,Generated from approved rule under recorded guard; legacy material identity preserved.
AOM_002125,aom:ingredientPart,AOM_101074,Grain,COMPONENT-GRAIN,approved-generated,Pete Steward,2026-08-05,data/livestock-staging/approved_ingredient_harmonization_rules.csv,Generated from approved rule under recorded guard; legacy material identity preserved.
AOM_002125,aom:processingMethod,AOM_101071,Drying,PROCESS-DRIED,approved-generated,Pete Steward,2026-08-05,data/livestock-staging/approved_ingredient_harmonization_rules.csv,Generated from approved rule under recorded guard; legacy material identity preserved.
AOM_002125,aom:processingMethod,AOM_101099,Soaking,PROCESS-SOAKED,approved-generated,Pete Steward,2026-08-05,data/livestock-staging/approved_ingredient_harmonization_rules.csv,Generated from approved rule under recorded guard; legacy material identity preserved.
AOM_002126,aom:ingredientPart,AOM_101074,Grain,COMPONENT-GRAIN,approved-generated,Pete Steward,2026-08-05,data/livestock-staging/approved_ingredient_harmonization_rules.csv,Generated from approved rule under recorded guard; legacy material identity preserved.
AOM_002126,aom:processingMethod,AOM_101071,Drying,PROCESS-DRIED,approved-generated,Pete Steward,2026-08-05,data/livestock-staging/approved_ingredient_harmonization_rules.csv,Generated from approved rule under recorded guard; legacy material identity preserved.
AOM_002126,aom:processingMethod,AOM_101099,Soaking,PROCESS-SOAKED,approved-generated,Pete Steward,2026-08-05,data/livestock-staging/approved_ingredient_harmonization_rules.csv,Generated from approved rule under recorded guard; legacy material identity preserved.
AOM_002128,aom:ingredientPart,AOM_101038,Seed,COMPONENT-SEED,approved-generated,Pete Steward,2026-08-05,data/livestock-staging/approved_ingredient_harmonization_rules.csv,Generated from approved rule under recorded guard; legacy material identity preserved.
AOM_002128,aom:processingMethod,AOM_101071,Drying,PROCESS-DRIED,approved-generated,Pete Steward,2026-08-05,data/livestock-staging/approved_ingredient_harmonization_rules.csv,Generated from approved rule under recorded guard; legacy material identity preserved.
AOM_002128,aom:processingMethod,AOM_101095,Grinding,PROCESS-GROUND,approved-generated,Pete Steward,2026-08-05,data/livestock-staging/approved_ingredient_harmonization_rules.csv,Generated from approved rule under recorded guard; legacy material identity preserved.
AOM_002128,aom:processingMethod,AOM_101099,Soaking,PROCESS-SOAKED,approved-generated,Pete Steward,2026-08-05,data/livestock-staging/approved_ingredient_harmonization_rules.csv,Generated from approved rule under recorded guard; legacy material identity preserved.
AOM_002129,aom:processingMethod,AOM_101095,Grinding,PROCESS-GROUND,approved-generated,Pete Steward,2026-08-05,data/livestock-staging/approved_ingredient_harmonization_rules.csv,Generated from approved rule under recorded guard; legacy material identity preserved.
AOM_002130,aom:processingMethod,AOM_101095,Grinding,PROCESS-GROUND,approved-generated,Pete Steward,2026-08-05,data/livestock-staging/approved_ingredient_harmonization_rules.csv,Generated from approved rule under recorded guard; legacy material identity preserved.
AOM_002131,aom:processingMethod,AOM_101071,Drying,PROCESS-DRIED,approved-generated,Pete Steward,2026-08-05,data/livestock-staging/approved_ingredient_harmonization_rules.csv,Generated from approved rule under recorded guard; legacy material identity preserved.
AOM_002131,aom:processingMethod,AOM_101094,Fermentation,PROCESS-FERMENTED,approved-generated,Pete Steward,2026-08-05,data/livestock-staging/approved_ingredient_harmonization_rules.csv,Generated from approved rule under recorded guard; legacy material identity preserved.
AOM_002131,aom:processingMethod,AOM_101095,Grinding,PROCESS-GROUND,approved-generated,Pete Steward,2026-08-05,data/livestock-staging/approved_ingredient_harmonization_rules.csv,Generated from approved rule under recorded guard; legacy material identity preserved.
AOM_002133,aom:processingMethod,AOM_101069,Defatting,PROCESS-DEFATTED,approved-generated,Pete Steward,2026-08-05,data/livestock-staging/approved_ingredient_harmonization_rules.csv,Generated from approved rule under recorded guard; legacy material identity preserved.
AOM_002133,aom:processingMethod,AOM_101095,Grinding,PROCESS-GROUND,approved-generated,Pete Steward,2026-08-05,data/livestock-staging/approved_ingredient_harmonization_rules.csv,Generated from approved rule under recorded guard; legacy material identity preserved.
AOM_002134,aom:processingMethod,AOM_101095,Grinding,PROCESS-GROUND,approved-generated,Pete Steward,2026-08-05,data/livestock-staging/approved_ingredient_harmonization_rules.csv,Generated from approved rule under recorded guard; legacy material identity preserved.
AOM_002151,aom:ingredientPart,AOM_101035,Pod,COMPONENT-POD,approved-generated,Pete Steward,2026-08-05,data/livestock-staging/approved_ingredient_harmonization_rules.csv,Generated from approved rule under recorded guard; legacy material identity preserved.
AOM_002168,aom:ingredientPart,AOM_101033,Leaf,COMPONENT-LEAF,approved-generated,Pete Steward,2026-08-05,data/livestock-staging/approved_ingredient_harmonization_rules.csv,Generated from approved rule under recorded guard; legacy material identity preserved.
AOM_002169,aom:ingredientPart,AOM_101033,Leaf,COMPONENT-LEAF,approved-generated,Pete Steward,2026-08-05,data/livestock-staging/approved_ingredient_harmonization_rules.csv,Generated from approved rule under recorded guard; legacy material identity preserved.
AOM_002190,aom:ingredientPart,AOM_101033,Leaf,COMPONENT-LEAF,approved-generated,Pete Steward,2026-08-05,data/livestock-staging/approved_ingredient_harmonization_rules.csv,Generated from approved rule under recorded guard; legacy material identity preserved.
AOM_002191,aom:ingredientPart,AOM_101040,Shell,COMPONENT-SHELL,approved-generated,Pete Steward,2026-08-05,data/livestock-staging/approved_ingredient_harmonization_rules.csv,Generated from approved rule under recorded guard; legacy material identity preserved.
AOM_002191,aom:processingMethod,AOM_101095,Grinding,PROCESS-GROUND,approved-generated,Pete Steward,2026-08-05,data/livestock-staging/approved_ingredient_harmonization_rules.csv,Generated from approved rule under recorded guard; legacy material identity preserved.
AOM_002202,aom:ingredientPart,AOM_101033,Leaf,COMPONENT-LEAF,approved-generated,Pete Steward,2026-08-05,data/livestock-staging/approved_ingredient_harmonization_rules.csv,Generated from approved rule under recorded guard; legacy material identity preserved.
AOM_002203,aom:ingredientPart,AOM_101035,Pod,COMPONENT-POD,approved-generated,Pete Steward,2026-08-05,data/livestock-staging/approved_ingredient_harmonization_rules.csv,Generated from approved rule under recorded guard; legacy material identity preserved.
AOM_002207,aom:ingredientPart,AOM_101033,Leaf,COMPONENT-LEAF,approved-generated,Pete Steward,2026-08-05,data/livestock-staging/approved_ingredient_harmonization_rules.csv,Generated from approved rule under recorded guard; legacy material identity preserved.
AOM_002208,aom:ingredientPart,AOM_101038,Seed,COMPONENT-SEED,approved-generated,Pete Steward,2026-08-05,data/livestock-staging/approved_ingredient_harmonization_rules.csv,Generated from approved rule under recorded guard; legacy material identity preserved.
AOM_002209,aom:ingredientPart,AOM_101038,Seed,COMPONENT-SEED,approved-generated,Pete Steward,2026-08-05,data/livestock-staging/approved_ingredient_harmonization_rules.csv,Generated from approved rule under recorded guard; legacy material identity preserved.
AOM_002215,aom:ingredientPart,AOM_101038,Seed,COMPONENT-SEED,approved-generated,Pete Steward,2026-08-05,data/livestock-staging/approved_ingredient_harmonization_rules.csv,Generated from approved rule under recorded guard; legacy material identity preserved.
AOM_002219,aom:processingMethod,AOM_101102,Wilting,PROCESS-WILTED,approved-generated,Pete Steward,2026-08-05,data/livestock-staging/approved_ingredient_harmonization_rules.csv,Generated from approved rule under recorded guard; legacy material identity preserved.
AOM_002225,aom:ingredientPart,AOM_101040,Shell,COMPONENT-SHELL,approved-generated,Pete Steward,2026-08-05,data/livestock-staging/approved_ingredient_harmonization_rules.csv,Generated from approved rule under recorded guard; legacy material identity preserved.
AOM_002231,aom:ingredientPart,AOM_101033,Leaf,COMPONENT-LEAF,approved-generated,Pete Steward,2026-08-05,data/livestock-staging/approved_ingredient_harmonization_rules.csv,Generated from approved rule under recorded guard; legacy material identity preserved.
AOM_002232,aom:ingredientPart,AOM_101033,Leaf,COMPONENT-LEAF,approved-generated,Pete Steward,2026-08-05,data/livestock-staging/approved_ingredient_harmonization_rules.csv,Generated from approved rule under recorded guard; legacy material identity preserved.
AOM_002233,aom:ingredientPart,AOM_101031,Husk,COMPONENT-HUSK,approved-generated,Pete Steward,2026-08-05,data/livestock-staging/approved_ingredient_harmonization_rules.csv,Generated from approved rule under recorded guard; legacy material identity preserved.
AOM_002233,aom:ingredientPart,AOM_101038,Seed,COMPONENT-SEED,approved-generated,Pete Steward,2026-08-05,data/livestock-staging/approved_ingredient_harmonization_rules.csv,Generated from approved rule under recorded guard; legacy material identity preserved.
AOM_002236,aom:ingredientPart,AOM_101033,Leaf,COMPONENT-LEAF,approved-generated,Pete Steward,2026-08-05,data/livestock-staging/approved_ingredient_harmonization_rules.csv,Generated from approved rule under recorded guard; legacy material identity preserved.
AOM_002240,aom:processingMethod,AOM_101095,Grinding,PROCESS-GROUND,approved-generated,Pete Steward,2026-08-05,data/livestock-staging/approved_ingredient_harmonization_rules.csv,Generated from approved rule under recorded guard; legacy material identity preserved.
AOM_002242,aom:processingMethod,AOM_000831,Ensiling,PROCESS-ENSILED,approved-generated,Pete Steward,2026-08-05,data/livestock-staging/approved_ingredient_harmonization_rules.csv,Generated from approved rule under recorded guard; legacy material identity preserved.
AOM_002244,aom:processingMethod,AOM_000831,Ensiling,PROCESS-ENSILED,approved-generated,Pete Steward,2026-08-05,data/livestock-staging/approved_ingredient_harmonization_rules.csv,Generated from approved rule under recorded guard; legacy material identity preserved.
AOM_002245,aom:processingMethod,AOM_000831,Ensiling,PROCESS-ENSILED,approved-generated,Pete Steward,2026-08-05,data/livestock-staging/approved_ingredient_harmonization_rules.csv,Generated from approved rule under recorded guard; legacy material identity preserved.
AOM_002249,aom:ingredientPart,AOM_101040,Shell,COMPONENT-SHELL,approved-generated,Pete Steward,2026-08-05,data/livestock-staging/approved_ingredient_harmonization_rules.csv,Generated from approved rule under recorded guard; legacy material identity preserved.
AOM_002251,aom:ingredientPart,AOM_101033,Leaf,COMPONENT-LEAF,approved-generated,Pete Steward,2026-08-05,data/livestock-staging/approved_ingredient_harmonization_rules.csv,Generated from approved rule under recorded guard; legacy material identity preserved.
AOM_002339,aom:ingredientPart,AOM_101031,Husk,COMPONENT-HUSK,approved-generated,Pete Steward,2026-08-05,data/livestock-staging/approved_ingredient_harmonization_rules.csv,Generated from approved rule under recorded guard; legacy material identity preserved.
AOM_002344,aom:ingredientPart,AOM_101034,Peel,COMPONENT-PEEL,approved-generated,Pete Steward,2026-08-05,data/livestock-staging/approved_ingredient_harmonization_rules.csv,Generated from approved rule under recorded guard; legacy material identity preserved.
AOM_002345,aom:ingredientPart,AOM_101033,Leaf,COMPONENT-LEAF,approved-generated,Pete Steward,2026-08-05,data/livestock-staging/approved_ingredient_harmonization_rules.csv,Generated from approved rule under recorded guard; legacy material identity preserved.
AOM_002346,aom:ingredientPart,AOM_101038,Seed,COMPONENT-SEED,approved-generated,Pete Steward,2026-08-05,data/livestock-staging/approved_ingredient_harmonization_rules.csv,Generated from approved rule under recorded guard; legacy material identity preserved.
AOM_002346,aom:processingMethod,AOM_101095,Grinding,PROCESS-GROUND,approved-generated,Pete Steward,2026-08-05,data/livestock-staging/approved_ingredient_harmonization_rules.csv,Generated from approved rule under recorded guard; legacy material identity preserved.
AOM_002347,aom:ingredientPart,AOM_101033,Leaf,COMPONENT-LEAF,approved-generated,Pete Steward,2026-08-05,data/livestock-staging/approved_ingredient_harmonization_rules.csv,Generated from approved rule under recorded guard; legacy material identity preserved.
AOM_002348,aom:ingredientPart,AOM_101033,Leaf,COMPONENT-LEAF,approved-generated,Pete Steward,2026-08-05,data/livestock-staging/approved_ingredient_harmonization_rules.csv,Generated from approved rule under recorded guard; legacy material identity preserved.
AOM_002353,aom:processingMethod,AOM_101095,Grinding,PROCESS-GROUND,approved-generated,Pete Steward,2026-08-05,data/livestock-staging/approved_ingredient_harmonization_rules.csv,Generated from approved rule under recorded guard; legacy material identity preserved.
AOM_003080,aom:ingredientPart,AOM_101038,Seed,COMPONENT-SEED,approved-generated,Pete Steward,2026-08-05,data/livestock-staging/approved_ingredient_harmonization_rules.csv,Generated from approved rule under recorded guard; legacy material identity preserved.
AOM_003082,aom:ingredientPart,AOM_101033,Leaf,COMPONENT-LEAF,approved-generated,Pete Steward,2026-08-05,data/livestock-staging/approved_ingredient_harmonization_rules.csv,Generated from approved rule under recorded guard; legacy material identity preserved.
AOM_003083,aom:ingredientPart,AOM_101033,Leaf,COMPONENT-LEAF,approved-generated,Pete Steward,2026-08-05,data/livestock-staging/approved_ingredient_harmonization_rules.csv,Generated from approved rule under recorded guard; legacy material identity preserved.
AOM_003102,aom:ingredientPart,AOM_101106,Straw,COMPONENT-STRAW,approved-generated,Pete Steward,2026-08-05,data/livestock-staging/approved_ingredient_harmonization_rules.csv,Generated from approved rule under recorded guard; legacy material identity preserved.
AOM_003106,aom:ingredientPart,AOM_101033,Leaf,COMPONENT-LEAF,approved-generated,Pete Steward,2026-08-05,data/livestock-staging/approved_ingredient_harmonization_rules.csv,Generated from approved rule under recorded guard; legacy material identity preserved.
AOM_003201,aom:physicalForm,AOM_101049,Block form,FORM-BLOCK,approved-generated,Pete Steward,2026-08-05,data/livestock-staging/approved_ingredient_harmonization_rules.csv,Generated from approved rule under recorded guard; legacy material identity preserved.
AOM_003266,aom:ingredientPart,AOM_101037,Root,COMPONENT-ROOT,approved-generated,Pete Steward,2026-08-05,data/livestock-staging/approved_ingredient_harmonization_rules.csv,Generated from approved rule under recorded guard; legacy material identity preserved.
AOM_003275,aom:ingredientPart,AOM_101033,Leaf,COMPONENT-LEAF,approved-generated,Pete Steward,2026-08-05,data/livestock-staging/approved_ingredient_harmonization_rules.csv,Generated from approved rule under recorded guard; legacy material identity preserved.
AOM_003492,aom:ingredientPart,AOM_101033,Leaf,COMPONENT-LEAF,approved-generated,Pete Steward,2026-08-05,data/livestock-staging/approved_ingredient_harmonization_rules.csv,Generated from approved rule under recorded guard; legacy material identity preserved.
AOM_003545,aom:ingredientPart,AOM_101033,Leaf,COMPONENT-LEAF,approved-generated,Pete Steward,2026-08-05,data/livestock-staging/approved_ingredient_harmonization_rules.csv,Generated from approved rule under recorded guard; legacy material identity preserved.
AOM_003549,aom:ingredientPart,AOM_101033,Leaf,COMPONENT-LEAF,approved-generated,Pete Steward,2026-08-05,data/livestock-staging/approved_ingredient_harmonization_rules.csv,Generated from approved rule under recorded guard; legacy material identity preserved.
AOM_003553,aom:ingredientPart,AOM_101033,Leaf,COMPONENT-LEAF,approved-generated,Pete Steward,2026-08-05,data/livestock-staging/approved_ingredient_harmonization_rules.csv,Generated from approved rule under recorded guard; legacy material identity preserved.
AOM_003558,aom:ingredientPart,AOM_101033,Leaf,COMPONENT-LEAF,approved-generated,Pete Steward,2026-08-05,data/livestock-staging/approved_ingredient_harmonization_rules.csv,Generated from approved rule under recorded guard; legacy material identity preserved.
AOM_003565,aom:ingredientPart,AOM_101074,Grain,COMPONENT-GRAIN,approved-generated,Pete Steward,2026-08-05,data/livestock-staging/approved_ingredient_harmonization_rules.csv,Generated from approved rule under recorded guard; legacy material identity preserved.
AOM_003582,aom:ingredientPart,AOM_101033,Leaf,COMPONENT-LEAF,approved-generated,Pete Steward,2026-08-05,data/livestock-staging/approved_ingredient_harmonization_rules.csv,Generated from approved rule under recorded guard; legacy material identity preserved.
AOM_003668,aom:ingredientPart,AOM_101033,Leaf,COMPONENT-LEAF,approved-generated,Pete Steward,2026-08-05,data/livestock-staging/approved_ingredient_harmonization_rules.csv,Generated from approved rule under recorded guard; legacy material identity preserved.
AOM_003683,aom:ingredientPart,AOM_101033,Leaf,COMPONENT-LEAF,approved-generated,Pete Steward,2026-08-05,data/livestock-staging/approved_ingredient_harmonization_rules.csv,Generated from approved rule under recorded guard; legacy material identity preserved.
AOM_003690,aom:processingMethod,AOM_101095,Grinding,PROCESS-GROUND,approved-generated,Pete Steward,2026-08-05,data/livestock-staging/approved_ingredient_harmonization_rules.csv,Generated from approved rule under recorded guard; legacy material identity preserved.
AOM_003691,aom:ingredientPart,AOM_101033,Leaf,COMPONENT-LEAF,approved-generated,Pete Steward,2026-08-05,data/livestock-staging/approved_ingredient_harmonization_rules.csv,Generated from approved rule under recorded guard; legacy material identity preserved.
AOM_003692,aom:ingredientPart,AOM_101106,Straw,COMPONENT-STRAW,approved-generated,Pete Steward,2026-08-05,data/livestock-staging/approved_ingredient_harmonization_rules.csv,Generated from approved rule under recorded guard; legacy material identity preserved.
AOM_003692,aom:processingMethod,AOM_101097,Molasses treatment,PROCESS-MOLASSES_TREATED,approved-generated,Pete Steward,2026-08-05,data/livestock-staging/approved_ingredient_harmonization_rules.csv,Generated from approved rule under recorded guard; legacy material identity preserved.
AOM_003703,aom:ingredientPart,AOM_101033,Leaf,COMPONENT-LEAF,approved-generated,Pete Steward,2026-08-05,data/livestock-staging/approved_ingredient_harmonization_rules.csv,Generated from approved rule under recorded guard; legacy material identity preserved.
AOM_003815,aom:processingMethod,AOM_101095,Grinding,PROCESS-GROUND,approved-generated,Pete Steward,2026-08-05,data/livestock-staging/approved_ingredient_harmonization_rules.csv,Generated from approved rule under recorded guard; legacy material identity preserved.
AOM_003853,aom:ingredientPart,AOM_101107,Vine,COMPONENT-VINE,approved-generated,Pete Steward,2026-08-05,data/livestock-staging/approved_ingredient_harmonization_rules.csv,Generated from approved rule under recorded guard; legacy material identity preserved.
AOM_003853,aom:processingMethod,AOM_101071,Drying,PROCESS-DRIED,approved-generated,Pete Steward,2026-08-05,data/livestock-staging/approved_ingredient_harmonization_rules.csv,Generated from approved rule under recorded guard; legacy material identity preserved.
AOM_003870,aom:physicalForm,AOM_101108,Pellet form,FORM-PELLET,approved-generated,Pete Steward,2026-08-05,data/livestock-staging/approved_ingredient_harmonization_rules.csv,Generated from approved rule under recorded guard; legacy material identity preserved.
AOM_003890,aom:ingredientPart,AOM_101038,Seed,COMPONENT-SEED,approved-generated,Pete Steward,2026-08-05,data/livestock-staging/approved_ingredient_harmonization_rules.csv,Generated from approved rule under recorded guard; legacy material identity preserved.
AOM_003894,aom:processingMethod,AOM_101095,Grinding,PROCESS-GROUND,approved-generated,Pete Steward,2026-08-05,data/livestock-staging/approved_ingredient_harmonization_rules.csv,Generated from approved rule under recorded guard; legacy material identity preserved.
AOM_003895,aom:ingredientPart,AOM_101033,Leaf,COMPONENT-LEAF,approved-generated,Pete Steward,2026-08-05,data/livestock-staging/approved_ingredient_harmonization_rules.csv,Generated from approved rule under recorded guard; legacy material identity preserved.
AOM_003896,aom:ingredientPart,AOM_101033,Leaf,COMPONENT-LEAF,approved-generated,Pete Steward,2026-08-05,data/livestock-staging/approved_ingredient_harmonization_rules.csv,Generated from approved rule under recorded guard; legacy material identity preserved.
AOM_003897,aom:processingMethod,AOM_101095,Grinding,PROCESS-GROUND,approved-generated,Pete Steward,2026-08-05,data/livestock-staging/approved_ingredient_harmonization_rules.csv,Generated from approved rule under recorded guard; legacy material identity preserved.
AOM_003900,aom:ingredientPart,AOM_101033,Leaf,COMPONENT-LEAF,approved-generated,Pete Steward,2026-08-05,data/livestock-staging/approved_ingredient_harmonization_rules.csv,Generated from approved rule under recorded guard; legacy material identity preserved.
AOM_003901,aom:ingredientPart,AOM_101033,Leaf,COMPONENT-LEAF,approved-generated,Pete Steward,2026-08-05,data/livestock-staging/approved_ingredient_harmonization_rules.csv,Generated from approved rule under recorded guard; legacy material identity preserved.
AOM_003902,aom:ingredientPart,AOM_101033,Leaf,COMPONENT-LEAF,approved-generated,Pete Steward,2026-08-05,data/livestock-staging/approved_ingredient_harmonization_rules.csv,Generated from approved rule under recorded guard; legacy material identity preserved.
AOM_003903,aom:ingredientPart,AOM_101033,Leaf,COMPONENT-LEAF,approved-generated,Pete Steward,2026-08-05,data/livestock-staging/approved_ingredient_harmonization_rules.csv,Generated from approved rule under recorded guard; legacy material identity preserved.
AOM_003905,aom:ingredientPart,AOM_101038,Seed,COMPONENT-SEED,approved-generated,Pete Steward,2026-08-05,data/livestock-staging/approved_ingredient_harmonization_rules.csv,Generated from approved rule under recorded guard; legacy material identity preserved.
AOM_003912,aom:ingredientPart,AOM_101033,Leaf,COMPONENT-LEAF,approved-generated,Pete Steward,2026-08-05,data/livestock-staging/approved_ingredient_harmonization_rules.csv,Generated from approved rule under recorded guard; legacy material identity preserved.
AOM_003913,aom:ingredientPart,AOM_101033,Leaf,COMPONENT-LEAF,approved-generated,Pete Steward,2026-08-05,data/livestock-staging/approved_ingredient_harmonization_rules.csv,Generated from approved rule under recorded guard; legacy material identity preserved.
AOM_003914,aom:ingredientPart,AOM_101033,Leaf,COMPONENT-LEAF,approved-generated,Pete Steward,2026-08-05,data/livestock-staging/approved_ingredient_harmonization_rules.csv,Generated from approved rule under recorded guard; legacy material identity preserved.
AOM_003915,aom:ingredientPart,AOM_101033,Leaf,COMPONENT-LEAF,approved-generated,Pete Steward,2026-08-05,data/livestock-staging/approved_ingredient_harmonization_rules.csv,Generated from approved rule under recorded guard; legacy material identity preserved.
AOM_003918,aom:processingMethod,AOM_101095,Grinding,PROCESS-GROUND,approved-generated,Pete Steward,2026-08-05,data/livestock-staging/approved_ingredient_harmonization_rules.csv,Generated from approved rule under recorded guard; legacy material identity preserved.
AOM_003919,aom:ingredientPart,AOM_101038,Seed,COMPONENT-SEED,approved-generated,Pete Steward,2026-08-05,data/livestock-staging/approved_ingredient_harmonization_rules.csv,Generated from approved rule under recorded guard; legacy material identity preserved.
AOM_003920,aom:ingredientPart,AOM_101038,Seed,COMPONENT-SEED,approved-generated,Pete Steward,2026-08-05,data/livestock-staging/approved_ingredient_harmonization_rules.csv,Generated from approved rule under recorded guard; legacy material identity preserved.
AOM_003920,aom:processingMethod,AOM_101071,Drying,PROCESS-DRIED,approved-generated,Pete Steward,2026-08-05,data/livestock-staging/approved_ingredient_harmonization_rules.csv,Generated from approved rule under recorded guard; legacy material identity preserved.
AOM_003920,aom:processingMethod,AOM_101089,Boiling,PROCESS-BOILED,approved-generated,Pete Steward,2026-08-05,data/livestock-staging/approved_ingredient_harmonization_rules.csv,Generated from approved rule under recorded guard; legacy material identity preserved.
AOM_003920,aom:processingMethod,AOM_101095,Grinding,PROCESS-GROUND,approved-generated,Pete Steward,2026-08-05,data/livestock-staging/approved_ingredient_harmonization_rules.csv,Generated from approved rule under recorded guard; legacy material identity preserved.
AOM_003926,aom:ingredientPart,AOM_101033,Leaf,COMPONENT-LEAF,approved-generated,Pete Steward,2026-08-05,data/livestock-staging/approved_ingredient_harmonization_rules.csv,Generated from approved rule under recorded guard; legacy material identity preserved.
AOM_003933,aom:ingredientPart,AOM_101107,Vine,COMPONENT-VINE,approved-generated,Pete Steward,2026-08-05,data/livestock-staging/approved_ingredient_harmonization_rules.csv,Generated from approved rule under recorded guard; legacy material identity preserved.
AOM_003950,aom:ingredientPart,AOM_101033,Leaf,COMPONENT-LEAF,approved-generated,Pete Steward,2026-08-05,data/livestock-staging/approved_ingredient_harmonization_rules.csv,Generated from approved rule under recorded guard; legacy material identity preserved.
AOM_003950,aom:processingMethod,AOM_101095,Grinding,PROCESS-GROUND,approved-generated,Pete Steward,2026-08-05,data/livestock-staging/approved_ingredient_harmonization_rules.csv,Generated from approved rule under recorded guard; legacy material identity preserved.
AOM_003954,aom:ingredientPart,AOM_101033,Leaf,COMPONENT-LEAF,approved-generated,Pete Steward,2026-08-05,data/livestock-staging/approved_ingredient_harmonization_rules.csv,Generated from approved rule under recorded guard; legacy material identity preserved.
AOM_003960,aom:ingredientPart,AOM_101107,Vine,COMPONENT-VINE,approved-generated,Pete Steward,2026-08-05,data/livestock-staging/approved_ingredient_harmonization_rules.csv,Generated from approved rule under recorded guard; legacy material identity preserved.
AOM_003961,aom:ingredientPart,AOM_101035,Pod,COMPONENT-POD,approved-generated,Pete Steward,2026-08-05,data/livestock-staging/approved_ingredient_harmonization_rules.csv,Generated from approved rule under recorded guard; legacy material identity preserved.
AOM_003970,aom:ingredientPart,AOM_101038,Seed,COMPONENT-SEED,approved-generated,Pete Steward,2026-08-05,data/livestock-staging/approved_ingredient_harmonization_rules.csv,Generated from approved rule under recorded guard; legacy material identity preserved.
AOM_003970,aom:processingMethod,AOM_101095,Grinding,PROCESS-GROUND,approved-generated,Pete Steward,2026-08-05,data/livestock-staging/approved_ingredient_harmonization_rules.csv,Generated from approved rule under recorded guard; legacy material identity preserved.
AOM_003971,aom:ingredientPart,AOM_101038,Seed,COMPONENT-SEED,approved-generated,Pete Steward,2026-08-05,data/livestock-staging/approved_ingredient_harmonization_rules.csv,Generated from approved rule under recorded guard; legacy material identity preserved.
AOM_003972,aom:ingredientPart,AOM_101033,Leaf,COMPONENT-LEAF,approved-generated,Pete Steward,2026-08-05,data/livestock-staging/approved_ingredient_harmonization_rules.csv,Generated from approved rule under recorded guard; legacy material identity preserved.
AOM_003973,aom:ingredientPart,AOM_101038,Seed,COMPONENT-SEED,approved-generated,Pete Steward,2026-08-05,data/livestock-staging/approved_ingredient_harmonization_rules.csv,Generated from approved rule under recorded guard; legacy material identity preserved.
AOM_003981,aom:ingredientPart,AOM_101033,Leaf,COMPONENT-LEAF,approved-generated,Pete Steward,2026-08-05,data/livestock-staging/approved_ingredient_harmonization_rules.csv,Generated from approved rule under recorded guard; legacy material identity preserved.
AOM_003989,aom:ingredientPart,AOM_101033,Leaf,COMPONENT-LEAF,approved-generated,Pete Steward,2026-08-05,data/livestock-staging/approved_ingredient_harmonization_rules.csv,Generated from approved rule under recorded guard; legacy material identity preserved.
AOM_003995,aom:physicalForm,AOM_101108,Pellet form,FORM-PELLET,approved-generated,Pete Steward,2026-08-05,data/livestock-staging/approved_ingredient_harmonization_rules.csv,Generated from approved rule under recorded guard; legacy material identity preserved.
AOM_003997,aom:ingredientPart,AOM_101033,Leaf,COMPONENT-LEAF,approved-generated,Pete Steward,2026-08-05,data/livestock-staging/approved_ingredient_harmonization_rules.csv,Generated from approved rule under recorded guard; legacy material identity preserved.
AOM_003999,aom:ingredientPart,AOM_101033,Leaf,COMPONENT-LEAF,approved-generated,Pete Steward,2026-08-05,data/livestock-staging/approved_ingredient_harmonization_rules.csv,Generated from approved rule under recorded guard; legacy material identity preserved.
AOM_004003,aom:ingredientPart,AOM_101074,Grain,COMPONENT-GRAIN,approved-generated,Pete Steward,2026-08-05,data/livestock-staging/approved_ingredient_harmonization_rules.csv,Generated from approved rule under recorded guard; legacy material identity preserved.
AOM_004005,aom:ingredientPart,AOM_101106,Straw,COMPONENT-STRAW,approved-generated,Pete Steward,2026-08-05,data/livestock-staging/approved_ingredient_harmonization_rules.csv,Generated from approved rule under recorded guard; legacy material identity preserved.
AOM_006001,aom:ingredientPart,AOM_101105,Stover,COMPONENT-STOVER,approved-generated,Pete Steward,2026-08-05,data/livestock-staging/approved_ingredient_harmonization_rules.csv,Generated from approved rule under recorded guard; legacy material identity preserved.
AOM_006002,aom:ingredientPart,AOM_101105,Stover,COMPONENT-STOVER,approved-generated,Pete Steward,2026-08-05,data/livestock-staging/approved_ingredient_harmonization_rules.csv,Generated from approved rule under recorded guard; legacy material identity preserved.
AOM_006002,aom:processingMethod,AOM_101101,Urea treatment,PROCESS-UREA_TREATED,approved-generated,Pete Steward,2026-08-05,data/livestock-staging/approved_ingredient_harmonization_rules.csv,Generated from approved rule under recorded guard; legacy material identity preserved.
AOM_006004,aom:processingMethod,AOM_101095,Grinding,PROCESS-GROUND,approved-generated,Pete Steward,2026-08-05,data/livestock-staging/approved_ingredient_harmonization_rules.csv,Generated from approved rule under recorded guard; legacy material identity preserved.
AOM_006005,aom:ingredientPart,AOM_101074,Grain,COMPONENT-GRAIN,approved-generated,Pete Steward,2026-08-05,data/livestock-staging/approved_ingredient_harmonization_rules.csv,Generated from approved rule under recorded guard; legacy material identity preserved.
AOM_006007,aom:ingredientPart,AOM_101033,Leaf,COMPONENT-LEAF,approved-generated,Pete Steward,2026-08-05,data/livestock-staging/approved_ingredient_harmonization_rules.csv,Generated from approved rule under recorded guard; legacy material identity preserved.
AOM_006007,aom:processingMethod,AOM_101071,Drying,PROCESS-DRIED,approved-generated,Pete Steward,2026-08-05,data/livestock-staging/approved_ingredient_harmonization_rules.csv,Generated from approved rule under recorded guard; legacy material identity preserved.
AOM_006009,aom:ingredientPart,AOM_101033,Leaf,COMPONENT-LEAF,approved-generated,Pete Steward,2026-08-05,data/livestock-staging/approved_ingredient_harmonization_rules.csv,Generated from approved rule under recorded guard; legacy material identity preserved.
AOM_006010,aom:ingredientPart,AOM_101033,Leaf,COMPONENT-LEAF,approved-generated,Pete Steward,2026-08-05,data/livestock-staging/approved_ingredient_harmonization_rules.csv,Generated from approved rule under recorded guard; legacy material identity preserved.
AOM_006010,aom:processingMethod,AOM_101071,Drying,PROCESS-DRIED,approved-generated,Pete Steward,2026-08-05,data/livestock-staging/approved_ingredient_harmonization_rules.csv,Generated from approved rule under recorded guard; legacy material identity preserved.
AOM_006011,aom:ingredientPart,AOM_101035,Pod,COMPONENT-POD,approved-generated,Pete Steward,2026-08-05,data/livestock-staging/approved_ingredient_harmonization_rules.csv,Generated from approved rule under recorded guard; legacy material identity preserved.
AOM_006012,aom:ingredientPart,AOM_101035,Pod,COMPONENT-POD,approved-generated,Pete Steward,2026-08-05,data/livestock-staging/approved_ingredient_harmonization_rules.csv,Generated from approved rule under recorded guard; legacy material identity preserved.
AOM_006012,aom:processingMethod,AOM_101071,Drying,PROCESS-DRIED,approved-generated,Pete Steward,2026-08-05,data/livestock-staging/approved_ingredient_harmonization_rules.csv,Generated from approved rule under recorded guard; legacy material identity preserved.
AOM_006015,aom:ingredientPart,AOM_101033,Leaf,COMPONENT-LEAF,approved-generated,Pete Steward,2026-08-05,data/livestock-staging/approved_ingredient_harmonization_rules.csv,Generated from approved rule under recorded guard; legacy material identity preserved.
AOM_006016,aom:ingredientPart,AOM_101033,Leaf,COMPONENT-LEAF,approved-generated,Pete Steward,2026-08-05,data/livestock-staging/approved_ingredient_harmonization_rules.csv,Generated from approved rule under recorded guard; legacy material identity preserved.
AOM_006016,aom:processingMethod,AOM_101071,Drying,PROCESS-DRIED,approved-generated,Pete Steward,2026-08-05,data/livestock-staging/approved_ingredient_harmonization_rules.csv,Generated from approved rule under recorded guard; legacy material identity preserved.
AOM_006016,aom:processingMethod,AOM_101095,Grinding,PROCESS-GROUND,approved-generated,Pete Steward,2026-08-05,data/livestock-staging/approved_ingredient_harmonization_rules.csv,Generated from approved rule under recorded guard; legacy material identity preserved.
AOM_006017,aom:ingredientPart,AOM_101033,Leaf,COMPONENT-LEAF,approved-generated,Pete Steward,2026-08-05,data/livestock-staging/approved_ingredient_harmonization_rules.csv,Generated from approved rule under recorded guard; legacy material identity preserved.
AOM_006017,aom:processingMethod,AOM_101071,Drying,PROCESS-DRIED,approved-generated,Pete Steward,2026-08-05,data/livestock-staging/approved_ingredient_harmonization_rules.csv,Generated from approved rule under recorded guard; legacy material identity preserved.
AOM_006017,aom:processingMethod,AOM_101091,Crushing,PROCESS-CRUSHED,approved-generated,Pete Steward,2026-08-05,data/livestock-staging/approved_ingredient_harmonization_rules.csv,Generated from approved rule under recorded guard; legacy material identity preserved.
AOM_006018,aom:ingredientPart,AOM_101033,Leaf,COMPONENT-LEAF,approved-generated,Pete Steward,2026-08-05,data/livestock-staging/approved_ingredient_harmonization_rules.csv,Generated from approved rule under recorded guard; legacy material identity preserved.
AOM_006018,aom:processingMethod,AOM_101071,Drying,PROCESS-DRIED,approved-generated,Pete Steward,2026-08-05,data/livestock-staging/approved_ingredient_harmonization_rules.csv,Generated from approved rule under recorded guard; legacy material identity preserved.
AOM_006019,aom:ingredientPart,AOM_101038,Seed,COMPONENT-SEED,approved-generated,Pete Steward,2026-08-05,data/livestock-staging/approved_ingredient_harmonization_rules.csv,Generated from approved rule under recorded guard; legacy material identity preserved.
AOM_006019,aom:processingMethod,AOM_101071,Drying,PROCESS-DRIED,approved-generated,Pete Steward,2026-08-05,data/livestock-staging/approved_ingredient_harmonization_rules.csv,Generated from approved rule under recorded guard; legacy material identity preserved.
AOM_006019,aom:processingMethod,AOM_101094,Fermentation,PROCESS-FERMENTED,approved-generated,Pete Steward,2026-08-05,data/livestock-staging/approved_ingredient_harmonization_rules.csv,Generated from approved rule under recorded guard; legacy material identity preserved.
AOM_006019,aom:processingMethod,AOM_101095,Grinding,PROCESS-GROUND,approved-generated,Pete Steward,2026-08-05,data/livestock-staging/approved_ingredient_harmonization_rules.csv,Generated from approved rule under recorded guard; legacy material identity preserved.
AOM_006022,aom:processingMethod,AOM_101095,Grinding,PROCESS-GROUND,approved-generated,Pete Steward,2026-08-05,data/livestock-staging/approved_ingredient_harmonization_rules.csv,Generated from approved rule under recorded guard; legacy material identity preserved.
AOM_006023,aom:processingMethod,AOM_101071,Drying,PROCESS-DRIED,approved-generated,Pete Steward,2026-08-05,data/livestock-staging/approved_ingredient_harmonization_rules.csv,Generated from approved rule under recorded guard; legacy material identity preserved.
AOM_006024,aom:processingMethod,AOM_000831,Ensiling,PROCESS-ENSILED,approved-generated,Pete Steward,2026-08-05,data/livestock-staging/approved_ingredient_harmonization_rules.csv,Generated from approved rule under recorded guard; legacy material identity preserved.
AOM_006025,aom:ingredientPart,AOM_101033,Leaf,COMPONENT-LEAF,approved-generated,Pete Steward,2026-08-05,data/livestock-staging/approved_ingredient_harmonization_rules.csv,Generated from approved rule under recorded guard; legacy material identity preserved.
AOM_006025,aom:processingMethod,AOM_101102,Wilting,PROCESS-WILTED,approved-generated,Pete Steward,2026-08-05,data/livestock-staging/approved_ingredient_harmonization_rules.csv,Generated from approved rule under recorded guard; legacy material identity preserved.
AOM_006026,aom:ingredientPart,AOM_101033,Leaf,COMPONENT-LEAF,approved-generated,Pete Steward,2026-08-05,data/livestock-staging/approved_ingredient_harmonization_rules.csv,Generated from approved rule under recorded guard; legacy material identity preserved.
AOM_006026,aom:processingMethod,AOM_101095,Grinding,PROCESS-GROUND,approved-generated,Pete Steward,2026-08-05,data/livestock-staging/approved_ingredient_harmonization_rules.csv,Generated from approved rule under recorded guard; legacy material identity preserved.
AOM_006027,aom:processingMethod,AOM_101095,Grinding,PROCESS-GROUND,approved-generated,Pete Steward,2026-08-05,data/livestock-staging/approved_ingredient_harmonization_rules.csv,Generated from approved rule under recorded guard; legacy material identity preserved.
AOM_006028,aom:ingredientPart,AOM_101033,Leaf,COMPONENT-LEAF,approved-generated,Pete Steward,2026-08-05,data/livestock-staging/approved_ingredient_harmonization_rules.csv,Generated from approved rule under recorded guard; legacy material identity preserved.
AOM_006028,aom:processingMethod,AOM_101071,Drying,PROCESS-DRIED,approved-generated,Pete Steward,2026-08-05,data/livestock-staging/approved_ingredient_harmonization_rules.csv,Generated from approved rule under recorded guard; legacy material identity preserved.
AOM_006029,aom:ingredientPart,AOM_101033,Leaf,COMPONENT-LEAF,approved-generated,Pete Steward,2026-08-05,data/livestock-staging/approved_ingredient_harmonization_rules.csv,Generated from approved rule under recorded guard; legacy material identity preserved.
AOM_006029,aom:processingMethod,AOM_101102,Wilting,PROCESS-WILTED,approved-generated,Pete Steward,2026-08-05,data/livestock-staging/approved_ingredient_harmonization_rules.csv,Generated from approved rule under recorded guard; legacy material identity preserved.
AOM_006030,aom:ingredientPart,AOM_101033,Leaf,COMPONENT-LEAF,approved-generated,Pete Steward,2026-08-05,data/livestock-staging/approved_ingredient_harmonization_rules.csv,Generated from approved rule under recorded guard; legacy material identity preserved.
AOM_006030,aom:processingMethod,AOM_101071,Drying,PROCESS-DRIED,approved-generated,Pete Steward,2026-08-05,data/livestock-staging/approved_ingredient_harmonization_rules.csv,Generated from approved rule under recorded guard; legacy material identity preserved.
AOM_006032,aom:ingredientPart,AOM_101033,Leaf,COMPONENT-LEAF,approved-generated,Pete Steward,2026-08-05,data/livestock-staging/approved_ingredient_harmonization_rules.csv,Generated from approved rule under recorded guard; legacy material identity preserved.
AOM_006032,aom:processingMethod,AOM_101071,Drying,PROCESS-DRIED,approved-generated,Pete Steward,2026-08-05,data/livestock-staging/approved_ingredient_harmonization_rules.csv,Generated from approved rule under recorded guard; legacy material identity preserved.
AOM_006033,aom:ingredientPart,AOM_101074,Grain,COMPONENT-GRAIN,approved-generated,Pete Steward,2026-08-05,data/livestock-staging/approved_ingredient_harmonization_rules.csv,Generated from approved rule under recorded guard; legacy material identity preserved.
AOM_006034,aom:ingredientPart,AOM_101074,Grain,COMPONENT-GRAIN,approved-generated,Pete Steward,2026-08-05,data/livestock-staging/approved_ingredient_harmonization_rules.csv,Generated from approved rule under recorded guard; legacy material identity preserved.
AOM_006034,aom:processingMethod,AOM_101100,Sprouting,PROCESS-SPROUTED,approved-generated,Pete Steward,2026-08-05,data/livestock-staging/approved_ingredient_harmonization_rules.csv,Generated from approved rule under recorded guard; legacy material identity preserved.
AOM_006035,aom:ingredientPart,AOM_101106,Straw,COMPONENT-STRAW,approved-generated,Pete Steward,2026-08-05,data/livestock-staging/approved_ingredient_harmonization_rules.csv,Generated from approved rule under recorded guard; legacy material identity preserved.
AOM_006035,aom:processingMethod,AOM_101094,Fermentation,PROCESS-FERMENTED,approved-generated,Pete Steward,2026-08-05,data/livestock-staging/approved_ingredient_harmonization_rules.csv,Generated from approved rule under recorded guard; legacy material identity preserved.
AOM_006036,aom:ingredientPart,AOM_101033,Leaf,COMPONENT-LEAF,approved-generated,Pete Steward,2026-08-05,data/livestock-staging/approved_ingredient_harmonization_rules.csv,Generated from approved rule under recorded guard; legacy material identity preserved.
AOM_006036,aom:processingMethod,AOM_101102,Wilting,PROCESS-WILTED,approved-generated,Pete Steward,2026-08-05,data/livestock-staging/approved_ingredient_harmonization_rules.csv,Generated from approved rule under recorded guard; legacy material identity preserved.
AOM_006037,aom:processingMethod,AOM_101102,Wilting,PROCESS-WILTED,approved-generated,Pete Steward,2026-08-05,data/livestock-staging/approved_ingredient_harmonization_rules.csv,Generated from approved rule under recorded guard; legacy material identity preserved.
AOM_006038,aom:ingredientPart,AOM_101033,Leaf,COMPONENT-LEAF,approved-generated,Pete Steward,2026-08-05,data/livestock-staging/approved_ingredient_harmonization_rules.csv,Generated from approved rule under recorded guard; legacy material identity preserved.
AOM_006038,aom:processingMethod,AOM_101102,Wilting,PROCESS-WILTED,approved-generated,Pete Steward,2026-08-05,data/livestock-staging/approved_ingredient_harmonization_rules.csv,Generated from approved rule under recorded guard; legacy material identity preserved.
AOM_006039,aom:processingMethod,AOM_101071,Drying,PROCESS-DRIED,approved-generated,Pete Steward,2026-08-05,data/livestock-staging/approved_ingredient_harmonization_rules.csv,Generated from approved rule under recorded guard; legacy material identity preserved.
AOM_006040,aom:ingredientPart,AOM_101106,Straw,COMPONENT-STRAW,approved-generated,Pete Steward,2026-08-05,data/livestock-staging/approved_ingredient_harmonization_rules.csv,Generated from approved rule under recorded guard; legacy material identity preserved.
AOM_006040,aom:processingMethod,AOM_101071,Drying,PROCESS-DRIED,approved-generated,Pete Steward,2026-08-05,data/livestock-staging/approved_ingredient_harmonization_rules.csv,Generated from approved rule under recorded guard; legacy material identity preserved.
AOM_006041,aom:ingredientPart,AOM_101033,Leaf,COMPONENT-LEAF,approved-generated,Pete Steward,2026-08-05,data/livestock-staging/approved_ingredient_harmonization_rules.csv,Generated from approved rule under recorded guard; legacy material identity preserved.
AOM_006041,aom:processingMethod,AOM_101071,Drying,PROCESS-DRIED,approved-generated,Pete Steward,2026-08-05,data/livestock-staging/approved_ingredient_harmonization_rules.csv,Generated from approved rule under recorded guard; legacy material identity preserved.
AOM_006041,aom:processingMethod,AOM_101091,Crushing,PROCESS-CRUSHED,approved-generated,Pete Steward,2026-08-05,data/livestock-staging/approved_ingredient_harmonization_rules.csv,Generated from approved rule under recorded guard; legacy material identity preserved.
AOM_006042,aom:ingredientPart,AOM_101106,Straw,COMPONENT-STRAW,approved-generated,Pete Steward,2026-08-05,data/livestock-staging/approved_ingredient_harmonization_rules.csv,Generated from approved rule under recorded guard; legacy material identity preserved.
AOM_006042,aom:processingMethod,AOM_101071,Drying,PROCESS-DRIED,approved-generated,Pete Steward,2026-08-05,data/livestock-staging/approved_ingredient_harmonization_rules.csv,Generated from approved rule under recorded guard; legacy material identity preserved.
AOM_006044,aom:processingMethod,AOM_101071,Drying,PROCESS-DRIED,approved-generated,Pete Steward,2026-08-05,data/livestock-staging/approved_ingredient_harmonization_rules.csv,Generated from approved rule under recorded guard; legacy material identity preserved.
AOM_006045,aom:processingMethod,AOM_101071,Drying,PROCESS-DRIED,approved-generated,Pete Steward,2026-08-05,data/livestock-staging/approved_ingredient_harmonization_rules.csv,Generated from approved rule under recorded guard; legacy material identity preserved.
AOM_006045,aom:processingMethod,AOM_101095,Grinding,PROCESS-GROUND,approved-generated,Pete Steward,2026-08-05,data/livestock-staging/approved_ingredient_harmonization_rules.csv,Generated from approved rule under recorded guard; legacy material identity preserved.
AOM_006046,aom:processingMethod,AOM_101071,Drying,PROCESS-DRIED,approved-generated,Pete Steward,2026-08-05,data/livestock-staging/approved_ingredient_harmonization_rules.csv,Generated from approved rule under recorded guard; legacy material identity preserved.
AOM_006047,aom:processingMethod,AOM_101071,Drying,PROCESS-DRIED,approved-generated,Pete Steward,2026-08-05,data/livestock-staging/approved_ingredient_harmonization_rules.csv,Generated from approved rule under recorded guard; legacy material identity preserved.
AOM_006048,aom:ingredientPart,AOM_101033,Leaf,COMPONENT-LEAF,approved-generated,Pete Steward,2026-08-05,data/livestock-staging/approved_ingredient_harmonization_rules.csv,Generated from approved rule under recorded guard; legacy material identity preserved.
AOM_006048,aom:processingMethod,AOM_101071,Drying,PROCESS-DRIED,approved-generated,Pete Steward,2026-08-05,data/livestock-staging/approved_ingredient_harmonization_rules.csv,Generated from approved rule under recorded guard; legacy material identity preserved.
AOM_006049,aom:ingredientPart,AOM_101040,Shell,COMPONENT-SHELL,approved-generated,Pete Steward,2026-08-05,data/livestock-staging/approved_ingredient_harmonization_rules.csv,Generated from approved rule under recorded guard; legacy material identity preserved.
AOM_006049,aom:processingMethod,AOM_101071,Drying,PROCESS-DRIED,approved-generated,Pete Steward,2026-08-05,data/livestock-staging/approved_ingredient_harmonization_rules.csv,Generated from approved rule under recorded guard; legacy material identity preserved.
AOM_006049,aom:processingMethod,AOM_101091,Crushing,PROCESS-CRUSHED,approved-generated,Pete Steward,2026-08-05,data/livestock-staging/approved_ingredient_harmonization_rules.csv,Generated from approved rule under recorded guard; legacy material identity preserved.
AOM_006050,aom:ingredientPart,AOM_101040,Shell,COMPONENT-SHELL,approved-generated,Pete Steward,2026-08-05,data/livestock-staging/approved_ingredient_harmonization_rules.csv,Generated from approved rule under recorded guard; legacy material identity preserved.
AOM_006050,aom:processingMethod,AOM_101095,Grinding,PROCESS-GROUND,approved-generated,Pete Steward,2026-08-05,data/livestock-staging/approved_ingredient_harmonization_rules.csv,Generated from approved rule under recorded guard; legacy material identity preserved.
AOM_006052,aom:ingredientPart,AOM_101040,Shell,COMPONENT-SHELL,approved-generated,Pete Steward,2026-08-05,data/livestock-staging/approved_ingredient_harmonization_rules.csv,Generated from approved rule under recorded guard; legacy material identity preserved.
AOM_006052,aom:processingMethod,AOM_101089,Boiling,PROCESS-BOILED,approved-generated,Pete Steward,2026-08-05,data/livestock-staging/approved_ingredient_harmonization_rules.csv,Generated from approved rule under recorded guard; legacy material identity preserved.
AOM_006052,aom:processingMethod,AOM_101091,Crushing,PROCESS-CRUSHED,approved-generated,Pete Steward,2026-08-05,data/livestock-staging/approved_ingredient_harmonization_rules.csv,Generated from approved rule under recorded guard; legacy material identity preserved.
AOM_006053,aom:ingredientPart,AOM_101033,Leaf,COMPONENT-LEAF,approved-generated,Pete Steward,2026-08-05,data/livestock-staging/approved_ingredient_harmonization_rules.csv,Generated from approved rule under recorded guard; legacy material identity preserved.
AOM_006053,aom:processingMethod,AOM_101071,Drying,PROCESS-DRIED,approved-generated,Pete Steward,2026-08-05,data/livestock-staging/approved_ingredient_harmonization_rules.csv,Generated from approved rule under recorded guard; legacy material identity preserved.
AOM_006054,aom:ingredientPart,AOM_101034,Peel,COMPONENT-PEEL,approved-generated,Pete Steward,2026-08-05,data/livestock-staging/approved_ingredient_harmonization_rules.csv,Generated from approved rule under recorded guard; legacy material identity preserved.
AOM_006054,aom:processingMethod,AOM_000831,Ensiling,PROCESS-ENSILED,approved-generated,Pete Steward,2026-08-05,data/livestock-staging/approved_ingredient_harmonization_rules.csv,Generated from approved rule under recorded guard; legacy material identity preserved.
AOM_006055,aom:ingredientPart,AOM_101034,Peel,COMPONENT-PEEL,approved-generated,Pete Steward,2026-08-05,data/livestock-staging/approved_ingredient_harmonization_rules.csv,Generated from approved rule under recorded guard; legacy material identity preserved.
AOM_006055,aom:processingMethod,AOM_101071,Drying,PROCESS-DRIED,approved-generated,Pete Steward,2026-08-05,data/livestock-staging/approved_ingredient_harmonization_rules.csv,Generated from approved rule under recorded guard; legacy material identity preserved.
AOM_006055,aom:processingMethod,AOM_101091,Crushing,PROCESS-CRUSHED,approved-generated,Pete Steward,2026-08-05,data/livestock-staging/approved_ingredient_harmonization_rules.csv,Generated from approved rule under recorded guard; legacy material identity preserved.
AOM_006056,aom:ingredientPart,AOM_101034,Peel,COMPONENT-PEEL,approved-generated,Pete Steward,2026-08-05,data/livestock-staging/approved_ingredient_harmonization_rules.csv,Generated from approved rule under recorded guard; legacy material identity preserved.
AOM_006056,aom:processingMethod,AOM_101071,Drying,PROCESS-DRIED,approved-generated,Pete Steward,2026-08-05,data/livestock-staging/approved_ingredient_harmonization_rules.csv,Generated from approved rule under recorded guard; legacy material identity preserved.
AOM_006056,aom:processingMethod,AOM_101102,Wilting,PROCESS-WILTED,approved-generated,Pete Steward,2026-08-05,data/livestock-staging/approved_ingredient_harmonization_rules.csv,Generated from approved rule under recorded guard; legacy material identity preserved.
AOM_006057,aom:ingredientPart,AOM_101034,Peel,COMPONENT-PEEL,approved-generated,Pete Steward,2026-08-05,data/livestock-staging/approved_ingredient_harmonization_rules.csv,Generated from approved rule under recorded guard; legacy material identity preserved.
AOM_006057,aom:processingMethod,AOM_101070,Pressing,PROCESS-PRESSED,approved-generated,Pete Steward,2026-08-05,data/livestock-staging/approved_ingredient_harmonization_rules.csv,Generated from approved rule under recorded guard; legacy material identity preserved.
AOM_006058,aom:ingredientPart,AOM_101034,Peel,COMPONENT-PEEL,approved-generated,Pete Steward,2026-08-05,data/livestock-staging/approved_ingredient_harmonization_rules.csv,Generated from approved rule under recorded guard; legacy material identity preserved.
AOM_006058,aom:processingMethod,AOM_000831,Ensiling,PROCESS-ENSILED,approved-generated,Pete Steward,2026-08-05,data/livestock-staging/approved_ingredient_harmonization_rules.csv,Generated from approved rule under recorded guard; legacy material identity preserved.
AOM_006058,aom:processingMethod,AOM_101071,Drying,PROCESS-DRIED,approved-generated,Pete Steward,2026-08-05,data/livestock-staging/approved_ingredient_harmonization_rules.csv,Generated from approved rule under recorded guard; legacy material identity preserved.
AOM_006058,aom:processingMethod,AOM_101102,Wilting,PROCESS-WILTED,approved-generated,Pete Steward,2026-08-05,data/livestock-staging/approved_ingredient_harmonization_rules.csv,Generated from approved rule under recorded guard; legacy material identity preserved.
AOM_006059,aom:ingredientPart,AOM_101043,Tuber,COMPONENT-TUBER,approved-generated,Pete Steward,2026-08-05,data/livestock-staging/approved_ingredient_harmonization_rules.csv,Generated from approved rule under recorded guard; legacy material identity preserved.
AOM_006059,aom:processingMethod,AOM_101071,Drying,PROCESS-DRIED,approved-generated,Pete Steward,2026-08-05,data/livestock-staging/approved_ingredient_harmonization_rules.csv,Generated from approved rule under recorded guard; legacy material identity preserved.
AOM_006059,aom:processingMethod,AOM_101095,Grinding,PROCESS-GROUND,approved-generated,Pete Steward,2026-08-05,data/livestock-staging/approved_ingredient_harmonization_rules.csv,Generated from approved rule under recorded guard; legacy material identity preserved.
AOM_006060,aom:ingredientPart,AOM_101043,Tuber,COMPONENT-TUBER,approved-generated,Pete Steward,2026-08-05,data/livestock-staging/approved_ingredient_harmonization_rules.csv,Generated from approved rule under recorded guard; legacy material identity preserved.
AOM_006060,aom:processingMethod,AOM_101095,Grinding,PROCESS-GROUND,approved-generated,Pete Steward,2026-08-05,data/livestock-staging/approved_ingredient_harmonization_rules.csv,Generated from approved rule under recorded guard; legacy material identity preserved.
AOM_006061,aom:ingredientPart,AOM_101033,Leaf,COMPONENT-LEAF,approved-generated,Pete Steward,2026-08-05,data/livestock-staging/approved_ingredient_harmonization_rules.csv,Generated from approved rule under recorded guard; legacy material identity preserved.
AOM_006061,aom:processingMethod,AOM_101071,Drying,PROCESS-DRIED,approved-generated,Pete Steward,2026-08-05,data/livestock-staging/approved_ingredient_harmonization_rules.csv,Generated from approved rule under recorded guard; legacy material identity preserved.
AOM_006061,aom:processingMethod,AOM_101095,Grinding,PROCESS-GROUND,approved-generated,Pete Steward,2026-08-05,data/livestock-staging/approved_ingredient_harmonization_rules.csv,Generated from approved rule under recorded guard; legacy material identity preserved.
AOM_006062,aom:processingMethod,AOM_101071,Drying,PROCESS-DRIED,approved-generated,Pete Steward,2026-08-05,data/livestock-staging/approved_ingredient_harmonization_rules.csv,Generated from approved rule under recorded guard; legacy material identity preserved.
AOM_006063,aom:processingMethod,AOM_101095,Grinding,PROCESS-GROUND,approved-generated,Pete Steward,2026-08-05,data/livestock-staging/approved_ingredient_harmonization_rules.csv,Generated from approved rule under recorded guard; legacy material identity preserved.
AOM_006064,aom:ingredientPart,AOM_101074,Grain,COMPONENT-GRAIN,approved-generated,Pete Steward,2026-08-05,data/livestock-staging/approved_ingredient_harmonization_rules.csv,Generated from approved rule under recorded guard; legacy material identity preserved.
AOM_006064,aom:processingMethod,AOM_101095,Grinding,PROCESS-GROUND,approved-generated,Pete Steward,2026-08-05,data/livestock-staging/approved_ingredient_harmonization_rules.csv,Generated from approved rule under recorded guard; legacy material identity preserved.
AOM_006065,aom:processingMethod,AOM_101071,Drying,PROCESS-DRIED,approved-generated,Pete Steward,2026-08-05,data/livestock-staging/approved_ingredient_harmonization_rules.csv,Generated from approved rule under recorded guard; legacy material identity preserved.
AOM_006065,aom:processingMethod,AOM_101091,Crushing,PROCESS-CRUSHED,approved-generated,Pete Steward,2026-08-05,data/livestock-staging/approved_ingredient_harmonization_rules.csv,Generated from approved rule under recorded guard; legacy material identity preserved.
AOM_006066,aom:processingMethod,AOM_101071,Drying,PROCESS-DRIED,approved-generated,Pete Steward,2026-08-05,data/livestock-staging/approved_ingredient_harmonization_rules.csv,Generated from approved rule under recorded guard; legacy material identity preserved.
AOM_006066,aom:processingMethod,AOM_101095,Grinding,PROCESS-GROUND,approved-generated,Pete Steward,2026-08-05,data/livestock-staging/approved_ingredient_harmonization_rules.csv,Generated from approved rule under recorded guard; legacy material identity preserved.
AOM_006067,aom:ingredientPart,AOM_101031,Husk,COMPONENT-HUSK,approved-generated,Pete Steward,2026-08-05,data/livestock-staging/approved_ingredient_harmonization_rules.csv,Generated from approved rule under recorded guard; legacy material identity preserved.
AOM_006067,aom:ingredientPart,AOM_101035,Pod,COMPONENT-POD,approved-generated,Pete Steward,2026-08-05,data/livestock-staging/approved_ingredient_harmonization_rules.csv,Generated from approved rule under recorded guard; legacy material identity preserved.
AOM_006067,aom:processingMethod,AOM_000831,Ensiling,PROCESS-ENSILED,approved-generated,Pete Steward,2026-08-05,data/livestock-staging/approved_ingredient_harmonization_rules.csv,Generated from approved rule under recorded guard; legacy material identity preserved.
AOM_006067,aom:processingMethod,AOM_101071,Drying,PROCESS-DRIED,approved-generated,Pete Steward,2026-08-05,data/livestock-staging/approved_ingredient_harmonization_rules.csv,Generated from approved rule under recorded guard; legacy material identity preserved.
AOM_006067,aom:processingMethod,AOM_101101,Urea treatment,PROCESS-UREA_TREATED,approved-generated,Pete Steward,2026-08-05,data/livestock-staging/approved_ingredient_harmonization_rules.csv,Generated from approved rule under recorded guard; legacy material identity preserved.
AOM_006068,aom:ingredientPart,AOM_101033,Leaf,COMPONENT-LEAF,approved-generated,Pete Steward,2026-08-05,data/livestock-staging/approved_ingredient_harmonization_rules.csv,Generated from approved rule under recorded guard; legacy material identity preserved.
AOM_006068,aom:processingMethod,AOM_101071,Drying,PROCESS-DRIED,approved-generated,Pete Steward,2026-08-05,data/livestock-staging/approved_ingredient_harmonization_rules.csv,Generated from approved rule under recorded guard; legacy material identity preserved.
AOM_006069,aom:processingMethod,AOM_101071,Drying,PROCESS-DRIED,approved-generated,Pete Steward,2026-08-05,data/livestock-staging/approved_ingredient_harmonization_rules.csv,Generated from approved rule under recorded guard; legacy material identity preserved.
AOM_006070,aom:processingMethod,AOM_101071,Drying,PROCESS-DRIED,approved-generated,Pete Steward,2026-08-05,data/livestock-staging/approved_ingredient_harmonization_rules.csv,Generated from approved rule under recorded guard; legacy material identity preserved.
AOM_006071,aom:ingredientPart,AOM_101026,Cob,COMPONENT-COB,approved-generated,Pete Steward,2026-08-05,data/livestock-staging/approved_ingredient_harmonization_rules.csv,Generated from approved rule under recorded guard; legacy material identity preserved.
AOM_006071,aom:processingMethod,AOM_101095,Grinding,PROCESS-GROUND,approved-generated,Pete Steward,2026-08-05,data/livestock-staging/approved_ingredient_harmonization_rules.csv,Generated from approved rule under recorded guard; legacy material identity preserved.
AOM_006073,aom:ingredientPart,AOM_101038,Seed,COMPONENT-SEED,approved-generated,Pete Steward,2026-08-05,data/livestock-staging/approved_ingredient_harmonization_rules.csv,Generated from approved rule under recorded guard; legacy material identity preserved.
AOM_006074,aom:processingMethod,AOM_101071,Drying,PROCESS-DRIED,approved-generated,Pete Steward,2026-08-05,data/livestock-staging/approved_ingredient_harmonization_rules.csv,Generated from approved rule under recorded guard; legacy material identity preserved.
AOM_006075,aom:processingMethod,AOM_101071,Drying,PROCESS-DRIED,approved-generated,Pete Steward,2026-08-05,data/livestock-staging/approved_ingredient_harmonization_rules.csv,Generated from approved rule under recorded guard; legacy material identity preserved.
AOM_006076,aom:ingredientPart,AOM_101105,Stover,COMPONENT-STOVER,approved-generated,Pete Steward,2026-08-05,data/livestock-staging/approved_ingredient_harmonization_rules.csv,Generated from approved rule under recorded guard; legacy material identity preserved.
AOM_006076,aom:processingMethod,AOM_000831,Ensiling,PROCESS-ENSILED,approved-generated,Pete Steward,2026-08-05,data/livestock-staging/approved_ingredient_harmonization_rules.csv,Generated from approved rule under recorded guard; legacy material identity preserved.
AOM_006077,aom:ingredientPart,AOM_101033,Leaf,COMPONENT-LEAF,approved-generated,Pete Steward,2026-08-05,data/livestock-staging/approved_ingredient_harmonization_rules.csv,Generated from approved rule under recorded guard; legacy material identity preserved.
AOM_006077,aom:processingMethod,AOM_101071,Drying,PROCESS-DRIED,approved-generated,Pete Steward,2026-08-05,data/livestock-staging/approved_ingredient_harmonization_rules.csv,Generated from approved rule under recorded guard; legacy material identity preserved.
AOM_006077,aom:processingMethod,AOM_101095,Grinding,PROCESS-GROUND,approved-generated,Pete Steward,2026-08-05,data/livestock-staging/approved_ingredient_harmonization_rules.csv,Generated from approved rule under recorded guard; legacy material identity preserved.
AOM_006078,aom:processingMethod,AOM_101091,Crushing,PROCESS-CRUSHED,approved-generated,Pete Steward,2026-08-05,data/livestock-staging/approved_ingredient_harmonization_rules.csv,Generated from approved rule under recorded guard; legacy material identity preserved.
AOM_006079,aom:ingredientPart,AOM_101031,Husk,COMPONENT-HUSK,approved-generated,Pete Steward,2026-08-05,data/livestock-staging/approved_ingredient_harmonization_rules.csv,Generated from approved rule under recorded guard; legacy material identity preserved.
AOM_006079,aom:processingMethod,AOM_101091,Crushing,PROCESS-CRUSHED,approved-generated,Pete Steward,2026-08-05,data/livestock-staging/approved_ingredient_harmonization_rules.csv,Generated from approved rule under recorded guard; legacy material identity preserved.
AOM_006080,aom:processingMethod,AOM_101095,Grinding,PROCESS-GROUND,approved-generated,Pete Steward,2026-08-05,data/livestock-staging/approved_ingredient_harmonization_rules.csv,Generated from approved rule under recorded guard; legacy material identity preserved.
AOM_006081,aom:ingredientPart,AOM_101038,Seed,COMPONENT-SEED,approved-generated,Pete Steward,2026-08-05,data/livestock-staging/approved_ingredient_harmonization_rules.csv,Generated from approved rule under recorded guard; legacy material identity preserved.
AOM_006081,aom:processingMethod,AOM_101095,Grinding,PROCESS-GROUND,approved-generated,Pete Steward,2026-08-05,data/livestock-staging/approved_ingredient_harmonization_rules.csv,Generated from approved rule under recorded guard; legacy material identity preserved.
AOM_006082,aom:ingredientPart,AOM_101038,Seed,COMPONENT-SEED,approved-generated,Pete Steward,2026-08-05,data/livestock-staging/approved_ingredient_harmonization_rules.csv,Generated from approved rule under recorded guard; legacy material identity preserved.
AOM_006082,aom:processingMethod,AOM_101095,Grinding,PROCESS-GROUND,approved-generated,Pete Steward,2026-08-05,data/livestock-staging/approved_ingredient_harmonization_rules.csv,Generated from approved rule under recorded guard; legacy material identity preserved.
AOM_006082,aom:processingMethod,AOM_101098,Roasting,PROCESS-ROASTED,approved-generated,Pete Steward,2026-08-05,data/livestock-staging/approved_ingredient_harmonization_rules.csv,Generated from approved rule under recorded guard; legacy material identity preserved.
AOM_006083,aom:ingredientPart,AOM_101038,Seed,COMPONENT-SEED,approved-generated,Pete Steward,2026-08-05,data/livestock-staging/approved_ingredient_harmonization_rules.csv,Generated from approved rule under recorded guard; legacy material identity preserved.
AOM_006083,aom:processingMethod,AOM_101071,Drying,PROCESS-DRIED,approved-generated,Pete Steward,2026-08-05,data/livestock-staging/approved_ingredient_harmonization_rules.csv,Generated from approved rule under recorded guard; legacy material identity preserved.
AOM_006083,aom:processingMethod,AOM_101095,Grinding,PROCESS-GROUND,approved-generated,Pete Steward,2026-08-05,data/livestock-staging/approved_ingredient_harmonization_rules.csv,Generated from approved rule under recorded guard; legacy material identity preserved.
AOM_006083,aom:processingMethod,AOM_101098,Roasting,PROCESS-ROASTED,approved-generated,Pete Steward,2026-08-05,data/livestock-staging/approved_ingredient_harmonization_rules.csv,Generated from approved rule under recorded guard; legacy material identity preserved.
AOM_006085,aom:processingMethod,AOM_101071,Drying,PROCESS-DRIED,approved-generated,Pete Steward,2026-08-05,data/livestock-staging/approved_ingredient_harmonization_rules.csv,Generated from approved rule under recorded guard; legacy material identity preserved.
AOM_006087,aom:processingMethod,AOM_000831,Ensiling,PROCESS-ENSILED,approved-generated,Pete Steward,2026-08-05,data/livestock-staging/approved_ingredient_harmonization_rules.csv,Generated from approved rule under recorded guard; legacy material identity preserved.
AOM_006088,aom:ingredientPart,AOM_101033,Leaf,COMPONENT-LEAF,approved-generated,Pete Steward,2026-08-05,data/livestock-staging/approved_ingredient_harmonization_rules.csv,Generated from approved rule under recorded guard; legacy material identity preserved.
AOM_006088,aom:processingMethod,AOM_101071,Drying,PROCESS-DRIED,approved-generated,Pete Steward,2026-08-05,data/livestock-staging/approved_ingredient_harmonization_rules.csv,Generated from approved rule under recorded guard; legacy material identity preserved.
AOM_006089,aom:processingMethod,AOM_000831,Ensiling,PROCESS-ENSILED,approved-generated,Pete Steward,2026-08-05,data/livestock-staging/approved_ingredient_harmonization_rules.csv,Generated from approved rule under recorded guard; legacy material identity preserved.
AOM_006090,aom:processingMethod,AOM_101091,Crushing,PROCESS-CRUSHED,approved-generated,Pete Steward,2026-08-05,data/livestock-staging/approved_ingredient_harmonization_rules.csv,Generated from approved rule under recorded guard; legacy material identity preserved.
AOM_006090,aom:processingMethod,AOM_101102,Wilting,PROCESS-WILTED,approved-generated,Pete Steward,2026-08-05,data/livestock-staging/approved_ingredient_harmonization_rules.csv,Generated from approved rule under recorded guard; legacy material identity preserved.
AOM_006091,aom:processingMethod,AOM_101071,Drying,PROCESS-DRIED,approved-generated,Pete Steward,2026-08-05,data/livestock-staging/approved_ingredient_harmonization_rules.csv,Generated from approved rule under recorded guard; legacy material identity preserved.
AOM_006092,aom:processingMethod,AOM_101071,Drying,PROCESS-DRIED,approved-generated,Pete Steward,2026-08-05,data/livestock-staging/approved_ingredient_harmonization_rules.csv,Generated from approved rule under recorded guard; legacy material identity preserved.
AOM_006093,aom:processingMethod,AOM_101095,Grinding,PROCESS-GROUND,approved-generated,Pete Steward,2026-08-05,data/livestock-staging/approved_ingredient_harmonization_rules.csv,Generated from approved rule under recorded guard; legacy material identity preserved.
AOM_006095,aom:processingMethod,AOM_101095,Grinding,PROCESS-GROUND,approved-generated,Pete Steward,2026-08-05,data/livestock-staging/approved_ingredient_harmonization_rules.csv,Generated from approved rule under recorded guard; legacy material identity preserved.
AOM_006096,aom:processingMethod,AOM_101071,Drying,PROCESS-DRIED,approved-generated,Pete Steward,2026-08-05,data/livestock-staging/approved_ingredient_harmonization_rules.csv,Generated from approved rule under recorded guard; legacy material identity preserved.
AOM_006098,aom:processingMethod,AOM_101071,Drying,PROCESS-DRIED,approved-generated,Pete Steward,2026-08-05,data/livestock-staging/approved_ingredient_harmonization_rules.csv,Generated from approved rule under recorded guard; legacy material identity preserved.
AOM_006098,aom:processingMethod,AOM_101095,Grinding,PROCESS-GROUND,approved-generated,Pete Steward,2026-08-05,data/livestock-staging/approved_ingredient_harmonization_rules.csv,Generated from approved rule under recorded guard; legacy material identity preserved.
AOM_006099,aom:processingMethod,AOM_101071,Drying,PROCESS-DRIED,approved-generated,Pete Steward,2026-08-05,data/livestock-staging/approved_ingredient_harmonization_rules.csv,Generated from approved rule under recorded guard; legacy material identity preserved.
AOM_006099,aom:processingMethod,AOM_101091,Crushing,PROCESS-CRUSHED,approved-generated,Pete Steward,2026-08-05,data/livestock-staging/approved_ingredient_harmonization_rules.csv,Generated from approved rule under recorded guard; legacy material identity preserved.
AOM_006100,aom:processingMethod,AOM_101095,Grinding,PROCESS-GROUND,approved-generated,Pete Steward,2026-08-05,data/livestock-staging/approved_ingredient_harmonization_rules.csv,Generated from approved rule under recorded guard; legacy material identity preserved.
AOM_006101,aom:processingMethod,AOM_101071,Drying,PROCESS-DRIED,approved-generated,Pete Steward,2026-08-05,data/livestock-staging/approved_ingredient_harmonization_rules.csv,Generated from approved rule under recorded guard; legacy material identity preserved.
AOM_006103,aom:processingMethod,AOM_000831,Ensiling,PROCESS-ENSILED,approved-generated,Pete Steward,2026-08-05,data/livestock-staging/approved_ingredient_harmonization_rules.csv,Generated from approved rule under recorded guard; legacy material identity preserved.
AOM_006103,aom:processingMethod,AOM_101102,Wilting,PROCESS-WILTED,approved-generated,Pete Steward,2026-08-05,data/livestock-staging/approved_ingredient_harmonization_rules.csv,Generated from approved rule under recorded guard; legacy material identity preserved.
AOM_006104,aom:processingMethod,AOM_101071,Drying,PROCESS-DRIED,approved-generated,Pete Steward,2026-08-05,data/livestock-staging/approved_ingredient_harmonization_rules.csv,Generated from approved rule under recorded guard; legacy material identity preserved.
AOM_006104,aom:processingMethod,AOM_101095,Grinding,PROCESS-GROUND,approved-generated,Pete Steward,2026-08-05,data/livestock-staging/approved_ingredient_harmonization_rules.csv,Generated from approved rule under recorded guard; legacy material identity preserved.
AOM_006105,aom:ingredientPart,AOM_101033,Leaf,COMPONENT-LEAF,approved-generated,Pete Steward,2026-08-05,data/livestock-staging/approved_ingredient_harmonization_rules.csv,Generated from approved rule under recorded guard; legacy material identity preserved.
AOM_006105,aom:processingMethod,AOM_101071,Drying,PROCESS-DRIED,approved-generated,Pete Steward,2026-08-05,data/livestock-staging/approved_ingredient_harmonization_rules.csv,Generated from approved rule under recorded guard; legacy material identity preserved.
AOM_006105,aom:processingMethod,AOM_101095,Grinding,PROCESS-GROUND,approved-generated,Pete Steward,2026-08-05,data/livestock-staging/approved_ingredient_harmonization_rules.csv,Generated from approved rule under recorded guard; legacy material identity preserved.
AOM_006106,aom:ingredientPart,AOM_101033,Leaf,COMPONENT-LEAF,approved-generated,Pete Steward,2026-08-05,data/livestock-staging/approved_ingredient_harmonization_rules.csv,Generated from approved rule under recorded guard; legacy material identity preserved.
AOM_006106,aom:processingMethod,AOM_101102,Wilting,PROCESS-WILTED,approved-generated,Pete Steward,2026-08-05,data/livestock-staging/approved_ingredient_harmonization_rules.csv,Generated from approved rule under recorded guard; legacy material identity preserved.
AOM_006107,aom:processingMethod,AOM_101071,Drying,PROCESS-DRIED,approved-generated,Pete Steward,2026-08-05,data/livestock-staging/approved_ingredient_harmonization_rules.csv,Generated from approved rule under recorded guard; legacy material identity preserved.
AOM_006108,aom:ingredientPart,AOM_101107,Vine,COMPONENT-VINE,approved-generated,Pete Steward,2026-08-05,data/livestock-staging/approved_ingredient_harmonization_rules.csv,Generated from approved rule under recorded guard; legacy material identity preserved.
AOM_006108,aom:processingMethod,AOM_101071,Drying,PROCESS-DRIED,approved-generated,Pete Steward,2026-08-05,data/livestock-staging/approved_ingredient_harmonization_rules.csv,Generated from approved rule under recorded guard; legacy material identity preserved.
AOM_006109,aom:processingMethod,AOM_101071,Drying,PROCESS-DRIED,approved-generated,Pete Steward,2026-08-05,data/livestock-staging/approved_ingredient_harmonization_rules.csv,Generated from approved rule under recorded guard; legacy material identity preserved.
AOM_006110,aom:processingMethod,AOM_101091,Crushing,PROCESS-CRUSHED,approved-generated,Pete Steward,2026-08-05,data/livestock-staging/approved_ingredient_harmonization_rules.csv,Generated from approved rule under recorded guard; legacy material identity preserved.
AOM_006111,aom:processingMethod,AOM_101071,Drying,PROCESS-DRIED,approved-generated,Pete Steward,2026-08-05,data/livestock-staging/approved_ingredient_harmonization_rules.csv,Generated from approved rule under recorded guard; legacy material identity preserved.
AOM_006112,aom:processingMethod,AOM_000831,Ensiling,PROCESS-ENSILED,approved-generated,Pete Steward,2026-08-05,data/livestock-staging/approved_ingredient_harmonization_rules.csv,Generated from approved rule under recorded guard; legacy material identity preserved.
AOM_006113,aom:processingMethod,AOM_101071,Drying,PROCESS-DRIED,approved-generated,Pete Steward,2026-08-05,data/livestock-staging/approved_ingredient_harmonization_rules.csv,Generated from approved rule under recorded guard; legacy material identity preserved.
AOM_006113,aom:processingMethod,AOM_101091,Crushing,PROCESS-CRUSHED,approved-generated,Pete Steward,2026-08-05,data/livestock-staging/approved_ingredient_harmonization_rules.csv,Generated from approved rule under recorded guard; legacy material identity preserved.
AOM_006114,aom:processingMethod,AOM_101095,Grinding,PROCESS-GROUND,approved-generated,Pete Steward,2026-08-05,data/livestock-staging/approved_ingredient_harmonization_rules.csv,Generated from approved rule under recorded guard; legacy material identity preserved.
AOM_006115,aom:processingMethod,AOM_101102,Wilting,PROCESS-WILTED,approved-generated,Pete Steward,2026-08-05,data/livestock-staging/approved_ingredient_harmonization_rules.csv,Generated from approved rule under recorded guard; legacy material identity preserved.
AOM_006116,aom:processingMethod,AOM_101071,Drying,PROCESS-DRIED,approved-generated,Pete Steward,2026-08-05,data/livestock-staging/approved_ingredient_harmonization_rules.csv,Generated from approved rule under recorded guard; legacy material identity preserved.
AOM_006117,aom:processingMethod,AOM_101095,Grinding,PROCESS-GROUND,approved-generated,Pete Steward,2026-08-05,data/livestock-staging/approved_ingredient_harmonization_rules.csv,Generated from approved rule under recorded guard; legacy material identity preserved.
AOM_006118,aom:ingredientPart,AOM_101038,Seed,COMPONENT-SEED,approved-generated,Pete Steward,2026-08-05,data/livestock-staging/approved_ingredient_harmonization_rules.csv,Generated from approved rule under recorded guard; legacy material identity preserved.
AOM_006120,aom:processingMethod,AOM_101071,Drying,PROCESS-DRIED,approved-generated,Pete Steward,2026-08-05,data/livestock-staging/approved_ingredient_harmonization_rules.csv,Generated from approved rule under recorded guard; legacy material identity preserved.
AOM_006121,aom:ingredientPart,AOM_101033,Leaf,COMPONENT-LEAF,approved-generated,Pete Steward,2026-08-05,data/livestock-staging/approved_ingredient_harmonization_rules.csv,Generated from approved rule under recorded guard; legacy material identity preserved.
AOM_006121,aom:processingMethod,AOM_101071,Drying,PROCESS-DRIED,approved-generated,Pete Steward,2026-08-05,data/livestock-staging/approved_ingredient_harmonization_rules.csv,Generated from approved rule under recorded guard; legacy material identity preserved.
AOM_006121,aom:processingMethod,AOM_101095,Grinding,PROCESS-GROUND,approved-generated,Pete Steward,2026-08-05,data/livestock-staging/approved_ingredient_harmonization_rules.csv,Generated from approved rule under recorded guard; legacy material identity preserved.
AOM_006122,aom:ingredientPart,AOM_101033,Leaf,COMPONENT-LEAF,approved-generated,Pete Steward,2026-08-05,data/livestock-staging/approved_ingredient_harmonization_rules.csv,Generated from approved rule under recorded guard; legacy material identity preserved.
AOM_006122,aom:processingMethod,AOM_101071,Drying,PROCESS-DRIED,approved-generated,Pete Steward,2026-08-05,data/livestock-staging/approved_ingredient_harmonization_rules.csv,Generated from approved rule under recorded guard; legacy material identity preserved.
AOM_006122,aom:processingMethod,AOM_101095,Grinding,PROCESS-GROUND,approved-generated,Pete Steward,2026-08-05,data/livestock-staging/approved_ingredient_harmonization_rules.csv,Generated from approved rule under recorded guard; legacy material identity preserved.
AOM_006124,aom:processingMethod,AOM_101095,Grinding,PROCESS-GROUND,approved-generated,Pete Steward,2026-08-05,data/livestock-staging/approved_ingredient_harmonization_rules.csv,Generated from approved rule under recorded guard; legacy material identity preserved.
AOM_006126,aom:ingredientPart,AOM_101104,Bran,COMPONENT-BRAN,approved-generated,Pete Steward,2026-08-05,data/livestock-staging/approved_ingredient_harmonization_rules.csv,Generated from approved rule under recorded guard; legacy material identity preserved.
AOM_006126,aom:processingMethod,AOM_101071,Drying,PROCESS-DRIED,approved-generated,Pete Steward,2026-08-05,data/livestock-staging/approved_ingredient_harmonization_rules.csv,Generated from approved rule under recorded guard; legacy material identity preserved.
AOM_006127,aom:processingMethod,AOM_101071,Drying,PROCESS-DRIED,approved-generated,Pete Steward,2026-08-05,data/livestock-staging/approved_ingredient_harmonization_rules.csv,Generated from approved rule under recorded guard; legacy material identity preserved.
AOM_006128,aom:processingMethod,AOM_101095,Grinding,PROCESS-GROUND,approved-generated,Pete Steward,2026-08-05,data/livestock-staging/approved_ingredient_harmonization_rules.csv,Generated from approved rule under recorded guard; legacy material identity preserved.
AOM_006129,aom:processingMethod,AOM_101071,Drying,PROCESS-DRIED,approved-generated,Pete Steward,2026-08-05,data/livestock-staging/approved_ingredient_harmonization_rules.csv,Generated from approved rule under recorded guard; legacy material identity preserved.
AOM_006129,aom:processingMethod,AOM_101095,Grinding,PROCESS-GROUND,approved-generated,Pete Steward,2026-08-05,data/livestock-staging/approved_ingredient_harmonization_rules.csv,Generated from approved rule under recorded guard; legacy material identity preserved.
AOM_006130,aom:ingredientPart,AOM_101031,Husk,COMPONENT-HUSK,approved-generated,Pete Steward,2026-08-05,data/livestock-staging/approved_ingredient_harmonization_rules.csv,Generated from approved rule under recorded guard; legacy material identity preserved.
AOM_006130,aom:ingredientPart,AOM_101038,Seed,COMPONENT-SEED,approved-generated,Pete Steward,2026-08-05,data/livestock-staging/approved_ingredient_harmonization_rules.csv,Generated from approved rule under recorded guard; legacy material identity preserved.
AOM_006130,aom:processingMethod,AOM_101095,Grinding,PROCESS-GROUND,approved-generated,Pete Steward,2026-08-05,data/livestock-staging/approved_ingredient_harmonization_rules.csv,Generated from approved rule under recorded guard; legacy material identity preserved.
AOM_006133,aom:ingredientPart,AOM_101106,Straw,COMPONENT-STRAW,approved-generated,Pete Steward,2026-08-05,data/livestock-staging/approved_ingredient_harmonization_rules.csv,Generated from approved rule under recorded guard; legacy material identity preserved.
AOM_006133,aom:processingMethod,AOM_000831,Ensiling,PROCESS-ENSILED,approved-generated,Pete Steward,2026-08-05,data/livestock-staging/approved_ingredient_harmonization_rules.csv,Generated from approved rule under recorded guard; legacy material identity preserved.
AOM_006133,aom:processingMethod,AOM_101101,Urea treatment,PROCESS-UREA_TREATED,approved-generated,Pete Steward,2026-08-05,data/livestock-staging/approved_ingredient_harmonization_rules.csv,Generated from approved rule under recorded guard; legacy material identity preserved.
AOM_006135,aom:processingMethod,AOM_101102,Wilting,PROCESS-WILTED,approved-generated,Pete Steward,2026-08-05,data/livestock-staging/approved_ingredient_harmonization_rules.csv,Generated from approved rule under recorded guard; legacy material identity preserved.
AOM_006136,aom:ingredientPart,AOM_101038,Seed,COMPONENT-SEED,approved-generated,Pete Steward,2026-08-05,data/livestock-staging/approved_ingredient_harmonization_rules.csv,Generated from approved rule under recorded guard; legacy material identity preserved.
AOM_006136,aom:processingMethod,AOM_101071,Drying,PROCESS-DRIED,approved-generated,Pete Steward,2026-08-05,data/livestock-staging/approved_ingredient_harmonization_rules.csv,Generated from approved rule under recorded guard; legacy material identity preserved.
AOM_006136,aom:processingMethod,AOM_101095,Grinding,PROCESS-GROUND,approved-generated,Pete Steward,2026-08-05,data/livestock-staging/approved_ingredient_harmonization_rules.csv,Generated from approved rule under recorded guard; legacy material identity preserved.
AOM_006137,aom:ingredientPart,AOM_101033,Leaf,COMPONENT-LEAF,approved-generated,Pete Steward,2026-08-05,data/livestock-staging/approved_ingredient_harmonization_rules.csv,Generated from approved rule under recorded guard; legacy material identity preserved.
AOM_006137,aom:processingMethod,AOM_101071,Drying,PROCESS-DRIED,approved-generated,Pete Steward,2026-08-05,data/livestock-staging/approved_ingredient_harmonization_rules.csv,Generated from approved rule under recorded guard; legacy material identity preserved.
AOM_006138,aom:ingredientPart,AOM_101033,Leaf,COMPONENT-LEAF,approved-generated,Pete Steward,2026-08-05,data/livestock-staging/approved_ingredient_harmonization_rules.csv,Generated from approved rule under recorded guard; legacy material identity preserved.
AOM_006138,aom:processingMethod,AOM_101071,Drying,PROCESS-DRIED,approved-generated,Pete Steward,2026-08-05,data/livestock-staging/approved_ingredient_harmonization_rules.csv,Generated from approved rule under recorded guard; legacy material identity preserved.
AOM_006138,aom:processingMethod,AOM_101091,Crushing,PROCESS-CRUSHED,approved-generated,Pete Steward,2026-08-05,data/livestock-staging/approved_ingredient_harmonization_rules.csv,Generated from approved rule under recorded guard; legacy material identity preserved.
AOM_006139,aom:ingredientPart,AOM_101033,Leaf,COMPONENT-LEAF,approved-generated,Pete Steward,2026-08-05,data/livestock-staging/approved_ingredient_harmonization_rules.csv,Generated from approved rule under recorded guard; legacy material identity preserved.
AOM_006139,aom:processingMethod,AOM_101071,Drying,PROCESS-DRIED,approved-generated,Pete Steward,2026-08-05,data/livestock-staging/approved_ingredient_harmonization_rules.csv,Generated from approved rule under recorded guard; legacy material identity preserved.
AOM_006139,aom:processingMethod,AOM_101091,Crushing,PROCESS-CRUSHED,approved-generated,Pete Steward,2026-08-05,data/livestock-staging/approved_ingredient_harmonization_rules.csv,Generated from approved rule under recorded guard; legacy material identity preserved.
AOM_006140,aom:ingredientPart,AOM_101033,Leaf,COMPONENT-LEAF,approved-generated,Pete Steward,2026-08-05,data/livestock-staging/approved_ingredient_harmonization_rules.csv,Generated from approved rule under recorded guard; legacy material identity preserved.
AOM_006140,aom:processingMethod,AOM_101071,Drying,PROCESS-DRIED,approved-generated,Pete Steward,2026-08-05,data/livestock-staging/approved_ingredient_harmonization_rules.csv,Generated from approved rule under recorded guard; legacy material identity preserved.
AOM_006140,aom:processingMethod,AOM_101095,Grinding,PROCESS-GROUND,approved-generated,Pete Steward,2026-08-05,data/livestock-staging/approved_ingredient_harmonization_rules.csv,Generated from approved rule under recorded guard; legacy material identity preserved.
AOM_006141,aom:processingMethod,AOM_101102,Wilting,PROCESS-WILTED,approved-generated,Pete Steward,2026-08-05,data/livestock-staging/approved_ingredient_harmonization_rules.csv,Generated from approved rule under recorded guard; legacy material identity preserved.
AOM_006142,aom:ingredientPart,AOM_101106,Straw,COMPONENT-STRAW,approved-generated,Pete Steward,2026-08-05,data/livestock-staging/approved_ingredient_harmonization_rules.csv,Generated from approved rule under recorded guard; legacy material identity preserved.
AOM_006142,aom:processingMethod,AOM_101071,Drying,PROCESS-DRIED,approved-generated,Pete Steward,2026-08-05,data/livestock-staging/approved_ingredient_harmonization_rules.csv,Generated from approved rule under recorded guard; legacy material identity preserved.
AOM_006143,aom:processingMethod,AOM_101071,Drying,PROCESS-DRIED,approved-generated,Pete Steward,2026-08-05,data/livestock-staging/approved_ingredient_harmonization_rules.csv,Generated from approved rule under recorded guard; legacy material identity preserved.
AOM_006144,aom:processingMethod,AOM_101071,Drying,PROCESS-DRIED,approved-generated,Pete Steward,2026-08-05,data/livestock-staging/approved_ingredient_harmonization_rules.csv,Generated from approved rule under recorded guard; legacy material identity preserved.
AOM_006144,aom:processingMethod,AOM_101095,Grinding,PROCESS-GROUND,approved-generated,Pete Steward,2026-08-05,data/livestock-staging/approved_ingredient_harmonization_rules.csv,Generated from approved rule under recorded guard; legacy material identity preserved.
AOM_006145,aom:processingMethod,AOM_101071,Drying,PROCESS-DRIED,approved-generated,Pete Steward,2026-08-05,data/livestock-staging/approved_ingredient_harmonization_rules.csv,Generated from approved rule under recorded guard; legacy material identity preserved.
AOM_006146,aom:processingMethod,AOM_000831,Ensiling,PROCESS-ENSILED,approved-generated,Pete Steward,2026-08-05,data/livestock-staging/approved_ingredient_harmonization_rules.csv,Generated from approved rule under recorded guard; legacy material identity preserved.
AOM_006147,aom:processingMethod,AOM_101071,Drying,PROCESS-DRIED,approved-generated,Pete Steward,2026-08-05,data/livestock-staging/approved_ingredient_harmonization_rules.csv,Generated from approved rule under recorded guard; legacy material identity preserved.
AOM_006147,aom:processingMethod,AOM_101095,Grinding,PROCESS-GROUND,approved-generated,Pete Steward,2026-08-05,data/livestock-staging/approved_ingredient_harmonization_rules.csv,Generated from approved rule under recorded guard; legacy material identity preserved.
AOM_006148,aom:processingMethod,AOM_101094,Fermentation,PROCESS-FERMENTED,approved-generated,Pete Steward,2026-08-05,data/livestock-staging/approved_ingredient_harmonization_rules.csv,Generated from approved rule under recorded guard; legacy material identity preserved.
AOM_006149,aom:ingredientPart,AOM_101033,Leaf,COMPONENT-LEAF,approved-generated,Pete Steward,2026-08-05,data/livestock-staging/approved_ingredient_harmonization_rules.csv,Generated from approved rule under recorded guard; legacy material identity preserved.
AOM_006149,aom:processingMethod,AOM_101071,Drying,PROCESS-DRIED,approved-generated,Pete Steward,2026-08-05,data/livestock-staging/approved_ingredient_harmonization_rules.csv,Generated from approved rule under recorded guard; legacy material identity preserved.
AOM_006151,aom:ingredientPart,AOM_101032,Kernel,COMPONENT-KERNEL,approved-generated,Pete Steward,2026-08-05,data/livestock-staging/approved_ingredient_harmonization_rules.csv,Generated from approved rule under recorded guard; legacy material identity preserved.
AOM_006151,aom:processingMethod,AOM_101071,Drying,PROCESS-DRIED,approved-generated,Pete Steward,2026-08-05,data/livestock-staging/approved_ingredient_harmonization_rules.csv,Generated from approved rule under recorded guard; legacy material identity preserved.
AOM_006151,aom:processingMethod,AOM_101095,Grinding,PROCESS-GROUND,approved-generated,Pete Steward,2026-08-05,data/livestock-staging/approved_ingredient_harmonization_rules.csv,Generated from approved rule under recorded guard; legacy material identity preserved.
AOM_006154,aom:processingMethod,AOM_101095,Grinding,PROCESS-GROUND,approved-generated,Pete Steward,2026-08-05,data/livestock-staging/approved_ingredient_harmonization_rules.csv,Generated from approved rule under recorded guard; legacy material identity preserved.
AOM_006156,aom:ingredientPart,AOM_101074,Grain,COMPONENT-GRAIN,approved-generated,Pete Steward,2026-08-05,data/livestock-staging/approved_ingredient_harmonization_rules.csv,Generated from approved rule under recorded guard; legacy material identity preserved.
AOM_006156,aom:processingMethod,AOM_101095,Grinding,PROCESS-GROUND,approved-generated,Pete Steward,2026-08-05,data/livestock-staging/approved_ingredient_harmonization_rules.csv,Generated from approved rule under recorded guard; legacy material identity preserved.
AOM_006158,aom:ingredientPart,AOM_101038,Seed,COMPONENT-SEED,approved-generated,Pete Steward,2026-08-05,data/livestock-staging/approved_ingredient_harmonization_rules.csv,Generated from approved rule under recorded guard; legacy material identity preserved.
AOM_006158,aom:processingMethod,AOM_101071,Drying,PROCESS-DRIED,approved-generated,Pete Steward,2026-08-05,data/livestock-staging/approved_ingredient_harmonization_rules.csv,Generated from approved rule under recorded guard; legacy material identity preserved.
AOM_006158,aom:processingMethod,AOM_101091,Crushing,PROCESS-CRUSHED,approved-generated,Pete Steward,2026-08-05,data/livestock-staging/approved_ingredient_harmonization_rules.csv,Generated from approved rule under recorded guard; legacy material identity preserved.
AOM_006159,aom:processingMethod,AOM_101071,Drying,PROCESS-DRIED,approved-generated,Pete Steward,2026-08-05,data/livestock-staging/approved_ingredient_harmonization_rules.csv,Generated from approved rule under recorded guard; legacy material identity preserved.
AOM_006161,aom:processingMethod,AOM_101071,Drying,PROCESS-DRIED,approved-generated,Pete Steward,2026-08-05,data/livestock-staging/approved_ingredient_harmonization_rules.csv,Generated from approved rule under recorded guard; legacy material identity preserved.
AOM_006161,aom:processingMethod,AOM_101095,Grinding,PROCESS-GROUND,approved-generated,Pete Steward,2026-08-05,data/livestock-staging/approved_ingredient_harmonization_rules.csv,Generated from approved rule under recorded guard; legacy material identity preserved.
AOM_006162,aom:processingMethod,AOM_101071,Drying,PROCESS-DRIED,approved-generated,Pete Steward,2026-08-05,data/livestock-staging/approved_ingredient_harmonization_rules.csv,Generated from approved rule under recorded guard; legacy material identity preserved.
AOM_006162,aom:processingMethod,AOM_101094,Fermentation,PROCESS-FERMENTED,approved-generated,Pete Steward,2026-08-05,data/livestock-staging/approved_ingredient_harmonization_rules.csv,Generated from approved rule under recorded guard; legacy material identity preserved.
AOM_006162,aom:processingMethod,AOM_101095,Grinding,PROCESS-GROUND,approved-generated,Pete Steward,2026-08-05,data/livestock-staging/approved_ingredient_harmonization_rules.csv,Generated from approved rule under recorded guard; legacy material identity preserved.
AOM_006163,aom:processingMethod,AOM_101071,Drying,PROCESS-DRIED,approved-generated,Pete Steward,2026-08-05,data/livestock-staging/approved_ingredient_harmonization_rules.csv,Generated from approved rule under recorded guard; legacy material identity preserved.
AOM_006163,aom:processingMethod,AOM_101094,Fermentation,PROCESS-FERMENTED,approved-generated,Pete Steward,2026-08-05,data/livestock-staging/approved_ingredient_harmonization_rules.csv,Generated from approved rule under recorded guard; legacy material identity preserved.
AOM_006163,aom:processingMethod,AOM_101095,Grinding,PROCESS-GROUND,approved-generated,Pete Steward,2026-08-05,data/livestock-staging/approved_ingredient_harmonization_rules.csv,Generated from approved rule under recorded guard; legacy material identity preserved.
AOM_006164,aom:ingredientPart,AOM_101074,Grain,COMPONENT-GRAIN,approved-generated,Pete Steward,2026-08-05,data/livestock-staging/approved_ingredient_harmonization_rules.csv,Generated from approved rule under recorded guard; legacy material identity preserved.
AOM_006164,aom:processingMethod,AOM_101091,Crushing,PROCESS-CRUSHED,approved-generated,Pete Steward,2026-08-05,data/livestock-staging/approved_ingredient_harmonization_rules.csv,Generated from approved rule under recorded guard; legacy material identity preserved.
AOM_006165,aom:ingredientPart,AOM_101106,Straw,COMPONENT-STRAW,approved-generated,Pete Steward,2026-08-05,data/livestock-staging/approved_ingredient_harmonization_rules.csv,Generated from approved rule under recorded guard; legacy material identity preserved.
AOM_006165,aom:processingMethod,AOM_000831,Ensiling,PROCESS-ENSILED,approved-generated,Pete Steward,2026-08-05,data/livestock-staging/approved_ingredient_harmonization_rules.csv,Generated from approved rule under recorded guard; legacy material identity preserved.
AOM_006165,aom:processingMethod,AOM_101101,Urea treatment,PROCESS-UREA_TREATED,approved-generated,Pete Steward,2026-08-05,data/livestock-staging/approved_ingredient_harmonization_rules.csv,Generated from approved rule under recorded guard; legacy material identity preserved.
AOM_006165,aom:processingMethod,AOM_101102,Wilting,PROCESS-WILTED,approved-generated,Pete Steward,2026-08-05,data/livestock-staging/approved_ingredient_harmonization_rules.csv,Generated from approved rule under recorded guard; legacy material identity preserved.
AOM_006166,aom:ingredientPart,AOM_101038,Seed,COMPONENT-SEED,approved-generated,Pete Steward,2026-08-05,data/livestock-staging/approved_ingredient_harmonization_rules.csv,Generated from approved rule under recorded guard; legacy material identity preserved.
AOM_006166,aom:processingMethod,AOM_101071,Drying,PROCESS-DRIED,approved-generated,Pete Steward,2026-08-05,data/livestock-staging/approved_ingredient_harmonization_rules.csv,Generated from approved rule under recorded guard; legacy material identity preserved.
AOM_006167,aom:processingMethod,AOM_101095,Grinding,PROCESS-GROUND,approved-generated,Pete Steward,2026-08-05,data/livestock-staging/approved_ingredient_harmonization_rules.csv,Generated from approved rule under recorded guard; legacy material identity preserved.
AOM_006170,aom:processingMethod,AOM_101071,Drying,PROCESS-DRIED,approved-generated,Pete Steward,2026-08-05,data/livestock-staging/approved_ingredient_harmonization_rules.csv,Generated from approved rule under recorded guard; legacy material identity preserved.
AOM_006171,aom:ingredientPart,AOM_101038,Seed,COMPONENT-SEED,approved-generated,Pete Steward,2026-08-05,data/livestock-staging/approved_ingredient_harmonization_rules.csv,Generated from approved rule under recorded guard; legacy material identity preserved.
AOM_006171,aom:processingMethod,AOM_101071,Drying,PROCESS-DRIED,approved-generated,Pete Steward,2026-08-05,data/livestock-staging/approved_ingredient_harmonization_rules.csv,Generated from approved rule under recorded guard; legacy material identity preserved.
AOM_006171,aom:processingMethod,AOM_101095,Grinding,PROCESS-GROUND,approved-generated,Pete Steward,2026-08-05,data/livestock-staging/approved_ingredient_harmonization_rules.csv,Generated from approved rule under recorded guard; legacy material identity preserved.
AOM_006172,aom:ingredientPart,AOM_101038,Seed,COMPONENT-SEED,approved-generated,Pete Steward,2026-08-05,data/livestock-staging/approved_ingredient_harmonization_rules.csv,Generated from approved rule under recorded guard; legacy material identity preserved.
AOM_006172,aom:processingMethod,AOM_101071,Drying,PROCESS-DRIED,approved-generated,Pete Steward,2026-08-05,data/livestock-staging/approved_ingredient_harmonization_rules.csv,Generated from approved rule under recorded guard; legacy material identity preserved.
AOM_006172,aom:processingMethod,AOM_101094,Fermentation,PROCESS-FERMENTED,approved-generated,Pete Steward,2026-08-05,data/livestock-staging/approved_ingredient_harmonization_rules.csv,Generated from approved rule under recorded guard; legacy material identity preserved.
AOM_006172,aom:processingMethod,AOM_101095,Grinding,PROCESS-GROUND,approved-generated,Pete Steward,2026-08-05,data/livestock-staging/approved_ingredient_harmonization_rules.csv,Generated from approved rule under recorded guard; legacy material identity preserved.
AOM_006173,aom:ingredientPart,AOM_101038,Seed,COMPONENT-SEED,approved-generated,Pete Steward,2026-08-05,data/livestock-staging/approved_ingredient_harmonization_rules.csv,Generated from approved rule under recorded guard; legacy material identity preserved.
AOM_006173,aom:processingMethod,AOM_101095,Grinding,PROCESS-GROUND,approved-generated,Pete Steward,2026-08-05,data/livestock-staging/approved_ingredient_harmonization_rules.csv,Generated from approved rule under recorded guard; legacy material identity preserved.
AOM_006174,aom:processingMethod,AOM_101071,Drying,PROCESS-DRIED,approved-generated,Pete Steward,2026-08-05,data/livestock-staging/approved_ingredient_harmonization_rules.csv,Generated from approved rule under recorded guard; legacy material identity preserved.
AOM_006174,aom:processingMethod,AOM_101095,Grinding,PROCESS-GROUND,approved-generated,Pete Steward,2026-08-05,data/livestock-staging/approved_ingredient_harmonization_rules.csv,Generated from approved rule under recorded guard; legacy material identity preserved.
AOM_006175,aom:ingredientPart,AOM_101106,Straw,COMPONENT-STRAW,approved-generated,Pete Steward,2026-08-05,data/livestock-staging/approved_ingredient_harmonization_rules.csv,Generated from approved rule under recorded guard; legacy material identity preserved.
AOM_006175,aom:processingMethod,AOM_000831,Ensiling,PROCESS-ENSILED,approved-generated,Pete Steward,2026-08-05,data/livestock-staging/approved_ingredient_harmonization_rules.csv,Generated from approved rule under recorded guard; legacy material identity preserved.
AOM_006175,aom:processingMethod,AOM_101094,Fermentation,PROCESS-FERMENTED,approved-generated,Pete Steward,2026-08-05,data/livestock-staging/approved_ingredient_harmonization_rules.csv,Generated from approved rule under recorded guard; legacy material identity preserved.
AOM_006176,aom:ingredientPart,AOM_101038,Seed,COMPONENT-SEED,approved-generated,Pete Steward,2026-08-05,data/livestock-staging/approved_ingredient_harmonization_rules.csv,Generated from approved rule under recorded guard; legacy material identity preserved.
AOM_006176,aom:processingMethod,AOM_101071,Drying,PROCESS-DRIED,approved-generated,Pete Steward,2026-08-05,data/livestock-staging/approved_ingredient_harmonization_rules.csv,Generated from approved rule under recorded guard; legacy material identity preserved.
AOM_006176,aom:processingMethod,AOM_101091,Crushing,PROCESS-CRUSHED,approved-generated,Pete Steward,2026-08-05,data/livestock-staging/approved_ingredient_harmonization_rules.csv,Generated from approved rule under recorded guard; legacy material identity preserved.
AOM_006177,aom:ingredientPart,AOM_101033,Leaf,COMPONENT-LEAF,approved-generated,Pete Steward,2026-08-05,data/livestock-staging/approved_ingredient_harmonization_rules.csv,Generated from approved rule under recorded guard; legacy material identity preserved.
AOM_006177,aom:processingMethod,AOM_101071,Drying,PROCESS-DRIED,approved-generated,Pete Steward,2026-08-05,data/livestock-staging/approved_ingredient_harmonization_rules.csv,Generated from approved rule under recorded guard; legacy material identity preserved.
AOM_006178,aom:processingMethod,AOM_000831,Ensiling,PROCESS-ENSILED,approved-generated,Pete Steward,2026-08-05,data/livestock-staging/approved_ingredient_harmonization_rules.csv,Generated from approved rule under recorded guard; legacy material identity preserved.
AOM_006179,aom:processingMethod,AOM_101095,Grinding,PROCESS-GROUND,approved-generated,Pete Steward,2026-08-05,data/livestock-staging/approved_ingredient_harmonization_rules.csv,Generated from approved rule under recorded guard; legacy material identity preserved.
AOM_006181,aom:ingredientPart,AOM_101106,Straw,COMPONENT-STRAW,approved-generated,Pete Steward,2026-08-05,data/livestock-staging/approved_ingredient_harmonization_rules.csv,Generated from approved rule under recorded guard; legacy material identity preserved.
AOM_006181,aom:processingMethod,AOM_000831,Ensiling,PROCESS-ENSILED,approved-generated,Pete Steward,2026-08-05,data/livestock-staging/approved_ingredient_harmonization_rules.csv,Generated from approved rule under recorded guard; legacy material identity preserved.
AOM_006182,aom:ingredientPart,AOM_101107,Vine,COMPONENT-VINE,approved-generated,Pete Steward,2026-08-05,data/livestock-staging/approved_ingredient_harmonization_rules.csv,Generated from approved rule under recorded guard; legacy material identity preserved.
AOM_006182,aom:processingMethod,AOM_101071,Drying,PROCESS-DRIED,approved-generated,Pete Steward,2026-08-05,data/livestock-staging/approved_ingredient_harmonization_rules.csv,Generated from approved rule under recorded guard; legacy material identity preserved.
AOM_006183,aom:ingredientPart,AOM_101107,Vine,COMPONENT-VINE,approved-generated,Pete Steward,2026-08-05,data/livestock-staging/approved_ingredient_harmonization_rules.csv,Generated from approved rule under recorded guard; legacy material identity preserved.
AOM_006183,aom:processingMethod,AOM_101071,Drying,PROCESS-DRIED,approved-generated,Pete Steward,2026-08-05,data/livestock-staging/approved_ingredient_harmonization_rules.csv,Generated from approved rule under recorded guard; legacy material identity preserved.
AOM_006183,aom:processingMethod,AOM_101094,Fermentation,PROCESS-FERMENTED,approved-generated,Pete Steward,2026-08-05,data/livestock-staging/approved_ingredient_harmonization_rules.csv,Generated from approved rule under recorded guard; legacy material identity preserved.
AOM_006184,aom:processingMethod,AOM_101095,Grinding,PROCESS-GROUND,approved-generated,Pete Steward,2026-08-05,data/livestock-staging/approved_ingredient_harmonization_rules.csv,Generated from approved rule under recorded guard; legacy material identity preserved.
AOM_006184,aom:processingMethod,AOM_101102,Wilting,PROCESS-WILTED,approved-generated,Pete Steward,2026-08-05,data/livestock-staging/approved_ingredient_harmonization_rules.csv,Generated from approved rule under recorded guard; legacy material identity preserved.
AOM_006185,aom:ingredientPart,AOM_101033,Leaf,COMPONENT-LEAF,approved-generated,Pete Steward,2026-08-05,data/livestock-staging/approved_ingredient_harmonization_rules.csv,Generated from approved rule under recorded guard; legacy material identity preserved.
AOM_006185,aom:processingMethod,AOM_101071,Drying,PROCESS-DRIED,approved-generated,Pete Steward,2026-08-05,data/livestock-staging/approved_ingredient_harmonization_rules.csv,Generated from approved rule under recorded guard; legacy material identity preserved.
AOM_006185,aom:processingMethod,AOM_101095,Grinding,PROCESS-GROUND,approved-generated,Pete Steward,2026-08-05,data/livestock-staging/approved_ingredient_harmonization_rules.csv,Generated from approved rule under recorded guard; legacy material identity preserved.
AOM_006186,aom:processingMethod,AOM_101071,Drying,PROCESS-DRIED,approved-generated,Pete Steward,2026-08-05,data/livestock-staging/approved_ingredient_harmonization_rules.csv,Generated from approved rule under recorded guard; legacy material identity preserved.
AOM_006186,aom:processingMethod,AOM_101095,Grinding,PROCESS-GROUND,approved-generated,Pete Steward,2026-08-05,data/livestock-staging/approved_ingredient_harmonization_rules.csv,Generated from approved rule under recorded guard; legacy material identity preserved.
AOM_006187,aom:ingredientPart,AOM_101031,Husk,COMPONENT-HUSK,approved-generated,Pete Steward,2026-08-05,data/livestock-staging/approved_ingredient_harmonization_rules.csv,Generated from approved rule under recorded guard; legacy material identity preserved.
AOM_006187,aom:processingMethod,AOM_000831,Ensiling,PROCESS-ENSILED,approved-generated,Pete Steward,2026-08-05,data/livestock-staging/approved_ingredient_harmonization_rules.csv,Generated from approved rule under recorded guard; legacy material identity preserved.
AOM_006188,aom:ingredientPart,AOM_101031,Husk,COMPONENT-HUSK,approved-generated,Pete Steward,2026-08-05,data/livestock-staging/approved_ingredient_harmonization_rules.csv,Generated from approved rule under recorded guard; legacy material identity preserved.
AOM_006188,aom:processingMethod,AOM_101094,Fermentation,PROCESS-FERMENTED,approved-generated,Pete Steward,2026-08-05,data/livestock-staging/approved_ingredient_harmonization_rules.csv,Generated from approved rule under recorded guard; legacy material identity preserved.
AOM_006190,aom:ingredientPart,AOM_101106,Straw,COMPONENT-STRAW,approved-generated,Pete Steward,2026-08-05,data/livestock-staging/approved_ingredient_harmonization_rules.csv,Generated from approved rule under recorded guard; legacy material identity preserved.
AOM_006190,aom:processingMethod,AOM_101095,Grinding,PROCESS-GROUND,approved-generated,Pete Steward,2026-08-05,data/livestock-staging/approved_ingredient_harmonization_rules.csv,Generated from approved rule under recorded guard; legacy material identity preserved.
AOM_006191,aom:ingredientPart,AOM_101106,Straw,COMPONENT-STRAW,approved-generated,Pete Steward,2026-08-05,data/livestock-staging/approved_ingredient_harmonization_rules.csv,Generated from approved rule under recorded guard; legacy material identity preserved.
AOM_006191,aom:processingMethod,AOM_101071,Drying,PROCESS-DRIED,approved-generated,Pete Steward,2026-08-05,data/livestock-staging/approved_ingredient_harmonization_rules.csv,Generated from approved rule under recorded guard; legacy material identity preserved.
AOM_006192,aom:ingredientPart,AOM_101106,Straw,COMPONENT-STRAW,approved-generated,Pete Steward,2026-08-05,data/livestock-staging/approved_ingredient_harmonization_rules.csv,Generated from approved rule under recorded guard; legacy material identity preserved.
AOM_006192,aom:processingMethod,AOM_000831,Ensiling,PROCESS-ENSILED,approved-generated,Pete Steward,2026-08-05,data/livestock-staging/approved_ingredient_harmonization_rules.csv,Generated from approved rule under recorded guard; legacy material identity preserved.
AOM_006192,aom:processingMethod,AOM_101071,Drying,PROCESS-DRIED,approved-generated,Pete Steward,2026-08-05,data/livestock-staging/approved_ingredient_harmonization_rules.csv,Generated from approved rule under recorded guard; legacy material identity preserved.
AOM_006192,aom:processingMethod,AOM_101101,Urea treatment,PROCESS-UREA_TREATED,approved-generated,Pete Steward,2026-08-05,data/livestock-staging/approved_ingredient_harmonization_rules.csv,Generated from approved rule under recorded guard; legacy material identity preserved.
AOM_006194,aom:processingMethod,AOM_101095,Grinding,PROCESS-GROUND,approved-generated,Pete Steward,2026-08-05,data/livestock-staging/approved_ingredient_harmonization_rules.csv,Generated from approved rule under recorded guard; legacy material identity preserved.
AOM_006196,aom:ingredientPart,AOM_101038,Seed,COMPONENT-SEED,approved-generated,Pete Steward,2026-08-05,data/livestock-staging/approved_ingredient_harmonization_rules.csv,Generated from approved rule under recorded guard; legacy material identity preserved.
AOM_006196,aom:processingMethod,AOM_101095,Grinding,PROCESS-GROUND,approved-generated,Pete Steward,2026-08-05,data/livestock-staging/approved_ingredient_harmonization_rules.csv,Generated from approved rule under recorded guard; legacy material identity preserved.
AOM_006198,aom:processingMethod,AOM_101071,Drying,PROCESS-DRIED,approved-generated,Pete Steward,2026-08-05,data/livestock-staging/approved_ingredient_harmonization_rules.csv,Generated from approved rule under recorded guard; legacy material identity preserved.
AOM_006198,aom:processingMethod,AOM_101095,Grinding,PROCESS-GROUND,approved-generated,Pete Steward,2026-08-05,data/livestock-staging/approved_ingredient_harmonization_rules.csv,Generated from approved rule under recorded guard; legacy material identity preserved.
AOM_006201,aom:processingMethod,AOM_101071,Drying,PROCESS-DRIED,approved-generated,Pete Steward,2026-08-05,data/livestock-staging/approved_ingredient_harmonization_rules.csv,Generated from approved rule under recorded guard; legacy material identity preserved.
AOM_006201,aom:processingMethod,AOM_101091,Crushing,PROCESS-CRUSHED,approved-generated,Pete Steward,2026-08-05,data/livestock-staging/approved_ingredient_harmonization_rules.csv,Generated from approved rule under recorded guard; legacy material identity preserved.
AOM_006203,aom:ingredientPart,AOM_101034,Peel,COMPONENT-PEEL,approved-generated,Pete Steward,2026-08-05,data/livestock-staging/approved_ingredient_harmonization_rules.csv,Generated from approved rule under recorded guard; legacy material identity preserved.
AOM_006204,aom:processingMethod,AOM_101095,Grinding,PROCESS-GROUND,approved-generated,Pete Steward,2026-08-05,data/livestock-staging/approved_ingredient_harmonization_rules.csv,Generated from approved rule under recorded guard; legacy material identity preserved.
AOM_006205,aom:processingMethod,AOM_101091,Crushing,PROCESS-CRUSHED,approved-generated,Pete Steward,2026-08-05,data/livestock-staging/approved_ingredient_harmonization_rules.csv,Generated from approved rule under recorded guard; legacy material identity preserved.
AOM_006206,aom:ingredientPart,AOM_101106,Straw,COMPONENT-STRAW,approved-generated,Pete Steward,2026-08-05,data/livestock-staging/approved_ingredient_harmonization_rules.csv,Generated from approved rule under recorded guard; legacy material identity preserved.
AOM_006206,aom:processingMethod,AOM_000831,Ensiling,PROCESS-ENSILED,approved-generated,Pete Steward,2026-08-05,data/livestock-staging/approved_ingredient_harmonization_rules.csv,Generated from approved rule under recorded guard; legacy material identity preserved.
AOM_006206,aom:processingMethod,AOM_101094,Fermentation,PROCESS-FERMENTED,approved-generated,Pete Steward,2026-08-05,data/livestock-staging/approved_ingredient_harmonization_rules.csv,Generated from approved rule under recorded guard; legacy material identity preserved.
AOM_006207,aom:processingMethod,AOM_101095,Grinding,PROCESS-GROUND,approved-generated,Pete Steward,2026-08-05,data/livestock-staging/approved_ingredient_harmonization_rules.csv,Generated from approved rule under recorded guard; legacy material identity preserved.
AOM_006208,aom:processingMethod,AOM_101071,Drying,PROCESS-DRIED,approved-generated,Pete Steward,2026-08-05,data/livestock-staging/approved_ingredient_harmonization_rules.csv,Generated from approved rule under recorded guard; legacy material identity preserved.
AOM_006208,aom:processingMethod,AOM_101095,Grinding,PROCESS-GROUND,approved-generated,Pete Steward,2026-08-05,data/livestock-staging/approved_ingredient_harmonization_rules.csv,Generated from approved rule under recorded guard; legacy material identity preserved.
AOM_006209,aom:ingredientPart,AOM_101033,Leaf,COMPONENT-LEAF,approved-generated,Pete Steward,2026-08-05,data/livestock-staging/approved_ingredient_harmonization_rules.csv,Generated from approved rule under recorded guard; legacy material identity preserved.
AOM_006209,aom:processingMethod,AOM_101071,Drying,PROCESS-DRIED,approved-generated,Pete Steward,2026-08-05,data/livestock-staging/approved_ingredient_harmonization_rules.csv,Generated from approved rule under recorded guard; legacy material identity preserved.
AOM_006210,aom:ingredientPart,AOM_101033,Leaf,COMPONENT-LEAF,approved-generated,Pete Steward,2026-08-05,data/livestock-staging/approved_ingredient_harmonization_rules.csv,Generated from approved rule under recorded guard; legacy material identity preserved.
AOM_006210,aom:processingMethod,AOM_101071,Drying,PROCESS-DRIED,approved-generated,Pete Steward,2026-08-05,data/livestock-staging/approved_ingredient_harmonization_rules.csv,Generated from approved rule under recorded guard; legacy material identity preserved.
AOM_006210,aom:processingMethod,AOM_101091,Crushing,PROCESS-CRUSHED,approved-generated,Pete Steward,2026-08-05,data/livestock-staging/approved_ingredient_harmonization_rules.csv,Generated from approved rule under recorded guard; legacy material identity preserved.
AOM_006211,aom:processingMethod,AOM_101102,Wilting,PROCESS-WILTED,approved-generated,Pete Steward,2026-08-05,data/livestock-staging/approved_ingredient_harmonization_rules.csv,Generated from approved rule under recorded guard; legacy material identity preserved.
AOM_006212,aom:ingredientPart,AOM_101033,Leaf,COMPONENT-LEAF,approved-generated,Pete Steward,2026-08-05,data/livestock-staging/approved_ingredient_harmonization_rules.csv,Generated from approved rule under recorded guard; legacy material identity preserved.
AOM_006212,aom:processingMethod,AOM_101095,Grinding,PROCESS-GROUND,approved-generated,Pete Steward,2026-08-05,data/livestock-staging/approved_ingredient_harmonization_rules.csv,Generated from approved rule under recorded guard; legacy material identity preserved.
AOM_006213,aom:ingredientPart,AOM_101033,Leaf,COMPONENT-LEAF,approved-generated,Pete Steward,2026-08-05,data/livestock-staging/approved_ingredient_harmonization_rules.csv,Generated from approved rule under recorded guard; legacy material identity preserved.
AOM_006213,aom:processingMethod,AOM_000831,Ensiling,PROCESS-ENSILED,approved-generated,Pete Steward,2026-08-05,data/livestock-staging/approved_ingredient_harmonization_rules.csv,Generated from approved rule under recorded guard; legacy material identity preserved.
AOM_006213,aom:processingMethod,AOM_101071,Drying,PROCESS-DRIED,approved-generated,Pete Steward,2026-08-05,data/livestock-staging/approved_ingredient_harmonization_rules.csv,Generated from approved rule under recorded guard; legacy material identity preserved.
AOM_006213,aom:processingMethod,AOM_101101,Urea treatment,PROCESS-UREA_TREATED,approved-generated,Pete Steward,2026-08-05,data/livestock-staging/approved_ingredient_harmonization_rules.csv,Generated from approved rule under recorded guard; legacy material identity preserved.
AOM_006214,aom:ingredientPart,AOM_101034,Peel,COMPONENT-PEEL,approved-generated,Pete Steward,2026-08-05,data/livestock-staging/approved_ingredient_harmonization_rules.csv,Generated from approved rule under recorded guard; legacy material identity preserved.
AOM_006214,aom:processingMethod,AOM_101070,Pressing,PROCESS-PRESSED,approved-generated,Pete Steward,2026-08-05,data/livestock-staging/approved_ingredient_harmonization_rules.csv,Generated from approved rule under recorded guard; legacy material identity preserved.
AOM_006214,aom:processingMethod,AOM_101101,Urea treatment,PROCESS-UREA_TREATED,approved-generated,Pete Steward,2026-08-05,data/livestock-staging/approved_ingredient_harmonization_rules.csv,Generated from approved rule under recorded guard; legacy material identity preserved.
AOM_006215,aom:ingredientPart,AOM_101034,Peel,COMPONENT-PEEL,approved-generated,Pete Steward,2026-08-05,data/livestock-staging/approved_ingredient_harmonization_rules.csv,Generated from approved rule under recorded guard; legacy material identity preserved.
AOM_006215,aom:processingMethod,AOM_101092,Enzyme treatment,PROCESS-ENZYME_TREATED,approved-generated,Pete Steward,2026-08-05,data/livestock-staging/approved_ingredient_harmonization_rules.csv,Generated from approved rule under recorded guard; legacy material identity preserved.
AOM_006215,aom:processingMethod,AOM_101095,Grinding,PROCESS-GROUND,approved-generated,Pete Steward,2026-08-05,data/livestock-staging/approved_ingredient_harmonization_rules.csv,Generated from approved rule under recorded guard; legacy material identity preserved.
AOM_006216,aom:ingredientPart,AOM_101034,Peel,COMPONENT-PEEL,approved-generated,Pete Steward,2026-08-05,data/livestock-staging/approved_ingredient_harmonization_rules.csv,Generated from approved rule under recorded guard; legacy material identity preserved.
AOM_006216,aom:processingMethod,AOM_101101,Urea treatment,PROCESS-UREA_TREATED,approved-generated,Pete Steward,2026-08-05,data/livestock-staging/approved_ingredient_harmonization_rules.csv,Generated from approved rule under recorded guard; legacy material identity preserved.
AOM_006217,aom:processingMethod,AOM_101071,Drying,PROCESS-DRIED,approved-generated,Pete Steward,2026-08-05,data/livestock-staging/approved_ingredient_harmonization_rules.csv,Generated from approved rule under recorded guard; legacy material identity preserved.
AOM_006217,aom:processingMethod,AOM_101087,Alkali treatment,PROCESS-ALKALI_TREATED,approved-generated,Pete Steward,2026-08-05,data/livestock-staging/approved_ingredient_harmonization_rules.csv,Generated from approved rule under recorded guard; legacy material identity preserved.
AOM_006217,aom:processingMethod,AOM_101094,Fermentation,PROCESS-FERMENTED,approved-generated,Pete Steward,2026-08-05,data/livestock-staging/approved_ingredient_harmonization_rules.csv,Generated from approved rule under recorded guard; legacy material identity preserved.
AOM_006218,aom:ingredientPart,AOM_101026,Cob,COMPONENT-COB,approved-generated,Pete Steward,2026-08-05,data/livestock-staging/approved_ingredient_harmonization_rules.csv,Generated from approved rule under recorded guard; legacy material identity preserved.
AOM_006218,aom:processingMethod,AOM_101092,Enzyme treatment,PROCESS-ENZYME_TREATED,approved-generated,Pete Steward,2026-08-05,data/livestock-staging/approved_ingredient_harmonization_rules.csv,Generated from approved rule under recorded guard; legacy material identity preserved.
AOM_006218,aom:processingMethod,AOM_101095,Grinding,PROCESS-GROUND,approved-generated,Pete Steward,2026-08-05,data/livestock-staging/approved_ingredient_harmonization_rules.csv,Generated from approved rule under recorded guard; legacy material identity preserved.
AOM_006219,aom:ingredientPart,AOM_101038,Seed,COMPONENT-SEED,approved-generated,Pete Steward,2026-08-05,data/livestock-staging/approved_ingredient_harmonization_rules.csv,Generated from approved rule under recorded guard; legacy material identity preserved.
AOM_006219,aom:processingMethod,AOM_101071,Drying,PROCESS-DRIED,approved-generated,Pete Steward,2026-08-05,data/livestock-staging/approved_ingredient_harmonization_rules.csv,Generated from approved rule under recorded guard; legacy material identity preserved.
AOM_006219,aom:processingMethod,AOM_101087,Alkali treatment,PROCESS-ALKALI_TREATED,approved-generated,Pete Steward,2026-08-05,data/livestock-staging/approved_ingredient_harmonization_rules.csv,Generated from approved rule under recorded guard; legacy material identity preserved.
AOM_006219,aom:processingMethod,AOM_101094,Fermentation,PROCESS-FERMENTED,approved-generated,Pete Steward,2026-08-05,data/livestock-staging/approved_ingredient_harmonization_rules.csv,Generated from approved rule under recorded guard; legacy material identity preserved.
AOM_006219,aom:processingMethod,AOM_101095,Grinding,PROCESS-GROUND,approved-generated,Pete Steward,2026-08-05,data/livestock-staging/approved_ingredient_harmonization_rules.csv,Generated from approved rule under recorded guard; legacy material identity preserved.
AOM_006220,aom:ingredientPart,AOM_101074,Grain,COMPONENT-GRAIN,approved-generated,Pete Steward,2026-08-05,data/livestock-staging/approved_ingredient_harmonization_rules.csv,Generated from approved rule under recorded guard; legacy material identity preserved.
AOM_006220,aom:processingMethod,AOM_101071,Drying,PROCESS-DRIED,approved-generated,Pete Steward,2026-08-05,data/livestock-staging/approved_ingredient_harmonization_rules.csv,Generated from approved rule under recorded guard; legacy material identity preserved.
AOM_006221,aom:processingMethod,AOM_000831,Ensiling,PROCESS-ENSILED,approved-generated,Pete Steward,2026-08-05,data/livestock-staging/approved_ingredient_harmonization_rules.csv,Generated from approved rule under recorded guard; legacy material identity preserved.
AOM_006223,aom:processingMethod,AOM_101071,Drying,PROCESS-DRIED,approved-generated,Pete Steward,2026-08-05,data/livestock-staging/approved_ingredient_harmonization_rules.csv,Generated from approved rule under recorded guard; legacy material identity preserved.
AOM_006224,aom:processingMethod,AOM_101071,Drying,PROCESS-DRIED,approved-generated,Pete Steward,2026-08-05,data/livestock-staging/approved_ingredient_harmonization_rules.csv,Generated from approved rule under recorded guard; legacy material identity preserved.
AOM_006226,aom:ingredientPart,AOM_101104,Bran,COMPONENT-BRAN,approved-generated,Pete Steward,2026-08-05,data/livestock-staging/approved_ingredient_harmonization_rules.csv,Generated from approved rule under recorded guard; legacy material identity preserved.
AOM_006226,aom:processingMethod,AOM_101087,Alkali treatment,PROCESS-ALKALI_TREATED,approved-generated,Pete Steward,2026-08-05,data/livestock-staging/approved_ingredient_harmonization_rules.csv,Generated from approved rule under recorded guard; legacy material identity preserved.
AOM_006226,aom:processingMethod,AOM_101095,Grinding,PROCESS-GROUND,approved-generated,Pete Steward,2026-08-05,data/livestock-staging/approved_ingredient_harmonization_rules.csv,Generated from approved rule under recorded guard; legacy material identity preserved.
AOM_006227,aom:ingredientPart,AOM_101033,Leaf,COMPONENT-LEAF,approved-generated,Pete Steward,2026-08-05,data/livestock-staging/approved_ingredient_harmonization_rules.csv,Generated from approved rule under recorded guard; legacy material identity preserved.
AOM_006227,aom:processingMethod,AOM_101071,Drying,PROCESS-DRIED,approved-generated,Pete Steward,2026-08-05,data/livestock-staging/approved_ingredient_harmonization_rules.csv,Generated from approved rule under recorded guard; legacy material identity preserved.
AOM_006227,aom:processingMethod,AOM_101095,Grinding,PROCESS-GROUND,approved-generated,Pete Steward,2026-08-05,data/livestock-staging/approved_ingredient_harmonization_rules.csv,Generated from approved rule under recorded guard; legacy material identity preserved.
AOM_006229,aom:ingredientPart,AOM_101038,Seed,COMPONENT-SEED,approved-generated,Pete Steward,2026-08-05,data/livestock-staging/approved_ingredient_harmonization_rules.csv,Generated from approved rule under recorded guard; legacy material identity preserved.
AOM_006229,aom:processingMethod,AOM_101087,Alkali treatment,PROCESS-ALKALI_TREATED,approved-generated,Pete Steward,2026-08-05,data/livestock-staging/approved_ingredient_harmonization_rules.csv,Generated from approved rule under recorded guard; legacy material identity preserved.
AOM_006229,aom:processingMethod,AOM_101089,Boiling,PROCESS-BOILED,approved-generated,Pete Steward,2026-08-05,data/livestock-staging/approved_ingredient_harmonization_rules.csv,Generated from approved rule under recorded guard; legacy material identity preserved.
AOM_006229,aom:processingMethod,AOM_101095,Grinding,PROCESS-GROUND,approved-generated,Pete Steward,2026-08-05,data/livestock-staging/approved_ingredient_harmonization_rules.csv,Generated from approved rule under recorded guard; legacy material identity preserved.
AOM_006230,aom:ingredientPart,AOM_101038,Seed,COMPONENT-SEED,approved-generated,Pete Steward,2026-08-05,data/livestock-staging/approved_ingredient_harmonization_rules.csv,Generated from approved rule under recorded guard; legacy material identity preserved.
AOM_006230,aom:processingMethod,AOM_101071,Drying,PROCESS-DRIED,approved-generated,Pete Steward,2026-08-05,data/livestock-staging/approved_ingredient_harmonization_rules.csv,Generated from approved rule under recorded guard; legacy material identity preserved.
AOM_006230,aom:processingMethod,AOM_101087,Alkali treatment,PROCESS-ALKALI_TREATED,approved-generated,Pete Steward,2026-08-05,data/livestock-staging/approved_ingredient_harmonization_rules.csv,Generated from approved rule under recorded guard; legacy material identity preserved.
AOM_006230,aom:processingMethod,AOM_101089,Boiling,PROCESS-BOILED,approved-generated,Pete Steward,2026-08-05,data/livestock-staging/approved_ingredient_harmonization_rules.csv,Generated from approved rule under recorded guard; legacy material identity preserved.
AOM_006230,aom:processingMethod,AOM_101095,Grinding,PROCESS-GROUND,approved-generated,Pete Steward,2026-08-05,data/livestock-staging/approved_ingredient_harmonization_rules.csv,Generated from approved rule under recorded guard; legacy material identity preserved.
AOM_006231,aom:ingredientPart,AOM_101038,Seed,COMPONENT-SEED,approved-generated,Pete Steward,2026-08-05,data/livestock-staging/approved_ingredient_harmonization_rules.csv,Generated from approved rule under recorded guard; legacy material identity preserved.
AOM_006231,aom:processingMethod,AOM_101071,Drying,PROCESS-DRIED,approved-generated,Pete Steward,2026-08-05,data/livestock-staging/approved_ingredient_harmonization_rules.csv,Generated from approved rule under recorded guard; legacy material identity preserved.
AOM_006231,aom:processingMethod,AOM_101089,Boiling,PROCESS-BOILED,approved-generated,Pete Steward,2026-08-05,data/livestock-staging/approved_ingredient_harmonization_rules.csv,Generated from approved rule under recorded guard; legacy material identity preserved.
AOM_006231,aom:processingMethod,AOM_101095,Grinding,PROCESS-GROUND,approved-generated,Pete Steward,2026-08-05,data/livestock-staging/approved_ingredient_harmonization_rules.csv,Generated from approved rule under recorded guard; legacy material identity preserved.
AOM_006232,aom:processingMethod,AOM_101087,Alkali treatment,PROCESS-ALKALI_TREATED,approved-generated,Pete Steward,2026-08-05,data/livestock-staging/approved_ingredient_harmonization_rules.csv,Generated from approved rule under recorded guard; legacy material identity preserved.
AOM_006232,aom:processingMethod,AOM_101089,Boiling,PROCESS-BOILED,approved-generated,Pete Steward,2026-08-05,data/livestock-staging/approved_ingredient_harmonization_rules.csv,Generated from approved rule under recorded guard; legacy material identity preserved.
AOM_006232,aom:processingMethod,AOM_101095,Grinding,PROCESS-GROUND,approved-generated,Pete Steward,2026-08-05,data/livestock-staging/approved_ingredient_harmonization_rules.csv,Generated from approved rule under recorded guard; legacy material identity preserved.
AOM_006233,aom:processingMethod,AOM_101071,Drying,PROCESS-DRIED,approved-generated,Pete Steward,2026-08-05,data/livestock-staging/approved_ingredient_harmonization_rules.csv,Generated from approved rule under recorded guard; legacy material identity preserved.
AOM_006233,aom:processingMethod,AOM_101087,Alkali treatment,PROCESS-ALKALI_TREATED,approved-generated,Pete Steward,2026-08-05,data/livestock-staging/approved_ingredient_harmonization_rules.csv,Generated from approved rule under recorded guard; legacy material identity preserved.
AOM_006233,aom:processingMethod,AOM_101095,Grinding,PROCESS-GROUND,approved-generated,Pete Steward,2026-08-05,data/livestock-staging/approved_ingredient_harmonization_rules.csv,Generated from approved rule under recorded guard; legacy material identity preserved.
AOM_006234,aom:processingMethod,AOM_101095,Grinding,PROCESS-GROUND,approved-generated,Pete Steward,2026-08-05,data/livestock-staging/approved_ingredient_harmonization_rules.csv,Generated from approved rule under recorded guard; legacy material identity preserved.
AOM_006237,aom:processingMethod,AOM_000831,Ensiling,PROCESS-ENSILED,approved-generated,Pete Steward,2026-08-05,data/livestock-staging/approved_ingredient_harmonization_rules.csv,Generated from approved rule under recorded guard; legacy material identity preserved.
AOM_006237,aom:processingMethod,AOM_101092,Enzyme treatment,PROCESS-ENZYME_TREATED,approved-generated,Pete Steward,2026-08-05,data/livestock-staging/approved_ingredient_harmonization_rules.csv,Generated from approved rule under recorded guard; legacy material identity preserved.
AOM_006238,aom:processingMethod,AOM_000831,Ensiling,PROCESS-ENSILED,approved-generated,Pete Steward,2026-08-05,data/livestock-staging/approved_ingredient_harmonization_rules.csv,Generated from approved rule under recorded guard; legacy material identity preserved.
AOM_006239,aom:processingMethod,AOM_101095,Grinding,PROCESS-GROUND,approved-generated,Pete Steward,2026-08-05,data/livestock-staging/approved_ingredient_harmonization_rules.csv,Generated from approved rule under recorded guard; legacy material identity preserved.
AOM_006240,aom:processingMethod,AOM_101071,Drying,PROCESS-DRIED,approved-generated,Pete Steward,2026-08-05,data/livestock-staging/approved_ingredient_harmonization_rules.csv,Generated from approved rule under recorded guard; legacy material identity preserved.
AOM_006240,aom:processingMethod,AOM_101094,Fermentation,PROCESS-FERMENTED,approved-generated,Pete Steward,2026-08-05,data/livestock-staging/approved_ingredient_harmonization_rules.csv,Generated from approved rule under recorded guard; legacy material identity preserved.
AOM_006240,aom:processingMethod,AOM_101095,Grinding,PROCESS-GROUND,approved-generated,Pete Steward,2026-08-05,data/livestock-staging/approved_ingredient_harmonization_rules.csv,Generated from approved rule under recorded guard; legacy material identity preserved.
AOM_006242,aom:processingMethod,AOM_101101,Urea treatment,PROCESS-UREA_TREATED,approved-generated,Pete Steward,2026-08-05,data/livestock-staging/approved_ingredient_harmonization_rules.csv,Generated from approved rule under recorded guard; legacy material identity preserved.
AOM_006244,aom:ingredientPart,AOM_101106,Straw,COMPONENT-STRAW,approved-generated,Pete Steward,2026-08-05,data/livestock-staging/approved_ingredient_harmonization_rules.csv,Generated from approved rule under recorded guard; legacy material identity preserved.
AOM_006244,aom:processingMethod,AOM_101095,Grinding,PROCESS-GROUND,approved-generated,Pete Steward,2026-08-05,data/livestock-staging/approved_ingredient_harmonization_rules.csv,Generated from approved rule under recorded guard; legacy material identity preserved.
AOM_006250,aom:processingMethod,AOM_000831,Ensiling,PROCESS-ENSILED,approved-generated,Pete Steward,2026-08-05,data/livestock-staging/approved_ingredient_harmonization_rules.csv,Generated from approved rule under recorded guard; legacy material identity preserved.
AOM_006250,aom:processingMethod,AOM_101102,Wilting,PROCESS-WILTED,approved-generated,Pete Steward,2026-08-05,data/livestock-staging/approved_ingredient_harmonization_rules.csv,Generated from approved rule under recorded guard; legacy material identity preserved.
AOM_006251,aom:processingMethod,AOM_101095,Grinding,PROCESS-GROUND,approved-generated,Pete Steward,2026-08-05,data/livestock-staging/approved_ingredient_harmonization_rules.csv,Generated from approved rule under recorded guard; legacy material identity preserved.
AOM_006252,aom:processingMethod,AOM_101071,Drying,PROCESS-DRIED,approved-generated,Pete Steward,2026-08-05,data/livestock-staging/approved_ingredient_harmonization_rules.csv,Generated from approved rule under recorded guard; legacy material identity preserved.
AOM_006252,aom:processingMethod,AOM_101101,Urea treatment,PROCESS-UREA_TREATED,approved-generated,Pete Steward,2026-08-05,data/livestock-staging/approved_ingredient_harmonization_rules.csv,Generated from approved rule under recorded guard; legacy material identity preserved.
AOM_006253,aom:processingMethod,AOM_101071,Drying,PROCESS-DRIED,approved-generated,Pete Steward,2026-08-05,data/livestock-staging/approved_ingredient_harmonization_rules.csv,Generated from approved rule under recorded guard; legacy material identity preserved.
AOM_006254,aom:processingMethod,AOM_101071,Drying,PROCESS-DRIED,approved-generated,Pete Steward,2026-08-05,data/livestock-staging/approved_ingredient_harmonization_rules.csv,Generated from approved rule under recorded guard; legacy material identity preserved.
AOM_006255,aom:processingMethod,AOM_000831,Ensiling,PROCESS-ENSILED,approved-generated,Pete Steward,2026-08-05,data/livestock-staging/approved_ingredient_harmonization_rules.csv,Generated from approved rule under recorded guard; legacy material identity preserved.
AOM_006255,aom:processingMethod,AOM_101102,Wilting,PROCESS-WILTED,approved-generated,Pete Steward,2026-08-05,data/livestock-staging/approved_ingredient_harmonization_rules.csv,Generated from approved rule under recorded guard; legacy material identity preserved.
AOM_006256,aom:processingMethod,AOM_101095,Grinding,PROCESS-GROUND,approved-generated,Pete Steward,2026-08-05,data/livestock-staging/approved_ingredient_harmonization_rules.csv,Generated from approved rule under recorded guard; legacy material identity preserved.
AOM_006257,aom:processingMethod,AOM_101071,Drying,PROCESS-DRIED,approved-generated,Pete Steward,2026-08-05,data/livestock-staging/approved_ingredient_harmonization_rules.csv,Generated from approved rule under recorded guard; legacy material identity preserved.
AOM_006257,aom:processingMethod,AOM_101095,Grinding,PROCESS-GROUND,approved-generated,Pete Steward,2026-08-05,data/livestock-staging/approved_ingredient_harmonization_rules.csv,Generated from approved rule under recorded guard; legacy material identity preserved.
AOM_006258,aom:processingMethod,AOM_101071,Drying,PROCESS-DRIED,approved-generated,Pete Steward,2026-08-05,data/livestock-staging/approved_ingredient_harmonization_rules.csv,Generated from approved rule under recorded guard; legacy material identity preserved.
AOM_006259,aom:ingredientPart,AOM_101106,Straw,COMPONENT-STRAW,approved-generated,Pete Steward,2026-08-05,data/livestock-staging/approved_ingredient_harmonization_rules.csv,Generated from approved rule under recorded guard; legacy material identity preserved.
AOM_006259,aom:processingMethod,AOM_000831,Ensiling,PROCESS-ENSILED,approved-generated,Pete Steward,2026-08-05,data/livestock-staging/approved_ingredient_harmonization_rules.csv,Generated from approved rule under recorded guard; legacy material identity preserved.
AOM_006259,aom:processingMethod,AOM_101094,Fermentation,PROCESS-FERMENTED,approved-generated,Pete Steward,2026-08-05,data/livestock-staging/approved_ingredient_harmonization_rules.csv,Generated from approved rule under recorded guard; legacy material identity preserved.
AOM_006259,aom:processingMethod,AOM_101101,Urea treatment,PROCESS-UREA_TREATED,approved-generated,Pete Steward,2026-08-05,data/livestock-staging/approved_ingredient_harmonization_rules.csv,Generated from approved rule under recorded guard; legacy material identity preserved.
AOM_006260,aom:ingredientPart,AOM_101106,Straw,COMPONENT-STRAW,approved-generated,Pete Steward,2026-08-05,data/livestock-staging/approved_ingredient_harmonization_rules.csv,Generated from approved rule under recorded guard; legacy material identity preserved.
AOM_006260,aom:processingMethod,AOM_101071,Drying,PROCESS-DRIED,approved-generated,Pete Steward,2026-08-05,data/livestock-staging/approved_ingredient_harmonization_rules.csv,Generated from approved rule under recorded guard; legacy material identity preserved.
AOM_006261,aom:ingredientPart,AOM_101033,Leaf,COMPONENT-LEAF,approved-generated,Pete Steward,2026-08-05,data/livestock-staging/approved_ingredient_harmonization_rules.csv,Generated from approved rule under recorded guard; legacy material identity preserved.
AOM_006261,aom:processingMethod,AOM_101102,Wilting,PROCESS-WILTED,approved-generated,Pete Steward,2026-08-05,data/livestock-staging/approved_ingredient_harmonization_rules.csv,Generated from approved rule under recorded guard; legacy material identity preserved.
AOM_006262,aom:ingredientPart,AOM_101037,Root,COMPONENT-ROOT,approved-generated,Pete Steward,2026-08-05,data/livestock-staging/approved_ingredient_harmonization_rules.csv,Generated from approved rule under recorded guard; legacy material identity preserved.
AOM_006262,aom:processingMethod,AOM_101071,Drying,PROCESS-DRIED,approved-generated,Pete Steward,2026-08-05,data/livestock-staging/approved_ingredient_harmonization_rules.csv,Generated from approved rule under recorded guard; legacy material identity preserved.
AOM_006262,aom:processingMethod,AOM_101095,Grinding,PROCESS-GROUND,approved-generated,Pete Steward,2026-08-05,data/livestock-staging/approved_ingredient_harmonization_rules.csv,Generated from approved rule under recorded guard; legacy material identity preserved.
AOM_006263,aom:processingMethod,AOM_101071,Drying,PROCESS-DRIED,approved-generated,Pete Steward,2026-08-05,data/livestock-staging/approved_ingredient_harmonization_rules.csv,Generated from approved rule under recorded guard; legacy material identity preserved.
AOM_006264,aom:ingredientPart,AOM_101034,Peel,COMPONENT-PEEL,approved-generated,Pete Steward,2026-08-05,data/livestock-staging/approved_ingredient_harmonization_rules.csv,Generated from approved rule under recorded guard; legacy material identity preserved.
AOM_006264,aom:processingMethod,AOM_101071,Drying,PROCESS-DRIED,approved-generated,Pete Steward,2026-08-05,data/livestock-staging/approved_ingredient_harmonization_rules.csv,Generated from approved rule under recorded guard; legacy material identity preserved.
AOM_006264,aom:processingMethod,AOM_101095,Grinding,PROCESS-GROUND,approved-generated,Pete Steward,2026-08-05,data/livestock-staging/approved_ingredient_harmonization_rules.csv,Generated from approved rule under recorded guard; legacy material identity preserved.
AOM_006266,aom:processingMethod,AOM_000831,Ensiling,PROCESS-ENSILED,approved-generated,Pete Steward,2026-08-05,data/livestock-staging/approved_ingredient_harmonization_rules.csv,Generated from approved rule under recorded guard; legacy material identity preserved.
AOM_006267,aom:processingMethod,AOM_101092,Enzyme treatment,PROCESS-ENZYME_TREATED,approved-generated,Pete Steward,2026-08-05,data/livestock-staging/approved_ingredient_harmonization_rules.csv,Generated from approved rule under recorded guard; legacy material identity preserved.
AOM_006268,aom:processingMethod,AOM_101094,Fermentation,PROCESS-FERMENTED,approved-generated,Pete Steward,2026-08-05,data/livestock-staging/approved_ingredient_harmonization_rules.csv,Generated from approved rule under recorded guard; legacy material identity preserved.
AOM_006269,aom:processingMethod,AOM_101095,Grinding,PROCESS-GROUND,approved-generated,Pete Steward,2026-08-05,data/livestock-staging/approved_ingredient_harmonization_rules.csv,Generated from approved rule under recorded guard; legacy material identity preserved.
AOM_006270,aom:processingMethod,AOM_101091,Crushing,PROCESS-CRUSHED,approved-generated,Pete Steward,2026-08-05,data/livestock-staging/approved_ingredient_harmonization_rules.csv,Generated from approved rule under recorded guard; legacy material identity preserved.
AOM_006271,aom:processingMethod,AOM_101071,Drying,PROCESS-DRIED,approved-generated,Pete Steward,2026-08-05,data/livestock-staging/approved_ingredient_harmonization_rules.csv,Generated from approved rule under recorded guard; legacy material identity preserved.
AOM_006272,aom:processingMethod,AOM_101071,Drying,PROCESS-DRIED,approved-generated,Pete Steward,2026-08-05,data/livestock-staging/approved_ingredient_harmonization_rules.csv,Generated from approved rule under recorded guard; legacy material identity preserved.
AOM_006275,aom:processingMethod,AOM_101071,Drying,PROCESS-DRIED,approved-generated,Pete Steward,2026-08-05,data/livestock-staging/approved_ingredient_harmonization_rules.csv,Generated from approved rule under recorded guard; legacy material identity preserved.
AOM_006276,aom:processingMethod,AOM_000831,Ensiling,PROCESS-ENSILED,approved-generated,Pete Steward,2026-08-05,data/livestock-staging/approved_ingredient_harmonization_rules.csv,Generated from approved rule under recorded guard; legacy material identity preserved.
AOM_006276,aom:processingMethod,AOM_101102,Wilting,PROCESS-WILTED,approved-generated,Pete Steward,2026-08-05,data/livestock-staging/approved_ingredient_harmonization_rules.csv,Generated from approved rule under recorded guard; legacy material identity preserved.
AOM_006277,aom:processingMethod,AOM_101071,Drying,PROCESS-DRIED,approved-generated,Pete Steward,2026-08-05,data/livestock-staging/approved_ingredient_harmonization_rules.csv,Generated from approved rule under recorded guard; legacy material identity preserved.
AOM_006278,aom:processingMethod,AOM_101071,Drying,PROCESS-DRIED,approved-generated,Pete Steward,2026-08-05,data/livestock-staging/approved_ingredient_harmonization_rules.csv,Generated from approved rule under recorded guard; legacy material identity preserved.
AOM_006279,aom:processingMethod,AOM_000831,Ensiling,PROCESS-ENSILED,approved-generated,Pete Steward,2026-08-05,data/livestock-staging/approved_ingredient_harmonization_rules.csv,Generated from approved rule under recorded guard; legacy material identity preserved.
AOM_006280,aom:processingMethod,AOM_101071,Drying,PROCESS-DRIED,approved-generated,Pete Steward,2026-08-05,data/livestock-staging/approved_ingredient_harmonization_rules.csv,Generated from approved rule under recorded guard; legacy material identity preserved.
AOM_006281,aom:ingredientPart,AOM_101033,Leaf,COMPONENT-LEAF,approved-generated,Pete Steward,2026-08-05,data/livestock-staging/approved_ingredient_harmonization_rules.csv,Generated from approved rule under recorded guard; legacy material identity preserved.
AOM_006281,aom:processingMethod,AOM_101071,Drying,PROCESS-DRIED,approved-generated,Pete Steward,2026-08-05,data/livestock-staging/approved_ingredient_harmonization_rules.csv,Generated from approved rule under recorded guard; legacy material identity preserved.
AOM_006282,aom:ingredientPart,AOM_101033,Leaf,COMPONENT-LEAF,approved-generated,Pete Steward,2026-08-05,data/livestock-staging/approved_ingredient_harmonization_rules.csv,Generated from approved rule under recorded guard; legacy material identity preserved.
AOM_006282,aom:processingMethod,AOM_101102,Wilting,PROCESS-WILTED,approved-generated,Pete Steward,2026-08-05,data/livestock-staging/approved_ingredient_harmonization_rules.csv,Generated from approved rule under recorded guard; legacy material identity preserved.
AOM_006283,aom:ingredientPart,AOM_101033,Leaf,COMPONENT-LEAF,approved-generated,Pete Steward,2026-08-05,data/livestock-staging/approved_ingredient_harmonization_rules.csv,Generated from approved rule under recorded guard; legacy material identity preserved.
AOM_006283,aom:processingMethod,AOM_000831,Ensiling,PROCESS-ENSILED,approved-generated,Pete Steward,2026-08-05,data/livestock-staging/approved_ingredient_harmonization_rules.csv,Generated from approved rule under recorded guard; legacy material identity preserved.
AOM_006283,aom:processingMethod,AOM_101102,Wilting,PROCESS-WILTED,approved-generated,Pete Steward,2026-08-05,data/livestock-staging/approved_ingredient_harmonization_rules.csv,Generated from approved rule under recorded guard; legacy material identity preserved.
AOM_006284,aom:ingredientPart,AOM_101033,Leaf,COMPONENT-LEAF,approved-generated,Pete Steward,2026-08-05,data/livestock-staging/approved_ingredient_harmonization_rules.csv,Generated from approved rule under recorded guard; legacy material identity preserved.
AOM_006284,aom:processingMethod,AOM_101071,Drying,PROCESS-DRIED,approved-generated,Pete Steward,2026-08-05,data/livestock-staging/approved_ingredient_harmonization_rules.csv,Generated from approved rule under recorded guard; legacy material identity preserved.
AOM_006284,aom:processingMethod,AOM_101092,Enzyme treatment,PROCESS-ENZYME_TREATED,approved-generated,Pete Steward,2026-08-05,data/livestock-staging/approved_ingredient_harmonization_rules.csv,Generated from approved rule under recorded guard; legacy material identity preserved.
AOM_006285,aom:ingredientPart,AOM_101033,Leaf,COMPONENT-LEAF,approved-generated,Pete Steward,2026-08-05,data/livestock-staging/approved_ingredient_harmonization_rules.csv,Generated from approved rule under recorded guard; legacy material identity preserved.
AOM_006285,aom:processingMethod,AOM_000831,Ensiling,PROCESS-ENSILED,approved-generated,Pete Steward,2026-08-05,data/livestock-staging/approved_ingredient_harmonization_rules.csv,Generated from approved rule under recorded guard; legacy material identity preserved.
AOM_006285,aom:processingMethod,AOM_101100,Sprouting,PROCESS-SPROUTED,approved-generated,Pete Steward,2026-08-05,data/livestock-staging/approved_ingredient_harmonization_rules.csv,Generated from approved rule under recorded guard; legacy material identity preserved.
AOM_006285,aom:processingMethod,AOM_101102,Wilting,PROCESS-WILTED,approved-generated,Pete Steward,2026-08-05,data/livestock-staging/approved_ingredient_harmonization_rules.csv,Generated from approved rule under recorded guard; legacy material identity preserved.
AOM_006290,aom:processingMethod,AOM_101071,Drying,PROCESS-DRIED,approved-generated,Pete Steward,2026-08-05,data/livestock-staging/approved_ingredient_harmonization_rules.csv,Generated from approved rule under recorded guard; legacy material identity preserved.
AOM_006290,aom:processingMethod,AOM_101095,Grinding,PROCESS-GROUND,approved-generated,Pete Steward,2026-08-05,data/livestock-staging/approved_ingredient_harmonization_rules.csv,Generated from approved rule under recorded guard; legacy material identity preserved.
AOM_006292,aom:ingredientPart,AOM_101035,Pod,COMPONENT-POD,approved-generated,Pete Steward,2026-08-05,data/livestock-staging/approved_ingredient_harmonization_rules.csv,Generated from approved rule under recorded guard; legacy material identity preserved.
AOM_006292,aom:processingMethod,AOM_101091,Crushing,PROCESS-CRUSHED,approved-generated,Pete Steward,2026-08-05,data/livestock-staging/approved_ingredient_harmonization_rules.csv,Generated from approved rule under recorded guard; legacy material identity preserved.
AOM_006293,aom:ingredientPart,AOM_101033,Leaf,COMPONENT-LEAF,approved-generated,Pete Steward,2026-08-05,data/livestock-staging/approved_ingredient_harmonization_rules.csv,Generated from approved rule under recorded guard; legacy material identity preserved.
AOM_006293,aom:processingMethod,AOM_101071,Drying,PROCESS-DRIED,approved-generated,Pete Steward,2026-08-05,data/livestock-staging/approved_ingredient_harmonization_rules.csv,Generated from approved rule under recorded guard; legacy material identity preserved.
AOM_006295,aom:ingredientPart,AOM_101035,Pod,COMPONENT-POD,approved-generated,Pete Steward,2026-08-05,data/livestock-staging/approved_ingredient_harmonization_rules.csv,Generated from approved rule under recorded guard; legacy material identity preserved.
AOM_006295,aom:processingMethod,AOM_101071,Drying,PROCESS-DRIED,approved-generated,Pete Steward,2026-08-05,data/livestock-staging/approved_ingredient_harmonization_rules.csv,Generated from approved rule under recorded guard; legacy material identity preserved.
AOM_006295,aom:processingMethod,AOM_101095,Grinding,PROCESS-GROUND,approved-generated,Pete Steward,2026-08-05,data/livestock-staging/approved_ingredient_harmonization_rules.csv,Generated from approved rule under recorded guard; legacy material identity preserved.
AOM_006296,aom:ingredientPart,AOM_101035,Pod,COMPONENT-POD,approved-generated,Pete Steward,2026-08-05,data/livestock-staging/approved_ingredient_harmonization_rules.csv,Generated from approved rule under recorded guard; legacy material identity preserved.
AOM_006296,aom:processingMethod,AOM_101071,Drying,PROCESS-DRIED,approved-generated,Pete Steward,2026-08-05,data/livestock-staging/approved_ingredient_harmonization_rules.csv,Generated from approved rule under recorded guard; legacy material identity preserved.
AOM_006296,aom:processingMethod,AOM_101094,Fermentation,PROCESS-FERMENTED,approved-generated,Pete Steward,2026-08-05,data/livestock-staging/approved_ingredient_harmonization_rules.csv,Generated from approved rule under recorded guard; legacy material identity preserved.
AOM_006296,aom:processingMethod,AOM_101095,Grinding,PROCESS-GROUND,approved-generated,Pete Steward,2026-08-05,data/livestock-staging/approved_ingredient_harmonization_rules.csv,Generated from approved rule under recorded guard; legacy material identity preserved.
AOM_006297,aom:processingMethod,AOM_101071,Drying,PROCESS-DRIED,approved-generated,Pete Steward,2026-08-05,data/livestock-staging/approved_ingredient_harmonization_rules.csv,Generated from approved rule under recorded guard; legacy material identity preserved.
AOM_006299,aom:ingredientPart,AOM_101031,Husk,COMPONENT-HUSK,approved-generated,Pete Steward,2026-08-05,data/livestock-staging/approved_ingredient_harmonization_rules.csv,Generated from approved rule under recorded guard; legacy material identity preserved.
AOM_006299,aom:processingMethod,AOM_101092,Enzyme treatment,PROCESS-ENZYME_TREATED,approved-generated,Pete Steward,2026-08-05,data/livestock-staging/approved_ingredient_harmonization_rules.csv,Generated from approved rule under recorded guard; legacy material identity preserved.
AOM_006300,aom:processingMethod,AOM_101095,Grinding,PROCESS-GROUND,approved-generated,Pete Steward,2026-08-05,data/livestock-staging/approved_ingredient_harmonization_rules.csv,Generated from approved rule under recorded guard; legacy material identity preserved.
AOM_006301,aom:ingredientPart,AOM_101106,Straw,COMPONENT-STRAW,approved-generated,Pete Steward,2026-08-05,data/livestock-staging/approved_ingredient_harmonization_rules.csv,Generated from approved rule under recorded guard; legacy material identity preserved.
AOM_006301,aom:processingMethod,AOM_000831,Ensiling,PROCESS-ENSILED,approved-generated,Pete Steward,2026-08-05,data/livestock-staging/approved_ingredient_harmonization_rules.csv,Generated from approved rule under recorded guard; legacy material identity preserved.
AOM_006301,aom:processingMethod,AOM_101101,Urea treatment,PROCESS-UREA_TREATED,approved-generated,Pete Steward,2026-08-05,data/livestock-staging/approved_ingredient_harmonization_rules.csv,Generated from approved rule under recorded guard; legacy material identity preserved.
AOM_006302,aom:ingredientPart,AOM_101106,Straw,COMPONENT-STRAW,approved-generated,Pete Steward,2026-08-05,data/livestock-staging/approved_ingredient_harmonization_rules.csv,Generated from approved rule under recorded guard; legacy material identity preserved.
AOM_006302,aom:processingMethod,AOM_101101,Urea treatment,PROCESS-UREA_TREATED,approved-generated,Pete Steward,2026-08-05,data/livestock-staging/approved_ingredient_harmonization_rules.csv,Generated from approved rule under recorded guard; legacy material identity preserved.
AOM_006303,aom:ingredientPart,AOM_101106,Straw,COMPONENT-STRAW,approved-generated,Pete Steward,2026-08-05,data/livestock-staging/approved_ingredient_harmonization_rules.csv,Generated from approved rule under recorded guard; legacy material identity preserved.
AOM_006303,aom:processingMethod,AOM_101071,Drying,PROCESS-DRIED,approved-generated,Pete Steward,2026-08-05,data/livestock-staging/approved_ingredient_harmonization_rules.csv,Generated from approved rule under recorded guard; legacy material identity preserved.
AOM_006303,aom:processingMethod,AOM_101101,Urea treatment,PROCESS-UREA_TREATED,approved-generated,Pete Steward,2026-08-05,data/livestock-staging/approved_ingredient_harmonization_rules.csv,Generated from approved rule under recorded guard; legacy material identity preserved.
AOM_006304,aom:ingredientPart,AOM_101106,Straw,COMPONENT-STRAW,approved-generated,Pete Steward,2026-08-05,data/livestock-staging/approved_ingredient_harmonization_rules.csv,Generated from approved rule under recorded guard; legacy material identity preserved.
AOM_006304,aom:processingMethod,AOM_101094,Fermentation,PROCESS-FERMENTED,approved-generated,Pete Steward,2026-08-05,data/livestock-staging/approved_ingredient_harmonization_rules.csv,Generated from approved rule under recorded guard; legacy material identity preserved.
AOM_006304,aom:processingMethod,AOM_101095,Grinding,PROCESS-GROUND,approved-generated,Pete Steward,2026-08-05,data/livestock-staging/approved_ingredient_harmonization_rules.csv,Generated from approved rule under recorded guard; legacy material identity preserved.
AOM_006305,aom:processingMethod,AOM_101071,Drying,PROCESS-DRIED,approved-generated,Pete Steward,2026-08-05,data/livestock-staging/approved_ingredient_harmonization_rules.csv,Generated from approved rule under recorded guard; legacy material identity preserved.
AOM_006305,aom:processingMethod,AOM_101095,Grinding,PROCESS-GROUND,approved-generated,Pete Steward,2026-08-05,data/livestock-staging/approved_ingredient_harmonization_rules.csv,Generated from approved rule under recorded guard; legacy material identity preserved.
AOM_006306,aom:processingMethod,AOM_101102,Wilting,PROCESS-WILTED,approved-generated,Pete Steward,2026-08-05,data/livestock-staging/approved_ingredient_harmonization_rules.csv,Generated from approved rule under recorded guard; legacy material identity preserved.
AOM_006307,aom:ingredientPart,AOM_101038,Seed,COMPONENT-SEED,approved-generated,Pete Steward,2026-08-05,data/livestock-staging/approved_ingredient_harmonization_rules.csv,Generated from approved rule under recorded guard; legacy material identity preserved.
AOM_006307,aom:processingMethod,AOM_101095,Grinding,PROCESS-GROUND,approved-generated,Pete Steward,2026-08-05,data/livestock-staging/approved_ingredient_harmonization_rules.csv,Generated from approved rule under recorded guard; legacy material identity preserved.
AOM_006308,aom:ingredientPart,AOM_101033,Leaf,COMPONENT-LEAF,approved-generated,Pete Steward,2026-08-05,data/livestock-staging/approved_ingredient_harmonization_rules.csv,Generated from approved rule under recorded guard; legacy material identity preserved.
AOM_006308,aom:processingMethod,AOM_101071,Drying,PROCESS-DRIED,approved-generated,Pete Steward,2026-08-05,data/livestock-staging/approved_ingredient_harmonization_rules.csv,Generated from approved rule under recorded guard; legacy material identity preserved.
AOM_006308,aom:processingMethod,AOM_101095,Grinding,PROCESS-GROUND,approved-generated,Pete Steward,2026-08-05,data/livestock-staging/approved_ingredient_harmonization_rules.csv,Generated from approved rule under recorded guard; legacy material identity preserved.
AOM_006309,aom:ingredientPart,AOM_101038,Seed,COMPONENT-SEED,approved-generated,Pete Steward,2026-08-05,data/livestock-staging/approved_ingredient_harmonization_rules.csv,Generated from approved rule under recorded guard; legacy material identity preserved.
AOM_006309,aom:processingMethod,AOM_101098,Roasting,PROCESS-ROASTED,approved-generated,Pete Steward,2026-08-05,data/livestock-staging/approved_ingredient_harmonization_rules.csv,Generated from approved rule under recorded guard; legacy material identity preserved.
AOM_006310,aom:processingMethod,AOM_000831,Ensiling,PROCESS-ENSILED,approved-generated,Pete Steward,2026-08-05,data/livestock-staging/approved_ingredient_harmonization_rules.csv,Generated from approved rule under recorded guard; legacy material identity preserved.
AOM_006311,aom:processingMethod,AOM_101095,Grinding,PROCESS-GROUND,approved-generated,Pete Steward,2026-08-05,data/livestock-staging/approved_ingredient_harmonization_rules.csv,Generated from approved rule under recorded guard; legacy material identity preserved.
AOM_006312,aom:ingredientPart,AOM_101031,Husk,COMPONENT-HUSK,approved-generated,Pete Steward,2026-08-05,data/livestock-staging/approved_ingredient_harmonization_rules.csv,Generated from approved rule under recorded guard; legacy material identity preserved.
AOM_006312,aom:processingMethod,AOM_101101,Urea treatment,PROCESS-UREA_TREATED,approved-generated,Pete Steward,2026-08-05,data/livestock-staging/approved_ingredient_harmonization_rules.csv,Generated from approved rule under recorded guard; legacy material identity preserved.
AOM_006313,aom:ingredientPart,AOM_101106,Straw,COMPONENT-STRAW,approved-generated,Pete Steward,2026-08-05,data/livestock-staging/approved_ingredient_harmonization_rules.csv,Generated from approved rule under recorded guard; legacy material identity preserved.
AOM_006313,aom:processingMethod,AOM_101091,Crushing,PROCESS-CRUSHED,approved-generated,Pete Steward,2026-08-05,data/livestock-staging/approved_ingredient_harmonization_rules.csv,Generated from approved rule under recorded guard; legacy material identity preserved.
AOM_006314,aom:ingredientPart,AOM_101106,Straw,COMPONENT-STRAW,approved-generated,Pete Steward,2026-08-05,data/livestock-staging/approved_ingredient_harmonization_rules.csv,Generated from approved rule under recorded guard; legacy material identity preserved.
AOM_006314,aom:processingMethod,AOM_101071,Drying,PROCESS-DRIED,approved-generated,Pete Steward,2026-08-05,data/livestock-staging/approved_ingredient_harmonization_rules.csv,Generated from approved rule under recorded guard; legacy material identity preserved.
AOM_006314,aom:processingMethod,AOM_101091,Crushing,PROCESS-CRUSHED,approved-generated,Pete Steward,2026-08-05,data/livestock-staging/approved_ingredient_harmonization_rules.csv,Generated from approved rule under recorded guard; legacy material identity preserved.
AOM_006314,aom:processingMethod,AOM_101094,Fermentation,PROCESS-FERMENTED,approved-generated,Pete Steward,2026-08-05,data/livestock-staging/approved_ingredient_harmonization_rules.csv,Generated from approved rule under recorded guard; legacy material identity preserved.
AOM_006315,aom:processingMethod,AOM_101071,Drying,PROCESS-DRIED,approved-generated,Pete Steward,2026-08-05,data/livestock-staging/approved_ingredient_harmonization_rules.csv,Generated from approved rule under recorded guard; legacy material identity preserved.
AOM_006316,aom:processingMethod,AOM_101071,Drying,PROCESS-DRIED,approved-generated,Pete Steward,2026-08-05,data/livestock-staging/approved_ingredient_harmonization_rules.csv,Generated from approved rule under recorded guard; legacy material identity preserved.
AOM_006317,aom:processingMethod,AOM_000831,Ensiling,PROCESS-ENSILED,approved-generated,Pete Steward,2026-08-05,data/livestock-staging/approved_ingredient_harmonization_rules.csv,Generated from approved rule under recorded guard; legacy material identity preserved.
AOM_006317,aom:processingMethod,AOM_101091,Crushing,PROCESS-CRUSHED,approved-generated,Pete Steward,2026-08-05,data/livestock-staging/approved_ingredient_harmonization_rules.csv,Generated from approved rule under recorded guard; legacy material identity preserved.
AOM_006319,aom:ingredientPart,AOM_101106,Straw,COMPONENT-STRAW,approved-generated,Pete Steward,2026-08-05,data/livestock-staging/approved_ingredient_harmonization_rules.csv,Generated from approved rule under recorded guard; legacy material identity preserved.
AOM_006319,aom:processingMethod,AOM_101071,Drying,PROCESS-DRIED,approved-generated,Pete Steward,2026-08-05,data/livestock-staging/approved_ingredient_harmonization_rules.csv,Generated from approved rule under recorded guard; legacy material identity preserved.
AOM_006320,aom:processingMethod,AOM_101071,Drying,PROCESS-DRIED,approved-generated,Pete Steward,2026-08-05,data/livestock-staging/approved_ingredient_harmonization_rules.csv,Generated from approved rule under recorded guard; legacy material identity preserved.
AOM_006320,aom:processingMethod,AOM_101095,Grinding,PROCESS-GROUND,approved-generated,Pete Steward,2026-08-05,data/livestock-staging/approved_ingredient_harmonization_rules.csv,Generated from approved rule under recorded guard; legacy material identity preserved.
AOM_006321,aom:ingredientPart,AOM_101106,Straw,COMPONENT-STRAW,approved-generated,Pete Steward,2026-08-05,data/livestock-staging/approved_ingredient_harmonization_rules.csv,Generated from approved rule under recorded guard; legacy material identity preserved.
AOM_006321,aom:processingMethod,AOM_101101,Urea treatment,PROCESS-UREA_TREATED,approved-generated,Pete Steward,2026-08-05,data/livestock-staging/approved_ingredient_harmonization_rules.csv,Generated from approved rule under recorded guard; legacy material identity preserved.
AOM_006325,aom:processingMethod,AOM_101070,Pressing,PROCESS-PRESSED,approved-generated,Pete Steward,2026-08-05,data/livestock-staging/approved_ingredient_harmonization_rules.csv,Generated from approved rule under recorded guard; legacy material identity preserved.
AOM_006326,aom:ingredientPart,AOM_101035,Pod,COMPONENT-POD,approved-generated,Pete Steward,2026-08-05,data/livestock-staging/approved_ingredient_harmonization_rules.csv,Generated from approved rule under recorded guard; legacy material identity preserved.
AOM_006326,aom:processingMethod,AOM_101071,Drying,PROCESS-DRIED,approved-generated,Pete Steward,2026-08-05,data/livestock-staging/approved_ingredient_harmonization_rules.csv,Generated from approved rule under recorded guard; legacy material identity preserved.
AOM_006326,aom:processingMethod,AOM_101091,Crushing,PROCESS-CRUSHED,approved-generated,Pete Steward,2026-08-05,data/livestock-staging/approved_ingredient_harmonization_rules.csv,Generated from approved rule under recorded guard; legacy material identity preserved.
AOM_006327,aom:processingMethod,AOM_101071,Drying,PROCESS-DRIED,approved-generated,Pete Steward,2026-08-05,data/livestock-staging/approved_ingredient_harmonization_rules.csv,Generated from approved rule under recorded guard; legacy material identity preserved.
AOM_006327,aom:processingMethod,AOM_101095,Grinding,PROCESS-GROUND,approved-generated,Pete Steward,2026-08-05,data/livestock-staging/approved_ingredient_harmonization_rules.csv,Generated from approved rule under recorded guard; legacy material identity preserved.
AOM_006328,aom:ingredientPart,AOM_101106,Straw,COMPONENT-STRAW,approved-generated,Pete Steward,2026-08-05,data/livestock-staging/approved_ingredient_harmonization_rules.csv,Generated from approved rule under recorded guard; legacy material identity preserved.
AOM_006328,aom:processingMethod,AOM_101071,Drying,PROCESS-DRIED,approved-generated,Pete Steward,2026-08-05,data/livestock-staging/approved_ingredient_harmonization_rules.csv,Generated from approved rule under recorded guard; legacy material identity preserved.
AOM_006328,aom:processingMethod,AOM_101095,Grinding,PROCESS-GROUND,approved-generated,Pete Steward,2026-08-05,data/livestock-staging/approved_ingredient_harmonization_rules.csv,Generated from approved rule under recorded guard; legacy material identity preserved.
AOM_006329,aom:processingMethod,AOM_101071,Drying,PROCESS-DRIED,approved-generated,Pete Steward,2026-08-05,data/livestock-staging/approved_ingredient_harmonization_rules.csv,Generated from approved rule under recorded guard; legacy material identity preserved.
AOM_006335,aom:processingMethod,AOM_101071,Drying,PROCESS-DRIED,approved-generated,Pete Steward,2026-08-05,data/livestock-staging/approved_ingredient_harmonization_rules.csv,Generated from approved rule under recorded guard; legacy material identity preserved.
AOM_006336,aom:ingredientPart,AOM_101106,Straw,COMPONENT-STRAW,approved-generated,Pete Steward,2026-08-05,data/livestock-staging/approved_ingredient_harmonization_rules.csv,Generated from approved rule under recorded guard; legacy material identity preserved.
AOM_006336,aom:processingMethod,AOM_101071,Drying,PROCESS-DRIED,approved-generated,Pete Steward,2026-08-05,data/livestock-staging/approved_ingredient_harmonization_rules.csv,Generated from approved rule under recorded guard; legacy material identity preserved.
AOM_006336,aom:processingMethod,AOM_101095,Grinding,PROCESS-GROUND,approved-generated,Pete Steward,2026-08-05,data/livestock-staging/approved_ingredient_harmonization_rules.csv,Generated from approved rule under recorded guard; legacy material identity preserved.
AOM_006337,aom:ingredientPart,AOM_101106,Straw,COMPONENT-STRAW,approved-generated,Pete Steward,2026-08-05,data/livestock-staging/approved_ingredient_harmonization_rules.csv,Generated from approved rule under recorded guard; legacy material identity preserved.
AOM_006337,aom:processingMethod,AOM_101071,Drying,PROCESS-DRIED,approved-generated,Pete Steward,2026-08-05,data/livestock-staging/approved_ingredient_harmonization_rules.csv,Generated from approved rule under recorded guard; legacy material identity preserved.
AOM_006337,aom:processingMethod,AOM_101094,Fermentation,PROCESS-FERMENTED,approved-generated,Pete Steward,2026-08-05,data/livestock-staging/approved_ingredient_harmonization_rules.csv,Generated from approved rule under recorded guard; legacy material identity preserved.
AOM_006337,aom:processingMethod,AOM_101095,Grinding,PROCESS-GROUND,approved-generated,Pete Steward,2026-08-05,data/livestock-staging/approved_ingredient_harmonization_rules.csv,Generated from approved rule under recorded guard; legacy material identity preserved.
AOM_006341,aom:ingredientPart,AOM_101038,Seed,COMPONENT-SEED,approved-generated,Pete Steward,2026-08-05,data/livestock-staging/approved_ingredient_harmonization_rules.csv,Generated from approved rule under recorded guard; legacy material identity preserved.
AOM_006343,aom:ingredientPart,AOM_101038,Seed,COMPONENT-SEED,approved-generated,Pete Steward,2026-08-05,data/livestock-staging/approved_ingredient_harmonization_rules.csv,Generated from approved rule under recorded guard; legacy material identity preserved.
AOM_006343,aom:processingMethod,AOM_101095,Grinding,PROCESS-GROUND,approved-generated,Pete Steward,2026-08-05,data/livestock-staging/approved_ingredient_harmonization_rules.csv,Generated from approved rule under recorded guard; legacy material identity preserved.
AOM_006344,aom:processingMethod,AOM_101071,Drying,PROCESS-DRIED,approved-generated,Pete Steward,2026-08-05,data/livestock-staging/approved_ingredient_harmonization_rules.csv,Generated from approved rule under recorded guard; legacy material identity preserved.
AOM_006345,aom:ingredientPart,AOM_101106,Straw,COMPONENT-STRAW,approved-generated,Pete Steward,2026-08-05,data/livestock-staging/approved_ingredient_harmonization_rules.csv,Generated from approved rule under recorded guard; legacy material identity preserved.
AOM_006345,aom:processingMethod,AOM_101071,Drying,PROCESS-DRIED,approved-generated,Pete Steward,2026-08-05,data/livestock-staging/approved_ingredient_harmonization_rules.csv,Generated from approved rule under recorded guard; legacy material identity preserved.
AOM_006345,aom:processingMethod,AOM_101101,Urea treatment,PROCESS-UREA_TREATED,approved-generated,Pete Steward,2026-08-05,data/livestock-staging/approved_ingredient_harmonization_rules.csv,Generated from approved rule under recorded guard; legacy material identity preserved.
AOM_006346,aom:ingredientPart,AOM_101032,Kernel,COMPONENT-KERNEL,approved-generated,Pete Steward,2026-08-05,data/livestock-staging/approved_ingredient_harmonization_rules.csv,Generated from approved rule under recorded guard; legacy material identity preserved.
AOM_006347,aom:ingredientPart,AOM_101038,Seed,COMPONENT-SEED,approved-generated,Pete Steward,2026-08-05,data/livestock-staging/approved_ingredient_harmonization_rules.csv,Generated from approved rule under recorded guard; legacy material identity preserved.
AOM_006347,aom:processingMethod,AOM_101095,Grinding,PROCESS-GROUND,approved-generated,Pete Steward,2026-08-05,data/livestock-staging/approved_ingredient_harmonization_rules.csv,Generated from approved rule under recorded guard; legacy material identity preserved.
AOM_006348,aom:processingMethod,AOM_000831,Ensiling,PROCESS-ENSILED,approved-generated,Pete Steward,2026-08-05,data/livestock-staging/approved_ingredient_harmonization_rules.csv,Generated from approved rule under recorded guard; legacy material identity preserved.
AOM_006352,aom:ingredientPart,AOM_101034,Peel,COMPONENT-PEEL,approved-generated,Pete Steward,2026-08-05,data/livestock-staging/approved_ingredient_harmonization_rules.csv,Generated from approved rule under recorded guard; legacy material identity preserved.
AOM_006352,aom:processingMethod,AOM_101091,Crushing,PROCESS-CRUSHED,approved-generated,Pete Steward,2026-08-05,data/livestock-staging/approved_ingredient_harmonization_rules.csv,Generated from approved rule under recorded guard; legacy material identity preserved.
AOM_006353,aom:ingredientPart,AOM_101034,Peel,COMPONENT-PEEL,approved-generated,Pete Steward,2026-08-05,data/livestock-staging/approved_ingredient_harmonization_rules.csv,Generated from approved rule under recorded guard; legacy material identity preserved.
AOM_006353,aom:processingMethod,AOM_101091,Crushing,PROCESS-CRUSHED,approved-generated,Pete Steward,2026-08-05,data/livestock-staging/approved_ingredient_harmonization_rules.csv,Generated from approved rule under recorded guard; legacy material identity preserved.
AOM_006353,aom:processingMethod,AOM_101101,Urea treatment,PROCESS-UREA_TREATED,approved-generated,Pete Steward,2026-08-05,data/livestock-staging/approved_ingredient_harmonization_rules.csv,Generated from approved rule under recorded guard; legacy material identity preserved.
AOM_006356,aom:processingMethod,AOM_101071,Drying,PROCESS-DRIED,approved-generated,Pete Steward,2026-08-05,data/livestock-staging/approved_ingredient_harmonization_rules.csv,Generated from approved rule under recorded guard; legacy material identity preserved.
AOM_006357,aom:processingMethod,AOM_101071,Drying,PROCESS-DRIED,approved-generated,Pete Steward,2026-08-05,data/livestock-staging/approved_ingredient_harmonization_rules.csv,Generated from approved rule under recorded guard; legacy material identity preserved.
AOM_006357,aom:processingMethod,AOM_101095,Grinding,PROCESS-GROUND,approved-generated,Pete Steward,2026-08-05,data/livestock-staging/approved_ingredient_harmonization_rules.csv,Generated from approved rule under recorded guard; legacy material identity preserved.
AOM_006358,aom:ingredientPart,AOM_101033,Leaf,COMPONENT-LEAF,approved-generated,Pete Steward,2026-08-05,data/livestock-staging/approved_ingredient_harmonization_rules.csv,Generated from approved rule under recorded guard; legacy material identity preserved.
AOM_006358,aom:processingMethod,AOM_101071,Drying,PROCESS-DRIED,approved-generated,Pete Steward,2026-08-05,data/livestock-staging/approved_ingredient_harmonization_rules.csv,Generated from approved rule under recorded guard; legacy material identity preserved.
AOM_006359,aom:ingredientPart,AOM_101033,Leaf,COMPONENT-LEAF,approved-generated,Pete Steward,2026-08-05,data/livestock-staging/approved_ingredient_harmonization_rules.csv,Generated from approved rule under recorded guard; legacy material identity preserved.
AOM_006360,aom:ingredientPart,AOM_101033,Leaf,COMPONENT-LEAF,approved-generated,Pete Steward,2026-08-05,data/livestock-staging/approved_ingredient_harmonization_rules.csv,Generated from approved rule under recorded guard; legacy material identity preserved.
AOM_006360,aom:processingMethod,AOM_101102,Wilting,PROCESS-WILTED,approved-generated,Pete Steward,2026-08-05,data/livestock-staging/approved_ingredient_harmonization_rules.csv,Generated from approved rule under recorded guard; legacy material identity preserved.
AOM_006361,aom:processingMethod,AOM_000831,Ensiling,PROCESS-ENSILED,approved-generated,Pete Steward,2026-08-05,data/livestock-staging/approved_ingredient_harmonization_rules.csv,Generated from approved rule under recorded guard; legacy material identity preserved.
AOM_006362,aom:processingMethod,AOM_101071,Drying,PROCESS-DRIED,approved-generated,Pete Steward,2026-08-05,data/livestock-staging/approved_ingredient_harmonization_rules.csv,Generated from approved rule under recorded guard; legacy material identity preserved.
AOM_006363,aom:processingMethod,AOM_101091,Crushing,PROCESS-CRUSHED,approved-generated,Pete Steward,2026-08-05,data/livestock-staging/approved_ingredient_harmonization_rules.csv,Generated from approved rule under recorded guard; legacy material identity preserved.
AOM_006364,aom:processingMethod,AOM_101071,Drying,PROCESS-DRIED,approved-generated,Pete Steward,2026-08-05,data/livestock-staging/approved_ingredient_harmonization_rules.csv,Generated from approved rule under recorded guard; legacy material identity preserved.
AOM_006366,aom:processingMethod,AOM_101071,Drying,PROCESS-DRIED,approved-generated,Pete Steward,2026-08-05,data/livestock-staging/approved_ingredient_harmonization_rules.csv,Generated from approved rule under recorded guard; legacy material identity preserved.
AOM_006366,aom:processingMethod,AOM_101095,Grinding,PROCESS-GROUND,approved-generated,Pete Steward,2026-08-05,data/livestock-staging/approved_ingredient_harmonization_rules.csv,Generated from approved rule under recorded guard; legacy material identity preserved.
AOM_006368,aom:processingMethod,AOM_101071,Drying,PROCESS-DRIED,approved-generated,Pete Steward,2026-08-05,data/livestock-staging/approved_ingredient_harmonization_rules.csv,Generated from approved rule under recorded guard; legacy material identity preserved.
AOM_006368,aom:processingMethod,AOM_101095,Grinding,PROCESS-GROUND,approved-generated,Pete Steward,2026-08-05,data/livestock-staging/approved_ingredient_harmonization_rules.csv,Generated from approved rule under recorded guard; legacy material identity preserved.
AOM_006371,aom:processingMethod,AOM_101071,Drying,PROCESS-DRIED,approved-generated,Pete Steward,2026-08-05,data/livestock-staging/approved_ingredient_harmonization_rules.csv,Generated from approved rule under recorded guard; legacy material identity preserved.
AOM_006373,aom:ingredientPart,AOM_101033,Leaf,COMPONENT-LEAF,approved-generated,Pete Steward,2026-08-05,data/livestock-staging/approved_ingredient_harmonization_rules.csv,Generated from approved rule under recorded guard; legacy material identity preserved.
AOM_006374,aom:ingredientPart,AOM_101106,Straw,COMPONENT-STRAW,approved-generated,Pete Steward,2026-08-05,data/livestock-staging/approved_ingredient_harmonization_rules.csv,Generated from approved rule under recorded guard; legacy material identity preserved.
AOM_006374,aom:processingMethod,AOM_000831,Ensiling,PROCESS-ENSILED,approved-generated,Pete Steward,2026-08-05,data/livestock-staging/approved_ingredient_harmonization_rules.csv,Generated from approved rule under recorded guard; legacy material identity preserved.
AOM_006374,aom:processingMethod,AOM_101101,Urea treatment,PROCESS-UREA_TREATED,approved-generated,Pete Steward,2026-08-05,data/livestock-staging/approved_ingredient_harmonization_rules.csv,Generated from approved rule under recorded guard; legacy material identity preserved.
AOM_006376,aom:ingredientPart,AOM_101033,Leaf,COMPONENT-LEAF,approved-generated,Pete Steward,2026-08-05,data/livestock-staging/approved_ingredient_harmonization_rules.csv,Generated from approved rule under recorded guard; legacy material identity preserved.
AOM_006376,aom:processingMethod,AOM_101102,Wilting,PROCESS-WILTED,approved-generated,Pete Steward,2026-08-05,data/livestock-staging/approved_ingredient_harmonization_rules.csv,Generated from approved rule under recorded guard; legacy material identity preserved.
AOM_006380,aom:processingMethod,AOM_101092,Enzyme treatment,PROCESS-ENZYME_TREATED,approved-generated,Pete Steward,2026-08-05,data/livestock-staging/approved_ingredient_harmonization_rules.csv,Generated from approved rule under recorded guard; legacy material identity preserved.
AOM_006380,aom:processingMethod,AOM_101095,Grinding,PROCESS-GROUND,approved-generated,Pete Steward,2026-08-05,data/livestock-staging/approved_ingredient_harmonization_rules.csv,Generated from approved rule under recorded guard; legacy material identity preserved.
AOM_006381,aom:ingredientPart,AOM_101033,Leaf,COMPONENT-LEAF,approved-generated,Pete Steward,2026-08-05,data/livestock-staging/approved_ingredient_harmonization_rules.csv,Generated from approved rule under recorded guard; legacy material identity preserved.
AOM_006381,aom:processingMethod,AOM_101102,Wilting,PROCESS-WILTED,approved-generated,Pete Steward,2026-08-05,data/livestock-staging/approved_ingredient_harmonization_rules.csv,Generated from approved rule under recorded guard; legacy material identity preserved.
AOM_006385,aom:ingredientPart,AOM_101033,Leaf,COMPONENT-LEAF,approved-generated,Pete Steward,2026-08-05,data/livestock-staging/approved_ingredient_harmonization_rules.csv,Generated from approved rule under recorded guard; legacy material identity preserved.
AOM_006395,aom:processingMethod,AOM_101102,Wilting,PROCESS-WILTED,approved-generated,Pete Steward,2026-08-05,data/livestock-staging/approved_ingredient_harmonization_rules.csv,Generated from approved rule under recorded guard; legacy material identity preserved.
AOM_006396,aom:ingredientPart,AOM_101106,Straw,COMPONENT-STRAW,approved-generated,Pete Steward,2026-08-05,data/livestock-staging/approved_ingredient_harmonization_rules.csv,Generated from approved rule under recorded guard; legacy material identity preserved.
AOM_006396,aom:processingMethod,AOM_101071,Drying,PROCESS-DRIED,approved-generated,Pete Steward,2026-08-05,data/livestock-staging/approved_ingredient_harmonization_rules.csv,Generated from approved rule under recorded guard; legacy material identity preserved.
AOM_006396,aom:processingMethod,AOM_101097,Molasses treatment,PROCESS-MOLASSES_TREATED,approved-generated,Pete Steward,2026-08-05,data/livestock-staging/approved_ingredient_harmonization_rules.csv,Generated from approved rule under recorded guard; legacy material identity preserved.
AOM_006396,aom:processingMethod,AOM_101101,Urea treatment,PROCESS-UREA_TREATED,approved-generated,Pete Steward,2026-08-05,data/livestock-staging/approved_ingredient_harmonization_rules.csv,Generated from approved rule under recorded guard; legacy material identity preserved.
AOM_006397,aom:ingredientPart,AOM_101106,Straw,COMPONENT-STRAW,approved-generated,Pete Steward,2026-08-05,data/livestock-staging/approved_ingredient_harmonization_rules.csv,Generated from approved rule under recorded guard; legacy material identity preserved.
AOM_006397,aom:processingMethod,AOM_101097,Molasses treatment,PROCESS-MOLASSES_TREATED,approved-generated,Pete Steward,2026-08-05,data/livestock-staging/approved_ingredient_harmonization_rules.csv,Generated from approved rule under recorded guard; legacy material identity preserved.
AOM_006397,aom:processingMethod,AOM_101101,Urea treatment,PROCESS-UREA_TREATED,approved-generated,Pete Steward,2026-08-05,data/livestock-staging/approved_ingredient_harmonization_rules.csv,Generated from approved rule under recorded guard; legacy material identity preserved.
AOM_006399,aom:ingredientPart,AOM_101038,Seed,COMPONENT-SEED,approved-generated,Pete Steward,2026-08-05,data/livestock-staging/approved_ingredient_harmonization_rules.csv,Generated from approved rule under recorded guard; legacy material identity preserved.
AOM_006399,aom:processingMethod,AOM_101071,Drying,PROCESS-DRIED,approved-generated,Pete Steward,2026-08-05,data/livestock-staging/approved_ingredient_harmonization_rules.csv,Generated from approved rule under recorded guard; legacy material identity preserved.
AOM_006399,aom:processingMethod,AOM_101087,Alkali treatment,PROCESS-ALKALI_TREATED,approved-generated,Pete Steward,2026-08-05,data/livestock-staging/approved_ingredient_harmonization_rules.csv,Generated from approved rule under recorded guard; legacy material identity preserved.
AOM_006399,aom:processingMethod,AOM_101089,Boiling,PROCESS-BOILED,approved-generated,Pete Steward,2026-08-05,data/livestock-staging/approved_ingredient_harmonization_rules.csv,Generated from approved rule under recorded guard; legacy material identity preserved.
AOM_006399,aom:processingMethod,AOM_101095,Grinding,PROCESS-GROUND,approved-generated,Pete Steward,2026-08-05,data/livestock-staging/approved_ingredient_harmonization_rules.csv,Generated from approved rule under recorded guard; legacy material identity preserved.
AOM_006400,aom:processingMethod,AOM_101087,Alkali treatment,PROCESS-ALKALI_TREATED,approved-generated,Pete Steward,2026-08-05,data/livestock-staging/approved_ingredient_harmonization_rules.csv,Generated from approved rule under recorded guard; legacy material identity preserved.
AOM_006400,aom:processingMethod,AOM_101089,Boiling,PROCESS-BOILED,approved-generated,Pete Steward,2026-08-05,data/livestock-staging/approved_ingredient_harmonization_rules.csv,Generated from approved rule under recorded guard; legacy material identity preserved.
AOM_006400,aom:processingMethod,AOM_101095,Grinding,PROCESS-GROUND,approved-generated,Pete Steward,2026-08-05,data/livestock-staging/approved_ingredient_harmonization_rules.csv,Generated from approved rule under recorded guard; legacy material identity preserved.
AOM_006402,aom:processingMethod,AOM_101071,Drying,PROCESS-DRIED,approved-generated,Pete Steward,2026-08-05,data/livestock-staging/approved_ingredient_harmonization_rules.csv,Generated from approved rule under recorded guard; legacy material identity preserved.
AOM_006402,aom:processingMethod,AOM_101094,Fermentation,PROCESS-FERMENTED,approved-generated,Pete Steward,2026-08-05,data/livestock-staging/approved_ingredient_harmonization_rules.csv,Generated from approved rule under recorded guard; legacy material identity preserved.
AOM_006403,aom:ingredientPart,AOM_101107,Vine,COMPONENT-VINE,approved-generated,Pete Steward,2026-08-05,data/livestock-staging/approved_ingredient_harmonization_rules.csv,Generated from approved rule under recorded guard; legacy material identity preserved.
AOM_006403,aom:processingMethod,AOM_000831,Ensiling,PROCESS-ENSILED,approved-generated,Pete Steward,2026-08-05,data/livestock-staging/approved_ingredient_harmonization_rules.csv,Generated from approved rule under recorded guard; legacy material identity preserved.
AOM_006403,aom:processingMethod,AOM_101102,Wilting,PROCESS-WILTED,approved-generated,Pete Steward,2026-08-05,data/livestock-staging/approved_ingredient_harmonization_rules.csv,Generated from approved rule under recorded guard; legacy material identity preserved.
AOM_006404,aom:processingMethod,AOM_101071,Drying,PROCESS-DRIED,approved-generated,Pete Steward,2026-08-05,data/livestock-staging/approved_ingredient_harmonization_rules.csv,Generated from approved rule under recorded guard; legacy material identity preserved.
AOM_006404,aom:processingMethod,AOM_101095,Grinding,PROCESS-GROUND,approved-generated,Pete Steward,2026-08-05,data/livestock-staging/approved_ingredient_harmonization_rules.csv,Generated from approved rule under recorded guard; legacy material identity preserved.
AOM_006408,aom:processingMethod,AOM_101095,Grinding,PROCESS-GROUND,approved-generated,Pete Steward,2026-08-05,data/livestock-staging/approved_ingredient_harmonization_rules.csv,Generated from approved rule under recorded guard; legacy material identity preserved.
AOM_006411,aom:ingredientPart,AOM_101032,Kernel,COMPONENT-KERNEL,approved-generated,Pete Steward,2026-08-05,data/livestock-staging/approved_ingredient_harmonization_rules.csv,Generated from approved rule under recorded guard; legacy material identity preserved.
AOM_006411,aom:processingMethod,AOM_101071,Drying,PROCESS-DRIED,approved-generated,Pete Steward,2026-08-05,data/livestock-staging/approved_ingredient_harmonization_rules.csv,Generated from approved rule under recorded guard; legacy material identity preserved.
AOM_006413,aom:ingredientPart,AOM_101106,Straw,COMPONENT-STRAW,approved-generated,Pete Steward,2026-08-05,data/livestock-staging/approved_ingredient_harmonization_rules.csv,Generated from approved rule under recorded guard; legacy material identity preserved.
AOM_006413,aom:processingMethod,AOM_000831,Ensiling,PROCESS-ENSILED,approved-generated,Pete Steward,2026-08-05,data/livestock-staging/approved_ingredient_harmonization_rules.csv,Generated from approved rule under recorded guard; legacy material identity preserved.
AOM_006500,aom:ingredientPart,AOM_101038,Seed,COMPONENT-SEED,approved-generated,Pete Steward,2026-08-05,data/livestock-staging/approved_ingredient_harmonization_rules.csv,Generated from approved rule under recorded guard; legacy material identity preserved.
AOM_006500,aom:processingMethod,AOM_101071,Drying,PROCESS-DRIED,approved-generated,Pete Steward,2026-08-05,data/livestock-staging/approved_ingredient_harmonization_rules.csv,Generated from approved rule under recorded guard; legacy material identity preserved.
AOM_006500,aom:processingMethod,AOM_101089,Boiling,PROCESS-BOILED,approved-generated,Pete Steward,2026-08-05,data/livestock-staging/approved_ingredient_harmonization_rules.csv,Generated from approved rule under recorded guard; legacy material identity preserved.
AOM_006500,aom:processingMethod,AOM_101095,Grinding,PROCESS-GROUND,approved-generated,Pete Steward,2026-08-05,data/livestock-staging/approved_ingredient_harmonization_rules.csv,Generated from approved rule under recorded guard; legacy material identity preserved.
AOM_006500,aom:processingMethod,AOM_101099,Soaking,PROCESS-SOAKED,approved-generated,Pete Steward,2026-08-05,data/livestock-staging/approved_ingredient_harmonization_rules.csv,Generated from approved rule under recorded guard; legacy material identity preserved.
AOM_00672,aom:ingredientPart,AOM_101033,Leaf,COMPONENT-LEAF,approved-generated,Pete Steward,2026-08-05,data/livestock-staging/approved_ingredient_harmonization_rules.csv,Generated from approved rule under recorded guard; legacy material identity preserved.
AOM_00672,aom:processingMethod,AOM_000831,Ensiling,PROCESS-ENSILED,approved-generated,Pete Steward,2026-08-05,data/livestock-staging/approved_ingredient_harmonization_rules.csv,Generated from approved rule under recorded guard; legacy material identity preserved.
AOM_00672,aom:processingMethod,AOM_101102,Wilting,PROCESS-WILTED,approved-generated,Pete Steward,2026-08-05,data/livestock-staging/approved_ingredient_harmonization_rules.csv,Generated from approved rule under recorded guard; legacy material identity preserved.
AOM_012120,aom:ingredientPart,AOM_101074,Grain,COMPONENT-GRAIN,approved-generated,Pete Steward,2026-08-05,data/livestock-staging/approved_ingredient_harmonization_rules.csv,Generated from approved rule under recorded guard; legacy material identity preserved.
AOM_012120,aom:processingMethod,AOM_101098,Roasting,PROCESS-ROASTED,approved-generated,Pete Steward,2026-08-05,data/livestock-staging/approved_ingredient_harmonization_rules.csv,Generated from approved rule under recorded guard; legacy material identity preserved.
