edge_id,subject_id,subject_label,subject_type,current_relation,object_id,object_label,object_type,recommended_disposition,proposed_relation,status,evidence_ids,rationale
HIER-0001,era:practice:practice:001,FMNR,practice,broader,era:practice:theme:001,Agroforestry,theme,replace-with-navigation-membership,member-of-reporting-collection,held,E-PILOT;E-SKOS,Object is an editorial source level; membership preserves navigation without asserting inherent broader meaning.
HIER-0002,era:practice:practice:002,Alleycropping,practice,broader,era:practice:theme:001,Agroforestry,theme,replace-with-navigation-membership,member-of-reporting-collection,held,E-PILOT;E-SKOS,Object is an editorial source level; membership preserves navigation without asserting inherent broader meaning.
HIER-0003,era:practice:practice:003,Parklands,practice,broader,era:practice:theme:001,Agroforestry,theme,replace-with-navigation-membership,member-of-reporting-collection,held,E-PILOT;E-SKOS,Object is an editorial source level; membership preserves navigation without asserting inherent broader meaning.
HIER-0004,era:practice:practice:004,Boundary Planting,practice,broader,era:practice:theme:001,Agroforestry,theme,replace-with-navigation-membership,member-of-reporting-collection,held,E-PILOT;E-SKOS,Object is an editorial source level; membership preserves navigation without asserting inherent broader meaning.
HIER-0005,era:practice:practice:005,Silvopasture,practice,broader,era:practice:theme:001,Agroforestry,theme,replace-with-navigation-membership,member-of-reporting-collection,held,E-PILOT;E-SKOS,Object is an editorial source level; membership preserves navigation without asserting inherent broader meaning.
HIER-0006,era:practice:practice:006,Multistrata Agroforestry,practice,broader,era:practice:theme:001,Agroforestry,theme,replace-with-navigation-membership,member-of-reporting-collection,held,E-PILOT;E-SKOS,Object is an editorial source level; membership preserves navigation without asserting inherent broader meaning.
HIER-0007,era:practice:practice:007,Agroforestry Pruning,practice,broader,era:practice:theme:001,Agroforestry,theme,replace-with-navigation-membership,member-of-reporting-collection,held,E-PILOT;E-SKOS,Object is an editorial source level; membership preserves navigation without asserting inherent broader meaning.
HIER-0008,era:practice:practice:008,Agroforestry Fallow,practice,broader,era:practice:theme:001,Agroforestry,theme,replace-with-navigation-membership,member-of-reporting-collection,held,E-PILOT;E-SKOS,Object is an editorial source level; membership preserves navigation without asserting inherent broader meaning.
HIER-0009,era:practice:practice:009,Other Agroforestry,practice,broader,era:practice:theme:001,Agroforestry,theme,replace-with-navigation-membership,member-of-reporting-collection,held,E-PILOT;E-SKOS,Object is an editorial source level; membership preserves navigation without asserting inherent broader meaning.
HIER-0010,era:practice:practice:010,Feed Addition,practice,broader,era:practice:theme:002,Animals,theme,replace-with-navigation-membership,member-of-reporting-collection,held,E-PILOT;E-SKOS,Object is an editorial source level; membership preserves navigation without asserting inherent broader meaning.
HIER-0011,era:practice:practice:011,Feed Substitution,practice,broader,era:practice:theme:002,Animals,theme,replace-with-navigation-membership,member-of-reporting-collection,held,E-PILOT;E-SKOS,Object is an editorial source level; membership preserves navigation without asserting inherent broader meaning.
HIER-0012,era:practice:practice:012,Feed Processing,practice,broader,era:practice:theme:002,Animals,theme,replace-with-navigation-membership,member-of-reporting-collection,held,E-PILOT;E-SKOS,Object is an editorial source level; membership preserves navigation without asserting inherent broader meaning.
HIER-0013,era:practice:practice:013,Genetic Improvement,practice,broader,era:practice:theme:002,Animals,theme,replace-with-navigation-membership,member-of-reporting-collection,held,E-PILOT;E-SKOS,Object is an editorial source level; membership preserves navigation without asserting inherent broader meaning.
HIER-0014,era:practice:practice:014,Manure Management,practice,broader,era:practice:theme:002,Animals,theme,replace-with-navigation-membership,member-of-reporting-collection,held,E-PILOT;E-SKOS,Object is an editorial source level; membership preserves navigation without asserting inherent broader meaning.
HIER-0015,era:practice:practice:015,Pasture Management,practice,broader,era:practice:theme:002,Animals,theme,replace-with-navigation-membership,member-of-reporting-collection,held,E-PILOT;E-SKOS,Object is an editorial source level; membership preserves navigation without asserting inherent broader meaning.
HIER-0016,era:practice:practice:016,Aquasilviculture,practice,broader,era:practice:theme:002,Animals,theme,replace-with-navigation-membership,member-of-reporting-collection,held,E-PILOT;E-SKOS,Object is an editorial source level; membership preserves navigation without asserting inherent broader meaning.
HIER-0017,era:practice:practice:017,Feed Addition; Feed Substitution,practice,broader,era:practice:theme:002,Animals,theme,replace-with-navigation-membership,member-of-reporting-collection,held,E-PILOT;E-SKOS,Object is an editorial source level; membership preserves navigation without asserting inherent broader meaning.
HIER-0018,era:practice:practice:018,Manure Management,practice,broader,era:practice:theme:002,Animals,theme,replace-with-navigation-membership,member-of-reporting-collection,held,E-PILOT;E-SKOS,Object is an editorial source level; membership preserves navigation without asserting inherent broader meaning.
HIER-0019,era:practice:practice:019,Pasture Management,practice,broader,era:practice:theme:002,Animals,theme,replace-with-navigation-membership,member-of-reporting-collection,held,E-PILOT;E-SKOS,Object is an editorial source level; membership preserves navigation without asserting inherent broader meaning.
HIER-0020,era:practice:practice:020,Genetic Improvement,practice,broader,era:practice:theme:002,Animals,theme,replace-with-navigation-membership,member-of-reporting-collection,held,E-PILOT;E-SKOS,Object is an editorial source level; membership preserves navigation without asserting inherent broader meaning.
HIER-0021,era:practice:practice:021,Irrigation,practice,broader,era:practice:theme:003,Blue Water Management,theme,replace-with-navigation-membership,member-of-reporting-collection,held,E-PILOT;E-SKOS,Object is an editorial source level; membership preserves navigation without asserting inherent broader meaning.
HIER-0022,era:practice:practice:022,Deficit Irrigation,practice,broader,era:practice:theme:003,Blue Water Management,theme,replace-with-navigation-membership,member-of-reporting-collection,held,E-PILOT;E-SKOS,Object is an editorial source level; membership preserves navigation without asserting inherent broader meaning.
HIER-0023,era:practice:practice:023,Supplemental Irrigation,practice,broader,era:practice:theme:003,Blue Water Management,theme,replace-with-navigation-membership,member-of-reporting-collection,held,E-PILOT;E-SKOS,Object is an editorial source level; membership preserves navigation without asserting inherent broader meaning.
HIER-0024,era:practice:practice:024,Improved Rice Management,practice,broader,era:practice:theme:003,Blue Water Management,theme,replace-with-navigation-membership,member-of-reporting-collection,held,E-PILOT;E-SKOS,Object is an editorial source level; membership preserves navigation without asserting inherent broader meaning.
HIER-0025,era:practice:practice:025,Crop Rotation,practice,broader,era:practice:theme:004,Crop Management,theme,replace-with-navigation-membership,member-of-reporting-collection,held,E-PILOT;E-SKOS,Object is an editorial source level; membership preserves navigation without asserting inherent broader meaning.
HIER-0026,era:practice:practice:026,Crop Rotation,practice,broader,era:practice:theme:004,Crop Management,theme,replace-with-navigation-membership,member-of-reporting-collection,held,E-PILOT;E-SKOS,Object is an editorial source level; membership preserves navigation without asserting inherent broader meaning.
HIER-0027,era:practice:practice:027,Double Cropping,practice,broader,era:practice:theme:004,Crop Management,theme,replace-with-navigation-membership,member-of-reporting-collection,held,E-PILOT;E-SKOS,Object is an editorial source level; membership preserves navigation without asserting inherent broader meaning.
HIER-0028,era:practice:practice:028,Intercropping,practice,broader,era:practice:theme:004,Crop Management,theme,replace-with-navigation-membership,member-of-reporting-collection,held,E-PILOT;E-SKOS,Object is an editorial source level; membership preserves navigation without asserting inherent broader meaning.
HIER-0029,era:practice:practice:029,Green Manure,practice,broader,era:practice:theme:004,Crop Management,theme,replace-with-navigation-membership,member-of-reporting-collection,held,E-PILOT;E-SKOS,Object is an editorial source level; membership preserves navigation without asserting inherent broader meaning.
HIER-0030,era:practice:practice:030,Intercropping,practice,broader,era:practice:theme:004,Crop Management,theme,replace-with-navigation-membership,member-of-reporting-collection,held,E-PILOT;E-SKOS,Object is an editorial source level; membership preserves navigation without asserting inherent broader meaning.
HIER-0031,era:practice:practice:031,Intercropping or Rotation,practice,broader,era:practice:theme:004,Crop Management,theme,replace-with-navigation-membership,member-of-reporting-collection,held,E-PILOT;E-SKOS,Object is an editorial source level; membership preserves navigation without asserting inherent broader meaning.
HIER-0032,era:practice:practice:032,Biogas,practice,broader,era:practice:theme:005,Energy,theme,replace-with-navigation-membership,member-of-reporting-collection,held,E-PILOT;E-SKOS,Object is an editorial source level; membership preserves navigation without asserting inherent broader meaning.
HIER-0033,era:practice:practice:033,Biogas,practice,broader,era:practice:theme:005,Energy,theme,replace-with-navigation-membership,member-of-reporting-collection,held,E-PILOT;E-SKOS,Object is an editorial source level; membership preserves navigation without asserting inherent broader meaning.
HIER-0034,era:practice:practice:034,Cookstove,practice,broader,era:practice:theme:005,Energy,theme,replace-with-navigation-membership,member-of-reporting-collection,held,E-PILOT;E-SKOS,Object is an editorial source level; membership preserves navigation without asserting inherent broader meaning.
HIER-0035,era:practice:practice:035,Cookstove,practice,broader,era:practice:theme:005,Energy,theme,replace-with-navigation-membership,member-of-reporting-collection,held,E-PILOT;E-SKOS,Object is an editorial source level; membership preserves navigation without asserting inherent broader meaning.
HIER-0036,era:practice:practice:036,Biogas/cookstove,practice,broader,era:practice:theme:005,Energy,theme,replace-with-navigation-membership,member-of-reporting-collection,held,E-PILOT;E-SKOS,Object is an editorial source level; membership preserves navigation without asserting inherent broader meaning.
HIER-0037,era:practice:practice:037,Improved Varieties,practice,broader,era:practice:theme:006,Genetic improvement,theme,replace-with-navigation-membership,member-of-reporting-collection,held,E-PILOT;E-SKOS,Object is an editorial source level; membership preserves navigation without asserting inherent broader meaning.
HIER-0038,era:practice:practice:038,Unimproved Variety,practice,broader,era:practice:theme:006,Genetic improvement,theme,replace-with-navigation-membership,member-of-reporting-collection,held,E-PILOT;E-SKOS,Object is an editorial source level; membership preserves navigation without asserting inherent broader meaning.
HIER-0039,era:practice:practice:039,Water Harvesting,practice,broader,era:practice:theme:007,Green Water Management,theme,replace-with-navigation-membership,member-of-reporting-collection,held,E-PILOT;E-SKOS,Object is an editorial source level; membership preserves navigation without asserting inherent broader meaning.
HIER-0040,era:practice:practice:040,Non-CSA,practice,broader,era:practice:theme:008,Non-CSA,theme,reject-broader-collapse-identity,none-pending-identity-resolution,held,E-PILOT;E-SKOS,Subject and object have same normalized preferred label; broader assertion manufactures duplicate identity.
HIER-0041,era:practice:practice:041,Agronomy;Agroforestry,practice,broader,era:practice:theme:008,Non-CSA,theme,replace-with-navigation-membership,member-of-reporting-collection,held,E-PILOT;E-SKOS,Object is an editorial source level; membership preserves navigation without asserting inherent broader meaning.
HIER-0042,era:practice:practice:042,Agronomy,practice,broader,era:practice:theme:008,Non-CSA,theme,replace-with-navigation-membership,member-of-reporting-collection,held,E-PILOT;E-SKOS,Object is an editorial source level; membership preserves navigation without asserting inherent broader meaning.
HIER-0043,era:practice:practice:043,Inorganic Fertilizer,practice,broader,era:practice:theme:009,Nutrient Management,theme,replace-with-navigation-membership,member-of-reporting-collection,held,E-PILOT;E-SKOS,Object is an editorial source level; membership preserves navigation without asserting inherent broader meaning.
HIER-0044,era:practice:practice:044,Inorganic Fertilizer Reduction,practice,broader,era:practice:theme:009,Nutrient Management,theme,replace-with-navigation-membership,member-of-reporting-collection,held,E-PILOT;E-SKOS,Object is an editorial source level; membership preserves navigation without asserting inherent broader meaning.
HIER-0045,era:practice:practice:045,Organic Fertilizer,practice,broader,era:practice:theme:009,Nutrient Management,theme,replace-with-navigation-membership,member-of-reporting-collection,held,E-PILOT;E-SKOS,Object is an editorial source level; membership preserves navigation without asserting inherent broader meaning.
HIER-0046,era:practice:practice:046,Organic Fertilizer Substitution,practice,broader,era:practice:theme:009,Nutrient Management,theme,replace-with-navigation-membership,member-of-reporting-collection,held,E-PILOT;E-SKOS,Object is an editorial source level; membership preserves navigation without asserting inherent broader meaning.
HIER-0047,era:practice:practice:047,Fertilizer Control,practice,broader,era:practice:theme:009,Nutrient Management,theme,replace-with-navigation-membership,member-of-reporting-collection,held,E-PILOT;E-SKOS,Object is an editorial source level; membership preserves navigation without asserting inherent broader meaning.
HIER-0048,era:practice:practice:048,Harvest Method,practice,broader,era:practice:theme:010,Postharvest,theme,replace-with-navigation-membership,member-of-reporting-collection,held,E-PILOT;E-SKOS,Object is an editorial source level; membership preserves navigation without asserting inherent broader meaning.
HIER-0049,era:practice:practice:049,Storage,practice,broader,era:practice:theme:010,Postharvest,theme,replace-with-navigation-membership,member-of-reporting-collection,held,E-PILOT;E-SKOS,Object is an editorial source level; membership preserves navigation without asserting inherent broader meaning.
HIER-0050,era:practice:practice:050,Harvest Method,practice,broader,era:practice:theme:010,Postharvest,theme,replace-with-navigation-membership,member-of-reporting-collection,held,E-PILOT;E-SKOS,Object is an editorial source level; membership preserves navigation without asserting inherent broader meaning.
HIER-0051,era:practice:practice:051,Storage,practice,broader,era:practice:theme:010,Postharvest,theme,replace-with-navigation-membership,member-of-reporting-collection,held,E-PILOT;E-SKOS,Object is an editorial source level; membership preserves navigation without asserting inherent broader meaning.
HIER-0052,era:practice:practice:052,Reduced Tillage,practice,broader,era:practice:theme:011,Soil Management,theme,replace-with-navigation-membership,member-of-reporting-collection,held,E-PILOT;E-SKOS,Object is an editorial source level; membership preserves navigation without asserting inherent broader meaning.
HIER-0053,era:practice:practice:053,Mulch,practice,broader,era:practice:theme:011,Soil Management,theme,replace-with-navigation-membership,member-of-reporting-collection,held,E-PILOT;E-SKOS,Object is an editorial source level; membership preserves navigation without asserting inherent broader meaning.
HIER-0054,era:practice:practice:054,Green Manure,practice,broader,era:practice:theme:011,Soil Management,theme,replace-with-navigation-membership,member-of-reporting-collection,held,E-PILOT;E-SKOS,Object is an editorial source level; membership preserves navigation without asserting inherent broader meaning.
HIER-0055,era:practice:practice:055,Biochar,practice,broader,era:practice:theme:011,Soil Management,theme,replace-with-navigation-membership,member-of-reporting-collection,held,E-PILOT;E-SKOS,Object is an editorial source level; membership preserves navigation without asserting inherent broader meaning.
HIER-0056,era:practice:practice:056,pH Control,practice,broader,era:practice:theme:011,Soil Management,theme,replace-with-navigation-membership,member-of-reporting-collection,held,E-PILOT;E-SKOS,Object is an editorial source level; membership preserves navigation without asserting inherent broader meaning.
HIER-0057,era:practice:practice:057,Crop Residue,practice,broader,era:practice:theme:011,Soil Management,theme,replace-with-navigation-membership,member-of-reporting-collection,held,E-PILOT;E-SKOS,Object is an editorial source level; membership preserves navigation without asserting inherent broader meaning.
HIER-0058,era:practice:practice:058,Crop Residue Incorporation,practice,broader,era:practice:theme:011,Soil Management,theme,replace-with-navigation-membership,member-of-reporting-collection,held,E-PILOT;E-SKOS,Object is an editorial source level; membership preserves navigation without asserting inherent broader meaning.
HIER-0059,era:practice:practice:059,Improved Fallow,practice,broader,era:practice:theme:011,Soil Management,theme,replace-with-navigation-membership,member-of-reporting-collection,held,E-PILOT;E-SKOS,Object is an editorial source level; membership preserves navigation without asserting inherent broader meaning.
HIER-0060,era:practice:practice:060,Improved Fallow,practice,broader,era:practice:theme:011,Soil Management,theme,replace-with-navigation-membership,member-of-reporting-collection,held,E-PILOT;E-SKOS,Object is an editorial source level; membership preserves navigation without asserting inherent broader meaning.
HIER-0061,era:practice:practice:061,Conventional Tillage,practice,broader,era:practice:theme:011,Soil Management,theme,replace-with-navigation-membership,member-of-reporting-collection,held,E-PILOT;E-SKOS,Object is an editorial source level; membership preserves navigation without asserting inherent broader meaning.
HIER-0062,era:practice:practice:062,Crop Residue,practice,broader,era:practice:theme:011,Soil Management,theme,replace-with-navigation-membership,member-of-reporting-collection,held,E-PILOT;E-SKOS,Object is an editorial source level; membership preserves navigation without asserting inherent broader meaning.
HIER-0063,era:practice:practice:063,No-Till (Off-season),practice,broader,era:practice:theme:011,Soil Management,theme,replace-with-navigation-membership,member-of-reporting-collection,held,E-PILOT;E-SKOS,Object is an editorial source level; membership preserves navigation without asserting inherent broader meaning.
HIER-0064,era:practice:practice:064,Reduced Tillage (Off-season),practice,broader,era:practice:theme:011,Soil Management,theme,replace-with-navigation-membership,member-of-reporting-collection,held,E-PILOT;E-SKOS,Object is an editorial source level; membership preserves navigation without asserting inherent broader meaning.
HIER-0065,era:practice:practice:065,Irrigation,practice,broader,era:practice:theme:012,Water Management,theme,replace-with-navigation-membership,member-of-reporting-collection,held,E-PILOT;E-SKOS,Object is an editorial source level; membership preserves navigation without asserting inherent broader meaning.
HIER-0066,era:practice:practice:066,Planting,practice,broader,era:practice:theme:012,Water Management,theme,replace-with-navigation-membership,member-of-reporting-collection,held,E-PILOT;E-SKOS,Object is an editorial source level; membership preserves navigation without asserting inherent broader meaning.
HIER-0067,era:practice:a1,Farmer Managed Natural Regeneration,leaf_practice,broader,era:practice:practice:001,FMNR,practice,hold-specialization-review,skos:broader-candidate,held,E-PILOT;E-SKOS,"Practice-group relation may express specialization, but parent identity and extension require review."
HIER-0068,era:practice:a3,Alleycropping (N fixing),leaf_practice,broader,era:practice:practice:002,Alleycropping,practice,hold-specialization-review,skos:broader-candidate,held,E-PILOT;E-SKOS,"Practice-group relation may express specialization, but parent identity and extension require review."
HIER-0069,era:practice:a4,Alleycropping (Non N fixing),leaf_practice,broader,era:practice:practice:002,Alleycropping,practice,hold-specialization-review,skos:broader-candidate,held,E-PILOT;E-SKOS,"Practice-group relation may express specialization, but parent identity and extension require review."
HIER-0070,era:practice:a4.1,Alleycropping (Mixed),leaf_practice,broader,era:practice:practice:002,Alleycropping,practice,hold-specialization-review,skos:broader-candidate,held,E-PILOT;E-SKOS,"Practice-group relation may express specialization, but parent identity and extension require review."
HIER-0071,era:practice:a14,Alleycropping (Unspecified),leaf_practice,broader,era:practice:practice:002,Alleycropping,practice,hold-specialization-review,skos:broader-candidate,held,E-PILOT;E-SKOS,"Practice-group relation may express specialization, but parent identity and extension require review."
HIER-0072,era:practice:a8,Parklands,leaf_practice,broader,era:practice:practice:003,Parklands,practice,reject-broader-collapse-identity,none-pending-identity-resolution,held,E-PILOT;E-SKOS,Subject and object have same normalized preferred label; broader assertion manufactures duplicate identity.
HIER-0073,era:practice:a8.1,Scattered Trees,leaf_practice,broader,era:practice:practice:003,Parklands,practice,hold-specialization-review,skos:broader-candidate,held,E-PILOT;E-SKOS,"Practice-group relation may express specialization, but parent identity and extension require review."
HIER-0074,era:practice:a9,Tree Windbreak,leaf_practice,broader,era:practice:practice:004,Boundary Planting,practice,hold-specialization-review,skos:broader-candidate,held,E-PILOT;E-SKOS,"Practice-group relation may express specialization, but parent identity and extension require review."
HIER-0075,era:practice:a10,Living Fences or Hedgerows,leaf_practice,broader,era:practice:practice:004,Boundary Planting,practice,hold-specialization-review,skos:broader-candidate,held,E-PILOT;E-SKOS,"Practice-group relation may express specialization, but parent identity and extension require review."
HIER-0076,era:practice:a11,Silvopasture,leaf_practice,broader,era:practice:practice:005,Silvopasture,practice,reject-broader-collapse-identity,none-pending-identity-resolution,held,E-PILOT;E-SKOS,Subject and object have same normalized preferred label; broader assertion manufactures duplicate identity.
HIER-0077,era:practice:a22,Agrosilvopastoral System,leaf_practice,broader,era:practice:practice:005,Silvopasture,practice,hold-specialization-review,skos:broader-candidate,held,E-PILOT;E-SKOS,"Practice-group relation may express specialization, but parent identity and extension require review."
HIER-0078,era:practice:a12,Multistrata Agroforestry,leaf_practice,broader,era:practice:practice:006,Multistrata Agroforestry,practice,reject-broader-collapse-identity,none-pending-identity-resolution,held,E-PILOT;E-SKOS,Subject and object have same normalized preferred label; broader assertion manufactures duplicate identity.
HIER-0079,era:practice:a15,Tree Prunings Applied (Unspecified),leaf_practice,broader,era:practice:practice:007,Agroforestry Pruning,practice,hold-specialization-review,skos:broader-candidate,held,E-PILOT;E-SKOS,"Practice-group relation may express specialization, but parent identity and extension require review."
HIER-0080,era:practice:a15.1,Tree Prunings Mulched (Unspecified),leaf_practice,broader,era:practice:practice:007,Agroforestry Pruning,practice,hold-specialization-review,skos:broader-candidate,held,E-PILOT;E-SKOS,"Practice-group relation may express specialization, but parent identity and extension require review."
HIER-0081,era:practice:a15.2,Tree Prunings Incorporated (Unspecified),leaf_practice,broader,era:practice:practice:007,Agroforestry Pruning,practice,hold-specialization-review,skos:broader-candidate,held,E-PILOT;E-SKOS,"Practice-group relation may express specialization, but parent identity and extension require review."
HIER-0082,era:practice:a16,Tree Prunings Applied (N fixing),leaf_practice,broader,era:practice:practice:007,Agroforestry Pruning,practice,hold-specialization-review,skos:broader-candidate,held,E-PILOT;E-SKOS,"Practice-group relation may express specialization, but parent identity and extension require review."
HIER-0083,era:practice:a16.1,Tree Prunings Mulched (N fixing),leaf_practice,broader,era:practice:practice:007,Agroforestry Pruning,practice,hold-specialization-review,skos:broader-candidate,held,E-PILOT;E-SKOS,"Practice-group relation may express specialization, but parent identity and extension require review."
HIER-0084,era:practice:a16.2,Tree Prunings Incorporated (N fixing),leaf_practice,broader,era:practice:practice:007,Agroforestry Pruning,practice,hold-specialization-review,skos:broader-candidate,held,E-PILOT;E-SKOS,"Practice-group relation may express specialization, but parent identity and extension require review."
HIER-0085,era:practice:a17,Tree Prunings Applied (Non N fixing),leaf_practice,broader,era:practice:practice:007,Agroforestry Pruning,practice,hold-specialization-review,skos:broader-candidate,held,E-PILOT;E-SKOS,"Practice-group relation may express specialization, but parent identity and extension require review."
HIER-0086,era:practice:a17.1,Tree Prunings Mulched (Non N fixing),leaf_practice,broader,era:practice:practice:007,Agroforestry Pruning,practice,hold-specialization-review,skos:broader-candidate,held,E-PILOT;E-SKOS,"Practice-group relation may express specialization, but parent identity and extension require review."
HIER-0087,era:practice:a17.2,Tree Prunings Incorporated (Non N fixing),leaf_practice,broader,era:practice:practice:007,Agroforestry Pruning,practice,hold-specialization-review,skos:broader-candidate,held,E-PILOT;E-SKOS,"Practice-group relation may express specialization, but parent identity and extension require review."
HIER-0088,era:practice:a18,Tree Pruning (Fate Unknown),leaf_practice,broader,era:practice:practice:007,Agroforestry Pruning,practice,hold-specialization-review,skos:broader-candidate,held,E-PILOT;E-SKOS,"Practice-group relation may express specialization, but parent identity and extension require review."
HIER-0089,era:practice:a19.1,Agroforestry Fallow (N fixing),leaf_practice,broader,era:practice:practice:008,Agroforestry Fallow,practice,hold-specialization-review,skos:broader-candidate,held,E-PILOT;E-SKOS,"Practice-group relation may express specialization, but parent identity and extension require review."
HIER-0090,era:practice:a19.2,Agroforestry Fallow (Non N fixing),leaf_practice,broader,era:practice:practice:008,Agroforestry Fallow,practice,hold-specialization-review,skos:broader-candidate,held,E-PILOT;E-SKOS,"Practice-group relation may express specialization, but parent identity and extension require review."
HIER-0091,era:practice:a19.3,Agroforestry Fallow (Unspecified),leaf_practice,broader,era:practice:practice:008,Agroforestry Fallow,practice,hold-specialization-review,skos:broader-candidate,held,E-PILOT;E-SKOS,"Practice-group relation may express specialization, but parent identity and extension require review."
HIER-0092,era:practice:a99,Other Agroforestry,leaf_practice,broader,era:practice:practice:009,Other Agroforestry,practice,reject-broader-collapse-identity,none-pending-identity-resolution,held,E-PILOT;E-SKOS,Subject and object have same normalized preferred label; broader assertion manufactures duplicate identity.
HIER-0093,era:practice:d17.1,Crop Fodders (Added),leaf_practice,broader,era:practice:practice:010,Feed Addition,practice,hold-specialization-review,skos:broader-candidate,held,E-PILOT;E-SKOS,"Practice-group relation may express specialization, but parent identity and extension require review."
HIER-0094,era:practice:d17.2,Non Crop Fodders (Added),leaf_practice,broader,era:practice:practice:010,Feed Addition,practice,hold-specialization-review,skos:broader-candidate,held,E-PILOT;E-SKOS,"Practice-group relation may express specialization, but parent identity and extension require review."
HIER-0095,era:practice:d17.3,Agroforestry Fodders (Added),leaf_practice,broader,era:practice:practice:010,Feed Addition,practice,hold-specialization-review,skos:broader-candidate,held,E-PILOT;E-SKOS,"Practice-group relation may express specialization, but parent identity and extension require review."
HIER-0096,era:practice:d17.4,Animal Manures (Added),leaf_practice,broader,era:practice:practice:010,Feed Addition,practice,hold-specialization-review,skos:broader-candidate,held,E-PILOT;E-SKOS,"Practice-group relation may express specialization, but parent identity and extension require review."
HIER-0097,era:practice:d17.5,Other Feed (Added),leaf_practice,broader,era:practice:practice:010,Feed Addition,practice,hold-specialization-review,skos:broader-candidate,held,E-PILOT;E-SKOS,"Practice-group relation may express specialization, but parent identity and extension require review."
HIER-0098,era:practice:d18.1,Crop Fodders (Substituted),leaf_practice,broader,era:practice:practice:011,Feed Substitution,practice,hold-specialization-review,skos:broader-candidate,held,E-PILOT;E-SKOS,"Practice-group relation may express specialization, but parent identity and extension require review."
HIER-0099,era:practice:d18.2,Non Crop Fodders (Substituted),leaf_practice,broader,era:practice:practice:011,Feed Substitution,practice,hold-specialization-review,skos:broader-candidate,held,E-PILOT;E-SKOS,"Practice-group relation may express specialization, but parent identity and extension require review."
HIER-0100,era:practice:d18.3,Agroforestry Fodders (Substituted),leaf_practice,broader,era:practice:practice:011,Feed Substitution,practice,hold-specialization-review,skos:broader-candidate,held,E-PILOT;E-SKOS,"Practice-group relation may express specialization, but parent identity and extension require review."
HIER-0101,era:practice:d18.4,Animal Manures (Substituted),leaf_practice,broader,era:practice:practice:011,Feed Substitution,practice,hold-specialization-review,skos:broader-candidate,held,E-PILOT;E-SKOS,"Practice-group relation may express specialization, but parent identity and extension require review."
HIER-0102,era:practice:d18.5,Other Feed (Substituted),leaf_practice,broader,era:practice:practice:011,Feed Substitution,practice,hold-specialization-review,skos:broader-candidate,held,E-PILOT;E-SKOS,"Practice-group relation may express specialization, but parent identity and extension require review."
HIER-0103,era:practice:d22.1,Chemically Processed Feed,leaf_practice,broader,era:practice:practice:012,Feed Processing,practice,hold-specialization-review,skos:broader-candidate,held,E-PILOT;E-SKOS,"Practice-group relation may express specialization, but parent identity and extension require review."
HIER-0104,era:practice:d22.2,Mechanically Processed Feed,leaf_practice,broader,era:practice:practice:012,Feed Processing,practice,hold-specialization-review,skos:broader-candidate,held,E-PILOT;E-SKOS,"Practice-group relation may express specialization, but parent identity and extension require review."
HIER-0105,era:practice:d22.3,Concentrated Feed,leaf_practice,broader,era:practice:practice:012,Feed Processing,practice,hold-specialization-review,skos:broader-candidate,held,E-PILOT;E-SKOS,"Practice-group relation may express specialization, but parent identity and extension require review."
HIER-0106,era:practice:d9,Improved Breeds,leaf_practice,broader,era:practice:practice:013,Genetic Improvement,practice,hold-specialization-review,skos:broader-candidate,held,E-PILOT;E-SKOS,"Practice-group relation may express specialization, but parent identity and extension require review."
HIER-0107,era:practice:d10,Hybridization or Cross Breeding,leaf_practice,broader,era:practice:practice:013,Genetic Improvement,practice,hold-specialization-review,skos:broader-candidate,held,E-PILOT;E-SKOS,"Practice-group relation may express specialization, but parent identity and extension require review."
HIER-0108,era:practice:d13,Manure Collection,leaf_practice,broader,era:practice:practice:014,Manure Management,practice,hold-specialization-review,skos:broader-candidate,held,E-PILOT;E-SKOS,"Practice-group relation may express specialization, but parent identity and extension require review."
HIER-0109,era:practice:d14,Manure Storage,leaf_practice,broader,era:practice:practice:014,Manure Management,practice,hold-specialization-review,skos:broader-candidate,held,E-PILOT;E-SKOS,"Practice-group relation may express specialization, but parent identity and extension require review."
HIER-0110,era:practice:d15,Manure Treatment,leaf_practice,broader,era:practice:practice:014,Manure Management,practice,hold-specialization-review,skos:broader-candidate,held,E-PILOT;E-SKOS,"Practice-group relation may express specialization, but parent identity and extension require review."
HIER-0111,era:practice:d16,Rotational Grazing,leaf_practice,broader,era:practice:practice:015,Pasture Management,practice,hold-specialization-review,skos:broader-candidate,held,E-PILOT;E-SKOS,"Practice-group relation may express specialization, but parent identity and extension require review."
HIER-0112,era:practice:d11,Improved Pasture (N fixing),leaf_practice,broader,era:practice:practice:015,Pasture Management,practice,hold-specialization-review,skos:broader-candidate,held,E-PILOT;E-SKOS,"Practice-group relation may express specialization, but parent identity and extension require review."
HIER-0113,era:practice:d12,Improved Pasture (Non N fixing),leaf_practice,broader,era:practice:practice:015,Pasture Management,practice,hold-specialization-review,skos:broader-candidate,held,E-PILOT;E-SKOS,"Practice-group relation may express specialization, but parent identity and extension require review."
HIER-0114,era:practice:d19,Controlled Grazing,leaf_practice,broader,era:practice:practice:015,Pasture Management,practice,hold-specialization-review,skos:broader-candidate,held,E-PILOT;E-SKOS,"Practice-group relation may express specialization, but parent identity and extension require review."
HIER-0115,era:practice:d20,Cut & Carry,leaf_practice,broader,era:practice:practice:015,Pasture Management,practice,hold-specialization-review,skos:broader-candidate,held,E-PILOT;E-SKOS,"Practice-group relation may express specialization, but parent identity and extension require review."
HIER-0116,era:practice:d1,Aquasilviculture,leaf_practice,broader,era:practice:practice:016,Aquasilviculture,practice,reject-broader-collapse-identity,none-pending-identity-resolution,held,E-PILOT;E-SKOS,Subject and object have same normalized preferred label; broader assertion manufactures duplicate identity.
HIER-0117,era:practice:h60,Basal or Conventional Diet,leaf_practice,broader,era:practice:practice:017,Feed Addition; Feed Substitution,practice,hold-specialization-review,skos:broader-candidate,held,E-PILOT;E-SKOS,"Practice-group relation may express specialization, but parent identity and extension require review."
HIER-0118,era:practice:h61,Conventional Supplement Use,leaf_practice,broader,era:practice:practice:017,Feed Addition; Feed Substitution,practice,hold-specialization-review,skos:broader-candidate,held,E-PILOT;E-SKOS,"Practice-group relation may express specialization, but parent identity and extension require review."
HIER-0119,era:practice:h10.3,Conventional Manure Handling,leaf_practice,broader,era:practice:practice:018,Manure Management,practice,hold-specialization-review,skos:broader-candidate,held,E-PILOT;E-SKOS,"Practice-group relation may express specialization, but parent identity and extension require review."
HIER-0120,era:practice:h11,Conventional Pasture Management,leaf_practice,broader,era:practice:practice:019,Pasture Management,practice,hold-specialization-review,skos:broader-candidate,held,E-PILOT;E-SKOS,"Practice-group relation may express specialization, but parent identity and extension require review."
HIER-0121,era:practice:h55.2,Unspecified,leaf_practice,broader,era:practice:practice:020,Genetic Improvement,practice,hold-specialization-review,skos:broader-candidate,held,E-PILOT;E-SKOS,"Practice-group relation may express specialization, but parent identity and extension require review."
HIER-0122,era:practice:h55.1,Unimproved Breed,leaf_practice,broader,era:practice:practice:020,Genetic Improvement,practice,hold-specialization-review,skos:broader-candidate,held,E-PILOT;E-SKOS,"Practice-group relation may express specialization, but parent identity and extension require review."
HIER-0123,era:practice:b34,Drip Irrigation,leaf_practice,broader,era:practice:practice:021,Irrigation,practice,hold-specialization-review,skos:broader-candidate,held,E-PILOT;E-SKOS,"Practice-group relation may express specialization, but parent identity and extension require review."
HIER-0124,era:practice:b37,Deficit Irrigation,leaf_practice,broader,era:practice:practice:022,Deficit Irrigation,practice,reject-broader-collapse-identity,none-pending-identity-resolution,held,E-PILOT;E-SKOS,Subject and object have same normalized preferred label; broader assertion manufactures duplicate identity.
HIER-0125,era:practice:b72,Sprinkler Irrigation,leaf_practice,broader,era:practice:practice:021,Irrigation,practice,hold-specialization-review,skos:broader-candidate,held,E-PILOT;E-SKOS,"Practice-group relation may express specialization, but parent identity and extension require review."
HIER-0126,era:practice:b36,Alternate Partial Rootzone Irrigation,leaf_practice,broader,era:practice:practice:021,Irrigation,practice,hold-specialization-review,skos:broader-candidate,held,E-PILOT;E-SKOS,"Practice-group relation may express specialization, but parent identity and extension require review."
HIER-0127,era:practice:b54,Supplemental Irrigation,leaf_practice,broader,era:practice:practice:023,Supplemental Irrigation,practice,reject-broader-collapse-identity,none-pending-identity-resolution,held,E-PILOT;E-SKOS,Subject and object have same normalized preferred label; broader assertion manufactures duplicate identity.
HIER-0128,era:practice:b53,Irrigation (Other),leaf_practice,broader,era:practice:practice:021,Irrigation,practice,hold-specialization-review,skos:broader-candidate,held,E-PILOT;E-SKOS,"Practice-group relation may express specialization, but parent identity and extension require review."
HIER-0129,era:practice:b13,Alternate Wetting & Drying (AWD),leaf_practice,broader,era:practice:practice:024,Improved Rice Management,practice,hold-specialization-review,skos:broader-candidate,held,E-PILOT;E-SKOS,"Practice-group relation may express specialization, but parent identity and extension require review."
HIER-0130,era:practice:b14.1,Midseason Drainage,leaf_practice,broader,era:practice:practice:024,Improved Rice Management,practice,hold-specialization-review,skos:broader-candidate,held,E-PILOT;E-SKOS,"Practice-group relation may express specialization, but parent identity and extension require review."
HIER-0131,era:practice:b14.2,Reduced Water Use in Rice,leaf_practice,broader,era:practice:practice:024,Improved Rice Management,practice,hold-specialization-review,skos:broader-candidate,held,E-PILOT;E-SKOS,"Practice-group relation may express specialization, but parent identity and extension require review."
HIER-0132,era:practice:b15,System of Rice Intensification (SRI),leaf_practice,broader,era:practice:practice:024,Improved Rice Management,practice,hold-specialization-review,skos:broader-candidate,held,E-PILOT;E-SKOS,"Practice-group relation may express specialization, but parent identity and extension require review."
HIER-0133,era:practice:b3.1,Rotation (N fixing),leaf_practice,broader,era:practice:practice:025,Crop Rotation,practice,hold-specialization-review,skos:broader-candidate,held,E-PILOT;E-SKOS,"Practice-group relation may express specialization, but parent identity and extension require review."
HIER-0134,era:practice:b3.2,Rotation (Non N fixing),leaf_practice,broader,era:practice:practice:025,Crop Rotation,practice,hold-specialization-review,skos:broader-candidate,held,E-PILOT;E-SKOS,"Practice-group relation may express specialization, but parent identity and extension require review."
HIER-0135,era:practice:b43,Rotation (N fixing & Non N fixing),leaf_practice,broader,era:practice:practice:025,Crop Rotation,practice,hold-specialization-review,skos:broader-candidate,held,E-PILOT;E-SKOS,"Practice-group relation may express specialization, but parent identity and extension require review."
HIER-0136,era:practice:b44,Complex Rotation,leaf_practice,broader,era:practice:practice:026,Crop Rotation,practice,hold-specialization-review,skos:broader-candidate,held,E-PILOT;E-SKOS,"Practice-group relation may express specialization, but parent identity and extension require review."
HIER-0137,era:practice:b31,Intercrop Rotation,leaf_practice,broader,era:practice:practice:026,Crop Rotation,practice,hold-specialization-review,skos:broader-candidate,held,E-PILOT;E-SKOS,"Practice-group relation may express specialization, but parent identity and extension require review."
HIER-0138,era:practice:b48.1,Double Cropping (N fixing & Non N fixing),leaf_practice,broader,era:practice:practice:027,Double Cropping,practice,hold-specialization-review,skos:broader-candidate,held,E-PILOT;E-SKOS,"Practice-group relation may express specialization, but parent identity and extension require review."
HIER-0139,era:practice:b48.2,Double Cropping (Non N fixing),leaf_practice,broader,era:practice:practice:027,Double Cropping,practice,hold-specialization-review,skos:broader-candidate,held,E-PILOT;E-SKOS,"Practice-group relation may express specialization, but parent identity and extension require review."
HIER-0140,era:practice:b48.3,Double Cropping (N fixing),leaf_practice,broader,era:practice:practice:027,Double Cropping,practice,hold-specialization-review,skos:broader-candidate,held,E-PILOT;E-SKOS,"Practice-group relation may express specialization, but parent identity and extension require review."
HIER-0141,era:practice:b48.4,Double Cropping (Monocrop),leaf_practice,broader,era:practice:practice:027,Double Cropping,practice,hold-specialization-review,skos:broader-candidate,held,E-PILOT;E-SKOS,"Practice-group relation may express specialization, but parent identity and extension require review."
HIER-0142,era:practice:b49.1,Sequential Intercropping (N fixing & Non N fixing),leaf_practice,broader,era:practice:practice:028,Intercropping,practice,hold-specialization-review,skos:broader-candidate,held,E-PILOT;E-SKOS,"Practice-group relation may express specialization, but parent identity and extension require review."
HIER-0143,era:practice:b49.2,Sequential Intercropping (Non N fixing),leaf_practice,broader,era:practice:practice:028,Intercropping,practice,hold-specialization-review,skos:broader-candidate,held,E-PILOT;E-SKOS,"Practice-group relation may express specialization, but parent identity and extension require review."
HIER-0144,era:practice:b49.3,Sequential Intercropping (N fixing),leaf_practice,broader,era:practice:practice:028,Intercropping,practice,hold-specialization-review,skos:broader-candidate,held,E-PILOT;E-SKOS,"Practice-group relation may express specialization, but parent identity and extension require review."
HIER-0145,era:practice:b61.1,Relay Intercropping (N fixing & Non N fixing),leaf_practice,broader,era:practice:practice:028,Intercropping,practice,hold-specialization-review,skos:broader-candidate,held,E-PILOT;E-SKOS,"Practice-group relation may express specialization, but parent identity and extension require review."
HIER-0146,era:practice:b61.2,Relay Intercropping (Non N fixing),leaf_practice,broader,era:practice:practice:028,Intercropping,practice,hold-specialization-review,skos:broader-candidate,held,E-PILOT;E-SKOS,"Practice-group relation may express specialization, but parent identity and extension require review."
HIER-0147,era:practice:b61.3,Relay Intercropping (N fixing),leaf_practice,broader,era:practice:practice:028,Intercropping,practice,hold-specialization-review,skos:broader-candidate,held,E-PILOT;E-SKOS,"Practice-group relation may express specialization, but parent identity and extension require review."
HIER-0148,era:practice:b13.3,Relay Green Manure (N fixing & Non N fixing),leaf_practice,broader,era:practice:practice:029,Green Manure,practice,hold-specialization-review,skos:broader-candidate,held,E-PILOT;E-SKOS,"Practice-group relation may express specialization, but parent identity and extension require review."
HIER-0149,era:practice:b12.3,Relay Green Manure (Non N fixing),leaf_practice,broader,era:practice:practice:029,Green Manure,practice,hold-specialization-review,skos:broader-candidate,held,E-PILOT;E-SKOS,"Practice-group relation may express specialization, but parent identity and extension require review."
HIER-0150,era:practice:b11.3,Relay Green Manure (N fixing),leaf_practice,broader,era:practice:practice:029,Green Manure,practice,hold-specialization-review,skos:broader-candidate,held,E-PILOT;E-SKOS,"Practice-group relation may express specialization, but parent identity and extension require review."
HIER-0151,era:practice:b25,Intercrop (N fixing & Non N fixing),leaf_practice,broader,era:practice:practice:030,Intercropping,practice,hold-specialization-review,skos:broader-candidate,held,E-PILOT;E-SKOS,"Practice-group relation may express specialization, but parent identity and extension require review."
HIER-0152,era:practice:b50.1,Intercrop (Non N fixing),leaf_practice,broader,era:practice:practice:030,Intercropping,practice,hold-specialization-review,skos:broader-candidate,held,E-PILOT;E-SKOS,"Practice-group relation may express specialization, but parent identity and extension require review."
HIER-0153,era:practice:b50.2,Intercrop (N fixing),leaf_practice,broader,era:practice:practice:030,Intercropping,practice,hold-specialization-review,skos:broader-candidate,held,E-PILOT;E-SKOS,"Practice-group relation may express specialization, but parent identity and extension require review."
HIER-0154,era:practice:b50.3,Complex Intercrop,leaf_practice,broader,era:practice:practice:028,Intercropping,practice,hold-specialization-review,skos:broader-candidate,held,E-PILOT;E-SKOS,"Practice-group relation may express specialization, but parent identity and extension require review."
HIER-0155,era:practice:b50.4,Intercrop (Unspecified),leaf_practice,broader,era:practice:practice:030,Intercropping,practice,hold-specialization-review,skos:broader-candidate,held,E-PILOT;E-SKOS,"Practice-group relation may express specialization, but parent identity and extension require review."
HIER-0156,era:practice:b55.1,Partial Intercrop (N fixing & Non N fixing),leaf_practice,broader,era:practice:practice:028,Intercropping,practice,hold-specialization-review,skos:broader-candidate,held,E-PILOT;E-SKOS,"Practice-group relation may express specialization, but parent identity and extension require review."
HIER-0157,era:practice:b55.2,Partial Intercrop (Non N fixing),leaf_practice,broader,era:practice:practice:028,Intercropping,practice,hold-specialization-review,skos:broader-candidate,held,E-PILOT;E-SKOS,"Practice-group relation may express specialization, but parent identity and extension require review."
HIER-0158,era:practice:b55.3,Partial Intercrop (N fixing),leaf_practice,broader,era:practice:practice:028,Intercropping,practice,hold-specialization-review,skos:broader-candidate,held,E-PILOT;E-SKOS,"Practice-group relation may express specialization, but parent identity and extension require review."
HIER-0159,era:practice:b57,Complex Intercrop Rotation,leaf_practice,broader,era:practice:practice:028,Intercropping,practice,hold-specialization-review,skos:broader-candidate,held,E-PILOT;E-SKOS,"Practice-group relation may express specialization, but parent identity and extension require review."
HIER-0160,era:practice:b59,Intercropping or Rotation (N fixing & Non N fixing),leaf_practice,broader,era:practice:practice:031,Intercropping or Rotation,practice,hold-specialization-review,skos:broader-candidate,held,E-PILOT;E-SKOS,"Practice-group relation may express specialization, but parent identity and extension require review."
HIER-0161,era:practice:c1,Biogas,leaf_practice,broader,era:practice:practice:032,Biogas,practice,reject-broader-collapse-identity,none-pending-identity-resolution,held,E-PILOT;E-SKOS,Subject and object have same normalized preferred label; broader assertion manufactures duplicate identity.
HIER-0162,era:practice:c4,Biofertilizer,leaf_practice,broader,era:practice:practice:033,Biogas,practice,hold-specialization-review,skos:broader-candidate,held,E-PILOT;E-SKOS,"Practice-group relation may express specialization, but parent identity and extension require review."
HIER-0163,era:practice:c3,Biogas Switching,leaf_practice,broader,era:practice:practice:032,Biogas,practice,hold-specialization-review,skos:broader-candidate,held,E-PILOT;E-SKOS,"Practice-group relation may express specialization, but parent identity and extension require review."
HIER-0164,era:practice:c2,Improved Cookstoves,leaf_practice,broader,era:practice:practice:034,Cookstove,practice,hold-specialization-review,skos:broader-candidate,held,E-PILOT;E-SKOS,"Practice-group relation may express specialization, but parent identity and extension require review."
HIER-0165,era:practice:c5,Cookstove Switching,leaf_practice,broader,era:practice:practice:034,Cookstove,practice,hold-specialization-review,skos:broader-candidate,held,E-PILOT;E-SKOS,"Practice-group relation may express specialization, but parent identity and extension require review."
HIER-0166,era:practice:h14,Unimproved Stove Technology,leaf_practice,broader,era:practice:practice:035,Cookstove,practice,hold-specialization-review,skos:broader-candidate,held,E-PILOT;E-SKOS,"Practice-group relation may express specialization, but parent identity and extension require review."
HIER-0167,era:practice:h15,Conventional Biomass Feedstocks,leaf_practice,broader,era:practice:practice:036,Biogas/cookstove,practice,hold-specialization-review,skos:broader-candidate,held,E-PILOT;E-SKOS,"Practice-group relation may express specialization, but parent identity and extension require review."
HIER-0168,era:practice:h16,Predominant Biodigestor Model,leaf_practice,broader,era:practice:practice:033,Biogas,practice,hold-specialization-review,skos:broader-candidate,held,E-PILOT;E-SKOS,"Practice-group relation may express specialization, but parent identity and extension require review."
HIER-0169,era:practice:h26,Conventional Energy Sources,leaf_practice,broader,era:practice:practice:035,Cookstove,practice,hold-specialization-review,skos:broader-candidate,held,E-PILOT;E-SKOS,"Practice-group relation may express specialization, but parent identity and extension require review."
HIER-0170,era:practice:b4,Drought Tolerance,leaf_practice,broader,era:practice:practice:037,Improved Varieties,practice,hold-specialization-review,skos:broader-candidate,held,E-PILOT;E-SKOS,"Practice-group relation may express specialization, but parent identity and extension require review."
HIER-0171,era:practice:b5,Heat Tolerance,leaf_practice,broader,era:practice:practice:037,Improved Varieties,practice,hold-specialization-review,skos:broader-candidate,held,E-PILOT;E-SKOS,"Practice-group relation may express specialization, but parent identity and extension require review."
HIER-0172,era:practice:b6,Salinity Tolerance,leaf_practice,broader,era:practice:practice:037,Improved Varieties,practice,hold-specialization-review,skos:broader-candidate,held,E-PILOT;E-SKOS,"Practice-group relation may express specialization, but parent identity and extension require review."
HIER-0173,era:practice:b69,Improved Seeds,leaf_practice,broader,era:practice:practice:037,Improved Varieties,practice,hold-specialization-review,skos:broader-candidate,held,E-PILOT;E-SKOS,"Practice-group relation may express specialization, but parent identity and extension require review."
HIER-0174,era:practice:h55,Unimproved Variety,leaf_practice,broader,era:practice:practice:038,Unimproved Variety,practice,reject-broader-collapse-identity,none-pending-identity-resolution,held,E-PILOT;E-SKOS,Subject and object have same normalized preferred label; broader assertion manufactures duplicate identity.
HIER-0175,era:practice:b35,Cisterns and Tanks,leaf_practice,broader,era:practice:practice:039,Water Harvesting,practice,hold-specialization-review,skos:broader-candidate,held,E-PILOT;E-SKOS,"Practice-group relation may express specialization, but parent identity and extension require review."
HIER-0176,era:practice:b33,Zai Pits,leaf_practice,broader,era:practice:practice:039,Water Harvesting,practice,hold-specialization-review,skos:broader-candidate,held,E-PILOT;E-SKOS,"Practice-group relation may express specialization, but parent identity and extension require review."
HIER-0177,era:practice:b45,Stone Rows,leaf_practice,broader,era:practice:practice:039,Water Harvesting,practice,hold-specialization-review,skos:broader-candidate,held,E-PILOT;E-SKOS,"Practice-group relation may express specialization, but parent identity and extension require review."
HIER-0178,era:practice:b46,Grass Strips,leaf_practice,broader,era:practice:practice:039,Water Harvesting,practice,hold-specialization-review,skos:broader-candidate,held,E-PILOT;E-SKOS,"Practice-group relation may express specialization, but parent identity and extension require review."
HIER-0179,era:practice:b47,Planting Basins,leaf_practice,broader,era:practice:practice:039,Water Harvesting,practice,hold-specialization-review,skos:broader-candidate,held,E-PILOT;E-SKOS,"Practice-group relation may express specialization, but parent identity and extension require review."
HIER-0180,era:practice:b68,Dam,leaf_practice,broader,era:practice:practice:039,Water Harvesting,practice,hold-specialization-review,skos:broader-candidate,held,E-PILOT;E-SKOS,"Practice-group relation may express specialization, but parent identity and extension require review."
HIER-0181,era:practice:b70,Terraces,leaf_practice,broader,era:practice:practice:039,Water Harvesting,practice,hold-specialization-review,skos:broader-candidate,held,E-PILOT;E-SKOS,"Practice-group relation may express specialization, but parent identity and extension require review."
HIER-0182,era:practice:b71.1,Bunds,leaf_practice,broader,era:practice:practice:039,Water Harvesting,practice,hold-specialization-review,skos:broader-candidate,held,E-PILOT;E-SKOS,"Practice-group relation may express specialization, but parent identity and extension require review."
HIER-0183,era:practice:b71.2,Ridge & Furrow,leaf_practice,broader,era:practice:practice:039,Water Harvesting,practice,hold-specialization-review,skos:broader-candidate,held,E-PILOT;E-SKOS,"Practice-group relation may express specialization, but parent identity and extension require review."
HIER-0184,era:practice:b71.3,Tied Ridges,leaf_practice,broader,era:practice:practice:039,Water Harvesting,practice,hold-specialization-review,skos:broader-candidate,held,E-PILOT;E-SKOS,"Practice-group relation may express specialization, but parent identity and extension require review."
HIER-0185,era:practice:b52,Microcatchments,leaf_practice,broader,era:practice:practice:039,Water Harvesting,practice,hold-specialization-review,skos:broader-candidate,held,E-PILOT;E-SKOS,"Practice-group relation may express specialization, but parent identity and extension require review."
HIER-0186,era:practice:b56,Fanya Juu or Fanya Chini,leaf_practice,broader,era:practice:practice:039,Water Harvesting,practice,hold-specialization-review,skos:broader-candidate,held,E-PILOT;E-SKOS,"Practice-group relation may express specialization, but parent identity and extension require review."
HIER-0187,era:practice:b58,Trench,leaf_practice,broader,era:practice:practice:039,Water Harvesting,practice,hold-specialization-review,skos:broader-candidate,held,E-PILOT;E-SKOS,"Practice-group relation may express specialization, but parent identity and extension require review."
HIER-0188,era:practice:h1,Non CSA,leaf_practice,broader,era:practice:practice:040,Non-CSA,practice,hold-specialization-review,skos:broader-candidate,held,E-PILOT;E-SKOS,"Practice-group relation may express specialization, but parent identity and extension require review."
HIER-0189,era:practice:h2,Monoculture,leaf_practice,broader,era:practice:practice:041,Agronomy;Agroforestry,practice,hold-specialization-review,skos:broader-candidate,held,E-PILOT;E-SKOS,"Practice-group relation may express specialization, but parent identity and extension require review."
HIER-0190,era:practice:h38,Continuous Cropping,leaf_practice,broader,era:practice:practice:042,Agronomy,practice,hold-specialization-review,skos:broader-candidate,held,E-PILOT;E-SKOS,"Practice-group relation may express specialization, but parent identity and extension require review."
HIER-0191,era:practice:h18,Simple Intercrop,leaf_practice,broader,era:practice:practice:041,Agronomy;Agroforestry,practice,hold-specialization-review,skos:broader-candidate,held,E-PILOT;E-SKOS,"Practice-group relation may express specialization, but parent identity and extension require review."
HIER-0192,era:practice:h50,Simple Crop Rotation,leaf_practice,broader,era:practice:practice:041,Agronomy;Agroforestry,practice,hold-specialization-review,skos:broader-candidate,held,E-PILOT;E-SKOS,"Practice-group relation may express specialization, but parent identity and extension require review."
HIER-0193,era:practice:h48,Conventional rice management,leaf_practice,broader,era:practice:practice:042,Agronomy,practice,hold-specialization-review,skos:broader-candidate,held,E-PILOT;E-SKOS,"Practice-group relation may express specialization, but parent identity and extension require review."
HIER-0194,era:practice:h66.1,Chemical Weeding (Herbicides),leaf_practice,broader,era:practice:practice:041,Agronomy;Agroforestry,practice,hold-specialization-review,skos:broader-candidate,held,E-PILOT;E-SKOS,"Practice-group relation may express specialization, but parent identity and extension require review."
HIER-0195,era:practice:h66.2,Hand Weeding,leaf_practice,broader,era:practice:practice:041,Agronomy;Agroforestry,practice,hold-specialization-review,skos:broader-candidate,held,E-PILOT;E-SKOS,"Practice-group relation may express specialization, but parent identity and extension require review."
HIER-0196,era:practice:b16,Inorganic K Inputs,leaf_practice,broader,era:practice:practice:043,Inorganic Fertilizer,practice,hold-specialization-review,skos:broader-candidate,held,E-PILOT;E-SKOS,"Practice-group relation may express specialization, but parent identity and extension require review."
HIER-0197,era:practice:b17,Inorganic N Inputs,leaf_practice,broader,era:practice:practice:043,Inorganic Fertilizer,practice,hold-specialization-review,skos:broader-candidate,held,E-PILOT;E-SKOS,"Practice-group relation may express specialization, but parent identity and extension require review."
HIER-0198,era:practice:b21,Inorganic P Inputs,leaf_practice,broader,era:practice:practice:043,Inorganic Fertilizer,practice,hold-specialization-review,skos:broader-candidate,held,E-PILOT;E-SKOS,"Practice-group relation may express specialization, but parent identity and extension require review."
HIER-0199,era:practice:b16.1,Inorganic K Reduction,leaf_practice,broader,era:practice:practice:044,Inorganic Fertilizer Reduction,practice,hold-specialization-review,skos:broader-candidate,held,E-PILOT;E-SKOS,"Practice-group relation may express specialization, but parent identity and extension require review."
HIER-0200,era:practice:b17.1,Inorganic N Reduction,leaf_practice,broader,era:practice:practice:044,Inorganic Fertilizer Reduction,practice,hold-specialization-review,skos:broader-candidate,held,E-PILOT;E-SKOS,"Practice-group relation may express specialization, but parent identity and extension require review."
HIER-0201,era:practice:b21.1,Inorganic P Reduction,leaf_practice,broader,era:practice:practice:044,Inorganic Fertilizer Reduction,practice,hold-specialization-review,skos:broader-candidate,held,E-PILOT;E-SKOS,"Practice-group relation may express specialization, but parent identity and extension require review."
HIER-0202,era:practice:b64,Inorganic Micronutrients Inputs,leaf_practice,broader,era:practice:practice:043,Inorganic Fertilizer,practice,hold-specialization-review,skos:broader-candidate,held,E-PILOT;E-SKOS,"Practice-group relation may express specialization, but parent identity and extension require review."
HIER-0203,era:practice:b23,Urea,leaf_practice,broader,era:practice:practice:043,Inorganic Fertilizer,practice,hold-specialization-review,skos:broader-candidate,held,E-PILOT;E-SKOS,"Practice-group relation may express specialization, but parent identity and extension require review."
HIER-0204,era:practice:b29,Compost,leaf_practice,broader,era:practice:practice:045,Organic Fertilizer,practice,hold-specialization-review,skos:broader-candidate,held,E-PILOT;E-SKOS,"Practice-group relation may express specialization, but parent identity and extension require review."
HIER-0205,era:practice:b30,Manure,leaf_practice,broader,era:practice:practice:045,Organic Fertilizer,practice,hold-specialization-review,skos:broader-candidate,held,E-PILOT;E-SKOS,"Practice-group relation may express specialization, but parent identity and extension require review."
HIER-0206,era:practice:b75,Kraaling or Parcage,leaf_practice,broader,era:practice:practice:045,Organic Fertilizer,practice,hold-specialization-review,skos:broader-candidate,held,E-PILOT;E-SKOS,"Practice-group relation may express specialization, but parent identity and extension require review."
HIER-0207,era:practice:b73,Organic (Other),leaf_practice,broader,era:practice:practice:045,Organic Fertilizer,practice,hold-specialization-review,skos:broader-candidate,held,E-PILOT;E-SKOS,"Practice-group relation may express specialization, but parent identity and extension require review."
HIER-0208,era:practice:b74,Ash,leaf_practice,broader,era:practice:practice:045,Organic Fertilizer,practice,hold-specialization-review,skos:broader-candidate,held,E-PILOT;E-SKOS,"Practice-group relation may express specialization, but parent identity and extension require review."
HIER-0209,era:practice:b67,Biosolids,leaf_practice,broader,era:practice:practice:045,Organic Fertilizer,practice,hold-specialization-review,skos:broader-candidate,held,E-PILOT;E-SKOS,"Practice-group relation may express specialization, but parent identity and extension require review."
HIER-0210,era:practice:b29.1,Compost Substitution,leaf_practice,broader,era:practice:practice:046,Organic Fertilizer Substitution,practice,hold-specialization-review,skos:broader-candidate,held,E-PILOT;E-SKOS,"Practice-group relation may express specialization, but parent identity and extension require review."
HIER-0211,era:practice:b30.1,Manure Substitution,leaf_practice,broader,era:practice:practice:046,Organic Fertilizer Substitution,practice,hold-specialization-review,skos:broader-candidate,held,E-PILOT;E-SKOS,"Practice-group relation may express specialization, but parent identity and extension require review."
HIER-0212,era:practice:b75.1,Kraaling or Parcage Substitution,leaf_practice,broader,era:practice:practice:046,Organic Fertilizer Substitution,practice,hold-specialization-review,skos:broader-candidate,held,E-PILOT;E-SKOS,"Practice-group relation may express specialization, but parent identity and extension require review."
HIER-0213,era:practice:b73.1,Organic (Other) Substitution,leaf_practice,broader,era:practice:practice:046,Organic Fertilizer Substitution,practice,hold-specialization-review,skos:broader-candidate,held,E-PILOT;E-SKOS,"Practice-group relation may express specialization, but parent identity and extension require review."
HIER-0214,era:practice:b67.1,Biosolids Substitution,leaf_practice,broader,era:practice:practice:046,Organic Fertilizer Substitution,practice,hold-specialization-review,skos:broader-candidate,held,E-PILOT;E-SKOS,"Practice-group relation may express specialization, but parent identity and extension require review."
HIER-0215,era:practice:h10,Conventional input (fertilizer) use,leaf_practice,broader,era:practice:practice:047,Fertilizer Control,practice,hold-specialization-review,skos:broader-candidate,held,E-PILOT;E-SKOS,"Practice-group relation may express specialization, but parent identity and extension require review."
HIER-0216,era:practice:h10.1,No fertilizers added,leaf_practice,broader,era:practice:practice:047,Fertilizer Control,practice,hold-specialization-review,skos:broader-candidate,held,E-PILOT;E-SKOS,"Practice-group relation may express specialization, but parent identity and extension require review."
HIER-0217,era:practice:h10.2,Recommend rate of fertilizer,leaf_practice,broader,era:practice:practice:047,Fertilizer Control,practice,hold-specialization-review,skos:broader-candidate,held,E-PILOT;E-SKOS,"Practice-group relation may express specialization, but parent identity and extension require review."
HIER-0218,era:practice:f1,Harvest Technique,leaf_practice,broader,era:practice:practice:048,Harvest Method,practice,hold-specialization-review,skos:broader-candidate,held,E-PILOT;E-SKOS,"Practice-group relation may express specialization, but parent identity and extension require review."
HIER-0219,era:practice:f2,Harvesting Timing,leaf_practice,broader,era:practice:practice:048,Harvest Method,practice,hold-specialization-review,skos:broader-candidate,held,E-PILOT;E-SKOS,"Practice-group relation may express specialization, but parent identity and extension require review."
HIER-0220,era:practice:f3,Improved Drying,leaf_practice,broader,era:practice:practice:049,Storage,practice,hold-specialization-review,skos:broader-candidate,held,E-PILOT;E-SKOS,"Practice-group relation may express specialization, but parent identity and extension require review."
HIER-0221,era:practice:f4,Improved Chemical Storage,leaf_practice,broader,era:practice:practice:049,Storage,practice,hold-specialization-review,skos:broader-candidate,held,E-PILOT;E-SKOS,"Practice-group relation may express specialization, but parent identity and extension require review."
HIER-0222,era:practice:f5,Improved Physical Storage,leaf_practice,broader,era:practice:practice:049,Storage,practice,hold-specialization-review,skos:broader-candidate,held,E-PILOT;E-SKOS,"Practice-group relation may express specialization, but parent identity and extension require review."
HIER-0223,era:practice:h17,Traditional harvesting method,leaf_practice,broader,era:practice:practice:050,Harvest Method,practice,hold-specialization-review,skos:broader-candidate,held,E-PILOT;E-SKOS,"Practice-group relation may express specialization, but parent identity and extension require review."
HIER-0224,era:practice:h21,Unimproved Storage Structure,leaf_practice,broader,era:practice:practice:051,Storage,practice,hold-specialization-review,skos:broader-candidate,held,E-PILOT;E-SKOS,"Practice-group relation may express specialization, but parent identity and extension require review."
HIER-0225,era:practice:h22,Unimprove or No Preservation Technique,leaf_practice,broader,era:practice:practice:051,Storage,practice,hold-specialization-review,skos:broader-candidate,held,E-PILOT;E-SKOS,"Practice-group relation may express specialization, but parent identity and extension require review."
HIER-0226,era:practice:h30,Uimproved Drying Technique,leaf_practice,broader,era:practice:practice:051,Storage,practice,hold-specialization-review,skos:broader-candidate,held,E-PILOT;E-SKOS,"Practice-group relation may express specialization, but parent identity and extension require review."
HIER-0227,era:practice:b38,No or Zero Tillage,leaf_practice,broader,era:practice:practice:052,Reduced Tillage,practice,hold-specialization-review,skos:broader-candidate,held,E-PILOT;E-SKOS,"Practice-group relation may express specialization, but parent identity and extension require review."
HIER-0228,era:practice:b39,Reduced or Minimum Tillage,leaf_practice,broader,era:practice:practice:052,Reduced Tillage,practice,hold-specialization-review,skos:broader-candidate,held,E-PILOT;E-SKOS,"Practice-group relation may express specialization, but parent identity and extension require review."
HIER-0229,era:practice:b26,Plastic Mulch,leaf_practice,broader,era:practice:practice:053,Mulch,practice,hold-specialization-review,skos:broader-candidate,held,E-PILOT;E-SKOS,"Practice-group relation may express specialization, but parent identity and extension require review."
HIER-0230,era:practice:b27,Mulch (Unspecified Plants),leaf_practice,broader,era:practice:practice:053,Mulch,practice,hold-specialization-review,skos:broader-candidate,held,E-PILOT;E-SKOS,"Practice-group relation may express specialization, but parent identity and extension require review."
HIER-0231,era:practice:b27.1,Mulch (N fixing),leaf_practice,broader,era:practice:practice:053,Mulch,practice,hold-specialization-review,skos:broader-candidate,held,E-PILOT;E-SKOS,"Practice-group relation may express specialization, but parent identity and extension require review."
HIER-0232,era:practice:b27.2,Mulch (Non N fixing),leaf_practice,broader,era:practice:practice:053,Mulch,practice,hold-specialization-review,skos:broader-candidate,held,E-PILOT;E-SKOS,"Practice-group relation may express specialization, but parent identity and extension require review."
HIER-0233,era:practice:b27.3,Mulch (N fixing & Non N fixing),leaf_practice,broader,era:practice:practice:053,Mulch,practice,hold-specialization-review,skos:broader-candidate,held,E-PILOT;E-SKOS,"Practice-group relation may express specialization, but parent identity and extension require review."
HIER-0234,era:practice:b51,Mulch (Other Materials),leaf_practice,broader,era:practice:practice:053,Mulch,practice,hold-specialization-review,skos:broader-candidate,held,E-PILOT;E-SKOS,"Practice-group relation may express specialization, but parent identity and extension require review."
HIER-0235,era:practice:b11.1,Green Manure (N fixing In Time),leaf_practice,broader,era:practice:practice:054,Green Manure,practice,hold-specialization-review,skos:broader-candidate,held,E-PILOT;E-SKOS,"Practice-group relation may express specialization, but parent identity and extension require review."
HIER-0236,era:practice:b11.2,Green Manure (N fixing In Space),leaf_practice,broader,era:practice:practice:054,Green Manure,practice,hold-specialization-review,skos:broader-candidate,held,E-PILOT;E-SKOS,"Practice-group relation may express specialization, but parent identity and extension require review."
HIER-0237,era:practice:b13.2,Green Manure (Mixed In Space),leaf_practice,broader,era:practice:practice:054,Green Manure,practice,hold-specialization-review,skos:broader-candidate,held,E-PILOT;E-SKOS,"Practice-group relation may express specialization, but parent identity and extension require review."
HIER-0238,era:practice:b12.1,Green Manure (Non N fixing In Time),leaf_practice,broader,era:practice:practice:054,Green Manure,practice,hold-specialization-review,skos:broader-candidate,held,E-PILOT;E-SKOS,"Practice-group relation may express specialization, but parent identity and extension require review."
HIER-0239,era:practice:b12.2,Green Manure (Non N fixing In Space),leaf_practice,broader,era:practice:practice:054,Green Manure,practice,hold-specialization-review,skos:broader-candidate,held,E-PILOT;E-SKOS,"Practice-group relation may express specialization, but parent identity and extension require review."
HIER-0240,era:practice:b28,Biochar,leaf_practice,broader,era:practice:practice:055,Biochar,practice,reject-broader-collapse-identity,none-pending-identity-resolution,held,E-PILOT;E-SKOS,Subject and object have same normalized preferred label; broader assertion manufactures duplicate identity.
HIER-0241,era:practice:b32,Liming or Calcium Addition,leaf_practice,broader,era:practice:practice:056,pH Control,practice,hold-specialization-review,skos:broader-candidate,held,E-PILOT;E-SKOS,"Practice-group relation may express specialization, but parent identity and extension require review."
HIER-0242,era:practice:b40,Crop Residue Unresolved (Unspecified),leaf_practice,broader,era:practice:practice:057,Crop Residue,practice,hold-specialization-review,skos:broader-candidate,held,E-PILOT;E-SKOS,"Practice-group relation may express specialization, but parent identity and extension require review."
HIER-0243,era:practice:b40.1,Crop Residue Unresolved (N fixing),leaf_practice,broader,era:practice:practice:057,Crop Residue,practice,hold-specialization-review,skos:broader-candidate,held,E-PILOT;E-SKOS,"Practice-group relation may express specialization, but parent identity and extension require review."
HIER-0244,era:practice:b40.2,Crop Residue Unresolved (Non N fixing),leaf_practice,broader,era:practice:practice:057,Crop Residue,practice,hold-specialization-review,skos:broader-candidate,held,E-PILOT;E-SKOS,"Practice-group relation may express specialization, but parent identity and extension require review."
HIER-0245,era:practice:b41,Crop Residue Incorporation (Unspecified),leaf_practice,broader,era:practice:practice:058,Crop Residue Incorporation,practice,hold-specialization-review,skos:broader-candidate,held,E-PILOT;E-SKOS,"Practice-group relation may express specialization, but parent identity and extension require review."
HIER-0246,era:practice:b41.1,Crop Residue Incorporation (N fixing),leaf_practice,broader,era:practice:practice:058,Crop Residue Incorporation,practice,hold-specialization-review,skos:broader-candidate,held,E-PILOT;E-SKOS,"Practice-group relation may express specialization, but parent identity and extension require review."
HIER-0247,era:practice:b41.2,Crop Residue Incorporation (Non N fixing),leaf_practice,broader,era:practice:practice:058,Crop Residue Incorporation,practice,hold-specialization-review,skos:broader-candidate,held,E-PILOT;E-SKOS,"Practice-group relation may express specialization, but parent identity and extension require review."
HIER-0248,era:practice:b60,Improved Fallow (Unspecified),leaf_practice,broader,era:practice:practice:059,Improved Fallow,practice,hold-specialization-review,skos:broader-candidate,held,E-PILOT;E-SKOS,"Practice-group relation may express specialization, but parent identity and extension require review."
HIER-0249,era:practice:b60.1,Improved Fallow (N fixing),leaf_practice,broader,era:practice:practice:059,Improved Fallow,practice,hold-specialization-review,skos:broader-candidate,held,E-PILOT;E-SKOS,"Practice-group relation may express specialization, but parent identity and extension require review."
HIER-0250,era:practice:b60.2,Improved Fallow (Non N fixing),leaf_practice,broader,era:practice:practice:059,Improved Fallow,practice,hold-specialization-review,skos:broader-candidate,held,E-PILOT;E-SKOS,"Practice-group relation may express specialization, but parent identity and extension require review."
HIER-0251,era:practice:b60.3,Improved Fallow (N & Non N fixing),leaf_practice,broader,era:practice:practice:059,Improved Fallow,practice,hold-specialization-review,skos:broader-candidate,held,E-PILOT;E-SKOS,"Practice-group relation may express specialization, but parent identity and extension require review."
HIER-0252,era:practice:h24,Natural or Bare Fallow,leaf_practice,broader,era:practice:practice:060,Improved Fallow,practice,hold-specialization-review,skos:broader-candidate,held,E-PILOT;E-SKOS,"Practice-group relation may express specialization, but parent identity and extension require review."
HIER-0253,era:practice:h6,Conventional Tillage,leaf_practice,broader,era:practice:practice:061,Conventional Tillage,practice,reject-broader-collapse-identity,none-pending-identity-resolution,held,E-PILOT;E-SKOS,Subject and object have same normalized preferred label; broader assertion manufactures duplicate identity.
HIER-0254,era:practice:h35,Crop Residues Removed,leaf_practice,broader,era:practice:practice:062,Crop Residue,practice,hold-specialization-review,skos:broader-candidate,held,E-PILOT;E-SKOS,"Practice-group relation may express specialization, but parent identity and extension require review."
HIER-0255,era:practice:h36,Crop Residues Burnt,leaf_practice,broader,era:practice:practice:062,Crop Residue,practice,hold-specialization-review,skos:broader-candidate,held,E-PILOT;E-SKOS,"Practice-group relation may express specialization, but parent identity and extension require review."
HIER-0256,era:practice:h39,Crop Residues Grazed,leaf_practice,broader,era:practice:practice:062,Crop Residue,practice,hold-specialization-review,skos:broader-candidate,held,E-PILOT;E-SKOS,"Practice-group relation may express specialization, but parent identity and extension require review."
HIER-0257,era:practice:h37,Crop Residue Incorporated,leaf_practice,broader,era:practice:practice:062,Crop Residue,practice,hold-specialization-review,skos:broader-candidate,held,E-PILOT;E-SKOS,"Practice-group relation may express specialization, but parent identity and extension require review."
HIER-0258,era:practice:h6.1,No-Till (Off-season),leaf_practice,broader,era:practice:practice:063,No-Till (Off-season),practice,reject-broader-collapse-identity,none-pending-identity-resolution,held,E-PILOT;E-SKOS,Subject and object have same normalized preferred label; broader assertion manufactures duplicate identity.
HIER-0259,era:practice:h6.2,Reduced Tillage (Off-season),leaf_practice,broader,era:practice:practice:064,Reduced Tillage (Off-season),practice,reject-broader-collapse-identity,none-pending-identity-resolution,held,E-PILOT;E-SKOS,Subject and object have same normalized preferred label; broader assertion manufactures duplicate identity.
HIER-0260,era:practice:h7,Fully Irrigated Control or Experiment,leaf_practice,broader,era:practice:practice:065,Irrigation,practice,hold-specialization-review,skos:broader-candidate,held,E-PILOT;E-SKOS,"Practice-group relation may express specialization, but parent identity and extension require review."
HIER-0261,era:practice:h23,No Irrigation Control or Rainfed Agriculture,leaf_practice,broader,era:practice:practice:065,Irrigation,practice,hold-specialization-review,skos:broader-candidate,held,E-PILOT;E-SKOS,"Practice-group relation may express specialization, but parent identity and extension require review."
HIER-0262,era:practice:h3,Transplanting Seedlings. This practice code has only been applied to the 2018 dataset,leaf_practice,broader,era:practice:practice:066,Planting,practice,hold-specialization-review,skos:broader-candidate,held,E-PILOT;E-SKOS,"Practice-group relation may express specialization, but parent identity and extension require review."
HIER-0263,era:outcome:subpillar:001,Yield,subpillar,broader,era:outcome:pillar:001,Productivity,pillar,replace-with-navigation-membership,member-of-reporting-collection,held,E-PILOT;E-SKOS,Object is an editorial source level; membership preserves navigation without asserting inherent broader meaning.
HIER-0264,era:outcome:subpillar:002,Livestock Diet,subpillar,broader,era:outcome:pillar:002,Other,pillar,replace-with-navigation-membership,member-of-reporting-collection,held,E-PILOT;E-SKOS,Object is an editorial source level; membership preserves navigation without asserting inherent broader meaning.
HIER-0265,era:outcome:subpillar:003,Economics,subpillar,broader,era:outcome:pillar:001,Productivity,pillar,replace-with-navigation-membership,member-of-reporting-collection,held,E-PILOT;E-SKOS,Object is an editorial source level; membership preserves navigation without asserting inherent broader meaning.
HIER-0266,era:outcome:subpillar:004,Physical,subpillar,broader,era:outcome:pillar:003,Resilience,pillar,replace-with-navigation-membership,member-of-reporting-collection,held,E-PILOT;E-SKOS,Object is an editorial source level; membership preserves navigation without asserting inherent broader meaning.
HIER-0267,era:outcome:subpillar:005,Efficiency,subpillar,broader,era:outcome:pillar:003,Resilience,pillar,replace-with-navigation-membership,member-of-reporting-collection,held,E-PILOT;E-SKOS,Object is an editorial source level; membership preserves navigation without asserting inherent broader meaning.
HIER-0268,era:outcome:subpillar:006,Social,subpillar,broader,era:outcome:pillar:003,Resilience,pillar,replace-with-navigation-membership,member-of-reporting-collection,held,E-PILOT;E-SKOS,Object is an editorial source level; membership preserves navigation without asserting inherent broader meaning.
HIER-0269,era:outcome:subpillar:007,Emissions,subpillar,broader,era:outcome:pillar:004,Mitigation,pillar,replace-with-navigation-membership,member-of-reporting-collection,held,E-PILOT;E-SKOS,Object is an editorial source level; membership preserves navigation without asserting inherent broader meaning.
HIER-0270,era:outcome:subpillar:008,Carbon Stocks,subpillar,broader,era:outcome:pillar:004,Mitigation,pillar,replace-with-navigation-membership,member-of-reporting-collection,held,E-PILOT;E-SKOS,Object is an editorial source level; membership preserves navigation without asserting inherent broader meaning.
HIER-0271,era:outcome:subpillar:009,Cookstove,subpillar,broader,era:outcome:pillar:004,Mitigation,pillar,replace-with-navigation-membership,member-of-reporting-collection,held,E-PILOT;E-SKOS,Object is an editorial source level; membership preserves navigation without asserting inherent broader meaning.
HIER-0272,era:outcome:indicator:001,Product Yield,indicator,broader,era:outcome:subpillar:001,Yield,subpillar,replace-with-navigation-membership,member-of-reporting-collection,held,E-PILOT;E-SKOS,Object is an editorial source level; membership preserves navigation without asserting inherent broader meaning.
HIER-0273,era:outcome:indicator:002,Feed Intake,indicator,broader,era:outcome:subpillar:002,Livestock Diet,subpillar,replace-with-navigation-membership,member-of-reporting-collection,held,E-PILOT;E-SKOS,Object is an editorial source level; membership preserves navigation without asserting inherent broader meaning.
HIER-0274,era:outcome:indicator:003,Non-Product Yield,indicator,broader,era:outcome:subpillar:001,Yield,subpillar,replace-with-navigation-membership,member-of-reporting-collection,held,E-PILOT;E-SKOS,Object is an editorial source level; membership preserves navigation without asserting inherent broader meaning.
HIER-0275,era:outcome:indicator:004,Income,indicator,broader,era:outcome:subpillar:003,Economics,subpillar,replace-with-navigation-membership,member-of-reporting-collection,held,E-PILOT;E-SKOS,Object is an editorial source level; membership preserves navigation without asserting inherent broader meaning.
HIER-0276,era:outcome:indicator:005,Costs,indicator,broader,era:outcome:subpillar:003,Economics,subpillar,replace-with-navigation-membership,member-of-reporting-collection,held,E-PILOT;E-SKOS,Object is an editorial source level; membership preserves navigation without asserting inherent broader meaning.
HIER-0277,era:outcome:indicator:006,Economic Performance,indicator,broader,era:outcome:subpillar:003,Economics,subpillar,replace-with-navigation-membership,member-of-reporting-collection,held,E-PILOT;E-SKOS,Object is an editorial source level; membership preserves navigation without asserting inherent broader meaning.
HIER-0278,era:outcome:indicator:007,Biodiversity,indicator,broader,era:outcome:subpillar:004,Physical,subpillar,replace-with-navigation-membership,member-of-reporting-collection,held,E-PILOT;E-SKOS,Object is an editorial source level; membership preserves navigation without asserting inherent broader meaning.
HIER-0279,era:outcome:indicator:008,Pest & Pathogen,indicator,broader,era:outcome:subpillar:004,Physical,subpillar,replace-with-navigation-membership,member-of-reporting-collection,held,E-PILOT;E-SKOS,Object is an editorial source level; membership preserves navigation without asserting inherent broader meaning.
HIER-0280,era:outcome:indicator:009,Soil Quality,indicator,broader,era:outcome:subpillar:004,Physical,subpillar,replace-with-navigation-membership,member-of-reporting-collection,held,E-PILOT;E-SKOS,Object is an editorial source level; membership preserves navigation without asserting inherent broader meaning.
HIER-0281,era:outcome:indicator:010,Yield Stability,indicator,broader,era:outcome:subpillar:004,Physical,subpillar,replace-with-navigation-membership,member-of-reporting-collection,held,E-PILOT;E-SKOS,Object is an editorial source level; membership preserves navigation without asserting inherent broader meaning.
HIER-0282,era:outcome:indicator:011,Animal Survival,indicator,broader,era:outcome:subpillar:004,Physical,subpillar,replace-with-navigation-membership,member-of-reporting-collection,held,E-PILOT;E-SKOS,Object is an editorial source level; membership preserves navigation without asserting inherent broader meaning.
HIER-0283,era:outcome:indicator:012,Efficiency,indicator,broader,era:outcome:subpillar:005,Efficiency,subpillar,reject-broader-collapse-identity,none-pending-identity-resolution,held,E-PILOT;E-SKOS,Subject and object have same normalized preferred label; broader assertion manufactures duplicate identity.
HIER-0284,era:outcome:indicator:013,Gender Equity,indicator,broader,era:outcome:subpillar:006,Social,subpillar,replace-with-navigation-membership,member-of-reporting-collection,held,E-PILOT;E-SKOS,Object is an editorial source level; membership preserves navigation without asserting inherent broader meaning.
HIER-0285,era:outcome:indicator:014,Labour,indicator,broader,era:outcome:subpillar:006,Social,subpillar,replace-with-navigation-membership,member-of-reporting-collection,held,E-PILOT;E-SKOS,Object is an editorial source level; membership preserves navigation without asserting inherent broader meaning.
HIER-0286,era:outcome:indicator:015,Emissions,indicator,broader,era:outcome:subpillar:007,Emissions,subpillar,reject-broader-collapse-identity,none-pending-identity-resolution,held,E-PILOT;E-SKOS,Subject and object have same normalized preferred label; broader assertion manufactures duplicate identity.
HIER-0287,era:outcome:indicator:016,Carbon Stocks,indicator,broader,era:outcome:subpillar:008,Carbon Stocks,subpillar,reject-broader-collapse-identity,none-pending-identity-resolution,held,E-PILOT;E-SKOS,Subject and object have same normalized preferred label; broader assertion manufactures duplicate identity.
HIER-0288,era:outcome:indicator:017,Costs,indicator,broader,era:outcome:subpillar:009,Cookstove,subpillar,replace-with-navigation-membership,member-of-reporting-collection,held,E-PILOT;E-SKOS,Object is an editorial source level; membership preserves navigation without asserting inherent broader meaning.
HIER-0289,era:outcome:indicator:018,Fuel Efficiency,indicator,broader,era:outcome:subpillar:009,Cookstove,subpillar,replace-with-navigation-membership,member-of-reporting-collection,held,E-PILOT;E-SKOS,Object is an editorial source level; membership preserves navigation without asserting inherent broader meaning.
HIER-0290,era:outcome:101.0,Crop Yield,leaf_outcome,broader,era:outcome:indicator:001,Product Yield,indicator,replace-with-navigation-membership,member-of-reporting-collection,held,E-PILOT;E-SKOS,Object is an editorial source level; membership preserves navigation without asserting inherent broader meaning.
HIER-0291,era:outcome:101.1,Biomass Yield,leaf_outcome,broader,era:outcome:indicator:001,Product Yield,indicator,replace-with-navigation-membership,member-of-reporting-collection,held,E-PILOT;E-SKOS,Object is an editorial source level; membership preserves navigation without asserting inherent broader meaning.
HIER-0292,era:outcome:101.2,Extraction Yield,leaf_outcome,broader,era:outcome:indicator:001,Product Yield,indicator,replace-with-navigation-membership,member-of-reporting-collection,held,E-PILOT;E-SKOS,Object is an editorial source level; membership preserves navigation without asserting inherent broader meaning.
HIER-0293,era:outcome:103.0,Land Equivalent Ratio,leaf_outcome,broader,era:outcome:indicator:001,Product Yield,indicator,replace-with-navigation-membership,member-of-reporting-collection,held,E-PILOT;E-SKOS,Object is an editorial source level; membership preserves navigation without asserting inherent broader meaning.
HIER-0294,era:outcome:104.0,Area Time Equivalent Ratio,leaf_outcome,broader,era:outcome:indicator:001,Product Yield,indicator,replace-with-navigation-membership,member-of-reporting-collection,held,E-PILOT;E-SKOS,Object is an editorial source level; membership preserves navigation without asserting inherent broader meaning.
HIER-0295,era:outcome:118.0,Weight Gain,leaf_outcome,broader,era:outcome:indicator:001,Product Yield,indicator,replace-with-navigation-membership,member-of-reporting-collection,held,E-PILOT;E-SKOS,Object is an editorial source level; membership preserves navigation without asserting inherent broader meaning.
HIER-0296,era:outcome:119.1,Meat Yield,leaf_outcome,broader,era:outcome:indicator:001,Product Yield,indicator,replace-with-navigation-membership,member-of-reporting-collection,held,E-PILOT;E-SKOS,Object is an editorial source level; membership preserves navigation without asserting inherent broader meaning.
HIER-0297,era:outcome:119.2,Milk Yield,leaf_outcome,broader,era:outcome:indicator:001,Product Yield,indicator,replace-with-navigation-membership,member-of-reporting-collection,held,E-PILOT;E-SKOS,Object is an editorial source level; membership preserves navigation without asserting inherent broader meaning.
HIER-0298,era:outcome:119.3,Egg Yield,leaf_outcome,broader,era:outcome:indicator:001,Product Yield,indicator,replace-with-navigation-membership,member-of-reporting-collection,held,E-PILOT;E-SKOS,Object is an editorial source level; membership preserves navigation without asserting inherent broader meaning.
HIER-0299,era:outcome:119.4,Other Animal Product Yield,leaf_outcome,broader,era:outcome:indicator:001,Product Yield,indicator,replace-with-navigation-membership,member-of-reporting-collection,held,E-PILOT;E-SKOS,Object is an editorial source level; membership preserves navigation without asserting inherent broader meaning.
HIER-0300,era:outcome:119.5,Reproductive Yield,leaf_outcome,broader,era:outcome:indicator:001,Product Yield,indicator,replace-with-navigation-membership,member-of-reporting-collection,held,E-PILOT;E-SKOS,Object is an editorial source level; membership preserves navigation without asserting inherent broader meaning.
HIER-0301,era:outcome:400.0,Feed Intake,leaf_outcome,broader,era:outcome:indicator:002,Feed Intake,indicator,reject-broader-collapse-identity,none-pending-identity-resolution,held,E-PILOT;E-SKOS,Subject and object have same normalized preferred label; broader assertion manufactures duplicate identity.
HIER-0302,era:outcome:102.0,Crop Residue Yield,leaf_outcome,broader,era:outcome:indicator:003,Non-Product Yield,indicator,replace-with-navigation-membership,member-of-reporting-collection,held,E-PILOT;E-SKOS,Object is an editorial source level; membership preserves navigation without asserting inherent broader meaning.
HIER-0303,era:outcome:120.0,Gross Return,leaf_outcome,broader,era:outcome:indicator:004,Income,indicator,replace-with-navigation-membership,member-of-reporting-collection,held,E-PILOT;E-SKOS,Object is an editorial source level; membership preserves navigation without asserting inherent broader meaning.
HIER-0304,era:outcome:124.0,Net Return,leaf_outcome,broader,era:outcome:indicator:004,Income,indicator,replace-with-navigation-membership,member-of-reporting-collection,held,E-PILOT;E-SKOS,Object is an editorial source level; membership preserves navigation without asserting inherent broader meaning.
HIER-0305,era:outcome:124.1,Gross Margin,leaf_outcome,broader,era:outcome:indicator:004,Income,indicator,replace-with-navigation-membership,member-of-reporting-collection,held,E-PILOT;E-SKOS,Object is an editorial source level; membership preserves navigation without asserting inherent broader meaning.
HIER-0306,era:outcome:150.0,Total Cost,leaf_outcome,broader,era:outcome:indicator:005,Costs,indicator,replace-with-navigation-membership,member-of-reporting-collection,held,E-PILOT;E-SKOS,Object is an editorial source level; membership preserves navigation without asserting inherent broader meaning.
HIER-0307,era:outcome:150.1,Total Cost per Unit Product,leaf_outcome,broader,era:outcome:indicator:005,Costs,indicator,replace-with-navigation-membership,member-of-reporting-collection,held,E-PILOT;E-SKOS,Object is an editorial source level; membership preserves navigation without asserting inherent broader meaning.
HIER-0308,era:outcome:150.2,Total Cost per Asset,leaf_outcome,broader,era:outcome:indicator:005,Costs,indicator,replace-with-navigation-membership,member-of-reporting-collection,held,E-PILOT;E-SKOS,Object is an editorial source level; membership preserves navigation without asserting inherent broader meaning.
HIER-0309,era:outcome:150.3,Total Cost (Unconfirmed),leaf_outcome,broader,era:outcome:indicator:005,Costs,indicator,replace-with-navigation-membership,member-of-reporting-collection,held,E-PILOT;E-SKOS,Object is an editorial source level; membership preserves navigation without asserting inherent broader meaning.
HIER-0310,era:outcome:151.0,Fixed Cost,leaf_outcome,broader,era:outcome:indicator:005,Costs,indicator,replace-with-navigation-membership,member-of-reporting-collection,held,E-PILOT;E-SKOS,Object is an editorial source level; membership preserves navigation without asserting inherent broader meaning.
HIER-0311,era:outcome:151.1,Fixed Cost per Unit Product,leaf_outcome,broader,era:outcome:indicator:005,Costs,indicator,replace-with-navigation-membership,member-of-reporting-collection,held,E-PILOT;E-SKOS,Object is an editorial source level; membership preserves navigation without asserting inherent broader meaning.
HIER-0312,era:outcome:151.2,Fixed Cost per Asset,leaf_outcome,broader,era:outcome:indicator:005,Costs,indicator,replace-with-navigation-membership,member-of-reporting-collection,held,E-PILOT;E-SKOS,Object is an editorial source level; membership preserves navigation without asserting inherent broader meaning.
HIER-0313,era:outcome:152.0,Variable Cost,leaf_outcome,broader,era:outcome:indicator:005,Costs,indicator,replace-with-navigation-membership,member-of-reporting-collection,held,E-PILOT;E-SKOS,Object is an editorial source level; membership preserves navigation without asserting inherent broader meaning.
HIER-0314,era:outcome:152.2,Variable Cost per Unit Product,leaf_outcome,broader,era:outcome:indicator:005,Costs,indicator,replace-with-navigation-membership,member-of-reporting-collection,held,E-PILOT;E-SKOS,Object is an editorial source level; membership preserves navigation without asserting inherent broader meaning.
HIER-0315,era:outcome:152.3,Variable Cost per Asset,leaf_outcome,broader,era:outcome:indicator:005,Costs,indicator,replace-with-navigation-membership,member-of-reporting-collection,held,E-PILOT;E-SKOS,Object is an editorial source level; membership preserves navigation without asserting inherent broader meaning.
HIER-0316,era:outcome:152.1,Labour Cost,leaf_outcome,broader,era:outcome:indicator:005,Costs,indicator,replace-with-navigation-membership,member-of-reporting-collection,held,E-PILOT;E-SKOS,Object is an editorial source level; membership preserves navigation without asserting inherent broader meaning.
HIER-0317,era:outcome:152.4,Labour Cost per Unit Product,leaf_outcome,broader,era:outcome:indicator:005,Costs,indicator,replace-with-navigation-membership,member-of-reporting-collection,held,E-PILOT;E-SKOS,Object is an editorial source level; membership preserves navigation without asserting inherent broader meaning.
HIER-0318,era:outcome:152.5,Labour Cost per Asset,leaf_outcome,broader,era:outcome:indicator:005,Costs,indicator,replace-with-navigation-membership,member-of-reporting-collection,held,E-PILOT;E-SKOS,Object is an editorial source level; membership preserves navigation without asserting inherent broader meaning.
HIER-0319,era:outcome:125.0,Benefit Cost Ratio (GRTC),leaf_outcome,broader,era:outcome:indicator:006,Economic Performance,indicator,replace-with-navigation-membership,member-of-reporting-collection,held,E-PILOT;E-SKOS,Object is an editorial source level; membership preserves navigation without asserting inherent broader meaning.
HIER-0320,era:outcome:125.1,Benefit Cost Ratio (GRVC),leaf_outcome,broader,era:outcome:indicator:006,Economic Performance,indicator,replace-with-navigation-membership,member-of-reporting-collection,held,E-PILOT;E-SKOS,Object is an editorial source level; membership preserves navigation without asserting inherent broader meaning.
HIER-0321,era:outcome:125.2,Benefit Cost Ratio (GMVC),leaf_outcome,broader,era:outcome:indicator:006,Economic Performance,indicator,replace-with-navigation-membership,member-of-reporting-collection,held,E-PILOT;E-SKOS,Object is an editorial source level; membership preserves navigation without asserting inherent broader meaning.
HIER-0322,era:outcome:125.3,Benefit Cost Ratio (NRVC),leaf_outcome,broader,era:outcome:indicator:006,Economic Performance,indicator,replace-with-navigation-membership,member-of-reporting-collection,held,E-PILOT;E-SKOS,Object is an editorial source level; membership preserves navigation without asserting inherent broader meaning.
HIER-0323,era:outcome:125.5,Benefit Cost Ratio (NRTC),leaf_outcome,broader,era:outcome:indicator:006,Economic Performance,indicator,replace-with-navigation-membership,member-of-reporting-collection,held,E-PILOT;E-SKOS,Object is an editorial source level; membership preserves navigation without asserting inherent broader meaning.
HIER-0324,era:outcome:125.6,Benefit Cost Ratio (GMTC),leaf_outcome,broader,era:outcome:indicator:006,Economic Performance,indicator,replace-with-navigation-membership,member-of-reporting-collection,held,E-PILOT;E-SKOS,Object is an editorial source level; membership preserves navigation without asserting inherent broader meaning.
HIER-0325,era:outcome:125.4,Benefit Cost Ratio (Unspecified),leaf_outcome,broader,era:outcome:indicator:006,Economic Performance,indicator,replace-with-navigation-membership,member-of-reporting-collection,held,E-PILOT;E-SKOS,Object is an editorial source level; membership preserves navigation without asserting inherent broader meaning.
HIER-0326,era:outcome:126.0,Cost Benefit Ratio (TCGR),leaf_outcome,broader,era:outcome:indicator:006,Economic Performance,indicator,replace-with-navigation-membership,member-of-reporting-collection,held,E-PILOT;E-SKOS,Object is an editorial source level; membership preserves navigation without asserting inherent broader meaning.
HIER-0327,era:outcome:126.1,Cost Benefit Ratio (VCGR),leaf_outcome,broader,era:outcome:indicator:006,Economic Performance,indicator,replace-with-navigation-membership,member-of-reporting-collection,held,E-PILOT;E-SKOS,Object is an editorial source level; membership preserves navigation without asserting inherent broader meaning.
HIER-0328,era:outcome:126.2,Cost Benefit Ratio (TCNR),leaf_outcome,broader,era:outcome:indicator:006,Economic Performance,indicator,replace-with-navigation-membership,member-of-reporting-collection,held,E-PILOT;E-SKOS,Object is an editorial source level; membership preserves navigation without asserting inherent broader meaning.
HIER-0329,era:outcome:130.0,Net Present Value,leaf_outcome,broader,era:outcome:indicator:006,Economic Performance,indicator,replace-with-navigation-membership,member-of-reporting-collection,held,E-PILOT;E-SKOS,Object is an editorial source level; membership preserves navigation without asserting inherent broader meaning.
HIER-0330,era:outcome:131.0,Payback Period,leaf_outcome,broader,era:outcome:indicator:006,Economic Performance,indicator,replace-with-navigation-membership,member-of-reporting-collection,held,E-PILOT;E-SKOS,Object is an editorial source level; membership preserves navigation without asserting inherent broader meaning.
HIER-0331,era:outcome:134.0,Return on Investment,leaf_outcome,broader,era:outcome:indicator:006,Economic Performance,indicator,replace-with-navigation-membership,member-of-reporting-collection,held,E-PILOT;E-SKOS,Object is an editorial source level; membership preserves navigation without asserting inherent broader meaning.
HIER-0332,era:outcome:137.0,Internal Rate of Return,leaf_outcome,broader,era:outcome:indicator:006,Economic Performance,indicator,replace-with-navigation-membership,member-of-reporting-collection,held,E-PILOT;E-SKOS,Object is an editorial source level; membership preserves navigation without asserting inherent broader meaning.
HIER-0333,era:outcome:137.1,Marginal Rate of Return,leaf_outcome,broader,era:outcome:indicator:006,Economic Performance,indicator,replace-with-navigation-membership,member-of-reporting-collection,held,E-PILOT;E-SKOS,Object is an editorial source level; membership preserves navigation without asserting inherent broader meaning.
HIER-0334,era:outcome:203.0,Biodiversity,leaf_outcome,broader,era:outcome:indicator:007,Biodiversity,indicator,reject-broader-collapse-identity,none-pending-identity-resolution,held,E-PILOT;E-SKOS,Subject and object have same normalized preferred label; broader assertion manufactures duplicate identity.
HIER-0335,era:outcome:268.0,Beneficial Organisms,leaf_outcome,broader,era:outcome:indicator:007,Biodiversity,indicator,replace-with-navigation-membership,member-of-reporting-collection,held,E-PILOT;E-SKOS,Object is an editorial source level; membership preserves navigation without asserting inherent broader meaning.
HIER-0336,era:outcome:209.0,Pest & Pathogen (Losses),leaf_outcome,broader,era:outcome:indicator:008,Pest & Pathogen,indicator,replace-with-navigation-membership,member-of-reporting-collection,held,E-PILOT;E-SKOS,Object is an editorial source level; membership preserves navigation without asserting inherent broader meaning.
HIER-0337,era:outcome:209.1,Pest & Pathogen (Product Weight),leaf_outcome,broader,era:outcome:indicator:008,Pest & Pathogen,indicator,replace-with-navigation-membership,member-of-reporting-collection,held,E-PILOT;E-SKOS,Object is an editorial source level; membership preserves navigation without asserting inherent broader meaning.
HIER-0338,era:outcome:212.0,Pest & Pathogen (Numbers),leaf_outcome,broader,era:outcome:indicator:008,Pest & Pathogen,indicator,replace-with-navigation-membership,member-of-reporting-collection,held,E-PILOT;E-SKOS,Object is an editorial source level; membership preserves navigation without asserting inherent broader meaning.
HIER-0339,era:outcome:217.0,Erosion,leaf_outcome,broader,era:outcome:indicator:009,Soil Quality,indicator,replace-with-navigation-membership,member-of-reporting-collection,held,E-PILOT;E-SKOS,Object is an editorial source level; membership preserves navigation without asserting inherent broader meaning.
HIER-0340,era:outcome:218.0,Runoff,leaf_outcome,broader,era:outcome:indicator:009,Soil Quality,indicator,replace-with-navigation-membership,member-of-reporting-collection,held,E-PILOT;E-SKOS,Object is an editorial source level; membership preserves navigation without asserting inherent broader meaning.
HIER-0341,era:outcome:223.0,Soil Organic Matter,leaf_outcome,broader,era:outcome:indicator:009,Soil Quality,indicator,replace-with-navigation-membership,member-of-reporting-collection,held,E-PILOT;E-SKOS,Object is an editorial source level; membership preserves navigation without asserting inherent broader meaning.
HIER-0342,era:outcome:224.0,Soil Organic Carbon,leaf_outcome,broader,era:outcome:indicator:009,Soil Quality,indicator,replace-with-navigation-membership,member-of-reporting-collection,held,E-PILOT;E-SKOS,Object is an editorial source level; membership preserves navigation without asserting inherent broader meaning.
HIER-0343,era:outcome:224.1,Soil Organic Carbon (Change),leaf_outcome,broader,era:outcome:indicator:009,Soil Quality,indicator,replace-with-navigation-membership,member-of-reporting-collection,held,E-PILOT;E-SKOS,Object is an editorial source level; membership preserves navigation without asserting inherent broader meaning.
HIER-0344,era:outcome:226.0,Soil Nitrogen,leaf_outcome,broader,era:outcome:indicator:009,Soil Quality,indicator,replace-with-navigation-membership,member-of-reporting-collection,held,E-PILOT;E-SKOS,Object is an editorial source level; membership preserves navigation without asserting inherent broader meaning.
HIER-0345,era:outcome:226.1,Soil Total Nitrogen,leaf_outcome,broader,era:outcome:indicator:009,Soil Quality,indicator,replace-with-navigation-membership,member-of-reporting-collection,held,E-PILOT;E-SKOS,Object is an editorial source level; membership preserves navigation without asserting inherent broader meaning.
HIER-0346,era:outcome:226.2,Soil Available Nitrogen,leaf_outcome,broader,era:outcome:indicator:009,Soil Quality,indicator,replace-with-navigation-membership,member-of-reporting-collection,held,E-PILOT;E-SKOS,Object is an editorial source level; membership preserves navigation without asserting inherent broader meaning.
HIER-0347,era:outcome:226.3,Soil NO3,leaf_outcome,broader,era:outcome:indicator:009,Soil Quality,indicator,replace-with-navigation-membership,member-of-reporting-collection,held,E-PILOT;E-SKOS,Object is an editorial source level; membership preserves navigation without asserting inherent broader meaning.
HIER-0348,era:outcome:226.4,Soil NH4,leaf_outcome,broader,era:outcome:indicator:009,Soil Quality,indicator,replace-with-navigation-membership,member-of-reporting-collection,held,E-PILOT;E-SKOS,Object is an editorial source level; membership preserves navigation without asserting inherent broader meaning.
HIER-0349,era:outcome:231.0,Soil Moisture,leaf_outcome,broader,era:outcome:indicator:009,Soil Quality,indicator,replace-with-navigation-membership,member-of-reporting-collection,held,E-PILOT;E-SKOS,Object is an editorial source level; membership preserves navigation without asserting inherent broader meaning.
HIER-0350,era:outcome:221.0,Infiltration Rate,leaf_outcome,broader,era:outcome:indicator:009,Soil Quality,indicator,replace-with-navigation-membership,member-of-reporting-collection,held,E-PILOT;E-SKOS,Object is an editorial source level; membership preserves navigation without asserting inherent broader meaning.
HIER-0351,era:outcome:228.0,Cation Exchange Capacity,leaf_outcome,broader,era:outcome:indicator:009,Soil Quality,indicator,replace-with-navigation-membership,member-of-reporting-collection,held,E-PILOT;E-SKOS,Object is an editorial source level; membership preserves navigation without asserting inherent broader meaning.
HIER-0352,era:outcome:228.1,Effective Cation Exchange Capacity,leaf_outcome,broader,era:outcome:indicator:009,Soil Quality,indicator,replace-with-navigation-membership,member-of-reporting-collection,held,E-PILOT;E-SKOS,Object is an editorial source level; membership preserves navigation without asserting inherent broader meaning.
HIER-0353,era:outcome:270.0,Yield Stability,leaf_outcome,broader,era:outcome:indicator:010,Yield Stability,indicator,reject-broader-collapse-identity,none-pending-identity-resolution,held,E-PILOT;E-SKOS,Subject and object have same normalized preferred label; broader assertion manufactures duplicate identity.
HIER-0354,era:outcome:236.1,Animal Survival,leaf_outcome,broader,era:outcome:indicator:011,Animal Survival,indicator,reject-broader-collapse-identity,none-pending-identity-resolution,held,E-PILOT;E-SKOS,Subject and object have same normalized preferred label; broader assertion manufactures duplicate identity.
HIER-0355,era:outcome:236.2,Animal Mortality,leaf_outcome,broader,era:outcome:indicator:011,Animal Survival,indicator,replace-with-navigation-membership,member-of-reporting-collection,held,E-PILOT;E-SKOS,Object is an editorial source level; membership preserves navigation without asserting inherent broader meaning.
HIER-0356,era:outcome:232.1,Water Use,leaf_outcome,broader,era:outcome:indicator:012,Efficiency,indicator,replace-with-navigation-membership,member-of-reporting-collection,held,E-PILOT;E-SKOS,Object is an editorial source level; membership preserves navigation without asserting inherent broader meaning.
HIER-0357,era:outcome:232.2,Water Use Efficiency,leaf_outcome,broader,era:outcome:indicator:012,Efficiency,indicator,replace-with-navigation-membership,member-of-reporting-collection,held,E-PILOT;E-SKOS,Object is an editorial source level; membership preserves navigation without asserting inherent broader meaning.
HIER-0358,era:outcome:232.3,Depreciated -Water Use (Rain & Irrigation),leaf_outcome,broader,era:outcome:indicator:012,Efficiency,indicator,replace-with-navigation-membership,member-of-reporting-collection,held,E-PILOT;E-SKOS,Object is an editorial source level; membership preserves navigation without asserting inherent broader meaning.
HIER-0359,era:outcome:232.4,Depreciated - Water Use (Irrigation),leaf_outcome,broader,era:outcome:indicator:012,Efficiency,indicator,replace-with-navigation-membership,member-of-reporting-collection,held,E-PILOT;E-SKOS,Object is an editorial source level; membership preserves navigation without asserting inherent broader meaning.
HIER-0360,era:outcome:232.5,Depreciated - Water Use (Unspecified),leaf_outcome,broader,era:outcome:indicator:012,Efficiency,indicator,replace-with-navigation-membership,member-of-reporting-collection,held,E-PILOT;E-SKOS,Object is an editorial source level; membership preserves navigation without asserting inherent broader meaning.
HIER-0361,era:outcome:233.0,Nitrogen Use Efficiency (ARE Unspecificed),leaf_outcome,broader,era:outcome:indicator:012,Efficiency,indicator,replace-with-navigation-membership,member-of-reporting-collection,held,E-PILOT;E-SKOS,Object is an editorial source level; membership preserves navigation without asserting inherent broader meaning.
HIER-0362,era:outcome:233.1,Nitrogen Use Efficiency (ARE Product),leaf_outcome,broader,era:outcome:indicator:012,Efficiency,indicator,replace-with-navigation-membership,member-of-reporting-collection,held,E-PILOT;E-SKOS,Object is an editorial source level; membership preserves navigation without asserting inherent broader meaning.
HIER-0363,era:outcome:233.2,Nitrogen Use Efficiency (ARE AGB),leaf_outcome,broader,era:outcome:indicator:012,Efficiency,indicator,replace-with-navigation-membership,member-of-reporting-collection,held,E-PILOT;E-SKOS,Object is an editorial source level; membership preserves navigation without asserting inherent broader meaning.
HIER-0364,era:outcome:233.3,Nitrogen Use Efficiency (Isotopic Product),leaf_outcome,broader,era:outcome:indicator:012,Efficiency,indicator,replace-with-navigation-membership,member-of-reporting-collection,held,E-PILOT;E-SKOS,Object is an editorial source level; membership preserves navigation without asserting inherent broader meaning.
HIER-0365,era:outcome:233.4,Nitrogen Use Efficiency (Isotopic AGB),leaf_outcome,broader,era:outcome:indicator:012,Efficiency,indicator,replace-with-navigation-membership,member-of-reporting-collection,held,E-PILOT;E-SKOS,Object is an editorial source level; membership preserves navigation without asserting inherent broader meaning.
HIER-0366,era:outcome:233.5,Nitrogen Use Efficiency (PNB Product),leaf_outcome,broader,era:outcome:indicator:012,Efficiency,indicator,replace-with-navigation-membership,member-of-reporting-collection,held,E-PILOT;E-SKOS,Object is an editorial source level; membership preserves navigation without asserting inherent broader meaning.
HIER-0367,era:outcome:233.6,Nitrogen Use Efficiency (PNB AGB),leaf_outcome,broader,era:outcome:indicator:012,Efficiency,indicator,replace-with-navigation-membership,member-of-reporting-collection,held,E-PILOT;E-SKOS,Object is an editorial source level; membership preserves navigation without asserting inherent broader meaning.
HIER-0368,era:outcome:257.1,Nitrogen Agronomic Efficiency,leaf_outcome,broader,era:outcome:indicator:012,Efficiency,indicator,replace-with-navigation-membership,member-of-reporting-collection,held,E-PILOT;E-SKOS,Object is an editorial source level; membership preserves navigation without asserting inherent broader meaning.
HIER-0369,era:outcome:257.3,Nitrogen Agronomic Efficiency (AGB),leaf_outcome,broader,era:outcome:indicator:012,Efficiency,indicator,replace-with-navigation-membership,member-of-reporting-collection,held,E-PILOT;E-SKOS,Object is an editorial source level; membership preserves navigation without asserting inherent broader meaning.
HIER-0370,era:outcome:257.2,Nitrogen Factor Productivity,leaf_outcome,broader,era:outcome:indicator:012,Efficiency,indicator,replace-with-navigation-membership,member-of-reporting-collection,held,E-PILOT;E-SKOS,Object is an editorial source level; membership preserves navigation without asserting inherent broader meaning.
HIER-0371,era:outcome:238.0,Nitrogen (Apparent Efficiency Animals Feed),leaf_outcome,broader,era:outcome:indicator:012,Efficiency,indicator,replace-with-navigation-membership,member-of-reporting-collection,held,E-PILOT;E-SKOS,Object is an editorial source level; membership preserves navigation without asserting inherent broader meaning.
HIER-0372,era:outcome:234.0,Phosphorus Use Efficiency (ARE Unspecified),leaf_outcome,broader,era:outcome:indicator:012,Efficiency,indicator,replace-with-navigation-membership,member-of-reporting-collection,held,E-PILOT;E-SKOS,Object is an editorial source level; membership preserves navigation without asserting inherent broader meaning.
HIER-0373,era:outcome:234.1,Phosphorus Use Efficiency (ARE Product),leaf_outcome,broader,era:outcome:indicator:012,Efficiency,indicator,replace-with-navigation-membership,member-of-reporting-collection,held,E-PILOT;E-SKOS,Object is an editorial source level; membership preserves navigation without asserting inherent broader meaning.
HIER-0374,era:outcome:234.2,Phosphorus Use Efficiency (ARE AGB),leaf_outcome,broader,era:outcome:indicator:012,Efficiency,indicator,replace-with-navigation-membership,member-of-reporting-collection,held,E-PILOT;E-SKOS,Object is an editorial source level; membership preserves navigation without asserting inherent broader meaning.
HIER-0375,era:outcome:258.0,Phosphorus Agronomic Efficiency,leaf_outcome,broader,era:outcome:indicator:012,Efficiency,indicator,replace-with-navigation-membership,member-of-reporting-collection,held,E-PILOT;E-SKOS,Object is an editorial source level; membership preserves navigation without asserting inherent broader meaning.
HIER-0376,era:outcome:258.2,Phosphorus Factor Productivity,leaf_outcome,broader,era:outcome:indicator:012,Efficiency,indicator,replace-with-navigation-membership,member-of-reporting-collection,held,E-PILOT;E-SKOS,Object is an editorial source level; membership preserves navigation without asserting inherent broader meaning.
HIER-0377,era:outcome:235.0,Potassium Use Efficiency (ARE Unspecified),leaf_outcome,broader,era:outcome:indicator:012,Efficiency,indicator,replace-with-navigation-membership,member-of-reporting-collection,held,E-PILOT;E-SKOS,Object is an editorial source level; membership preserves navigation without asserting inherent broader meaning.
HIER-0378,era:outcome:235.1,Potassium Use Efficiency (ARE Product),leaf_outcome,broader,era:outcome:indicator:012,Efficiency,indicator,replace-with-navigation-membership,member-of-reporting-collection,held,E-PILOT;E-SKOS,Object is an editorial source level; membership preserves navigation without asserting inherent broader meaning.
HIER-0379,era:outcome:235.2,Potassium Use Efficiency (ARE AGB),leaf_outcome,broader,era:outcome:indicator:012,Efficiency,indicator,replace-with-navigation-membership,member-of-reporting-collection,held,E-PILOT;E-SKOS,Object is an editorial source level; membership preserves navigation without asserting inherent broader meaning.
HIER-0380,era:outcome:259.0,Potassium Agronomic Efficiency,leaf_outcome,broader,era:outcome:indicator:012,Efficiency,indicator,replace-with-navigation-membership,member-of-reporting-collection,held,E-PILOT;E-SKOS,Object is an editorial source level; membership preserves navigation without asserting inherent broader meaning.
HIER-0381,era:outcome:259.2,Potassium Factor Productivity,leaf_outcome,broader,era:outcome:indicator:012,Efficiency,indicator,replace-with-navigation-membership,member-of-reporting-collection,held,E-PILOT;E-SKOS,Object is an editorial source level; membership preserves navigation without asserting inherent broader meaning.
HIER-0382,era:outcome:257.0,Total Factor Productivity,leaf_outcome,broader,era:outcome:indicator:012,Efficiency,indicator,replace-with-navigation-membership,member-of-reporting-collection,held,E-PILOT;E-SKOS,Object is an editorial source level; membership preserves navigation without asserting inherent broader meaning.
HIER-0383,era:outcome:267.0,Feed Conversion Ratio (Out In),leaf_outcome,broader,era:outcome:indicator:012,Efficiency,indicator,replace-with-navigation-membership,member-of-reporting-collection,held,E-PILOT;E-SKOS,Object is an editorial source level; membership preserves navigation without asserting inherent broader meaning.
HIER-0384,era:outcome:267.1,Feed Conversion Ratio (In Out),leaf_outcome,broader,era:outcome:indicator:012,Efficiency,indicator,replace-with-navigation-membership,member-of-reporting-collection,held,E-PILOT;E-SKOS,Object is an editorial source level; membership preserves navigation without asserting inherent broader meaning.
HIER-0385,era:outcome:265.0,Protein Conversion Ratio (Out In),leaf_outcome,broader,era:outcome:indicator:012,Efficiency,indicator,replace-with-navigation-membership,member-of-reporting-collection,held,E-PILOT;E-SKOS,Object is an editorial source level; membership preserves navigation without asserting inherent broader meaning.
HIER-0386,era:outcome:265.1,Protein Conversion Ratio (In Out),leaf_outcome,broader,era:outcome:indicator:012,Efficiency,indicator,replace-with-navigation-membership,member-of-reporting-collection,held,E-PILOT;E-SKOS,Object is an editorial source level; membership preserves navigation without asserting inherent broader meaning.
HIER-0387,era:outcome:239.0,Labour Female,leaf_outcome,broader,era:outcome:indicator:013,Gender Equity,indicator,replace-with-navigation-membership,member-of-reporting-collection,held,E-PILOT;E-SKOS,Object is an editorial source level; membership preserves navigation without asserting inherent broader meaning.
HIER-0388,era:outcome:240.0,Labour Male,leaf_outcome,broader,era:outcome:indicator:013,Gender Equity,indicator,replace-with-navigation-membership,member-of-reporting-collection,held,E-PILOT;E-SKOS,Object is an editorial source level; membership preserves navigation without asserting inherent broader meaning.
HIER-0389,era:outcome:242.0,Income Female,leaf_outcome,broader,era:outcome:indicator:013,Gender Equity,indicator,replace-with-navigation-membership,member-of-reporting-collection,held,E-PILOT;E-SKOS,Object is an editorial source level; membership preserves navigation without asserting inherent broader meaning.
HIER-0390,era:outcome:243.0,Income Male,leaf_outcome,broader,era:outcome:indicator:013,Gender Equity,indicator,replace-with-navigation-membership,member-of-reporting-collection,held,E-PILOT;E-SKOS,Object is an editorial source level; membership preserves navigation without asserting inherent broader meaning.
HIER-0391,era:outcome:132.0,Labour Person Hours,leaf_outcome,broader,era:outcome:indicator:014,Labour,indicator,replace-with-navigation-membership,member-of-reporting-collection,held,E-PILOT;E-SKOS,Object is an editorial source level; membership preserves navigation without asserting inherent broader meaning.
HIER-0392,era:outcome:133.0,Return to Labour,leaf_outcome,broader,era:outcome:indicator:014,Labour,indicator,replace-with-navigation-membership,member-of-reporting-collection,held,E-PILOT;E-SKOS,Object is an editorial source level; membership preserves navigation without asserting inherent broader meaning.
HIER-0393,era:outcome:304.0,CO2 Equivalent Emissions,leaf_outcome,broader,era:outcome:indicator:015,Emissions,indicator,replace-with-navigation-membership,member-of-reporting-collection,held,E-PILOT;E-SKOS,Object is an editorial source level; membership preserves navigation without asserting inherent broader meaning.
HIER-0394,era:outcome:305.0,Methane Emissions,leaf_outcome,broader,era:outcome:indicator:015,Emissions,indicator,replace-with-navigation-membership,member-of-reporting-collection,held,E-PILOT;E-SKOS,Object is an editorial source level; membership preserves navigation without asserting inherent broader meaning.
HIER-0395,era:outcome:306.0,Nitrous Oxide Emissions,leaf_outcome,broader,era:outcome:indicator:015,Emissions,indicator,replace-with-navigation-membership,member-of-reporting-collection,held,E-PILOT;E-SKOS,Object is an editorial source level; membership preserves navigation without asserting inherent broader meaning.
HIER-0396,era:outcome:307.0,Carbon Dioxide Emissions,leaf_outcome,broader,era:outcome:indicator:015,Emissions,indicator,replace-with-navigation-membership,member-of-reporting-collection,held,E-PILOT;E-SKOS,Object is an editorial source level; membership preserves navigation without asserting inherent broader meaning.
HIER-0397,era:outcome:311.0,Emissions Intensity,leaf_outcome,broader,era:outcome:indicator:015,Emissions,indicator,replace-with-navigation-membership,member-of-reporting-collection,held,E-PILOT;E-SKOS,Object is an editorial source level; membership preserves navigation without asserting inherent broader meaning.
HIER-0398,era:outcome:308.0,Soil Carbon Stocks,leaf_outcome,broader,era:outcome:indicator:016,Carbon Stocks,indicator,replace-with-navigation-membership,member-of-reporting-collection,held,E-PILOT;E-SKOS,Object is an editorial source level; membership preserves navigation without asserting inherent broader meaning.
HIER-0399,era:outcome:309.0,Aboveground Carbon Biomass,leaf_outcome,broader,era:outcome:indicator:016,Carbon Stocks,indicator,replace-with-navigation-membership,member-of-reporting-collection,held,E-PILOT;E-SKOS,Object is an editorial source level; membership preserves navigation without asserting inherent broader meaning.
HIER-0400,era:outcome:310.0,Belowground Carbon Biomass,leaf_outcome,broader,era:outcome:indicator:016,Carbon Stocks,indicator,replace-with-navigation-membership,member-of-reporting-collection,held,E-PILOT;E-SKOS,Object is an editorial source level; membership preserves navigation without asserting inherent broader meaning.
HIER-0401,era:outcome:323.0,Fuel Use,leaf_outcome,broader,era:outcome:indicator:017,Costs,indicator,replace-with-navigation-membership,member-of-reporting-collection,held,E-PILOT;E-SKOS,Object is an editorial source level; membership preserves navigation without asserting inherent broader meaning.
HIER-0402,era:outcome:320.0,Fuel Savings,leaf_outcome,broader,era:outcome:indicator:018,Fuel Efficiency,indicator,replace-with-navigation-membership,member-of-reporting-collection,held,E-PILOT;E-SKOS,Object is an editorial source level; membership preserves navigation without asserting inherent broader meaning.
HIER-0403,era:outcome:321.0,Cooking Time,leaf_outcome,broader,era:outcome:indicator:018,Fuel Efficiency,indicator,replace-with-navigation-membership,member-of-reporting-collection,held,E-PILOT;E-SKOS,Object is an editorial source level; membership preserves navigation without asserting inherent broader meaning.
HIER-0404,era:outcome:322.0,Specific Fuel Use,leaf_outcome,broader,era:outcome:indicator:018,Fuel Efficiency,indicator,replace-with-navigation-membership,member-of-reporting-collection,held,E-PILOT;E-SKOS,Object is an editorial source level; membership preserves navigation without asserting inherent broader meaning.
HIER-0405,era:outcome:324.0,Cookstove Emissions,leaf_outcome,broader,era:outcome:indicator:018,Fuel Efficiency,indicator,replace-with-navigation-membership,member-of-reporting-collection,held,E-PILOT;E-SKOS,Object is an editorial source level; membership preserves navigation without asserting inherent broader meaning.
