source_sheet,source_row,source_id,source_code_lexical,proposed_governed_code,source_label,source_status,domain,current_pilot_id,current_pilot_path,current_model_issue,recommended_resource,recommended_model,recommended_action,decision_status,legacy_code_mapping_candidates,same_label_aom_candidates,exact_definition_aom_candidates,authority_label_candidates,evidence_ids,reviewer,review_date,rationale
prac,2,prac:a1,a1,a1,Farmer Managed Natural Regeneration,FALSE,crop,era:practice:a1,Agroforestry / FMNR / Farmer Managed Natural Regeneration,"Current pilot conflates source hierarchy, concept identity, and experimental comparison context.",aom-crop,agricultural-practice-concept,retain-source-candidate-pending-row-review,proposed,,,,,E-SRC-WORKBOOK;E-PILOT;E-AOM-STAGING,,,No approved existing identity found; retain source record without allocating a public identifier.
prac,3,prac:a3,a3,a3,Alleycropping (N fixing),FALSE,crop,era:practice:a3,Agroforestry / Alleycropping / Alleycropping (N fixing),"Current pilot conflates source hierarchy, concept identity, and experimental comparison context.",aom-crop,agricultural-practice-concept,retain-source-candidate-pending-row-review,proposed,,,,,E-SRC-WORKBOOK;E-PILOT;E-AOM-STAGING,,,No approved existing identity found; retain source record without allocating a public identifier.
prac,4,prac:a4,a4,a4,Alleycropping (Non N fixing),FALSE,crop,era:practice:a4,Agroforestry / Alleycropping / Alleycropping (Non N fixing),"Current pilot conflates source hierarchy, concept identity, and experimental comparison context.",aom-crop,agricultural-practice-concept,hold-existing-aom-code-mapping-review,held,AOM_000024,,,,E-SRC-WORKBOOK;E-PILOT;E-AOM-STAGING,,,One legacy code mapping exists but exact identity is not established by definition.
prac,5,prac:a4.1,a4.1,a4.1,Alleycropping (Mixed),FALSE,crop,era:practice:a4.1,Agroforestry / Alleycropping / Alleycropping (Mixed),"Current pilot conflates source hierarchy, concept identity, and experimental comparison context.",aom-crop,agricultural-practice-concept,retain-source-candidate-pending-row-review,proposed,,,,,E-SRC-WORKBOOK;E-PILOT;E-AOM-STAGING,,,No approved existing identity found; retain source record without allocating a public identifier.
prac,6,prac:a14,a14,a14,Alleycropping (Unspecified),FALSE,crop,era:practice:a14,Agroforestry / Alleycropping / Alleycropping (Unspecified),"Current pilot conflates source hierarchy, concept identity, and experimental comparison context.",aom-crop,practice-or-condition-plus-experimental-role,hold-ambiguous-legacy-code-mapping,held,AOM_000008;AOM_000020,,,,E-SRC-WORKBOOK;E-PILOT;E-AOM-STAGING,,,Legacy ERA code points to multiple AOM identifiers.
prac,7,prac:a8,a8,a8,Parklands,FALSE,crop,era:practice:a8,Agroforestry / Parklands / Parklands,"Current pilot conflates source hierarchy, concept identity, and experimental comparison context.",aom-crop,agricultural-practice-concept,hold-ambiguous-legacy-code-mapping,held,AOM_000005;AOM_000015,,,,E-SRC-WORKBOOK;E-PILOT;E-AOM-STAGING,,,Legacy ERA code points to multiple AOM identifiers.
prac,8,prac:a8.1,a8.1,a8.1,Scattered Trees,FALSE,crop,era:practice:a8.1,Agroforestry / Parklands / Scattered Trees,"Current pilot conflates source hierarchy, concept identity, and experimental comparison context.",aom-crop,agricultural-practice-concept,hold-ambiguous-legacy-code-mapping,held,AOM_000005;AOM_000015,,,AGRO_00010164,E-SRC-WORKBOOK;E-PILOT;E-AOM-STAGING,,,Legacy ERA code points to multiple AOM identifiers.
prac,9,prac:a9,a9,a9,Tree Windbreak,FALSE,crop,era:practice:a9,Agroforestry / Boundary Planting / Tree Windbreak,"Current pilot conflates source hierarchy, concept identity, and experimental comparison context.",aom-crop,agricultural-practice-concept,hold-ambiguous-legacy-code-mapping,held,AOM_000024;AOM_000026,,,,E-SRC-WORKBOOK;E-PILOT;E-AOM-STAGING,,,Legacy ERA code points to multiple AOM identifiers.
prac,10,prac:a10,a10,a10,Living Fences or Hedgerows,FALSE,crop,era:practice:a10,Agroforestry / Boundary Planting / Living Fences or Hedgerows,"Current pilot conflates source hierarchy, concept identity, and experimental comparison context.",aom-crop,agricultural-practice-concept,retain-source-candidate-pending-row-review,proposed,,,,,E-SRC-WORKBOOK;E-PILOT;E-AOM-STAGING,,,No approved existing identity found; retain source record without allocating a public identifier.
prac,11,prac:a11,a11,a11,Silvopasture,FALSE,crop,era:practice:a11,Agroforestry / Silvopasture / Silvopasture,"Current pilot conflates source hierarchy, concept identity, and experimental comparison context.",aom-crop,agricultural-practice-concept,retain-source-candidate-pending-row-review,proposed,,,,AGRO_00000580,E-SRC-WORKBOOK;E-PILOT;E-AOM-STAGING,,,No approved existing identity found; retain source record without allocating a public identifier.
prac,12,prac:a22,a22,a22,Agrosilvopastoral System,FALSE,crop,era:practice:a22,Agroforestry / Silvopasture / Agrosilvopastoral System,"Current pilot conflates source hierarchy, concept identity, and experimental comparison context.",aom-crop,agricultural-practice-concept,hold-ambiguous-legacy-code-mapping,held,AOM_000024;AOM_000028,,,,E-SRC-WORKBOOK;E-PILOT;E-AOM-STAGING,,,Legacy ERA code points to multiple AOM identifiers.
prac,13,prac:a12,a12,a12,Multistrata Agroforestry,FALSE,crop,era:practice:a12,Agroforestry / Multistrata Agroforestry / Multistrata Agroforestry,"Current pilot conflates source hierarchy, concept identity, and experimental comparison context.",aom-crop,agricultural-practice-concept,hold-ambiguous-legacy-code-mapping,held,AOM_000024;AOM_000027,,,AGRO_00000581,E-SRC-WORKBOOK;E-PILOT;E-AOM-STAGING,,,Legacy ERA code points to multiple AOM identifiers.
prac,14,prac:a15,a15,a15,Tree Prunings Applied (Unspecified),FALSE,crop,era:practice:a15,Agroforestry / Agroforestry Pruning / Tree Prunings Applied (Unspecified),"Current pilot conflates source hierarchy, concept identity, and experimental comparison context.",aom-crop,practice-or-condition-plus-experimental-role,hold-ambiguous-legacy-code-mapping,held,AOM_000008;AOM_000021,,,,E-SRC-WORKBOOK;E-PILOT;E-AOM-STAGING,,,Legacy ERA code points to multiple AOM identifiers.
prac,15,prac:a15.1,a15.1,a15.1,Tree Prunings Mulched (Unspecified),FALSE,crop,era:practice:a15.1,Agroforestry / Agroforestry Pruning / Tree Prunings Mulched (Unspecified),"Current pilot conflates source hierarchy, concept identity, and experimental comparison context.",aom-crop,practice-or-condition-plus-experimental-role,retain-source-candidate-pending-row-review,proposed,,,,,E-SRC-WORKBOOK;E-PILOT;E-AOM-STAGING,,,No approved existing identity found; retain source record without allocating a public identifier.
prac,16,prac:a15.2,a15.2,a15.2,Tree Prunings Incorporated (Unspecified),FALSE,crop,era:practice:a15.2,Agroforestry / Agroforestry Pruning / Tree Prunings Incorporated (Unspecified),"Current pilot conflates source hierarchy, concept identity, and experimental comparison context.",aom-crop,practice-or-condition-plus-experimental-role,retain-source-candidate-pending-row-review,proposed,,,,,E-SRC-WORKBOOK;E-PILOT;E-AOM-STAGING,,,No approved existing identity found; retain source record without allocating a public identifier.
prac,17,prac:a16,a16,a16,Tree Prunings Applied (N fixing),FALSE,crop,era:practice:a16,Agroforestry / Agroforestry Pruning / Tree Prunings Applied (N fixing),"Current pilot conflates source hierarchy, concept identity, and experimental comparison context.",aom-crop,agricultural-practice-concept,hold-existing-aom-code-mapping-review,held,AOM_000017,,,,E-SRC-WORKBOOK;E-PILOT;E-AOM-STAGING,,,One legacy code mapping exists but exact identity is not established by definition.
prac,18,prac:a16.1,a16.1,a16.1,Tree Prunings Mulched (N fixing),FALSE,crop,era:practice:a16.1,Agroforestry / Agroforestry Pruning / Tree Prunings Mulched (N fixing),"Current pilot conflates source hierarchy, concept identity, and experimental comparison context.",aom-crop,agricultural-practice-concept,retain-source-candidate-pending-row-review,proposed,,,,,E-SRC-WORKBOOK;E-PILOT;E-AOM-STAGING,,,No approved existing identity found; retain source record without allocating a public identifier.
prac,19,prac:a16.2,a16.2,a16.2,Tree Prunings Incorporated (N fixing),FALSE,crop,era:practice:a16.2,Agroforestry / Agroforestry Pruning / Tree Prunings Incorporated (N fixing),"Current pilot conflates source hierarchy, concept identity, and experimental comparison context.",aom-crop,agricultural-practice-concept,retain-source-candidate-pending-row-review,proposed,,,,,E-SRC-WORKBOOK;E-PILOT;E-AOM-STAGING,,,No approved existing identity found; retain source record without allocating a public identifier.
prac,20,prac:a17,a17,a17,Tree Prunings Applied (Non N fixing),FALSE,crop,era:practice:a17,Agroforestry / Agroforestry Pruning / Tree Prunings Applied (Non N fixing),"Current pilot conflates source hierarchy, concept identity, and experimental comparison context.",aom-crop,agricultural-practice-concept,retain-source-candidate-pending-row-review,proposed,,,,,E-SRC-WORKBOOK;E-PILOT;E-AOM-STAGING,,,No approved existing identity found; retain source record without allocating a public identifier.
prac,21,prac:a17.1,a17.1,a17.1,Tree Prunings Mulched (Non N fixing),FALSE,crop,era:practice:a17.1,Agroforestry / Agroforestry Pruning / Tree Prunings Mulched (Non N fixing),"Current pilot conflates source hierarchy, concept identity, and experimental comparison context.",aom-crop,agricultural-practice-concept,retain-source-candidate-pending-row-review,proposed,,,,,E-SRC-WORKBOOK;E-PILOT;E-AOM-STAGING,,,No approved existing identity found; retain source record without allocating a public identifier.
prac,22,prac:a17.2,a17.2,a17.2,Tree Prunings Incorporated (Non N fixing),FALSE,crop,era:practice:a17.2,Agroforestry / Agroforestry Pruning / Tree Prunings Incorporated (Non N fixing),"Current pilot conflates source hierarchy, concept identity, and experimental comparison context.",aom-crop,agricultural-practice-concept,retain-source-candidate-pending-row-review,proposed,,,,,E-SRC-WORKBOOK;E-PILOT;E-AOM-STAGING,,,No approved existing identity found; retain source record without allocating a public identifier.
prac,23,prac:a18,a18,a18,Tree Pruning (Fate Unknown),FALSE,crop,era:practice:a18,Agroforestry / Agroforestry Pruning / Tree Pruning (Fate Unknown),"Current pilot conflates source hierarchy, concept identity, and experimental comparison context.",aom-crop,agricultural-practice-concept,hold-ambiguous-legacy-code-mapping,held,AOM_000007;AOM_000018,,,,E-SRC-WORKBOOK;E-PILOT;E-AOM-STAGING,,,Legacy ERA code points to multiple AOM identifiers.
prac,24,prac:a19.1,a19.1,a19.1,Agroforestry Fallow (N fixing),FALSE,crop,era:practice:a19.1,Agroforestry / Agroforestry Fallow / Agroforestry Fallow (N fixing),"Current pilot conflates source hierarchy, concept identity, and experimental comparison context.",aom-crop,agricultural-practice-concept,retain-source-candidate-pending-row-review,proposed,,,,,E-SRC-WORKBOOK;E-PILOT;E-AOM-STAGING,,,No approved existing identity found; retain source record without allocating a public identifier.
prac,25,prac:a19.2,a19.2,a19.2,Agroforestry Fallow (Non N fixing),FALSE,crop,era:practice:a19.2,Agroforestry / Agroforestry Fallow / Agroforestry Fallow (Non N fixing),"Current pilot conflates source hierarchy, concept identity, and experimental comparison context.",aom-crop,agricultural-practice-concept,retain-source-candidate-pending-row-review,proposed,,,,,E-SRC-WORKBOOK;E-PILOT;E-AOM-STAGING,,,No approved existing identity found; retain source record without allocating a public identifier.
prac,26,prac:a19.3,a19.3,a19.3,Agroforestry Fallow (Unspecified),FALSE,crop,era:practice:a19.3,Agroforestry / Agroforestry Fallow / Agroforestry Fallow (Unspecified),"Current pilot conflates source hierarchy, concept identity, and experimental comparison context.",aom-crop,practice-or-condition-plus-experimental-role,retain-source-candidate-pending-row-review,proposed,,,,,E-SRC-WORKBOOK;E-PILOT;E-AOM-STAGING,,,No approved existing identity found; retain source record without allocating a public identifier.
prac,27,prac:a99,a99,a99,Other Agroforestry,FALSE,crop,era:practice:a99,Agroforestry / Other Agroforestry / Other Agroforestry,"Current pilot conflates source hierarchy, concept identity, and experimental comparison context.",aom-crop,agricultural-practice-concept,retain-source-candidate-pending-row-review,proposed,,,,,E-SRC-WORKBOOK;E-PILOT;E-AOM-STAGING,,,No approved existing identity found; retain source record without allocating a public identifier.
prac,28,prac:d17.1,d17.1,d17.1,Crop Fodders (Added),FALSE,livestock,era:practice:d17.1,Animals / Feed Addition / Crop Fodders (Added),"Current pilot conflates source hierarchy, concept identity, and experimental comparison context.",aom-livestock,agricultural-practice-concept,retain-source-candidate-pending-row-review,proposed,,,,,E-SRC-WORKBOOK;E-PILOT;E-AOM-STAGING,,,No approved existing identity found; retain source record without allocating a public identifier.
prac,29,prac:d17.2,d17.2,d17.2,Non Crop Fodders (Added),FALSE,livestock,era:practice:d17.2,Animals / Feed Addition / Non Crop Fodders (Added),"Current pilot conflates source hierarchy, concept identity, and experimental comparison context.",aom-livestock,agricultural-practice-concept,hold-existing-aom-code-mapping-review,held,AOM_003005,,,,E-SRC-WORKBOOK;E-PILOT;E-AOM-STAGING,,,One legacy code mapping exists but exact identity is not established by definition.
prac,30,prac:d17.3,d17.3,d17.3,Agroforestry Fodders (Added),FALSE,livestock,era:practice:d17.3,Animals / Feed Addition / Agroforestry Fodders (Added),"Current pilot conflates source hierarchy, concept identity, and experimental comparison context.",aom-livestock,agricultural-practice-concept,hold-existing-aom-code-mapping-review,held,AOM_003006,,,,E-SRC-WORKBOOK;E-PILOT;E-AOM-STAGING,,,One legacy code mapping exists but exact identity is not established by definition.
prac,31,prac:d17.4,d17.4,d17.4,Animal Manures (Added),FALSE,livestock,era:practice:d17.4,Animals / Feed Addition / Animal Manures (Added),"Current pilot conflates source hierarchy, concept identity, and experimental comparison context.",aom-livestock,agricultural-practice-concept,hold-existing-aom-code-mapping-review,held,AOM_003007,,,,E-SRC-WORKBOOK;E-PILOT;E-AOM-STAGING,,,One legacy code mapping exists but exact identity is not established by definition.
prac,32,prac:d17.5,d17.5,d17.5,Other Feed (Added),FALSE,livestock,era:practice:d17.5,Animals / Feed Addition / Other Feed (Added),"Current pilot conflates source hierarchy, concept identity, and experimental comparison context.",aom-livestock,agricultural-practice-concept,retain-source-candidate-pending-row-review,proposed,,,,,E-SRC-WORKBOOK;E-PILOT;E-AOM-STAGING,,,No approved existing identity found; retain source record without allocating a public identifier.
prac,33,prac:d18.1,d18.1,d18.1,Crop Fodders (Substituted),FALSE,livestock,era:practice:d18.1,Animals / Feed Substitution / Crop Fodders (Substituted),"Current pilot conflates source hierarchy, concept identity, and experimental comparison context.",aom-livestock,agricultural-practice-concept,hold-ambiguous-legacy-code-mapping,held,AOM_003011;AOM_003014,,,,E-SRC-WORKBOOK;E-PILOT;E-AOM-STAGING,,,Legacy ERA code points to multiple AOM identifiers.
prac,34,prac:d18.2,d18.2,d18.2,Non Crop Fodders (Substituted),FALSE,livestock,era:practice:d18.2,Animals / Feed Substitution / Non Crop Fodders (Substituted),"Current pilot conflates source hierarchy, concept identity, and experimental comparison context.",aom-livestock,agricultural-practice-concept,hold-existing-aom-code-mapping-review,held,AOM_003015,,,,E-SRC-WORKBOOK;E-PILOT;E-AOM-STAGING,,,One legacy code mapping exists but exact identity is not established by definition.
prac,35,prac:d18.3,d18.3,d18.3,Agroforestry Fodders (Substituted),FALSE,livestock,era:practice:d18.3,Animals / Feed Substitution / Agroforestry Fodders (Substituted),"Current pilot conflates source hierarchy, concept identity, and experimental comparison context.",aom-livestock,agricultural-practice-concept,hold-existing-aom-code-mapping-review,held,AOM_003016,,,,E-SRC-WORKBOOK;E-PILOT;E-AOM-STAGING,,,One legacy code mapping exists but exact identity is not established by definition.
prac,36,prac:d18.4,d18.4,d18.4,Animal Manures (Substituted),FALSE,livestock,era:practice:d18.4,Animals / Feed Substitution / Animal Manures (Substituted),"Current pilot conflates source hierarchy, concept identity, and experimental comparison context.",aom-livestock,agricultural-practice-concept,hold-existing-aom-code-mapping-review,held,AOM_003017,,,,E-SRC-WORKBOOK;E-PILOT;E-AOM-STAGING,,,One legacy code mapping exists but exact identity is not established by definition.
prac,37,prac:d18.5,d18.5,d18.5,Other Feed (Substituted),FALSE,livestock,era:practice:d18.5,Animals / Feed Substitution / Other Feed (Substituted),"Current pilot conflates source hierarchy, concept identity, and experimental comparison context.",aom-livestock,agricultural-practice-concept,retain-source-candidate-pending-row-review,proposed,,,,,E-SRC-WORKBOOK;E-PILOT;E-AOM-STAGING,,,No approved existing identity found; retain source record without allocating a public identifier.
prac,38,prac:d22.1,d22.1,d22.1,Chemically Processed Feed,FALSE,livestock,era:practice:d22.1,Animals / Feed Processing / Chemically Processed Feed,"Current pilot conflates source hierarchy, concept identity, and experimental comparison context.",aom-livestock,agricultural-practice-concept,hold-existing-aom-code-mapping-review,held,AOM_000149,,,,E-SRC-WORKBOOK;E-PILOT;E-AOM-STAGING,,,One legacy code mapping exists but exact identity is not established by definition.
prac,39,prac:d22.2,d22.2,d22.2,Mechanically Processed Feed,FALSE,livestock,era:practice:d22.2,Animals / Feed Processing / Mechanically Processed Feed,"Current pilot conflates source hierarchy, concept identity, and experimental comparison context.",aom-livestock,agricultural-practice-concept,hold-existing-aom-code-mapping-review,held,AOM_000150,,,,E-SRC-WORKBOOK;E-PILOT;E-AOM-STAGING,,,One legacy code mapping exists but exact identity is not established by definition.
prac,40,prac:d22.3,d22.3,d22.3,Concentrated Feed,FALSE,livestock,era:practice:d22.3,Animals / Feed Processing / Concentrated Feed,"Current pilot conflates source hierarchy, concept identity, and experimental comparison context.",aom-livestock,agricultural-practice-concept,hold-existing-aom-code-mapping-review,held,AOM_003021,AOM_003021,,,E-SRC-WORKBOOK;E-PILOT;E-AOM-STAGING,,,One legacy code mapping exists but exact identity is not established by definition.
prac,41,prac:d9,d9,d9,Improved Breeds,FALSE,livestock,era:practice:d9,Animals / Genetic Improvement / Improved Breeds,"Current pilot conflates source hierarchy, concept identity, and experimental comparison context.",aom-livestock,agricultural-practice-concept,reuse-existing-aom-id-candidate,proposed,AOM_000154,AOM_000154,AOM_000154,,E-SRC-WORKBOOK;E-PILOT;E-AOM-STAGING,,,Normalized label and definition match one existing AOM concept; module placement still needs approval.
prac,42,prac:d10,d10,d10,Hybridization or Cross Breeding,FALSE,livestock,era:practice:d10,Animals / Genetic Improvement / Hybridization or Cross Breeding,"Current pilot conflates source hierarchy, concept identity, and experimental comparison context.",aom-livestock,agricultural-practice-concept,hold-existing-aom-code-mapping-review,held,AOM_000155,AOM_000155,,,E-SRC-WORKBOOK;E-PILOT;E-AOM-STAGING,,,One legacy code mapping exists but exact identity is not established by definition.
prac,43,prac:d13,d13,d13,Manure Collection,FALSE,livestock,era:practice:d13,Animals / Manure Management / Manure Collection,"Current pilot conflates source hierarchy, concept identity, and experimental comparison context.",aom-livestock,agricultural-practice-concept,hold-existing-aom-code-mapping-review,held,AOM_000159,AOM_000159,,,E-SRC-WORKBOOK;E-PILOT;E-AOM-STAGING,,,One legacy code mapping exists but exact identity is not established by definition.
prac,44,prac:d14,d14,d14,Manure Storage,FALSE,livestock,era:practice:d14,Animals / Manure Management / Manure Storage,"Current pilot conflates source hierarchy, concept identity, and experimental comparison context.",aom-livestock,agricultural-practice-concept,hold-existing-aom-code-mapping-review,held,AOM_000160,AOM_000160,,,E-SRC-WORKBOOK;E-PILOT;E-AOM-STAGING,,,One legacy code mapping exists but exact identity is not established by definition.
prac,45,prac:d15,d15,d15,Manure Treatment,FALSE,livestock,era:practice:d15,Animals / Manure Management / Manure Treatment,"Current pilot conflates source hierarchy, concept identity, and experimental comparison context.",aom-livestock,agricultural-practice-concept,reuse-existing-aom-id-candidate,proposed,AOM_000161,AOM_000161,AOM_000161,,E-SRC-WORKBOOK;E-PILOT;E-AOM-STAGING,,,Normalized label and definition match one existing AOM concept; module placement still needs approval.
prac,46,prac:d16,d16,d16,Rotational Grazing,FALSE,livestock,era:practice:d16,Animals / Pasture Management / Rotational Grazing,"Current pilot conflates source hierarchy, concept identity, and experimental comparison context.",aom-livestock,agricultural-practice-concept,reuse-existing-aom-id-candidate,proposed,AOM_000163,AOM_000163,AOM_000163,AGRO_00000430,E-SRC-WORKBOOK;E-PILOT;E-AOM-STAGING,,,Normalized label and definition match one existing AOM concept; module placement still needs approval.
prac,47,prac:d11,d11,d11,Improved Pasture (N fixing),FALSE,livestock,era:practice:d11,Animals / Pasture Management / Improved Pasture (N fixing),"Current pilot conflates source hierarchy, concept identity, and experimental comparison context.",aom-livestock,agricultural-practice-concept,hold-existing-aom-code-mapping-review,held,AOM_000165,,,,E-SRC-WORKBOOK;E-PILOT;E-AOM-STAGING,,,One legacy code mapping exists but exact identity is not established by definition.
prac,48,prac:d12,d12,d12,Improved Pasture (Non N fixing),FALSE,livestock,era:practice:d12,Animals / Pasture Management / Improved Pasture (Non N fixing),"Current pilot conflates source hierarchy, concept identity, and experimental comparison context.",aom-livestock,agricultural-practice-concept,hold-existing-aom-code-mapping-review,held,AOM_000166,,,,E-SRC-WORKBOOK;E-PILOT;E-AOM-STAGING,,,One legacy code mapping exists but exact identity is not established by definition.
prac,49,prac:d19,d19,d19,Controlled Grazing,FALSE,livestock,era:practice:d19,Animals / Pasture Management / Controlled Grazing,"Current pilot conflates source hierarchy, concept identity, and experimental comparison context.",aom-livestock,agricultural-practice-concept,reuse-existing-aom-id-candidate,proposed,AOM_000168,AOM_000168,AOM_000168,AGRO_00000434,E-SRC-WORKBOOK;E-PILOT;E-AOM-STAGING,,,Normalized label and definition match one existing AOM concept; module placement still needs approval.
prac,50,prac:d20,d20,d20,Cut & Carry,FALSE,livestock,era:practice:d20,Animals / Pasture Management / Cut & Carry,"Current pilot conflates source hierarchy, concept identity, and experimental comparison context.",aom-livestock,agricultural-practice-concept,hold-existing-aom-code-mapping-review,held,AOM_000169,,,,E-SRC-WORKBOOK;E-PILOT;E-AOM-STAGING,,,One legacy code mapping exists but exact identity is not established by definition.
prac,51,prac:d1,d1,d1,Aquasilviculture,FALSE,livestock,era:practice:d1,Animals / Aquasilviculture / Aquasilviculture,"Current pilot conflates source hierarchy, concept identity, and experimental comparison context.",aom-livestock,agricultural-practice-concept,reuse-existing-aom-id-candidate,proposed,AOM_000170,AOM_000170,AOM_000170,,E-SRC-WORKBOOK;E-PILOT;E-AOM-STAGING,,,Normalized label and definition match one existing AOM concept; module placement still needs approval.
prac,52,prac:h60,h60,h60,Basal or Conventional Diet,FALSE,livestock,era:practice:h60,Animals / Feed Addition; Feed Substitution / Basal or Conventional Diet,"Current pilot conflates source hierarchy, concept identity, and experimental comparison context.",aom-livestock,practice-or-condition-plus-experimental-role,reuse-existing-aom-id-candidate,proposed,AOM_003012,AOM_003012,AOM_003012,,E-SRC-WORKBOOK;E-PILOT;E-AOM-STAGING,,,Normalized label and definition match one existing AOM concept; module placement still needs approval.
prac,53,prac:h61,h61,h61,Conventional Supplement Use,FALSE,livestock,era:practice:h61,Animals / Feed Addition; Feed Substitution / Conventional Supplement Use,"Current pilot conflates source hierarchy, concept identity, and experimental comparison context.",aom-livestock,practice-or-condition-plus-experimental-role,reuse-existing-aom-id-candidate,proposed,AOM_003013,AOM_003013,AOM_003013,,E-SRC-WORKBOOK;E-PILOT;E-AOM-STAGING,,,Normalized label and definition match one existing AOM concept; module placement still needs approval.
prac,54,prac:h10.3,h10.3,h10.3,Conventional Manure Handling,FALSE,livestock,era:practice:h10.3,Animals / Manure Management / Conventional Manure Handling,"Current pilot conflates source hierarchy, concept identity, and experimental comparison context.",aom-livestock,practice-or-condition-plus-experimental-role,hold-existing-aom-code-mapping-review,held,AOM_000158,AOM_000158,,,E-SRC-WORKBOOK;E-PILOT;E-AOM-STAGING,,,One legacy code mapping exists but exact identity is not established by definition.
prac,55,prac:h11,h11,h11,Conventional Pasture Management,FALSE,livestock,era:practice:h11,Animals / Pasture Management / Conventional Pasture Management,"Current pilot conflates source hierarchy, concept identity, and experimental comparison context.",aom-livestock,practice-or-condition-plus-experimental-role,hold-existing-aom-code-mapping-review,held,AOM_000162,AOM_000162,,,E-SRC-WORKBOOK;E-PILOT;E-AOM-STAGING,,,One legacy code mapping exists but exact identity is not established by definition.
prac,56,prac:h55.2,h55.2,h55.2,Unspecified,FALSE,livestock,era:practice:h55.2,Animals / Genetic Improvement / Unspecified,"Current pilot conflates source hierarchy, concept identity, and experimental comparison context.",aom-livestock,practice-or-condition-plus-experimental-role,retain-distinct-context-pending-identity-review,held,,AOM_001507;AOM_003050;AOM_003051;AOM_003052,,,E-SRC-WORKBOOK;E-PILOT;E-AOM-STAGING,,,"Same label exists in AOM with different feed, animal, or generic scope; label equality cannot merge identities."
prac,57,prac:h55.1,h55.1,h55.1,Unimproved Breed,FALSE,livestock,era:practice:h55.1,Animals / Genetic Improvement / Unimproved Breed,"Current pilot conflates source hierarchy, concept identity, and experimental comparison context.",aom-livestock,practice-or-condition-plus-experimental-role,reuse-existing-aom-id-candidate,proposed,AOM_000153,AOM_000153,AOM_000153,,E-SRC-WORKBOOK;E-PILOT;E-AOM-STAGING,,,Normalized label and definition match one existing AOM concept; module placement still needs approval.
prac,58,prac:b34,b34,b34,Drip Irrigation,FALSE,crop,era:practice:b34,Blue Water Management / Irrigation / Drip Irrigation,"Current pilot conflates source hierarchy, concept identity, and experimental comparison context.",aom-crop,agricultural-practice-concept,retain-source-candidate-pending-row-review,proposed,,,,,E-SRC-WORKBOOK;E-PILOT;E-AOM-STAGING,,,No approved existing identity found; retain source record without allocating a public identifier.
prac,59,prac:b37,b37,b37,Deficit Irrigation,FALSE,crop,era:practice:b37,Blue Water Management / Deficit Irrigation / Deficit Irrigation,"Current pilot conflates source hierarchy, concept identity, and experimental comparison context.",aom-crop,agricultural-practice-concept,retain-source-candidate-pending-row-review,proposed,,,,,E-SRC-WORKBOOK;E-PILOT;E-AOM-STAGING,,,No approved existing identity found; retain source record without allocating a public identifier.
prac,60,prac:b72,b72,b72,Sprinkler Irrigation,FALSE,crop,era:practice:b72,Blue Water Management / Irrigation / Sprinkler Irrigation,"Current pilot conflates source hierarchy, concept identity, and experimental comparison context.",aom-crop,agricultural-practice-concept,retain-source-candidate-pending-row-review,proposed,,,,,E-SRC-WORKBOOK;E-PILOT;E-AOM-STAGING,,,No approved existing identity found; retain source record without allocating a public identifier.
prac,61,prac:b36,b36,b36,Alternate Partial Rootzone Irrigation,FALSE,crop,era:practice:b36,Blue Water Management / Irrigation / Alternate Partial Rootzone Irrigation,"Current pilot conflates source hierarchy, concept identity, and experimental comparison context.",aom-crop,agricultural-practice-concept,retain-source-candidate-pending-row-review,proposed,,,,,E-SRC-WORKBOOK;E-PILOT;E-AOM-STAGING,,,No approved existing identity found; retain source record without allocating a public identifier.
prac,62,prac:b54,b54,b54,Supplemental Irrigation,FALSE,crop,era:practice:b54,Blue Water Management / Supplemental Irrigation / Supplemental Irrigation,"Current pilot conflates source hierarchy, concept identity, and experimental comparison context.",aom-crop,agricultural-practice-concept,retain-source-candidate-pending-row-review,proposed,,,,AGRO_00000588,E-SRC-WORKBOOK;E-PILOT;E-AOM-STAGING,,,No approved existing identity found; retain source record without allocating a public identifier.
prac,63,prac:b53,b53,b53,Irrigation (Other),FALSE,crop,era:practice:b53,Blue Water Management / Irrigation / Irrigation (Other),"Current pilot conflates source hierarchy, concept identity, and experimental comparison context.",aom-crop,agricultural-practice-concept,retain-source-candidate-pending-row-review,proposed,,,,,E-SRC-WORKBOOK;E-PILOT;E-AOM-STAGING,,,No approved existing identity found; retain source record without allocating a public identifier.
prac,64,prac:b13,b13,b13,Alternate Wetting & Drying (AWD),FALSE,crop,era:practice:b13,Blue Water Management / Improved Rice Management / Alternate Wetting & Drying (AWD),"Current pilot conflates source hierarchy, concept identity, and experimental comparison context.",aom-crop,agricultural-practice-concept,retain-source-candidate-pending-row-review,proposed,,,,,E-SRC-WORKBOOK;E-PILOT;E-AOM-STAGING,,,No approved existing identity found; retain source record without allocating a public identifier.
prac,65,prac:b14.1,b14.1,b14.1,Midseason Drainage,FALSE,crop,era:practice:b14.1,Blue Water Management / Improved Rice Management / Midseason Drainage,"Current pilot conflates source hierarchy, concept identity, and experimental comparison context.",aom-crop,agricultural-practice-concept,retain-source-candidate-pending-row-review,proposed,,,,,E-SRC-WORKBOOK;E-PILOT;E-AOM-STAGING,,,No approved existing identity found; retain source record without allocating a public identifier.
prac,66,prac:b14.2,b14.2,b14.2,Reduced Water Use in Rice,FALSE,crop,era:practice:b14.2,Blue Water Management / Improved Rice Management / Reduced Water Use in Rice,"Current pilot conflates source hierarchy, concept identity, and experimental comparison context.",aom-crop,agricultural-practice-concept,retain-source-candidate-pending-row-review,proposed,,,,,E-SRC-WORKBOOK;E-PILOT;E-AOM-STAGING,,,No approved existing identity found; retain source record without allocating a public identifier.
prac,67,prac:b15,b15,b15,System of Rice Intensification (SRI),TRUE,crop,era:practice:b15,Blue Water Management / Improved Rice Management / System of Rice Intensification (SRI),"Current pilot conflates source hierarchy, concept identity, and experimental comparison context.",aom-crop,agricultural-practice-concept,hold-deprecated-source-record,held,,,,,E-SRC-WORKBOOK;E-PILOT;E-AOM-STAGING,,,Deprecated source row requires replacement or lifecycle decision; it must not become a new active identity.
prac,68,prac:b3.1,b3.1,b3.1,Rotation (N fixing),FALSE,crop,era:practice:b3.1,Crop Management / Crop Rotation / Rotation (N fixing),"Current pilot conflates source hierarchy, concept identity, and experimental comparison context.",aom-crop,agricultural-practice-concept,retain-source-candidate-pending-row-review,proposed,,,,,E-SRC-WORKBOOK;E-PILOT;E-AOM-STAGING,,,No approved existing identity found; retain source record without allocating a public identifier.
prac,69,prac:b3.2,b3.2,b3.2,Rotation (Non N fixing),FALSE,crop,era:practice:b3.2,Crop Management / Crop Rotation / Rotation (Non N fixing),"Current pilot conflates source hierarchy, concept identity, and experimental comparison context.",aom-crop,agricultural-practice-concept,retain-source-candidate-pending-row-review,proposed,,,,,E-SRC-WORKBOOK;E-PILOT;E-AOM-STAGING,,,No approved existing identity found; retain source record without allocating a public identifier.
prac,70,prac:b43,b43,b43,Rotation (N fixing & Non N fixing),FALSE,crop,era:practice:b43,Crop Management / Crop Rotation / Rotation (N fixing & Non N fixing),"Current pilot conflates source hierarchy, concept identity, and experimental comparison context.",aom-crop,agricultural-practice-concept,retain-source-candidate-pending-row-review,proposed,,,,,E-SRC-WORKBOOK;E-PILOT;E-AOM-STAGING,,,No approved existing identity found; retain source record without allocating a public identifier.
prac,71,prac:b44,b44,b44,Complex Rotation,TRUE,crop,era:practice:b44,Crop Management / Crop Rotation / Complex Rotation,"Current pilot conflates source hierarchy, concept identity, and experimental comparison context.",aom-crop,agricultural-practice-concept,hold-deprecated-source-record,held,,,,,E-SRC-WORKBOOK;E-PILOT;E-AOM-STAGING,,,Deprecated source row requires replacement or lifecycle decision; it must not become a new active identity.
prac,72,prac:b31,b31,b31,Intercrop Rotation,TRUE,crop,era:practice:b31,Crop Management / Crop Rotation / Intercrop Rotation,"Current pilot conflates source hierarchy, concept identity, and experimental comparison context.",aom-crop,agricultural-practice-concept,hold-deprecated-source-record,held,,,,,E-SRC-WORKBOOK;E-PILOT;E-AOM-STAGING,,,Deprecated source row requires replacement or lifecycle decision; it must not become a new active identity.
prac,73,prac:b48.1,b48.1,b48.1,Double Cropping (N fixing & Non N fixing),FALSE,crop,era:practice:b48.1,Crop Management / Double Cropping / Double Cropping (N fixing & Non N fixing),"Current pilot conflates source hierarchy, concept identity, and experimental comparison context.",aom-crop,agricultural-practice-concept,retain-source-candidate-pending-row-review,proposed,,,,,E-SRC-WORKBOOK;E-PILOT;E-AOM-STAGING,,,No approved existing identity found; retain source record without allocating a public identifier.
prac,74,prac:b48.2,b48.2,b48.2,Double Cropping (Non N fixing),FALSE,crop,era:practice:b48.2,Crop Management / Double Cropping / Double Cropping (Non N fixing),"Current pilot conflates source hierarchy, concept identity, and experimental comparison context.",aom-crop,agricultural-practice-concept,retain-source-candidate-pending-row-review,proposed,,,,,E-SRC-WORKBOOK;E-PILOT;E-AOM-STAGING,,,No approved existing identity found; retain source record without allocating a public identifier.
prac,75,prac:b48.3,b48.3,b48.3,Double Cropping (N fixing),FALSE,crop,era:practice:b48.3,Crop Management / Double Cropping / Double Cropping (N fixing),"Current pilot conflates source hierarchy, concept identity, and experimental comparison context.",aom-crop,agricultural-practice-concept,retain-source-candidate-pending-row-review,proposed,,,,,E-SRC-WORKBOOK;E-PILOT;E-AOM-STAGING,,,No approved existing identity found; retain source record without allocating a public identifier.
prac,76,prac:b48.4,b48.4,b48.4,Double Cropping (Monocrop),FALSE,crop,era:practice:b48.4,Crop Management / Double Cropping / Double Cropping (Monocrop),"Current pilot conflates source hierarchy, concept identity, and experimental comparison context.",aom-crop,agricultural-practice-concept,retain-source-candidate-pending-row-review,proposed,,,,,E-SRC-WORKBOOK;E-PILOT;E-AOM-STAGING,,,No approved existing identity found; retain source record without allocating a public identifier.
prac,77,prac:b49.1,b49.1,b49.1,Sequential Intercropping (N fixing & Non N fixing),FALSE,crop,era:practice:b49.1,Crop Management / Intercropping / Sequential Intercropping (N fixing & Non N fixing),"Current pilot conflates source hierarchy, concept identity, and experimental comparison context.",aom-crop,agricultural-practice-concept,retain-source-candidate-pending-row-review,proposed,,,,,E-SRC-WORKBOOK;E-PILOT;E-AOM-STAGING,,,No approved existing identity found; retain source record without allocating a public identifier.
prac,78,prac:b49.2,b49.2,b49.2,Sequential Intercropping (Non N fixing),FALSE,crop,era:practice:b49.2,Crop Management / Intercropping / Sequential Intercropping (Non N fixing),"Current pilot conflates source hierarchy, concept identity, and experimental comparison context.",aom-crop,agricultural-practice-concept,retain-source-candidate-pending-row-review,proposed,,,,,E-SRC-WORKBOOK;E-PILOT;E-AOM-STAGING,,,No approved existing identity found; retain source record without allocating a public identifier.
prac,79,prac:b49.3,b49.3,b49.3,Sequential Intercropping (N fixing),FALSE,crop,era:practice:b49.3,Crop Management / Intercropping / Sequential Intercropping (N fixing),"Current pilot conflates source hierarchy, concept identity, and experimental comparison context.",aom-crop,agricultural-practice-concept,retain-source-candidate-pending-row-review,proposed,,,,,E-SRC-WORKBOOK;E-PILOT;E-AOM-STAGING,,,No approved existing identity found; retain source record without allocating a public identifier.
prac,80,prac:b61.1,b61.1,b61.1,Relay Intercropping (N fixing & Non N fixing),FALSE,crop,era:practice:b61.1,Crop Management / Intercropping / Relay Intercropping (N fixing & Non N fixing),"Current pilot conflates source hierarchy, concept identity, and experimental comparison context.",aom-crop,agricultural-practice-concept,retain-source-candidate-pending-row-review,proposed,,,,,E-SRC-WORKBOOK;E-PILOT;E-AOM-STAGING,,,No approved existing identity found; retain source record without allocating a public identifier.
prac,81,prac:b61.2,b61.2,b61.2,Relay Intercropping (Non N fixing),FALSE,crop,era:practice:b61.2,Crop Management / Intercropping / Relay Intercropping (Non N fixing),"Current pilot conflates source hierarchy, concept identity, and experimental comparison context.",aom-crop,agricultural-practice-concept,retain-source-candidate-pending-row-review,proposed,,,,,E-SRC-WORKBOOK;E-PILOT;E-AOM-STAGING,,,No approved existing identity found; retain source record without allocating a public identifier.
prac,82,prac:b61.3,b61.3,b61.3,Relay Intercropping (N fixing),FALSE,crop,era:practice:b61.3,Crop Management / Intercropping / Relay Intercropping (N fixing),"Current pilot conflates source hierarchy, concept identity, and experimental comparison context.",aom-crop,agricultural-practice-concept,retain-source-candidate-pending-row-review,proposed,,,,,E-SRC-WORKBOOK;E-PILOT;E-AOM-STAGING,,,No approved existing identity found; retain source record without allocating a public identifier.
prac,83,prac:b13.3,b13.3,b13.3,Relay Green Manure (N fixing & Non N fixing),FALSE,crop,era:practice:b13.3,Crop Management / Green Manure / Relay Green Manure (N fixing & Non N fixing),"Current pilot conflates source hierarchy, concept identity, and experimental comparison context.",aom-crop,agricultural-practice-concept,retain-source-candidate-pending-row-review,proposed,,,,,E-SRC-WORKBOOK;E-PILOT;E-AOM-STAGING,,,No approved existing identity found; retain source record without allocating a public identifier.
prac,84,prac:b12.3,b12.3,b12.3,Relay Green Manure (Non N fixing),FALSE,crop,era:practice:b12.3,Crop Management / Green Manure / Relay Green Manure (Non N fixing),"Current pilot conflates source hierarchy, concept identity, and experimental comparison context.",aom-crop,agricultural-practice-concept,retain-source-candidate-pending-row-review,proposed,,,,,E-SRC-WORKBOOK;E-PILOT;E-AOM-STAGING,,,No approved existing identity found; retain source record without allocating a public identifier.
prac,85,prac:b11.3,b11.3,b11.3,Relay Green Manure (N fixing),FALSE,crop,era:practice:b11.3,Crop Management / Green Manure / Relay Green Manure (N fixing),"Current pilot conflates source hierarchy, concept identity, and experimental comparison context.",aom-crop,agricultural-practice-concept,retain-source-candidate-pending-row-review,proposed,,,,,E-SRC-WORKBOOK;E-PILOT;E-AOM-STAGING,,,No approved existing identity found; retain source record without allocating a public identifier.
prac,86,prac:b25,b25,b25,Intercrop (N fixing & Non N fixing),FALSE,crop,era:practice:b25,Crop Management / Intercropping / Intercrop (N fixing & Non N fixing),"Current pilot conflates source hierarchy, concept identity, and experimental comparison context.",aom-crop,agricultural-practice-concept,retain-source-candidate-pending-row-review,proposed,,,,,E-SRC-WORKBOOK;E-PILOT;E-AOM-STAGING,,,No approved existing identity found; retain source record without allocating a public identifier.
prac,87,prac:b50.1,b50.1,b50.1,Intercrop (Non N fixing),FALSE,crop,era:practice:b50.1,Crop Management / Intercropping / Intercrop (Non N fixing),"Current pilot conflates source hierarchy, concept identity, and experimental comparison context.",aom-crop,agricultural-practice-concept,retain-source-candidate-pending-row-review,proposed,,,,,E-SRC-WORKBOOK;E-PILOT;E-AOM-STAGING,,,No approved existing identity found; retain source record without allocating a public identifier.
prac,88,prac:b50.2,b50.2,b50.2,Intercrop (N fixing),FALSE,crop,era:practice:b50.2,Crop Management / Intercropping / Intercrop (N fixing),"Current pilot conflates source hierarchy, concept identity, and experimental comparison context.",aom-crop,agricultural-practice-concept,retain-source-candidate-pending-row-review,proposed,,,,,E-SRC-WORKBOOK;E-PILOT;E-AOM-STAGING,,,No approved existing identity found; retain source record without allocating a public identifier.
prac,89,prac:b50.3,b50.3,b50.3,Complex Intercrop,unknown,crop,era:practice:b50.3,Crop Management / Intercropping / Complex Intercrop,"Current pilot conflates source hierarchy, concept identity, and experimental comparison context.",aom-crop,agricultural-practice-concept,hold-source-quality-correction,held,,,,,E-SRC-WORKBOOK;E-PILOT;E-AOM-STAGING,,,Definition or lifecycle status is incomplete.
prac,90,prac:b50.4,b50.4,b50.4,Intercrop (Unspecified),FALSE,crop,era:practice:b50.4,Crop Management / Intercropping / Intercrop (Unspecified),"Current pilot conflates source hierarchy, concept identity, and experimental comparison context.",aom-crop,practice-or-condition-plus-experimental-role,retain-source-candidate-pending-row-review,proposed,,,,,E-SRC-WORKBOOK;E-PILOT;E-AOM-STAGING,,,No approved existing identity found; retain source record without allocating a public identifier.
prac,91,prac:b55.1,b55.1,b55.1,Partial Intercrop (N fixing & Non N fixing),TRUE,crop,era:practice:b55.1,Crop Management / Intercropping / Partial Intercrop (N fixing & Non N fixing),"Current pilot conflates source hierarchy, concept identity, and experimental comparison context.",aom-crop,agricultural-practice-concept,hold-deprecated-source-record,held,,,,,E-SRC-WORKBOOK;E-PILOT;E-AOM-STAGING,,,Deprecated source row requires replacement or lifecycle decision; it must not become a new active identity.
prac,92,prac:b55.2,b55.2,b55.2,Partial Intercrop (Non N fixing),TRUE,crop,era:practice:b55.2,Crop Management / Intercropping / Partial Intercrop (Non N fixing),"Current pilot conflates source hierarchy, concept identity, and experimental comparison context.",aom-crop,agricultural-practice-concept,hold-deprecated-source-record,held,,,,,E-SRC-WORKBOOK;E-PILOT;E-AOM-STAGING,,,Deprecated source row requires replacement or lifecycle decision; it must not become a new active identity.
prac,93,prac:b55.3,b55.3,b55.3,Partial Intercrop (N fixing),TRUE,crop,era:practice:b55.3,Crop Management / Intercropping / Partial Intercrop (N fixing),"Current pilot conflates source hierarchy, concept identity, and experimental comparison context.",aom-crop,agricultural-practice-concept,hold-deprecated-source-record,held,,,,,E-SRC-WORKBOOK;E-PILOT;E-AOM-STAGING,,,Deprecated source row requires replacement or lifecycle decision; it must not become a new active identity.
prac,94,prac:b57,b57,b57,Complex Intercrop Rotation,TRUE,crop,era:practice:b57,Crop Management / Intercropping / Complex Intercrop Rotation,"Current pilot conflates source hierarchy, concept identity, and experimental comparison context.",aom-crop,agricultural-practice-concept,hold-deprecated-source-record,held,,,,,E-SRC-WORKBOOK;E-PILOT;E-AOM-STAGING,,,Deprecated source row requires replacement or lifecycle decision; it must not become a new active identity.
prac,95,prac:b59,b59,b59,Intercropping or Rotation (N fixing & Non N fixing),FALSE,crop,era:practice:b59,Crop Management / Intercropping or Rotation / Intercropping or Rotation (N fixing & Non N fixing),"Current pilot conflates source hierarchy, concept identity, and experimental comparison context.",aom-crop,agricultural-practice-concept,retain-source-candidate-pending-row-review,proposed,,,,,E-SRC-WORKBOOK;E-PILOT;E-AOM-STAGING,,,No approved existing identity found; retain source record without allocating a public identifier.
prac,96,prac:c1,c1,c1,Biogas,FALSE,energy,era:practice:c1,Energy / Biogas / Biogas,"Current pilot conflates source hierarchy, concept identity, and experimental comparison context.",module-unassigned,agricultural-practice-concept,retain-source-candidate-pending-row-review,proposed,,,,,E-SRC-WORKBOOK;E-PILOT;E-AOM-STAGING,,,No approved existing identity found; retain source record without allocating a public identifier.
prac,97,prac:c4,c4,c4,Biofertilizer,TRUE,energy,era:practice:c4,Energy / Biogas / Biofertilizer,"Current pilot conflates source hierarchy, concept identity, and experimental comparison context.",module-unassigned,agricultural-practice-concept,hold-deprecated-source-record,held,,,,AGRO_00020001,E-SRC-WORKBOOK;E-PILOT;E-AOM-STAGING,,,Deprecated source row requires replacement or lifecycle decision; it must not become a new active identity.
prac,98,prac:c3,c3,c3,Biogas Switching,FALSE,energy,era:practice:c3,Energy / Biogas / Biogas Switching,"Current pilot conflates source hierarchy, concept identity, and experimental comparison context.",module-unassigned,agricultural-practice-concept,retain-source-candidate-pending-row-review,proposed,,,,,E-SRC-WORKBOOK;E-PILOT;E-AOM-STAGING,,,No approved existing identity found; retain source record without allocating a public identifier.
prac,99,prac:c2,c2,c2,Improved Cookstoves,FALSE,energy,era:practice:c2,Energy / Cookstove / Improved Cookstoves,"Current pilot conflates source hierarchy, concept identity, and experimental comparison context.",module-unassigned,agricultural-practice-concept,retain-source-candidate-pending-row-review,proposed,,,,,E-SRC-WORKBOOK;E-PILOT;E-AOM-STAGING,,,No approved existing identity found; retain source record without allocating a public identifier.
prac,100,prac:c5,c5,c5,Cookstove Switching,FALSE,energy,era:practice:c5,Energy / Cookstove / Cookstove Switching,"Current pilot conflates source hierarchy, concept identity, and experimental comparison context.",module-unassigned,agricultural-practice-concept,retain-source-candidate-pending-row-review,proposed,,,,,E-SRC-WORKBOOK;E-PILOT;E-AOM-STAGING,,,No approved existing identity found; retain source record without allocating a public identifier.
prac,101,prac:h14,h14,h14,Unimproved Stove Technology,FALSE,energy,era:practice:h14,Energy / Cookstove / Unimproved Stove Technology,"Current pilot conflates source hierarchy, concept identity, and experimental comparison context.",module-unassigned,practice-or-condition-plus-experimental-role,retain-source-candidate-pending-row-review,proposed,,,,,E-SRC-WORKBOOK;E-PILOT;E-AOM-STAGING,,,No approved existing identity found; retain source record without allocating a public identifier.
prac,102,prac:h15,h15,h15,Conventional Biomass Feedstocks,FALSE,energy,era:practice:h15,Energy / Biogas/cookstove / Conventional Biomass Feedstocks,"Current pilot conflates source hierarchy, concept identity, and experimental comparison context.",module-unassigned,practice-or-condition-plus-experimental-role,retain-source-candidate-pending-row-review,proposed,,,,,E-SRC-WORKBOOK;E-PILOT;E-AOM-STAGING,,,No approved existing identity found; retain source record without allocating a public identifier.
prac,103,prac:h16,h16,h16,Predominant Biodigestor Model,TRUE,energy,era:practice:h16,Energy / Biogas / Predominant Biodigestor Model,"Current pilot conflates source hierarchy, concept identity, and experimental comparison context.",module-unassigned,source-field-or-context-descriptor,hold-deprecated-source-record,held,,,,,E-SRC-WORKBOOK;E-PILOT;E-AOM-STAGING,,,Deprecated source row requires replacement or lifecycle decision; it must not become a new active identity.
prac,104,prac:h26,h26,h26,Conventional Energy Sources,FALSE,energy,era:practice:h26,Energy / Cookstove / Conventional Energy Sources,"Current pilot conflates source hierarchy, concept identity, and experimental comparison context.",module-unassigned,practice-or-condition-plus-experimental-role,hold-existing-aom-code-mapping-review,held,AOM_000105,,,,E-SRC-WORKBOOK;E-PILOT;E-AOM-STAGING,,,One legacy code mapping exists but exact identity is not established by definition.
prac,105,prac:b4,b4,b4,Drought Tolerance,FALSE,crop,era:practice:b4,Genetic improvement / Improved Varieties / Drought Tolerance,"Current pilot conflates source hierarchy, concept identity, and experimental comparison context.",aom-crop,agricultural-practice-concept,retain-source-candidate-pending-row-review,proposed,,,,,E-SRC-WORKBOOK;E-PILOT;E-AOM-STAGING,,,No approved existing identity found; retain source record without allocating a public identifier.
prac,106,prac:b5,b5,b5,Heat Tolerance,FALSE,crop,era:practice:b5,Genetic improvement / Improved Varieties / Heat Tolerance,"Current pilot conflates source hierarchy, concept identity, and experimental comparison context.",aom-crop,agricultural-practice-concept,retain-distinct-context-pending-identity-review,held,,AOM_000156,,,E-SRC-WORKBOOK;E-PILOT;E-AOM-STAGING,,,"Same label exists in AOM with different feed, animal, or generic scope; label equality cannot merge identities."
prac,107,prac:b6,b6,b6,Salinity Tolerance,FALSE,crop,era:practice:b6,Genetic improvement / Improved Varieties / Salinity Tolerance,"Current pilot conflates source hierarchy, concept identity, and experimental comparison context.",aom-crop,agricultural-practice-concept,retain-source-candidate-pending-row-review,proposed,,,,,E-SRC-WORKBOOK;E-PILOT;E-AOM-STAGING,,,No approved existing identity found; retain source record without allocating a public identifier.
prac,108,prac:b69,b69,b69,Improved Seeds,FALSE,crop,era:practice:b69,Genetic improvement / Improved Varieties / Improved Seeds,"Current pilot conflates source hierarchy, concept identity, and experimental comparison context.",aom-crop,agricultural-practice-concept,retain-source-candidate-pending-row-review,proposed,,,,,E-SRC-WORKBOOK;E-PILOT;E-AOM-STAGING,,,No approved existing identity found; retain source record without allocating a public identifier.
prac,109,prac:h55,h55,h55,Unimproved Variety,FALSE,crop,era:practice:h55,Genetic improvement / Unimproved Variety / Unimproved Variety,"Current pilot conflates source hierarchy, concept identity, and experimental comparison context.",aom-crop,practice-or-condition-plus-experimental-role,retain-source-candidate-pending-row-review,proposed,,,,,E-SRC-WORKBOOK;E-PILOT;E-AOM-STAGING,,,No approved existing identity found; retain source record without allocating a public identifier.
prac,110,prac:b35,b35,b35,Cisterns and Tanks,FALSE,crop,era:practice:b35,Green Water Management / Water Harvesting / Cisterns and Tanks,"Current pilot conflates source hierarchy, concept identity, and experimental comparison context.",aom-crop,agricultural-practice-concept,retain-source-candidate-pending-row-review,proposed,,,,,E-SRC-WORKBOOK;E-PILOT;E-AOM-STAGING,,,No approved existing identity found; retain source record without allocating a public identifier.
prac,111,prac:b33,b33,b33,Zai Pits,FALSE,crop,era:practice:b33,Green Water Management / Water Harvesting / Zai Pits,"Current pilot conflates source hierarchy, concept identity, and experimental comparison context.",aom-crop,agricultural-practice-concept,retain-source-candidate-pending-row-review,proposed,,,,,E-SRC-WORKBOOK;E-PILOT;E-AOM-STAGING,,,No approved existing identity found; retain source record without allocating a public identifier.
prac,112,prac:b45,b45,b45,Stone Rows,FALSE,crop,era:practice:b45,Green Water Management / Water Harvesting / Stone Rows,"Current pilot conflates source hierarchy, concept identity, and experimental comparison context.",aom-crop,agricultural-practice-concept,retain-source-candidate-pending-row-review,proposed,,,,,E-SRC-WORKBOOK;E-PILOT;E-AOM-STAGING,,,No approved existing identity found; retain source record without allocating a public identifier.
prac,113,prac:b46,b46,b46,Grass Strips,FALSE,crop,era:practice:b46,Green Water Management / Water Harvesting / Grass Strips,"Current pilot conflates source hierarchy, concept identity, and experimental comparison context.",aom-crop,agricultural-practice-concept,retain-source-candidate-pending-row-review,proposed,,,,,E-SRC-WORKBOOK;E-PILOT;E-AOM-STAGING,,,No approved existing identity found; retain source record without allocating a public identifier.
prac,114,prac:b47,b47,b47,Planting Basins,FALSE,crop,era:practice:b47,Green Water Management / Water Harvesting / Planting Basins,"Current pilot conflates source hierarchy, concept identity, and experimental comparison context.",aom-crop,agricultural-practice-concept,retain-source-candidate-pending-row-review,proposed,,,,,E-SRC-WORKBOOK;E-PILOT;E-AOM-STAGING,,,No approved existing identity found; retain source record without allocating a public identifier.
prac,115,prac:b68,b68,b68,Dam,FALSE,crop,era:practice:b68,Green Water Management / Water Harvesting / Dam,"Current pilot conflates source hierarchy, concept identity, and experimental comparison context.",aom-crop,agricultural-practice-concept,retain-source-candidate-pending-row-review,proposed,,,,ENVO_00000074,E-SRC-WORKBOOK;E-PILOT;E-AOM-STAGING,,,No approved existing identity found; retain source record without allocating a public identifier.
prac,116,prac:b70,b70,b70,Terraces,FALSE,crop,era:practice:b70,Green Water Management / Water Harvesting / Terraces,"Current pilot conflates source hierarchy, concept identity, and experimental comparison context.",aom-crop,agricultural-practice-concept,retain-source-candidate-pending-row-review,proposed,,,,,E-SRC-WORKBOOK;E-PILOT;E-AOM-STAGING,,,No approved existing identity found; retain source record without allocating a public identifier.
prac,117,prac:b71.1,b71.1,b71.1,Bunds,FALSE,crop,era:practice:b71.1,Green Water Management / Water Harvesting / Bunds,"Current pilot conflates source hierarchy, concept identity, and experimental comparison context.",aom-crop,agricultural-practice-concept,retain-source-candidate-pending-row-review,proposed,,,,,E-SRC-WORKBOOK;E-PILOT;E-AOM-STAGING,,,No approved existing identity found; retain source record without allocating a public identifier.
prac,118,prac:b71.2,b71.2,b71.2,Ridge & Furrow,FALSE,crop,era:practice:b71.2,Green Water Management / Water Harvesting / Ridge & Furrow,"Current pilot conflates source hierarchy, concept identity, and experimental comparison context.",aom-crop,agricultural-practice-concept,retain-source-candidate-pending-row-review,proposed,,,,,E-SRC-WORKBOOK;E-PILOT;E-AOM-STAGING,,,No approved existing identity found; retain source record without allocating a public identifier.
prac,119,prac:b71.3,b71.3,b71.3,Tied Ridges,FALSE,crop,era:practice:b71.3,Green Water Management / Water Harvesting / Tied Ridges,"Current pilot conflates source hierarchy, concept identity, and experimental comparison context.",aom-crop,agricultural-practice-concept,retain-source-candidate-pending-row-review,proposed,,,,,E-SRC-WORKBOOK;E-PILOT;E-AOM-STAGING,,,No approved existing identity found; retain source record without allocating a public identifier.
prac,120,prac:b52,b52,b52,Microcatchments,FALSE,crop,era:practice:b52,Green Water Management / Water Harvesting / Microcatchments,"Current pilot conflates source hierarchy, concept identity, and experimental comparison context.",aom-crop,agricultural-practice-concept,retain-source-candidate-pending-row-review,proposed,,,,,E-SRC-WORKBOOK;E-PILOT;E-AOM-STAGING,,,No approved existing identity found; retain source record without allocating a public identifier.
prac,121,prac:b56,b56,b56,Fanya Juu or Fanya Chini,FALSE,crop,era:practice:b56,Green Water Management / Water Harvesting / Fanya Juu or Fanya Chini,"Current pilot conflates source hierarchy, concept identity, and experimental comparison context.",aom-crop,agricultural-practice-concept,retain-source-candidate-pending-row-review,proposed,,,,,E-SRC-WORKBOOK;E-PILOT;E-AOM-STAGING,,,No approved existing identity found; retain source record without allocating a public identifier.
prac,122,prac:b58,b58,b58,Trench,FALSE,crop,era:practice:b58,Green Water Management / Water Harvesting / Trench,"Current pilot conflates source hierarchy, concept identity, and experimental comparison context.",aom-crop,agricultural-practice-concept,retain-source-candidate-pending-row-review,proposed,,,,ENVO_01000649,E-SRC-WORKBOOK;E-PILOT;E-AOM-STAGING,,,No approved existing identity found; retain source record without allocating a public identifier.
prac,123,prac:h1,h1,h1,Non CSA,TRUE,cross-domain,era:practice:h1,Non-CSA / Non-CSA / Non CSA,"Current pilot conflates source hierarchy, concept identity, and experimental comparison context.",module-review,agricultural-practice-concept,hold-deprecated-source-record,held,,,,,E-SRC-WORKBOOK;E-PILOT;E-AOM-STAGING,,,Deprecated source row requires replacement or lifecycle decision; it must not become a new active identity.
prac,124,prac:h2,h2,h2,Monoculture,FALSE,cross-domain,era:practice:h2,Non-CSA / Agronomy;Agroforestry / Monoculture,"Current pilot conflates source hierarchy, concept identity, and experimental comparison context.",module-review,agricultural-practice-concept,retain-source-candidate-pending-row-review,proposed,,,,AGRO_00000481,E-SRC-WORKBOOK;E-PILOT;E-AOM-STAGING,,,No approved existing identity found; retain source record without allocating a public identifier.
prac,125,prac:h38,h38,h38,Continuous Cropping,TRUE,cross-domain,era:practice:h38,Non-CSA / Agronomy / Continuous Cropping,"Current pilot conflates source hierarchy, concept identity, and experimental comparison context.",module-review,agricultural-practice-concept,hold-deprecated-source-record,held,,,,,E-SRC-WORKBOOK;E-PILOT;E-AOM-STAGING,,,Deprecated source row requires replacement or lifecycle decision; it must not become a new active identity.
prac,126,prac:h18,h18,h18,Simple Intercrop,TRUE,cross-domain,era:practice:h18,Non-CSA / Agronomy;Agroforestry / Simple Intercrop,"Current pilot conflates source hierarchy, concept identity, and experimental comparison context.",module-review,agricultural-practice-concept,hold-deprecated-source-record,held,,,,,E-SRC-WORKBOOK;E-PILOT;E-AOM-STAGING,,,Deprecated source row requires replacement or lifecycle decision; it must not become a new active identity.
prac,127,prac:h50,h50,h50,Simple Crop Rotation,TRUE,cross-domain,era:practice:h50,Non-CSA / Agronomy;Agroforestry / Simple Crop Rotation,"Current pilot conflates source hierarchy, concept identity, and experimental comparison context.",module-review,agricultural-practice-concept,hold-deprecated-source-record,held,,,,,E-SRC-WORKBOOK;E-PILOT;E-AOM-STAGING,,,Deprecated source row requires replacement or lifecycle decision; it must not become a new active identity.
prac,128,prac:h48,h48,h48,Conventional rice management,TRUE,cross-domain,era:practice:h48,Non-CSA / Agronomy / Conventional rice management,"Current pilot conflates source hierarchy, concept identity, and experimental comparison context.",module-review,practice-or-condition-plus-experimental-role,hold-deprecated-source-record,held,,,,,E-SRC-WORKBOOK;E-PILOT;E-AOM-STAGING,,,Deprecated source row requires replacement or lifecycle decision; it must not become a new active identity.
prac,129,prac:h66.1,h66.1,h66.1,Chemical Weeding (Herbicides),FALSE,cross-domain,era:practice:h66.1,Non-CSA / Agronomy;Agroforestry / Chemical Weeding (Herbicides),"Current pilot conflates source hierarchy, concept identity, and experimental comparison context.",module-review,agricultural-practice-concept,retain-source-candidate-pending-row-review,proposed,,,,,E-SRC-WORKBOOK;E-PILOT;E-AOM-STAGING,,,No approved existing identity found; retain source record without allocating a public identifier.
prac,130,prac:h66.2,h66.2,h66.2,Hand Weeding,FALSE,cross-domain,era:practice:h66.2,Non-CSA / Agronomy;Agroforestry / Hand Weeding,"Current pilot conflates source hierarchy, concept identity, and experimental comparison context.",module-review,agricultural-practice-concept,retain-source-candidate-pending-row-review,proposed,,,,,E-SRC-WORKBOOK;E-PILOT;E-AOM-STAGING,,,No approved existing identity found; retain source record without allocating a public identifier.
prac,131,prac:b16,b16,b16,Inorganic K Inputs,FALSE,crop,era:practice:b16,Nutrient Management / Inorganic Fertilizer / Inorganic K Inputs,"Current pilot conflates source hierarchy, concept identity, and experimental comparison context.",aom-crop,agricultural-practice-concept,retain-source-candidate-pending-row-review,proposed,,,,,E-SRC-WORKBOOK;E-PILOT;E-AOM-STAGING,,,No approved existing identity found; retain source record without allocating a public identifier.
prac,132,prac:b17,b17,b17,Inorganic N Inputs,FALSE,crop,era:practice:b17,Nutrient Management / Inorganic Fertilizer / Inorganic N Inputs,"Current pilot conflates source hierarchy, concept identity, and experimental comparison context.",aom-crop,agricultural-practice-concept,retain-source-candidate-pending-row-review,proposed,,,,,E-SRC-WORKBOOK;E-PILOT;E-AOM-STAGING,,,No approved existing identity found; retain source record without allocating a public identifier.
prac,133,prac:b21,b21,b21,Inorganic P Inputs,FALSE,crop,era:practice:b21,Nutrient Management / Inorganic Fertilizer / Inorganic P Inputs,"Current pilot conflates source hierarchy, concept identity, and experimental comparison context.",aom-crop,agricultural-practice-concept,retain-source-candidate-pending-row-review,proposed,,,,,E-SRC-WORKBOOK;E-PILOT;E-AOM-STAGING,,,No approved existing identity found; retain source record without allocating a public identifier.
prac,134,prac:b16.1,b16.1,b16.1,Inorganic K Reduction,FALSE,crop,era:practice:b16.1,Nutrient Management / Inorganic Fertilizer Reduction / Inorganic K Reduction,"Current pilot conflates source hierarchy, concept identity, and experimental comparison context.",aom-crop,agricultural-practice-concept,retain-source-candidate-pending-row-review,proposed,,,,,E-SRC-WORKBOOK;E-PILOT;E-AOM-STAGING,,,No approved existing identity found; retain source record without allocating a public identifier.
prac,135,prac:b17.1,b17.1,b17.1,Inorganic N Reduction,FALSE,crop,era:practice:b17.1,Nutrient Management / Inorganic Fertilizer Reduction / Inorganic N Reduction,"Current pilot conflates source hierarchy, concept identity, and experimental comparison context.",aom-crop,agricultural-practice-concept,retain-source-candidate-pending-row-review,proposed,,,,,E-SRC-WORKBOOK;E-PILOT;E-AOM-STAGING,,,No approved existing identity found; retain source record without allocating a public identifier.
prac,136,prac:b21.1,b21.1,b21.1,Inorganic P Reduction,FALSE,crop,era:practice:b21.1,Nutrient Management / Inorganic Fertilizer Reduction / Inorganic P Reduction,"Current pilot conflates source hierarchy, concept identity, and experimental comparison context.",aom-crop,agricultural-practice-concept,retain-source-candidate-pending-row-review,proposed,,,,,E-SRC-WORKBOOK;E-PILOT;E-AOM-STAGING,,,No approved existing identity found; retain source record without allocating a public identifier.
prac,137,prac:b64,b64,b64,Inorganic Micronutrients Inputs,FALSE,crop,era:practice:b64,Nutrient Management / Inorganic Fertilizer / Inorganic Micronutrients Inputs,"Current pilot conflates source hierarchy, concept identity, and experimental comparison context.",aom-crop,agricultural-practice-concept,retain-source-candidate-pending-row-review,proposed,,,,,E-SRC-WORKBOOK;E-PILOT;E-AOM-STAGING,,,No approved existing identity found; retain source record without allocating a public identifier.
prac,138,prac:b23,b23,b23,Urea,FALSE,crop,era:practice:b23,Nutrient Management / Inorganic Fertilizer / Urea,"Current pilot conflates source hierarchy, concept identity, and experimental comparison context.",aom-crop,agricultural-practice-concept,retain-distinct-context-pending-identity-review,held,,AOM_001749,,CHEBI_16199,E-SRC-WORKBOOK;E-PILOT;E-AOM-STAGING,,,"Same label exists in AOM with different feed, animal, or generic scope; label equality cannot merge identities."
prac,139,prac:b29,b29,b29,Compost,FALSE,crop,era:practice:b29,Nutrient Management / Organic Fertilizer / Compost,"Current pilot conflates source hierarchy, concept identity, and experimental comparison context.",aom-crop,agricultural-practice-concept,retain-source-candidate-pending-row-review,proposed,,,,ENVO_00002170,E-SRC-WORKBOOK;E-PILOT;E-AOM-STAGING,,,No approved existing identity found; retain source record without allocating a public identifier.
prac,140,prac:b30,b30,b30,Manure,FALSE,crop,era:practice:b30,Nutrient Management / Organic Fertilizer / Manure,"Current pilot conflates source hierarchy, concept identity, and experimental comparison context.",aom-crop,agricultural-practice-concept,retain-source-candidate-pending-row-review,proposed,,,,,E-SRC-WORKBOOK;E-PILOT;E-AOM-STAGING,,,No approved existing identity found; retain source record without allocating a public identifier.
prac,141,prac:b75,b75,b75,Kraaling or Parcage,FALSE,crop,era:practice:b75,Nutrient Management / Organic Fertilizer / Kraaling or Parcage,"Current pilot conflates source hierarchy, concept identity, and experimental comparison context.",aom-crop,agricultural-practice-concept,retain-source-candidate-pending-row-review,proposed,,,,,E-SRC-WORKBOOK;E-PILOT;E-AOM-STAGING,,,No approved existing identity found; retain source record without allocating a public identifier.
prac,142,prac:b73,b73,b73,Organic (Other),FALSE,crop,era:practice:b73,Nutrient Management / Organic Fertilizer / Organic (Other),"Current pilot conflates source hierarchy, concept identity, and experimental comparison context.",aom-crop,agricultural-practice-concept,retain-source-candidate-pending-row-review,proposed,,,,,E-SRC-WORKBOOK;E-PILOT;E-AOM-STAGING,,,No approved existing identity found; retain source record without allocating a public identifier.
prac,143,prac:b74,b74,b74,Ash,FALSE,crop,era:practice:b74,Nutrient Management / Organic Fertilizer / Ash,"Current pilot conflates source hierarchy, concept identity, and experimental comparison context.",aom-crop,agricultural-practice-concept,retain-distinct-context-pending-identity-review,held,,AOM_000226,,,E-SRC-WORKBOOK;E-PILOT;E-AOM-STAGING,,,"Same label exists in AOM with different feed, animal, or generic scope; label equality cannot merge identities."
prac,144,prac:b67,b67,b67,Biosolids,FALSE,crop,era:practice:b67,Nutrient Management / Organic Fertilizer / Biosolids,"Current pilot conflates source hierarchy, concept identity, and experimental comparison context.",aom-crop,agricultural-practice-concept,retain-source-candidate-pending-row-review,proposed,,,,,E-SRC-WORKBOOK;E-PILOT;E-AOM-STAGING,,,No approved existing identity found; retain source record without allocating a public identifier.
prac,145,prac:b29.1,b29.1,b29.1,Compost Substitution,FALSE,crop,era:practice:b29.1,Nutrient Management / Organic Fertilizer Substitution / Compost Substitution,"Current pilot conflates source hierarchy, concept identity, and experimental comparison context.",aom-crop,agricultural-practice-concept,retain-source-candidate-pending-row-review,proposed,,,,,E-SRC-WORKBOOK;E-PILOT;E-AOM-STAGING,,,No approved existing identity found; retain source record without allocating a public identifier.
prac,146,prac:b30.1,b30.1,b30.1,Manure Substitution,FALSE,crop,era:practice:b30.1,Nutrient Management / Organic Fertilizer Substitution / Manure Substitution,"Current pilot conflates source hierarchy, concept identity, and experimental comparison context.",aom-crop,agricultural-practice-concept,retain-source-candidate-pending-row-review,proposed,,,,,E-SRC-WORKBOOK;E-PILOT;E-AOM-STAGING,,,No approved existing identity found; retain source record without allocating a public identifier.
prac,147,prac:b75.1,b75.1,b75.1,Kraaling or Parcage Substitution,FALSE,crop,era:practice:b75.1,Nutrient Management / Organic Fertilizer Substitution / Kraaling or Parcage Substitution,"Current pilot conflates source hierarchy, concept identity, and experimental comparison context.",aom-crop,agricultural-practice-concept,retain-source-candidate-pending-row-review,proposed,,,,,E-SRC-WORKBOOK;E-PILOT;E-AOM-STAGING,,,No approved existing identity found; retain source record without allocating a public identifier.
prac,148,prac:b73.1,b73.1,b73.1,Organic (Other) Substitution,FALSE,crop,era:practice:b73.1,Nutrient Management / Organic Fertilizer Substitution / Organic (Other) Substitution,"Current pilot conflates source hierarchy, concept identity, and experimental comparison context.",aom-crop,agricultural-practice-concept,retain-source-candidate-pending-row-review,proposed,,,,,E-SRC-WORKBOOK;E-PILOT;E-AOM-STAGING,,,No approved existing identity found; retain source record without allocating a public identifier.
prac,149,prac:b67.1,b67.1,b67.1,Biosolids Substitution,FALSE,crop,era:practice:b67.1,Nutrient Management / Organic Fertilizer Substitution / Biosolids Substitution,"Current pilot conflates source hierarchy, concept identity, and experimental comparison context.",aom-crop,agricultural-practice-concept,retain-source-candidate-pending-row-review,proposed,,,,,E-SRC-WORKBOOK;E-PILOT;E-AOM-STAGING,,,No approved existing identity found; retain source record without allocating a public identifier.
prac,150,prac:h10,h10,h10,Conventional input (fertilizer) use,FALSE,crop,era:practice:h10,Nutrient Management / Fertilizer Control / Conventional input (fertilizer) use,"Current pilot conflates source hierarchy, concept identity, and experimental comparison context.",aom-crop,practice-or-condition-plus-experimental-role,retain-source-candidate-pending-row-review,proposed,,,,,E-SRC-WORKBOOK;E-PILOT;E-AOM-STAGING,,,No approved existing identity found; retain source record without allocating a public identifier.
prac,151,prac:h10.1,h10.1,h10.1,No fertilizers added,FALSE,crop,era:practice:h10.1,Nutrient Management / Fertilizer Control / No fertilizers added,"Current pilot conflates source hierarchy, concept identity, and experimental comparison context.",aom-crop,practice-or-condition-plus-experimental-role,retain-source-candidate-pending-row-review,proposed,,,,,E-SRC-WORKBOOK;E-PILOT;E-AOM-STAGING,,,No approved existing identity found; retain source record without allocating a public identifier.
prac,152,prac:h10.2,h10.2,h10.2,Recommend rate of fertilizer,FALSE,crop,era:practice:h10.2,Nutrient Management / Fertilizer Control / Recommend rate of fertilizer,"Current pilot conflates source hierarchy, concept identity, and experimental comparison context.",aom-crop,agricultural-practice-concept,retain-source-candidate-pending-row-review,proposed,,,,,E-SRC-WORKBOOK;E-PILOT;E-AOM-STAGING,,,No approved existing identity found; retain source record without allocating a public identifier.
prac,153,prac:f1,f1,f1,Harvest Technique,FALSE,crop,era:practice:f1,Postharvest / Harvest Method / Harvest Technique,"Current pilot conflates source hierarchy, concept identity, and experimental comparison context.",aom-crop,agricultural-practice-concept,retain-source-candidate-pending-row-review,proposed,,,,,E-SRC-WORKBOOK;E-PILOT;E-AOM-STAGING,,,No approved existing identity found; retain source record without allocating a public identifier.
prac,154,prac:f2,f2,f2,Harvesting Timing,FALSE,crop,era:practice:f2,Postharvest / Harvest Method / Harvesting Timing,"Current pilot conflates source hierarchy, concept identity, and experimental comparison context.",aom-crop,agricultural-practice-concept,retain-source-candidate-pending-row-review,proposed,,,,,E-SRC-WORKBOOK;E-PILOT;E-AOM-STAGING,,,No approved existing identity found; retain source record without allocating a public identifier.
prac,155,prac:f3,f3,f3,Improved Drying,FALSE,crop,era:practice:f3,Postharvest / Storage / Improved Drying,"Current pilot conflates source hierarchy, concept identity, and experimental comparison context.",aom-crop,agricultural-practice-concept,retain-source-candidate-pending-row-review,proposed,,,,,E-SRC-WORKBOOK;E-PILOT;E-AOM-STAGING,,,No approved existing identity found; retain source record without allocating a public identifier.
prac,156,prac:f4,f4,f4,Improved Chemical Storage,FALSE,crop,era:practice:f4,Postharvest / Storage / Improved Chemical Storage,"Current pilot conflates source hierarchy, concept identity, and experimental comparison context.",aom-crop,agricultural-practice-concept,retain-source-candidate-pending-row-review,proposed,,,,,E-SRC-WORKBOOK;E-PILOT;E-AOM-STAGING,,,No approved existing identity found; retain source record without allocating a public identifier.
prac,157,prac:f5,f5,f5,Improved Physical Storage,FALSE,crop,era:practice:f5,Postharvest / Storage / Improved Physical Storage,"Current pilot conflates source hierarchy, concept identity, and experimental comparison context.",aom-crop,agricultural-practice-concept,retain-source-candidate-pending-row-review,proposed,,,,,E-SRC-WORKBOOK;E-PILOT;E-AOM-STAGING,,,No approved existing identity found; retain source record without allocating a public identifier.
prac,158,prac:h17,h17,h17,Traditional harvesting method,FALSE,crop,era:practice:h17,Postharvest / Harvest Method / Traditional harvesting method,"Current pilot conflates source hierarchy, concept identity, and experimental comparison context.",aom-crop,agricultural-practice-concept,retain-source-candidate-pending-row-review,proposed,,,,,E-SRC-WORKBOOK;E-PILOT;E-AOM-STAGING,,,No approved existing identity found; retain source record without allocating a public identifier.
prac,159,prac:h21,h21,h21,Unimproved Storage Structure,FALSE,crop,era:practice:h21,Postharvest / Storage / Unimproved Storage Structure,"Current pilot conflates source hierarchy, concept identity, and experimental comparison context.",aom-crop,practice-or-condition-plus-experimental-role,retain-source-candidate-pending-row-review,proposed,,,,,E-SRC-WORKBOOK;E-PILOT;E-AOM-STAGING,,,No approved existing identity found; retain source record without allocating a public identifier.
prac,160,prac:h22,h22,h22,Unimprove or No Preservation Technique,FALSE,crop,era:practice:h22,Postharvest / Storage / Unimprove or No Preservation Technique,"Current pilot conflates source hierarchy, concept identity, and experimental comparison context.",aom-crop,agricultural-practice-concept,retain-source-candidate-pending-row-review,proposed,,,,,E-SRC-WORKBOOK;E-PILOT;E-AOM-STAGING,,,No approved existing identity found; retain source record without allocating a public identifier.
prac,161,prac:h30,h30,h30,Uimproved Drying Technique,FALSE,crop,era:practice:h30,Postharvest / Storage / Uimproved Drying Technique,"Current pilot conflates source hierarchy, concept identity, and experimental comparison context.",aom-crop,agricultural-practice-concept,retain-source-candidate-pending-row-review,proposed,,,,,E-SRC-WORKBOOK;E-PILOT;E-AOM-STAGING,,,No approved existing identity found; retain source record without allocating a public identifier.
prac,162,prac:b38,b38,b38,No or Zero Tillage,FALSE,crop,era:practice:b38,Soil Management / Reduced Tillage / No or Zero Tillage,"Current pilot conflates source hierarchy, concept identity, and experimental comparison context.",aom-crop,practice-or-condition-plus-experimental-role,retain-source-candidate-pending-row-review,proposed,,,,,E-SRC-WORKBOOK;E-PILOT;E-AOM-STAGING,,,No approved existing identity found; retain source record without allocating a public identifier.
prac,163,prac:b39,b39,b39,Reduced or Minimum Tillage,FALSE,crop,era:practice:b39,Soil Management / Reduced Tillage / Reduced or Minimum Tillage,"Current pilot conflates source hierarchy, concept identity, and experimental comparison context.",aom-crop,agricultural-practice-concept,retain-source-candidate-pending-row-review,proposed,,,,,E-SRC-WORKBOOK;E-PILOT;E-AOM-STAGING,,,No approved existing identity found; retain source record without allocating a public identifier.
prac,164,prac:b26,b26,b26,Plastic Mulch,FALSE,crop,era:practice:b26,Soil Management / Mulch / Plastic Mulch,"Current pilot conflates source hierarchy, concept identity, and experimental comparison context.",aom-crop,agricultural-practice-concept,retain-source-candidate-pending-row-review,proposed,,,,AGRO_00000093,E-SRC-WORKBOOK;E-PILOT;E-AOM-STAGING,,,No approved existing identity found; retain source record without allocating a public identifier.
prac,165,prac:b27,b27,b27,Mulch (Unspecified Plants),FALSE,crop,era:practice:b27,Soil Management / Mulch / Mulch (Unspecified Plants),"Current pilot conflates source hierarchy, concept identity, and experimental comparison context.",aom-crop,practice-or-condition-plus-experimental-role,retain-source-candidate-pending-row-review,proposed,,,,,E-SRC-WORKBOOK;E-PILOT;E-AOM-STAGING,,,No approved existing identity found; retain source record without allocating a public identifier.
prac,166,prac:b27.1,b27.1,b27.1,Mulch (N fixing),FALSE,crop,era:practice:b27.1,Soil Management / Mulch / Mulch (N fixing),"Current pilot conflates source hierarchy, concept identity, and experimental comparison context.",aom-crop,agricultural-practice-concept,retain-source-candidate-pending-row-review,proposed,,,,,E-SRC-WORKBOOK;E-PILOT;E-AOM-STAGING,,,No approved existing identity found; retain source record without allocating a public identifier.
prac,167,prac:b27.2,b27.2,b27.2,Mulch (Non N fixing),FALSE,crop,era:practice:b27.2,Soil Management / Mulch / Mulch (Non N fixing),"Current pilot conflates source hierarchy, concept identity, and experimental comparison context.",aom-crop,agricultural-practice-concept,retain-source-candidate-pending-row-review,proposed,,,,,E-SRC-WORKBOOK;E-PILOT;E-AOM-STAGING,,,No approved existing identity found; retain source record without allocating a public identifier.
prac,168,prac:b27.3,b27.3,b27.3,Mulch (N fixing & Non N fixing),FALSE,crop,era:practice:b27.3,Soil Management / Mulch / Mulch (N fixing & Non N fixing),"Current pilot conflates source hierarchy, concept identity, and experimental comparison context.",aom-crop,agricultural-practice-concept,retain-source-candidate-pending-row-review,proposed,,,,,E-SRC-WORKBOOK;E-PILOT;E-AOM-STAGING,,,No approved existing identity found; retain source record without allocating a public identifier.
prac,169,prac:b51,b51,b51,Mulch (Other Materials),FALSE,crop,era:practice:b51,Soil Management / Mulch / Mulch (Other Materials),"Current pilot conflates source hierarchy, concept identity, and experimental comparison context.",aom-crop,agricultural-practice-concept,retain-source-candidate-pending-row-review,proposed,,,,,E-SRC-WORKBOOK;E-PILOT;E-AOM-STAGING,,,No approved existing identity found; retain source record without allocating a public identifier.
prac,170,prac:b11.1,b11.1,b11.1,Green Manure (N fixing In Time),FALSE,crop,era:practice:b11.1,Soil Management / Green Manure / Green Manure (N fixing In Time),"Current pilot conflates source hierarchy, concept identity, and experimental comparison context.",aom-crop,agricultural-practice-concept,retain-source-candidate-pending-row-review,proposed,,,,,E-SRC-WORKBOOK;E-PILOT;E-AOM-STAGING,,,No approved existing identity found; retain source record without allocating a public identifier.
prac,171,prac:b11.2,b11.2,b11.2,Green Manure (N fixing In Space),FALSE,crop,era:practice:b11.2,Soil Management / Green Manure / Green Manure (N fixing In Space),"Current pilot conflates source hierarchy, concept identity, and experimental comparison context.",aom-crop,agricultural-practice-concept,retain-source-candidate-pending-row-review,proposed,,,,,E-SRC-WORKBOOK;E-PILOT;E-AOM-STAGING,,,No approved existing identity found; retain source record without allocating a public identifier.
prac,172,prac:b13.2,b13.2,b13.2,Green Manure (Mixed In Space),FALSE,crop,era:practice:b13.2,Soil Management / Green Manure / Green Manure (Mixed In Space),"Current pilot conflates source hierarchy, concept identity, and experimental comparison context.",aom-crop,agricultural-practice-concept,retain-source-candidate-pending-row-review,proposed,,,,,E-SRC-WORKBOOK;E-PILOT;E-AOM-STAGING,,,No approved existing identity found; retain source record without allocating a public identifier.
prac,173,prac:b12.1,b12.1,b12.1,Green Manure (Non N fixing In Time),FALSE,crop,era:practice:b12.1,Soil Management / Green Manure / Green Manure (Non N fixing In Time),"Current pilot conflates source hierarchy, concept identity, and experimental comparison context.",aom-crop,agricultural-practice-concept,retain-source-candidate-pending-row-review,proposed,,,,,E-SRC-WORKBOOK;E-PILOT;E-AOM-STAGING,,,No approved existing identity found; retain source record without allocating a public identifier.
prac,174,prac:b12.2,b12.2,b12.2,Green Manure (Non N fixing In Space),FALSE,crop,era:practice:b12.2,Soil Management / Green Manure / Green Manure (Non N fixing In Space),"Current pilot conflates source hierarchy, concept identity, and experimental comparison context.",aom-crop,agricultural-practice-concept,retain-source-candidate-pending-row-review,proposed,,,,,E-SRC-WORKBOOK;E-PILOT;E-AOM-STAGING,,,No approved existing identity found; retain source record without allocating a public identifier.
prac,175,prac:b28,b28,b28,Biochar,FALSE,crop,era:practice:b28,Soil Management / Biochar / Biochar,"Current pilot conflates source hierarchy, concept identity, and experimental comparison context.",aom-crop,agricultural-practice-concept,retain-source-candidate-pending-row-review,proposed,,,,AGRO_00020002;ENVO_2000007,E-SRC-WORKBOOK;E-PILOT;E-AOM-STAGING,,,No approved existing identity found; retain source record without allocating a public identifier.
prac,176,prac:b32,b32,b32,Liming or Calcium Addition,FALSE,crop,era:practice:b32,Soil Management / pH Control / Liming or Calcium Addition,"Current pilot conflates source hierarchy, concept identity, and experimental comparison context.",aom-crop,agricultural-practice-concept,retain-source-candidate-pending-row-review,proposed,,,,,E-SRC-WORKBOOK;E-PILOT;E-AOM-STAGING,,,No approved existing identity found; retain source record without allocating a public identifier.
prac,177,prac:b40,b40,b40,Crop Residue Unresolved (Unspecified),FALSE,crop,era:practice:b40,Soil Management / Crop Residue / Crop Residue Unresolved (Unspecified),"Current pilot conflates source hierarchy, concept identity, and experimental comparison context.",aom-crop,practice-or-condition-plus-experimental-role,retain-source-candidate-pending-row-review,proposed,,,,,E-SRC-WORKBOOK;E-PILOT;E-AOM-STAGING,,,No approved existing identity found; retain source record without allocating a public identifier.
prac,178,prac:b40.1,b40.1,b40.1,Crop Residue Unresolved (N fixing),FALSE,crop,era:practice:b40.1,Soil Management / Crop Residue / Crop Residue Unresolved (N fixing),"Current pilot conflates source hierarchy, concept identity, and experimental comparison context.",aom-crop,agricultural-practice-concept,retain-source-candidate-pending-row-review,proposed,,,,,E-SRC-WORKBOOK;E-PILOT;E-AOM-STAGING,,,No approved existing identity found; retain source record without allocating a public identifier.
prac,179,prac:b40.2,b40.2,b40.2,Crop Residue Unresolved (Non N fixing),FALSE,crop,era:practice:b40.2,Soil Management / Crop Residue / Crop Residue Unresolved (Non N fixing),"Current pilot conflates source hierarchy, concept identity, and experimental comparison context.",aom-crop,agricultural-practice-concept,retain-source-candidate-pending-row-review,proposed,,,,,E-SRC-WORKBOOK;E-PILOT;E-AOM-STAGING,,,No approved existing identity found; retain source record without allocating a public identifier.
prac,180,prac:b41,b41,b41,Crop Residue Incorporation (Unspecified),FALSE,crop,era:practice:b41,Soil Management / Crop Residue Incorporation / Crop Residue Incorporation (Unspecified),"Current pilot conflates source hierarchy, concept identity, and experimental comparison context.",aom-crop,practice-or-condition-plus-experimental-role,retain-source-candidate-pending-row-review,proposed,,,,,E-SRC-WORKBOOK;E-PILOT;E-AOM-STAGING,,,No approved existing identity found; retain source record without allocating a public identifier.
prac,181,prac:b41.1,b41.1,b41.1,Crop Residue Incorporation (N fixing),FALSE,crop,era:practice:b41.1,Soil Management / Crop Residue Incorporation / Crop Residue Incorporation (N fixing),"Current pilot conflates source hierarchy, concept identity, and experimental comparison context.",aom-crop,agricultural-practice-concept,retain-source-candidate-pending-row-review,proposed,,,,,E-SRC-WORKBOOK;E-PILOT;E-AOM-STAGING,,,No approved existing identity found; retain source record without allocating a public identifier.
prac,182,prac:b41.2,b41.2,b41.2,Crop Residue Incorporation (Non N fixing),FALSE,crop,era:practice:b41.2,Soil Management / Crop Residue Incorporation / Crop Residue Incorporation (Non N fixing),"Current pilot conflates source hierarchy, concept identity, and experimental comparison context.",aom-crop,agricultural-practice-concept,retain-source-candidate-pending-row-review,proposed,,,,,E-SRC-WORKBOOK;E-PILOT;E-AOM-STAGING,,,No approved existing identity found; retain source record without allocating a public identifier.
prac,183,prac:b60,b60,b60,Improved Fallow (Unspecified),FALSE,crop,era:practice:b60,Soil Management / Improved Fallow / Improved Fallow (Unspecified),"Current pilot conflates source hierarchy, concept identity, and experimental comparison context.",aom-crop,practice-or-condition-plus-experimental-role,retain-source-candidate-pending-row-review,proposed,,,,,E-SRC-WORKBOOK;E-PILOT;E-AOM-STAGING,,,No approved existing identity found; retain source record without allocating a public identifier.
prac,184,prac:b60.1,b60.1,b60.1,Improved Fallow (N fixing),FALSE,crop,era:practice:b60.1,Soil Management / Improved Fallow / Improved Fallow (N fixing),"Current pilot conflates source hierarchy, concept identity, and experimental comparison context.",aom-crop,agricultural-practice-concept,retain-source-candidate-pending-row-review,proposed,,,,,E-SRC-WORKBOOK;E-PILOT;E-AOM-STAGING,,,No approved existing identity found; retain source record without allocating a public identifier.
prac,185,prac:b60.2,b60.2,b60.2,Improved Fallow (Non N fixing),FALSE,crop,era:practice:b60.2,Soil Management / Improved Fallow / Improved Fallow (Non N fixing),"Current pilot conflates source hierarchy, concept identity, and experimental comparison context.",aom-crop,agricultural-practice-concept,retain-source-candidate-pending-row-review,proposed,,,,,E-SRC-WORKBOOK;E-PILOT;E-AOM-STAGING,,,No approved existing identity found; retain source record without allocating a public identifier.
prac,186,prac:b60.3,b60.3,b60.3,Improved Fallow (N & Non N fixing),FALSE,crop,era:practice:b60.3,Soil Management / Improved Fallow / Improved Fallow (N & Non N fixing),"Current pilot conflates source hierarchy, concept identity, and experimental comparison context.",aom-crop,agricultural-practice-concept,retain-source-candidate-pending-row-review,proposed,,,,,E-SRC-WORKBOOK;E-PILOT;E-AOM-STAGING,,,No approved existing identity found; retain source record without allocating a public identifier.
prac,187,prac:h24,h24,h24,Natural or Bare Fallow,FALSE,crop,era:practice:h24,Soil Management / Improved Fallow / Natural or Bare Fallow,"Current pilot conflates source hierarchy, concept identity, and experimental comparison context.",aom-crop,agricultural-practice-concept,retain-source-candidate-pending-row-review,proposed,,,,,E-SRC-WORKBOOK;E-PILOT;E-AOM-STAGING,,,No approved existing identity found; retain source record without allocating a public identifier.
prac,188,prac:h6,h6,h6,Conventional Tillage,FALSE,crop,era:practice:h6,Soil Management / Conventional Tillage / Conventional Tillage,"Current pilot conflates source hierarchy, concept identity, and experimental comparison context.",aom-crop,practice-or-condition-plus-experimental-role,retain-source-candidate-pending-row-review,proposed,,,,,E-SRC-WORKBOOK;E-PILOT;E-AOM-STAGING,,,No approved existing identity found; retain source record without allocating a public identifier.
prac,189,prac:h35,h35,h35,Crop Residues Removed,FALSE,crop,era:practice:h35,Soil Management / Crop Residue / Crop Residues Removed,"Current pilot conflates source hierarchy, concept identity, and experimental comparison context.",aom-crop,agricultural-practice-concept,retain-source-candidate-pending-row-review,proposed,,,,,E-SRC-WORKBOOK;E-PILOT;E-AOM-STAGING,,,No approved existing identity found; retain source record without allocating a public identifier.
prac,190,prac:h36,h36,h36,Crop Residues Burnt,FALSE,crop,era:practice:h36,Soil Management / Crop Residue / Crop Residues Burnt,"Current pilot conflates source hierarchy, concept identity, and experimental comparison context.",aom-crop,agricultural-practice-concept,retain-source-candidate-pending-row-review,proposed,,,,,E-SRC-WORKBOOK;E-PILOT;E-AOM-STAGING,,,No approved existing identity found; retain source record without allocating a public identifier.
prac,191,prac:h39,h39,h39,Crop Residues Grazed,FALSE,crop,era:practice:h39,Soil Management / Crop Residue / Crop Residues Grazed,"Current pilot conflates source hierarchy, concept identity, and experimental comparison context.",aom-crop,agricultural-practice-concept,retain-source-candidate-pending-row-review,proposed,,,,,E-SRC-WORKBOOK;E-PILOT;E-AOM-STAGING,,,No approved existing identity found; retain source record without allocating a public identifier.
prac,192,prac:h37,h37,h37,Crop Residue Incorporated,FALSE,crop,era:practice:h37,Soil Management / Crop Residue / Crop Residue Incorporated,"Current pilot conflates source hierarchy, concept identity, and experimental comparison context.",aom-crop,agricultural-practice-concept,retain-source-candidate-pending-row-review,proposed,,,,,E-SRC-WORKBOOK;E-PILOT;E-AOM-STAGING,,,No approved existing identity found; retain source record without allocating a public identifier.
prac,193,prac:h6.1,h6.1,h6.1,No-Till (Off-season),TRUE,crop,era:practice:h6.1,Soil Management / No-Till (Off-season) / No-Till (Off-season),"Current pilot conflates source hierarchy, concept identity, and experimental comparison context.",aom-crop,agricultural-practice-concept,hold-deprecated-source-record,held,,,,,E-SRC-WORKBOOK;E-PILOT;E-AOM-STAGING,,,Deprecated source row requires replacement or lifecycle decision; it must not become a new active identity.
prac,194,prac:h6.2,h6.2,h6.2,Reduced Tillage (Off-season),TRUE,crop,era:practice:h6.2,Soil Management / Reduced Tillage (Off-season) / Reduced Tillage (Off-season),"Current pilot conflates source hierarchy, concept identity, and experimental comparison context.",aom-crop,agricultural-practice-concept,hold-deprecated-source-record,held,,,,,E-SRC-WORKBOOK;E-PILOT;E-AOM-STAGING,,,Deprecated source row requires replacement or lifecycle decision; it must not become a new active identity.
prac,195,prac:h7,h7,h7,Fully Irrigated Control or Experiment,FALSE,crop,era:practice:h7,Water Management / Irrigation / Fully Irrigated Control or Experiment,"Current pilot conflates source hierarchy, concept identity, and experimental comparison context.",aom-crop,practice-or-condition-plus-experimental-role,retain-source-candidate-pending-row-review,proposed,,,,,E-SRC-WORKBOOK;E-PILOT;E-AOM-STAGING,,,No approved existing identity found; retain source record without allocating a public identifier.
prac,196,prac:h23,h23,h23,No Irrigation Control or Rainfed Agriculture,FALSE,crop,era:practice:h23,Water Management / Irrigation / No Irrigation Control or Rainfed Agriculture,"Current pilot conflates source hierarchy, concept identity, and experimental comparison context.",aom-crop,practice-or-condition-plus-experimental-role,retain-source-candidate-pending-row-review,proposed,,,,,E-SRC-WORKBOOK;E-PILOT;E-AOM-STAGING,,,No approved existing identity found; retain source record without allocating a public identifier.
prac,197,prac:h3,h3,h3,Transplanting Seedlings. This practice code has only been applied to the 2018 dataset,FALSE,crop,era:practice:h3,Water Management / Planting / Transplanting Seedlings. This practice code has only been applied to the 2018 dataset,"Current pilot conflates source hierarchy, concept identity, and experimental comparison context.",aom-crop,agricultural-practice-concept,retain-source-candidate-pending-row-review,proposed,,,,,E-SRC-WORKBOOK;E-PILOT;E-AOM-STAGING,,,No approved existing identity found; retain source record without allocating a public identifier.
out,2,out:101,101,101,Crop Yield,FALSE,crop,era:outcome:101.0,Productivity / Yield / Product Yield / Crop Yield,Current pilot treats reporting hierarchy and analytical metadata as one SKOS concept tree. Pilot notation differs from source lexical code.,aom-crop,sosa-property-plus-procedure-quantity-and-basis,retain-source-candidate-pending-row-review,proposed,,,,,E-SRC-WORKBOOK;E-PILOT;E-AOM-STAGING,,,No approved existing identity found; retain source record without allocating a public identifier.
out,3,out:101.1,101.1,101.1,Biomass Yield,FALSE,crop,era:outcome:101.1,Productivity / Yield / Product Yield / Biomass Yield,Current pilot treats reporting hierarchy and analytical metadata as one SKOS concept tree.,aom-crop,sosa-property-plus-procedure-quantity-and-basis,retain-source-candidate-pending-row-review,proposed,,AOM_000364,,,E-SRC-WORKBOOK;E-PILOT;E-AOM-STAGING,,,No approved existing identity found; retain source record without allocating a public identifier.
out,4,out:101.2,101.2,101.2,Extraction Yield,FALSE,crop,era:outcome:101.2,Productivity / Yield / Product Yield / Extraction Yield,Current pilot treats reporting hierarchy and analytical metadata as one SKOS concept tree.,aom-crop,sosa-property-plus-procedure-quantity-and-basis,retain-source-candidate-pending-row-review,proposed,,,,,E-SRC-WORKBOOK;E-PILOT;E-AOM-STAGING,,,No approved existing identity found; retain source record without allocating a public identifier.
out,5,out:103,103,103,Land Equivalent Ratio,FALSE,crop,era:outcome:103.0,Productivity / Yield / Product Yield / Land Equivalent Ratio,Current pilot treats reporting hierarchy and analytical metadata as one SKOS concept tree. Pilot notation differs from source lexical code.,aom-crop,sosa-property-plus-procedure-quantity-and-basis,reuse-existing-aom-id-candidate,proposed,AOM_000365,AOM_000365,AOM_000365,,E-SRC-WORKBOOK;E-PILOT;E-AOM-STAGING,,,Normalized label and definition match one existing AOM concept; module placement still needs approval.
out,6,out:104,104,104,Area Time Equivalent Ratio,FALSE,crop,era:outcome:104.0,Productivity / Yield / Product Yield / Area Time Equivalent Ratio,Current pilot treats reporting hierarchy and analytical metadata as one SKOS concept tree. Pilot notation differs from source lexical code.,aom-crop,sosa-property-plus-procedure-quantity-and-basis,retain-source-candidate-pending-row-review,proposed,,,,,E-SRC-WORKBOOK;E-PILOT;E-AOM-STAGING,,,No approved existing identity found; retain source record without allocating a public identifier.
out,7,out:118,118,118,Weight Gain,FALSE,livestock,era:outcome:118.0,Productivity / Yield / Product Yield / Weight Gain,Current pilot treats reporting hierarchy and analytical metadata as one SKOS concept tree. Pilot notation differs from source lexical code.,aom-livestock,sosa-property-plus-procedure-quantity-and-basis,hold-existing-aom-code-mapping-review,held,AOM_000367,,,,E-SRC-WORKBOOK;E-PILOT;E-AOM-STAGING,,,One legacy code mapping exists but exact identity is not established by definition.
out,8,out:119.1,119.1,119.1,Meat Yield,FALSE,livestock,era:outcome:119.1,Productivity / Yield / Product Yield / Meat Yield,Current pilot treats reporting hierarchy and analytical metadata as one SKOS concept tree.,aom-livestock,sosa-property-plus-procedure-quantity-and-basis,reuse-existing-aom-id-candidate,proposed,AOM_000369,AOM_000369,AOM_000369,,E-SRC-WORKBOOK;E-PILOT;E-AOM-STAGING,,,Normalized label and definition match one existing AOM concept; module placement still needs approval.
out,9,out:119.2,119.2,119.2,Milk Yield,FALSE,livestock,era:outcome:119.2,Productivity / Yield / Product Yield / Milk Yield,Current pilot treats reporting hierarchy and analytical metadata as one SKOS concept tree.,aom-livestock,sosa-property-plus-procedure-quantity-and-basis,hold-existing-aom-code-mapping-review,held,AOM_000380,AOM_000380,,,E-SRC-WORKBOOK;E-PILOT;E-AOM-STAGING,,,One legacy code mapping exists but exact identity is not established by definition.
out,10,out:119.3,119.3,119.3,Egg Yield,FALSE,livestock,era:outcome:119.3,Productivity / Yield / Product Yield / Egg Yield,Current pilot treats reporting hierarchy and analytical metadata as one SKOS concept tree.,aom-livestock,sosa-property-plus-procedure-quantity-and-basis,reuse-existing-aom-id-candidate,proposed,AOM_000383,AOM_000383,AOM_000383,,E-SRC-WORKBOOK;E-PILOT;E-AOM-STAGING,,,Normalized label and definition match one existing AOM concept; module placement still needs approval.
out,11,out:119.4,119.4,119.4,Other Animal Product Yield,FALSE,livestock,era:outcome:119.4,Productivity / Yield / Product Yield / Other Animal Product Yield,Current pilot treats reporting hierarchy and analytical metadata as one SKOS concept tree.,aom-livestock,sosa-property-plus-procedure-quantity-and-basis,reuse-existing-aom-id-candidate,proposed,AOM_000385,AOM_000385,AOM_000385,,E-SRC-WORKBOOK;E-PILOT;E-AOM-STAGING,,,Normalized label and definition match one existing AOM concept; module placement still needs approval.
out,12,out:119.5,119.5,119.5,Reproductive Yield,FALSE,livestock,era:outcome:119.5,Productivity / Yield / Product Yield / Reproductive Yield,Current pilot treats reporting hierarchy and analytical metadata as one SKOS concept tree.,aom-livestock,sosa-property-plus-procedure-quantity-and-basis,retain-source-candidate-pending-row-review,proposed,,AOM_000386,,,E-SRC-WORKBOOK;E-PILOT;E-AOM-STAGING,,,No approved existing identity found; retain source record without allocating a public identifier.
out,13,out:400,400,400,Feed Intake,FALSE,livestock,era:outcome:400.0,Other / Livestock Diet / Feed Intake / Feed Intake,Current pilot treats reporting hierarchy and analytical metadata as one SKOS concept tree. Pilot notation differs from source lexical code.,aom-livestock,sosa-property-plus-procedure-quantity-and-basis,hold-existing-aom-code-mapping-review,held,AOM_000359,AOM_000359,,,E-SRC-WORKBOOK;E-PILOT;E-AOM-STAGING,,,One legacy code mapping exists but exact identity is not established by definition.
out,14,out:102,102,102,Crop Residue Yield,FALSE,crop,era:outcome:102.0,Productivity / Yield / Non-Product Yield / Crop Residue Yield,Current pilot treats reporting hierarchy and analytical metadata as one SKOS concept tree. Pilot notation differs from source lexical code.,aom-crop,sosa-property-plus-procedure-quantity-and-basis,retain-source-candidate-pending-row-review,proposed,,,,,E-SRC-WORKBOOK;E-PILOT;E-AOM-STAGING,,,No approved existing identity found; retain source record without allocating a public identifier.
out,15,out:120,120,120,Gross Return,FALSE,cross-domain,era:outcome:120.0,Productivity / Economics / Income / Gross Return,Current pilot treats reporting hierarchy and analytical metadata as one SKOS concept tree. Pilot notation differs from source lexical code.,module-review,sosa-property-plus-procedure-quantity-and-basis,reuse-existing-aom-id-candidate,proposed,AOM_000399,AOM_000399,AOM_000399,,E-SRC-WORKBOOK;E-PILOT;E-AOM-STAGING,,,Normalized label and definition match one existing AOM concept; module placement still needs approval.
out,16,out:124,124,124,Net Return,FALSE,cross-domain,era:outcome:124.0,Productivity / Economics / Income / Net Return,Current pilot treats reporting hierarchy and analytical metadata as one SKOS concept tree. Pilot notation differs from source lexical code.,module-review,sosa-property-plus-procedure-quantity-and-basis,reuse-existing-aom-id-candidate,proposed,AOM_000400,AOM_000400,AOM_000400,,E-SRC-WORKBOOK;E-PILOT;E-AOM-STAGING,,,Normalized label and definition match one existing AOM concept; module placement still needs approval.
out,17,out:124.1,124.1,124.1,Gross Margin,FALSE,cross-domain,era:outcome:124.1,Productivity / Economics / Income / Gross Margin,Current pilot treats reporting hierarchy and analytical metadata as one SKOS concept tree.,module-review,sosa-property-plus-procedure-quantity-and-basis,reuse-existing-aom-id-candidate,proposed,AOM_000401,AOM_000401,AOM_000401,,E-SRC-WORKBOOK;E-PILOT;E-AOM-STAGING,,,Normalized label and definition match one existing AOM concept; module placement still needs approval.
out,18,out:150,150,150,Total Cost,FALSE,cross-domain,era:outcome:150.0,Productivity / Economics / Costs / Total Cost,Current pilot treats reporting hierarchy and analytical metadata as one SKOS concept tree. Pilot notation differs from source lexical code.,module-review,sosa-property-plus-procedure-quantity-and-basis,hold-existing-aom-code-mapping-review,held,AOM_000404,AOM_000404,,,E-SRC-WORKBOOK;E-PILOT;E-AOM-STAGING,,,One legacy code mapping exists but exact identity is not established by definition.
out,19,out:150.1,150.1,150.1,Total Cost per Unit Product,FALSE,cross-domain,era:outcome:150.1,Productivity / Economics / Costs / Total Cost per Unit Product,Current pilot treats reporting hierarchy and analytical metadata as one SKOS concept tree.,module-review,sosa-property-plus-procedure-quantity-and-basis,hold-existing-aom-code-mapping-review,held,AOM_000407,,,,E-SRC-WORKBOOK;E-PILOT;E-AOM-STAGING,,,One legacy code mapping exists but exact identity is not established by definition.
out,20,out:150.2,150.2,150.2,Total Cost per Asset,FALSE,cross-domain,era:outcome:150.2,Productivity / Economics / Costs / Total Cost per Asset,Current pilot treats reporting hierarchy and analytical metadata as one SKOS concept tree.,module-review,sosa-property-plus-procedure-quantity-and-basis,retain-source-candidate-pending-row-review,proposed,,AOM_101006,,,E-SRC-WORKBOOK;E-PILOT;E-AOM-STAGING,,,No approved existing identity found; retain source record without allocating a public identifier.
out,21,out:150.3,150.3,150.3,Total Cost (Unconfirmed),FALSE,cross-domain,era:outcome:150.3,Productivity / Economics / Costs / Total Cost (Unconfirmed),Current pilot treats reporting hierarchy and analytical metadata as one SKOS concept tree.,module-review,sosa-property-plus-procedure-quantity-and-basis,retain-source-candidate-pending-row-review,proposed,,,,,E-SRC-WORKBOOK;E-PILOT;E-AOM-STAGING,,,No approved existing identity found; retain source record without allocating a public identifier.
out,22,out:151,151,151,Fixed Cost,FALSE,cross-domain,era:outcome:151.0,Productivity / Economics / Costs / Fixed Cost,Current pilot treats reporting hierarchy and analytical metadata as one SKOS concept tree. Pilot notation differs from source lexical code.,module-review,sosa-property-plus-procedure-quantity-and-basis,reuse-existing-aom-id-candidate,proposed,AOM_000408,AOM_000408,AOM_000408,,E-SRC-WORKBOOK;E-PILOT;E-AOM-STAGING,,,Normalized label and definition match one existing AOM concept; module placement still needs approval.
out,23,out:151.1,151.1,151.1,Fixed Cost per Unit Product,FALSE,cross-domain,era:outcome:151.1,Productivity / Economics / Costs / Fixed Cost per Unit Product,Current pilot treats reporting hierarchy and analytical metadata as one SKOS concept tree.,module-review,sosa-property-plus-procedure-quantity-and-basis,retain-source-candidate-pending-row-review,proposed,,,,,E-SRC-WORKBOOK;E-PILOT;E-AOM-STAGING,,,No approved existing identity found; retain source record without allocating a public identifier.
out,24,out:151.2,151.2,151.2,Fixed Cost per Asset,FALSE,cross-domain,era:outcome:151.2,Productivity / Economics / Costs / Fixed Cost per Asset,Current pilot treats reporting hierarchy and analytical metadata as one SKOS concept tree.,module-review,sosa-property-plus-procedure-quantity-and-basis,retain-source-candidate-pending-row-review,proposed,,,,,E-SRC-WORKBOOK;E-PILOT;E-AOM-STAGING,,,No approved existing identity found; retain source record without allocating a public identifier.
out,25,out:152,152,152,Variable Cost,FALSE,cross-domain,era:outcome:152.0,Productivity / Economics / Costs / Variable Cost,Current pilot treats reporting hierarchy and analytical metadata as one SKOS concept tree. Pilot notation differs from source lexical code.,module-review,sosa-property-plus-procedure-quantity-and-basis,retain-source-candidate-pending-row-review,proposed,,AOM_003110,,,E-SRC-WORKBOOK;E-PILOT;E-AOM-STAGING,,,No approved existing identity found; retain source record without allocating a public identifier.
out,26,out:152.2,152.2,152.2,Variable Cost per Unit Product,FALSE,cross-domain,era:outcome:152.2,Productivity / Economics / Costs / Variable Cost per Unit Product,Current pilot treats reporting hierarchy and analytical metadata as one SKOS concept tree.,module-review,sosa-property-plus-procedure-quantity-and-basis,retain-source-candidate-pending-row-review,proposed,,,,,E-SRC-WORKBOOK;E-PILOT;E-AOM-STAGING,,,No approved existing identity found; retain source record without allocating a public identifier.
out,27,out:152.3,152.3,152.3,Variable Cost per Asset,FALSE,cross-domain,era:outcome:152.3,Productivity / Economics / Costs / Variable Cost per Asset,Current pilot treats reporting hierarchy and analytical metadata as one SKOS concept tree.,module-review,sosa-property-plus-procedure-quantity-and-basis,hold-existing-aom-code-mapping-review,held,AOM_000415,,,,E-SRC-WORKBOOK;E-PILOT;E-AOM-STAGING,,,One legacy code mapping exists but exact identity is not established by definition.
out,28,out:152.1,152.1,152.1,Labour Cost,FALSE,cross-domain,era:outcome:152.1,Productivity / Economics / Costs / Labour Cost,Current pilot treats reporting hierarchy and analytical metadata as one SKOS concept tree.,module-review,sosa-property-plus-procedure-quantity-and-basis,retain-source-candidate-pending-row-review,proposed,,,,,E-SRC-WORKBOOK;E-PILOT;E-AOM-STAGING,,,No approved existing identity found; retain source record without allocating a public identifier.
out,29,out:152.4,152.4,152.4,Labour Cost per Unit Product,FALSE,cross-domain,era:outcome:152.4,Productivity / Economics / Costs / Labour Cost per Unit Product,Current pilot treats reporting hierarchy and analytical metadata as one SKOS concept tree.,module-review,sosa-property-plus-procedure-quantity-and-basis,retain-source-candidate-pending-row-review,proposed,,,,,E-SRC-WORKBOOK;E-PILOT;E-AOM-STAGING,,,No approved existing identity found; retain source record without allocating a public identifier.
out,30,out:152.5,152.5,152.5,Labour Cost per Asset,FALSE,cross-domain,era:outcome:152.5,Productivity / Economics / Costs / Labour Cost per Asset,Current pilot treats reporting hierarchy and analytical metadata as one SKOS concept tree.,module-review,sosa-property-plus-procedure-quantity-and-basis,retain-source-candidate-pending-row-review,proposed,,,,,E-SRC-WORKBOOK;E-PILOT;E-AOM-STAGING,,,No approved existing identity found; retain source record without allocating a public identifier.
out,31,out:125,125,125,Benefit Cost Ratio (GRTC),FALSE,cross-domain,era:outcome:125.0,Productivity / Economics / Economic Performance / Benefit Cost Ratio (GRTC),Current pilot treats reporting hierarchy and analytical metadata as one SKOS concept tree. Pilot notation differs from source lexical code.,module-review,sosa-property-plus-procedure-quantity-and-basis,hold-existing-aom-code-mapping-review,held,AOM_000465,AOM_000465,,,E-SRC-WORKBOOK;E-PILOT;E-AOM-STAGING,,,One legacy code mapping exists but exact identity is not established by definition.
out,32,out:125.1,125.1,125.1,Benefit Cost Ratio (GRVC),FALSE,cross-domain,era:outcome:125.1,Productivity / Economics / Economic Performance / Benefit Cost Ratio (GRVC),Current pilot treats reporting hierarchy and analytical metadata as one SKOS concept tree.,module-review,sosa-property-plus-procedure-quantity-and-basis,reuse-existing-aom-id-candidate,proposed,AOM_000466,AOM_000466,AOM_000466,,E-SRC-WORKBOOK;E-PILOT;E-AOM-STAGING,,,Normalized label and definition match one existing AOM concept; module placement still needs approval.
out,33,out:125.2,125.2,125.2,Benefit Cost Ratio (GMVC),FALSE,cross-domain,era:outcome:125.2,Productivity / Economics / Economic Performance / Benefit Cost Ratio (GMVC),Current pilot treats reporting hierarchy and analytical metadata as one SKOS concept tree.,module-review,sosa-property-plus-procedure-quantity-and-basis,retain-source-candidate-pending-row-review,proposed,,AOM_003101,,,E-SRC-WORKBOOK;E-PILOT;E-AOM-STAGING,,,No approved existing identity found; retain source record without allocating a public identifier.
out,34,out:125.3,125.3,125.3,Benefit Cost Ratio (NRVC),FALSE,cross-domain,era:outcome:125.3,Productivity / Economics / Economic Performance / Benefit Cost Ratio (NRVC),Current pilot treats reporting hierarchy and analytical metadata as one SKOS concept tree.,module-review,sosa-property-plus-procedure-quantity-and-basis,retain-source-candidate-pending-row-review,proposed,,,,,E-SRC-WORKBOOK;E-PILOT;E-AOM-STAGING,,,No approved existing identity found; retain source record without allocating a public identifier.
out,35,out:125.5,125.5,125.5,Benefit Cost Ratio (NRTC),FALSE,cross-domain,era:outcome:125.5,Productivity / Economics / Economic Performance / Benefit Cost Ratio (NRTC),Current pilot treats reporting hierarchy and analytical metadata as one SKOS concept tree.,module-review,sosa-property-plus-procedure-quantity-and-basis,retain-source-candidate-pending-row-review,proposed,,,,,E-SRC-WORKBOOK;E-PILOT;E-AOM-STAGING,,,No approved existing identity found; retain source record without allocating a public identifier.
out,36,out:125.6,125.6,125.6,Benefit Cost Ratio (GMTC),FALSE,cross-domain,era:outcome:125.6,Productivity / Economics / Economic Performance / Benefit Cost Ratio (GMTC),Current pilot treats reporting hierarchy and analytical metadata as one SKOS concept tree.,module-review,sosa-property-plus-procedure-quantity-and-basis,retain-source-candidate-pending-row-review,proposed,,,,,E-SRC-WORKBOOK;E-PILOT;E-AOM-STAGING,,,No approved existing identity found; retain source record without allocating a public identifier.
out,37,out:125.4,125.4,125.4,Benefit Cost Ratio (Unspecified),FALSE,cross-domain,era:outcome:125.4,Productivity / Economics / Economic Performance / Benefit Cost Ratio (Unspecified),Current pilot treats reporting hierarchy and analytical metadata as one SKOS concept tree.,module-review,sosa-property-plus-procedure-quantity-and-basis,reuse-existing-aom-id-candidate,proposed,AOM_000467,AOM_000467,AOM_000467,,E-SRC-WORKBOOK;E-PILOT;E-AOM-STAGING,,,Normalized label and definition match one existing AOM concept; module placement still needs approval.
out,38,out:126,126,126,Cost Benefit Ratio (TCGR),FALSE,cross-domain,era:outcome:126.0,Productivity / Economics / Economic Performance / Cost Benefit Ratio (TCGR),Current pilot treats reporting hierarchy and analytical metadata as one SKOS concept tree. Pilot notation differs from source lexical code.,module-review,sosa-property-plus-procedure-quantity-and-basis,reuse-existing-aom-id-candidate,proposed,AOM_000468,AOM_000468,AOM_000468,,E-SRC-WORKBOOK;E-PILOT;E-AOM-STAGING,,,Normalized label and definition match one existing AOM concept; module placement still needs approval.
out,39,out:126.1,126.1,126.1,Cost Benefit Ratio (VCGR),FALSE,cross-domain,era:outcome:126.1,Productivity / Economics / Economic Performance / Cost Benefit Ratio (VCGR),Current pilot treats reporting hierarchy and analytical metadata as one SKOS concept tree.,module-review,sosa-property-plus-procedure-quantity-and-basis,hold-existing-aom-code-mapping-review,held,AOM_000469,AOM_000469,,,E-SRC-WORKBOOK;E-PILOT;E-AOM-STAGING,,,One legacy code mapping exists but exact identity is not established by definition.
out,40,out:126.2,126.2,126.2,Cost Benefit Ratio (TCNR),FALSE,cross-domain,era:outcome:126.2,Productivity / Economics / Economic Performance / Cost Benefit Ratio (TCNR),Current pilot treats reporting hierarchy and analytical metadata as one SKOS concept tree.,module-review,sosa-property-plus-procedure-quantity-and-basis,retain-source-candidate-pending-row-review,proposed,,,,,E-SRC-WORKBOOK;E-PILOT;E-AOM-STAGING,,,No approved existing identity found; retain source record without allocating a public identifier.
out,41,out:130,130,130,Net Present Value,FALSE,cross-domain,era:outcome:130.0,Productivity / Economics / Economic Performance / Net Present Value,Current pilot treats reporting hierarchy and analytical metadata as one SKOS concept tree. Pilot notation differs from source lexical code.,module-review,sosa-property-plus-procedure-quantity-and-basis,reuse-existing-aom-id-candidate,proposed,AOM_000470,AOM_000470,AOM_000470,,E-SRC-WORKBOOK;E-PILOT;E-AOM-STAGING,,,Normalized label and definition match one existing AOM concept; module placement still needs approval.
out,42,out:131,131,131,Payback Period,FALSE,cross-domain,era:outcome:131.0,Productivity / Economics / Economic Performance / Payback Period,Current pilot treats reporting hierarchy and analytical metadata as one SKOS concept tree. Pilot notation differs from source lexical code.,module-review,sosa-property-plus-procedure-quantity-and-basis,reuse-existing-aom-id-candidate,proposed,AOM_000471,AOM_000471,AOM_000471,,E-SRC-WORKBOOK;E-PILOT;E-AOM-STAGING,,,Normalized label and definition match one existing AOM concept; module placement still needs approval.
out,43,out:134,134,134,Return on Investment,FALSE,cross-domain,era:outcome:134.0,Productivity / Economics / Economic Performance / Return on Investment,Current pilot treats reporting hierarchy and analytical metadata as one SKOS concept tree. Pilot notation differs from source lexical code.,module-review,sosa-property-plus-procedure-quantity-and-basis,reuse-existing-aom-id-candidate,proposed,AOM_000472,AOM_000472,AOM_000472,,E-SRC-WORKBOOK;E-PILOT;E-AOM-STAGING,,,Normalized label and definition match one existing AOM concept; module placement still needs approval.
out,44,out:137,137,137,Internal Rate of Return,FALSE,cross-domain,era:outcome:137.0,Productivity / Economics / Economic Performance / Internal Rate of Return,Current pilot treats reporting hierarchy and analytical metadata as one SKOS concept tree. Pilot notation differs from source lexical code.,module-review,sosa-property-plus-procedure-quantity-and-basis,reuse-existing-aom-id-candidate,proposed,AOM_000473,AOM_000473,AOM_000473,,E-SRC-WORKBOOK;E-PILOT;E-AOM-STAGING,,,Normalized label and definition match one existing AOM concept; module placement still needs approval.
out,45,out:137.1,137.1,137.1,Marginal Rate of Return,FALSE,cross-domain,era:outcome:137.1,Productivity / Economics / Economic Performance / Marginal Rate of Return,Current pilot treats reporting hierarchy and analytical metadata as one SKOS concept tree.,module-review,sosa-property-plus-procedure-quantity-and-basis,reuse-existing-aom-id-candidate,proposed,AOM_000474,AOM_000474,AOM_000474,,E-SRC-WORKBOOK;E-PILOT;E-AOM-STAGING,,,Normalized label and definition match one existing AOM concept; module placement still needs approval.
out,46,out:203,203,203,Biodiversity,FALSE,cross-domain-environment,era:outcome:203.0,Resilience / Physical / Biodiversity / Biodiversity,Current pilot treats reporting hierarchy and analytical metadata as one SKOS concept tree. Pilot notation differs from source lexical code.,module-review,sosa-property-plus-procedure-quantity-and-basis,reuse-existing-aom-id-candidate,proposed,AOM_000477,AOM_000477,AOM_000477,,E-SRC-WORKBOOK;E-PILOT;E-AOM-STAGING,,,Normalized label and definition match one existing AOM concept; module placement still needs approval.
out,47,out:268,268,268,Beneficial Organisms,FALSE,cross-domain-environment,era:outcome:268.0,Resilience / Physical / Biodiversity / Beneficial Organisms,Current pilot treats reporting hierarchy and analytical metadata as one SKOS concept tree. Pilot notation differs from source lexical code.,module-review,sosa-property-plus-procedure-quantity-and-basis,hold-existing-aom-code-mapping-review,held,AOM_000478,,,,E-SRC-WORKBOOK;E-PILOT;E-AOM-STAGING,,,One legacy code mapping exists but exact identity is not established by definition.
out,48,out:209,209,209,Pest & Pathogen (Losses),FALSE,cross-domain-environment,era:outcome:209.0,Resilience / Physical / Pest & Pathogen / Pest & Pathogen (Losses),Current pilot treats reporting hierarchy and analytical metadata as one SKOS concept tree. Pilot notation differs from source lexical code.,module-review,sosa-property-plus-procedure-quantity-and-basis,retain-source-candidate-pending-row-review,proposed,,,,,E-SRC-WORKBOOK;E-PILOT;E-AOM-STAGING,,,No approved existing identity found; retain source record without allocating a public identifier.
out,49,out:209.1,209.1,209.1,Pest & Pathogen (Product Weight),FALSE,cross-domain-environment,era:outcome:209.1,Resilience / Physical / Pest & Pathogen / Pest & Pathogen (Product Weight),Current pilot treats reporting hierarchy and analytical metadata as one SKOS concept tree.,module-review,sosa-property-plus-procedure-quantity-and-basis,retain-source-candidate-pending-row-review,proposed,,,,,E-SRC-WORKBOOK;E-PILOT;E-AOM-STAGING,,,No approved existing identity found; retain source record without allocating a public identifier.
out,50,out:212,212,212,Pest & Pathogen (Numbers),FALSE,cross-domain-environment,era:outcome:212.0,Resilience / Physical / Pest & Pathogen / Pest & Pathogen (Numbers),Current pilot treats reporting hierarchy and analytical metadata as one SKOS concept tree. Pilot notation differs from source lexical code.,module-review,sosa-property-plus-procedure-quantity-and-basis,retain-source-candidate-pending-row-review,proposed,,,,,E-SRC-WORKBOOK;E-PILOT;E-AOM-STAGING,,,No approved existing identity found; retain source record without allocating a public identifier.
out,51,out:217,217,217,Erosion,FALSE,cross-domain-environment,era:outcome:217.0,Resilience / Physical / Soil Quality / Erosion,Current pilot treats reporting hierarchy and analytical metadata as one SKOS concept tree. Pilot notation differs from source lexical code.,module-review,sosa-property-plus-procedure-quantity-and-basis,reuse-existing-aom-id-candidate,proposed,AOM_000481,AOM_000481,AOM_000481,ENVO_01001346,E-SRC-WORKBOOK;E-PILOT;E-AOM-STAGING,,,Normalized label and definition match one existing AOM concept; module placement still needs approval.
out,52,out:218,218,218,Runoff,FALSE,cross-domain-environment,era:outcome:218.0,Resilience / Physical / Soil Quality / Runoff,Current pilot treats reporting hierarchy and analytical metadata as one SKOS concept tree. Pilot notation differs from source lexical code.,module-review,sosa-property-plus-procedure-quantity-and-basis,reuse-existing-aom-id-candidate,proposed,AOM_000482,AOM_000482,AOM_000482,,E-SRC-WORKBOOK;E-PILOT;E-AOM-STAGING,,,Normalized label and definition match one existing AOM concept; module placement still needs approval.
out,53,out:223,223,223,Soil Organic Matter,FALSE,cross-domain-environment,era:outcome:223.0,Resilience / Physical / Soil Quality / Soil Organic Matter,Current pilot treats reporting hierarchy and analytical metadata as one SKOS concept tree. Pilot notation differs from source lexical code.,module-review,sosa-property-plus-procedure-quantity-and-basis,reuse-existing-aom-id-candidate,proposed,AOM_000483,AOM_000483,AOM_000483,ENVO_04000008,E-SRC-WORKBOOK;E-PILOT;E-AOM-STAGING,,,Normalized label and definition match one existing AOM concept; module placement still needs approval.
out,54,out:224,224,224,Soil Organic Carbon,FALSE,cross-domain-environment,era:outcome:224.0,Resilience / Physical / Soil Quality / Soil Organic Carbon,Current pilot treats reporting hierarchy and analytical metadata as one SKOS concept tree. Pilot notation differs from source lexical code.,module-review,sosa-property-plus-procedure-quantity-and-basis,reuse-existing-aom-id-candidate,proposed,AOM_000484,AOM_000484,AOM_000484,,E-SRC-WORKBOOK;E-PILOT;E-AOM-STAGING,,,Normalized label and definition match one existing AOM concept; module placement still needs approval.
out,55,out:224.1,224.1,224.1,Soil Organic Carbon (Change),FALSE,cross-domain-environment,era:outcome:224.1,Resilience / Physical / Soil Quality / Soil Organic Carbon (Change),Current pilot treats reporting hierarchy and analytical metadata as one SKOS concept tree.,module-review,sosa-property-plus-procedure-quantity-and-basis,reuse-existing-aom-id-candidate,proposed,AOM_000485,AOM_000485,AOM_000485,,E-SRC-WORKBOOK;E-PILOT;E-AOM-STAGING,,,Normalized label and definition match one existing AOM concept; module placement still needs approval.
out,56,out:226,226,226,Soil Nitrogen,FALSE,cross-domain-environment,era:outcome:226.0,Resilience / Physical / Soil Quality / Soil Nitrogen,Current pilot treats reporting hierarchy and analytical metadata as one SKOS concept tree. Pilot notation differs from source lexical code.,module-review,sosa-property-plus-procedure-quantity-and-basis,reuse-existing-aom-id-candidate,proposed,AOM_000486,AOM_000486,AOM_000486,,E-SRC-WORKBOOK;E-PILOT;E-AOM-STAGING,,,Normalized label and definition match one existing AOM concept; module placement still needs approval.
out,57,out:226.1,226.1,226.1,Soil Total Nitrogen,FALSE,cross-domain-environment,era:outcome:226.1,Resilience / Physical / Soil Quality / Soil Total Nitrogen,Current pilot treats reporting hierarchy and analytical metadata as one SKOS concept tree.,module-review,sosa-property-plus-procedure-quantity-and-basis,reuse-existing-aom-id-candidate,proposed,AOM_000487,AOM_000487,AOM_000487,,E-SRC-WORKBOOK;E-PILOT;E-AOM-STAGING,,,Normalized label and definition match one existing AOM concept; module placement still needs approval.
out,58,out:226.2,226.2,226.2,Soil Available Nitrogen,FALSE,cross-domain-environment,era:outcome:226.2,Resilience / Physical / Soil Quality / Soil Available Nitrogen,Current pilot treats reporting hierarchy and analytical metadata as one SKOS concept tree.,module-review,sosa-property-plus-procedure-quantity-and-basis,reuse-existing-aom-id-candidate,proposed,AOM_000488,AOM_000488,AOM_000488,,E-SRC-WORKBOOK;E-PILOT;E-AOM-STAGING,,,Normalized label and definition match one existing AOM concept; module placement still needs approval.
out,59,out:226.3,226.3,226.3,Soil NO3,FALSE,cross-domain-environment,era:outcome:226.3,Resilience / Physical / Soil Quality / Soil NO3,Current pilot treats reporting hierarchy and analytical metadata as one SKOS concept tree.,module-review,sosa-property-plus-procedure-quantity-and-basis,reuse-existing-aom-id-candidate,proposed,AOM_000489,AOM_000489,AOM_000489,,E-SRC-WORKBOOK;E-PILOT;E-AOM-STAGING,,,Normalized label and definition match one existing AOM concept; module placement still needs approval.
out,60,out:226.4,226.4,226.4,Soil NH4,FALSE,cross-domain-environment,era:outcome:226.4,Resilience / Physical / Soil Quality / Soil NH4,Current pilot treats reporting hierarchy and analytical metadata as one SKOS concept tree.,module-review,sosa-property-plus-procedure-quantity-and-basis,reuse-existing-aom-id-candidate,proposed,AOM_000490,AOM_000490,AOM_000490,,E-SRC-WORKBOOK;E-PILOT;E-AOM-STAGING,,,Normalized label and definition match one existing AOM concept; module placement still needs approval.
out,61,out:231,231,231,Soil Moisture,FALSE,cross-domain-environment,era:outcome:231.0,Resilience / Physical / Soil Quality / Soil Moisture,Current pilot treats reporting hierarchy and analytical metadata as one SKOS concept tree. Pilot notation differs from source lexical code.,module-review,sosa-property-plus-procedure-quantity-and-basis,reuse-existing-aom-id-candidate,proposed,AOM_000491,AOM_000491,AOM_000491,,E-SRC-WORKBOOK;E-PILOT;E-AOM-STAGING,,,Normalized label and definition match one existing AOM concept; module placement still needs approval.
out,62,out:221,221,221,Infiltration Rate,FALSE,cross-domain-environment,era:outcome:221.0,Resilience / Physical / Soil Quality / Infiltration Rate,Current pilot treats reporting hierarchy and analytical metadata as one SKOS concept tree. Pilot notation differs from source lexical code.,module-review,sosa-property-plus-procedure-quantity-and-basis,reuse-existing-aom-id-candidate,proposed,AOM_000492,AOM_000492,AOM_000492,,E-SRC-WORKBOOK;E-PILOT;E-AOM-STAGING,,,Normalized label and definition match one existing AOM concept; module placement still needs approval.
out,63,out:228,228,228,Cation Exchange Capacity,FALSE,cross-domain-environment,era:outcome:228.0,Resilience / Physical / Soil Quality / Cation Exchange Capacity,Current pilot treats reporting hierarchy and analytical metadata as one SKOS concept tree. Pilot notation differs from source lexical code.,module-review,sosa-property-plus-procedure-quantity-and-basis,reuse-existing-aom-id-candidate,proposed,AOM_000493,AOM_000493,AOM_000493,,E-SRC-WORKBOOK;E-PILOT;E-AOM-STAGING,,,Normalized label and definition match one existing AOM concept; module placement still needs approval.
out,64,out:228.1,228.1,228.1,Effective Cation Exchange Capacity,FALSE,cross-domain-environment,era:outcome:228.1,Resilience / Physical / Soil Quality / Effective Cation Exchange Capacity,Current pilot treats reporting hierarchy and analytical metadata as one SKOS concept tree.,module-review,sosa-property-plus-procedure-quantity-and-basis,reuse-existing-aom-id-candidate,proposed,AOM_000494,AOM_000494,AOM_000494,,E-SRC-WORKBOOK;E-PILOT;E-AOM-STAGING,,,Normalized label and definition match one existing AOM concept; module placement still needs approval.
out,65,out:270,270,270,Yield Stability,FALSE,cross-domain-environment,era:outcome:270.0,Resilience / Physical / Yield Stability / Yield Stability,Current pilot treats reporting hierarchy and analytical metadata as one SKOS concept tree. Pilot notation differs from source lexical code.,module-review,sosa-property-plus-procedure-quantity-and-basis,reuse-existing-aom-id-candidate,proposed,AOM_000496,AOM_000496,AOM_000496,,E-SRC-WORKBOOK;E-PILOT;E-AOM-STAGING,,,Normalized label and definition match one existing AOM concept; module placement still needs approval.
out,66,out:236.1,236.1,236.1,Animal Survival,FALSE,livestock,era:outcome:236.1,Resilience / Physical / Animal Survival / Animal Survival,Current pilot treats reporting hierarchy and analytical metadata as one SKOS concept tree.,aom-livestock,sosa-property-plus-procedure-quantity-and-basis,reuse-existing-aom-id-candidate,proposed,AOM_000497,AOM_000497,AOM_000497,,E-SRC-WORKBOOK;E-PILOT;E-AOM-STAGING,,,Normalized label and definition match one existing AOM concept; module placement still needs approval.
out,67,out:236.2,236.2,236.2,Animal Mortality,FALSE,livestock,era:outcome:236.2,Resilience / Physical / Animal Survival / Animal Mortality,Current pilot treats reporting hierarchy and analytical metadata as one SKOS concept tree.,aom-livestock,sosa-property-plus-procedure-quantity-and-basis,reuse-existing-aom-id-candidate,proposed,AOM_000498,AOM_000498,AOM_000498,,E-SRC-WORKBOOK;E-PILOT;E-AOM-STAGING,,,Normalized label and definition match one existing AOM concept; module placement still needs approval.
out,68,out:232.1,232.1,232.1,Water Use,FALSE,cross-domain-environment,era:outcome:232.1,Resilience / Efficiency / Efficiency / Water Use,Current pilot treats reporting hierarchy and analytical metadata as one SKOS concept tree.,module-review,sosa-property-plus-procedure-quantity-and-basis,retain-source-candidate-pending-row-review,proposed,,,,,E-SRC-WORKBOOK;E-PILOT;E-AOM-STAGING,,,No approved existing identity found; retain source record without allocating a public identifier.
out,69,out:232.2,232.2,232.2,Water Use Efficiency,FALSE,cross-domain-environment,era:outcome:232.2,Resilience / Efficiency / Efficiency / Water Use Efficiency,Current pilot treats reporting hierarchy and analytical metadata as one SKOS concept tree.,module-review,sosa-property-plus-procedure-quantity-and-basis,hold-existing-aom-code-mapping-review,held,AOM_000500,AOM_000500,,,E-SRC-WORKBOOK;E-PILOT;E-AOM-STAGING,,,One legacy code mapping exists but exact identity is not established by definition.
out,70,out:232.3,232.3,232.3,Depreciated -Water Use (Rain & Irrigation),TRUE,cross-domain-environment,era:outcome:232.3,Resilience / Efficiency / Efficiency / Depreciated -Water Use (Rain & Irrigation),Current pilot treats reporting hierarchy and analytical metadata as one SKOS concept tree.,module-review,sosa-property-plus-procedure-quantity-and-basis,hold-deprecated-source-record,held,,,,,E-SRC-WORKBOOK;E-PILOT;E-AOM-STAGING,,,Deprecated source row requires replacement or lifecycle decision; it must not become a new active identity.
out,71,out:232.4,232.4,232.4,Depreciated - Water Use (Irrigation),TRUE,cross-domain-environment,era:outcome:232.4,Resilience / Efficiency / Efficiency / Depreciated - Water Use (Irrigation),Current pilot treats reporting hierarchy and analytical metadata as one SKOS concept tree.,module-review,sosa-property-plus-procedure-quantity-and-basis,hold-deprecated-source-record,held,,,,,E-SRC-WORKBOOK;E-PILOT;E-AOM-STAGING,,,Deprecated source row requires replacement or lifecycle decision; it must not become a new active identity.
out,72,out:232.5,232.5,232.5,Depreciated - Water Use (Unspecified),TRUE,cross-domain-environment,era:outcome:232.5,Resilience / Efficiency / Efficiency / Depreciated - Water Use (Unspecified),Current pilot treats reporting hierarchy and analytical metadata as one SKOS concept tree.,module-review,sosa-property-plus-procedure-quantity-and-basis,hold-deprecated-source-record,held,,,,,E-SRC-WORKBOOK;E-PILOT;E-AOM-STAGING,,,Deprecated source row requires replacement or lifecycle decision; it must not become a new active identity.
out,73,out:233,233,233,Nitrogen Use Efficiency (ARE Unspecificed),FALSE,cross-domain-environment,era:outcome:233.0,Resilience / Efficiency / Efficiency / Nitrogen Use Efficiency (ARE Unspecificed),Current pilot treats reporting hierarchy and analytical metadata as one SKOS concept tree. Pilot notation differs from source lexical code.,module-review,sosa-property-plus-procedure-quantity-and-basis,retain-source-candidate-pending-row-review,proposed,,,,,E-SRC-WORKBOOK;E-PILOT;E-AOM-STAGING,,,No approved existing identity found; retain source record without allocating a public identifier.
out,74,out:233.1,233.1,233.1,Nitrogen Use Efficiency (ARE Product),FALSE,cross-domain-environment,era:outcome:233.1,Resilience / Efficiency / Efficiency / Nitrogen Use Efficiency (ARE Product),Current pilot treats reporting hierarchy and analytical metadata as one SKOS concept tree.,module-review,sosa-property-plus-procedure-quantity-and-basis,retain-source-candidate-pending-row-review,proposed,,,,,E-SRC-WORKBOOK;E-PILOT;E-AOM-STAGING,,,No approved existing identity found; retain source record without allocating a public identifier.
out,75,out:233.2,233.2,233.2,Nitrogen Use Efficiency (ARE AGB),FALSE,cross-domain-environment,era:outcome:233.2,Resilience / Efficiency / Efficiency / Nitrogen Use Efficiency (ARE AGB),Current pilot treats reporting hierarchy and analytical metadata as one SKOS concept tree.,module-review,sosa-property-plus-procedure-quantity-and-basis,retain-source-candidate-pending-row-review,proposed,,,,,E-SRC-WORKBOOK;E-PILOT;E-AOM-STAGING,,,No approved existing identity found; retain source record without allocating a public identifier.
out,76,out:233.3,233.3,233.3,Nitrogen Use Efficiency (Isotopic Product),FALSE,cross-domain-environment,era:outcome:233.3,Resilience / Efficiency / Efficiency / Nitrogen Use Efficiency (Isotopic Product),Current pilot treats reporting hierarchy and analytical metadata as one SKOS concept tree.,module-review,sosa-property-plus-procedure-quantity-and-basis,retain-source-candidate-pending-row-review,proposed,,,,,E-SRC-WORKBOOK;E-PILOT;E-AOM-STAGING,,,No approved existing identity found; retain source record without allocating a public identifier.
out,77,out:233.4,233.4,233.4,Nitrogen Use Efficiency (Isotopic AGB),FALSE,cross-domain-environment,era:outcome:233.4,Resilience / Efficiency / Efficiency / Nitrogen Use Efficiency (Isotopic AGB),Current pilot treats reporting hierarchy and analytical metadata as one SKOS concept tree.,module-review,sosa-property-plus-procedure-quantity-and-basis,retain-source-candidate-pending-row-review,proposed,,,,,E-SRC-WORKBOOK;E-PILOT;E-AOM-STAGING,,,No approved existing identity found; retain source record without allocating a public identifier.
out,78,out:233.5,233.5,233.5,Nitrogen Use Efficiency (PNB Product),FALSE,cross-domain-environment,era:outcome:233.5,Resilience / Efficiency / Efficiency / Nitrogen Use Efficiency (PNB Product),Current pilot treats reporting hierarchy and analytical metadata as one SKOS concept tree.,module-review,sosa-property-plus-procedure-quantity-and-basis,retain-source-candidate-pending-row-review,proposed,,,,,E-SRC-WORKBOOK;E-PILOT;E-AOM-STAGING,,,No approved existing identity found; retain source record without allocating a public identifier.
out,79,out:233.6,233.6,233.6,Nitrogen Use Efficiency (PNB AGB),FALSE,cross-domain-environment,era:outcome:233.6,Resilience / Efficiency / Efficiency / Nitrogen Use Efficiency (PNB AGB),Current pilot treats reporting hierarchy and analytical metadata as one SKOS concept tree.,module-review,sosa-property-plus-procedure-quantity-and-basis,retain-source-candidate-pending-row-review,proposed,,,,,E-SRC-WORKBOOK;E-PILOT;E-AOM-STAGING,,,No approved existing identity found; retain source record without allocating a public identifier.
out,80,out:257.1,257.1,257.1,Nitrogen Agronomic Efficiency,FALSE,cross-domain-environment,era:outcome:257.1,Resilience / Efficiency / Efficiency / Nitrogen Agronomic Efficiency,Current pilot treats reporting hierarchy and analytical metadata as one SKOS concept tree.,module-review,sosa-property-plus-procedure-quantity-and-basis,retain-source-candidate-pending-row-review,proposed,,,,,E-SRC-WORKBOOK;E-PILOT;E-AOM-STAGING,,,No approved existing identity found; retain source record without allocating a public identifier.
out,81,out:257.3,257.3,257.3,Nitrogen Agronomic Efficiency (AGB),FALSE,cross-domain-environment,era:outcome:257.3,Resilience / Efficiency / Efficiency / Nitrogen Agronomic Efficiency (AGB),Current pilot treats reporting hierarchy and analytical metadata as one SKOS concept tree.,module-review,sosa-property-plus-procedure-quantity-and-basis,retain-source-candidate-pending-row-review,proposed,,,,,E-SRC-WORKBOOK;E-PILOT;E-AOM-STAGING,,,No approved existing identity found; retain source record without allocating a public identifier.
out,82,out:257.2,257.2,257.2,Nitrogen Factor Productivity,FALSE,cross-domain-environment,era:outcome:257.2,Resilience / Efficiency / Efficiency / Nitrogen Factor Productivity,Current pilot treats reporting hierarchy and analytical metadata as one SKOS concept tree.,module-review,sosa-property-plus-procedure-quantity-and-basis,retain-source-candidate-pending-row-review,proposed,,,,,E-SRC-WORKBOOK;E-PILOT;E-AOM-STAGING,,,No approved existing identity found; retain source record without allocating a public identifier.
out,83,out:238,238,238,Nitrogen (Apparent Efficiency Animals Feed),FALSE,livestock,era:outcome:238.0,Resilience / Efficiency / Efficiency / Nitrogen (Apparent Efficiency Animals Feed),Current pilot treats reporting hierarchy and analytical metadata as one SKOS concept tree. Pilot notation differs from source lexical code.,aom-livestock,sosa-property-plus-procedure-quantity-and-basis,hold-existing-aom-code-mapping-review,held,AOM_000509,,,,E-SRC-WORKBOOK;E-PILOT;E-AOM-STAGING,,,One legacy code mapping exists but exact identity is not established by definition.
out,84,out:234,234,234,Phosphorus Use Efficiency (ARE Unspecified),FALSE,cross-domain-environment,era:outcome:234.0,Resilience / Efficiency / Efficiency / Phosphorus Use Efficiency (ARE Unspecified),Current pilot treats reporting hierarchy and analytical metadata as one SKOS concept tree. Pilot notation differs from source lexical code.,module-review,sosa-property-plus-procedure-quantity-and-basis,retain-source-candidate-pending-row-review,proposed,,,,,E-SRC-WORKBOOK;E-PILOT;E-AOM-STAGING,,,No approved existing identity found; retain source record without allocating a public identifier.
out,85,out:234.1,234.1,234.1,Phosphorus Use Efficiency (ARE Product),FALSE,cross-domain-environment,era:outcome:234.1,Resilience / Efficiency / Efficiency / Phosphorus Use Efficiency (ARE Product),Current pilot treats reporting hierarchy and analytical metadata as one SKOS concept tree.,module-review,sosa-property-plus-procedure-quantity-and-basis,retain-source-candidate-pending-row-review,proposed,,,,,E-SRC-WORKBOOK;E-PILOT;E-AOM-STAGING,,,No approved existing identity found; retain source record without allocating a public identifier.
out,86,out:234.2,234.2,234.2,Phosphorus Use Efficiency (ARE AGB),FALSE,cross-domain-environment,era:outcome:234.2,Resilience / Efficiency / Efficiency / Phosphorus Use Efficiency (ARE AGB),Current pilot treats reporting hierarchy and analytical metadata as one SKOS concept tree.,module-review,sosa-property-plus-procedure-quantity-and-basis,retain-source-candidate-pending-row-review,proposed,,,,,E-SRC-WORKBOOK;E-PILOT;E-AOM-STAGING,,,No approved existing identity found; retain source record without allocating a public identifier.
out,87,out:258,258,258,Phosphorus Agronomic Efficiency,FALSE,cross-domain-environment,era:outcome:258.0,Resilience / Efficiency / Efficiency / Phosphorus Agronomic Efficiency,Current pilot treats reporting hierarchy and analytical metadata as one SKOS concept tree. Pilot notation differs from source lexical code.,module-review,sosa-property-plus-procedure-quantity-and-basis,retain-source-candidate-pending-row-review,proposed,,,,,E-SRC-WORKBOOK;E-PILOT;E-AOM-STAGING,,,No approved existing identity found; retain source record without allocating a public identifier.
out,88,out:258.2,258.2,258.2,Phosphorus Factor Productivity,FALSE,cross-domain-environment,era:outcome:258.2,Resilience / Efficiency / Efficiency / Phosphorus Factor Productivity,Current pilot treats reporting hierarchy and analytical metadata as one SKOS concept tree.,module-review,sosa-property-plus-procedure-quantity-and-basis,retain-source-candidate-pending-row-review,proposed,,,,,E-SRC-WORKBOOK;E-PILOT;E-AOM-STAGING,,,No approved existing identity found; retain source record without allocating a public identifier.
out,89,out:235,235,235,Potassium Use Efficiency (ARE Unspecified),FALSE,cross-domain-environment,era:outcome:235.0,Resilience / Efficiency / Efficiency / Potassium Use Efficiency (ARE Unspecified),Current pilot treats reporting hierarchy and analytical metadata as one SKOS concept tree. Pilot notation differs from source lexical code.,module-review,sosa-property-plus-procedure-quantity-and-basis,retain-source-candidate-pending-row-review,proposed,,,,,E-SRC-WORKBOOK;E-PILOT;E-AOM-STAGING,,,No approved existing identity found; retain source record without allocating a public identifier.
out,90,out:235.1,235.1,235.1,Potassium Use Efficiency (ARE Product),FALSE,cross-domain-environment,era:outcome:235.1,Resilience / Efficiency / Efficiency / Potassium Use Efficiency (ARE Product),Current pilot treats reporting hierarchy and analytical metadata as one SKOS concept tree.,module-review,sosa-property-plus-procedure-quantity-and-basis,retain-source-candidate-pending-row-review,proposed,,,,,E-SRC-WORKBOOK;E-PILOT;E-AOM-STAGING,,,No approved existing identity found; retain source record without allocating a public identifier.
out,91,out:235.2,235.2,235.2,Potassium Use Efficiency (ARE AGB),FALSE,cross-domain-environment,era:outcome:235.2,Resilience / Efficiency / Efficiency / Potassium Use Efficiency (ARE AGB),Current pilot treats reporting hierarchy and analytical metadata as one SKOS concept tree.,module-review,sosa-property-plus-procedure-quantity-and-basis,retain-source-candidate-pending-row-review,proposed,,,,,E-SRC-WORKBOOK;E-PILOT;E-AOM-STAGING,,,No approved existing identity found; retain source record without allocating a public identifier.
out,92,out:259,259,259,Potassium Agronomic Efficiency,FALSE,cross-domain-environment,era:outcome:259.0,Resilience / Efficiency / Efficiency / Potassium Agronomic Efficiency,Current pilot treats reporting hierarchy and analytical metadata as one SKOS concept tree. Pilot notation differs from source lexical code.,module-review,sosa-property-plus-procedure-quantity-and-basis,retain-source-candidate-pending-row-review,proposed,,,,,E-SRC-WORKBOOK;E-PILOT;E-AOM-STAGING,,,No approved existing identity found; retain source record without allocating a public identifier.
out,93,out:259.2,259.2,259.2,Potassium Factor Productivity,FALSE,cross-domain-environment,era:outcome:259.2,Resilience / Efficiency / Efficiency / Potassium Factor Productivity,Current pilot treats reporting hierarchy and analytical metadata as one SKOS concept tree.,module-review,sosa-property-plus-procedure-quantity-and-basis,retain-source-candidate-pending-row-review,proposed,,,,,E-SRC-WORKBOOK;E-PILOT;E-AOM-STAGING,,,No approved existing identity found; retain source record without allocating a public identifier.
out,94,out:257,257,257,Total Factor Productivity,FALSE,cross-domain-environment,era:outcome:257.0,Resilience / Efficiency / Efficiency / Total Factor Productivity,Current pilot treats reporting hierarchy and analytical metadata as one SKOS concept tree. Pilot notation differs from source lexical code.,module-review,sosa-property-plus-procedure-quantity-and-basis,hold-existing-aom-code-mapping-review,held,AOM_000511,AOM_000511,,,E-SRC-WORKBOOK;E-PILOT;E-AOM-STAGING,,,One legacy code mapping exists but exact identity is not established by definition.
out,95,out:267,267,267,Feed Conversion Ratio (Out In),FALSE,livestock,era:outcome:267.0,Resilience / Efficiency / Efficiency / Feed Conversion Ratio (Out In),Current pilot treats reporting hierarchy and analytical metadata as one SKOS concept tree. Pilot notation differs from source lexical code.,aom-livestock,sosa-property-plus-procedure-quantity-and-basis,reuse-existing-aom-id-candidate,proposed,AOM_000513,AOM_000513,AOM_000513,,E-SRC-WORKBOOK;E-PILOT;E-AOM-STAGING,,,Normalized label and definition match one existing AOM concept; module placement still needs approval.
out,96,out:267.1,267.1,267.1,Feed Conversion Ratio (In Out),FALSE,livestock,era:outcome:267.1,Resilience / Efficiency / Efficiency / Feed Conversion Ratio (In Out),Current pilot treats reporting hierarchy and analytical metadata as one SKOS concept tree.,aom-livestock,sosa-property-plus-procedure-quantity-and-basis,reuse-existing-aom-id-candidate,proposed,AOM_000514,AOM_000514,AOM_000514,,E-SRC-WORKBOOK;E-PILOT;E-AOM-STAGING,,,Normalized label and definition match one existing AOM concept; module placement still needs approval.
out,97,out:265,265,265,Protein Conversion Ratio (Out In),FALSE,livestock,era:outcome:265.0,Resilience / Efficiency / Efficiency / Protein Conversion Ratio (Out In),Current pilot treats reporting hierarchy and analytical metadata as one SKOS concept tree. Pilot notation differs from source lexical code.,aom-livestock,sosa-property-plus-procedure-quantity-and-basis,reuse-existing-aom-id-candidate,proposed,AOM_000515,AOM_000515,AOM_000515,,E-SRC-WORKBOOK;E-PILOT;E-AOM-STAGING,,,Normalized label and definition match one existing AOM concept; module placement still needs approval.
out,98,out:265.1,265.1,265.1,Protein Conversion Ratio (In Out),FALSE,livestock,era:outcome:265.1,Resilience / Efficiency / Efficiency / Protein Conversion Ratio (In Out),Current pilot treats reporting hierarchy and analytical metadata as one SKOS concept tree.,aom-livestock,sosa-property-plus-procedure-quantity-and-basis,reuse-existing-aom-id-candidate,proposed,AOM_000516,AOM_000516,AOM_000516,,E-SRC-WORKBOOK;E-PILOT;E-AOM-STAGING,,,Normalized label and definition match one existing AOM concept; module placement still needs approval.
out,99,out:239,239,239,Labour Female,FALSE,cross-domain,era:outcome:239.0,Resilience / Social / Gender Equity / Labour Female,Current pilot treats reporting hierarchy and analytical metadata as one SKOS concept tree. Pilot notation differs from source lexical code.,module-review,sosa-property-plus-procedure-quantity-and-basis,retain-source-candidate-pending-row-review,proposed,,,,,E-SRC-WORKBOOK;E-PILOT;E-AOM-STAGING,,,No approved existing identity found; retain source record without allocating a public identifier.
out,100,out:240,240,240,Labour Male,FALSE,cross-domain,era:outcome:240.0,Resilience / Social / Gender Equity / Labour Male,Current pilot treats reporting hierarchy and analytical metadata as one SKOS concept tree. Pilot notation differs from source lexical code.,module-review,sosa-property-plus-procedure-quantity-and-basis,retain-source-candidate-pending-row-review,proposed,,,,,E-SRC-WORKBOOK;E-PILOT;E-AOM-STAGING,,,No approved existing identity found; retain source record without allocating a public identifier.
out,101,out:242,242,242,Income Female,FALSE,cross-domain,era:outcome:242.0,Resilience / Social / Gender Equity / Income Female,Current pilot treats reporting hierarchy and analytical metadata as one SKOS concept tree. Pilot notation differs from source lexical code.,module-review,sosa-property-plus-procedure-quantity-and-basis,hold-ambiguous-legacy-code-mapping,held,AOM_000395;AOM_000517,AOM_000517,AOM_000517,,E-SRC-WORKBOOK;E-PILOT;E-AOM-STAGING,,,Legacy ERA code points to multiple AOM identifiers.
out,102,out:243,243,243,Income Male,FALSE,cross-domain,era:outcome:243.0,Resilience / Social / Gender Equity / Income Male,Current pilot treats reporting hierarchy and analytical metadata as one SKOS concept tree. Pilot notation differs from source lexical code.,module-review,sosa-property-plus-procedure-quantity-and-basis,hold-ambiguous-legacy-code-mapping,held,AOM_000394;AOM_000518,AOM_000518,AOM_000518,,E-SRC-WORKBOOK;E-PILOT;E-AOM-STAGING,,,Legacy ERA code points to multiple AOM identifiers.
out,103,out:132,132,132,Labour Person Hours,FALSE,cross-domain,era:outcome:132.0,Resilience / Social / Labour / Labour Person Hours,Current pilot treats reporting hierarchy and analytical metadata as one SKOS concept tree. Pilot notation differs from source lexical code.,module-review,sosa-property-plus-procedure-quantity-and-basis,retain-source-candidate-pending-row-review,proposed,,,,,E-SRC-WORKBOOK;E-PILOT;E-AOM-STAGING,,,No approved existing identity found; retain source record without allocating a public identifier.
out,104,out:133,133,133,Return to Labour,FALSE,cross-domain,era:outcome:133.0,Resilience / Social / Labour / Return to Labour,Current pilot treats reporting hierarchy and analytical metadata as one SKOS concept tree. Pilot notation differs from source lexical code.,module-review,sosa-property-plus-procedure-quantity-and-basis,reuse-existing-aom-id-candidate,proposed,AOM_000396,AOM_000396,AOM_000396,,E-SRC-WORKBOOK;E-PILOT;E-AOM-STAGING,,,Normalized label and definition match one existing AOM concept; module placement still needs approval.
out,105,out:304,304,304,CO2 Equivalent Emissions,FALSE,cross-domain-environment,era:outcome:304.0,Mitigation / Emissions / Emissions / CO2 Equivalent Emissions,Current pilot treats reporting hierarchy and analytical metadata as one SKOS concept tree. Pilot notation differs from source lexical code.,module-review,sosa-property-plus-procedure-quantity-and-basis,reuse-existing-aom-id-candidate,proposed,AOM_000521,AOM_000521,AOM_000521,,E-SRC-WORKBOOK;E-PILOT;E-AOM-STAGING,,,Normalized label and definition match one existing AOM concept; module placement still needs approval.
out,106,out:305,305,305,Methane Emissions,FALSE,cross-domain-environment,era:outcome:305.0,Mitigation / Emissions / Emissions / Methane Emissions,Current pilot treats reporting hierarchy and analytical metadata as one SKOS concept tree. Pilot notation differs from source lexical code.,module-review,sosa-property-plus-procedure-quantity-and-basis,reuse-existing-aom-id-candidate,proposed,AOM_000522,AOM_000522,AOM_000522,,E-SRC-WORKBOOK;E-PILOT;E-AOM-STAGING,,,Normalized label and definition match one existing AOM concept; module placement still needs approval.
out,107,out:306,306,306,Nitrous Oxide Emissions,FALSE,cross-domain-environment,era:outcome:306.0,Mitigation / Emissions / Emissions / Nitrous Oxide Emissions,Current pilot treats reporting hierarchy and analytical metadata as one SKOS concept tree. Pilot notation differs from source lexical code.,module-review,sosa-property-plus-procedure-quantity-and-basis,reuse-existing-aom-id-candidate,proposed,AOM_000523,AOM_000523,AOM_000523,,E-SRC-WORKBOOK;E-PILOT;E-AOM-STAGING,,,Normalized label and definition match one existing AOM concept; module placement still needs approval.
out,108,out:307,307,307,Carbon Dioxide Emissions,FALSE,cross-domain-environment,era:outcome:307.0,Mitigation / Emissions / Emissions / Carbon Dioxide Emissions,Current pilot treats reporting hierarchy and analytical metadata as one SKOS concept tree. Pilot notation differs from source lexical code.,module-review,sosa-property-plus-procedure-quantity-and-basis,reuse-existing-aom-id-candidate,proposed,AOM_000524,AOM_000524,AOM_000524,,E-SRC-WORKBOOK;E-PILOT;E-AOM-STAGING,,,Normalized label and definition match one existing AOM concept; module placement still needs approval.
out,109,out:311,311,311,Emissions Intensity,FALSE,cross-domain-environment,era:outcome:311.0,Mitigation / Emissions / Emissions / Emissions Intensity,Current pilot treats reporting hierarchy and analytical metadata as one SKOS concept tree. Pilot notation differs from source lexical code.,module-review,sosa-property-plus-procedure-quantity-and-basis,reuse-existing-aom-id-candidate,proposed,AOM_000525,AOM_000525,AOM_000525,,E-SRC-WORKBOOK;E-PILOT;E-AOM-STAGING,,,Normalized label and definition match one existing AOM concept; module placement still needs approval.
out,110,out:308,308,308,Soil Carbon Stocks,FALSE,cross-domain-environment,era:outcome:308.0,Mitigation / Carbon Stocks / Carbon Stocks / Soil Carbon Stocks,Current pilot treats reporting hierarchy and analytical metadata as one SKOS concept tree. Pilot notation differs from source lexical code.,module-review,sosa-property-plus-procedure-quantity-and-basis,hold-existing-aom-code-mapping-review,held,AOM_000527,AOM_000527,,,E-SRC-WORKBOOK;E-PILOT;E-AOM-STAGING,,,One legacy code mapping exists but exact identity is not established by definition.
out,111,out:309,309,309,Aboveground Carbon Biomass,FALSE,cross-domain-environment,era:outcome:309.0,Mitigation / Carbon Stocks / Carbon Stocks / Aboveground Carbon Biomass,Current pilot treats reporting hierarchy and analytical metadata as one SKOS concept tree. Pilot notation differs from source lexical code.,module-review,sosa-property-plus-procedure-quantity-and-basis,reuse-existing-aom-id-candidate,proposed,AOM_000529,AOM_000529,AOM_000529,,E-SRC-WORKBOOK;E-PILOT;E-AOM-STAGING,,,Normalized label and definition match one existing AOM concept; module placement still needs approval.
out,112,out:310,310,310,Belowground Carbon Biomass,FALSE,cross-domain-environment,era:outcome:310.0,Mitigation / Carbon Stocks / Carbon Stocks / Belowground Carbon Biomass,Current pilot treats reporting hierarchy and analytical metadata as one SKOS concept tree. Pilot notation differs from source lexical code.,module-review,sosa-property-plus-procedure-quantity-and-basis,reuse-existing-aom-id-candidate,proposed,,AOM_000530,AOM_000530,,E-SRC-WORKBOOK;E-PILOT;E-AOM-STAGING,,,Normalized label and definition match one existing AOM concept; module placement still needs approval.
out,113,out:323,323,323,Fuel Use,FALSE,energy,era:outcome:323.0,Mitigation / Cookstove / Costs / Fuel Use,Current pilot treats reporting hierarchy and analytical metadata as one SKOS concept tree. Pilot notation differs from source lexical code.,module-unassigned,sosa-property-plus-procedure-quantity-and-basis,retain-source-candidate-pending-row-review,proposed,,,,,E-SRC-WORKBOOK;E-PILOT;E-AOM-STAGING,,,No approved existing identity found; retain source record without allocating a public identifier.
out,114,out:320,320,320,Fuel Savings,FALSE,energy,era:outcome:320.0,Mitigation / Cookstove / Fuel Efficiency / Fuel Savings,Current pilot treats reporting hierarchy and analytical metadata as one SKOS concept tree. Pilot notation differs from source lexical code.,module-unassigned,sosa-property-plus-procedure-quantity-and-basis,retain-source-candidate-pending-row-review,proposed,,,,,E-SRC-WORKBOOK;E-PILOT;E-AOM-STAGING,,,No approved existing identity found; retain source record without allocating a public identifier.
out,115,out:321,321,321,Cooking Time,FALSE,energy,era:outcome:321.0,Mitigation / Cookstove / Fuel Efficiency / Cooking Time,Current pilot treats reporting hierarchy and analytical metadata as one SKOS concept tree. Pilot notation differs from source lexical code.,module-unassigned,sosa-property-plus-procedure-quantity-and-basis,retain-source-candidate-pending-row-review,proposed,,,,,E-SRC-WORKBOOK;E-PILOT;E-AOM-STAGING,,,No approved existing identity found; retain source record without allocating a public identifier.
out,116,out:322,322,322,Specific Fuel Use,FALSE,energy,era:outcome:322.0,Mitigation / Cookstove / Fuel Efficiency / Specific Fuel Use,Current pilot treats reporting hierarchy and analytical metadata as one SKOS concept tree. Pilot notation differs from source lexical code.,module-unassigned,sosa-property-plus-procedure-quantity-and-basis,retain-source-candidate-pending-row-review,proposed,,,,,E-SRC-WORKBOOK;E-PILOT;E-AOM-STAGING,,,No approved existing identity found; retain source record without allocating a public identifier.
out,117,out:324,324,324,Cookstove Emissions,FALSE,energy,era:outcome:324.0,Mitigation / Cookstove / Fuel Efficiency / Cookstove Emissions,Current pilot treats reporting hierarchy and analytical metadata as one SKOS concept tree. Pilot notation differs from source lexical code.,module-unassigned,sosa-property-plus-procedure-quantity-and-basis,retain-source-candidate-pending-row-review,proposed,,,,,E-SRC-WORKBOOK;E-PILOT;E-AOM-STAGING,,,No approved existing identity found; retain source record without allocating a public identifier.
out_econ,2,out_econ:row:2,AOM_will_add_unique_value,AOM_will_add_unique_value,Animal housing,not-applicable,cross-domain-economics,,,"Source is absent from pilot, uses placeholder identifiers, and treats accounting category as intrinsic hierarchy.",aom-core-model-plus-domain-variable,economic-observable-plus-accounting-context,hold-id-allocation-pending-economic-decomposition,held,,,,,E-SRC-WORKBOOK;E-PILOT;E-AOM-STAGING,,,"Economic variable needs measure, cost/benefit class, object, basis, and valuation review before identity allocation."
out_econ,3,out_econ:row:3,AOM_will_add_unique_value,AOM_will_add_unique_value,Equipment,not-applicable,cross-domain-economics,,,"Source is absent from pilot, uses placeholder identifiers, and treats accounting category as intrinsic hierarchy.",aom-core-model-plus-domain-variable,economic-observable-plus-accounting-context,hold-id-allocation-pending-economic-decomposition,held,,,,,E-SRC-WORKBOOK;E-PILOT;E-AOM-STAGING,,,"Economic variable needs measure, cost/benefit class, object, basis, and valuation review before identity allocation."
out_econ,4,out_econ:row:4,AOM_will_add_unique_value,AOM_will_add_unique_value,Animals Purchase,not-applicable,cross-domain-economics,,,"Source is absent from pilot, uses placeholder identifiers, and treats accounting category as intrinsic hierarchy.",aom-core-model-plus-domain-variable,economic-observable-plus-accounting-context,hold-id-allocation-pending-economic-decomposition,held,,,,,E-SRC-WORKBOOK;E-PILOT;E-AOM-STAGING,,,"Economic variable needs measure, cost/benefit class, object, basis, and valuation review before identity allocation."
out_econ,5,out_econ:row:5,AOM_will_add_unique_value,AOM_will_add_unique_value,Loans,not-applicable,cross-domain-economics,,,"Source is absent from pilot, uses placeholder identifiers, and treats accounting category as intrinsic hierarchy.",aom-core-model-plus-domain-variable,economic-observable-plus-accounting-context,hold-id-allocation-pending-economic-decomposition,held,,,,,E-SRC-WORKBOOK;E-PILOT;E-AOM-STAGING,,,"Economic variable needs measure, cost/benefit class, object, basis, and valuation review before identity allocation."
out_econ,6,out_econ:row:6,AOM_will_add_unique_value,AOM_will_add_unique_value,Fertilizers,not-applicable,cross-domain-economics,,,"Source is absent from pilot, uses placeholder identifiers, and treats accounting category as intrinsic hierarchy.",aom-core-model-plus-domain-variable,economic-observable-plus-accounting-context,hold-id-allocation-pending-economic-decomposition,held,,,,,E-SRC-WORKBOOK;E-PILOT;E-AOM-STAGING,,,"Economic variable needs measure, cost/benefit class, object, basis, and valuation review before identity allocation."
out_econ,7,out_econ:row:7,AOM_will_add_unique_value,AOM_will_add_unique_value,Inorganic Fertilizer,not-applicable,cross-domain-economics,,,"Source is absent from pilot, uses placeholder identifiers, and treats accounting category as intrinsic hierarchy.",aom-core-model-plus-domain-variable,economic-observable-plus-accounting-context,hold-id-allocation-pending-economic-decomposition,held,,,,AGRO_00002040,E-SRC-WORKBOOK;E-PILOT;E-AOM-STAGING,,,"Economic variable needs measure, cost/benefit class, object, basis, and valuation review before identity allocation."
out_econ,8,out_econ:row:8,AOM_will_add_unique_value,AOM_will_add_unique_value,Organic Fertilizer,not-applicable,cross-domain-economics,,,"Source is absent from pilot, uses placeholder identifiers, and treats accounting category as intrinsic hierarchy.",aom-core-model-plus-domain-variable,economic-observable-plus-accounting-context,hold-id-allocation-pending-economic-decomposition,held,,,,AGRO_00002039,E-SRC-WORKBOOK;E-PILOT;E-AOM-STAGING,,,"Economic variable needs measure, cost/benefit class, object, basis, and valuation review before identity allocation."
out_econ,9,out_econ:row:9,AOM_will_add_unique_value,AOM_will_add_unique_value,pH Amendments,not-applicable,cross-domain-economics,,,"Source is absent from pilot, uses placeholder identifiers, and treats accounting category as intrinsic hierarchy.",aom-core-model-plus-domain-variable,economic-observable-plus-accounting-context,hold-id-allocation-pending-economic-decomposition,held,,,,,E-SRC-WORKBOOK;E-PILOT;E-AOM-STAGING,,,"Economic variable needs measure, cost/benefit class, object, basis, and valuation review before identity allocation."
out_econ,10,out_econ:row:10,AOM_will_add_unique_value,AOM_will_add_unique_value,Mulch,not-applicable,cross-domain-economics,,,"Source is absent from pilot, uses placeholder identifiers, and treats accounting category as intrinsic hierarchy.",aom-core-model-plus-domain-variable,economic-observable-plus-accounting-context,hold-id-allocation-pending-economic-decomposition,held,,,,AGRO_00000092,E-SRC-WORKBOOK;E-PILOT;E-AOM-STAGING,,,"Economic variable needs measure, cost/benefit class, object, basis, and valuation review before identity allocation."
out_econ,11,out_econ:row:11,AOM_will_add_unique_value,AOM_will_add_unique_value,Organic Mulch,not-applicable,cross-domain-economics,,,"Source is absent from pilot, uses placeholder identifiers, and treats accounting category as intrinsic hierarchy.",aom-core-model-plus-domain-variable,economic-observable-plus-accounting-context,hold-id-allocation-pending-economic-decomposition,held,,,,,E-SRC-WORKBOOK;E-PILOT;E-AOM-STAGING,,,"Economic variable needs measure, cost/benefit class, object, basis, and valuation review before identity allocation."
out_econ,12,out_econ:row:12,AOM_will_add_unique_value,AOM_will_add_unique_value,Biochar,not-applicable,cross-domain-economics,,,"Source is absent from pilot, uses placeholder identifiers, and treats accounting category as intrinsic hierarchy.",aom-core-model-plus-domain-variable,economic-observable-plus-accounting-context,hold-id-allocation-pending-economic-decomposition,held,,,,AGRO_00020002;ENVO_2000007,E-SRC-WORKBOOK;E-PILOT;E-AOM-STAGING,,,"Economic variable needs measure, cost/benefit class, object, basis, and valuation review before identity allocation."
out_econ,13,out_econ:row:13,AOM_will_add_unique_value,AOM_will_add_unique_value,Plastic Mulch,not-applicable,cross-domain-economics,,,"Source is absent from pilot, uses placeholder identifiers, and treats accounting category as intrinsic hierarchy.",aom-core-model-plus-domain-variable,economic-observable-plus-accounting-context,hold-id-allocation-pending-economic-decomposition,held,,,,AGRO_00000093,E-SRC-WORKBOOK;E-PILOT;E-AOM-STAGING,,,"Economic variable needs measure, cost/benefit class, object, basis, and valuation review before identity allocation."
out_econ,14,out_econ:row:14,AOM_will_add_unique_value,AOM_will_add_unique_value,Pesticides,not-applicable,cross-domain-economics,,,"Source is absent from pilot, uses placeholder identifiers, and treats accounting category as intrinsic hierarchy.",aom-core-model-plus-domain-variable,economic-observable-plus-accounting-context,hold-id-allocation-pending-economic-decomposition,held,,,,,E-SRC-WORKBOOK;E-PILOT;E-AOM-STAGING,,,"Economic variable needs measure, cost/benefit class, object, basis, and valuation review before identity allocation."
out_econ,15,out_econ:row:15,AOM_will_add_unique_value,AOM_will_add_unique_value,Herbicides,not-applicable,cross-domain-economics,,,"Source is absent from pilot, uses placeholder identifiers, and treats accounting category as intrinsic hierarchy.",aom-core-model-plus-domain-variable,economic-observable-plus-accounting-context,hold-id-allocation-pending-economic-decomposition,held,,AOM_000423,,,E-SRC-WORKBOOK;E-PILOT;E-AOM-STAGING,,,"Economic variable needs measure, cost/benefit class, object, basis, and valuation review before identity allocation."
out_econ,16,out_econ:row:16,AOM_will_add_unique_value,AOM_will_add_unique_value,Insecticides,not-applicable,cross-domain-economics,,,"Source is absent from pilot, uses placeholder identifiers, and treats accounting category as intrinsic hierarchy.",aom-core-model-plus-domain-variable,economic-observable-plus-accounting-context,hold-id-allocation-pending-economic-decomposition,held,,AOM_000424,,,E-SRC-WORKBOOK;E-PILOT;E-AOM-STAGING,,,"Economic variable needs measure, cost/benefit class, object, basis, and valuation review before identity allocation."
out_econ,17,out_econ:row:17,AOM_will_add_unique_value,AOM_will_add_unique_value,Fungicide,not-applicable,cross-domain-economics,,,"Source is absent from pilot, uses placeholder identifiers, and treats accounting category as intrinsic hierarchy.",aom-core-model-plus-domain-variable,economic-observable-plus-accounting-context,hold-id-allocation-pending-economic-decomposition,held,,AOM_000425,,CHEBI_24127,E-SRC-WORKBOOK;E-PILOT;E-AOM-STAGING,,,"Economic variable needs measure, cost/benefit class, object, basis, and valuation review before identity allocation."
out_econ,18,out_econ:row:18,AOM_will_add_unique_value,AOM_will_add_unique_value,Biological Control,not-applicable,cross-domain-economics,,,"Source is absent from pilot, uses placeholder identifiers, and treats accounting category as intrinsic hierarchy.",aom-core-model-plus-domain-variable,economic-observable-plus-accounting-context,hold-id-allocation-pending-economic-decomposition,held,,,,,E-SRC-WORKBOOK;E-PILOT;E-AOM-STAGING,,,"Economic variable needs measure, cost/benefit class, object, basis, and valuation review before identity allocation."
out_econ,19,out_econ:row:19,AOM_will_add_unique_value,AOM_will_add_unique_value,Seeds or Planting Material,not-applicable,cross-domain-economics,,,"Source is absent from pilot, uses placeholder identifiers, and treats accounting category as intrinsic hierarchy.",aom-core-model-plus-domain-variable,economic-observable-plus-accounting-context,hold-id-allocation-pending-economic-decomposition,held,,,,,E-SRC-WORKBOOK;E-PILOT;E-AOM-STAGING,,,"Economic variable needs measure, cost/benefit class, object, basis, and valuation review before identity allocation."
out_econ,20,out_econ:row:20,AOM_will_add_unique_value,AOM_will_add_unique_value,Seeds,not-applicable,cross-domain-economics,,,"Source is absent from pilot, uses placeholder identifiers, and treats accounting category as intrinsic hierarchy.",aom-core-model-plus-domain-variable,economic-observable-plus-accounting-context,hold-id-allocation-pending-economic-decomposition,held,,,,,E-SRC-WORKBOOK;E-PILOT;E-AOM-STAGING,,,"Economic variable needs measure, cost/benefit class, object, basis, and valuation review before identity allocation."
out_econ,21,out_econ:row:21,AOM_will_add_unique_value,AOM_will_add_unique_value,Saplings,not-applicable,cross-domain-economics,,,"Source is absent from pilot, uses placeholder identifiers, and treats accounting category as intrinsic hierarchy.",aom-core-model-plus-domain-variable,economic-observable-plus-accounting-context,hold-id-allocation-pending-economic-decomposition,held,,,,,E-SRC-WORKBOOK;E-PILOT;E-AOM-STAGING,,,"Economic variable needs measure, cost/benefit class, object, basis, and valuation review before identity allocation."
out_econ,22,out_econ:row:22,AOM_will_add_unique_value,AOM_will_add_unique_value,Veterinary,not-applicable,cross-domain-economics,,,"Source is absent from pilot, uses placeholder identifiers, and treats accounting category as intrinsic hierarchy.",aom-core-model-plus-domain-variable,economic-observable-plus-accounting-context,hold-id-allocation-pending-economic-decomposition,held,,,,,E-SRC-WORKBOOK;E-PILOT;E-AOM-STAGING,,,"Economic variable needs measure, cost/benefit class, object, basis, and valuation review before identity allocation."
out_econ,23,out_econ:row:23,AOM_will_add_unique_value,AOM_will_add_unique_value,Animal Feed,not-applicable,cross-domain-economics,,,"Source is absent from pilot, uses placeholder identifiers, and treats accounting category as intrinsic hierarchy.",aom-core-model-plus-domain-variable,economic-observable-plus-accounting-context,hold-id-allocation-pending-economic-decomposition,held,,,,,E-SRC-WORKBOOK;E-PILOT;E-AOM-STAGING,,,"Economic variable needs measure, cost/benefit class, object, basis, and valuation review before identity allocation."
out_econ,24,out_econ:row:24,AOM_will_add_unique_value,AOM_will_add_unique_value,Transport,not-applicable,cross-domain-economics,,,"Source is absent from pilot, uses placeholder identifiers, and treats accounting category as intrinsic hierarchy.",aom-core-model-plus-domain-variable,economic-observable-plus-accounting-context,hold-id-allocation-pending-economic-decomposition,held,,,,,E-SRC-WORKBOOK;E-PILOT;E-AOM-STAGING,,,"Economic variable needs measure, cost/benefit class, object, basis, and valuation review before identity allocation."
out_econ,25,out_econ:row:25,AOM_will_add_unique_value,AOM_will_add_unique_value,Equipment,not-applicable,cross-domain-economics,,,"Source is absent from pilot, uses placeholder identifiers, and treats accounting category as intrinsic hierarchy.",aom-core-model-plus-domain-variable,economic-observable-plus-accounting-context,hold-id-allocation-pending-economic-decomposition,held,,,,,E-SRC-WORKBOOK;E-PILOT;E-AOM-STAGING,,,"Economic variable needs measure, cost/benefit class, object, basis, and valuation review before identity allocation."
out_econ,26,out_econ:row:26,AOM_will_add_unique_value,AOM_will_add_unique_value,Electricity,not-applicable,cross-domain-economics,,,"Source is absent from pilot, uses placeholder identifiers, and treats accounting category as intrinsic hierarchy.",aom-core-model-plus-domain-variable,economic-observable-plus-accounting-context,hold-id-allocation-pending-economic-decomposition,held,,,,,E-SRC-WORKBOOK;E-PILOT;E-AOM-STAGING,,,"Economic variable needs measure, cost/benefit class, object, basis, and valuation review before identity allocation."
out_econ,27,out_econ:row:27,AOM_will_add_unique_value,AOM_will_add_unique_value,Irrigation,not-applicable,cross-domain-economics,,,"Source is absent from pilot, uses placeholder identifiers, and treats accounting category as intrinsic hierarchy.",aom-core-model-plus-domain-variable,economic-observable-plus-accounting-context,hold-id-allocation-pending-economic-decomposition,held,,,,,E-SRC-WORKBOOK;E-PILOT;E-AOM-STAGING,,,"Economic variable needs measure, cost/benefit class, object, basis, and valuation review before identity allocation."
out_econ,28,out_econ:row:28,AOM_will_add_unique_value,AOM_will_add_unique_value,Fuel,not-applicable,cross-domain-economics,,,"Source is absent from pilot, uses placeholder identifiers, and treats accounting category as intrinsic hierarchy.",aom-core-model-plus-domain-variable,economic-observable-plus-accounting-context,hold-id-allocation-pending-economic-decomposition,held,,,,CHEBI_33292,E-SRC-WORKBOOK;E-PILOT;E-AOM-STAGING,,,"Economic variable needs measure, cost/benefit class, object, basis, and valuation review before identity allocation."
out_econ,29,out_econ:row:29,AOM_will_add_unique_value,AOM_will_add_unique_value,Labor Cost,not-applicable,cross-domain-economics,,,"Source is absent from pilot, uses placeholder identifiers, and treats accounting category as intrinsic hierarchy.",aom-core-model-plus-domain-variable,economic-observable-plus-accounting-context,hold-id-allocation-pending-economic-decomposition,held,,AOM_000439,,,E-SRC-WORKBOOK;E-PILOT;E-AOM-STAGING,,,"Economic variable needs measure, cost/benefit class, object, basis, and valuation review before identity allocation."
out_econ,30,out_econ:row:30,AOM_will_add_unique_value,AOM_will_add_unique_value,Family Labor Cost,not-applicable,cross-domain-economics,,,"Source is absent from pilot, uses placeholder identifiers, and treats accounting category as intrinsic hierarchy.",aom-core-model-plus-domain-variable,economic-observable-plus-accounting-context,hold-id-allocation-pending-economic-decomposition,held,,AOM_101010,,,E-SRC-WORKBOOK;E-PILOT;E-AOM-STAGING,,,"Economic variable needs measure, cost/benefit class, object, basis, and valuation review before identity allocation."
out_econ,31,out_econ:row:31,AOM_will_add_unique_value,AOM_will_add_unique_value,Family Labor Cost (Male),not-applicable,cross-domain-economics,,,"Source is absent from pilot, uses placeholder identifiers, and treats accounting category as intrinsic hierarchy.",aom-core-model-plus-domain-variable,economic-observable-plus-accounting-context,hold-id-allocation-pending-economic-decomposition,held,,AOM_000441,,,E-SRC-WORKBOOK;E-PILOT;E-AOM-STAGING,,,"Economic variable needs measure, cost/benefit class, object, basis, and valuation review before identity allocation."
out_econ,32,out_econ:row:32,AOM_will_add_unique_value,AOM_will_add_unique_value,Family Labor Cost (Female),not-applicable,cross-domain-economics,,,"Source is absent from pilot, uses placeholder identifiers, and treats accounting category as intrinsic hierarchy.",aom-core-model-plus-domain-variable,economic-observable-plus-accounting-context,hold-id-allocation-pending-economic-decomposition,held,,AOM_000442,,,E-SRC-WORKBOOK;E-PILOT;E-AOM-STAGING,,,"Economic variable needs measure, cost/benefit class, object, basis, and valuation review before identity allocation."
out_econ,33,out_econ:row:33,AOM_will_add_unique_value,AOM_will_add_unique_value,Hired Labor Cost,not-applicable,cross-domain-economics,,,"Source is absent from pilot, uses placeholder identifiers, and treats accounting category as intrinsic hierarchy.",aom-core-model-plus-domain-variable,economic-observable-plus-accounting-context,hold-id-allocation-pending-economic-decomposition,held,,AOM_000443,,,E-SRC-WORKBOOK;E-PILOT;E-AOM-STAGING,,,"Economic variable needs measure, cost/benefit class, object, basis, and valuation review before identity allocation."
out_econ,34,out_econ:row:34,AOM_will_add_unique_value,AOM_will_add_unique_value,Land Rent,not-applicable,cross-domain-economics,,,"Source is absent from pilot, uses placeholder identifiers, and treats accounting category as intrinsic hierarchy.",aom-core-model-plus-domain-variable,economic-observable-plus-accounting-context,hold-id-allocation-pending-economic-decomposition,held,,AOM_000444,AOM_000444,,E-SRC-WORKBOOK;E-PILOT;E-AOM-STAGING,,,"Economic variable needs measure, cost/benefit class, object, basis, and valuation review before identity allocation."
out_econ,35,out_econ:row:35,AOM_will_add_unique_value,AOM_will_add_unique_value,Packaging material,not-applicable,cross-domain-economics,,,"Source is absent from pilot, uses placeholder identifiers, and treats accounting category as intrinsic hierarchy.",aom-core-model-plus-domain-variable,economic-observable-plus-accounting-context,hold-id-allocation-pending-economic-decomposition,held,,AOM_000445,AOM_000445,,E-SRC-WORKBOOK;E-PILOT;E-AOM-STAGING,,,"Economic variable needs measure, cost/benefit class, object, basis, and valuation review before identity allocation."
out_econ,36,out_econ:row:36,AOM_will_add_unique_value,AOM_will_add_unique_value,Tax,not-applicable,cross-domain-economics,,,"Source is absent from pilot, uses placeholder identifiers, and treats accounting category as intrinsic hierarchy.",aom-core-model-plus-domain-variable,economic-observable-plus-accounting-context,hold-id-allocation-pending-economic-decomposition,held,,AOM_000447,AOM_000447,,E-SRC-WORKBOOK;E-PILOT;E-AOM-STAGING,,,"Economic variable needs measure, cost/benefit class, object, basis, and valuation review before identity allocation."
out_econ,37,out_econ:row:37,AOM_will_add_unique_value,AOM_will_add_unique_value,Labor Opportunity Cost,not-applicable,cross-domain-economics,,,"Source is absent from pilot, uses placeholder identifiers, and treats accounting category as intrinsic hierarchy.",aom-core-model-plus-domain-variable,economic-observable-plus-accounting-context,hold-id-allocation-pending-economic-decomposition,held,,AOM_000448,,,E-SRC-WORKBOOK;E-PILOT;E-AOM-STAGING,,,"Economic variable needs measure, cost/benefit class, object, basis, and valuation review before identity allocation."
out_econ,38,out_econ:row:38,AOM_will_add_unique_value,AOM_will_add_unique_value,Capital Opportunity Cost,not-applicable,cross-domain-economics,,,"Source is absent from pilot, uses placeholder identifiers, and treats accounting category as intrinsic hierarchy.",aom-core-model-plus-domain-variable,economic-observable-plus-accounting-context,hold-id-allocation-pending-economic-decomposition,held,,AOM_000449,,,E-SRC-WORKBOOK;E-PILOT;E-AOM-STAGING,,,"Economic variable needs measure, cost/benefit class, object, basis, and valuation review before identity allocation."
out_econ,39,out_econ:row:39,AOM_will_add_unique_value,AOM_will_add_unique_value,Land Opportunity Cost,not-applicable,cross-domain-economics,,,"Source is absent from pilot, uses placeholder identifiers, and treats accounting category as intrinsic hierarchy.",aom-core-model-plus-domain-variable,economic-observable-plus-accounting-context,hold-id-allocation-pending-economic-decomposition,held,,AOM_000450,,,E-SRC-WORKBOOK;E-PILOT;E-AOM-STAGING,,,"Economic variable needs measure, cost/benefit class, object, basis, and valuation review before identity allocation."
out_econ,40,out_econ:row:40,AOM_will_add_unique_value,AOM_will_add_unique_value,Product Value,not-applicable,cross-domain-economics,,,"Source is absent from pilot, uses placeholder identifiers, and treats accounting category as intrinsic hierarchy.",aom-core-model-plus-domain-variable,economic-observable-plus-accounting-context,hold-id-allocation-pending-economic-decomposition,held,,,,,E-SRC-WORKBOOK;E-PILOT;E-AOM-STAGING,,,"Economic variable needs measure, cost/benefit class, object, basis, and valuation review before identity allocation."
out_econ,41,out_econ:row:41,AOM_will_add_unique_value,AOM_will_add_unique_value,Crop Sales,not-applicable,cross-domain-economics,,,"Source is absent from pilot, uses placeholder identifiers, and treats accounting category as intrinsic hierarchy.",aom-core-model-plus-domain-variable,economic-observable-plus-accounting-context,hold-id-allocation-pending-economic-decomposition,held,,,,,E-SRC-WORKBOOK;E-PILOT;E-AOM-STAGING,,,"Economic variable needs measure, cost/benefit class, object, basis, and valuation review before identity allocation."
out_econ,42,out_econ:row:42,AOM_will_add_unique_value,AOM_will_add_unique_value,Animal Sales,not-applicable,cross-domain-economics,,,"Source is absent from pilot, uses placeholder identifiers, and treats accounting category as intrinsic hierarchy.",aom-core-model-plus-domain-variable,economic-observable-plus-accounting-context,hold-id-allocation-pending-economic-decomposition,held,,,,,E-SRC-WORKBOOK;E-PILOT;E-AOM-STAGING,,,"Economic variable needs measure, cost/benefit class, object, basis, and valuation review before identity allocation."
out_econ,43,out_econ:row:43,AOM_will_add_unique_value,AOM_will_add_unique_value,Sale of produce,not-applicable,cross-domain-economics,,,"Source is absent from pilot, uses placeholder identifiers, and treats accounting category as intrinsic hierarchy.",aom-core-model-plus-domain-variable,economic-observable-plus-accounting-context,hold-id-allocation-pending-economic-decomposition,held,,,,,E-SRC-WORKBOOK;E-PILOT;E-AOM-STAGING,,,"Economic variable needs measure, cost/benefit class, object, basis, and valuation review before identity allocation."
out_econ,44,out_econ:row:44,AOM_will_add_unique_value,AOM_will_add_unique_value,Sale of manure,not-applicable,cross-domain-economics,,,"Source is absent from pilot, uses placeholder identifiers, and treats accounting category as intrinsic hierarchy.",aom-core-model-plus-domain-variable,economic-observable-plus-accounting-context,hold-id-allocation-pending-economic-decomposition,held,,,,,E-SRC-WORKBOOK;E-PILOT;E-AOM-STAGING,,,"Economic variable needs measure, cost/benefit class, object, basis, and valuation review before identity allocation."
out_econ,45,out_econ:row:45,AOM_will_add_unique_value,AOM_will_add_unique_value,Animal Rental Income,not-applicable,cross-domain-economics,,,"Source is absent from pilot, uses placeholder identifiers, and treats accounting category as intrinsic hierarchy.",aom-core-model-plus-domain-variable,economic-observable-plus-accounting-context,hold-id-allocation-pending-economic-decomposition,held,,,,,E-SRC-WORKBOOK;E-PILOT;E-AOM-STAGING,,,"Economic variable needs measure, cost/benefit class, object, basis, and valuation review before identity allocation."
out_econ,46,out_econ:row:46,AOM_will_add_unique_value,AOM_will_add_unique_value,Household Consumption,not-applicable,cross-domain-economics,,,"Source is absent from pilot, uses placeholder identifiers, and treats accounting category as intrinsic hierarchy.",aom-core-model-plus-domain-variable,economic-observable-plus-accounting-context,hold-id-allocation-pending-economic-decomposition,held,,,,,E-SRC-WORKBOOK;E-PILOT;E-AOM-STAGING,,,"Economic variable needs measure, cost/benefit class, object, basis, and valuation review before identity allocation."
out_econ,47,out_econ:row:47,AOM_will_add_unique_value,AOM_will_add_unique_value,Nutrient/Soil management,not-applicable,cross-domain-economics,,,"Source is absent from pilot, uses placeholder identifiers, and treats accounting category as intrinsic hierarchy.",aom-core-model-plus-domain-variable,economic-observable-plus-accounting-context,hold-id-allocation-pending-economic-decomposition,held,,,,,E-SRC-WORKBOOK;E-PILOT;E-AOM-STAGING,,,"Economic variable needs measure, cost/benefit class, object, basis, and valuation review before identity allocation."
out_econ,48,out_econ:row:48,AOM_will_add_unique_value,AOM_will_add_unique_value,Animal labour,not-applicable,cross-domain-economics,,,"Source is absent from pilot, uses placeholder identifiers, and treats accounting category as intrinsic hierarchy.",aom-core-model-plus-domain-variable,economic-observable-plus-accounting-context,hold-id-allocation-pending-economic-decomposition,held,,,,,E-SRC-WORKBOOK;E-PILOT;E-AOM-STAGING,,,"Economic variable needs measure, cost/benefit class, object, basis, and valuation review before identity allocation."
out_econ,49,out_econ:row:49,AOM_will_add_unique_value,AOM_will_add_unique_value,Monetary Societal Benefits,not-applicable,cross-domain-economics,,,"Source is absent from pilot, uses placeholder identifiers, and treats accounting category as intrinsic hierarchy.",aom-core-model-plus-domain-variable,economic-observable-plus-accounting-context,hold-source-correction-before-id-allocation,held,,AOM_000457,,,E-SRC-WORKBOOK;E-PILOT;E-AOM-STAGING,,,Economic row lacks definition and all rows still carry placeholder AOM identifiers.
out_econ,50,out_econ:row:50,AOM_will_add_unique_value,AOM_will_add_unique_value,Non-monetary Societal Benefits,not-applicable,cross-domain-economics,,,"Source is absent from pilot, uses placeholder identifiers, and treats accounting category as intrinsic hierarchy.",aom-core-model-plus-domain-variable,economic-observable-plus-accounting-context,hold-source-correction-before-id-allocation,held,,AOM_000458,,,E-SRC-WORKBOOK;E-PILOT;E-AOM-STAGING,,,Economic row lacks definition and all rows still carry placeholder AOM identifiers.
out_econ,51,out_econ:row:51,AOM_will_add_unique_value,AOM_will_add_unique_value,Tillage,not-applicable,cross-domain-economics,,,"Source is absent from pilot, uses placeholder identifiers, and treats accounting category as intrinsic hierarchy.",aom-core-model-plus-domain-variable,economic-observable-plus-accounting-context,hold-id-allocation-pending-economic-decomposition,held,,,,AGRO_01000015,E-SRC-WORKBOOK;E-PILOT;E-AOM-STAGING,,,"Economic variable needs measure, cost/benefit class, object, basis, and valuation review before identity allocation."
out_econ,52,out_econ:row:52,AOM_will_add_unique_value,AOM_will_add_unique_value,Weeding,not-applicable,cross-domain-economics,,,"Source is absent from pilot, uses placeholder identifiers, and treats accounting category as intrinsic hierarchy.",aom-core-model-plus-domain-variable,economic-observable-plus-accounting-context,hold-id-allocation-pending-economic-decomposition,held,,,,,E-SRC-WORKBOOK;E-PILOT;E-AOM-STAGING,,,"Economic variable needs measure, cost/benefit class, object, basis, and valuation review before identity allocation."
out_econ,53,out_econ:row:53,AOM_will_add_unique_value,AOM_will_add_unique_value,Harvesting,not-applicable,cross-domain-economics,,,"Source is absent from pilot, uses placeholder identifiers, and treats accounting category as intrinsic hierarchy.",aom-core-model-plus-domain-variable,economic-observable-plus-accounting-context,hold-id-allocation-pending-economic-decomposition,held,,,,,E-SRC-WORKBOOK;E-PILOT;E-AOM-STAGING,,,"Economic variable needs measure, cost/benefit class, object, basis, and valuation review before identity allocation."
out_econ,54,out_econ:row:54,AOM_will_add_unique_value,AOM_will_add_unique_value,Threshing,not-applicable,cross-domain-economics,,,"Source is absent from pilot, uses placeholder identifiers, and treats accounting category as intrinsic hierarchy.",aom-core-model-plus-domain-variable,economic-observable-plus-accounting-context,hold-id-allocation-pending-economic-decomposition,held,,AOM_101073,,,E-SRC-WORKBOOK;E-PILOT;E-AOM-STAGING,,,"Economic variable needs measure, cost/benefit class, object, basis, and valuation review before identity allocation."
out_econ,55,out_econ:row:55,AOM_will_add_unique_value,AOM_will_add_unique_value,Planting,not-applicable,cross-domain-economics,,,"Source is absent from pilot, uses placeholder identifiers, and treats accounting category as intrinsic hierarchy.",aom-core-model-plus-domain-variable,economic-observable-plus-accounting-context,hold-id-allocation-pending-economic-decomposition,held,,,,,E-SRC-WORKBOOK;E-PILOT;E-AOM-STAGING,,,"Economic variable needs measure, cost/benefit class, object, basis, and valuation review before identity allocation."
out_econ,56,out_econ:row:56,AOM_will_add_unique_value,AOM_will_add_unique_value,Transplanting,not-applicable,cross-domain-economics,,,"Source is absent from pilot, uses placeholder identifiers, and treats accounting category as intrinsic hierarchy.",aom-core-model-plus-domain-variable,economic-observable-plus-accounting-context,hold-id-allocation-pending-economic-decomposition,held,,,,,E-SRC-WORKBOOK;E-PILOT;E-AOM-STAGING,,,"Economic variable needs measure, cost/benefit class, object, basis, and valuation review before identity allocation."
out_econ,57,out_econ:row:57,AOM_will_add_unique_value,AOM_will_add_unique_value,Water Harvesting Structures,not-applicable,cross-domain-economics,,,"Source is absent from pilot, uses placeholder identifiers, and treats accounting category as intrinsic hierarchy.",aom-core-model-plus-domain-variable,economic-observable-plus-accounting-context,hold-id-allocation-pending-economic-decomposition,held,,,,,E-SRC-WORKBOOK;E-PILOT;E-AOM-STAGING,,,"Economic variable needs measure, cost/benefit class, object, basis, and valuation review before identity allocation."
out_econ,58,out_econ:row:58,AOM_will_add_unique_value,AOM_will_add_unique_value,Erosion Control Structures,not-applicable,cross-domain-economics,,,"Source is absent from pilot, uses placeholder identifiers, and treats accounting category as intrinsic hierarchy.",aom-core-model-plus-domain-variable,economic-observable-plus-accounting-context,hold-id-allocation-pending-economic-decomposition,held,,,,,E-SRC-WORKBOOK;E-PILOT;E-AOM-STAGING,,,"Economic variable needs measure, cost/benefit class, object, basis, and valuation review before identity allocation."
out_econ,59,out_econ:row:59,AOM_will_add_unique_value,AOM_will_add_unique_value,Spraying,not-applicable,cross-domain-economics,,,"Source is absent from pilot, uses placeholder identifiers, and treats accounting category as intrinsic hierarchy.",aom-core-model-plus-domain-variable,economic-observable-plus-accounting-context,hold-id-allocation-pending-economic-decomposition,held,,,,,E-SRC-WORKBOOK;E-PILOT;E-AOM-STAGING,,,"Economic variable needs measure, cost/benefit class, object, basis, and valuation review before identity allocation."
out_econ,60,out_econ:row:60,AOM_will_add_unique_value,AOM_will_add_unique_value,Spreading,not-applicable,cross-domain-economics,,,"Source is absent from pilot, uses placeholder identifiers, and treats accounting category as intrinsic hierarchy.",aom-core-model-plus-domain-variable,economic-observable-plus-accounting-context,hold-id-allocation-pending-economic-decomposition,held,,,,,E-SRC-WORKBOOK;E-PILOT;E-AOM-STAGING,,,"Economic variable needs measure, cost/benefit class, object, basis, and valuation review before identity allocation."
out_econ,61,out_econ:row:61,AOM_will_add_unique_value,AOM_will_add_unique_value,Preparing Beds,not-applicable,cross-domain-economics,,,"Source is absent from pilot, uses placeholder identifiers, and treats accounting category as intrinsic hierarchy.",aom-core-model-plus-domain-variable,economic-observable-plus-accounting-context,hold-id-allocation-pending-economic-decomposition,held,,,,,E-SRC-WORKBOOK;E-PILOT;E-AOM-STAGING,,,"Economic variable needs measure, cost/benefit class, object, basis, and valuation review before identity allocation."
out_econ,62,out_econ:row:62,AOM_will_add_unique_value,AOM_will_add_unique_value,Pruning,not-applicable,cross-domain-economics,,,"Source is absent from pilot, uses placeholder identifiers, and treats accounting category as intrinsic hierarchy.",aom-core-model-plus-domain-variable,economic-observable-plus-accounting-context,hold-id-allocation-pending-economic-decomposition,held,,,,,E-SRC-WORKBOOK;E-PILOT;E-AOM-STAGING,,,"Economic variable needs measure, cost/benefit class, object, basis, and valuation review before identity allocation."
out_econ,63,out_econ:row:63,AOM_will_add_unique_value,AOM_will_add_unique_value,Innoculants,not-applicable,cross-domain-economics,,,"Source is absent from pilot, uses placeholder identifiers, and treats accounting category as intrinsic hierarchy.",aom-core-model-plus-domain-variable,economic-observable-plus-accounting-context,hold-id-allocation-pending-economic-decomposition,held,,,,,E-SRC-WORKBOOK;E-PILOT;E-AOM-STAGING,,,"Economic variable needs measure, cost/benefit class, object, basis, and valuation review before identity allocation."
out_econ,64,out_econ:row:64,AOM_will_add_unique_value,AOM_will_add_unique_value,Biopesticides,not-applicable,cross-domain-economics,,,"Source is absent from pilot, uses placeholder identifiers, and treats accounting category as intrinsic hierarchy.",aom-core-model-plus-domain-variable,economic-observable-plus-accounting-context,hold-id-allocation-pending-economic-decomposition,held,,,,,E-SRC-WORKBOOK;E-PILOT;E-AOM-STAGING,,,"Economic variable needs measure, cost/benefit class, object, basis, and valuation review before identity allocation."
out_econ,65,out_econ:row:65,AOM_will_add_unique_value,AOM_will_add_unique_value,Soil Amendments,not-applicable,cross-domain-economics,,,"Source is absent from pilot, uses placeholder identifiers, and treats accounting category as intrinsic hierarchy.",aom-core-model-plus-domain-variable,economic-observable-plus-accounting-context,hold-id-allocation-pending-economic-decomposition,held,,,,,E-SRC-WORKBOOK;E-PILOT;E-AOM-STAGING,,,"Economic variable needs measure, cost/benefit class, object, basis, and valuation review before identity allocation."
out_econ,66,out_econ:row:66,AOM_will_add_unique_value,AOM_will_add_unique_value,Animal Bedding,not-applicable,cross-domain-economics,,,"Source is absent from pilot, uses placeholder identifiers, and treats accounting category as intrinsic hierarchy.",aom-core-model-plus-domain-variable,economic-observable-plus-accounting-context,hold-id-allocation-pending-economic-decomposition,held,,AOM_001087,,,E-SRC-WORKBOOK;E-PILOT;E-AOM-STAGING,,,"Economic variable needs measure, cost/benefit class, object, basis, and valuation review before identity allocation."
