feed_material_id,target_property,target_concept_id,target_label,status,reviewer,review_date,evidence,rationale,rule_id
AOM_001326,aom:materialComponent,AOM_101086,Whole crop,approved,Pete Steward,2026-08-05,review/livestock-v4/MAIZE_IDENTITY_REVIEW.md,Canonical occurrences and public feed authorities identify maize silage as whole-crop material.,
AOM_001326,aom:processingMethod,AOM_000831,Ensiling,approved,Pete Steward,2026-08-05,review/livestock-v4/MAIZE_IDENTITY_REVIEW.md,Ensiling is explicit in canonical source occurrences and defines resulting silage.,
AOM_000656,aom:materialIntegrity,AOM_101110,Whole grain,approved,Pete Steward,2026-08-05,docs/decisions/0018-whole-grain-integrity.md,Whole rice retains grain fractions while grinding remains an independent process.,
AOM_000660,aom:materialIntegrity,AOM_101110,Whole grain,approved,Pete Steward,2026-08-05,docs/decisions/0018-whole-grain-integrity.md,Whole wheat retains grain fractions while grinding remains an independent process.,
AOM_001313,aom:materialIntegrity,AOM_101110,Whole grain,approved,Pete Steward,2026-08-05,docs/decisions/0018-whole-grain-integrity.md,Crop-product context distinguishes whole-grain maize from source maize and whole-crop silage.,
AOM_001324,aom:materialIntegrity,AOM_101110,Whole grain,approved,Pete Steward,2026-08-05,docs/decisions/0018-whole-grain-integrity.md,Whole-grain integrity and grinding are independent assertions.,
AOM_000555,aom:compositionState,AOM_101116,Whole-milk composition,approved,Pete Steward,2026-08-06,docs/decisions/0020-ingredient-semantic-closure.md,Whole milk denotes composition rather than physical wholeness.,
AOM_000687,aom:feedProductType,AOM_101113,Hay,approved,Pete Steward,2026-08-06,docs/decisions/0020-ingredient-semantic-closure.md,Hay is a conserved forage product.,
AOM_000687,aom:processingMethod,AOM_101071,Drying,approved,Pete Steward,2026-08-06,docs/decisions/0020-ingredient-semantic-closure.md,Haymaking conserves forage through drying.,
AOM_000798,aom:feedProductType,AOM_101114,Compound feed,approved,Pete Steward,2026-08-06,docs/decisions/0020-ingredient-semantic-closure.md,Named ration meal is compound feed and does not imply grinding.,
AOM_000801,aom:feedProductType,AOM_101114,Compound feed,approved,Pete Steward,2026-08-06,docs/decisions/0020-ingredient-semantic-closure.md,Named ration meal is compound feed and does not imply grinding.,
AOM_002109,aom:feedProductType,AOM_101114,Compound feed,approved,Pete Steward,2026-08-06,docs/decisions/0020-ingredient-semantic-closure.md,Named ration meal is compound feed and does not imply grinding.,
AOM_001498,aom:feedProductType,AOM_101114,Compound feed,approved,Pete Steward,2026-08-06,docs/decisions/0020-ingredient-semantic-closure.md,Named ration meal is compound feed and does not imply grinding.,
AOM_003892,aom:feedProductType,AOM_101112,Processing pulp,approved,Pete Steward,2026-08-06,docs/decisions/0020-ingredient-semantic-closure.md,Pulp is a processing-derived product type rather than physical form.,
AOM_001836,aom:feedProductType,AOM_101112,Processing pulp,approved,Pete Steward,2026-08-06,docs/decisions/0020-ingredient-semantic-closure.md,Pulp is a processing-derived product type rather than physical form.,
AOM_000633,aom:feedProductType,AOM_101112,Processing pulp,approved,Pete Steward,2026-08-06,docs/decisions/0020-ingredient-semantic-closure.md,Pulp product type remains independent of drying.,
AOM_003885,aom:feedProductType,AOM_101112,Processing pulp,approved,Pete Steward,2026-08-06,docs/decisions/0020-ingredient-semantic-closure.md,Pulp is a processing-derived product type rather than physical form.,
AOM_006217,aom:feedProductType,AOM_101112,Processing pulp,approved,Pete Steward,2026-08-06,docs/decisions/0020-ingredient-semantic-closure.md,Pulp product type remains independent of explicit processes.,
AOM_006178,aom:feedProductType,AOM_101112,Processing pulp,approved,Pete Steward,2026-08-06,docs/decisions/0020-ingredient-semantic-closure.md,Pulp product type remains independent of ensiling.,
AOM_003546,aom:feedProductType,AOM_101112,Processing pulp,approved,Pete Steward,2026-08-06,docs/decisions/0020-ingredient-semantic-closure.md,Pulp is a processing-derived product type rather than physical form.,
AOM_003891,aom:feedProductType,AOM_101112,Processing pulp,approved,Pete Steward,2026-08-06,docs/decisions/0020-ingredient-semantic-closure.md,Pulp is a processing-derived product type rather than physical form.,
AOM_001483,aom:feedProductType,AOM_101112,Processing pulp,approved,Pete Steward,2026-08-06,docs/decisions/0020-ingredient-semantic-closure.md,Pulp is a processing-derived product type rather than physical form.,
AOM_006271,aom:feedProductType,AOM_101112,Processing pulp,approved,Pete Steward,2026-08-06,docs/decisions/0020-ingredient-semantic-closure.md,Pulp product type remains independent of drying.,
AOM_001778,aom:feedProductType,AOM_101112,Processing pulp,approved,Pete Steward,2026-08-06,docs/decisions/0020-ingredient-semantic-closure.md,Pulp is a processing-derived product type rather than physical form.,
AOM_001779,aom:feedProductType,AOM_101112,Processing pulp,approved,Pete Steward,2026-08-06,docs/decisions/0020-ingredient-semantic-closure.md,Pulp product type remains independent of grinding.,
AOM_002137,aom:feedProductType,AOM_101112,Processing pulp,approved,Pete Steward,2026-08-06,docs/decisions/0020-ingredient-semantic-closure.md,Pulp is a processing-derived product type rather than physical form.,
AOM_000544,aom:ingredientConstituent,AOM_101081,Oil constituent,approved,Pete Steward,2026-08-06,review/livestock-v10/feedipedia_semantic_review.csv,Feedipedia identifies fish oil; oil is material constituent rather than evidence of physical form.,
AOM_000642,aom:physicalForm,AOM_101077,Liquid form,approved,Pete Steward,2026-08-06,review/livestock-v10/feedipedia_semantic_review.csv,Molasses is governed as liquid presentation independently of source and role.,
AOM_000642,aom:processingMethod,AOM_101084,Sugar processing,approved,Pete Steward,2026-08-06,review/livestock-v10/feedipedia_semantic_review.csv,Sugarcane molasses results from sugar processing.,
AOM_000642,aom:productRole,AOM_101062,By-product role,approved,Pete Steward,2026-08-06,review/livestock-v10/feedipedia_semantic_review.csv,Sugarcane molasses is governed as sugar-processing by-product.,
AOM_000678,aom:ingredientConstituent,AOM_101065,Starch constituent,approved,Pete Steward,2026-08-06,review/livestock-v10/feedipedia_semantic_review.csv,Cassava remains source identity while starch is constituent identity.,
AOM_001289,aom:ingredientConstituent,AOM_101065,Starch constituent,approved,Pete Steward,2026-08-06,review/livestock-v10/feedipedia_semantic_review.csv,Maize remains source identity while starch is constituent identity.,
AOM_003208,aom:productRole,AOM_101062,By-product role,approved,Pete Steward,2026-08-06,review/livestock-v10/feedipedia_semantic_review.csv,Offal wording identifies by-product role without asserting a specific anatomical component.,
AOM_003596,aom:ingredientPart,AOM_101038,Seed,approved,Pete Steward,2026-08-06,review/livestock-v10/feedipedia_semantic_review.csv,Grape identifies source and seeds identify anatomical part.,
AOM_000651,aom:ingredientConstituent,AOM_101081,Oil constituent,approved,Pete Steward,2026-08-06,review/livestock-v12/public_authority_source_scope_review.csv,Exact AGROVOC maize-oil identity supports oil constituent independent of physical form.,
AOM_000674,aom:ingredientConstituent,AOM_101081,Oil constituent,approved,Pete Steward,2026-08-06,review/livestock-v12/public_authority_source_scope_review.csv,Exact AGROVOC sunflower-oil identity supports oil constituent independent of physical form.,
AOM_001586,aom:ingredientConstituent,AOM_101081,Oil constituent,approved,Pete Steward,2026-08-06,review/livestock-v12/public_authority_source_scope_review.csv,Exact AGROVOC soybean-oil identity supports oil constituent independent of physical form.,
AOM_000536,aom:processingMethod,AOM_101095,Grinding,approved-generated,Pete Steward,2026-08-05,data/livestock-staging/approved_ingredient_harmonization_rules.csv,Generated from approved rule under recorded guard; legacy material identity preserved.,PROCESS-GROUND
AOM_000537,aom:processingMethod,AOM_101071,Drying,approved-generated,Pete Steward,2026-08-05,data/livestock-staging/approved_ingredient_harmonization_rules.csv,Generated from approved rule under recorded guard; legacy material identity preserved.,PROCESS-DRIED
AOM_000537,aom:processingMethod,AOM_101095,Grinding,approved-generated,Pete Steward,2026-08-05,data/livestock-staging/approved_ingredient_harmonization_rules.csv,Generated from approved rule under recorded guard; legacy material identity preserved.,PROCESS-GROUND
AOM_000537,aom:processingMethod,AOM_101096,Heating,approved-generated,Pete Steward,2026-08-05,data/livestock-staging/approved_ingredient_harmonization_rules.csv,Generated from approved rule under recorded guard; legacy material identity preserved.,PROCESS-HEATED
AOM_000539,aom:processingMethod,AOM_101095,Grinding,approved-generated,Pete Steward,2026-08-05,data/livestock-staging/approved_ingredient_harmonization_rules.csv,Generated from approved rule under recorded guard; legacy material identity preserved.,PROCESS-GROUND
AOM_000543,aom:processingMethod,AOM_101095,Grinding,approved-generated,Pete Steward,2026-08-05,data/livestock-staging/approved_ingredient_harmonization_rules.csv,Generated from approved rule under recorded guard; legacy material identity preserved.,PROCESS-GROUND
AOM_000550,aom:processingMethod,AOM_101095,Grinding,approved-generated,Pete Steward,2026-08-05,data/livestock-staging/approved_ingredient_harmonization_rules.csv,Generated from approved rule under recorded guard; legacy material identity preserved.,PROCESS-GROUND
AOM_000551,aom:processingMethod,AOM_101071,Drying,approved-generated,Pete Steward,2026-08-05,data/livestock-staging/approved_ingredient_harmonization_rules.csv,Generated from approved rule under recorded guard; legacy material identity preserved.,PROCESS-DRIED
AOM_000551,aom:processingMethod,AOM_101095,Grinding,approved-generated,Pete Steward,2026-08-05,data/livestock-staging/approved_ingredient_harmonization_rules.csv,Generated from approved rule under recorded guard; legacy material identity preserved.,PROCESS-GROUND
AOM_000552,aom:processingMethod,AOM_101095,Grinding,approved-generated,Pete Steward,2026-08-05,data/livestock-staging/approved_ingredient_harmonization_rules.csv,Generated from approved rule under recorded guard; legacy material identity preserved.,PROCESS-GROUND
AOM_000553,aom:processingMethod,AOM_101095,Grinding,approved-generated,Pete Steward,2026-08-05,data/livestock-staging/approved_ingredient_harmonization_rules.csv,Generated from approved rule under recorded guard; legacy material identity preserved.,PROCESS-GROUND
AOM_000563,aom:ingredientPart,AOM_101104,Bran,approved-generated,Pete Steward,2026-08-05,data/livestock-staging/approved_ingredient_harmonization_rules.csv,Generated from approved rule under recorded guard; legacy material identity preserved.,COMPONENT-BRAN
AOM_000564,aom:ingredientPart,AOM_101074,Grain,approved-generated,Pete Steward,2026-08-05,data/livestock-staging/approved_ingredient_harmonization_rules.csv,Generated from approved rule under recorded guard; legacy material identity preserved.,COMPONENT-GRAIN
AOM_000564,aom:processingMethod,AOM_101071,Drying,approved-generated,Pete Steward,2026-08-05,data/livestock-staging/approved_ingredient_harmonization_rules.csv,Generated from approved rule under recorded guard; legacy material identity preserved.,PROCESS-DRIED
AOM_000565,aom:ingredientPart,AOM_101074,Grain,approved-generated,Pete Steward,2026-08-05,data/livestock-staging/approved_ingredient_harmonization_rules.csv,Generated from approved rule under recorded guard; legacy material identity preserved.,COMPONENT-GRAIN
AOM_000567,aom:processingMethod,AOM_101095,Grinding,approved-generated,Pete Steward,2026-08-05,data/livestock-staging/approved_ingredient_harmonization_rules.csv,Generated from approved rule under recorded guard; legacy material identity preserved.,PROCESS-GROUND
AOM_000569,aom:ingredientPart,AOM_101026,Cob,approved-generated,Pete Steward,2026-08-05,data/livestock-staging/approved_ingredient_harmonization_rules.csv,Generated from approved rule under recorded guard; legacy material identity preserved.,COMPONENT-COB
AOM_000570,aom:processingMethod,AOM_101093,Extrusion,approved-generated,Pete Steward,2026-08-05,data/livestock-staging/approved_ingredient_harmonization_rules.csv,Generated from approved rule under recorded guard; legacy material identity preserved.,PROCESS-EXTRUDED
AOM_000572,aom:ingredientPart,AOM_101106,Straw,approved-generated,Pete Steward,2026-08-05,data/livestock-staging/approved_ingredient_harmonization_rules.csv,Generated from approved rule under recorded guard; legacy material identity preserved.,COMPONENT-STRAW
AOM_000574,aom:ingredientPart,AOM_101033,Leaf,approved-generated,Pete Steward,2026-08-05,data/livestock-staging/approved_ingredient_harmonization_rules.csv,Generated from approved rule under recorded guard; legacy material identity preserved.,COMPONENT-LEAF
AOM_000574,aom:processingMethod,AOM_101071,Drying,approved-generated,Pete Steward,2026-08-05,data/livestock-staging/approved_ingredient_harmonization_rules.csv,Generated from approved rule under recorded guard; legacy material identity preserved.,PROCESS-DRIED
AOM_000575,aom:ingredientPart,AOM_101104,Bran,approved-generated,Pete Steward,2026-08-05,data/livestock-staging/approved_ingredient_harmonization_rules.csv,Generated from approved rule under recorded guard; legacy material identity preserved.,COMPONENT-BRAN
AOM_000576,aom:ingredientPart,AOM_101031,Husk,approved-generated,Pete Steward,2026-08-05,data/livestock-staging/approved_ingredient_harmonization_rules.csv,Generated from approved rule under recorded guard; legacy material identity preserved.,COMPONENT-HUSK
AOM_000579,aom:ingredientPart,AOM_101106,Straw,approved-generated,Pete Steward,2026-08-05,data/livestock-staging/approved_ingredient_harmonization_rules.csv,Generated from approved rule under recorded guard; legacy material identity preserved.,COMPONENT-STRAW
AOM_000580,aom:ingredientPart,AOM_101104,Bran,approved-generated,Pete Steward,2026-08-05,data/livestock-staging/approved_ingredient_harmonization_rules.csv,Generated from approved rule under recorded guard; legacy material identity preserved.,COMPONENT-BRAN
AOM_000581,aom:ingredientPart,AOM_101106,Straw,approved-generated,Pete Steward,2026-08-05,data/livestock-staging/approved_ingredient_harmonization_rules.csv,Generated from approved rule under recorded guard; legacy material identity preserved.,COMPONENT-STRAW
AOM_000582,aom:ingredientPart,AOM_101106,Straw,approved-generated,Pete Steward,2026-08-05,data/livestock-staging/approved_ingredient_harmonization_rules.csv,Generated from approved rule under recorded guard; legacy material identity preserved.,COMPONENT-STRAW
AOM_000584,aom:ingredientPart,AOM_101106,Straw,approved-generated,Pete Steward,2026-08-05,data/livestock-staging/approved_ingredient_harmonization_rules.csv,Generated from approved rule under recorded guard; legacy material identity preserved.,COMPONENT-STRAW
AOM_000585,aom:ingredientPart,AOM_101104,Bran,approved-generated,Pete Steward,2026-08-05,data/livestock-staging/approved_ingredient_harmonization_rules.csv,Generated from approved rule under recorded guard; legacy material identity preserved.,COMPONENT-BRAN
AOM_000586,aom:ingredientPart,AOM_101104,Bran,approved-generated,Pete Steward,2026-08-05,data/livestock-staging/approved_ingredient_harmonization_rules.csv,Generated from approved rule under recorded guard; legacy material identity preserved.,COMPONENT-BRAN
AOM_000587,aom:processingMethod,AOM_101071,Drying,approved-generated,Pete Steward,2026-08-05,data/livestock-staging/approved_ingredient_harmonization_rules.csv,Generated from approved rule under recorded guard; legacy material identity preserved.,PROCESS-DRIED
AOM_000595,aom:ingredientPart,AOM_101033,Leaf,approved-generated,Pete Steward,2026-08-05,data/livestock-staging/approved_ingredient_harmonization_rules.csv,Generated from approved rule under recorded guard; legacy material identity preserved.,COMPONENT-LEAF
AOM_000596,aom:ingredientPart,AOM_101038,Seed,approved-generated,Pete Steward,2026-08-05,data/livestock-staging/approved_ingredient_harmonization_rules.csv,Generated from approved rule under recorded guard; legacy material identity preserved.,COMPONENT-SEED
AOM_000596,aom:processingMethod,AOM_101095,Grinding,approved-generated,Pete Steward,2026-08-05,data/livestock-staging/approved_ingredient_harmonization_rules.csv,Generated from approved rule under recorded guard; legacy material identity preserved.,PROCESS-GROUND
AOM_000600,aom:ingredientPart,AOM_101038,Seed,approved-generated,Pete Steward,2026-08-05,data/livestock-staging/approved_ingredient_harmonization_rules.csv,Generated from approved rule under recorded guard; legacy material identity preserved.,COMPONENT-SEED
AOM_000600,aom:processingMethod,AOM_101095,Grinding,approved-generated,Pete Steward,2026-08-05,data/livestock-staging/approved_ingredient_harmonization_rules.csv,Generated from approved rule under recorded guard; legacy material identity preserved.,PROCESS-GROUND
AOM_000602,aom:ingredientPart,AOM_101031,Husk,approved-generated,Pete Steward,2026-08-05,data/livestock-staging/approved_ingredient_harmonization_rules.csv,Generated from approved rule under recorded guard; legacy material identity preserved.,COMPONENT-HUSK
AOM_000606,aom:ingredientPart,AOM_101031,Husk,approved-generated,Pete Steward,2026-08-05,data/livestock-staging/approved_ingredient_harmonization_rules.csv,Generated from approved rule under recorded guard; legacy material identity preserved.,COMPONENT-HUSK
AOM_000606,aom:processingMethod,AOM_101095,Grinding,approved-generated,Pete Steward,2026-08-05,data/livestock-staging/approved_ingredient_harmonization_rules.csv,Generated from approved rule under recorded guard; legacy material identity preserved.,PROCESS-GROUND
AOM_000607,aom:processingMethod,AOM_101095,Grinding,approved-generated,Pete Steward,2026-08-05,data/livestock-staging/approved_ingredient_harmonization_rules.csv,Generated from approved rule under recorded guard; legacy material identity preserved.,PROCESS-GROUND
AOM_000608,aom:ingredientPart,AOM_101038,Seed,approved-generated,Pete Steward,2026-08-05,data/livestock-staging/approved_ingredient_harmonization_rules.csv,Generated from approved rule under recorded guard; legacy material identity preserved.,COMPONENT-SEED
AOM_000609,aom:ingredientPart,AOM_101033,Leaf,approved-generated,Pete Steward,2026-08-05,data/livestock-staging/approved_ingredient_harmonization_rules.csv,Generated from approved rule under recorded guard; legacy material identity preserved.,COMPONENT-LEAF
AOM_000612,aom:processingMethod,AOM_101071,Drying,approved-generated,Pete Steward,2026-08-05,data/livestock-staging/approved_ingredient_harmonization_rules.csv,Generated from approved rule under recorded guard; legacy material identity preserved.,PROCESS-DRIED
AOM_000613,aom:processingMethod,AOM_101095,Grinding,approved-generated,Pete Steward,2026-08-05,data/livestock-staging/approved_ingredient_harmonization_rules.csv,Generated from approved rule under recorded guard; legacy material identity preserved.,PROCESS-GROUND
AOM_000617,aom:ingredientPart,AOM_101040,Shell,approved-generated,Pete Steward,2026-08-05,data/livestock-staging/approved_ingredient_harmonization_rules.csv,Generated from approved rule under recorded guard; legacy material identity preserved.,COMPONENT-SHELL
AOM_000620,aom:ingredientPart,AOM_101038,Seed,approved-generated,Pete Steward,2026-08-05,data/livestock-staging/approved_ingredient_harmonization_rules.csv,Generated from approved rule under recorded guard; legacy material identity preserved.,COMPONENT-SEED
AOM_000625,aom:ingredientPart,AOM_101032,Kernel,approved-generated,Pete Steward,2026-08-05,data/livestock-staging/approved_ingredient_harmonization_rules.csv,Generated from approved rule under recorded guard; legacy material identity preserved.,COMPONENT-KERNEL
AOM_000625,aom:processingMethod,AOM_101095,Grinding,approved-generated,Pete Steward,2026-08-05,data/livestock-staging/approved_ingredient_harmonization_rules.csv,Generated from approved rule under recorded guard; legacy material identity preserved.,PROCESS-GROUND
AOM_000633,aom:processingMethod,AOM_101071,Drying,approved-generated,Pete Steward,2026-08-05,data/livestock-staging/approved_ingredient_harmonization_rules.csv,Generated from approved rule under recorded guard; legacy material identity preserved.,PROCESS-DRIED
AOM_000634,aom:ingredientPart,AOM_101104,Bran,approved-generated,Pete Steward,2026-08-05,data/livestock-staging/approved_ingredient_harmonization_rules.csv,Generated from approved rule under recorded guard; legacy material identity preserved.,COMPONENT-BRAN
AOM_000635,aom:ingredientPart,AOM_101033,Leaf,approved-generated,Pete Steward,2026-08-05,data/livestock-staging/approved_ingredient_harmonization_rules.csv,Generated from approved rule under recorded guard; legacy material identity preserved.,COMPONENT-LEAF
AOM_000639,aom:ingredientPart,AOM_101104,Bran,approved-generated,Pete Steward,2026-08-05,data/livestock-staging/approved_ingredient_harmonization_rules.csv,Generated from approved rule under recorded guard; legacy material identity preserved.,COMPONENT-BRAN
AOM_000641,aom:ingredientPart,AOM_101043,Tuber,approved-generated,Pete Steward,2026-08-05,data/livestock-staging/approved_ingredient_harmonization_rules.csv,Generated from approved rule under recorded guard; legacy material identity preserved.,COMPONENT-TUBER
AOM_000647,aom:ingredientPart,AOM_101074,Grain,approved-generated,Pete Steward,2026-08-05,data/livestock-staging/approved_ingredient_harmonization_rules.csv,Generated from approved rule under recorded guard; legacy material identity preserved.,COMPONENT-GRAIN
AOM_000647,aom:processingMethod,AOM_101091,Crushing,approved-generated,Pete Steward,2026-08-05,data/livestock-staging/approved_ingredient_harmonization_rules.csv,Generated from approved rule under recorded guard; legacy material identity preserved.,PROCESS-CRUSHED
AOM_000649,aom:ingredientPart,AOM_101074,Grain,approved-generated,Pete Steward,2026-08-05,data/livestock-staging/approved_ingredient_harmonization_rules.csv,Generated from approved rule under recorded guard; legacy material identity preserved.,COMPONENT-GRAIN
AOM_000655,aom:ingredientPart,AOM_101074,Grain,approved-generated,Pete Steward,2026-08-05,data/livestock-staging/approved_ingredient_harmonization_rules.csv,Generated from approved rule under recorded guard; legacy material identity preserved.,COMPONENT-GRAIN
AOM_000656,aom:ingredientPart,AOM_101074,Grain,approved-generated,Pete Steward,2026-08-05,data/livestock-staging/approved_ingredient_harmonization_rules.csv,Generated from approved rule under recorded guard; legacy material identity preserved.,COMPONENT-GRAIN
AOM_000656,aom:processingMethod,AOM_101095,Grinding,approved-generated,Pete Steward,2026-08-05,data/livestock-staging/approved_ingredient_harmonization_rules.csv,Generated from approved rule under recorded guard; legacy material identity preserved.,PROCESS-GROUND
AOM_000657,aom:ingredientPart,AOM_101074,Grain,approved-generated,Pete Steward,2026-08-05,data/livestock-staging/approved_ingredient_harmonization_rules.csv,Generated from approved rule under recorded guard; legacy material identity preserved.,COMPONENT-GRAIN
AOM_000660,aom:ingredientPart,AOM_101074,Grain,approved-generated,Pete Steward,2026-08-05,data/livestock-staging/approved_ingredient_harmonization_rules.csv,Generated from approved rule under recorded guard; legacy material identity preserved.,COMPONENT-GRAIN
AOM_000660,aom:processingMethod,AOM_101095,Grinding,approved-generated,Pete Steward,2026-08-05,data/livestock-staging/approved_ingredient_harmonization_rules.csv,Generated from approved rule under recorded guard; legacy material identity preserved.,PROCESS-GROUND
AOM_000668,aom:processingMethod,AOM_101095,Grinding,approved-generated,Pete Steward,2026-08-05,data/livestock-staging/approved_ingredient_harmonization_rules.csv,Generated from approved rule under recorded guard; legacy material identity preserved.,PROCESS-GROUND
AOM_000668,aom:processingMethod,AOM_101098,Roasting,approved-generated,Pete Steward,2026-08-05,data/livestock-staging/approved_ingredient_harmonization_rules.csv,Generated from approved rule under recorded guard; legacy material identity preserved.,PROCESS-ROASTED
AOM_000670,aom:processingMethod,AOM_101098,Roasting,approved-generated,Pete Steward,2026-08-05,data/livestock-staging/approved_ingredient_harmonization_rules.csv,Generated from approved rule under recorded guard; legacy material identity preserved.,PROCESS-ROASTED
AOM_000675,aom:ingredientPart,AOM_101038,Seed,approved-generated,Pete Steward,2026-08-05,data/livestock-staging/approved_ingredient_harmonization_rules.csv,Generated from approved rule under recorded guard; legacy material identity preserved.,COMPONENT-SEED
AOM_000675,aom:processingMethod,AOM_101095,Grinding,approved-generated,Pete Steward,2026-08-05,data/livestock-staging/approved_ingredient_harmonization_rules.csv,Generated from approved rule under recorded guard; legacy material identity preserved.,PROCESS-GROUND
AOM_000679,aom:ingredientPart,AOM_101043,Tuber,approved-generated,Pete Steward,2026-08-05,data/livestock-staging/approved_ingredient_harmonization_rules.csv,Generated from approved rule under recorded guard; legacy material identity preserved.,COMPONENT-TUBER
AOM_000681,aom:ingredientPart,AOM_101043,Tuber,approved-generated,Pete Steward,2026-08-05,data/livestock-staging/approved_ingredient_harmonization_rules.csv,Generated from approved rule under recorded guard; legacy material identity preserved.,COMPONENT-TUBER
AOM_000688,aom:processingMethod,AOM_101071,Drying,approved-generated,Pete Steward,2026-08-05,data/livestock-staging/approved_ingredient_harmonization_rules.csv,Generated from approved rule under recorded guard; legacy material identity preserved.,PROCESS-DRIED
AOM_000692,aom:processingMethod,AOM_101071,Drying,approved-generated,Pete Steward,2026-08-05,data/livestock-staging/approved_ingredient_harmonization_rules.csv,Generated from approved rule under recorded guard; legacy material identity preserved.,PROCESS-DRIED
AOM_000692,aom:processingMethod,AOM_101095,Grinding,approved-generated,Pete Steward,2026-08-05,data/livestock-staging/approved_ingredient_harmonization_rules.csv,Generated from approved rule under recorded guard; legacy material identity preserved.,PROCESS-GROUND
AOM_000698,aom:processingMethod,AOM_101071,Drying,approved-generated,Pete Steward,2026-08-05,data/livestock-staging/approved_ingredient_harmonization_rules.csv,Generated from approved rule under recorded guard; legacy material identity preserved.,PROCESS-DRIED
AOM_000708,aom:ingredientPart,AOM_101033,Leaf,approved-generated,Pete Steward,2026-08-05,data/livestock-staging/approved_ingredient_harmonization_rules.csv,Generated from approved rule under recorded guard; legacy material identity preserved.,COMPONENT-LEAF
AOM_000708,aom:processingMethod,AOM_101071,Drying,approved-generated,Pete Steward,2026-08-05,data/livestock-staging/approved_ingredient_harmonization_rules.csv,Generated from approved rule under recorded guard; legacy material identity preserved.,PROCESS-DRIED
AOM_000709,aom:ingredientPart,AOM_101033,Leaf,approved-generated,Pete Steward,2026-08-05,data/livestock-staging/approved_ingredient_harmonization_rules.csv,Generated from approved rule under recorded guard; legacy material identity preserved.,COMPONENT-LEAF
AOM_000709,aom:processingMethod,AOM_101095,Grinding,approved-generated,Pete Steward,2026-08-05,data/livestock-staging/approved_ingredient_harmonization_rules.csv,Generated from approved rule under recorded guard; legacy material identity preserved.,PROCESS-GROUND
AOM_000711,aom:ingredientPart,AOM_101033,Leaf,approved-generated,Pete Steward,2026-08-05,data/livestock-staging/approved_ingredient_harmonization_rules.csv,Generated from approved rule under recorded guard; legacy material identity preserved.,COMPONENT-LEAF
AOM_000711,aom:processingMethod,AOM_101095,Grinding,approved-generated,Pete Steward,2026-08-05,data/livestock-staging/approved_ingredient_harmonization_rules.csv,Generated from approved rule under recorded guard; legacy material identity preserved.,PROCESS-GROUND
AOM_000713,aom:ingredientPart,AOM_101035,Pod,approved-generated,Pete Steward,2026-08-05,data/livestock-staging/approved_ingredient_harmonization_rules.csv,Generated from approved rule under recorded guard; legacy material identity preserved.,COMPONENT-POD
AOM_000714,aom:processingMethod,AOM_101071,Drying,approved-generated,Pete Steward,2026-08-05,data/livestock-staging/approved_ingredient_harmonization_rules.csv,Generated from approved rule under recorded guard; legacy material identity preserved.,PROCESS-DRIED
AOM_000714,aom:processingMethod,AOM_101095,Grinding,approved-generated,Pete Steward,2026-08-05,data/livestock-staging/approved_ingredient_harmonization_rules.csv,Generated from approved rule under recorded guard; legacy material identity preserved.,PROCESS-GROUND
AOM_000725,aom:processingMethod,AOM_101071,Drying,approved-generated,Pete Steward,2026-08-05,data/livestock-staging/approved_ingredient_harmonization_rules.csv,Generated from approved rule under recorded guard; legacy material identity preserved.,PROCESS-DRIED
AOM_000730,aom:ingredientPart,AOM_101033,Leaf,approved-generated,Pete Steward,2026-08-05,data/livestock-staging/approved_ingredient_harmonization_rules.csv,Generated from approved rule under recorded guard; legacy material identity preserved.,COMPONENT-LEAF
AOM_000733,aom:ingredientPart,AOM_101033,Leaf,approved-generated,Pete Steward,2026-08-05,data/livestock-staging/approved_ingredient_harmonization_rules.csv,Generated from approved rule under recorded guard; legacy material identity preserved.,COMPONENT-LEAF
AOM_000733,aom:processingMethod,AOM_101095,Grinding,approved-generated,Pete Steward,2026-08-05,data/livestock-staging/approved_ingredient_harmonization_rules.csv,Generated from approved rule under recorded guard; legacy material identity preserved.,PROCESS-GROUND
AOM_000764,aom:physicalForm,AOM_101049,Block form,approved-generated,Pete Steward,2026-08-05,data/livestock-staging/approved_ingredient_harmonization_rules.csv,Generated from approved rule under recorded guard; legacy material identity preserved.,FORM-BLOCK
AOM_000783,aom:physicalForm,AOM_101049,Block form,approved-generated,Pete Steward,2026-08-05,data/livestock-staging/approved_ingredient_harmonization_rules.csv,Generated from approved rule under recorded guard; legacy material identity preserved.,FORM-BLOCK
AOM_001094,aom:processingMethod,AOM_101071,Drying,approved-generated,Pete Steward,2026-08-05,data/livestock-staging/approved_ingredient_harmonization_rules.csv,Generated from approved rule under recorded guard; legacy material identity preserved.,PROCESS-DRIED
AOM_001096,aom:processingMethod,AOM_101095,Grinding,approved-generated,Pete Steward,2026-08-05,data/livestock-staging/approved_ingredient_harmonization_rules.csv,Generated from approved rule under recorded guard; legacy material identity preserved.,PROCESS-GROUND
AOM_001098,aom:processingMethod,AOM_101089,Boiling,approved-generated,Pete Steward,2026-08-05,data/livestock-staging/approved_ingredient_harmonization_rules.csv,Generated from approved rule under recorded guard; legacy material identity preserved.,PROCESS-BOILED
AOM_001098,aom:processingMethod,AOM_101095,Grinding,approved-generated,Pete Steward,2026-08-05,data/livestock-staging/approved_ingredient_harmonization_rules.csv,Generated from approved rule under recorded guard; legacy material identity preserved.,PROCESS-GROUND
AOM_001099,aom:processingMethod,AOM_101095,Grinding,approved-generated,Pete Steward,2026-08-05,data/livestock-staging/approved_ingredient_harmonization_rules.csv,Generated from approved rule under recorded guard; legacy material identity preserved.,PROCESS-GROUND
AOM_001100,aom:processingMethod,AOM_101095,Grinding,approved-generated,Pete Steward,2026-08-05,data/livestock-staging/approved_ingredient_harmonization_rules.csv,Generated from approved rule under recorded guard; legacy material identity preserved.,PROCESS-GROUND
AOM_001100,aom:processingMethod,AOM_101098,Roasting,approved-generated,Pete Steward,2026-08-05,data/livestock-staging/approved_ingredient_harmonization_rules.csv,Generated from approved rule under recorded guard; legacy material identity preserved.,PROCESS-ROASTED
AOM_001101,aom:processingMethod,AOM_101071,Drying,approved-generated,Pete Steward,2026-08-05,data/livestock-staging/approved_ingredient_harmonization_rules.csv,Generated from approved rule under recorded guard; legacy material identity preserved.,PROCESS-DRIED
AOM_001101,aom:processingMethod,AOM_101095,Grinding,approved-generated,Pete Steward,2026-08-05,data/livestock-staging/approved_ingredient_harmonization_rules.csv,Generated from approved rule under recorded guard; legacy material identity preserved.,PROCESS-GROUND
AOM_001103,aom:processingMethod,AOM_101071,Drying,approved-generated,Pete Steward,2026-08-05,data/livestock-staging/approved_ingredient_harmonization_rules.csv,Generated from approved rule under recorded guard; legacy material identity preserved.,PROCESS-DRIED
AOM_001104,aom:processingMethod,AOM_101071,Drying,approved-generated,Pete Steward,2026-08-05,data/livestock-staging/approved_ingredient_harmonization_rules.csv,Generated from approved rule under recorded guard; legacy material identity preserved.,PROCESS-DRIED
AOM_001107,aom:processingMethod,AOM_101095,Grinding,approved-generated,Pete Steward,2026-08-05,data/livestock-staging/approved_ingredient_harmonization_rules.csv,Generated from approved rule under recorded guard; legacy material identity preserved.,PROCESS-GROUND
AOM_001108,aom:processingMethod,AOM_101095,Grinding,approved-generated,Pete Steward,2026-08-05,data/livestock-staging/approved_ingredient_harmonization_rules.csv,Generated from approved rule under recorded guard; legacy material identity preserved.,PROCESS-GROUND
AOM_001109,aom:processingMethod,AOM_101071,Drying,approved-generated,Pete Steward,2026-08-05,data/livestock-staging/approved_ingredient_harmonization_rules.csv,Generated from approved rule under recorded guard; legacy material identity preserved.,PROCESS-DRIED
AOM_001111,aom:processingMethod,AOM_101095,Grinding,approved-generated,Pete Steward,2026-08-05,data/livestock-staging/approved_ingredient_harmonization_rules.csv,Generated from approved rule under recorded guard; legacy material identity preserved.,PROCESS-GROUND
AOM_001112,aom:processingMethod,AOM_101095,Grinding,approved-generated,Pete Steward,2026-08-05,data/livestock-staging/approved_ingredient_harmonization_rules.csv,Generated from approved rule under recorded guard; legacy material identity preserved.,PROCESS-GROUND
AOM_001113,aom:processingMethod,AOM_101095,Grinding,approved-generated,Pete Steward,2026-08-05,data/livestock-staging/approved_ingredient_harmonization_rules.csv,Generated from approved rule under recorded guard; legacy material identity preserved.,PROCESS-GROUND
AOM_001116,aom:processingMethod,AOM_101095,Grinding,approved-generated,Pete Steward,2026-08-05,data/livestock-staging/approved_ingredient_harmonization_rules.csv,Generated from approved rule under recorded guard; legacy material identity preserved.,PROCESS-GROUND
AOM_001117,aom:processingMethod,AOM_101071,Drying,approved-generated,Pete Steward,2026-08-05,data/livestock-staging/approved_ingredient_harmonization_rules.csv,Generated from approved rule under recorded guard; legacy material identity preserved.,PROCESS-DRIED
AOM_001120,aom:ingredientPart,AOM_101033,Leaf,approved-generated,Pete Steward,2026-08-05,data/livestock-staging/approved_ingredient_harmonization_rules.csv,Generated from approved rule under recorded guard; legacy material identity preserved.,COMPONENT-LEAF
AOM_001122,aom:ingredientPart,AOM_101035,Pod,approved-generated,Pete Steward,2026-08-05,data/livestock-staging/approved_ingredient_harmonization_rules.csv,Generated from approved rule under recorded guard; legacy material identity preserved.,COMPONENT-POD
AOM_001123,aom:ingredientPart,AOM_101033,Leaf,approved-generated,Pete Steward,2026-08-05,data/livestock-staging/approved_ingredient_harmonization_rules.csv,Generated from approved rule under recorded guard; legacy material identity preserved.,COMPONENT-LEAF
AOM_001125,aom:ingredientPart,AOM_101033,Leaf,approved-generated,Pete Steward,2026-08-05,data/livestock-staging/approved_ingredient_harmonization_rules.csv,Generated from approved rule under recorded guard; legacy material identity preserved.,COMPONENT-LEAF
AOM_001127,aom:ingredientPart,AOM_101033,Leaf,approved-generated,Pete Steward,2026-08-05,data/livestock-staging/approved_ingredient_harmonization_rules.csv,Generated from approved rule under recorded guard; legacy material identity preserved.,COMPONENT-LEAF
AOM_001127,aom:processingMethod,AOM_101102,Wilting,approved-generated,Pete Steward,2026-08-05,data/livestock-staging/approved_ingredient_harmonization_rules.csv,Generated from approved rule under recorded guard; legacy material identity preserved.,PROCESS-WILTED
AOM_001129,aom:ingredientPart,AOM_101033,Leaf,approved-generated,Pete Steward,2026-08-05,data/livestock-staging/approved_ingredient_harmonization_rules.csv,Generated from approved rule under recorded guard; legacy material identity preserved.,COMPONENT-LEAF
AOM_001132,aom:ingredientPart,AOM_101033,Leaf,approved-generated,Pete Steward,2026-08-05,data/livestock-staging/approved_ingredient_harmonization_rules.csv,Generated from approved rule under recorded guard; legacy material identity preserved.,COMPONENT-LEAF
AOM_001134,aom:ingredientPart,AOM_101033,Leaf,approved-generated,Pete Steward,2026-08-05,data/livestock-staging/approved_ingredient_harmonization_rules.csv,Generated from approved rule under recorded guard; legacy material identity preserved.,COMPONENT-LEAF
AOM_001140,aom:ingredientPart,AOM_101033,Leaf,approved-generated,Pete Steward,2026-08-05,data/livestock-staging/approved_ingredient_harmonization_rules.csv,Generated from approved rule under recorded guard; legacy material identity preserved.,COMPONENT-LEAF
AOM_001143,aom:ingredientPart,AOM_101033,Leaf,approved-generated,Pete Steward,2026-08-05,data/livestock-staging/approved_ingredient_harmonization_rules.csv,Generated from approved rule under recorded guard; legacy material identity preserved.,COMPONENT-LEAF
AOM_001148,aom:ingredientPart,AOM_101033,Leaf,approved-generated,Pete Steward,2026-08-05,data/livestock-staging/approved_ingredient_harmonization_rules.csv,Generated from approved rule under recorded guard; legacy material identity preserved.,COMPONENT-LEAF
AOM_001150,aom:ingredientPart,AOM_101033,Leaf,approved-generated,Pete Steward,2026-08-05,data/livestock-staging/approved_ingredient_harmonization_rules.csv,Generated from approved rule under recorded guard; legacy material identity preserved.,COMPONENT-LEAF
AOM_001154,aom:ingredientPart,AOM_101032,Kernel,approved-generated,Pete Steward,2026-08-05,data/livestock-staging/approved_ingredient_harmonization_rules.csv,Generated from approved rule under recorded guard; legacy material identity preserved.,COMPONENT-KERNEL
AOM_001155,aom:ingredientPart,AOM_101032,Kernel,approved-generated,Pete Steward,2026-08-05,data/livestock-staging/approved_ingredient_harmonization_rules.csv,Generated from approved rule under recorded guard; legacy material identity preserved.,COMPONENT-KERNEL
AOM_001155,aom:processingMethod,AOM_101095,Grinding,approved-generated,Pete Steward,2026-08-05,data/livestock-staging/approved_ingredient_harmonization_rules.csv,Generated from approved rule under recorded guard; legacy material identity preserved.,PROCESS-GROUND
AOM_001156,aom:ingredientPart,AOM_101038,Seed,approved-generated,Pete Steward,2026-08-05,data/livestock-staging/approved_ingredient_harmonization_rules.csv,Generated from approved rule under recorded guard; legacy material identity preserved.,COMPONENT-SEED
AOM_001157,aom:ingredientPart,AOM_101038,Seed,approved-generated,Pete Steward,2026-08-05,data/livestock-staging/approved_ingredient_harmonization_rules.csv,Generated from approved rule under recorded guard; legacy material identity preserved.,COMPONENT-SEED
AOM_001157,aom:processingMethod,AOM_101095,Grinding,approved-generated,Pete Steward,2026-08-05,data/livestock-staging/approved_ingredient_harmonization_rules.csv,Generated from approved rule under recorded guard; legacy material identity preserved.,PROCESS-GROUND
AOM_001158,aom:processingMethod,AOM_101071,Drying,approved-generated,Pete Steward,2026-08-05,data/livestock-staging/approved_ingredient_harmonization_rules.csv,Generated from approved rule under recorded guard; legacy material identity preserved.,PROCESS-DRIED
AOM_001164,aom:ingredientPart,AOM_101038,Seed,approved-generated,Pete Steward,2026-08-05,data/livestock-staging/approved_ingredient_harmonization_rules.csv,Generated from approved rule under recorded guard; legacy material identity preserved.,COMPONENT-SEED
AOM_001168,aom:processingMethod,AOM_101095,Grinding,approved-generated,Pete Steward,2026-08-05,data/livestock-staging/approved_ingredient_harmonization_rules.csv,Generated from approved rule under recorded guard; legacy material identity preserved.,PROCESS-GROUND
AOM_001170,aom:ingredientPart,AOM_101033,Leaf,approved-generated,Pete Steward,2026-08-05,data/livestock-staging/approved_ingredient_harmonization_rules.csv,Generated from approved rule under recorded guard; legacy material identity preserved.,COMPONENT-LEAF
AOM_001176,aom:ingredientPart,AOM_101034,Peel,approved-generated,Pete Steward,2026-08-05,data/livestock-staging/approved_ingredient_harmonization_rules.csv,Generated from approved rule under recorded guard; legacy material identity preserved.,COMPONENT-PEEL
AOM_001177,aom:ingredientPart,AOM_101047,Stem,approved-generated,Pete Steward,2026-08-05,data/livestock-staging/approved_ingredient_harmonization_rules.csv,Generated from approved rule under recorded guard; legacy material identity preserved.,COMPONENT-STEM
AOM_001178,aom:processingMethod,AOM_101071,Drying,approved-generated,Pete Steward,2026-08-05,data/livestock-staging/approved_ingredient_harmonization_rules.csv,Generated from approved rule under recorded guard; legacy material identity preserved.,PROCESS-DRIED
AOM_001179,aom:ingredientPart,AOM_101106,Straw,approved-generated,Pete Steward,2026-08-05,data/livestock-staging/approved_ingredient_harmonization_rules.csv,Generated from approved rule under recorded guard; legacy material identity preserved.,COMPONENT-STRAW
AOM_001183,aom:ingredientPart,AOM_101031,Husk,approved-generated,Pete Steward,2026-08-05,data/livestock-staging/approved_ingredient_harmonization_rules.csv,Generated from approved rule under recorded guard; legacy material identity preserved.,COMPONENT-HUSK
AOM_001183,aom:ingredientPart,AOM_101035,Pod,approved-generated,Pete Steward,2026-08-05,data/livestock-staging/approved_ingredient_harmonization_rules.csv,Generated from approved rule under recorded guard; legacy material identity preserved.,COMPONENT-POD
AOM_001184,aom:ingredientPart,AOM_101031,Husk,approved-generated,Pete Steward,2026-08-05,data/livestock-staging/approved_ingredient_harmonization_rules.csv,Generated from approved rule under recorded guard; legacy material identity preserved.,COMPONENT-HUSK
AOM_001184,aom:ingredientPart,AOM_101035,Pod,approved-generated,Pete Steward,2026-08-05,data/livestock-staging/approved_ingredient_harmonization_rules.csv,Generated from approved rule under recorded guard; legacy material identity preserved.,COMPONENT-POD
AOM_001184,aom:processingMethod,AOM_101095,Grinding,approved-generated,Pete Steward,2026-08-05,data/livestock-staging/approved_ingredient_harmonization_rules.csv,Generated from approved rule under recorded guard; legacy material identity preserved.,PROCESS-GROUND
AOM_001186,aom:ingredientPart,AOM_101033,Leaf,approved-generated,Pete Steward,2026-08-05,data/livestock-staging/approved_ingredient_harmonization_rules.csv,Generated from approved rule under recorded guard; legacy material identity preserved.,COMPONENT-LEAF
AOM_001187,aom:ingredientPart,AOM_101038,Seed,approved-generated,Pete Steward,2026-08-05,data/livestock-staging/approved_ingredient_harmonization_rules.csv,Generated from approved rule under recorded guard; legacy material identity preserved.,COMPONENT-SEED
AOM_001189,aom:ingredientPart,AOM_101107,Vine,approved-generated,Pete Steward,2026-08-05,data/livestock-staging/approved_ingredient_harmonization_rules.csv,Generated from approved rule under recorded guard; legacy material identity preserved.,COMPONENT-VINE
AOM_001191,aom:ingredientPart,AOM_101038,Seed,approved-generated,Pete Steward,2026-08-05,data/livestock-staging/approved_ingredient_harmonization_rules.csv,Generated from approved rule under recorded guard; legacy material identity preserved.,COMPONENT-SEED
AOM_001191,aom:processingMethod,AOM_101095,Grinding,approved-generated,Pete Steward,2026-08-05,data/livestock-staging/approved_ingredient_harmonization_rules.csv,Generated from approved rule under recorded guard; legacy material identity preserved.,PROCESS-GROUND
AOM_001195,aom:ingredientPart,AOM_101034,Peel,approved-generated,Pete Steward,2026-08-05,data/livestock-staging/approved_ingredient_harmonization_rules.csv,Generated from approved rule under recorded guard; legacy material identity preserved.,COMPONENT-PEEL
AOM_001195,aom:processingMethod,AOM_101071,Drying,approved-generated,Pete Steward,2026-08-05,data/livestock-staging/approved_ingredient_harmonization_rules.csv,Generated from approved rule under recorded guard; legacy material identity preserved.,PROCESS-DRIED
AOM_001196,aom:ingredientPart,AOM_101038,Seed,approved-generated,Pete Steward,2026-08-05,data/livestock-staging/approved_ingredient_harmonization_rules.csv,Generated from approved rule under recorded guard; legacy material identity preserved.,COMPONENT-SEED
AOM_001197,aom:ingredientPart,AOM_101106,Straw,approved-generated,Pete Steward,2026-08-05,data/livestock-staging/approved_ingredient_harmonization_rules.csv,Generated from approved rule under recorded guard; legacy material identity preserved.,COMPONENT-STRAW
AOM_001197,aom:processingMethod,AOM_101091,Crushing,approved-generated,Pete Steward,2026-08-05,data/livestock-staging/approved_ingredient_harmonization_rules.csv,Generated from approved rule under recorded guard; legacy material identity preserved.,PROCESS-CRUSHED
AOM_001200,aom:processingMethod,AOM_101095,Grinding,approved-generated,Pete Steward,2026-08-05,data/livestock-staging/approved_ingredient_harmonization_rules.csv,Generated from approved rule under recorded guard; legacy material identity preserved.,PROCESS-GROUND
AOM_001203,aom:processingMethod,AOM_101071,Drying,approved-generated,Pete Steward,2026-08-05,data/livestock-staging/approved_ingredient_harmonization_rules.csv,Generated from approved rule under recorded guard; legacy material identity preserved.,PROCESS-DRIED
AOM_001210,aom:processingMethod,AOM_101071,Drying,approved-generated,Pete Steward,2026-08-05,data/livestock-staging/approved_ingredient_harmonization_rules.csv,Generated from approved rule under recorded guard; legacy material identity preserved.,PROCESS-DRIED
AOM_001215,aom:ingredientPart,AOM_101033,Leaf,approved-generated,Pete Steward,2026-08-05,data/livestock-staging/approved_ingredient_harmonization_rules.csv,Generated from approved rule under recorded guard; legacy material identity preserved.,COMPONENT-LEAF
AOM_001219,aom:ingredientPart,AOM_101105,Stover,approved-generated,Pete Steward,2026-08-05,data/livestock-staging/approved_ingredient_harmonization_rules.csv,Generated from approved rule under recorded guard; legacy material identity preserved.,COMPONENT-STOVER
AOM_001225,aom:ingredientPart,AOM_101035,Pod,approved-generated,Pete Steward,2026-08-05,data/livestock-staging/approved_ingredient_harmonization_rules.csv,Generated from approved rule under recorded guard; legacy material identity preserved.,COMPONENT-POD
AOM_001229,aom:processingMethod,AOM_101071,Drying,approved-generated,Pete Steward,2026-08-05,data/livestock-staging/approved_ingredient_harmonization_rules.csv,Generated from approved rule under recorded guard; legacy material identity preserved.,PROCESS-DRIED
AOM_001230,aom:ingredientPart,AOM_101033,Leaf,approved-generated,Pete Steward,2026-08-05,data/livestock-staging/approved_ingredient_harmonization_rules.csv,Generated from approved rule under recorded guard; legacy material identity preserved.,COMPONENT-LEAF
AOM_001232,aom:ingredientPart,AOM_101033,Leaf,approved-generated,Pete Steward,2026-08-05,data/livestock-staging/approved_ingredient_harmonization_rules.csv,Generated from approved rule under recorded guard; legacy material identity preserved.,COMPONENT-LEAF
AOM_001235,aom:ingredientPart,AOM_101033,Leaf,approved-generated,Pete Steward,2026-08-05,data/livestock-staging/approved_ingredient_harmonization_rules.csv,Generated from approved rule under recorded guard; legacy material identity preserved.,COMPONENT-LEAF
AOM_001238,aom:processingMethod,AOM_101071,Drying,approved-generated,Pete Steward,2026-08-05,data/livestock-staging/approved_ingredient_harmonization_rules.csv,Generated from approved rule under recorded guard; legacy material identity preserved.,PROCESS-DRIED
AOM_001241,aom:ingredientPart,AOM_101106,Straw,approved-generated,Pete Steward,2026-08-05,data/livestock-staging/approved_ingredient_harmonization_rules.csv,Generated from approved rule under recorded guard; legacy material identity preserved.,COMPONENT-STRAW
AOM_001253,aom:ingredientPart,AOM_101038,Seed,approved-generated,Pete Steward,2026-08-05,data/livestock-staging/approved_ingredient_harmonization_rules.csv,Generated from approved rule under recorded guard; legacy material identity preserved.,COMPONENT-SEED
AOM_001253,aom:processingMethod,AOM_101071,Drying,approved-generated,Pete Steward,2026-08-05,data/livestock-staging/approved_ingredient_harmonization_rules.csv,Generated from approved rule under recorded guard; legacy material identity preserved.,PROCESS-DRIED
AOM_001253,aom:processingMethod,AOM_101095,Grinding,approved-generated,Pete Steward,2026-08-05,data/livestock-staging/approved_ingredient_harmonization_rules.csv,Generated from approved rule under recorded guard; legacy material identity preserved.,PROCESS-GROUND
AOM_001256,aom:ingredientPart,AOM_101033,Leaf,approved-generated,Pete Steward,2026-08-05,data/livestock-staging/approved_ingredient_harmonization_rules.csv,Generated from approved rule under recorded guard; legacy material identity preserved.,COMPONENT-LEAF
AOM_001257,aom:ingredientPart,AOM_101033,Leaf,approved-generated,Pete Steward,2026-08-05,data/livestock-staging/approved_ingredient_harmonization_rules.csv,Generated from approved rule under recorded guard; legacy material identity preserved.,COMPONENT-LEAF
AOM_001257,aom:processingMethod,AOM_101095,Grinding,approved-generated,Pete Steward,2026-08-05,data/livestock-staging/approved_ingredient_harmonization_rules.csv,Generated from approved rule under recorded guard; legacy material identity preserved.,PROCESS-GROUND
AOM_001259,aom:ingredientPart,AOM_101034,Peel,approved-generated,Pete Steward,2026-08-05,data/livestock-staging/approved_ingredient_harmonization_rules.csv,Generated from approved rule under recorded guard; legacy material identity preserved.,COMPONENT-PEEL
AOM_001261,aom:processingMethod,AOM_101095,Grinding,approved-generated,Pete Steward,2026-08-05,data/livestock-staging/approved_ingredient_harmonization_rules.csv,Generated from approved rule under recorded guard; legacy material identity preserved.,PROCESS-GROUND
AOM_001262,aom:ingredientPart,AOM_101106,Straw,approved-generated,Pete Steward,2026-08-05,data/livestock-staging/approved_ingredient_harmonization_rules.csv,Generated from approved rule under recorded guard; legacy material identity preserved.,COMPONENT-STRAW
AOM_001262,aom:processingMethod,AOM_101071,Drying,approved-generated,Pete Steward,2026-08-05,data/livestock-staging/approved_ingredient_harmonization_rules.csv,Generated from approved rule under recorded guard; legacy material identity preserved.,PROCESS-DRIED
AOM_001262,aom:processingMethod,AOM_101101,Urea treatment,approved-generated,Pete Steward,2026-08-05,data/livestock-staging/approved_ingredient_harmonization_rules.csv,Generated from approved rule under recorded guard; legacy material identity preserved.,PROCESS-UREA_TREATED
AOM_001263,aom:ingredientPart,AOM_101033,Leaf,approved-generated,Pete Steward,2026-08-05,data/livestock-staging/approved_ingredient_harmonization_rules.csv,Generated from approved rule under recorded guard; legacy material identity preserved.,COMPONENT-LEAF
AOM_001266,aom:ingredientPart,AOM_101033,Leaf,approved-generated,Pete Steward,2026-08-05,data/livestock-staging/approved_ingredient_harmonization_rules.csv,Generated from approved rule under recorded guard; legacy material identity preserved.,COMPONENT-LEAF
AOM_001267,aom:ingredientPart,AOM_101107,Vine,approved-generated,Pete Steward,2026-08-05,data/livestock-staging/approved_ingredient_harmonization_rules.csv,Generated from approved rule under recorded guard; legacy material identity preserved.,COMPONENT-VINE
AOM_001268,aom:ingredientPart,AOM_101107,Vine,approved-generated,Pete Steward,2026-08-05,data/livestock-staging/approved_ingredient_harmonization_rules.csv,Generated from approved rule under recorded guard; legacy material identity preserved.,COMPONENT-VINE
AOM_001268,aom:processingMethod,AOM_101102,Wilting,approved-generated,Pete Steward,2026-08-05,data/livestock-staging/approved_ingredient_harmonization_rules.csv,Generated from approved rule under recorded guard; legacy material identity preserved.,PROCESS-WILTED
AOM_001270,aom:ingredientPart,AOM_101033,Leaf,approved-generated,Pete Steward,2026-08-05,data/livestock-staging/approved_ingredient_harmonization_rules.csv,Generated from approved rule under recorded guard; legacy material identity preserved.,COMPONENT-LEAF
AOM_001271,aom:ingredientPart,AOM_101106,Straw,approved-generated,Pete Steward,2026-08-05,data/livestock-staging/approved_ingredient_harmonization_rules.csv,Generated from approved rule under recorded guard; legacy material identity preserved.,COMPONENT-STRAW
AOM_001272,aom:ingredientPart,AOM_101040,Shell,approved-generated,Pete Steward,2026-08-05,data/livestock-staging/approved_ingredient_harmonization_rules.csv,Generated from approved rule under recorded guard; legacy material identity preserved.,COMPONENT-SHELL
AOM_001274,aom:ingredientPart,AOM_101104,Bran,approved-generated,Pete Steward,2026-08-05,data/livestock-staging/approved_ingredient_harmonization_rules.csv,Generated from approved rule under recorded guard; legacy material identity preserved.,COMPONENT-BRAN
AOM_001276,aom:processingMethod,AOM_101095,Grinding,approved-generated,Pete Steward,2026-08-05,data/livestock-staging/approved_ingredient_harmonization_rules.csv,Generated from approved rule under recorded guard; legacy material identity preserved.,PROCESS-GROUND
AOM_001277,aom:ingredientPart,AOM_101038,Seed,approved-generated,Pete Steward,2026-08-05,data/livestock-staging/approved_ingredient_harmonization_rules.csv,Generated from approved rule under recorded guard; legacy material identity preserved.,COMPONENT-SEED
AOM_001279,aom:ingredientPart,AOM_101038,Seed,approved-generated,Pete Steward,2026-08-05,data/livestock-staging/approved_ingredient_harmonization_rules.csv,Generated from approved rule under recorded guard; legacy material identity preserved.,COMPONENT-SEED
AOM_001279,aom:processingMethod,AOM_101095,Grinding,approved-generated,Pete Steward,2026-08-05,data/livestock-staging/approved_ingredient_harmonization_rules.csv,Generated from approved rule under recorded guard; legacy material identity preserved.,PROCESS-GROUND
AOM_001279,aom:processingMethod,AOM_101098,Roasting,approved-generated,Pete Steward,2026-08-05,data/livestock-staging/approved_ingredient_harmonization_rules.csv,Generated from approved rule under recorded guard; legacy material identity preserved.,PROCESS-ROASTED
AOM_001283,aom:ingredientPart,AOM_101034,Peel,approved-generated,Pete Steward,2026-08-05,data/livestock-staging/approved_ingredient_harmonization_rules.csv,Generated from approved rule under recorded guard; legacy material identity preserved.,COMPONENT-PEEL
AOM_001285,aom:ingredientPart,AOM_101106,Straw,approved-generated,Pete Steward,2026-08-05,data/livestock-staging/approved_ingredient_harmonization_rules.csv,Generated from approved rule under recorded guard; legacy material identity preserved.,COMPONENT-STRAW
AOM_001286,aom:ingredientPart,AOM_101033,Leaf,approved-generated,Pete Steward,2026-08-05,data/livestock-staging/approved_ingredient_harmonization_rules.csv,Generated from approved rule under recorded guard; legacy material identity preserved.,COMPONENT-LEAF
AOM_001290,aom:ingredientPart,AOM_101104,Bran,approved-generated,Pete Steward,2026-08-05,data/livestock-staging/approved_ingredient_harmonization_rules.csv,Generated from approved rule under recorded guard; legacy material identity preserved.,COMPONENT-BRAN
AOM_001291,aom:ingredientPart,AOM_101106,Straw,approved-generated,Pete Steward,2026-08-05,data/livestock-staging/approved_ingredient_harmonization_rules.csv,Generated from approved rule under recorded guard; legacy material identity preserved.,COMPONENT-STRAW
AOM_001293,aom:processingMethod,AOM_101095,Grinding,approved-generated,Pete Steward,2026-08-05,data/livestock-staging/approved_ingredient_harmonization_rules.csv,Generated from approved rule under recorded guard; legacy material identity preserved.,PROCESS-GROUND
AOM_001295,aom:processingMethod,AOM_101095,Grinding,approved-generated,Pete Steward,2026-08-05,data/livestock-staging/approved_ingredient_harmonization_rules.csv,Generated from approved rule under recorded guard; legacy material identity preserved.,PROCESS-GROUND
AOM_001298,aom:ingredientPart,AOM_101033,Leaf,approved-generated,Pete Steward,2026-08-05,data/livestock-staging/approved_ingredient_harmonization_rules.csv,Generated from approved rule under recorded guard; legacy material identity preserved.,COMPONENT-LEAF
AOM_001299,aom:ingredientPart,AOM_101031,Husk,approved-generated,Pete Steward,2026-08-05,data/livestock-staging/approved_ingredient_harmonization_rules.csv,Generated from approved rule under recorded guard; legacy material identity preserved.,COMPONENT-HUSK
AOM_001300,aom:ingredientPart,AOM_101038,Seed,approved-generated,Pete Steward,2026-08-05,data/livestock-staging/approved_ingredient_harmonization_rules.csv,Generated from approved rule under recorded guard; legacy material identity preserved.,COMPONENT-SEED
AOM_001300,aom:processingMethod,AOM_101095,Grinding,approved-generated,Pete Steward,2026-08-05,data/livestock-staging/approved_ingredient_harmonization_rules.csv,Generated from approved rule under recorded guard; legacy material identity preserved.,PROCESS-GROUND
AOM_001301,aom:processingMethod,AOM_101095,Grinding,approved-generated,Pete Steward,2026-08-05,data/livestock-staging/approved_ingredient_harmonization_rules.csv,Generated from approved rule under recorded guard; legacy material identity preserved.,PROCESS-GROUND
AOM_001304,aom:processingMethod,AOM_101095,Grinding,approved-generated,Pete Steward,2026-08-05,data/livestock-staging/approved_ingredient_harmonization_rules.csv,Generated from approved rule under recorded guard; legacy material identity preserved.,PROCESS-GROUND
AOM_001306,aom:processingMethod,AOM_101095,Grinding,approved-generated,Pete Steward,2026-08-05,data/livestock-staging/approved_ingredient_harmonization_rules.csv,Generated from approved rule under recorded guard; legacy material identity preserved.,PROCESS-GROUND
AOM_001307,aom:processingMethod,AOM_101095,Grinding,approved-generated,Pete Steward,2026-08-05,data/livestock-staging/approved_ingredient_harmonization_rules.csv,Generated from approved rule under recorded guard; legacy material identity preserved.,PROCESS-GROUND
AOM_001312,aom:ingredientPart,AOM_101038,Seed,approved-generated,Pete Steward,2026-08-05,data/livestock-staging/approved_ingredient_harmonization_rules.csv,Generated from approved rule under recorded guard; legacy material identity preserved.,COMPONENT-SEED
AOM_001313,aom:ingredientPart,AOM_101074,Grain,approved-generated,Pete Steward,2026-08-05,data/livestock-staging/approved_ingredient_harmonization_rules.csv,Generated from approved rule under recorded guard; legacy material identity preserved.,COMPONENT-GRAIN
AOM_001318,aom:ingredientPart,AOM_101074,Grain,approved-generated,Pete Steward,2026-08-05,data/livestock-staging/approved_ingredient_harmonization_rules.csv,Generated from approved rule under recorded guard; legacy material identity preserved.,COMPONENT-GRAIN
AOM_001320,aom:processingMethod,AOM_101091,Crushing,approved-generated,Pete Steward,2026-08-05,data/livestock-staging/approved_ingredient_harmonization_rules.csv,Generated from approved rule under recorded guard; legacy material identity preserved.,PROCESS-CRUSHED
AOM_001321,aom:processingMethod,AOM_101095,Grinding,approved-generated,Pete Steward,2026-08-05,data/livestock-staging/approved_ingredient_harmonization_rules.csv,Generated from approved rule under recorded guard; legacy material identity preserved.,PROCESS-GROUND
AOM_001322,aom:processingMethod,AOM_101095,Grinding,approved-generated,Pete Steward,2026-08-05,data/livestock-staging/approved_ingredient_harmonization_rules.csv,Generated from approved rule under recorded guard; legacy material identity preserved.,PROCESS-GROUND
AOM_001323,aom:processingMethod,AOM_101095,Grinding,approved-generated,Pete Steward,2026-08-05,data/livestock-staging/approved_ingredient_harmonization_rules.csv,Generated from approved rule under recorded guard; legacy material identity preserved.,PROCESS-GROUND
AOM_001323,aom:processingMethod,AOM_101098,Roasting,approved-generated,Pete Steward,2026-08-05,data/livestock-staging/approved_ingredient_harmonization_rules.csv,Generated from approved rule under recorded guard; legacy material identity preserved.,PROCESS-ROASTED
AOM_001324,aom:ingredientPart,AOM_101074,Grain,approved-generated,Pete Steward,2026-08-05,data/livestock-staging/approved_ingredient_harmonization_rules.csv,Generated from approved rule under recorded guard; legacy material identity preserved.,COMPONENT-GRAIN
AOM_001324,aom:processingMethod,AOM_101095,Grinding,approved-generated,Pete Steward,2026-08-05,data/livestock-staging/approved_ingredient_harmonization_rules.csv,Generated from approved rule under recorded guard; legacy material identity preserved.,PROCESS-GROUND
AOM_001331,aom:ingredientPart,AOM_101074,Grain,approved-generated,Pete Steward,2026-08-05,data/livestock-staging/approved_ingredient_harmonization_rules.csv,Generated from approved rule under recorded guard; legacy material identity preserved.,COMPONENT-GRAIN
AOM_001332,aom:processingMethod,AOM_101095,Grinding,approved-generated,Pete Steward,2026-08-05,data/livestock-staging/approved_ingredient_harmonization_rules.csv,Generated from approved rule under recorded guard; legacy material identity preserved.,PROCESS-GROUND
AOM_001335,aom:processingMethod,AOM_101095,Grinding,approved-generated,Pete Steward,2026-08-05,data/livestock-staging/approved_ingredient_harmonization_rules.csv,Generated from approved rule under recorded guard; legacy material identity preserved.,PROCESS-GROUND
AOM_001336,aom:ingredientPart,AOM_101038,Seed,approved-generated,Pete Steward,2026-08-05,data/livestock-staging/approved_ingredient_harmonization_rules.csv,Generated from approved rule under recorded guard; legacy material identity preserved.,COMPONENT-SEED
AOM_001336,aom:processingMethod,AOM_101095,Grinding,approved-generated,Pete Steward,2026-08-05,data/livestock-staging/approved_ingredient_harmonization_rules.csv,Generated from approved rule under recorded guard; legacy material identity preserved.,PROCESS-GROUND
AOM_001337,aom:processingMethod,AOM_101095,Grinding,approved-generated,Pete Steward,2026-08-05,data/livestock-staging/approved_ingredient_harmonization_rules.csv,Generated from approved rule under recorded guard; legacy material identity preserved.,PROCESS-GROUND
AOM_001338,aom:ingredientPart,AOM_101038,Seed,approved-generated,Pete Steward,2026-08-05,data/livestock-staging/approved_ingredient_harmonization_rules.csv,Generated from approved rule under recorded guard; legacy material identity preserved.,COMPONENT-SEED
AOM_001339,aom:processingMethod,AOM_000831,Ensiling,approved-generated,Pete Steward,2026-08-05,data/livestock-staging/approved_ingredient_harmonization_rules.csv,Generated from approved rule under recorded guard; legacy material identity preserved.,PROCESS-ENSILED
AOM_001345,aom:ingredientPart,AOM_101033,Leaf,approved-generated,Pete Steward,2026-08-05,data/livestock-staging/approved_ingredient_harmonization_rules.csv,Generated from approved rule under recorded guard; legacy material identity preserved.,COMPONENT-LEAF
AOM_001346,aom:processingMethod,AOM_101095,Grinding,approved-generated,Pete Steward,2026-08-05,data/livestock-staging/approved_ingredient_harmonization_rules.csv,Generated from approved rule under recorded guard; legacy material identity preserved.,PROCESS-GROUND
AOM_001347,aom:processingMethod,AOM_101088,Autoclaving,approved-generated,Pete Steward,2026-08-05,data/livestock-staging/approved_ingredient_harmonization_rules.csv,Generated from approved rule under recorded guard; legacy material identity preserved.,PROCESS-AUTOCLAVED
AOM_001347,aom:processingMethod,AOM_101095,Grinding,approved-generated,Pete Steward,2026-08-05,data/livestock-staging/approved_ingredient_harmonization_rules.csv,Generated from approved rule under recorded guard; legacy material identity preserved.,PROCESS-GROUND
AOM_001348,aom:processingMethod,AOM_101095,Grinding,approved-generated,Pete Steward,2026-08-05,data/livestock-staging/approved_ingredient_harmonization_rules.csv,Generated from approved rule under recorded guard; legacy material identity preserved.,PROCESS-GROUND
AOM_001348,aom:processingMethod,AOM_101098,Roasting,approved-generated,Pete Steward,2026-08-05,data/livestock-staging/approved_ingredient_harmonization_rules.csv,Generated from approved rule under recorded guard; legacy material identity preserved.,PROCESS-ROASTED
AOM_001355,aom:processingMethod,AOM_000831,Ensiling,approved-generated,Pete Steward,2026-08-05,data/livestock-staging/approved_ingredient_harmonization_rules.csv,Generated from approved rule under recorded guard; legacy material identity preserved.,PROCESS-ENSILED
AOM_001357,aom:ingredientPart,AOM_101038,Seed,approved-generated,Pete Steward,2026-08-05,data/livestock-staging/approved_ingredient_harmonization_rules.csv,Generated from approved rule under recorded guard; legacy material identity preserved.,COMPONENT-SEED
AOM_001358,aom:processingMethod,AOM_101095,Grinding,approved-generated,Pete Steward,2026-08-05,data/livestock-staging/approved_ingredient_harmonization_rules.csv,Generated from approved rule under recorded guard; legacy material identity preserved.,PROCESS-GROUND
AOM_001361,aom:processingMethod,AOM_101069,Defatting,approved-generated,Pete Steward,2026-08-05,data/livestock-staging/approved_ingredient_harmonization_rules.csv,Generated from approved rule under recorded guard; legacy material identity preserved.,PROCESS-DEFATTED
AOM_001362,aom:processingMethod,AOM_101069,Defatting,approved-generated,Pete Steward,2026-08-05,data/livestock-staging/approved_ingredient_harmonization_rules.csv,Generated from approved rule under recorded guard; legacy material identity preserved.,PROCESS-DEFATTED
AOM_001362,aom:processingMethod,AOM_101093,Extrusion,approved-generated,Pete Steward,2026-08-05,data/livestock-staging/approved_ingredient_harmonization_rules.csv,Generated from approved rule under recorded guard; legacy material identity preserved.,PROCESS-EXTRUDED
AOM_001364,aom:processingMethod,AOM_101098,Roasting,approved-generated,Pete Steward,2026-08-05,data/livestock-staging/approved_ingredient_harmonization_rules.csv,Generated from approved rule under recorded guard; legacy material identity preserved.,PROCESS-ROASTED
AOM_001366,aom:processingMethod,AOM_101095,Grinding,approved-generated,Pete Steward,2026-08-05,data/livestock-staging/approved_ingredient_harmonization_rules.csv,Generated from approved rule under recorded guard; legacy material identity preserved.,PROCESS-GROUND
AOM_001375,aom:processingMethod,AOM_101095,Grinding,approved-generated,Pete Steward,2026-08-05,data/livestock-staging/approved_ingredient_harmonization_rules.csv,Generated from approved rule under recorded guard; legacy material identity preserved.,PROCESS-GROUND
AOM_001381,aom:processingMethod,AOM_000831,Ensiling,approved-generated,Pete Steward,2026-08-05,data/livestock-staging/approved_ingredient_harmonization_rules.csv,Generated from approved rule under recorded guard; legacy material identity preserved.,PROCESS-ENSILED
AOM_001386,aom:processingMethod,AOM_101071,Drying,approved-generated,Pete Steward,2026-08-05,data/livestock-staging/approved_ingredient_harmonization_rules.csv,Generated from approved rule under recorded guard; legacy material identity preserved.,PROCESS-DRIED
AOM_001396,aom:processingMethod,AOM_101071,Drying,approved-generated,Pete Steward,2026-08-05,data/livestock-staging/approved_ingredient_harmonization_rules.csv,Generated from approved rule under recorded guard; legacy material identity preserved.,PROCESS-DRIED
AOM_001400,aom:processingMethod,AOM_101071,Drying,approved-generated,Pete Steward,2026-08-05,data/livestock-staging/approved_ingredient_harmonization_rules.csv,Generated from approved rule under recorded guard; legacy material identity preserved.,PROCESS-DRIED
AOM_001404,aom:processingMethod,AOM_101071,Drying,approved-generated,Pete Steward,2026-08-05,data/livestock-staging/approved_ingredient_harmonization_rules.csv,Generated from approved rule under recorded guard; legacy material identity preserved.,PROCESS-DRIED
AOM_001408,aom:ingredientPart,AOM_101106,Straw,approved-generated,Pete Steward,2026-08-05,data/livestock-staging/approved_ingredient_harmonization_rules.csv,Generated from approved rule under recorded guard; legacy material identity preserved.,COMPONENT-STRAW
AOM_001410,aom:processingMethod,AOM_000831,Ensiling,approved-generated,Pete Steward,2026-08-05,data/livestock-staging/approved_ingredient_harmonization_rules.csv,Generated from approved rule under recorded guard; legacy material identity preserved.,PROCESS-ENSILED
AOM_001411,aom:processingMethod,AOM_101095,Grinding,approved-generated,Pete Steward,2026-08-05,data/livestock-staging/approved_ingredient_harmonization_rules.csv,Generated from approved rule under recorded guard; legacy material identity preserved.,PROCESS-GROUND
AOM_001419,aom:processingMethod,AOM_101071,Drying,approved-generated,Pete Steward,2026-08-05,data/livestock-staging/approved_ingredient_harmonization_rules.csv,Generated from approved rule under recorded guard; legacy material identity preserved.,PROCESS-DRIED
AOM_001436,aom:ingredientPart,AOM_101038,Seed,approved-generated,Pete Steward,2026-08-05,data/livestock-staging/approved_ingredient_harmonization_rules.csv,Generated from approved rule under recorded guard; legacy material identity preserved.,COMPONENT-SEED
AOM_001440,aom:ingredientPart,AOM_101038,Seed,approved-generated,Pete Steward,2026-08-05,data/livestock-staging/approved_ingredient_harmonization_rules.csv,Generated from approved rule under recorded guard; legacy material identity preserved.,COMPONENT-SEED
AOM_001454,aom:processingMethod,AOM_101071,Drying,approved-generated,Pete Steward,2026-08-05,data/livestock-staging/approved_ingredient_harmonization_rules.csv,Generated from approved rule under recorded guard; legacy material identity preserved.,PROCESS-DRIED
AOM_001459,aom:processingMethod,AOM_101071,Drying,approved-generated,Pete Steward,2026-08-05,data/livestock-staging/approved_ingredient_harmonization_rules.csv,Generated from approved rule under recorded guard; legacy material identity preserved.,PROCESS-DRIED
AOM_001525,aom:ingredientPart,AOM_101033,Leaf,approved-generated,Pete Steward,2026-08-05,data/livestock-staging/approved_ingredient_harmonization_rules.csv,Generated from approved rule under recorded guard; legacy material identity preserved.,COMPONENT-LEAF
AOM_001528,aom:ingredientPart,AOM_101033,Leaf,approved-generated,Pete Steward,2026-08-05,data/livestock-staging/approved_ingredient_harmonization_rules.csv,Generated from approved rule under recorded guard; legacy material identity preserved.,COMPONENT-LEAF
AOM_001531,aom:ingredientPart,AOM_101033,Leaf,approved-generated,Pete Steward,2026-08-05,data/livestock-staging/approved_ingredient_harmonization_rules.csv,Generated from approved rule under recorded guard; legacy material identity preserved.,COMPONENT-LEAF
AOM_001534,aom:ingredientPart,AOM_101033,Leaf,approved-generated,Pete Steward,2026-08-05,data/livestock-staging/approved_ingredient_harmonization_rules.csv,Generated from approved rule under recorded guard; legacy material identity preserved.,COMPONENT-LEAF
AOM_001534,aom:processingMethod,AOM_101095,Grinding,approved-generated,Pete Steward,2026-08-05,data/livestock-staging/approved_ingredient_harmonization_rules.csv,Generated from approved rule under recorded guard; legacy material identity preserved.,PROCESS-GROUND
AOM_001550,aom:ingredientPart,AOM_101033,Leaf,approved-generated,Pete Steward,2026-08-05,data/livestock-staging/approved_ingredient_harmonization_rules.csv,Generated from approved rule under recorded guard; legacy material identity preserved.,COMPONENT-LEAF
AOM_001552,aom:processingMethod,AOM_101094,Fermentation,approved-generated,Pete Steward,2026-08-05,data/livestock-staging/approved_ingredient_harmonization_rules.csv,Generated from approved rule under recorded guard; legacy material identity preserved.,PROCESS-FERMENTED
AOM_001554,aom:processingMethod,AOM_101094,Fermentation,approved-generated,Pete Steward,2026-08-05,data/livestock-staging/approved_ingredient_harmonization_rules.csv,Generated from approved rule under recorded guard; legacy material identity preserved.,PROCESS-FERMENTED
AOM_001555,aom:processingMethod,AOM_101094,Fermentation,approved-generated,Pete Steward,2026-08-05,data/livestock-staging/approved_ingredient_harmonization_rules.csv,Generated from approved rule under recorded guard; legacy material identity preserved.,PROCESS-FERMENTED
AOM_001559,aom:ingredientPart,AOM_101033,Leaf,approved-generated,Pete Steward,2026-08-05,data/livestock-staging/approved_ingredient_harmonization_rules.csv,Generated from approved rule under recorded guard; legacy material identity preserved.,COMPONENT-LEAF
AOM_001560,aom:ingredientPart,AOM_101035,Pod,approved-generated,Pete Steward,2026-08-05,data/livestock-staging/approved_ingredient_harmonization_rules.csv,Generated from approved rule under recorded guard; legacy material identity preserved.,COMPONENT-POD
AOM_001564,aom:processingMethod,AOM_101095,Grinding,approved-generated,Pete Steward,2026-08-05,data/livestock-staging/approved_ingredient_harmonization_rules.csv,Generated from approved rule under recorded guard; legacy material identity preserved.,PROCESS-GROUND
AOM_001568,aom:ingredientPart,AOM_101038,Seed,approved-generated,Pete Steward,2026-08-05,data/livestock-staging/approved_ingredient_harmonization_rules.csv,Generated from approved rule under recorded guard; legacy material identity preserved.,COMPONENT-SEED
AOM_001581,aom:processingMethod,AOM_101071,Drying,approved-generated,Pete Steward,2026-08-05,data/livestock-staging/approved_ingredient_harmonization_rules.csv,Generated from approved rule under recorded guard; legacy material identity preserved.,PROCESS-DRIED
AOM_001583,aom:processingMethod,AOM_101088,Autoclaving,approved-generated,Pete Steward,2026-08-05,data/livestock-staging/approved_ingredient_harmonization_rules.csv,Generated from approved rule under recorded guard; legacy material identity preserved.,PROCESS-AUTOCLAVED
AOM_001583,aom:processingMethod,AOM_101095,Grinding,approved-generated,Pete Steward,2026-08-05,data/livestock-staging/approved_ingredient_harmonization_rules.csv,Generated from approved rule under recorded guard; legacy material identity preserved.,PROCESS-GROUND
AOM_001590,aom:processingMethod,AOM_101071,Drying,approved-generated,Pete Steward,2026-08-05,data/livestock-staging/approved_ingredient_harmonization_rules.csv,Generated from approved rule under recorded guard; legacy material identity preserved.,PROCESS-DRIED
AOM_001591,aom:ingredientPart,AOM_101033,Leaf,approved-generated,Pete Steward,2026-08-05,data/livestock-staging/approved_ingredient_harmonization_rules.csv,Generated from approved rule under recorded guard; legacy material identity preserved.,COMPONENT-LEAF
AOM_001592,aom:ingredientPart,AOM_101033,Leaf,approved-generated,Pete Steward,2026-08-05,data/livestock-staging/approved_ingredient_harmonization_rules.csv,Generated from approved rule under recorded guard; legacy material identity preserved.,COMPONENT-LEAF
AOM_001592,aom:processingMethod,AOM_000831,Ensiling,approved-generated,Pete Steward,2026-08-05,data/livestock-staging/approved_ingredient_harmonization_rules.csv,Generated from approved rule under recorded guard; legacy material identity preserved.,PROCESS-ENSILED
AOM_001592,aom:processingMethod,AOM_101071,Drying,approved-generated,Pete Steward,2026-08-05,data/livestock-staging/approved_ingredient_harmonization_rules.csv,Generated from approved rule under recorded guard; legacy material identity preserved.,PROCESS-DRIED
AOM_001593,aom:ingredientPart,AOM_101033,Leaf,approved-generated,Pete Steward,2026-08-05,data/livestock-staging/approved_ingredient_harmonization_rules.csv,Generated from approved rule under recorded guard; legacy material identity preserved.,COMPONENT-LEAF
AOM_001594,aom:ingredientPart,AOM_101033,Leaf,approved-generated,Pete Steward,2026-08-05,data/livestock-staging/approved_ingredient_harmonization_rules.csv,Generated from approved rule under recorded guard; legacy material identity preserved.,COMPONENT-LEAF
AOM_001594,aom:processingMethod,AOM_101071,Drying,approved-generated,Pete Steward,2026-08-05,data/livestock-staging/approved_ingredient_harmonization_rules.csv,Generated from approved rule under recorded guard; legacy material identity preserved.,PROCESS-DRIED
AOM_001595,aom:ingredientPart,AOM_101035,Pod,approved-generated,Pete Steward,2026-08-05,data/livestock-staging/approved_ingredient_harmonization_rules.csv,Generated from approved rule under recorded guard; legacy material identity preserved.,COMPONENT-POD
AOM_001596,aom:ingredientPart,AOM_101035,Pod,approved-generated,Pete Steward,2026-08-05,data/livestock-staging/approved_ingredient_harmonization_rules.csv,Generated from approved rule under recorded guard; legacy material identity preserved.,COMPONENT-POD
AOM_001596,aom:processingMethod,AOM_101071,Drying,approved-generated,Pete Steward,2026-08-05,data/livestock-staging/approved_ingredient_harmonization_rules.csv,Generated from approved rule under recorded guard; legacy material identity preserved.,PROCESS-DRIED
AOM_001597,aom:ingredientPart,AOM_101033,Leaf,approved-generated,Pete Steward,2026-08-05,data/livestock-staging/approved_ingredient_harmonization_rules.csv,Generated from approved rule under recorded guard; legacy material identity preserved.,COMPONENT-LEAF
AOM_001597,aom:processingMethod,AOM_101071,Drying,approved-generated,Pete Steward,2026-08-05,data/livestock-staging/approved_ingredient_harmonization_rules.csv,Generated from approved rule under recorded guard; legacy material identity preserved.,PROCESS-DRIED
AOM_001598,aom:ingredientPart,AOM_101035,Pod,approved-generated,Pete Steward,2026-08-05,data/livestock-staging/approved_ingredient_harmonization_rules.csv,Generated from approved rule under recorded guard; legacy material identity preserved.,COMPONENT-POD
AOM_001598,aom:processingMethod,AOM_101071,Drying,approved-generated,Pete Steward,2026-08-05,data/livestock-staging/approved_ingredient_harmonization_rules.csv,Generated from approved rule under recorded guard; legacy material identity preserved.,PROCESS-DRIED
AOM_001599,aom:processingMethod,AOM_000831,Ensiling,approved-generated,Pete Steward,2026-08-05,data/livestock-staging/approved_ingredient_harmonization_rules.csv,Generated from approved rule under recorded guard; legacy material identity preserved.,PROCESS-ENSILED
AOM_001599,aom:processingMethod,AOM_101071,Drying,approved-generated,Pete Steward,2026-08-05,data/livestock-staging/approved_ingredient_harmonization_rules.csv,Generated from approved rule under recorded guard; legacy material identity preserved.,PROCESS-DRIED
AOM_001599,aom:processingMethod,AOM_101095,Grinding,approved-generated,Pete Steward,2026-08-05,data/livestock-staging/approved_ingredient_harmonization_rules.csv,Generated from approved rule under recorded guard; legacy material identity preserved.,PROCESS-GROUND
AOM_001600,aom:ingredientPart,AOM_101033,Leaf,approved-generated,Pete Steward,2026-08-05,data/livestock-staging/approved_ingredient_harmonization_rules.csv,Generated from approved rule under recorded guard; legacy material identity preserved.,COMPONENT-LEAF
AOM_001601,aom:ingredientPart,AOM_101035,Pod,approved-generated,Pete Steward,2026-08-05,data/livestock-staging/approved_ingredient_harmonization_rules.csv,Generated from approved rule under recorded guard; legacy material identity preserved.,COMPONENT-POD
AOM_001601,aom:processingMethod,AOM_101095,Grinding,approved-generated,Pete Steward,2026-08-05,data/livestock-staging/approved_ingredient_harmonization_rules.csv,Generated from approved rule under recorded guard; legacy material identity preserved.,PROCESS-GROUND
AOM_001602,aom:ingredientPart,AOM_101035,Pod,approved-generated,Pete Steward,2026-08-05,data/livestock-staging/approved_ingredient_harmonization_rules.csv,Generated from approved rule under recorded guard; legacy material identity preserved.,COMPONENT-POD
AOM_001602,aom:processingMethod,AOM_101071,Drying,approved-generated,Pete Steward,2026-08-05,data/livestock-staging/approved_ingredient_harmonization_rules.csv,Generated from approved rule under recorded guard; legacy material identity preserved.,PROCESS-DRIED
AOM_001604,aom:processingMethod,AOM_101071,Drying,approved-generated,Pete Steward,2026-08-05,data/livestock-staging/approved_ingredient_harmonization_rules.csv,Generated from approved rule under recorded guard; legacy material identity preserved.,PROCESS-DRIED
AOM_001605,aom:processingMethod,AOM_101071,Drying,approved-generated,Pete Steward,2026-08-05,data/livestock-staging/approved_ingredient_harmonization_rules.csv,Generated from approved rule under recorded guard; legacy material identity preserved.,PROCESS-DRIED
AOM_001605,aom:processingMethod,AOM_101095,Grinding,approved-generated,Pete Steward,2026-08-05,data/livestock-staging/approved_ingredient_harmonization_rules.csv,Generated from approved rule under recorded guard; legacy material identity preserved.,PROCESS-GROUND
AOM_001609,aom:ingredientPart,AOM_101033,Leaf,approved-generated,Pete Steward,2026-08-05,data/livestock-staging/approved_ingredient_harmonization_rules.csv,Generated from approved rule under recorded guard; legacy material identity preserved.,COMPONENT-LEAF
AOM_001609,aom:processingMethod,AOM_101102,Wilting,approved-generated,Pete Steward,2026-08-05,data/livestock-staging/approved_ingredient_harmonization_rules.csv,Generated from approved rule under recorded guard; legacy material identity preserved.,PROCESS-WILTED
AOM_001610,aom:processingMethod,AOM_101095,Grinding,approved-generated,Pete Steward,2026-08-05,data/livestock-staging/approved_ingredient_harmonization_rules.csv,Generated from approved rule under recorded guard; legacy material identity preserved.,PROCESS-GROUND
AOM_001611,aom:processingMethod,AOM_101094,Fermentation,approved-generated,Pete Steward,2026-08-05,data/livestock-staging/approved_ingredient_harmonization_rules.csv,Generated from approved rule under recorded guard; legacy material identity preserved.,PROCESS-FERMENTED
AOM_001612,aom:ingredientPart,AOM_101033,Leaf,approved-generated,Pete Steward,2026-08-05,data/livestock-staging/approved_ingredient_harmonization_rules.csv,Generated from approved rule under recorded guard; legacy material identity preserved.,COMPONENT-LEAF
AOM_001612,aom:processingMethod,AOM_101071,Drying,approved-generated,Pete Steward,2026-08-05,data/livestock-staging/approved_ingredient_harmonization_rules.csv,Generated from approved rule under recorded guard; legacy material identity preserved.,PROCESS-DRIED
AOM_001613,aom:processingMethod,AOM_101095,Grinding,approved-generated,Pete Steward,2026-08-05,data/livestock-staging/approved_ingredient_harmonization_rules.csv,Generated from approved rule under recorded guard; legacy material identity preserved.,PROCESS-GROUND
AOM_001614,aom:ingredientPart,AOM_101104,Bran,approved-generated,Pete Steward,2026-08-05,data/livestock-staging/approved_ingredient_harmonization_rules.csv,Generated from approved rule under recorded guard; legacy material identity preserved.,COMPONENT-BRAN
AOM_001615,aom:processingMethod,AOM_101095,Grinding,approved-generated,Pete Steward,2026-08-05,data/livestock-staging/approved_ingredient_harmonization_rules.csv,Generated from approved rule under recorded guard; legacy material identity preserved.,PROCESS-GROUND
AOM_001617,aom:ingredientPart,AOM_101106,Straw,approved-generated,Pete Steward,2026-08-05,data/livestock-staging/approved_ingredient_harmonization_rules.csv,Generated from approved rule under recorded guard; legacy material identity preserved.,COMPONENT-STRAW
AOM_001617,aom:processingMethod,AOM_101071,Drying,approved-generated,Pete Steward,2026-08-05,data/livestock-staging/approved_ingredient_harmonization_rules.csv,Generated from approved rule under recorded guard; legacy material identity preserved.,PROCESS-DRIED
AOM_001617,aom:processingMethod,AOM_101095,Grinding,approved-generated,Pete Steward,2026-08-05,data/livestock-staging/approved_ingredient_harmonization_rules.csv,Generated from approved rule under recorded guard; legacy material identity preserved.,PROCESS-GROUND
AOM_001619,aom:ingredientPart,AOM_101031,Husk,approved-generated,Pete Steward,2026-08-05,data/livestock-staging/approved_ingredient_harmonization_rules.csv,Generated from approved rule under recorded guard; legacy material identity preserved.,COMPONENT-HUSK
AOM_001619,aom:processingMethod,AOM_101071,Drying,approved-generated,Pete Steward,2026-08-05,data/livestock-staging/approved_ingredient_harmonization_rules.csv,Generated from approved rule under recorded guard; legacy material identity preserved.,PROCESS-DRIED
AOM_001619,aom:processingMethod,AOM_101101,Urea treatment,approved-generated,Pete Steward,2026-08-05,data/livestock-staging/approved_ingredient_harmonization_rules.csv,Generated from approved rule under recorded guard; legacy material identity preserved.,PROCESS-UREA_TREATED
AOM_001620,aom:processingMethod,AOM_000831,Ensiling,approved-generated,Pete Steward,2026-08-05,data/livestock-staging/approved_ingredient_harmonization_rules.csv,Generated from approved rule under recorded guard; legacy material identity preserved.,PROCESS-ENSILED
AOM_001621,aom:processingMethod,AOM_101071,Drying,approved-generated,Pete Steward,2026-08-05,data/livestock-staging/approved_ingredient_harmonization_rules.csv,Generated from approved rule under recorded guard; legacy material identity preserved.,PROCESS-DRIED
AOM_001622,aom:ingredientPart,AOM_101104,Bran,approved-generated,Pete Steward,2026-08-05,data/livestock-staging/approved_ingredient_harmonization_rules.csv,Generated from approved rule under recorded guard; legacy material identity preserved.,COMPONENT-BRAN
AOM_001622,aom:processingMethod,AOM_101095,Grinding,approved-generated,Pete Steward,2026-08-05,data/livestock-staging/approved_ingredient_harmonization_rules.csv,Generated from approved rule under recorded guard; legacy material identity preserved.,PROCESS-GROUND
AOM_001623,aom:processingMethod,AOM_101095,Grinding,approved-generated,Pete Steward,2026-08-05,data/livestock-staging/approved_ingredient_harmonization_rules.csv,Generated from approved rule under recorded guard; legacy material identity preserved.,PROCESS-GROUND
AOM_001624,aom:ingredientPart,AOM_101106,Straw,approved-generated,Pete Steward,2026-08-05,data/livestock-staging/approved_ingredient_harmonization_rules.csv,Generated from approved rule under recorded guard; legacy material identity preserved.,COMPONENT-STRAW
AOM_001624,aom:processingMethod,AOM_101101,Urea treatment,approved-generated,Pete Steward,2026-08-05,data/livestock-staging/approved_ingredient_harmonization_rules.csv,Generated from approved rule under recorded guard; legacy material identity preserved.,PROCESS-UREA_TREATED
AOM_001625,aom:ingredientPart,AOM_101032,Kernel,approved-generated,Pete Steward,2026-08-05,data/livestock-staging/approved_ingredient_harmonization_rules.csv,Generated from approved rule under recorded guard; legacy material identity preserved.,COMPONENT-KERNEL
AOM_001625,aom:ingredientPart,AOM_101038,Seed,approved-generated,Pete Steward,2026-08-05,data/livestock-staging/approved_ingredient_harmonization_rules.csv,Generated from approved rule under recorded guard; legacy material identity preserved.,COMPONENT-SEED
AOM_001626,aom:ingredientPart,AOM_101033,Leaf,approved-generated,Pete Steward,2026-08-05,data/livestock-staging/approved_ingredient_harmonization_rules.csv,Generated from approved rule under recorded guard; legacy material identity preserved.,COMPONENT-LEAF
AOM_001626,aom:processingMethod,AOM_101071,Drying,approved-generated,Pete Steward,2026-08-05,data/livestock-staging/approved_ingredient_harmonization_rules.csv,Generated from approved rule under recorded guard; legacy material identity preserved.,PROCESS-DRIED
AOM_001627,aom:ingredientPart,AOM_101034,Peel,approved-generated,Pete Steward,2026-08-05,data/livestock-staging/approved_ingredient_harmonization_rules.csv,Generated from approved rule under recorded guard; legacy material identity preserved.,COMPONENT-PEEL
AOM_001627,aom:processingMethod,AOM_101071,Drying,approved-generated,Pete Steward,2026-08-05,data/livestock-staging/approved_ingredient_harmonization_rules.csv,Generated from approved rule under recorded guard; legacy material identity preserved.,PROCESS-DRIED
AOM_001628,aom:processingMethod,AOM_101071,Drying,approved-generated,Pete Steward,2026-08-05,data/livestock-staging/approved_ingredient_harmonization_rules.csv,Generated from approved rule under recorded guard; legacy material identity preserved.,PROCESS-DRIED
AOM_001629,aom:ingredientPart,AOM_101033,Leaf,approved-generated,Pete Steward,2026-08-05,data/livestock-staging/approved_ingredient_harmonization_rules.csv,Generated from approved rule under recorded guard; legacy material identity preserved.,COMPONENT-LEAF
AOM_001629,aom:processingMethod,AOM_101071,Drying,approved-generated,Pete Steward,2026-08-05,data/livestock-staging/approved_ingredient_harmonization_rules.csv,Generated from approved rule under recorded guard; legacy material identity preserved.,PROCESS-DRIED
AOM_001630,aom:ingredientPart,AOM_101033,Leaf,approved-generated,Pete Steward,2026-08-05,data/livestock-staging/approved_ingredient_harmonization_rules.csv,Generated from approved rule under recorded guard; legacy material identity preserved.,COMPONENT-LEAF
AOM_001631,aom:ingredientPart,AOM_101033,Leaf,approved-generated,Pete Steward,2026-08-05,data/livestock-staging/approved_ingredient_harmonization_rules.csv,Generated from approved rule under recorded guard; legacy material identity preserved.,COMPONENT-LEAF
AOM_001631,aom:processingMethod,AOM_101071,Drying,approved-generated,Pete Steward,2026-08-05,data/livestock-staging/approved_ingredient_harmonization_rules.csv,Generated from approved rule under recorded guard; legacy material identity preserved.,PROCESS-DRIED
AOM_001632,aom:processingMethod,AOM_101071,Drying,approved-generated,Pete Steward,2026-08-05,data/livestock-staging/approved_ingredient_harmonization_rules.csv,Generated from approved rule under recorded guard; legacy material identity preserved.,PROCESS-DRIED
AOM_001633,aom:processingMethod,AOM_101071,Drying,approved-generated,Pete Steward,2026-08-05,data/livestock-staging/approved_ingredient_harmonization_rules.csv,Generated from approved rule under recorded guard; legacy material identity preserved.,PROCESS-DRIED
AOM_001634,aom:processingMethod,AOM_101071,Drying,approved-generated,Pete Steward,2026-08-05,data/livestock-staging/approved_ingredient_harmonization_rules.csv,Generated from approved rule under recorded guard; legacy material identity preserved.,PROCESS-DRIED
AOM_001634,aom:processingMethod,AOM_101102,Wilting,approved-generated,Pete Steward,2026-08-05,data/livestock-staging/approved_ingredient_harmonization_rules.csv,Generated from approved rule under recorded guard; legacy material identity preserved.,PROCESS-WILTED
AOM_001635,aom:processingMethod,AOM_101071,Drying,approved-generated,Pete Steward,2026-08-05,data/livestock-staging/approved_ingredient_harmonization_rules.csv,Generated from approved rule under recorded guard; legacy material identity preserved.,PROCESS-DRIED
AOM_001635,aom:processingMethod,AOM_101095,Grinding,approved-generated,Pete Steward,2026-08-05,data/livestock-staging/approved_ingredient_harmonization_rules.csv,Generated from approved rule under recorded guard; legacy material identity preserved.,PROCESS-GROUND
AOM_001636,aom:ingredientPart,AOM_101033,Leaf,approved-generated,Pete Steward,2026-08-05,data/livestock-staging/approved_ingredient_harmonization_rules.csv,Generated from approved rule under recorded guard; legacy material identity preserved.,COMPONENT-LEAF
AOM_001637,aom:ingredientPart,AOM_101033,Leaf,approved-generated,Pete Steward,2026-08-05,data/livestock-staging/approved_ingredient_harmonization_rules.csv,Generated from approved rule under recorded guard; legacy material identity preserved.,COMPONENT-LEAF
AOM_001637,aom:processingMethod,AOM_101071,Drying,approved-generated,Pete Steward,2026-08-05,data/livestock-staging/approved_ingredient_harmonization_rules.csv,Generated from approved rule under recorded guard; legacy material identity preserved.,PROCESS-DRIED
AOM_001637,aom:processingMethod,AOM_101095,Grinding,approved-generated,Pete Steward,2026-08-05,data/livestock-staging/approved_ingredient_harmonization_rules.csv,Generated from approved rule under recorded guard; legacy material identity preserved.,PROCESS-GROUND
AOM_001638,aom:ingredientPart,AOM_101032,Kernel,approved-generated,Pete Steward,2026-08-05,data/livestock-staging/approved_ingredient_harmonization_rules.csv,Generated from approved rule under recorded guard; legacy material identity preserved.,COMPONENT-KERNEL
AOM_001641,aom:ingredientPart,AOM_101038,Seed,approved-generated,Pete Steward,2026-08-05,data/livestock-staging/approved_ingredient_harmonization_rules.csv,Generated from approved rule under recorded guard; legacy material identity preserved.,COMPONENT-SEED
AOM_001641,aom:processingMethod,AOM_101071,Drying,approved-generated,Pete Steward,2026-08-05,data/livestock-staging/approved_ingredient_harmonization_rules.csv,Generated from approved rule under recorded guard; legacy material identity preserved.,PROCESS-DRIED
AOM_001642,aom:ingredientPart,AOM_101038,Seed,approved-generated,Pete Steward,2026-08-05,data/livestock-staging/approved_ingredient_harmonization_rules.csv,Generated from approved rule under recorded guard; legacy material identity preserved.,COMPONENT-SEED
AOM_001642,aom:processingMethod,AOM_101095,Grinding,approved-generated,Pete Steward,2026-08-05,data/livestock-staging/approved_ingredient_harmonization_rules.csv,Generated from approved rule under recorded guard; legacy material identity preserved.,PROCESS-GROUND
AOM_001643,aom:ingredientPart,AOM_101038,Seed,approved-generated,Pete Steward,2026-08-05,data/livestock-staging/approved_ingredient_harmonization_rules.csv,Generated from approved rule under recorded guard; legacy material identity preserved.,COMPONENT-SEED
AOM_001643,aom:processingMethod,AOM_101095,Grinding,approved-generated,Pete Steward,2026-08-05,data/livestock-staging/approved_ingredient_harmonization_rules.csv,Generated from approved rule under recorded guard; legacy material identity preserved.,PROCESS-GROUND
AOM_001644,aom:ingredientPart,AOM_101038,Seed,approved-generated,Pete Steward,2026-08-05,data/livestock-staging/approved_ingredient_harmonization_rules.csv,Generated from approved rule under recorded guard; legacy material identity preserved.,COMPONENT-SEED
AOM_001644,aom:processingMethod,AOM_101095,Grinding,approved-generated,Pete Steward,2026-08-05,data/livestock-staging/approved_ingredient_harmonization_rules.csv,Generated from approved rule under recorded guard; legacy material identity preserved.,PROCESS-GROUND
AOM_001645,aom:processingMethod,AOM_101071,Drying,approved-generated,Pete Steward,2026-08-05,data/livestock-staging/approved_ingredient_harmonization_rules.csv,Generated from approved rule under recorded guard; legacy material identity preserved.,PROCESS-DRIED
AOM_001645,aom:processingMethod,AOM_101089,Boiling,approved-generated,Pete Steward,2026-08-05,data/livestock-staging/approved_ingredient_harmonization_rules.csv,Generated from approved rule under recorded guard; legacy material identity preserved.,PROCESS-BOILED
AOM_001646,aom:processingMethod,AOM_101071,Drying,approved-generated,Pete Steward,2026-08-05,data/livestock-staging/approved_ingredient_harmonization_rules.csv,Generated from approved rule under recorded guard; legacy material identity preserved.,PROCESS-DRIED
AOM_001647,aom:ingredientPart,AOM_101033,Leaf,approved-generated,Pete Steward,2026-08-05,data/livestock-staging/approved_ingredient_harmonization_rules.csv,Generated from approved rule under recorded guard; legacy material identity preserved.,COMPONENT-LEAF
AOM_001647,aom:processingMethod,AOM_101071,Drying,approved-generated,Pete Steward,2026-08-05,data/livestock-staging/approved_ingredient_harmonization_rules.csv,Generated from approved rule under recorded guard; legacy material identity preserved.,PROCESS-DRIED
AOM_001647,aom:processingMethod,AOM_101095,Grinding,approved-generated,Pete Steward,2026-08-05,data/livestock-staging/approved_ingredient_harmonization_rules.csv,Generated from approved rule under recorded guard; legacy material identity preserved.,PROCESS-GROUND
AOM_001649,aom:processingMethod,AOM_101071,Drying,approved-generated,Pete Steward,2026-08-05,data/livestock-staging/approved_ingredient_harmonization_rules.csv,Generated from approved rule under recorded guard; legacy material identity preserved.,PROCESS-DRIED
AOM_001650,aom:ingredientPart,AOM_101033,Leaf,approved-generated,Pete Steward,2026-08-05,data/livestock-staging/approved_ingredient_harmonization_rules.csv,Generated from approved rule under recorded guard; legacy material identity preserved.,COMPONENT-LEAF
AOM_001650,aom:processingMethod,AOM_101071,Drying,approved-generated,Pete Steward,2026-08-05,data/livestock-staging/approved_ingredient_harmonization_rules.csv,Generated from approved rule under recorded guard; legacy material identity preserved.,PROCESS-DRIED
AOM_001650,aom:processingMethod,AOM_101089,Boiling,approved-generated,Pete Steward,2026-08-05,data/livestock-staging/approved_ingredient_harmonization_rules.csv,Generated from approved rule under recorded guard; legacy material identity preserved.,PROCESS-BOILED
AOM_001651,aom:processingMethod,AOM_101071,Drying,approved-generated,Pete Steward,2026-08-05,data/livestock-staging/approved_ingredient_harmonization_rules.csv,Generated from approved rule under recorded guard; legacy material identity preserved.,PROCESS-DRIED
AOM_001655,aom:processingMethod,AOM_101071,Drying,approved-generated,Pete Steward,2026-08-05,data/livestock-staging/approved_ingredient_harmonization_rules.csv,Generated from approved rule under recorded guard; legacy material identity preserved.,PROCESS-DRIED
AOM_001656,aom:processingMethod,AOM_101071,Drying,approved-generated,Pete Steward,2026-08-05,data/livestock-staging/approved_ingredient_harmonization_rules.csv,Generated from approved rule under recorded guard; legacy material identity preserved.,PROCESS-DRIED
AOM_001656,aom:processingMethod,AOM_101095,Grinding,approved-generated,Pete Steward,2026-08-05,data/livestock-staging/approved_ingredient_harmonization_rules.csv,Generated from approved rule under recorded guard; legacy material identity preserved.,PROCESS-GROUND
AOM_001657,aom:ingredientPart,AOM_101033,Leaf,approved-generated,Pete Steward,2026-08-05,data/livestock-staging/approved_ingredient_harmonization_rules.csv,Generated from approved rule under recorded guard; legacy material identity preserved.,COMPONENT-LEAF
AOM_001657,aom:processingMethod,AOM_101095,Grinding,approved-generated,Pete Steward,2026-08-05,data/livestock-staging/approved_ingredient_harmonization_rules.csv,Generated from approved rule under recorded guard; legacy material identity preserved.,PROCESS-GROUND
AOM_001658,aom:processingMethod,AOM_101071,Drying,approved-generated,Pete Steward,2026-08-05,data/livestock-staging/approved_ingredient_harmonization_rules.csv,Generated from approved rule under recorded guard; legacy material identity preserved.,PROCESS-DRIED
AOM_001658,aom:processingMethod,AOM_101095,Grinding,approved-generated,Pete Steward,2026-08-05,data/livestock-staging/approved_ingredient_harmonization_rules.csv,Generated from approved rule under recorded guard; legacy material identity preserved.,PROCESS-GROUND
AOM_001658,aom:processingMethod,AOM_101096,Heating,approved-generated,Pete Steward,2026-08-05,data/livestock-staging/approved_ingredient_harmonization_rules.csv,Generated from approved rule under recorded guard; legacy material identity preserved.,PROCESS-HEATED
AOM_001660,aom:processingMethod,AOM_101095,Grinding,approved-generated,Pete Steward,2026-08-05,data/livestock-staging/approved_ingredient_harmonization_rules.csv,Generated from approved rule under recorded guard; legacy material identity preserved.,PROCESS-GROUND
AOM_001661,aom:processingMethod,AOM_101071,Drying,approved-generated,Pete Steward,2026-08-05,data/livestock-staging/approved_ingredient_harmonization_rules.csv,Generated from approved rule under recorded guard; legacy material identity preserved.,PROCESS-DRIED
AOM_001662,aom:processingMethod,AOM_101102,Wilting,approved-generated,Pete Steward,2026-08-05,data/livestock-staging/approved_ingredient_harmonization_rules.csv,Generated from approved rule under recorded guard; legacy material identity preserved.,PROCESS-WILTED
AOM_001663,aom:processingMethod,AOM_101071,Drying,approved-generated,Pete Steward,2026-08-05,data/livestock-staging/approved_ingredient_harmonization_rules.csv,Generated from approved rule under recorded guard; legacy material identity preserved.,PROCESS-DRIED
AOM_001664,aom:processingMethod,AOM_101071,Drying,approved-generated,Pete Steward,2026-08-05,data/livestock-staging/approved_ingredient_harmonization_rules.csv,Generated from approved rule under recorded guard; legacy material identity preserved.,PROCESS-DRIED
AOM_001664,aom:processingMethod,AOM_101095,Grinding,approved-generated,Pete Steward,2026-08-05,data/livestock-staging/approved_ingredient_harmonization_rules.csv,Generated from approved rule under recorded guard; legacy material identity preserved.,PROCESS-GROUND
AOM_001665,aom:processingMethod,AOM_101071,Drying,approved-generated,Pete Steward,2026-08-05,data/livestock-staging/approved_ingredient_harmonization_rules.csv,Generated from approved rule under recorded guard; legacy material identity preserved.,PROCESS-DRIED
AOM_001665,aom:processingMethod,AOM_101102,Wilting,approved-generated,Pete Steward,2026-08-05,data/livestock-staging/approved_ingredient_harmonization_rules.csv,Generated from approved rule under recorded guard; legacy material identity preserved.,PROCESS-WILTED
AOM_001666,aom:processingMethod,AOM_101071,Drying,approved-generated,Pete Steward,2026-08-05,data/livestock-staging/approved_ingredient_harmonization_rules.csv,Generated from approved rule under recorded guard; legacy material identity preserved.,PROCESS-DRIED
AOM_001666,aom:processingMethod,AOM_101091,Crushing,approved-generated,Pete Steward,2026-08-05,data/livestock-staging/approved_ingredient_harmonization_rules.csv,Generated from approved rule under recorded guard; legacy material identity preserved.,PROCESS-CRUSHED
AOM_001667,aom:processingMethod,AOM_101071,Drying,approved-generated,Pete Steward,2026-08-05,data/livestock-staging/approved_ingredient_harmonization_rules.csv,Generated from approved rule under recorded guard; legacy material identity preserved.,PROCESS-DRIED
AOM_001668,aom:processingMethod,AOM_101102,Wilting,approved-generated,Pete Steward,2026-08-05,data/livestock-staging/approved_ingredient_harmonization_rules.csv,Generated from approved rule under recorded guard; legacy material identity preserved.,PROCESS-WILTED
AOM_001669,aom:processingMethod,AOM_101071,Drying,approved-generated,Pete Steward,2026-08-05,data/livestock-staging/approved_ingredient_harmonization_rules.csv,Generated from approved rule under recorded guard; legacy material identity preserved.,PROCESS-DRIED
AOM_001669,aom:processingMethod,AOM_101095,Grinding,approved-generated,Pete Steward,2026-08-05,data/livestock-staging/approved_ingredient_harmonization_rules.csv,Generated from approved rule under recorded guard; legacy material identity preserved.,PROCESS-GROUND
AOM_001671,aom:ingredientPart,AOM_101033,Leaf,approved-generated,Pete Steward,2026-08-05,data/livestock-staging/approved_ingredient_harmonization_rules.csv,Generated from approved rule under recorded guard; legacy material identity preserved.,COMPONENT-LEAF
AOM_001671,aom:processingMethod,AOM_000831,Ensiling,approved-generated,Pete Steward,2026-08-05,data/livestock-staging/approved_ingredient_harmonization_rules.csv,Generated from approved rule under recorded guard; legacy material identity preserved.,PROCESS-ENSILED
AOM_001671,aom:processingMethod,AOM_101071,Drying,approved-generated,Pete Steward,2026-08-05,data/livestock-staging/approved_ingredient_harmonization_rules.csv,Generated from approved rule under recorded guard; legacy material identity preserved.,PROCESS-DRIED
AOM_001672,aom:ingredientPart,AOM_101033,Leaf,approved-generated,Pete Steward,2026-08-05,data/livestock-staging/approved_ingredient_harmonization_rules.csv,Generated from approved rule under recorded guard; legacy material identity preserved.,COMPONENT-LEAF
AOM_001674,aom:processingMethod,AOM_101095,Grinding,approved-generated,Pete Steward,2026-08-05,data/livestock-staging/approved_ingredient_harmonization_rules.csv,Generated from approved rule under recorded guard; legacy material identity preserved.,PROCESS-GROUND
AOM_001676,aom:processingMethod,AOM_101071,Drying,approved-generated,Pete Steward,2026-08-05,data/livestock-staging/approved_ingredient_harmonization_rules.csv,Generated from approved rule under recorded guard; legacy material identity preserved.,PROCESS-DRIED
AOM_001677,aom:processingMethod,AOM_000831,Ensiling,approved-generated,Pete Steward,2026-08-05,data/livestock-staging/approved_ingredient_harmonization_rules.csv,Generated from approved rule under recorded guard; legacy material identity preserved.,PROCESS-ENSILED
AOM_001679,aom:ingredientPart,AOM_101074,Grain,approved-generated,Pete Steward,2026-08-05,data/livestock-staging/approved_ingredient_harmonization_rules.csv,Generated from approved rule under recorded guard; legacy material identity preserved.,COMPONENT-GRAIN
AOM_001679,aom:processingMethod,AOM_101095,Grinding,approved-generated,Pete Steward,2026-08-05,data/livestock-staging/approved_ingredient_harmonization_rules.csv,Generated from approved rule under recorded guard; legacy material identity preserved.,PROCESS-GROUND
AOM_001681,aom:processingMethod,AOM_101071,Drying,approved-generated,Pete Steward,2026-08-05,data/livestock-staging/approved_ingredient_harmonization_rules.csv,Generated from approved rule under recorded guard; legacy material identity preserved.,PROCESS-DRIED
AOM_001681,aom:processingMethod,AOM_101095,Grinding,approved-generated,Pete Steward,2026-08-05,data/livestock-staging/approved_ingredient_harmonization_rules.csv,Generated from approved rule under recorded guard; legacy material identity preserved.,PROCESS-GROUND
AOM_001682,aom:ingredientPart,AOM_101106,Straw,approved-generated,Pete Steward,2026-08-05,data/livestock-staging/approved_ingredient_harmonization_rules.csv,Generated from approved rule under recorded guard; legacy material identity preserved.,COMPONENT-STRAW
AOM_001682,aom:processingMethod,AOM_101095,Grinding,approved-generated,Pete Steward,2026-08-05,data/livestock-staging/approved_ingredient_harmonization_rules.csv,Generated from approved rule under recorded guard; legacy material identity preserved.,PROCESS-GROUND
AOM_001684,aom:ingredientPart,AOM_101106,Straw,approved-generated,Pete Steward,2026-08-05,data/livestock-staging/approved_ingredient_harmonization_rules.csv,Generated from approved rule under recorded guard; legacy material identity preserved.,COMPONENT-STRAW
AOM_001684,aom:processingMethod,AOM_000831,Ensiling,approved-generated,Pete Steward,2026-08-05,data/livestock-staging/approved_ingredient_harmonization_rules.csv,Generated from approved rule under recorded guard; legacy material identity preserved.,PROCESS-ENSILED
AOM_001684,aom:processingMethod,AOM_101071,Drying,approved-generated,Pete Steward,2026-08-05,data/livestock-staging/approved_ingredient_harmonization_rules.csv,Generated from approved rule under recorded guard; legacy material identity preserved.,PROCESS-DRIED
AOM_001684,aom:processingMethod,AOM_101095,Grinding,approved-generated,Pete Steward,2026-08-05,data/livestock-staging/approved_ingredient_harmonization_rules.csv,Generated from approved rule under recorded guard; legacy material identity preserved.,PROCESS-GROUND
AOM_001684,aom:processingMethod,AOM_101101,Urea treatment,approved-generated,Pete Steward,2026-08-05,data/livestock-staging/approved_ingredient_harmonization_rules.csv,Generated from approved rule under recorded guard; legacy material identity preserved.,PROCESS-UREA_TREATED
AOM_001686,aom:ingredientPart,AOM_101106,Straw,approved-generated,Pete Steward,2026-08-05,data/livestock-staging/approved_ingredient_harmonization_rules.csv,Generated from approved rule under recorded guard; legacy material identity preserved.,COMPONENT-STRAW
AOM_001686,aom:processingMethod,AOM_101071,Drying,approved-generated,Pete Steward,2026-08-05,data/livestock-staging/approved_ingredient_harmonization_rules.csv,Generated from approved rule under recorded guard; legacy material identity preserved.,PROCESS-DRIED
AOM_001687,aom:ingredientPart,AOM_101106,Straw,approved-generated,Pete Steward,2026-08-05,data/livestock-staging/approved_ingredient_harmonization_rules.csv,Generated from approved rule under recorded guard; legacy material identity preserved.,COMPONENT-STRAW
AOM_001687,aom:processingMethod,AOM_101101,Urea treatment,approved-generated,Pete Steward,2026-08-05,data/livestock-staging/approved_ingredient_harmonization_rules.csv,Generated from approved rule under recorded guard; legacy material identity preserved.,PROCESS-UREA_TREATED
AOM_001688,aom:ingredientPart,AOM_101106,Straw,approved-generated,Pete Steward,2026-08-05,data/livestock-staging/approved_ingredient_harmonization_rules.csv,Generated from approved rule under recorded guard; legacy material identity preserved.,COMPONENT-STRAW
AOM_001688,aom:processingMethod,AOM_101095,Grinding,approved-generated,Pete Steward,2026-08-05,data/livestock-staging/approved_ingredient_harmonization_rules.csv,Generated from approved rule under recorded guard; legacy material identity preserved.,PROCESS-GROUND
AOM_001688,aom:processingMethod,AOM_101101,Urea treatment,approved-generated,Pete Steward,2026-08-05,data/livestock-staging/approved_ingredient_harmonization_rules.csv,Generated from approved rule under recorded guard; legacy material identity preserved.,PROCESS-UREA_TREATED
AOM_001689,aom:processingMethod,AOM_101101,Urea treatment,approved-generated,Pete Steward,2026-08-05,data/livestock-staging/approved_ingredient_harmonization_rules.csv,Generated from approved rule under recorded guard; legacy material identity preserved.,PROCESS-UREA_TREATED
AOM_001692,aom:processingMethod,AOM_101071,Drying,approved-generated,Pete Steward,2026-08-05,data/livestock-staging/approved_ingredient_harmonization_rules.csv,Generated from approved rule under recorded guard; legacy material identity preserved.,PROCESS-DRIED
AOM_001693,aom:ingredientPart,AOM_101038,Seed,approved-generated,Pete Steward,2026-08-05,data/livestock-staging/approved_ingredient_harmonization_rules.csv,Generated from approved rule under recorded guard; legacy material identity preserved.,COMPONENT-SEED
AOM_001693,aom:processingMethod,AOM_101071,Drying,approved-generated,Pete Steward,2026-08-05,data/livestock-staging/approved_ingredient_harmonization_rules.csv,Generated from approved rule under recorded guard; legacy material identity preserved.,PROCESS-DRIED
AOM_001693,aom:processingMethod,AOM_101095,Grinding,approved-generated,Pete Steward,2026-08-05,data/livestock-staging/approved_ingredient_harmonization_rules.csv,Generated from approved rule under recorded guard; legacy material identity preserved.,PROCESS-GROUND
AOM_001694,aom:ingredientPart,AOM_101032,Kernel,approved-generated,Pete Steward,2026-08-05,data/livestock-staging/approved_ingredient_harmonization_rules.csv,Generated from approved rule under recorded guard; legacy material identity preserved.,COMPONENT-KERNEL
AOM_001694,aom:ingredientPart,AOM_101038,Seed,approved-generated,Pete Steward,2026-08-05,data/livestock-staging/approved_ingredient_harmonization_rules.csv,Generated from approved rule under recorded guard; legacy material identity preserved.,COMPONENT-SEED
AOM_001694,aom:processingMethod,AOM_101071,Drying,approved-generated,Pete Steward,2026-08-05,data/livestock-staging/approved_ingredient_harmonization_rules.csv,Generated from approved rule under recorded guard; legacy material identity preserved.,PROCESS-DRIED
AOM_001694,aom:processingMethod,AOM_101095,Grinding,approved-generated,Pete Steward,2026-08-05,data/livestock-staging/approved_ingredient_harmonization_rules.csv,Generated from approved rule under recorded guard; legacy material identity preserved.,PROCESS-GROUND
AOM_001695,aom:ingredientPart,AOM_101032,Kernel,approved-generated,Pete Steward,2026-08-05,data/livestock-staging/approved_ingredient_harmonization_rules.csv,Generated from approved rule under recorded guard; legacy material identity preserved.,COMPONENT-KERNEL
AOM_001695,aom:ingredientPart,AOM_101038,Seed,approved-generated,Pete Steward,2026-08-05,data/livestock-staging/approved_ingredient_harmonization_rules.csv,Generated from approved rule under recorded guard; legacy material identity preserved.,COMPONENT-SEED
AOM_001695,aom:processingMethod,AOM_101071,Drying,approved-generated,Pete Steward,2026-08-05,data/livestock-staging/approved_ingredient_harmonization_rules.csv,Generated from approved rule under recorded guard; legacy material identity preserved.,PROCESS-DRIED
AOM_001695,aom:processingMethod,AOM_101091,Crushing,approved-generated,Pete Steward,2026-08-05,data/livestock-staging/approved_ingredient_harmonization_rules.csv,Generated from approved rule under recorded guard; legacy material identity preserved.,PROCESS-CRUSHED
AOM_001696,aom:processingMethod,AOM_101071,Drying,approved-generated,Pete Steward,2026-08-05,data/livestock-staging/approved_ingredient_harmonization_rules.csv,Generated from approved rule under recorded guard; legacy material identity preserved.,PROCESS-DRIED
AOM_001697,aom:processingMethod,AOM_101071,Drying,approved-generated,Pete Steward,2026-08-05,data/livestock-staging/approved_ingredient_harmonization_rules.csv,Generated from approved rule under recorded guard; legacy material identity preserved.,PROCESS-DRIED
AOM_001698,aom:ingredientPart,AOM_101038,Seed,approved-generated,Pete Steward,2026-08-05,data/livestock-staging/approved_ingredient_harmonization_rules.csv,Generated from approved rule under recorded guard; legacy material identity preserved.,COMPONENT-SEED
AOM_001698,aom:processingMethod,AOM_101091,Crushing,approved-generated,Pete Steward,2026-08-05,data/livestock-staging/approved_ingredient_harmonization_rules.csv,Generated from approved rule under recorded guard; legacy material identity preserved.,PROCESS-CRUSHED
AOM_001699,aom:ingredientPart,AOM_101033,Leaf,approved-generated,Pete Steward,2026-08-05,data/livestock-staging/approved_ingredient_harmonization_rules.csv,Generated from approved rule under recorded guard; legacy material identity preserved.,COMPONENT-LEAF
AOM_001700,aom:processingMethod,AOM_101095,Grinding,approved-generated,Pete Steward,2026-08-05,data/livestock-staging/approved_ingredient_harmonization_rules.csv,Generated from approved rule under recorded guard; legacy material identity preserved.,PROCESS-GROUND
AOM_001701,aom:ingredientPart,AOM_101033,Leaf,approved-generated,Pete Steward,2026-08-05,data/livestock-staging/approved_ingredient_harmonization_rules.csv,Generated from approved rule under recorded guard; legacy material identity preserved.,COMPONENT-LEAF
AOM_001701,aom:processingMethod,AOM_101071,Drying,approved-generated,Pete Steward,2026-08-05,data/livestock-staging/approved_ingredient_harmonization_rules.csv,Generated from approved rule under recorded guard; legacy material identity preserved.,PROCESS-DRIED
AOM_001701,aom:processingMethod,AOM_101095,Grinding,approved-generated,Pete Steward,2026-08-05,data/livestock-staging/approved_ingredient_harmonization_rules.csv,Generated from approved rule under recorded guard; legacy material identity preserved.,PROCESS-GROUND
AOM_001702,aom:ingredientPart,AOM_101033,Leaf,approved-generated,Pete Steward,2026-08-05,data/livestock-staging/approved_ingredient_harmonization_rules.csv,Generated from approved rule under recorded guard; legacy material identity preserved.,COMPONENT-LEAF
AOM_001702,aom:processingMethod,AOM_101071,Drying,approved-generated,Pete Steward,2026-08-05,data/livestock-staging/approved_ingredient_harmonization_rules.csv,Generated from approved rule under recorded guard; legacy material identity preserved.,PROCESS-DRIED
AOM_001702,aom:processingMethod,AOM_101095,Grinding,approved-generated,Pete Steward,2026-08-05,data/livestock-staging/approved_ingredient_harmonization_rules.csv,Generated from approved rule under recorded guard; legacy material identity preserved.,PROCESS-GROUND
AOM_001703,aom:processingMethod,AOM_101071,Drying,approved-generated,Pete Steward,2026-08-05,data/livestock-staging/approved_ingredient_harmonization_rules.csv,Generated from approved rule under recorded guard; legacy material identity preserved.,PROCESS-DRIED
AOM_001704,aom:ingredientPart,AOM_101033,Leaf,approved-generated,Pete Steward,2026-08-05,data/livestock-staging/approved_ingredient_harmonization_rules.csv,Generated from approved rule under recorded guard; legacy material identity preserved.,COMPONENT-LEAF
AOM_001704,aom:processingMethod,AOM_101102,Wilting,approved-generated,Pete Steward,2026-08-05,data/livestock-staging/approved_ingredient_harmonization_rules.csv,Generated from approved rule under recorded guard; legacy material identity preserved.,PROCESS-WILTED
AOM_001705,aom:ingredientPart,AOM_101033,Leaf,approved-generated,Pete Steward,2026-08-05,data/livestock-staging/approved_ingredient_harmonization_rules.csv,Generated from approved rule under recorded guard; legacy material identity preserved.,COMPONENT-LEAF
AOM_001705,aom:processingMethod,AOM_101071,Drying,approved-generated,Pete Steward,2026-08-05,data/livestock-staging/approved_ingredient_harmonization_rules.csv,Generated from approved rule under recorded guard; legacy material identity preserved.,PROCESS-DRIED
AOM_001706,aom:ingredientPart,AOM_101033,Leaf,approved-generated,Pete Steward,2026-08-05,data/livestock-staging/approved_ingredient_harmonization_rules.csv,Generated from approved rule under recorded guard; legacy material identity preserved.,COMPONENT-LEAF
AOM_001706,aom:processingMethod,AOM_101071,Drying,approved-generated,Pete Steward,2026-08-05,data/livestock-staging/approved_ingredient_harmonization_rules.csv,Generated from approved rule under recorded guard; legacy material identity preserved.,PROCESS-DRIED
AOM_001708,aom:ingredientPart,AOM_101032,Kernel,approved-generated,Pete Steward,2026-08-05,data/livestock-staging/approved_ingredient_harmonization_rules.csv,Generated from approved rule under recorded guard; legacy material identity preserved.,COMPONENT-KERNEL
AOM_001708,aom:processingMethod,AOM_101071,Drying,approved-generated,Pete Steward,2026-08-05,data/livestock-staging/approved_ingredient_harmonization_rules.csv,Generated from approved rule under recorded guard; legacy material identity preserved.,PROCESS-DRIED
AOM_001708,aom:processingMethod,AOM_101095,Grinding,approved-generated,Pete Steward,2026-08-05,data/livestock-staging/approved_ingredient_harmonization_rules.csv,Generated from approved rule under recorded guard; legacy material identity preserved.,PROCESS-GROUND
AOM_001709,aom:processingMethod,AOM_101102,Wilting,approved-generated,Pete Steward,2026-08-05,data/livestock-staging/approved_ingredient_harmonization_rules.csv,Generated from approved rule under recorded guard; legacy material identity preserved.,PROCESS-WILTED
AOM_001710,aom:ingredientPart,AOM_101033,Leaf,approved-generated,Pete Steward,2026-08-05,data/livestock-staging/approved_ingredient_harmonization_rules.csv,Generated from approved rule under recorded guard; legacy material identity preserved.,COMPONENT-LEAF
AOM_001710,aom:processingMethod,AOM_101071,Drying,approved-generated,Pete Steward,2026-08-05,data/livestock-staging/approved_ingredient_harmonization_rules.csv,Generated from approved rule under recorded guard; legacy material identity preserved.,PROCESS-DRIED
AOM_001711,aom:processingMethod,AOM_000831,Ensiling,approved-generated,Pete Steward,2026-08-05,data/livestock-staging/approved_ingredient_harmonization_rules.csv,Generated from approved rule under recorded guard; legacy material identity preserved.,PROCESS-ENSILED
AOM_001713,aom:processingMethod,AOM_101071,Drying,approved-generated,Pete Steward,2026-08-05,data/livestock-staging/approved_ingredient_harmonization_rules.csv,Generated from approved rule under recorded guard; legacy material identity preserved.,PROCESS-DRIED
AOM_001714,aom:processingMethod,AOM_101071,Drying,approved-generated,Pete Steward,2026-08-05,data/livestock-staging/approved_ingredient_harmonization_rules.csv,Generated from approved rule under recorded guard; legacy material identity preserved.,PROCESS-DRIED
AOM_001714,aom:processingMethod,AOM_101095,Grinding,approved-generated,Pete Steward,2026-08-05,data/livestock-staging/approved_ingredient_harmonization_rules.csv,Generated from approved rule under recorded guard; legacy material identity preserved.,PROCESS-GROUND
AOM_001715,aom:processingMethod,AOM_101071,Drying,approved-generated,Pete Steward,2026-08-05,data/livestock-staging/approved_ingredient_harmonization_rules.csv,Generated from approved rule under recorded guard; legacy material identity preserved.,PROCESS-DRIED
AOM_001717,aom:processingMethod,AOM_101071,Drying,approved-generated,Pete Steward,2026-08-05,data/livestock-staging/approved_ingredient_harmonization_rules.csv,Generated from approved rule under recorded guard; legacy material identity preserved.,PROCESS-DRIED
AOM_001718,aom:processingMethod,AOM_101071,Drying,approved-generated,Pete Steward,2026-08-05,data/livestock-staging/approved_ingredient_harmonization_rules.csv,Generated from approved rule under recorded guard; legacy material identity preserved.,PROCESS-DRIED
AOM_001718,aom:processingMethod,AOM_101095,Grinding,approved-generated,Pete Steward,2026-08-05,data/livestock-staging/approved_ingredient_harmonization_rules.csv,Generated from approved rule under recorded guard; legacy material identity preserved.,PROCESS-GROUND
AOM_001719,aom:ingredientPart,AOM_101033,Leaf,approved-generated,Pete Steward,2026-08-05,data/livestock-staging/approved_ingredient_harmonization_rules.csv,Generated from approved rule under recorded guard; legacy material identity preserved.,COMPONENT-LEAF
AOM_001719,aom:processingMethod,AOM_101102,Wilting,approved-generated,Pete Steward,2026-08-05,data/livestock-staging/approved_ingredient_harmonization_rules.csv,Generated from approved rule under recorded guard; legacy material identity preserved.,PROCESS-WILTED
AOM_001720,aom:processingMethod,AOM_101095,Grinding,approved-generated,Pete Steward,2026-08-05,data/livestock-staging/approved_ingredient_harmonization_rules.csv,Generated from approved rule under recorded guard; legacy material identity preserved.,PROCESS-GROUND
AOM_001721,aom:processingMethod,AOM_101071,Drying,approved-generated,Pete Steward,2026-08-05,data/livestock-staging/approved_ingredient_harmonization_rules.csv,Generated from approved rule under recorded guard; legacy material identity preserved.,PROCESS-DRIED
AOM_001722,aom:ingredientPart,AOM_101033,Leaf,approved-generated,Pete Steward,2026-08-05,data/livestock-staging/approved_ingredient_harmonization_rules.csv,Generated from approved rule under recorded guard; legacy material identity preserved.,COMPONENT-LEAF
AOM_001722,aom:processingMethod,AOM_101071,Drying,approved-generated,Pete Steward,2026-08-05,data/livestock-staging/approved_ingredient_harmonization_rules.csv,Generated from approved rule under recorded guard; legacy material identity preserved.,PROCESS-DRIED
AOM_001723,aom:ingredientPart,AOM_101033,Leaf,approved-generated,Pete Steward,2026-08-05,data/livestock-staging/approved_ingredient_harmonization_rules.csv,Generated from approved rule under recorded guard; legacy material identity preserved.,COMPONENT-LEAF
AOM_001723,aom:processingMethod,AOM_101102,Wilting,approved-generated,Pete Steward,2026-08-05,data/livestock-staging/approved_ingredient_harmonization_rules.csv,Generated from approved rule under recorded guard; legacy material identity preserved.,PROCESS-WILTED
AOM_001724,aom:ingredientPart,AOM_101033,Leaf,approved-generated,Pete Steward,2026-08-05,data/livestock-staging/approved_ingredient_harmonization_rules.csv,Generated from approved rule under recorded guard; legacy material identity preserved.,COMPONENT-LEAF
AOM_001724,aom:processingMethod,AOM_101102,Wilting,approved-generated,Pete Steward,2026-08-05,data/livestock-staging/approved_ingredient_harmonization_rules.csv,Generated from approved rule under recorded guard; legacy material identity preserved.,PROCESS-WILTED
AOM_001725,aom:processingMethod,AOM_101071,Drying,approved-generated,Pete Steward,2026-08-05,data/livestock-staging/approved_ingredient_harmonization_rules.csv,Generated from approved rule under recorded guard; legacy material identity preserved.,PROCESS-DRIED
AOM_001726,aom:processingMethod,AOM_101071,Drying,approved-generated,Pete Steward,2026-08-05,data/livestock-staging/approved_ingredient_harmonization_rules.csv,Generated from approved rule under recorded guard; legacy material identity preserved.,PROCESS-DRIED
AOM_001727,aom:processingMethod,AOM_000831,Ensiling,approved-generated,Pete Steward,2026-08-05,data/livestock-staging/approved_ingredient_harmonization_rules.csv,Generated from approved rule under recorded guard; legacy material identity preserved.,PROCESS-ENSILED
AOM_001728,aom:processingMethod,AOM_101071,Drying,approved-generated,Pete Steward,2026-08-05,data/livestock-staging/approved_ingredient_harmonization_rules.csv,Generated from approved rule under recorded guard; legacy material identity preserved.,PROCESS-DRIED
AOM_001729,aom:processingMethod,AOM_101071,Drying,approved-generated,Pete Steward,2026-08-05,data/livestock-staging/approved_ingredient_harmonization_rules.csv,Generated from approved rule under recorded guard; legacy material identity preserved.,PROCESS-DRIED
AOM_001730,aom:ingredientPart,AOM_101035,Pod,approved-generated,Pete Steward,2026-08-05,data/livestock-staging/approved_ingredient_harmonization_rules.csv,Generated from approved rule under recorded guard; legacy material identity preserved.,COMPONENT-POD
AOM_001730,aom:processingMethod,AOM_101095,Grinding,approved-generated,Pete Steward,2026-08-05,data/livestock-staging/approved_ingredient_harmonization_rules.csv,Generated from approved rule under recorded guard; legacy material identity preserved.,PROCESS-GROUND
AOM_001731,aom:ingredientPart,AOM_101033,Leaf,approved-generated,Pete Steward,2026-08-05,data/livestock-staging/approved_ingredient_harmonization_rules.csv,Generated from approved rule under recorded guard; legacy material identity preserved.,COMPONENT-LEAF
AOM_001731,aom:processingMethod,AOM_101071,Drying,approved-generated,Pete Steward,2026-08-05,data/livestock-staging/approved_ingredient_harmonization_rules.csv,Generated from approved rule under recorded guard; legacy material identity preserved.,PROCESS-DRIED
AOM_001732,aom:processingMethod,AOM_101071,Drying,approved-generated,Pete Steward,2026-08-05,data/livestock-staging/approved_ingredient_harmonization_rules.csv,Generated from approved rule under recorded guard; legacy material identity preserved.,PROCESS-DRIED
AOM_001734,aom:processingMethod,AOM_101071,Drying,approved-generated,Pete Steward,2026-08-05,data/livestock-staging/approved_ingredient_harmonization_rules.csv,Generated from approved rule under recorded guard; legacy material identity preserved.,PROCESS-DRIED
AOM_001734,aom:processingMethod,AOM_101095,Grinding,approved-generated,Pete Steward,2026-08-05,data/livestock-staging/approved_ingredient_harmonization_rules.csv,Generated from approved rule under recorded guard; legacy material identity preserved.,PROCESS-GROUND
AOM_001735,aom:processingMethod,AOM_101071,Drying,approved-generated,Pete Steward,2026-08-05,data/livestock-staging/approved_ingredient_harmonization_rules.csv,Generated from approved rule under recorded guard; legacy material identity preserved.,PROCESS-DRIED
AOM_001736,aom:processingMethod,AOM_101071,Drying,approved-generated,Pete Steward,2026-08-05,data/livestock-staging/approved_ingredient_harmonization_rules.csv,Generated from approved rule under recorded guard; legacy material identity preserved.,PROCESS-DRIED
AOM_001736,aom:processingMethod,AOM_101095,Grinding,approved-generated,Pete Steward,2026-08-05,data/livestock-staging/approved_ingredient_harmonization_rules.csv,Generated from approved rule under recorded guard; legacy material identity preserved.,PROCESS-GROUND
AOM_001737,aom:processingMethod,AOM_101095,Grinding,approved-generated,Pete Steward,2026-08-05,data/livestock-staging/approved_ingredient_harmonization_rules.csv,Generated from approved rule under recorded guard; legacy material identity preserved.,PROCESS-GROUND
AOM_001737,aom:processingMethod,AOM_101098,Roasting,approved-generated,Pete Steward,2026-08-05,data/livestock-staging/approved_ingredient_harmonization_rules.csv,Generated from approved rule under recorded guard; legacy material identity preserved.,PROCESS-ROASTED
AOM_001738,aom:processingMethod,AOM_101071,Drying,approved-generated,Pete Steward,2026-08-05,data/livestock-staging/approved_ingredient_harmonization_rules.csv,Generated from approved rule under recorded guard; legacy material identity preserved.,PROCESS-DRIED
AOM_001739,aom:ingredientPart,AOM_101033,Leaf,approved-generated,Pete Steward,2026-08-05,data/livestock-staging/approved_ingredient_harmonization_rules.csv,Generated from approved rule under recorded guard; legacy material identity preserved.,COMPONENT-LEAF
AOM_001739,aom:processingMethod,AOM_101071,Drying,approved-generated,Pete Steward,2026-08-05,data/livestock-staging/approved_ingredient_harmonization_rules.csv,Generated from approved rule under recorded guard; legacy material identity preserved.,PROCESS-DRIED
AOM_001740,aom:ingredientPart,AOM_101033,Leaf,approved-generated,Pete Steward,2026-08-05,data/livestock-staging/approved_ingredient_harmonization_rules.csv,Generated from approved rule under recorded guard; legacy material identity preserved.,COMPONENT-LEAF
AOM_001741,aom:processingMethod,AOM_000831,Ensiling,approved-generated,Pete Steward,2026-08-05,data/livestock-staging/approved_ingredient_harmonization_rules.csv,Generated from approved rule under recorded guard; legacy material identity preserved.,PROCESS-ENSILED
AOM_001743,aom:processingMethod,AOM_101071,Drying,approved-generated,Pete Steward,2026-08-05,data/livestock-staging/approved_ingredient_harmonization_rules.csv,Generated from approved rule under recorded guard; legacy material identity preserved.,PROCESS-DRIED
AOM_001744,aom:processingMethod,AOM_101071,Drying,approved-generated,Pete Steward,2026-08-05,data/livestock-staging/approved_ingredient_harmonization_rules.csv,Generated from approved rule under recorded guard; legacy material identity preserved.,PROCESS-DRIED
AOM_001745,aom:processingMethod,AOM_101071,Drying,approved-generated,Pete Steward,2026-08-05,data/livestock-staging/approved_ingredient_harmonization_rules.csv,Generated from approved rule under recorded guard; legacy material identity preserved.,PROCESS-DRIED
AOM_001746,aom:processingMethod,AOM_101071,Drying,approved-generated,Pete Steward,2026-08-05,data/livestock-staging/approved_ingredient_harmonization_rules.csv,Generated from approved rule under recorded guard; legacy material identity preserved.,PROCESS-DRIED
AOM_001746,aom:processingMethod,AOM_101095,Grinding,approved-generated,Pete Steward,2026-08-05,data/livestock-staging/approved_ingredient_harmonization_rules.csv,Generated from approved rule under recorded guard; legacy material identity preserved.,PROCESS-GROUND
AOM_001750,aom:ingredientPart,AOM_101106,Straw,approved-generated,Pete Steward,2026-08-05,data/livestock-staging/approved_ingredient_harmonization_rules.csv,Generated from approved rule under recorded guard; legacy material identity preserved.,COMPONENT-STRAW
AOM_001750,aom:processingMethod,AOM_101095,Grinding,approved-generated,Pete Steward,2026-08-05,data/livestock-staging/approved_ingredient_harmonization_rules.csv,Generated from approved rule under recorded guard; legacy material identity preserved.,PROCESS-GROUND
AOM_001751,aom:ingredientPart,AOM_101106,Straw,approved-generated,Pete Steward,2026-08-05,data/livestock-staging/approved_ingredient_harmonization_rules.csv,Generated from approved rule under recorded guard; legacy material identity preserved.,COMPONENT-STRAW
AOM_001751,aom:processingMethod,AOM_101101,Urea treatment,approved-generated,Pete Steward,2026-08-05,data/livestock-staging/approved_ingredient_harmonization_rules.csv,Generated from approved rule under recorded guard; legacy material identity preserved.,PROCESS-UREA_TREATED
AOM_001752,aom:processingMethod,AOM_101095,Grinding,approved-generated,Pete Steward,2026-08-05,data/livestock-staging/approved_ingredient_harmonization_rules.csv,Generated from approved rule under recorded guard; legacy material identity preserved.,PROCESS-GROUND
AOM_001754,aom:processingMethod,AOM_101071,Drying,approved-generated,Pete Steward,2026-08-05,data/livestock-staging/approved_ingredient_harmonization_rules.csv,Generated from approved rule under recorded guard; legacy material identity preserved.,PROCESS-DRIED
AOM_001756,aom:ingredientPart,AOM_101033,Leaf,approved-generated,Pete Steward,2026-08-05,data/livestock-staging/approved_ingredient_harmonization_rules.csv,Generated from approved rule under recorded guard; legacy material identity preserved.,COMPONENT-LEAF
AOM_001757,aom:ingredientPart,AOM_101033,Leaf,approved-generated,Pete Steward,2026-08-05,data/livestock-staging/approved_ingredient_harmonization_rules.csv,Generated from approved rule under recorded guard; legacy material identity preserved.,COMPONENT-LEAF
AOM_001757,aom:processingMethod,AOM_101071,Drying,approved-generated,Pete Steward,2026-08-05,data/livestock-staging/approved_ingredient_harmonization_rules.csv,Generated from approved rule under recorded guard; legacy material identity preserved.,PROCESS-DRIED
AOM_001758,aom:ingredientPart,AOM_101035,Pod,approved-generated,Pete Steward,2026-08-05,data/livestock-staging/approved_ingredient_harmonization_rules.csv,Generated from approved rule under recorded guard; legacy material identity preserved.,COMPONENT-POD
AOM_001759,aom:ingredientPart,AOM_101035,Pod,approved-generated,Pete Steward,2026-08-05,data/livestock-staging/approved_ingredient_harmonization_rules.csv,Generated from approved rule under recorded guard; legacy material identity preserved.,COMPONENT-POD
AOM_001759,aom:processingMethod,AOM_101071,Drying,approved-generated,Pete Steward,2026-08-05,data/livestock-staging/approved_ingredient_harmonization_rules.csv,Generated from approved rule under recorded guard; legacy material identity preserved.,PROCESS-DRIED
AOM_001762,aom:processingMethod,AOM_101071,Drying,approved-generated,Pete Steward,2026-08-05,data/livestock-staging/approved_ingredient_harmonization_rules.csv,Generated from approved rule under recorded guard; legacy material identity preserved.,PROCESS-DRIED
AOM_001764,aom:ingredientPart,AOM_101033,Leaf,approved-generated,Pete Steward,2026-08-05,data/livestock-staging/approved_ingredient_harmonization_rules.csv,Generated from approved rule under recorded guard; legacy material identity preserved.,COMPONENT-LEAF
AOM_001765,aom:ingredientPart,AOM_101033,Leaf,approved-generated,Pete Steward,2026-08-05,data/livestock-staging/approved_ingredient_harmonization_rules.csv,Generated from approved rule under recorded guard; legacy material identity preserved.,COMPONENT-LEAF
AOM_001765,aom:processingMethod,AOM_101071,Drying,approved-generated,Pete Steward,2026-08-05,data/livestock-staging/approved_ingredient_harmonization_rules.csv,Generated from approved rule under recorded guard; legacy material identity preserved.,PROCESS-DRIED
AOM_001765,aom:processingMethod,AOM_101095,Grinding,approved-generated,Pete Steward,2026-08-05,data/livestock-staging/approved_ingredient_harmonization_rules.csv,Generated from approved rule under recorded guard; legacy material identity preserved.,PROCESS-GROUND
AOM_001767,aom:ingredientPart,AOM_101033,Leaf,approved-generated,Pete Steward,2026-08-05,data/livestock-staging/approved_ingredient_harmonization_rules.csv,Generated from approved rule under recorded guard; legacy material identity preserved.,COMPONENT-LEAF
AOM_001768,aom:ingredientPart,AOM_101033,Leaf,approved-generated,Pete Steward,2026-08-05,data/livestock-staging/approved_ingredient_harmonization_rules.csv,Generated from approved rule under recorded guard; legacy material identity preserved.,COMPONENT-LEAF
AOM_001768,aom:processingMethod,AOM_101071,Drying,approved-generated,Pete Steward,2026-08-05,data/livestock-staging/approved_ingredient_harmonization_rules.csv,Generated from approved rule under recorded guard; legacy material identity preserved.,PROCESS-DRIED
AOM_001768,aom:processingMethod,AOM_101095,Grinding,approved-generated,Pete Steward,2026-08-05,data/livestock-staging/approved_ingredient_harmonization_rules.csv,Generated from approved rule under recorded guard; legacy material identity preserved.,PROCESS-GROUND
AOM_001769,aom:ingredientPart,AOM_101033,Leaf,approved-generated,Pete Steward,2026-08-05,data/livestock-staging/approved_ingredient_harmonization_rules.csv,Generated from approved rule under recorded guard; legacy material identity preserved.,COMPONENT-LEAF
AOM_001770,aom:ingredientPart,AOM_101033,Leaf,approved-generated,Pete Steward,2026-08-05,data/livestock-staging/approved_ingredient_harmonization_rules.csv,Generated from approved rule under recorded guard; legacy material identity preserved.,COMPONENT-LEAF
AOM_001770,aom:processingMethod,AOM_101071,Drying,approved-generated,Pete Steward,2026-08-05,data/livestock-staging/approved_ingredient_harmonization_rules.csv,Generated from approved rule under recorded guard; legacy material identity preserved.,PROCESS-DRIED
AOM_001772,aom:ingredientPart,AOM_101104,Bran,approved-generated,Pete Steward,2026-08-05,data/livestock-staging/approved_ingredient_harmonization_rules.csv,Generated from approved rule under recorded guard; legacy material identity preserved.,COMPONENT-BRAN
AOM_001774,aom:processingMethod,AOM_101071,Drying,approved-generated,Pete Steward,2026-08-05,data/livestock-staging/approved_ingredient_harmonization_rules.csv,Generated from approved rule under recorded guard; legacy material identity preserved.,PROCESS-DRIED
AOM_001774,aom:processingMethod,AOM_101095,Grinding,approved-generated,Pete Steward,2026-08-05,data/livestock-staging/approved_ingredient_harmonization_rules.csv,Generated from approved rule under recorded guard; legacy material identity preserved.,PROCESS-GROUND
AOM_001775,aom:processingMethod,AOM_101071,Drying,approved-generated,Pete Steward,2026-08-05,data/livestock-staging/approved_ingredient_harmonization_rules.csv,Generated from approved rule under recorded guard; legacy material identity preserved.,PROCESS-DRIED
AOM_001776,aom:processingMethod,AOM_101094,Fermentation,approved-generated,Pete Steward,2026-08-05,data/livestock-staging/approved_ingredient_harmonization_rules.csv,Generated from approved rule under recorded guard; legacy material identity preserved.,PROCESS-FERMENTED
AOM_001779,aom:processingMethod,AOM_101095,Grinding,approved-generated,Pete Steward,2026-08-05,data/livestock-staging/approved_ingredient_harmonization_rules.csv,Generated from approved rule under recorded guard; legacy material identity preserved.,PROCESS-GROUND
AOM_001781,aom:ingredientPart,AOM_101033,Leaf,approved-generated,Pete Steward,2026-08-05,data/livestock-staging/approved_ingredient_harmonization_rules.csv,Generated from approved rule under recorded guard; legacy material identity preserved.,COMPONENT-LEAF
AOM_001782,aom:ingredientPart,AOM_101033,Leaf,approved-generated,Pete Steward,2026-08-05,data/livestock-staging/approved_ingredient_harmonization_rules.csv,Generated from approved rule under recorded guard; legacy material identity preserved.,COMPONENT-LEAF
AOM_001782,aom:processingMethod,AOM_101071,Drying,approved-generated,Pete Steward,2026-08-05,data/livestock-staging/approved_ingredient_harmonization_rules.csv,Generated from approved rule under recorded guard; legacy material identity preserved.,PROCESS-DRIED
AOM_001782,aom:processingMethod,AOM_101095,Grinding,approved-generated,Pete Steward,2026-08-05,data/livestock-staging/approved_ingredient_harmonization_rules.csv,Generated from approved rule under recorded guard; legacy material identity preserved.,PROCESS-GROUND
AOM_001784,aom:processingMethod,AOM_101102,Wilting,approved-generated,Pete Steward,2026-08-05,data/livestock-staging/approved_ingredient_harmonization_rules.csv,Generated from approved rule under recorded guard; legacy material identity preserved.,PROCESS-WILTED
AOM_001787,aom:processingMethod,AOM_101071,Drying,approved-generated,Pete Steward,2026-08-05,data/livestock-staging/approved_ingredient_harmonization_rules.csv,Generated from approved rule under recorded guard; legacy material identity preserved.,PROCESS-DRIED
AOM_001790,aom:ingredientPart,AOM_101038,Seed,approved-generated,Pete Steward,2026-08-05,data/livestock-staging/approved_ingredient_harmonization_rules.csv,Generated from approved rule under recorded guard; legacy material identity preserved.,COMPONENT-SEED
AOM_001792,aom:processingMethod,AOM_101071,Drying,approved-generated,Pete Steward,2026-08-05,data/livestock-staging/approved_ingredient_harmonization_rules.csv,Generated from approved rule under recorded guard; legacy material identity preserved.,PROCESS-DRIED
AOM_001794,aom:processingMethod,AOM_101071,Drying,approved-generated,Pete Steward,2026-08-05,data/livestock-staging/approved_ingredient_harmonization_rules.csv,Generated from approved rule under recorded guard; legacy material identity preserved.,PROCESS-DRIED
AOM_001796,aom:processingMethod,AOM_101102,Wilting,approved-generated,Pete Steward,2026-08-05,data/livestock-staging/approved_ingredient_harmonization_rules.csv,Generated from approved rule under recorded guard; legacy material identity preserved.,PROCESS-WILTED
AOM_001798,aom:processingMethod,AOM_101102,Wilting,approved-generated,Pete Steward,2026-08-05,data/livestock-staging/approved_ingredient_harmonization_rules.csv,Generated from approved rule under recorded guard; legacy material identity preserved.,PROCESS-WILTED
AOM_001799,aom:processingMethod,AOM_101095,Grinding,approved-generated,Pete Steward,2026-08-05,data/livestock-staging/approved_ingredient_harmonization_rules.csv,Generated from approved rule under recorded guard; legacy material identity preserved.,PROCESS-GROUND
AOM_001800,aom:ingredientPart,AOM_101033,Leaf,approved-generated,Pete Steward,2026-08-05,data/livestock-staging/approved_ingredient_harmonization_rules.csv,Generated from approved rule under recorded guard; legacy material identity preserved.,COMPONENT-LEAF
AOM_001801,aom:ingredientPart,AOM_101033,Leaf,approved-generated,Pete Steward,2026-08-05,data/livestock-staging/approved_ingredient_harmonization_rules.csv,Generated from approved rule under recorded guard; legacy material identity preserved.,COMPONENT-LEAF
AOM_001801,aom:processingMethod,AOM_101071,Drying,approved-generated,Pete Steward,2026-08-05,data/livestock-staging/approved_ingredient_harmonization_rules.csv,Generated from approved rule under recorded guard; legacy material identity preserved.,PROCESS-DRIED
AOM_001803,aom:ingredientPart,AOM_101034,Peel,approved-generated,Pete Steward,2026-08-05,data/livestock-staging/approved_ingredient_harmonization_rules.csv,Generated from approved rule under recorded guard; legacy material identity preserved.,COMPONENT-PEEL
AOM_001803,aom:processingMethod,AOM_101071,Drying,approved-generated,Pete Steward,2026-08-05,data/livestock-staging/approved_ingredient_harmonization_rules.csv,Generated from approved rule under recorded guard; legacy material identity preserved.,PROCESS-DRIED
AOM_001803,aom:processingMethod,AOM_101095,Grinding,approved-generated,Pete Steward,2026-08-05,data/livestock-staging/approved_ingredient_harmonization_rules.csv,Generated from approved rule under recorded guard; legacy material identity preserved.,PROCESS-GROUND
AOM_001804,aom:ingredientPart,AOM_101033,Leaf,approved-generated,Pete Steward,2026-08-05,data/livestock-staging/approved_ingredient_harmonization_rules.csv,Generated from approved rule under recorded guard; legacy material identity preserved.,COMPONENT-LEAF
AOM_001804,aom:processingMethod,AOM_101071,Drying,approved-generated,Pete Steward,2026-08-05,data/livestock-staging/approved_ingredient_harmonization_rules.csv,Generated from approved rule under recorded guard; legacy material identity preserved.,PROCESS-DRIED
AOM_001804,aom:processingMethod,AOM_101095,Grinding,approved-generated,Pete Steward,2026-08-05,data/livestock-staging/approved_ingredient_harmonization_rules.csv,Generated from approved rule under recorded guard; legacy material identity preserved.,PROCESS-GROUND
AOM_001806,aom:ingredientPart,AOM_101104,Bran,approved-generated,Pete Steward,2026-08-05,data/livestock-staging/approved_ingredient_harmonization_rules.csv,Generated from approved rule under recorded guard; legacy material identity preserved.,COMPONENT-BRAN
AOM_001807,aom:processingMethod,AOM_000831,Ensiling,approved-generated,Pete Steward,2026-08-05,data/livestock-staging/approved_ingredient_harmonization_rules.csv,Generated from approved rule under recorded guard; legacy material identity preserved.,PROCESS-ENSILED
AOM_001809,aom:processingMethod,AOM_101071,Drying,approved-generated,Pete Steward,2026-08-05,data/livestock-staging/approved_ingredient_harmonization_rules.csv,Generated from approved rule under recorded guard; legacy material identity preserved.,PROCESS-DRIED
AOM_001813,aom:ingredientPart,AOM_101074,Grain,approved-generated,Pete Steward,2026-08-05,data/livestock-staging/approved_ingredient_harmonization_rules.csv,Generated from approved rule under recorded guard; legacy material identity preserved.,COMPONENT-GRAIN
AOM_001814,aom:ingredientPart,AOM_101074,Grain,approved-generated,Pete Steward,2026-08-05,data/livestock-staging/approved_ingredient_harmonization_rules.csv,Generated from approved rule under recorded guard; legacy material identity preserved.,COMPONENT-GRAIN
AOM_001814,aom:processingMethod,AOM_101071,Drying,approved-generated,Pete Steward,2026-08-05,data/livestock-staging/approved_ingredient_harmonization_rules.csv,Generated from approved rule under recorded guard; legacy material identity preserved.,PROCESS-DRIED
AOM_001816,aom:processingMethod,AOM_101071,Drying,approved-generated,Pete Steward,2026-08-05,data/livestock-staging/approved_ingredient_harmonization_rules.csv,Generated from approved rule under recorded guard; legacy material identity preserved.,PROCESS-DRIED
AOM_001816,aom:processingMethod,AOM_101095,Grinding,approved-generated,Pete Steward,2026-08-05,data/livestock-staging/approved_ingredient_harmonization_rules.csv,Generated from approved rule under recorded guard; legacy material identity preserved.,PROCESS-GROUND
AOM_001819,aom:ingredientPart,AOM_101033,Leaf,approved-generated,Pete Steward,2026-08-05,data/livestock-staging/approved_ingredient_harmonization_rules.csv,Generated from approved rule under recorded guard; legacy material identity preserved.,COMPONENT-LEAF
AOM_001822,aom:ingredientPart,AOM_101033,Leaf,approved-generated,Pete Steward,2026-08-05,data/livestock-staging/approved_ingredient_harmonization_rules.csv,Generated from approved rule under recorded guard; legacy material identity preserved.,COMPONENT-LEAF
AOM_001823,aom:ingredientPart,AOM_101033,Leaf,approved-generated,Pete Steward,2026-08-05,data/livestock-staging/approved_ingredient_harmonization_rules.csv,Generated from approved rule under recorded guard; legacy material identity preserved.,COMPONENT-LEAF
AOM_001823,aom:processingMethod,AOM_101071,Drying,approved-generated,Pete Steward,2026-08-05,data/livestock-staging/approved_ingredient_harmonization_rules.csv,Generated from approved rule under recorded guard; legacy material identity preserved.,PROCESS-DRIED
AOM_001829,aom:processingMethod,AOM_101095,Grinding,approved-generated,Pete Steward,2026-08-05,data/livestock-staging/approved_ingredient_harmonization_rules.csv,Generated from approved rule under recorded guard; legacy material identity preserved.,PROCESS-GROUND
AOM_001830,aom:processingMethod,AOM_101071,Drying,approved-generated,Pete Steward,2026-08-05,data/livestock-staging/approved_ingredient_harmonization_rules.csv,Generated from approved rule under recorded guard; legacy material identity preserved.,PROCESS-DRIED
AOM_001830,aom:processingMethod,AOM_101095,Grinding,approved-generated,Pete Steward,2026-08-05,data/livestock-staging/approved_ingredient_harmonization_rules.csv,Generated from approved rule under recorded guard; legacy material identity preserved.,PROCESS-GROUND
AOM_001835,aom:ingredientPart,AOM_101106,Straw,approved-generated,Pete Steward,2026-08-05,data/livestock-staging/approved_ingredient_harmonization_rules.csv,Generated from approved rule under recorded guard; legacy material identity preserved.,COMPONENT-STRAW
AOM_001840,aom:ingredientPart,AOM_101043,Tuber,approved-generated,Pete Steward,2026-08-05,data/livestock-staging/approved_ingredient_harmonization_rules.csv,Generated from approved rule under recorded guard; legacy material identity preserved.,COMPONENT-TUBER
AOM_001841,aom:processingMethod,AOM_101095,Grinding,approved-generated,Pete Steward,2026-08-05,data/livestock-staging/approved_ingredient_harmonization_rules.csv,Generated from approved rule under recorded guard; legacy material identity preserved.,PROCESS-GROUND
AOM_001843,aom:processingMethod,AOM_101071,Drying,approved-generated,Pete Steward,2026-08-05,data/livestock-staging/approved_ingredient_harmonization_rules.csv,Generated from approved rule under recorded guard; legacy material identity preserved.,PROCESS-DRIED
AOM_001843,aom:processingMethod,AOM_101102,Wilting,approved-generated,Pete Steward,2026-08-05,data/livestock-staging/approved_ingredient_harmonization_rules.csv,Generated from approved rule under recorded guard; legacy material identity preserved.,PROCESS-WILTED
AOM_001844,aom:ingredientPart,AOM_101104,Bran,approved-generated,Pete Steward,2026-08-05,data/livestock-staging/approved_ingredient_harmonization_rules.csv,Generated from approved rule under recorded guard; legacy material identity preserved.,COMPONENT-BRAN
AOM_001844,aom:processingMethod,AOM_101095,Grinding,approved-generated,Pete Steward,2026-08-05,data/livestock-staging/approved_ingredient_harmonization_rules.csv,Generated from approved rule under recorded guard; legacy material identity preserved.,PROCESS-GROUND
AOM_001849,aom:processingMethod,AOM_101071,Drying,approved-generated,Pete Steward,2026-08-05,data/livestock-staging/approved_ingredient_harmonization_rules.csv,Generated from approved rule under recorded guard; legacy material identity preserved.,PROCESS-DRIED
AOM_001849,aom:processingMethod,AOM_101095,Grinding,approved-generated,Pete Steward,2026-08-05,data/livestock-staging/approved_ingredient_harmonization_rules.csv,Generated from approved rule under recorded guard; legacy material identity preserved.,PROCESS-GROUND
AOM_001852,aom:processingMethod,AOM_101071,Drying,approved-generated,Pete Steward,2026-08-05,data/livestock-staging/approved_ingredient_harmonization_rules.csv,Generated from approved rule under recorded guard; legacy material identity preserved.,PROCESS-DRIED
AOM_001852,aom:processingMethod,AOM_101095,Grinding,approved-generated,Pete Steward,2026-08-05,data/livestock-staging/approved_ingredient_harmonization_rules.csv,Generated from approved rule under recorded guard; legacy material identity preserved.,PROCESS-GROUND
AOM_001857,aom:processingMethod,AOM_101071,Drying,approved-generated,Pete Steward,2026-08-05,data/livestock-staging/approved_ingredient_harmonization_rules.csv,Generated from approved rule under recorded guard; legacy material identity preserved.,PROCESS-DRIED
AOM_001858,aom:ingredientPart,AOM_101033,Leaf,approved-generated,Pete Steward,2026-08-05,data/livestock-staging/approved_ingredient_harmonization_rules.csv,Generated from approved rule under recorded guard; legacy material identity preserved.,COMPONENT-LEAF
AOM_001859,aom:processingMethod,AOM_101071,Drying,approved-generated,Pete Steward,2026-08-05,data/livestock-staging/approved_ingredient_harmonization_rules.csv,Generated from approved rule under recorded guard; legacy material identity preserved.,PROCESS-DRIED
AOM_001861,aom:ingredientPart,AOM_101033,Leaf,approved-generated,Pete Steward,2026-08-05,data/livestock-staging/approved_ingredient_harmonization_rules.csv,Generated from approved rule under recorded guard; legacy material identity preserved.,COMPONENT-LEAF
AOM_001862,aom:ingredientPart,AOM_101033,Leaf,approved-generated,Pete Steward,2026-08-05,data/livestock-staging/approved_ingredient_harmonization_rules.csv,Generated from approved rule under recorded guard; legacy material identity preserved.,COMPONENT-LEAF
AOM_001862,aom:processingMethod,AOM_101071,Drying,approved-generated,Pete Steward,2026-08-05,data/livestock-staging/approved_ingredient_harmonization_rules.csv,Generated from approved rule under recorded guard; legacy material identity preserved.,PROCESS-DRIED
AOM_001863,aom:ingredientPart,AOM_101033,Leaf,approved-generated,Pete Steward,2026-08-05,data/livestock-staging/approved_ingredient_harmonization_rules.csv,Generated from approved rule under recorded guard; legacy material identity preserved.,COMPONENT-LEAF
AOM_001863,aom:processingMethod,AOM_101095,Grinding,approved-generated,Pete Steward,2026-08-05,data/livestock-staging/approved_ingredient_harmonization_rules.csv,Generated from approved rule under recorded guard; legacy material identity preserved.,PROCESS-GROUND
AOM_001878,aom:processingMethod,AOM_101095,Grinding,approved-generated,Pete Steward,2026-08-05,data/livestock-staging/approved_ingredient_harmonization_rules.csv,Generated from approved rule under recorded guard; legacy material identity preserved.,PROCESS-GROUND
AOM_001881,aom:processingMethod,AOM_101095,Grinding,approved-generated,Pete Steward,2026-08-05,data/livestock-staging/approved_ingredient_harmonization_rules.csv,Generated from approved rule under recorded guard; legacy material identity preserved.,PROCESS-GROUND
AOM_001883,aom:ingredientPart,AOM_101104,Bran,approved-generated,Pete Steward,2026-08-05,data/livestock-staging/approved_ingredient_harmonization_rules.csv,Generated from approved rule under recorded guard; legacy material identity preserved.,COMPONENT-BRAN
AOM_001883,aom:processingMethod,AOM_101095,Grinding,approved-generated,Pete Steward,2026-08-05,data/livestock-staging/approved_ingredient_harmonization_rules.csv,Generated from approved rule under recorded guard; legacy material identity preserved.,PROCESS-GROUND
AOM_001885,aom:ingredientPart,AOM_101106,Straw,approved-generated,Pete Steward,2026-08-05,data/livestock-staging/approved_ingredient_harmonization_rules.csv,Generated from approved rule under recorded guard; legacy material identity preserved.,COMPONENT-STRAW
AOM_001885,aom:processingMethod,AOM_000831,Ensiling,approved-generated,Pete Steward,2026-08-05,data/livestock-staging/approved_ingredient_harmonization_rules.csv,Generated from approved rule under recorded guard; legacy material identity preserved.,PROCESS-ENSILED
AOM_001885,aom:processingMethod,AOM_101101,Urea treatment,approved-generated,Pete Steward,2026-08-05,data/livestock-staging/approved_ingredient_harmonization_rules.csv,Generated from approved rule under recorded guard; legacy material identity preserved.,PROCESS-UREA_TREATED
AOM_001887,aom:ingredientPart,AOM_101106,Straw,approved-generated,Pete Steward,2026-08-05,data/livestock-staging/approved_ingredient_harmonization_rules.csv,Generated from approved rule under recorded guard; legacy material identity preserved.,COMPONENT-STRAW
AOM_001888,aom:ingredientPart,AOM_101032,Kernel,approved-generated,Pete Steward,2026-08-05,data/livestock-staging/approved_ingredient_harmonization_rules.csv,Generated from approved rule under recorded guard; legacy material identity preserved.,COMPONENT-KERNEL
AOM_001888,aom:ingredientPart,AOM_101038,Seed,approved-generated,Pete Steward,2026-08-05,data/livestock-staging/approved_ingredient_harmonization_rules.csv,Generated from approved rule under recorded guard; legacy material identity preserved.,COMPONENT-SEED
AOM_001888,aom:processingMethod,AOM_101095,Grinding,approved-generated,Pete Steward,2026-08-05,data/livestock-staging/approved_ingredient_harmonization_rules.csv,Generated from approved rule under recorded guard; legacy material identity preserved.,PROCESS-GROUND
AOM_001890,aom:ingredientPart,AOM_101106,Straw,approved-generated,Pete Steward,2026-08-05,data/livestock-staging/approved_ingredient_harmonization_rules.csv,Generated from approved rule under recorded guard; legacy material identity preserved.,COMPONENT-STRAW
AOM_001893,aom:ingredientPart,AOM_101038,Seed,approved-generated,Pete Steward,2026-08-05,data/livestock-staging/approved_ingredient_harmonization_rules.csv,Generated from approved rule under recorded guard; legacy material identity preserved.,COMPONENT-SEED
AOM_001894,aom:ingredientPart,AOM_101038,Seed,approved-generated,Pete Steward,2026-08-05,data/livestock-staging/approved_ingredient_harmonization_rules.csv,Generated from approved rule under recorded guard; legacy material identity preserved.,COMPONENT-SEED
AOM_001894,aom:processingMethod,AOM_101095,Grinding,approved-generated,Pete Steward,2026-08-05,data/livestock-staging/approved_ingredient_harmonization_rules.csv,Generated from approved rule under recorded guard; legacy material identity preserved.,PROCESS-GROUND
AOM_001896,aom:ingredientPart,AOM_101074,Grain,approved-generated,Pete Steward,2026-08-05,data/livestock-staging/approved_ingredient_harmonization_rules.csv,Generated from approved rule under recorded guard; legacy material identity preserved.,COMPONENT-GRAIN
AOM_001902,aom:ingredientPart,AOM_101033,Leaf,approved-generated,Pete Steward,2026-08-05,data/livestock-staging/approved_ingredient_harmonization_rules.csv,Generated from approved rule under recorded guard; legacy material identity preserved.,COMPONENT-LEAF
AOM_001902,aom:processingMethod,AOM_101071,Drying,approved-generated,Pete Steward,2026-08-05,data/livestock-staging/approved_ingredient_harmonization_rules.csv,Generated from approved rule under recorded guard; legacy material identity preserved.,PROCESS-DRIED
AOM_001906,aom:ingredientPart,AOM_101074,Grain,approved-generated,Pete Steward,2026-08-05,data/livestock-staging/approved_ingredient_harmonization_rules.csv,Generated from approved rule under recorded guard; legacy material identity preserved.,COMPONENT-GRAIN
AOM_001906,aom:processingMethod,AOM_101098,Roasting,approved-generated,Pete Steward,2026-08-05,data/livestock-staging/approved_ingredient_harmonization_rules.csv,Generated from approved rule under recorded guard; legacy material identity preserved.,PROCESS-ROASTED
AOM_001907,aom:ingredientPart,AOM_101074,Grain,approved-generated,Pete Steward,2026-08-05,data/livestock-staging/approved_ingredient_harmonization_rules.csv,Generated from approved rule under recorded guard; legacy material identity preserved.,COMPONENT-GRAIN
AOM_001907,aom:processingMethod,AOM_101071,Drying,approved-generated,Pete Steward,2026-08-05,data/livestock-staging/approved_ingredient_harmonization_rules.csv,Generated from approved rule under recorded guard; legacy material identity preserved.,PROCESS-DRIED
AOM_001909,aom:ingredientPart,AOM_101038,Seed,approved-generated,Pete Steward,2026-08-05,data/livestock-staging/approved_ingredient_harmonization_rules.csv,Generated from approved rule under recorded guard; legacy material identity preserved.,COMPONENT-SEED
AOM_001909,aom:processingMethod,AOM_101095,Grinding,approved-generated,Pete Steward,2026-08-05,data/livestock-staging/approved_ingredient_harmonization_rules.csv,Generated from approved rule under recorded guard; legacy material identity preserved.,PROCESS-GROUND
AOM_001910,aom:processingMethod,AOM_101071,Drying,approved-generated,Pete Steward,2026-08-05,data/livestock-staging/approved_ingredient_harmonization_rules.csv,Generated from approved rule under recorded guard; legacy material identity preserved.,PROCESS-DRIED
AOM_001910,aom:processingMethod,AOM_101095,Grinding,approved-generated,Pete Steward,2026-08-05,data/livestock-staging/approved_ingredient_harmonization_rules.csv,Generated from approved rule under recorded guard; legacy material identity preserved.,PROCESS-GROUND
AOM_001911,aom:processingMethod,AOM_101071,Drying,approved-generated,Pete Steward,2026-08-05,data/livestock-staging/approved_ingredient_harmonization_rules.csv,Generated from approved rule under recorded guard; legacy material identity preserved.,PROCESS-DRIED
AOM_001913,aom:ingredientPart,AOM_101033,Leaf,approved-generated,Pete Steward,2026-08-05,data/livestock-staging/approved_ingredient_harmonization_rules.csv,Generated from approved rule under recorded guard; legacy material identity preserved.,COMPONENT-LEAF
AOM_001913,aom:processingMethod,AOM_101071,Drying,approved-generated,Pete Steward,2026-08-05,data/livestock-staging/approved_ingredient_harmonization_rules.csv,Generated from approved rule under recorded guard; legacy material identity preserved.,PROCESS-DRIED
AOM_001913,aom:processingMethod,AOM_101095,Grinding,approved-generated,Pete Steward,2026-08-05,data/livestock-staging/approved_ingredient_harmonization_rules.csv,Generated from approved rule under recorded guard; legacy material identity preserved.,PROCESS-GROUND
AOM_001915,aom:processingMethod,AOM_000831,Ensiling,approved-generated,Pete Steward,2026-08-05,data/livestock-staging/approved_ingredient_harmonization_rules.csv,Generated from approved rule under recorded guard; legacy material identity preserved.,PROCESS-ENSILED
AOM_001918,aom:processingMethod,AOM_101071,Drying,approved-generated,Pete Steward,2026-08-05,data/livestock-staging/approved_ingredient_harmonization_rules.csv,Generated from approved rule under recorded guard; legacy material identity preserved.,PROCESS-DRIED
AOM_001919,aom:ingredientPart,AOM_101033,Leaf,approved-generated,Pete Steward,2026-08-05,data/livestock-staging/approved_ingredient_harmonization_rules.csv,Generated from approved rule under recorded guard; legacy material identity preserved.,COMPONENT-LEAF
AOM_001919,aom:processingMethod,AOM_101071,Drying,approved-generated,Pete Steward,2026-08-05,data/livestock-staging/approved_ingredient_harmonization_rules.csv,Generated from approved rule under recorded guard; legacy material identity preserved.,PROCESS-DRIED
AOM_001924,aom:processingMethod,AOM_101095,Grinding,approved-generated,Pete Steward,2026-08-05,data/livestock-staging/approved_ingredient_harmonization_rules.csv,Generated from approved rule under recorded guard; legacy material identity preserved.,PROCESS-GROUND
AOM_001925,aom:processingMethod,AOM_101071,Drying,approved-generated,Pete Steward,2026-08-05,data/livestock-staging/approved_ingredient_harmonization_rules.csv,Generated from approved rule under recorded guard; legacy material identity preserved.,PROCESS-DRIED
AOM_001925,aom:processingMethod,AOM_101089,Boiling,approved-generated,Pete Steward,2026-08-05,data/livestock-staging/approved_ingredient_harmonization_rules.csv,Generated from approved rule under recorded guard; legacy material identity preserved.,PROCESS-BOILED
AOM_001925,aom:processingMethod,AOM_101095,Grinding,approved-generated,Pete Steward,2026-08-05,data/livestock-staging/approved_ingredient_harmonization_rules.csv,Generated from approved rule under recorded guard; legacy material identity preserved.,PROCESS-GROUND
AOM_001926,aom:processingMethod,AOM_101095,Grinding,approved-generated,Pete Steward,2026-08-05,data/livestock-staging/approved_ingredient_harmonization_rules.csv,Generated from approved rule under recorded guard; legacy material identity preserved.,PROCESS-GROUND
AOM_001928,aom:processingMethod,AOM_000831,Ensiling,approved-generated,Pete Steward,2026-08-05,data/livestock-staging/approved_ingredient_harmonization_rules.csv,Generated from approved rule under recorded guard; legacy material identity preserved.,PROCESS-ENSILED
AOM_001929,aom:processingMethod,AOM_101095,Grinding,approved-generated,Pete Steward,2026-08-05,data/livestock-staging/approved_ingredient_harmonization_rules.csv,Generated from approved rule under recorded guard; legacy material identity preserved.,PROCESS-GROUND
AOM_001931,aom:processingMethod,AOM_101095,Grinding,approved-generated,Pete Steward,2026-08-05,data/livestock-staging/approved_ingredient_harmonization_rules.csv,Generated from approved rule under recorded guard; legacy material identity preserved.,PROCESS-GROUND
AOM_001932,aom:processingMethod,AOM_101071,Drying,approved-generated,Pete Steward,2026-08-05,data/livestock-staging/approved_ingredient_harmonization_rules.csv,Generated from approved rule under recorded guard; legacy material identity preserved.,PROCESS-DRIED
AOM_001932,aom:processingMethod,AOM_101095,Grinding,approved-generated,Pete Steward,2026-08-05,data/livestock-staging/approved_ingredient_harmonization_rules.csv,Generated from approved rule under recorded guard; legacy material identity preserved.,PROCESS-GROUND
AOM_001933,aom:processingMethod,AOM_101071,Drying,approved-generated,Pete Steward,2026-08-05,data/livestock-staging/approved_ingredient_harmonization_rules.csv,Generated from approved rule under recorded guard; legacy material identity preserved.,PROCESS-DRIED
AOM_001933,aom:processingMethod,AOM_101095,Grinding,approved-generated,Pete Steward,2026-08-05,data/livestock-staging/approved_ingredient_harmonization_rules.csv,Generated from approved rule under recorded guard; legacy material identity preserved.,PROCESS-GROUND
AOM_001934,aom:processingMethod,AOM_101071,Drying,approved-generated,Pete Steward,2026-08-05,data/livestock-staging/approved_ingredient_harmonization_rules.csv,Generated from approved rule under recorded guard; legacy material identity preserved.,PROCESS-DRIED
AOM_001934,aom:processingMethod,AOM_101095,Grinding,approved-generated,Pete Steward,2026-08-05,data/livestock-staging/approved_ingredient_harmonization_rules.csv,Generated from approved rule under recorded guard; legacy material identity preserved.,PROCESS-GROUND
AOM_001937,aom:processingMethod,AOM_101071,Drying,approved-generated,Pete Steward,2026-08-05,data/livestock-staging/approved_ingredient_harmonization_rules.csv,Generated from approved rule under recorded guard; legacy material identity preserved.,PROCESS-DRIED
AOM_001937,aom:processingMethod,AOM_101089,Boiling,approved-generated,Pete Steward,2026-08-05,data/livestock-staging/approved_ingredient_harmonization_rules.csv,Generated from approved rule under recorded guard; legacy material identity preserved.,PROCESS-BOILED
AOM_001937,aom:processingMethod,AOM_101095,Grinding,approved-generated,Pete Steward,2026-08-05,data/livestock-staging/approved_ingredient_harmonization_rules.csv,Generated from approved rule under recorded guard; legacy material identity preserved.,PROCESS-GROUND
AOM_001938,aom:processingMethod,AOM_101071,Drying,approved-generated,Pete Steward,2026-08-05,data/livestock-staging/approved_ingredient_harmonization_rules.csv,Generated from approved rule under recorded guard; legacy material identity preserved.,PROCESS-DRIED
AOM_001938,aom:processingMethod,AOM_101095,Grinding,approved-generated,Pete Steward,2026-08-05,data/livestock-staging/approved_ingredient_harmonization_rules.csv,Generated from approved rule under recorded guard; legacy material identity preserved.,PROCESS-GROUND
AOM_001939,aom:processingMethod,AOM_101071,Drying,approved-generated,Pete Steward,2026-08-05,data/livestock-staging/approved_ingredient_harmonization_rules.csv,Generated from approved rule under recorded guard; legacy material identity preserved.,PROCESS-DRIED
AOM_001939,aom:processingMethod,AOM_101095,Grinding,approved-generated,Pete Steward,2026-08-05,data/livestock-staging/approved_ingredient_harmonization_rules.csv,Generated from approved rule under recorded guard; legacy material identity preserved.,PROCESS-GROUND
AOM_001940,aom:processingMethod,AOM_101071,Drying,approved-generated,Pete Steward,2026-08-05,data/livestock-staging/approved_ingredient_harmonization_rules.csv,Generated from approved rule under recorded guard; legacy material identity preserved.,PROCESS-DRIED
AOM_001940,aom:processingMethod,AOM_101095,Grinding,approved-generated,Pete Steward,2026-08-05,data/livestock-staging/approved_ingredient_harmonization_rules.csv,Generated from approved rule under recorded guard; legacy material identity preserved.,PROCESS-GROUND
AOM_001941,aom:processingMethod,AOM_101071,Drying,approved-generated,Pete Steward,2026-08-05,data/livestock-staging/approved_ingredient_harmonization_rules.csv,Generated from approved rule under recorded guard; legacy material identity preserved.,PROCESS-DRIED
AOM_001941,aom:processingMethod,AOM_101095,Grinding,approved-generated,Pete Steward,2026-08-05,data/livestock-staging/approved_ingredient_harmonization_rules.csv,Generated from approved rule under recorded guard; legacy material identity preserved.,PROCESS-GROUND
AOM_001942,aom:ingredientPart,AOM_101031,Husk,approved-generated,Pete Steward,2026-08-05,data/livestock-staging/approved_ingredient_harmonization_rules.csv,Generated from approved rule under recorded guard; legacy material identity preserved.,COMPONENT-HUSK
AOM_001942,aom:processingMethod,AOM_101071,Drying,approved-generated,Pete Steward,2026-08-05,data/livestock-staging/approved_ingredient_harmonization_rules.csv,Generated from approved rule under recorded guard; legacy material identity preserved.,PROCESS-DRIED
AOM_001942,aom:processingMethod,AOM_101095,Grinding,approved-generated,Pete Steward,2026-08-05,data/livestock-staging/approved_ingredient_harmonization_rules.csv,Generated from approved rule under recorded guard; legacy material identity preserved.,PROCESS-GROUND
AOM_001943,aom:ingredientPart,AOM_101026,Cob,approved-generated,Pete Steward,2026-08-05,data/livestock-staging/approved_ingredient_harmonization_rules.csv,Generated from approved rule under recorded guard; legacy material identity preserved.,COMPONENT-COB
AOM_001943,aom:processingMethod,AOM_000831,Ensiling,approved-generated,Pete Steward,2026-08-05,data/livestock-staging/approved_ingredient_harmonization_rules.csv,Generated from approved rule under recorded guard; legacy material identity preserved.,PROCESS-ENSILED
AOM_001944,aom:ingredientPart,AOM_101033,Leaf,approved-generated,Pete Steward,2026-08-05,data/livestock-staging/approved_ingredient_harmonization_rules.csv,Generated from approved rule under recorded guard; legacy material identity preserved.,COMPONENT-LEAF
AOM_001944,aom:processingMethod,AOM_101071,Drying,approved-generated,Pete Steward,2026-08-05,data/livestock-staging/approved_ingredient_harmonization_rules.csv,Generated from approved rule under recorded guard; legacy material identity preserved.,PROCESS-DRIED
AOM_001945,aom:ingredientPart,AOM_101074,Grain,approved-generated,Pete Steward,2026-08-05,data/livestock-staging/approved_ingredient_harmonization_rules.csv,Generated from approved rule under recorded guard; legacy material identity preserved.,COMPONENT-GRAIN
AOM_001945,aom:processingMethod,AOM_101071,Drying,approved-generated,Pete Steward,2026-08-05,data/livestock-staging/approved_ingredient_harmonization_rules.csv,Generated from approved rule under recorded guard; legacy material identity preserved.,PROCESS-DRIED
AOM_001946,aom:ingredientPart,AOM_101034,Peel,approved-generated,Pete Steward,2026-08-05,data/livestock-staging/approved_ingredient_harmonization_rules.csv,Generated from approved rule under recorded guard; legacy material identity preserved.,COMPONENT-PEEL
AOM_001946,aom:processingMethod,AOM_101071,Drying,approved-generated,Pete Steward,2026-08-05,data/livestock-staging/approved_ingredient_harmonization_rules.csv,Generated from approved rule under recorded guard; legacy material identity preserved.,PROCESS-DRIED
AOM_001946,aom:processingMethod,AOM_101095,Grinding,approved-generated,Pete Steward,2026-08-05,data/livestock-staging/approved_ingredient_harmonization_rules.csv,Generated from approved rule under recorded guard; legacy material identity preserved.,PROCESS-GROUND
AOM_001947,aom:processingMethod,AOM_101071,Drying,approved-generated,Pete Steward,2026-08-05,data/livestock-staging/approved_ingredient_harmonization_rules.csv,Generated from approved rule under recorded guard; legacy material identity preserved.,PROCESS-DRIED
AOM_001947,aom:processingMethod,AOM_101094,Fermentation,approved-generated,Pete Steward,2026-08-05,data/livestock-staging/approved_ingredient_harmonization_rules.csv,Generated from approved rule under recorded guard; legacy material identity preserved.,PROCESS-FERMENTED
AOM_001947,aom:processingMethod,AOM_101095,Grinding,approved-generated,Pete Steward,2026-08-05,data/livestock-staging/approved_ingredient_harmonization_rules.csv,Generated from approved rule under recorded guard; legacy material identity preserved.,PROCESS-GROUND
AOM_001948,aom:processingMethod,AOM_101071,Drying,approved-generated,Pete Steward,2026-08-05,data/livestock-staging/approved_ingredient_harmonization_rules.csv,Generated from approved rule under recorded guard; legacy material identity preserved.,PROCESS-DRIED
AOM_001949,aom:processingMethod,AOM_101069,Defatting,approved-generated,Pete Steward,2026-08-05,data/livestock-staging/approved_ingredient_harmonization_rules.csv,Generated from approved rule under recorded guard; legacy material identity preserved.,PROCESS-DEFATTED
AOM_001949,aom:processingMethod,AOM_101071,Drying,approved-generated,Pete Steward,2026-08-05,data/livestock-staging/approved_ingredient_harmonization_rules.csv,Generated from approved rule under recorded guard; legacy material identity preserved.,PROCESS-DRIED
AOM_001949,aom:processingMethod,AOM_101095,Grinding,approved-generated,Pete Steward,2026-08-05,data/livestock-staging/approved_ingredient_harmonization_rules.csv,Generated from approved rule under recorded guard; legacy material identity preserved.,PROCESS-GROUND
AOM_001951,aom:ingredientPart,AOM_101038,Seed,approved-generated,Pete Steward,2026-08-05,data/livestock-staging/approved_ingredient_harmonization_rules.csv,Generated from approved rule under recorded guard; legacy material identity preserved.,COMPONENT-SEED
AOM_001951,aom:processingMethod,AOM_101071,Drying,approved-generated,Pete Steward,2026-08-05,data/livestock-staging/approved_ingredient_harmonization_rules.csv,Generated from approved rule under recorded guard; legacy material identity preserved.,PROCESS-DRIED
AOM_001951,aom:processingMethod,AOM_101088,Autoclaving,approved-generated,Pete Steward,2026-08-05,data/livestock-staging/approved_ingredient_harmonization_rules.csv,Generated from approved rule under recorded guard; legacy material identity preserved.,PROCESS-AUTOCLAVED
AOM_001951,aom:processingMethod,AOM_101095,Grinding,approved-generated,Pete Steward,2026-08-05,data/livestock-staging/approved_ingredient_harmonization_rules.csv,Generated from approved rule under recorded guard; legacy material identity preserved.,PROCESS-GROUND
AOM_001952,aom:processingMethod,AOM_101071,Drying,approved-generated,Pete Steward,2026-08-05,data/livestock-staging/approved_ingredient_harmonization_rules.csv,Generated from approved rule under recorded guard; legacy material identity preserved.,PROCESS-DRIED
AOM_001953,aom:processingMethod,AOM_000831,Ensiling,approved-generated,Pete Steward,2026-08-05,data/livestock-staging/approved_ingredient_harmonization_rules.csv,Generated from approved rule under recorded guard; legacy material identity preserved.,PROCESS-ENSILED
AOM_001954,aom:ingredientPart,AOM_101107,Vine,approved-generated,Pete Steward,2026-08-05,data/livestock-staging/approved_ingredient_harmonization_rules.csv,Generated from approved rule under recorded guard; legacy material identity preserved.,COMPONENT-VINE
AOM_001954,aom:processingMethod,AOM_000831,Ensiling,approved-generated,Pete Steward,2026-08-05,data/livestock-staging/approved_ingredient_harmonization_rules.csv,Generated from approved rule under recorded guard; legacy material identity preserved.,PROCESS-ENSILED
AOM_001955,aom:processingMethod,AOM_101071,Drying,approved-generated,Pete Steward,2026-08-05,data/livestock-staging/approved_ingredient_harmonization_rules.csv,Generated from approved rule under recorded guard; legacy material identity preserved.,PROCESS-DRIED
AOM_001957,aom:processingMethod,AOM_101071,Drying,approved-generated,Pete Steward,2026-08-05,data/livestock-staging/approved_ingredient_harmonization_rules.csv,Generated from approved rule under recorded guard; legacy material identity preserved.,PROCESS-DRIED
AOM_001959,aom:ingredientPart,AOM_101074,Grain,approved-generated,Pete Steward,2026-08-05,data/livestock-staging/approved_ingredient_harmonization_rules.csv,Generated from approved rule under recorded guard; legacy material identity preserved.,COMPONENT-GRAIN
AOM_001959,aom:processingMethod,AOM_101071,Drying,approved-generated,Pete Steward,2026-08-05,data/livestock-staging/approved_ingredient_harmonization_rules.csv,Generated from approved rule under recorded guard; legacy material identity preserved.,PROCESS-DRIED
AOM_001959,aom:processingMethod,AOM_101102,Wilting,approved-generated,Pete Steward,2026-08-05,data/livestock-staging/approved_ingredient_harmonization_rules.csv,Generated from approved rule under recorded guard; legacy material identity preserved.,PROCESS-WILTED
AOM_001960,aom:processingMethod,AOM_101096,Heating,approved-generated,Pete Steward,2026-08-05,data/livestock-staging/approved_ingredient_harmonization_rules.csv,Generated from approved rule under recorded guard; legacy material identity preserved.,PROCESS-HEATED
AOM_001961,aom:processingMethod,AOM_101095,Grinding,approved-generated,Pete Steward,2026-08-05,data/livestock-staging/approved_ingredient_harmonization_rules.csv,Generated from approved rule under recorded guard; legacy material identity preserved.,PROCESS-GROUND
AOM_001962,aom:ingredientPart,AOM_101033,Leaf,approved-generated,Pete Steward,2026-08-05,data/livestock-staging/approved_ingredient_harmonization_rules.csv,Generated from approved rule under recorded guard; legacy material identity preserved.,COMPONENT-LEAF
AOM_001962,aom:processingMethod,AOM_101071,Drying,approved-generated,Pete Steward,2026-08-05,data/livestock-staging/approved_ingredient_harmonization_rules.csv,Generated from approved rule under recorded guard; legacy material identity preserved.,PROCESS-DRIED
AOM_001963,aom:ingredientPart,AOM_101035,Pod,approved-generated,Pete Steward,2026-08-05,data/livestock-staging/approved_ingredient_harmonization_rules.csv,Generated from approved rule under recorded guard; legacy material identity preserved.,COMPONENT-POD
AOM_001963,aom:processingMethod,AOM_101071,Drying,approved-generated,Pete Steward,2026-08-05,data/livestock-staging/approved_ingredient_harmonization_rules.csv,Generated from approved rule under recorded guard; legacy material identity preserved.,PROCESS-DRIED
AOM_001964,aom:processingMethod,AOM_101071,Drying,approved-generated,Pete Steward,2026-08-05,data/livestock-staging/approved_ingredient_harmonization_rules.csv,Generated from approved rule under recorded guard; legacy material identity preserved.,PROCESS-DRIED
AOM_001965,aom:processingMethod,AOM_000831,Ensiling,approved-generated,Pete Steward,2026-08-05,data/livestock-staging/approved_ingredient_harmonization_rules.csv,Generated from approved rule under recorded guard; legacy material identity preserved.,PROCESS-ENSILED
AOM_001965,aom:processingMethod,AOM_101071,Drying,approved-generated,Pete Steward,2026-08-05,data/livestock-staging/approved_ingredient_harmonization_rules.csv,Generated from approved rule under recorded guard; legacy material identity preserved.,PROCESS-DRIED
AOM_001966,aom:ingredientPart,AOM_101033,Leaf,approved-generated,Pete Steward,2026-08-05,data/livestock-staging/approved_ingredient_harmonization_rules.csv,Generated from approved rule under recorded guard; legacy material identity preserved.,COMPONENT-LEAF
AOM_001966,aom:processingMethod,AOM_101071,Drying,approved-generated,Pete Steward,2026-08-05,data/livestock-staging/approved_ingredient_harmonization_rules.csv,Generated from approved rule under recorded guard; legacy material identity preserved.,PROCESS-DRIED
AOM_001966,aom:processingMethod,AOM_101095,Grinding,approved-generated,Pete Steward,2026-08-05,data/livestock-staging/approved_ingredient_harmonization_rules.csv,Generated from approved rule under recorded guard; legacy material identity preserved.,PROCESS-GROUND
AOM_001968,aom:processingMethod,AOM_101071,Drying,approved-generated,Pete Steward,2026-08-05,data/livestock-staging/approved_ingredient_harmonization_rules.csv,Generated from approved rule under recorded guard; legacy material identity preserved.,PROCESS-DRIED
AOM_001969,aom:ingredientPart,AOM_101032,Kernel,approved-generated,Pete Steward,2026-08-05,data/livestock-staging/approved_ingredient_harmonization_rules.csv,Generated from approved rule under recorded guard; legacy material identity preserved.,COMPONENT-KERNEL
AOM_001969,aom:processingMethod,AOM_101071,Drying,approved-generated,Pete Steward,2026-08-05,data/livestock-staging/approved_ingredient_harmonization_rules.csv,Generated from approved rule under recorded guard; legacy material identity preserved.,PROCESS-DRIED
AOM_001969,aom:processingMethod,AOM_101095,Grinding,approved-generated,Pete Steward,2026-08-05,data/livestock-staging/approved_ingredient_harmonization_rules.csv,Generated from approved rule under recorded guard; legacy material identity preserved.,PROCESS-GROUND
AOM_001970,aom:processingMethod,AOM_101069,Defatting,approved-generated,Pete Steward,2026-08-05,data/livestock-staging/approved_ingredient_harmonization_rules.csv,Generated from approved rule under recorded guard; legacy material identity preserved.,PROCESS-DEFATTED
AOM_001970,aom:processingMethod,AOM_101071,Drying,approved-generated,Pete Steward,2026-08-05,data/livestock-staging/approved_ingredient_harmonization_rules.csv,Generated from approved rule under recorded guard; legacy material identity preserved.,PROCESS-DRIED
AOM_001970,aom:processingMethod,AOM_101095,Grinding,approved-generated,Pete Steward,2026-08-05,data/livestock-staging/approved_ingredient_harmonization_rules.csv,Generated from approved rule under recorded guard; legacy material identity preserved.,PROCESS-GROUND
AOM_001971,aom:ingredientPart,AOM_101038,Seed,approved-generated,Pete Steward,2026-08-05,data/livestock-staging/approved_ingredient_harmonization_rules.csv,Generated from approved rule under recorded guard; legacy material identity preserved.,COMPONENT-SEED
AOM_001971,aom:processingMethod,AOM_101069,Defatting,approved-generated,Pete Steward,2026-08-05,data/livestock-staging/approved_ingredient_harmonization_rules.csv,Generated from approved rule under recorded guard; legacy material identity preserved.,PROCESS-DEFATTED
AOM_001971,aom:processingMethod,AOM_101094,Fermentation,approved-generated,Pete Steward,2026-08-05,data/livestock-staging/approved_ingredient_harmonization_rules.csv,Generated from approved rule under recorded guard; legacy material identity preserved.,PROCESS-FERMENTED
AOM_001971,aom:processingMethod,AOM_101095,Grinding,approved-generated,Pete Steward,2026-08-05,data/livestock-staging/approved_ingredient_harmonization_rules.csv,Generated from approved rule under recorded guard; legacy material identity preserved.,PROCESS-GROUND
AOM_001973,aom:ingredientPart,AOM_101033,Leaf,approved-generated,Pete Steward,2026-08-05,data/livestock-staging/approved_ingredient_harmonization_rules.csv,Generated from approved rule under recorded guard; legacy material identity preserved.,COMPONENT-LEAF
AOM_001973,aom:processingMethod,AOM_101095,Grinding,approved-generated,Pete Steward,2026-08-05,data/livestock-staging/approved_ingredient_harmonization_rules.csv,Generated from approved rule under recorded guard; legacy material identity preserved.,PROCESS-GROUND
AOM_001974,aom:ingredientPart,AOM_101033,Leaf,approved-generated,Pete Steward,2026-08-05,data/livestock-staging/approved_ingredient_harmonization_rules.csv,Generated from approved rule under recorded guard; legacy material identity preserved.,COMPONENT-LEAF
AOM_001974,aom:processingMethod,AOM_101071,Drying,approved-generated,Pete Steward,2026-08-05,data/livestock-staging/approved_ingredient_harmonization_rules.csv,Generated from approved rule under recorded guard; legacy material identity preserved.,PROCESS-DRIED
AOM_001974,aom:processingMethod,AOM_101095,Grinding,approved-generated,Pete Steward,2026-08-05,data/livestock-staging/approved_ingredient_harmonization_rules.csv,Generated from approved rule under recorded guard; legacy material identity preserved.,PROCESS-GROUND
AOM_001976,aom:processingMethod,AOM_101071,Drying,approved-generated,Pete Steward,2026-08-05,data/livestock-staging/approved_ingredient_harmonization_rules.csv,Generated from approved rule under recorded guard; legacy material identity preserved.,PROCESS-DRIED
AOM_001976,aom:processingMethod,AOM_101095,Grinding,approved-generated,Pete Steward,2026-08-05,data/livestock-staging/approved_ingredient_harmonization_rules.csv,Generated from approved rule under recorded guard; legacy material identity preserved.,PROCESS-GROUND
AOM_001977,aom:processingMethod,AOM_101071,Drying,approved-generated,Pete Steward,2026-08-05,data/livestock-staging/approved_ingredient_harmonization_rules.csv,Generated from approved rule under recorded guard; legacy material identity preserved.,PROCESS-DRIED
AOM_001977,aom:processingMethod,AOM_101095,Grinding,approved-generated,Pete Steward,2026-08-05,data/livestock-staging/approved_ingredient_harmonization_rules.csv,Generated from approved rule under recorded guard; legacy material identity preserved.,PROCESS-GROUND
AOM_001978,aom:ingredientPart,AOM_101037,Root,approved-generated,Pete Steward,2026-08-05,data/livestock-staging/approved_ingredient_harmonization_rules.csv,Generated from approved rule under recorded guard; legacy material identity preserved.,COMPONENT-ROOT
AOM_001978,aom:processingMethod,AOM_101071,Drying,approved-generated,Pete Steward,2026-08-05,data/livestock-staging/approved_ingredient_harmonization_rules.csv,Generated from approved rule under recorded guard; legacy material identity preserved.,PROCESS-DRIED
AOM_001978,aom:processingMethod,AOM_101095,Grinding,approved-generated,Pete Steward,2026-08-05,data/livestock-staging/approved_ingredient_harmonization_rules.csv,Generated from approved rule under recorded guard; legacy material identity preserved.,PROCESS-GROUND
AOM_001979,aom:ingredientPart,AOM_101033,Leaf,approved-generated,Pete Steward,2026-08-05,data/livestock-staging/approved_ingredient_harmonization_rules.csv,Generated from approved rule under recorded guard; legacy material identity preserved.,COMPONENT-LEAF
AOM_001980,aom:ingredientPart,AOM_101033,Leaf,approved-generated,Pete Steward,2026-08-05,data/livestock-staging/approved_ingredient_harmonization_rules.csv,Generated from approved rule under recorded guard; legacy material identity preserved.,COMPONENT-LEAF
AOM_001980,aom:processingMethod,AOM_101071,Drying,approved-generated,Pete Steward,2026-08-05,data/livestock-staging/approved_ingredient_harmonization_rules.csv,Generated from approved rule under recorded guard; legacy material identity preserved.,PROCESS-DRIED
AOM_001980,aom:processingMethod,AOM_101095,Grinding,approved-generated,Pete Steward,2026-08-05,data/livestock-staging/approved_ingredient_harmonization_rules.csv,Generated from approved rule under recorded guard; legacy material identity preserved.,PROCESS-GROUND
AOM_001981,aom:processingMethod,AOM_101071,Drying,approved-generated,Pete Steward,2026-08-05,data/livestock-staging/approved_ingredient_harmonization_rules.csv,Generated from approved rule under recorded guard; legacy material identity preserved.,PROCESS-DRIED
AOM_001981,aom:processingMethod,AOM_101095,Grinding,approved-generated,Pete Steward,2026-08-05,data/livestock-staging/approved_ingredient_harmonization_rules.csv,Generated from approved rule under recorded guard; legacy material identity preserved.,PROCESS-GROUND
AOM_001982,aom:ingredientPart,AOM_101038,Seed,approved-generated,Pete Steward,2026-08-05,data/livestock-staging/approved_ingredient_harmonization_rules.csv,Generated from approved rule under recorded guard; legacy material identity preserved.,COMPONENT-SEED
AOM_001983,aom:ingredientPart,AOM_101038,Seed,approved-generated,Pete Steward,2026-08-05,data/livestock-staging/approved_ingredient_harmonization_rules.csv,Generated from approved rule under recorded guard; legacy material identity preserved.,COMPONENT-SEED
AOM_001983,aom:processingMethod,AOM_101095,Grinding,approved-generated,Pete Steward,2026-08-05,data/livestock-staging/approved_ingredient_harmonization_rules.csv,Generated from approved rule under recorded guard; legacy material identity preserved.,PROCESS-GROUND
AOM_001984,aom:ingredientPart,AOM_101033,Leaf,approved-generated,Pete Steward,2026-08-05,data/livestock-staging/approved_ingredient_harmonization_rules.csv,Generated from approved rule under recorded guard; legacy material identity preserved.,COMPONENT-LEAF
AOM_001984,aom:processingMethod,AOM_101071,Drying,approved-generated,Pete Steward,2026-08-05,data/livestock-staging/approved_ingredient_harmonization_rules.csv,Generated from approved rule under recorded guard; legacy material identity preserved.,PROCESS-DRIED
AOM_001985,aom:processingMethod,AOM_101102,Wilting,approved-generated,Pete Steward,2026-08-05,data/livestock-staging/approved_ingredient_harmonization_rules.csv,Generated from approved rule under recorded guard; legacy material identity preserved.,PROCESS-WILTED
AOM_001986,aom:ingredientPart,AOM_101033,Leaf,approved-generated,Pete Steward,2026-08-05,data/livestock-staging/approved_ingredient_harmonization_rules.csv,Generated from approved rule under recorded guard; legacy material identity preserved.,COMPONENT-LEAF
AOM_001986,aom:processingMethod,AOM_101071,Drying,approved-generated,Pete Steward,2026-08-05,data/livestock-staging/approved_ingredient_harmonization_rules.csv,Generated from approved rule under recorded guard; legacy material identity preserved.,PROCESS-DRIED
AOM_001986,aom:processingMethod,AOM_101095,Grinding,approved-generated,Pete Steward,2026-08-05,data/livestock-staging/approved_ingredient_harmonization_rules.csv,Generated from approved rule under recorded guard; legacy material identity preserved.,PROCESS-GROUND
AOM_001988,aom:ingredientPart,AOM_101033,Leaf,approved-generated,Pete Steward,2026-08-05,data/livestock-staging/approved_ingredient_harmonization_rules.csv,Generated from approved rule under recorded guard; legacy material identity preserved.,COMPONENT-LEAF
AOM_001988,aom:processingMethod,AOM_101095,Grinding,approved-generated,Pete Steward,2026-08-05,data/livestock-staging/approved_ingredient_harmonization_rules.csv,Generated from approved rule under recorded guard; legacy material identity preserved.,PROCESS-GROUND
AOM_001990,aom:ingredientPart,AOM_101033,Leaf,approved-generated,Pete Steward,2026-08-05,data/livestock-staging/approved_ingredient_harmonization_rules.csv,Generated from approved rule under recorded guard; legacy material identity preserved.,COMPONENT-LEAF
AOM_001990,aom:processingMethod,AOM_000831,Ensiling,approved-generated,Pete Steward,2026-08-05,data/livestock-staging/approved_ingredient_harmonization_rules.csv,Generated from approved rule under recorded guard; legacy material identity preserved.,PROCESS-ENSILED
AOM_001990,aom:processingMethod,AOM_101071,Drying,approved-generated,Pete Steward,2026-08-05,data/livestock-staging/approved_ingredient_harmonization_rules.csv,Generated from approved rule under recorded guard; legacy material identity preserved.,PROCESS-DRIED
AOM_001991,aom:processingMethod,AOM_101071,Drying,approved-generated,Pete Steward,2026-08-05,data/livestock-staging/approved_ingredient_harmonization_rules.csv,Generated from approved rule under recorded guard; legacy material identity preserved.,PROCESS-DRIED
AOM_001992,aom:ingredientPart,AOM_101033,Leaf,approved-generated,Pete Steward,2026-08-05,data/livestock-staging/approved_ingredient_harmonization_rules.csv,Generated from approved rule under recorded guard; legacy material identity preserved.,COMPONENT-LEAF
AOM_001992,aom:processingMethod,AOM_101071,Drying,approved-generated,Pete Steward,2026-08-05,data/livestock-staging/approved_ingredient_harmonization_rules.csv,Generated from approved rule under recorded guard; legacy material identity preserved.,PROCESS-DRIED
AOM_001993,aom:processingMethod,AOM_101071,Drying,approved-generated,Pete Steward,2026-08-05,data/livestock-staging/approved_ingredient_harmonization_rules.csv,Generated from approved rule under recorded guard; legacy material identity preserved.,PROCESS-DRIED
AOM_001993,aom:processingMethod,AOM_101102,Wilting,approved-generated,Pete Steward,2026-08-05,data/livestock-staging/approved_ingredient_harmonization_rules.csv,Generated from approved rule under recorded guard; legacy material identity preserved.,PROCESS-WILTED
AOM_001994,aom:processingMethod,AOM_101071,Drying,approved-generated,Pete Steward,2026-08-05,data/livestock-staging/approved_ingredient_harmonization_rules.csv,Generated from approved rule under recorded guard; legacy material identity preserved.,PROCESS-DRIED
AOM_001994,aom:processingMethod,AOM_101095,Grinding,approved-generated,Pete Steward,2026-08-05,data/livestock-staging/approved_ingredient_harmonization_rules.csv,Generated from approved rule under recorded guard; legacy material identity preserved.,PROCESS-GROUND
AOM_001994,aom:processingMethod,AOM_101096,Heating,approved-generated,Pete Steward,2026-08-05,data/livestock-staging/approved_ingredient_harmonization_rules.csv,Generated from approved rule under recorded guard; legacy material identity preserved.,PROCESS-HEATED
AOM_001997,aom:processingMethod,AOM_101095,Grinding,approved-generated,Pete Steward,2026-08-05,data/livestock-staging/approved_ingredient_harmonization_rules.csv,Generated from approved rule under recorded guard; legacy material identity preserved.,PROCESS-GROUND
AOM_002000,aom:ingredientPart,AOM_101038,Seed,approved-generated,Pete Steward,2026-08-05,data/livestock-staging/approved_ingredient_harmonization_rules.csv,Generated from approved rule under recorded guard; legacy material identity preserved.,COMPONENT-SEED
AOM_002001,aom:ingredientPart,AOM_101033,Leaf,approved-generated,Pete Steward,2026-08-05,data/livestock-staging/approved_ingredient_harmonization_rules.csv,Generated from approved rule under recorded guard; legacy material identity preserved.,COMPONENT-LEAF
AOM_002001,aom:processingMethod,AOM_101071,Drying,approved-generated,Pete Steward,2026-08-05,data/livestock-staging/approved_ingredient_harmonization_rules.csv,Generated from approved rule under recorded guard; legacy material identity preserved.,PROCESS-DRIED
AOM_002001,aom:processingMethod,AOM_101095,Grinding,approved-generated,Pete Steward,2026-08-05,data/livestock-staging/approved_ingredient_harmonization_rules.csv,Generated from approved rule under recorded guard; legacy material identity preserved.,PROCESS-GROUND
AOM_002002,aom:processingMethod,AOM_101071,Drying,approved-generated,Pete Steward,2026-08-05,data/livestock-staging/approved_ingredient_harmonization_rules.csv,Generated from approved rule under recorded guard; legacy material identity preserved.,PROCESS-DRIED
AOM_002002,aom:processingMethod,AOM_101095,Grinding,approved-generated,Pete Steward,2026-08-05,data/livestock-staging/approved_ingredient_harmonization_rules.csv,Generated from approved rule under recorded guard; legacy material identity preserved.,PROCESS-GROUND
AOM_002005,aom:processingMethod,AOM_101095,Grinding,approved-generated,Pete Steward,2026-08-05,data/livestock-staging/approved_ingredient_harmonization_rules.csv,Generated from approved rule under recorded guard; legacy material identity preserved.,PROCESS-GROUND
AOM_002006,aom:processingMethod,AOM_000831,Ensiling,approved-generated,Pete Steward,2026-08-05,data/livestock-staging/approved_ingredient_harmonization_rules.csv,Generated from approved rule under recorded guard; legacy material identity preserved.,PROCESS-ENSILED
AOM_002007,aom:processingMethod,AOM_101096,Heating,approved-generated,Pete Steward,2026-08-05,data/livestock-staging/approved_ingredient_harmonization_rules.csv,Generated from approved rule under recorded guard; legacy material identity preserved.,PROCESS-HEATED
AOM_002008,aom:processingMethod,AOM_101071,Drying,approved-generated,Pete Steward,2026-08-05,data/livestock-staging/approved_ingredient_harmonization_rules.csv,Generated from approved rule under recorded guard; legacy material identity preserved.,PROCESS-DRIED
AOM_002008,aom:processingMethod,AOM_101095,Grinding,approved-generated,Pete Steward,2026-08-05,data/livestock-staging/approved_ingredient_harmonization_rules.csv,Generated from approved rule under recorded guard; legacy material identity preserved.,PROCESS-GROUND
AOM_002008,aom:processingMethod,AOM_101096,Heating,approved-generated,Pete Steward,2026-08-05,data/livestock-staging/approved_ingredient_harmonization_rules.csv,Generated from approved rule under recorded guard; legacy material identity preserved.,PROCESS-HEATED
AOM_002009,aom:processingMethod,AOM_101071,Drying,approved-generated,Pete Steward,2026-08-05,data/livestock-staging/approved_ingredient_harmonization_rules.csv,Generated from approved rule under recorded guard; legacy material identity preserved.,PROCESS-DRIED
AOM_002009,aom:processingMethod,AOM_101089,Boiling,approved-generated,Pete Steward,2026-08-05,data/livestock-staging/approved_ingredient_harmonization_rules.csv,Generated from approved rule under recorded guard; legacy material identity preserved.,PROCESS-BOILED
AOM_002009,aom:processingMethod,AOM_101095,Grinding,approved-generated,Pete Steward,2026-08-05,data/livestock-staging/approved_ingredient_harmonization_rules.csv,Generated from approved rule under recorded guard; legacy material identity preserved.,PROCESS-GROUND
AOM_002011,aom:ingredientPart,AOM_101040,Shell,approved-generated,Pete Steward,2026-08-05,data/livestock-staging/approved_ingredient_harmonization_rules.csv,Generated from approved rule under recorded guard; legacy material identity preserved.,COMPONENT-SHELL
AOM_002011,aom:processingMethod,AOM_101071,Drying,approved-generated,Pete Steward,2026-08-05,data/livestock-staging/approved_ingredient_harmonization_rules.csv,Generated from approved rule under recorded guard; legacy material identity preserved.,PROCESS-DRIED
AOM_002011,aom:processingMethod,AOM_101095,Grinding,approved-generated,Pete Steward,2026-08-05,data/livestock-staging/approved_ingredient_harmonization_rules.csv,Generated from approved rule under recorded guard; legacy material identity preserved.,PROCESS-GROUND
AOM_002012,aom:ingredientPart,AOM_101031,Husk,approved-generated,Pete Steward,2026-08-05,data/livestock-staging/approved_ingredient_harmonization_rules.csv,Generated from approved rule under recorded guard; legacy material identity preserved.,COMPONENT-HUSK
AOM_002012,aom:ingredientPart,AOM_101035,Pod,approved-generated,Pete Steward,2026-08-05,data/livestock-staging/approved_ingredient_harmonization_rules.csv,Generated from approved rule under recorded guard; legacy material identity preserved.,COMPONENT-POD
AOM_002012,aom:processingMethod,AOM_101071,Drying,approved-generated,Pete Steward,2026-08-05,data/livestock-staging/approved_ingredient_harmonization_rules.csv,Generated from approved rule under recorded guard; legacy material identity preserved.,PROCESS-DRIED
AOM_002012,aom:processingMethod,AOM_101089,Boiling,approved-generated,Pete Steward,2026-08-05,data/livestock-staging/approved_ingredient_harmonization_rules.csv,Generated from approved rule under recorded guard; legacy material identity preserved.,PROCESS-BOILED
AOM_002012,aom:processingMethod,AOM_101095,Grinding,approved-generated,Pete Steward,2026-08-05,data/livestock-staging/approved_ingredient_harmonization_rules.csv,Generated from approved rule under recorded guard; legacy material identity preserved.,PROCESS-GROUND
AOM_002013,aom:processingMethod,AOM_101071,Drying,approved-generated,Pete Steward,2026-08-05,data/livestock-staging/approved_ingredient_harmonization_rules.csv,Generated from approved rule under recorded guard; legacy material identity preserved.,PROCESS-DRIED
AOM_002013,aom:processingMethod,AOM_101095,Grinding,approved-generated,Pete Steward,2026-08-05,data/livestock-staging/approved_ingredient_harmonization_rules.csv,Generated from approved rule under recorded guard; legacy material identity preserved.,PROCESS-GROUND
AOM_002015,aom:ingredientPart,AOM_101104,Bran,approved-generated,Pete Steward,2026-08-05,data/livestock-staging/approved_ingredient_harmonization_rules.csv,Generated from approved rule under recorded guard; legacy material identity preserved.,COMPONENT-BRAN
AOM_002015,aom:processingMethod,AOM_101071,Drying,approved-generated,Pete Steward,2026-08-05,data/livestock-staging/approved_ingredient_harmonization_rules.csv,Generated from approved rule under recorded guard; legacy material identity preserved.,PROCESS-DRIED
AOM_002015,aom:processingMethod,AOM_101095,Grinding,approved-generated,Pete Steward,2026-08-05,data/livestock-staging/approved_ingredient_harmonization_rules.csv,Generated from approved rule under recorded guard; legacy material identity preserved.,PROCESS-GROUND
AOM_002016,aom:ingredientPart,AOM_101104,Bran,approved-generated,Pete Steward,2026-08-05,data/livestock-staging/approved_ingredient_harmonization_rules.csv,Generated from approved rule under recorded guard; legacy material identity preserved.,COMPONENT-BRAN
AOM_002016,aom:processingMethod,AOM_101071,Drying,approved-generated,Pete Steward,2026-08-05,data/livestock-staging/approved_ingredient_harmonization_rules.csv,Generated from approved rule under recorded guard; legacy material identity preserved.,PROCESS-DRIED
AOM_002016,aom:processingMethod,AOM_101095,Grinding,approved-generated,Pete Steward,2026-08-05,data/livestock-staging/approved_ingredient_harmonization_rules.csv,Generated from approved rule under recorded guard; legacy material identity preserved.,PROCESS-GROUND
AOM_002017,aom:ingredientPart,AOM_101074,Grain,approved-generated,Pete Steward,2026-08-05,data/livestock-staging/approved_ingredient_harmonization_rules.csv,Generated from approved rule under recorded guard; legacy material identity preserved.,COMPONENT-GRAIN
AOM_002017,aom:processingMethod,AOM_101095,Grinding,approved-generated,Pete Steward,2026-08-05,data/livestock-staging/approved_ingredient_harmonization_rules.csv,Generated from approved rule under recorded guard; legacy material identity preserved.,PROCESS-GROUND
AOM_002018,aom:processingMethod,AOM_101071,Drying,approved-generated,Pete Steward,2026-08-05,data/livestock-staging/approved_ingredient_harmonization_rules.csv,Generated from approved rule under recorded guard; legacy material identity preserved.,PROCESS-DRIED
AOM_002018,aom:processingMethod,AOM_101095,Grinding,approved-generated,Pete Steward,2026-08-05,data/livestock-staging/approved_ingredient_harmonization_rules.csv,Generated from approved rule under recorded guard; legacy material identity preserved.,PROCESS-GROUND
AOM_002019,aom:ingredientPart,AOM_101031,Husk,approved-generated,Pete Steward,2026-08-05,data/livestock-staging/approved_ingredient_harmonization_rules.csv,Generated from approved rule under recorded guard; legacy material identity preserved.,COMPONENT-HUSK
AOM_002019,aom:processingMethod,AOM_101095,Grinding,approved-generated,Pete Steward,2026-08-05,data/livestock-staging/approved_ingredient_harmonization_rules.csv,Generated from approved rule under recorded guard; legacy material identity preserved.,PROCESS-GROUND
AOM_002020,aom:processingMethod,AOM_101071,Drying,approved-generated,Pete Steward,2026-08-05,data/livestock-staging/approved_ingredient_harmonization_rules.csv,Generated from approved rule under recorded guard; legacy material identity preserved.,PROCESS-DRIED
AOM_002020,aom:processingMethod,AOM_101094,Fermentation,approved-generated,Pete Steward,2026-08-05,data/livestock-staging/approved_ingredient_harmonization_rules.csv,Generated from approved rule under recorded guard; legacy material identity preserved.,PROCESS-FERMENTED
AOM_002021,aom:processingMethod,AOM_101095,Grinding,approved-generated,Pete Steward,2026-08-05,data/livestock-staging/approved_ingredient_harmonization_rules.csv,Generated from approved rule under recorded guard; legacy material identity preserved.,PROCESS-GROUND
AOM_002026,aom:ingredientPart,AOM_101033,Leaf,approved-generated,Pete Steward,2026-08-05,data/livestock-staging/approved_ingredient_harmonization_rules.csv,Generated from approved rule under recorded guard; legacy material identity preserved.,COMPONENT-LEAF
AOM_002026,aom:processingMethod,AOM_101095,Grinding,approved-generated,Pete Steward,2026-08-05,data/livestock-staging/approved_ingredient_harmonization_rules.csv,Generated from approved rule under recorded guard; legacy material identity preserved.,PROCESS-GROUND
AOM_002027,aom:ingredientPart,AOM_101034,Peel,approved-generated,Pete Steward,2026-08-05,data/livestock-staging/approved_ingredient_harmonization_rules.csv,Generated from approved rule under recorded guard; legacy material identity preserved.,COMPONENT-PEEL
AOM_002027,aom:processingMethod,AOM_101095,Grinding,approved-generated,Pete Steward,2026-08-05,data/livestock-staging/approved_ingredient_harmonization_rules.csv,Generated from approved rule under recorded guard; legacy material identity preserved.,PROCESS-GROUND
AOM_002029,aom:processingMethod,AOM_101095,Grinding,approved-generated,Pete Steward,2026-08-05,data/livestock-staging/approved_ingredient_harmonization_rules.csv,Generated from approved rule under recorded guard; legacy material identity preserved.,PROCESS-GROUND
AOM_002030,aom:processingMethod,AOM_101071,Drying,approved-generated,Pete Steward,2026-08-05,data/livestock-staging/approved_ingredient_harmonization_rules.csv,Generated from approved rule under recorded guard; legacy material identity preserved.,PROCESS-DRIED
AOM_002030,aom:processingMethod,AOM_101095,Grinding,approved-generated,Pete Steward,2026-08-05,data/livestock-staging/approved_ingredient_harmonization_rules.csv,Generated from approved rule under recorded guard; legacy material identity preserved.,PROCESS-GROUND
AOM_002031,aom:processingMethod,AOM_101071,Drying,approved-generated,Pete Steward,2026-08-05,data/livestock-staging/approved_ingredient_harmonization_rules.csv,Generated from approved rule under recorded guard; legacy material identity preserved.,PROCESS-DRIED
AOM_002031,aom:processingMethod,AOM_101095,Grinding,approved-generated,Pete Steward,2026-08-05,data/livestock-staging/approved_ingredient_harmonization_rules.csv,Generated from approved rule under recorded guard; legacy material identity preserved.,PROCESS-GROUND
AOM_002031,aom:processingMethod,AOM_101096,Heating,approved-generated,Pete Steward,2026-08-05,data/livestock-staging/approved_ingredient_harmonization_rules.csv,Generated from approved rule under recorded guard; legacy material identity preserved.,PROCESS-HEATED
AOM_002032,aom:processingMethod,AOM_101071,Drying,approved-generated,Pete Steward,2026-08-05,data/livestock-staging/approved_ingredient_harmonization_rules.csv,Generated from approved rule under recorded guard; legacy material identity preserved.,PROCESS-DRIED
AOM_002032,aom:processingMethod,AOM_101095,Grinding,approved-generated,Pete Steward,2026-08-05,data/livestock-staging/approved_ingredient_harmonization_rules.csv,Generated from approved rule under recorded guard; legacy material identity preserved.,PROCESS-GROUND
AOM_002033,aom:processingMethod,AOM_101095,Grinding,approved-generated,Pete Steward,2026-08-05,data/livestock-staging/approved_ingredient_harmonization_rules.csv,Generated from approved rule under recorded guard; legacy material identity preserved.,PROCESS-GROUND
AOM_002034,aom:ingredientPart,AOM_101043,Tuber,approved-generated,Pete Steward,2026-08-05,data/livestock-staging/approved_ingredient_harmonization_rules.csv,Generated from approved rule under recorded guard; legacy material identity preserved.,COMPONENT-TUBER
AOM_002034,aom:processingMethod,AOM_101071,Drying,approved-generated,Pete Steward,2026-08-05,data/livestock-staging/approved_ingredient_harmonization_rules.csv,Generated from approved rule under recorded guard; legacy material identity preserved.,PROCESS-DRIED
AOM_002034,aom:processingMethod,AOM_101094,Fermentation,approved-generated,Pete Steward,2026-08-05,data/livestock-staging/approved_ingredient_harmonization_rules.csv,Generated from approved rule under recorded guard; legacy material identity preserved.,PROCESS-FERMENTED
AOM_002035,aom:ingredientPart,AOM_101043,Tuber,approved-generated,Pete Steward,2026-08-05,data/livestock-staging/approved_ingredient_harmonization_rules.csv,Generated from approved rule under recorded guard; legacy material identity preserved.,COMPONENT-TUBER
AOM_002035,aom:processingMethod,AOM_101071,Drying,approved-generated,Pete Steward,2026-08-05,data/livestock-staging/approved_ingredient_harmonization_rules.csv,Generated from approved rule under recorded guard; legacy material identity preserved.,PROCESS-DRIED
AOM_002035,aom:processingMethod,AOM_101089,Boiling,approved-generated,Pete Steward,2026-08-05,data/livestock-staging/approved_ingredient_harmonization_rules.csv,Generated from approved rule under recorded guard; legacy material identity preserved.,PROCESS-BOILED
AOM_002035,aom:processingMethod,AOM_101095,Grinding,approved-generated,Pete Steward,2026-08-05,data/livestock-staging/approved_ingredient_harmonization_rules.csv,Generated from approved rule under recorded guard; legacy material identity preserved.,PROCESS-GROUND
AOM_002036,aom:ingredientPart,AOM_101033,Leaf,approved-generated,Pete Steward,2026-08-05,data/livestock-staging/approved_ingredient_harmonization_rules.csv,Generated from approved rule under recorded guard; legacy material identity preserved.,COMPONENT-LEAF
AOM_002036,aom:processingMethod,AOM_101071,Drying,approved-generated,Pete Steward,2026-08-05,data/livestock-staging/approved_ingredient_harmonization_rules.csv,Generated from approved rule under recorded guard; legacy material identity preserved.,PROCESS-DRIED
AOM_002036,aom:processingMethod,AOM_101095,Grinding,approved-generated,Pete Steward,2026-08-05,data/livestock-staging/approved_ingredient_harmonization_rules.csv,Generated from approved rule under recorded guard; legacy material identity preserved.,PROCESS-GROUND
AOM_002037,aom:processingMethod,AOM_101071,Drying,approved-generated,Pete Steward,2026-08-05,data/livestock-staging/approved_ingredient_harmonization_rules.csv,Generated from approved rule under recorded guard; legacy material identity preserved.,PROCESS-DRIED
AOM_002039,aom:ingredientPart,AOM_101104,Bran,approved-generated,Pete Steward,2026-08-05,data/livestock-staging/approved_ingredient_harmonization_rules.csv,Generated from approved rule under recorded guard; legacy material identity preserved.,COMPONENT-BRAN
AOM_002040,aom:ingredientPart,AOM_101033,Leaf,approved-generated,Pete Steward,2026-08-05,data/livestock-staging/approved_ingredient_harmonization_rules.csv,Generated from approved rule under recorded guard; legacy material identity preserved.,COMPONENT-LEAF
AOM_002041,aom:ingredientPart,AOM_101035,Pod,approved-generated,Pete Steward,2026-08-05,data/livestock-staging/approved_ingredient_harmonization_rules.csv,Generated from approved rule under recorded guard; legacy material identity preserved.,COMPONENT-POD
AOM_002042,aom:ingredientPart,AOM_101035,Pod,approved-generated,Pete Steward,2026-08-05,data/livestock-staging/approved_ingredient_harmonization_rules.csv,Generated from approved rule under recorded guard; legacy material identity preserved.,COMPONENT-POD
AOM_002042,aom:processingMethod,AOM_101071,Drying,approved-generated,Pete Steward,2026-08-05,data/livestock-staging/approved_ingredient_harmonization_rules.csv,Generated from approved rule under recorded guard; legacy material identity preserved.,PROCESS-DRIED
AOM_002043,aom:ingredientPart,AOM_101035,Pod,approved-generated,Pete Steward,2026-08-05,data/livestock-staging/approved_ingredient_harmonization_rules.csv,Generated from approved rule under recorded guard; legacy material identity preserved.,COMPONENT-POD
AOM_002043,aom:processingMethod,AOM_101071,Drying,approved-generated,Pete Steward,2026-08-05,data/livestock-staging/approved_ingredient_harmonization_rules.csv,Generated from approved rule under recorded guard; legacy material identity preserved.,PROCESS-DRIED
AOM_002043,aom:processingMethod,AOM_101095,Grinding,approved-generated,Pete Steward,2026-08-05,data/livestock-staging/approved_ingredient_harmonization_rules.csv,Generated from approved rule under recorded guard; legacy material identity preserved.,PROCESS-GROUND
AOM_002044,aom:ingredientPart,AOM_101033,Leaf,approved-generated,Pete Steward,2026-08-05,data/livestock-staging/approved_ingredient_harmonization_rules.csv,Generated from approved rule under recorded guard; legacy material identity preserved.,COMPONENT-LEAF
AOM_002044,aom:processingMethod,AOM_101071,Drying,approved-generated,Pete Steward,2026-08-05,data/livestock-staging/approved_ingredient_harmonization_rules.csv,Generated from approved rule under recorded guard; legacy material identity preserved.,PROCESS-DRIED
AOM_002044,aom:processingMethod,AOM_101095,Grinding,approved-generated,Pete Steward,2026-08-05,data/livestock-staging/approved_ingredient_harmonization_rules.csv,Generated from approved rule under recorded guard; legacy material identity preserved.,PROCESS-GROUND
AOM_002046,aom:processingMethod,AOM_101071,Drying,approved-generated,Pete Steward,2026-08-05,data/livestock-staging/approved_ingredient_harmonization_rules.csv,Generated from approved rule under recorded guard; legacy material identity preserved.,PROCESS-DRIED
AOM_002047,aom:processingMethod,AOM_101071,Drying,approved-generated,Pete Steward,2026-08-05,data/livestock-staging/approved_ingredient_harmonization_rules.csv,Generated from approved rule under recorded guard; legacy material identity preserved.,PROCESS-DRIED
AOM_002047,aom:processingMethod,AOM_101095,Grinding,approved-generated,Pete Steward,2026-08-05,data/livestock-staging/approved_ingredient_harmonization_rules.csv,Generated from approved rule under recorded guard; legacy material identity preserved.,PROCESS-GROUND
AOM_002048,aom:ingredientPart,AOM_101033,Leaf,approved-generated,Pete Steward,2026-08-05,data/livestock-staging/approved_ingredient_harmonization_rules.csv,Generated from approved rule under recorded guard; legacy material identity preserved.,COMPONENT-LEAF
AOM_002048,aom:processingMethod,AOM_000831,Ensiling,approved-generated,Pete Steward,2026-08-05,data/livestock-staging/approved_ingredient_harmonization_rules.csv,Generated from approved rule under recorded guard; legacy material identity preserved.,PROCESS-ENSILED
AOM_002048,aom:processingMethod,AOM_101071,Drying,approved-generated,Pete Steward,2026-08-05,data/livestock-staging/approved_ingredient_harmonization_rules.csv,Generated from approved rule under recorded guard; legacy material identity preserved.,PROCESS-DRIED
AOM_002049,aom:ingredientPart,AOM_101035,Pod,approved-generated,Pete Steward,2026-08-05,data/livestock-staging/approved_ingredient_harmonization_rules.csv,Generated from approved rule under recorded guard; legacy material identity preserved.,COMPONENT-POD
AOM_002050,aom:ingredientPart,AOM_101035,Pod,approved-generated,Pete Steward,2026-08-05,data/livestock-staging/approved_ingredient_harmonization_rules.csv,Generated from approved rule under recorded guard; legacy material identity preserved.,COMPONENT-POD
AOM_002050,aom:processingMethod,AOM_101095,Grinding,approved-generated,Pete Steward,2026-08-05,data/livestock-staging/approved_ingredient_harmonization_rules.csv,Generated from approved rule under recorded guard; legacy material identity preserved.,PROCESS-GROUND
AOM_002051,aom:ingredientPart,AOM_101035,Pod,approved-generated,Pete Steward,2026-08-05,data/livestock-staging/approved_ingredient_harmonization_rules.csv,Generated from approved rule under recorded guard; legacy material identity preserved.,COMPONENT-POD
AOM_002051,aom:processingMethod,AOM_101071,Drying,approved-generated,Pete Steward,2026-08-05,data/livestock-staging/approved_ingredient_harmonization_rules.csv,Generated from approved rule under recorded guard; legacy material identity preserved.,PROCESS-DRIED
AOM_002051,aom:processingMethod,AOM_101095,Grinding,approved-generated,Pete Steward,2026-08-05,data/livestock-staging/approved_ingredient_harmonization_rules.csv,Generated from approved rule under recorded guard; legacy material identity preserved.,PROCESS-GROUND
AOM_002051,aom:processingMethod,AOM_101099,Soaking,approved-generated,Pete Steward,2026-08-05,data/livestock-staging/approved_ingredient_harmonization_rules.csv,Generated from approved rule under recorded guard; legacy material identity preserved.,PROCESS-SOAKED
AOM_002053,aom:ingredientPart,AOM_101033,Leaf,approved-generated,Pete Steward,2026-08-05,data/livestock-staging/approved_ingredient_harmonization_rules.csv,Generated from approved rule under recorded guard; legacy material identity preserved.,COMPONENT-LEAF
AOM_002055,aom:processingMethod,AOM_101071,Drying,approved-generated,Pete Steward,2026-08-05,data/livestock-staging/approved_ingredient_harmonization_rules.csv,Generated from approved rule under recorded guard; legacy material identity preserved.,PROCESS-DRIED
AOM_002055,aom:processingMethod,AOM_101095,Grinding,approved-generated,Pete Steward,2026-08-05,data/livestock-staging/approved_ingredient_harmonization_rules.csv,Generated from approved rule under recorded guard; legacy material identity preserved.,PROCESS-GROUND
AOM_002056,aom:processingMethod,AOM_101095,Grinding,approved-generated,Pete Steward,2026-08-05,data/livestock-staging/approved_ingredient_harmonization_rules.csv,Generated from approved rule under recorded guard; legacy material identity preserved.,PROCESS-GROUND
AOM_002057,aom:processingMethod,AOM_101071,Drying,approved-generated,Pete Steward,2026-08-05,data/livestock-staging/approved_ingredient_harmonization_rules.csv,Generated from approved rule under recorded guard; legacy material identity preserved.,PROCESS-DRIED
AOM_002057,aom:processingMethod,AOM_101095,Grinding,approved-generated,Pete Steward,2026-08-05,data/livestock-staging/approved_ingredient_harmonization_rules.csv,Generated from approved rule under recorded guard; legacy material identity preserved.,PROCESS-GROUND
AOM_002062,aom:processingMethod,AOM_101071,Drying,approved-generated,Pete Steward,2026-08-05,data/livestock-staging/approved_ingredient_harmonization_rules.csv,Generated from approved rule under recorded guard; legacy material identity preserved.,PROCESS-DRIED
AOM_002064,aom:ingredientPart,AOM_101033,Leaf,approved-generated,Pete Steward,2026-08-05,data/livestock-staging/approved_ingredient_harmonization_rules.csv,Generated from approved rule under recorded guard; legacy material identity preserved.,COMPONENT-LEAF
AOM_002065,aom:ingredientPart,AOM_101033,Leaf,approved-generated,Pete Steward,2026-08-05,data/livestock-staging/approved_ingredient_harmonization_rules.csv,Generated from approved rule under recorded guard; legacy material identity preserved.,COMPONENT-LEAF
AOM_002065,aom:processingMethod,AOM_101095,Grinding,approved-generated,Pete Steward,2026-08-05,data/livestock-staging/approved_ingredient_harmonization_rules.csv,Generated from approved rule under recorded guard; legacy material identity preserved.,PROCESS-GROUND
AOM_002066,aom:processingMethod,AOM_101071,Drying,approved-generated,Pete Steward,2026-08-05,data/livestock-staging/approved_ingredient_harmonization_rules.csv,Generated from approved rule under recorded guard; legacy material identity preserved.,PROCESS-DRIED
AOM_002066,aom:processingMethod,AOM_101095,Grinding,approved-generated,Pete Steward,2026-08-05,data/livestock-staging/approved_ingredient_harmonization_rules.csv,Generated from approved rule under recorded guard; legacy material identity preserved.,PROCESS-GROUND
AOM_002067,aom:processingMethod,AOM_101071,Drying,approved-generated,Pete Steward,2026-08-05,data/livestock-staging/approved_ingredient_harmonization_rules.csv,Generated from approved rule under recorded guard; legacy material identity preserved.,PROCESS-DRIED
AOM_002070,aom:processingMethod,AOM_101095,Grinding,approved-generated,Pete Steward,2026-08-05,data/livestock-staging/approved_ingredient_harmonization_rules.csv,Generated from approved rule under recorded guard; legacy material identity preserved.,PROCESS-GROUND
AOM_002071,aom:processingMethod,AOM_101071,Drying,approved-generated,Pete Steward,2026-08-05,data/livestock-staging/approved_ingredient_harmonization_rules.csv,Generated from approved rule under recorded guard; legacy material identity preserved.,PROCESS-DRIED
AOM_002071,aom:processingMethod,AOM_101095,Grinding,approved-generated,Pete Steward,2026-08-05,data/livestock-staging/approved_ingredient_harmonization_rules.csv,Generated from approved rule under recorded guard; legacy material identity preserved.,PROCESS-GROUND
AOM_002071,aom:processingMethod,AOM_101096,Heating,approved-generated,Pete Steward,2026-08-05,data/livestock-staging/approved_ingredient_harmonization_rules.csv,Generated from approved rule under recorded guard; legacy material identity preserved.,PROCESS-HEATED
AOM_002072,aom:processingMethod,AOM_101095,Grinding,approved-generated,Pete Steward,2026-08-05,data/livestock-staging/approved_ingredient_harmonization_rules.csv,Generated from approved rule under recorded guard; legacy material identity preserved.,PROCESS-GROUND
AOM_002074,aom:processingMethod,AOM_101095,Grinding,approved-generated,Pete Steward,2026-08-05,data/livestock-staging/approved_ingredient_harmonization_rules.csv,Generated from approved rule under recorded guard; legacy material identity preserved.,PROCESS-GROUND
AOM_002077,aom:physicalForm,AOM_101051,Powder form,approved-generated,Pete Steward,2026-08-05,data/livestock-staging/approved_ingredient_harmonization_rules.csv,Generated from approved rule under recorded guard; legacy material identity preserved.,FORM-POWDER
AOM_002079,aom:processingMethod,AOM_101071,Drying,approved-generated,Pete Steward,2026-08-05,data/livestock-staging/approved_ingredient_harmonization_rules.csv,Generated from approved rule under recorded guard; legacy material identity preserved.,PROCESS-DRIED
AOM_002079,aom:processingMethod,AOM_101089,Boiling,approved-generated,Pete Steward,2026-08-05,data/livestock-staging/approved_ingredient_harmonization_rules.csv,Generated from approved rule under recorded guard; legacy material identity preserved.,PROCESS-BOILED
AOM_002079,aom:processingMethod,AOM_101095,Grinding,approved-generated,Pete Steward,2026-08-05,data/livestock-staging/approved_ingredient_harmonization_rules.csv,Generated from approved rule under recorded guard; legacy material identity preserved.,PROCESS-GROUND
AOM_002083,aom:ingredientPart,AOM_101026,Cob,approved-generated,Pete Steward,2026-08-05,data/livestock-staging/approved_ingredient_harmonization_rules.csv,Generated from approved rule under recorded guard; legacy material identity preserved.,COMPONENT-COB
AOM_002083,aom:processingMethod,AOM_000831,Ensiling,approved-generated,Pete Steward,2026-08-05,data/livestock-staging/approved_ingredient_harmonization_rules.csv,Generated from approved rule under recorded guard; legacy material identity preserved.,PROCESS-ENSILED
AOM_002083,aom:processingMethod,AOM_101101,Urea treatment,approved-generated,Pete Steward,2026-08-05,data/livestock-staging/approved_ingredient_harmonization_rules.csv,Generated from approved rule under recorded guard; legacy material identity preserved.,PROCESS-UREA_TREATED
AOM_002084,aom:ingredientPart,AOM_101106,Straw,approved-generated,Pete Steward,2026-08-05,data/livestock-staging/approved_ingredient_harmonization_rules.csv,Generated from approved rule under recorded guard; legacy material identity preserved.,COMPONENT-STRAW
AOM_002086,aom:processingMethod,AOM_101071,Drying,approved-generated,Pete Steward,2026-08-05,data/livestock-staging/approved_ingredient_harmonization_rules.csv,Generated from approved rule under recorded guard; legacy material identity preserved.,PROCESS-DRIED
AOM_002086,aom:processingMethod,AOM_101095,Grinding,approved-generated,Pete Steward,2026-08-05,data/livestock-staging/approved_ingredient_harmonization_rules.csv,Generated from approved rule under recorded guard; legacy material identity preserved.,PROCESS-GROUND
AOM_002087,aom:ingredientPart,AOM_101035,Pod,approved-generated,Pete Steward,2026-08-05,data/livestock-staging/approved_ingredient_harmonization_rules.csv,Generated from approved rule under recorded guard; legacy material identity preserved.,COMPONENT-POD
AOM_002087,aom:processingMethod,AOM_101095,Grinding,approved-generated,Pete Steward,2026-08-05,data/livestock-staging/approved_ingredient_harmonization_rules.csv,Generated from approved rule under recorded guard; legacy material identity preserved.,PROCESS-GROUND
AOM_002088,aom:ingredientPart,AOM_101035,Pod,approved-generated,Pete Steward,2026-08-05,data/livestock-staging/approved_ingredient_harmonization_rules.csv,Generated from approved rule under recorded guard; legacy material identity preserved.,COMPONENT-POD
AOM_002089,aom:ingredientPart,AOM_101035,Pod,approved-generated,Pete Steward,2026-08-05,data/livestock-staging/approved_ingredient_harmonization_rules.csv,Generated from approved rule under recorded guard; legacy material identity preserved.,COMPONENT-POD
AOM_002089,aom:processingMethod,AOM_101071,Drying,approved-generated,Pete Steward,2026-08-05,data/livestock-staging/approved_ingredient_harmonization_rules.csv,Generated from approved rule under recorded guard; legacy material identity preserved.,PROCESS-DRIED
AOM_002090,aom:ingredientPart,AOM_101033,Leaf,approved-generated,Pete Steward,2026-08-05,data/livestock-staging/approved_ingredient_harmonization_rules.csv,Generated from approved rule under recorded guard; legacy material identity preserved.,COMPONENT-LEAF
AOM_002092,aom:ingredientPart,AOM_101033,Leaf,approved-generated,Pete Steward,2026-08-05,data/livestock-staging/approved_ingredient_harmonization_rules.csv,Generated from approved rule under recorded guard; legacy material identity preserved.,COMPONENT-LEAF
AOM_002093,aom:ingredientPart,AOM_101033,Leaf,approved-generated,Pete Steward,2026-08-05,data/livestock-staging/approved_ingredient_harmonization_rules.csv,Generated from approved rule under recorded guard; legacy material identity preserved.,COMPONENT-LEAF
AOM_002093,aom:processingMethod,AOM_101071,Drying,approved-generated,Pete Steward,2026-08-05,data/livestock-staging/approved_ingredient_harmonization_rules.csv,Generated from approved rule under recorded guard; legacy material identity preserved.,PROCESS-DRIED
AOM_002093,aom:processingMethod,AOM_101095,Grinding,approved-generated,Pete Steward,2026-08-05,data/livestock-staging/approved_ingredient_harmonization_rules.csv,Generated from approved rule under recorded guard; legacy material identity preserved.,PROCESS-GROUND
AOM_002100,aom:ingredientPart,AOM_101033,Leaf,approved-generated,Pete Steward,2026-08-05,data/livestock-staging/approved_ingredient_harmonization_rules.csv,Generated from approved rule under recorded guard; legacy material identity preserved.,COMPONENT-LEAF
AOM_002103,aom:processingMethod,AOM_101095,Grinding,approved-generated,Pete Steward,2026-08-05,data/livestock-staging/approved_ingredient_harmonization_rules.csv,Generated from approved rule under recorded guard; legacy material identity preserved.,PROCESS-GROUND
AOM_002104,aom:ingredientPart,AOM_101032,Kernel,approved-generated,Pete Steward,2026-08-05,data/livestock-staging/approved_ingredient_harmonization_rules.csv,Generated from approved rule under recorded guard; legacy material identity preserved.,COMPONENT-KERNEL
AOM_002104,aom:processingMethod,AOM_101095,Grinding,approved-generated,Pete Steward,2026-08-05,data/livestock-staging/approved_ingredient_harmonization_rules.csv,Generated from approved rule under recorded guard; legacy material identity preserved.,PROCESS-GROUND
AOM_002105,aom:ingredientPart,AOM_101032,Kernel,approved-generated,Pete Steward,2026-08-05,data/livestock-staging/approved_ingredient_harmonization_rules.csv,Generated from approved rule under recorded guard; legacy material identity preserved.,COMPONENT-KERNEL
AOM_002105,aom:processingMethod,AOM_101071,Drying,approved-generated,Pete Steward,2026-08-05,data/livestock-staging/approved_ingredient_harmonization_rules.csv,Generated from approved rule under recorded guard; legacy material identity preserved.,PROCESS-DRIED
AOM_002105,aom:processingMethod,AOM_101094,Fermentation,approved-generated,Pete Steward,2026-08-05,data/livestock-staging/approved_ingredient_harmonization_rules.csv,Generated from approved rule under recorded guard; legacy material identity preserved.,PROCESS-FERMENTED
AOM_002105,aom:processingMethod,AOM_101095,Grinding,approved-generated,Pete Steward,2026-08-05,data/livestock-staging/approved_ingredient_harmonization_rules.csv,Generated from approved rule under recorded guard; legacy material identity preserved.,PROCESS-GROUND
AOM_002108,aom:processingMethod,AOM_101090,Cracking,approved-generated,Pete Steward,2026-08-05,data/livestock-staging/approved_ingredient_harmonization_rules.csv,Generated from approved rule under recorded guard; legacy material identity preserved.,PROCESS-CRACKED
AOM_002112,aom:ingredientPart,AOM_101034,Peel,approved-generated,Pete Steward,2026-08-05,data/livestock-staging/approved_ingredient_harmonization_rules.csv,Generated from approved rule under recorded guard; legacy material identity preserved.,COMPONENT-PEEL
AOM_002114,aom:ingredientPart,AOM_101104,Bran,approved-generated,Pete Steward,2026-08-05,data/livestock-staging/approved_ingredient_harmonization_rules.csv,Generated from approved rule under recorded guard; legacy material identity preserved.,COMPONENT-BRAN
AOM_002116,aom:ingredientPart,AOM_101074,Grain,approved-generated,Pete Steward,2026-08-05,data/livestock-staging/approved_ingredient_harmonization_rules.csv,Generated from approved rule under recorded guard; legacy material identity preserved.,COMPONENT-GRAIN
AOM_002117,aom:ingredientPart,AOM_101106,Straw,approved-generated,Pete Steward,2026-08-05,data/livestock-staging/approved_ingredient_harmonization_rules.csv,Generated from approved rule under recorded guard; legacy material identity preserved.,COMPONENT-STRAW
AOM_002117,aom:processingMethod,AOM_101071,Drying,approved-generated,Pete Steward,2026-08-05,data/livestock-staging/approved_ingredient_harmonization_rules.csv,Generated from approved rule under recorded guard; legacy material identity preserved.,PROCESS-DRIED
AOM_002117,aom:processingMethod,AOM_101087,Alkali treatment,approved-generated,Pete Steward,2026-08-05,data/livestock-staging/approved_ingredient_harmonization_rules.csv,Generated from approved rule under recorded guard; legacy material identity preserved.,PROCESS-ALKALI_TREATED
AOM_002118,aom:processingMethod,AOM_000831,Ensiling,approved-generated,Pete Steward,2026-08-05,data/livestock-staging/approved_ingredient_harmonization_rules.csv,Generated from approved rule under recorded guard; legacy material identity preserved.,PROCESS-ENSILED
AOM_002119,aom:processingMethod,AOM_101091,Crushing,approved-generated,Pete Steward,2026-08-05,data/livestock-staging/approved_ingredient_harmonization_rules.csv,Generated from approved rule under recorded guard; legacy material identity preserved.,PROCESS-CRUSHED
AOM_002121,aom:processingMethod,AOM_101069,Defatting,approved-generated,Pete Steward,2026-08-05,data/livestock-staging/approved_ingredient_harmonization_rules.csv,Generated from approved rule under recorded guard; legacy material identity preserved.,PROCESS-DEFATTED
AOM_002121,aom:processingMethod,AOM_101091,Crushing,approved-generated,Pete Steward,2026-08-05,data/livestock-staging/approved_ingredient_harmonization_rules.csv,Generated from approved rule under recorded guard; legacy material identity preserved.,PROCESS-CRUSHED
AOM_002121,aom:processingMethod,AOM_101096,Heating,approved-generated,Pete Steward,2026-08-05,data/livestock-staging/approved_ingredient_harmonization_rules.csv,Generated from approved rule under recorded guard; legacy material identity preserved.,PROCESS-HEATED
AOM_002122,aom:processingMethod,AOM_101069,Defatting,approved-generated,Pete Steward,2026-08-05,data/livestock-staging/approved_ingredient_harmonization_rules.csv,Generated from approved rule under recorded guard; legacy material identity preserved.,PROCESS-DEFATTED
AOM_002122,aom:processingMethod,AOM_101071,Drying,approved-generated,Pete Steward,2026-08-05,data/livestock-staging/approved_ingredient_harmonization_rules.csv,Generated from approved rule under recorded guard; legacy material identity preserved.,PROCESS-DRIED
AOM_002122,aom:processingMethod,AOM_101091,Crushing,approved-generated,Pete Steward,2026-08-05,data/livestock-staging/approved_ingredient_harmonization_rules.csv,Generated from approved rule under recorded guard; legacy material identity preserved.,PROCESS-CRUSHED
AOM_002122,aom:processingMethod,AOM_101093,Extrusion,approved-generated,Pete Steward,2026-08-05,data/livestock-staging/approved_ingredient_harmonization_rules.csv,Generated from approved rule under recorded guard; legacy material identity preserved.,PROCESS-EXTRUDED
AOM_002122,aom:processingMethod,AOM_101095,Grinding,approved-generated,Pete Steward,2026-08-05,data/livestock-staging/approved_ingredient_harmonization_rules.csv,Generated from approved rule under recorded guard; legacy material identity preserved.,PROCESS-GROUND
AOM_002122,aom:processingMethod,AOM_101096,Heating,approved-generated,Pete Steward,2026-08-05,data/livestock-staging/approved_ingredient_harmonization_rules.csv,Generated from approved rule under recorded guard; legacy material identity preserved.,PROCESS-HEATED
AOM_002123,aom:processingMethod,AOM_101071,Drying,approved-generated,Pete Steward,2026-08-05,data/livestock-staging/approved_ingredient_harmonization_rules.csv,Generated from approved rule under recorded guard; legacy material identity preserved.,PROCESS-DRIED
AOM_002124,aom:processingMethod,AOM_101091,Crushing,approved-generated,Pete Steward,2026-08-05,data/livestock-staging/approved_ingredient_harmonization_rules.csv,Generated from approved rule under recorded guard; legacy material identity preserved.,PROCESS-CRUSHED
AOM_002125,aom:ingredientPart,AOM_101074,Grain,approved-generated,Pete Steward,2026-08-05,data/livestock-staging/approved_ingredient_harmonization_rules.csv,Generated from approved rule under recorded guard; legacy material identity preserved.,COMPONENT-GRAIN
AOM_002125,aom:processingMethod,AOM_101071,Drying,approved-generated,Pete Steward,2026-08-05,data/livestock-staging/approved_ingredient_harmonization_rules.csv,Generated from approved rule under recorded guard; legacy material identity preserved.,PROCESS-DRIED
AOM_002125,aom:processingMethod,AOM_101099,Soaking,approved-generated,Pete Steward,2026-08-05,data/livestock-staging/approved_ingredient_harmonization_rules.csv,Generated from approved rule under recorded guard; legacy material identity preserved.,PROCESS-SOAKED
AOM_002126,aom:ingredientPart,AOM_101074,Grain,approved-generated,Pete Steward,2026-08-05,data/livestock-staging/approved_ingredient_harmonization_rules.csv,Generated from approved rule under recorded guard; legacy material identity preserved.,COMPONENT-GRAIN
AOM_002126,aom:processingMethod,AOM_101071,Drying,approved-generated,Pete Steward,2026-08-05,data/livestock-staging/approved_ingredient_harmonization_rules.csv,Generated from approved rule under recorded guard; legacy material identity preserved.,PROCESS-DRIED
AOM_002126,aom:processingMethod,AOM_101099,Soaking,approved-generated,Pete Steward,2026-08-05,data/livestock-staging/approved_ingredient_harmonization_rules.csv,Generated from approved rule under recorded guard; legacy material identity preserved.,PROCESS-SOAKED
AOM_002128,aom:ingredientPart,AOM_101038,Seed,approved-generated,Pete Steward,2026-08-05,data/livestock-staging/approved_ingredient_harmonization_rules.csv,Generated from approved rule under recorded guard; legacy material identity preserved.,COMPONENT-SEED
AOM_002128,aom:processingMethod,AOM_101071,Drying,approved-generated,Pete Steward,2026-08-05,data/livestock-staging/approved_ingredient_harmonization_rules.csv,Generated from approved rule under recorded guard; legacy material identity preserved.,PROCESS-DRIED
AOM_002128,aom:processingMethod,AOM_101095,Grinding,approved-generated,Pete Steward,2026-08-05,data/livestock-staging/approved_ingredient_harmonization_rules.csv,Generated from approved rule under recorded guard; legacy material identity preserved.,PROCESS-GROUND
AOM_002128,aom:processingMethod,AOM_101099,Soaking,approved-generated,Pete Steward,2026-08-05,data/livestock-staging/approved_ingredient_harmonization_rules.csv,Generated from approved rule under recorded guard; legacy material identity preserved.,PROCESS-SOAKED
AOM_002129,aom:processingMethod,AOM_101095,Grinding,approved-generated,Pete Steward,2026-08-05,data/livestock-staging/approved_ingredient_harmonization_rules.csv,Generated from approved rule under recorded guard; legacy material identity preserved.,PROCESS-GROUND
AOM_002130,aom:processingMethod,AOM_101095,Grinding,approved-generated,Pete Steward,2026-08-05,data/livestock-staging/approved_ingredient_harmonization_rules.csv,Generated from approved rule under recorded guard; legacy material identity preserved.,PROCESS-GROUND
AOM_002131,aom:processingMethod,AOM_101071,Drying,approved-generated,Pete Steward,2026-08-05,data/livestock-staging/approved_ingredient_harmonization_rules.csv,Generated from approved rule under recorded guard; legacy material identity preserved.,PROCESS-DRIED
AOM_002131,aom:processingMethod,AOM_101094,Fermentation,approved-generated,Pete Steward,2026-08-05,data/livestock-staging/approved_ingredient_harmonization_rules.csv,Generated from approved rule under recorded guard; legacy material identity preserved.,PROCESS-FERMENTED
AOM_002131,aom:processingMethod,AOM_101095,Grinding,approved-generated,Pete Steward,2026-08-05,data/livestock-staging/approved_ingredient_harmonization_rules.csv,Generated from approved rule under recorded guard; legacy material identity preserved.,PROCESS-GROUND
AOM_002133,aom:processingMethod,AOM_101069,Defatting,approved-generated,Pete Steward,2026-08-05,data/livestock-staging/approved_ingredient_harmonization_rules.csv,Generated from approved rule under recorded guard; legacy material identity preserved.,PROCESS-DEFATTED
AOM_002133,aom:processingMethod,AOM_101095,Grinding,approved-generated,Pete Steward,2026-08-05,data/livestock-staging/approved_ingredient_harmonization_rules.csv,Generated from approved rule under recorded guard; legacy material identity preserved.,PROCESS-GROUND
AOM_002134,aom:processingMethod,AOM_101095,Grinding,approved-generated,Pete Steward,2026-08-05,data/livestock-staging/approved_ingredient_harmonization_rules.csv,Generated from approved rule under recorded guard; legacy material identity preserved.,PROCESS-GROUND
AOM_002151,aom:ingredientPart,AOM_101035,Pod,approved-generated,Pete Steward,2026-08-05,data/livestock-staging/approved_ingredient_harmonization_rules.csv,Generated from approved rule under recorded guard; legacy material identity preserved.,COMPONENT-POD
AOM_002168,aom:ingredientPart,AOM_101033,Leaf,approved-generated,Pete Steward,2026-08-05,data/livestock-staging/approved_ingredient_harmonization_rules.csv,Generated from approved rule under recorded guard; legacy material identity preserved.,COMPONENT-LEAF
AOM_002169,aom:ingredientPart,AOM_101033,Leaf,approved-generated,Pete Steward,2026-08-05,data/livestock-staging/approved_ingredient_harmonization_rules.csv,Generated from approved rule under recorded guard; legacy material identity preserved.,COMPONENT-LEAF
AOM_002190,aom:ingredientPart,AOM_101033,Leaf,approved-generated,Pete Steward,2026-08-05,data/livestock-staging/approved_ingredient_harmonization_rules.csv,Generated from approved rule under recorded guard; legacy material identity preserved.,COMPONENT-LEAF
AOM_002191,aom:ingredientPart,AOM_101040,Shell,approved-generated,Pete Steward,2026-08-05,data/livestock-staging/approved_ingredient_harmonization_rules.csv,Generated from approved rule under recorded guard; legacy material identity preserved.,COMPONENT-SHELL
AOM_002191,aom:processingMethod,AOM_101095,Grinding,approved-generated,Pete Steward,2026-08-05,data/livestock-staging/approved_ingredient_harmonization_rules.csv,Generated from approved rule under recorded guard; legacy material identity preserved.,PROCESS-GROUND
AOM_002202,aom:ingredientPart,AOM_101033,Leaf,approved-generated,Pete Steward,2026-08-05,data/livestock-staging/approved_ingredient_harmonization_rules.csv,Generated from approved rule under recorded guard; legacy material identity preserved.,COMPONENT-LEAF
AOM_002203,aom:ingredientPart,AOM_101035,Pod,approved-generated,Pete Steward,2026-08-05,data/livestock-staging/approved_ingredient_harmonization_rules.csv,Generated from approved rule under recorded guard; legacy material identity preserved.,COMPONENT-POD
AOM_002207,aom:ingredientPart,AOM_101033,Leaf,approved-generated,Pete Steward,2026-08-05,data/livestock-staging/approved_ingredient_harmonization_rules.csv,Generated from approved rule under recorded guard; legacy material identity preserved.,COMPONENT-LEAF
AOM_002208,aom:ingredientPart,AOM_101038,Seed,approved-generated,Pete Steward,2026-08-05,data/livestock-staging/approved_ingredient_harmonization_rules.csv,Generated from approved rule under recorded guard; legacy material identity preserved.,COMPONENT-SEED
AOM_002209,aom:ingredientPart,AOM_101038,Seed,approved-generated,Pete Steward,2026-08-05,data/livestock-staging/approved_ingredient_harmonization_rules.csv,Generated from approved rule under recorded guard; legacy material identity preserved.,COMPONENT-SEED
AOM_002215,aom:ingredientPart,AOM_101038,Seed,approved-generated,Pete Steward,2026-08-05,data/livestock-staging/approved_ingredient_harmonization_rules.csv,Generated from approved rule under recorded guard; legacy material identity preserved.,COMPONENT-SEED
AOM_002219,aom:processingMethod,AOM_101102,Wilting,approved-generated,Pete Steward,2026-08-05,data/livestock-staging/approved_ingredient_harmonization_rules.csv,Generated from approved rule under recorded guard; legacy material identity preserved.,PROCESS-WILTED
AOM_002225,aom:ingredientPart,AOM_101040,Shell,approved-generated,Pete Steward,2026-08-05,data/livestock-staging/approved_ingredient_harmonization_rules.csv,Generated from approved rule under recorded guard; legacy material identity preserved.,COMPONENT-SHELL
AOM_002231,aom:ingredientPart,AOM_101033,Leaf,approved-generated,Pete Steward,2026-08-05,data/livestock-staging/approved_ingredient_harmonization_rules.csv,Generated from approved rule under recorded guard; legacy material identity preserved.,COMPONENT-LEAF
AOM_002232,aom:ingredientPart,AOM_101033,Leaf,approved-generated,Pete Steward,2026-08-05,data/livestock-staging/approved_ingredient_harmonization_rules.csv,Generated from approved rule under recorded guard; legacy material identity preserved.,COMPONENT-LEAF
AOM_002233,aom:ingredientPart,AOM_101031,Husk,approved-generated,Pete Steward,2026-08-05,data/livestock-staging/approved_ingredient_harmonization_rules.csv,Generated from approved rule under recorded guard; legacy material identity preserved.,COMPONENT-HUSK
AOM_002233,aom:ingredientPart,AOM_101038,Seed,approved-generated,Pete Steward,2026-08-05,data/livestock-staging/approved_ingredient_harmonization_rules.csv,Generated from approved rule under recorded guard; legacy material identity preserved.,COMPONENT-SEED
AOM_002236,aom:ingredientPart,AOM_101033,Leaf,approved-generated,Pete Steward,2026-08-05,data/livestock-staging/approved_ingredient_harmonization_rules.csv,Generated from approved rule under recorded guard; legacy material identity preserved.,COMPONENT-LEAF
AOM_002240,aom:processingMethod,AOM_101095,Grinding,approved-generated,Pete Steward,2026-08-05,data/livestock-staging/approved_ingredient_harmonization_rules.csv,Generated from approved rule under recorded guard; legacy material identity preserved.,PROCESS-GROUND
AOM_002242,aom:processingMethod,AOM_000831,Ensiling,approved-generated,Pete Steward,2026-08-05,data/livestock-staging/approved_ingredient_harmonization_rules.csv,Generated from approved rule under recorded guard; legacy material identity preserved.,PROCESS-ENSILED
AOM_002244,aom:processingMethod,AOM_000831,Ensiling,approved-generated,Pete Steward,2026-08-05,data/livestock-staging/approved_ingredient_harmonization_rules.csv,Generated from approved rule under recorded guard; legacy material identity preserved.,PROCESS-ENSILED
AOM_002245,aom:processingMethod,AOM_000831,Ensiling,approved-generated,Pete Steward,2026-08-05,data/livestock-staging/approved_ingredient_harmonization_rules.csv,Generated from approved rule under recorded guard; legacy material identity preserved.,PROCESS-ENSILED
AOM_002249,aom:ingredientPart,AOM_101040,Shell,approved-generated,Pete Steward,2026-08-05,data/livestock-staging/approved_ingredient_harmonization_rules.csv,Generated from approved rule under recorded guard; legacy material identity preserved.,COMPONENT-SHELL
AOM_002251,aom:ingredientPart,AOM_101033,Leaf,approved-generated,Pete Steward,2026-08-05,data/livestock-staging/approved_ingredient_harmonization_rules.csv,Generated from approved rule under recorded guard; legacy material identity preserved.,COMPONENT-LEAF
AOM_002339,aom:ingredientPart,AOM_101031,Husk,approved-generated,Pete Steward,2026-08-05,data/livestock-staging/approved_ingredient_harmonization_rules.csv,Generated from approved rule under recorded guard; legacy material identity preserved.,COMPONENT-HUSK
AOM_002344,aom:ingredientPart,AOM_101034,Peel,approved-generated,Pete Steward,2026-08-05,data/livestock-staging/approved_ingredient_harmonization_rules.csv,Generated from approved rule under recorded guard; legacy material identity preserved.,COMPONENT-PEEL
AOM_002345,aom:ingredientPart,AOM_101033,Leaf,approved-generated,Pete Steward,2026-08-05,data/livestock-staging/approved_ingredient_harmonization_rules.csv,Generated from approved rule under recorded guard; legacy material identity preserved.,COMPONENT-LEAF
AOM_002346,aom:ingredientPart,AOM_101038,Seed,approved-generated,Pete Steward,2026-08-05,data/livestock-staging/approved_ingredient_harmonization_rules.csv,Generated from approved rule under recorded guard; legacy material identity preserved.,COMPONENT-SEED
AOM_002346,aom:processingMethod,AOM_101095,Grinding,approved-generated,Pete Steward,2026-08-05,data/livestock-staging/approved_ingredient_harmonization_rules.csv,Generated from approved rule under recorded guard; legacy material identity preserved.,PROCESS-GROUND
AOM_002347,aom:ingredientPart,AOM_101033,Leaf,approved-generated,Pete Steward,2026-08-05,data/livestock-staging/approved_ingredient_harmonization_rules.csv,Generated from approved rule under recorded guard; legacy material identity preserved.,COMPONENT-LEAF
AOM_002348,aom:ingredientPart,AOM_101033,Leaf,approved-generated,Pete Steward,2026-08-05,data/livestock-staging/approved_ingredient_harmonization_rules.csv,Generated from approved rule under recorded guard; legacy material identity preserved.,COMPONENT-LEAF
AOM_002353,aom:processingMethod,AOM_101095,Grinding,approved-generated,Pete Steward,2026-08-05,data/livestock-staging/approved_ingredient_harmonization_rules.csv,Generated from approved rule under recorded guard; legacy material identity preserved.,PROCESS-GROUND
AOM_003080,aom:ingredientPart,AOM_101038,Seed,approved-generated,Pete Steward,2026-08-05,data/livestock-staging/approved_ingredient_harmonization_rules.csv,Generated from approved rule under recorded guard; legacy material identity preserved.,COMPONENT-SEED
AOM_003082,aom:ingredientPart,AOM_101033,Leaf,approved-generated,Pete Steward,2026-08-05,data/livestock-staging/approved_ingredient_harmonization_rules.csv,Generated from approved rule under recorded guard; legacy material identity preserved.,COMPONENT-LEAF
AOM_003083,aom:ingredientPart,AOM_101033,Leaf,approved-generated,Pete Steward,2026-08-05,data/livestock-staging/approved_ingredient_harmonization_rules.csv,Generated from approved rule under recorded guard; legacy material identity preserved.,COMPONENT-LEAF
AOM_003102,aom:ingredientPart,AOM_101106,Straw,approved-generated,Pete Steward,2026-08-05,data/livestock-staging/approved_ingredient_harmonization_rules.csv,Generated from approved rule under recorded guard; legacy material identity preserved.,COMPONENT-STRAW
AOM_003106,aom:ingredientPart,AOM_101033,Leaf,approved-generated,Pete Steward,2026-08-05,data/livestock-staging/approved_ingredient_harmonization_rules.csv,Generated from approved rule under recorded guard; legacy material identity preserved.,COMPONENT-LEAF
AOM_003201,aom:physicalForm,AOM_101049,Block form,approved-generated,Pete Steward,2026-08-05,data/livestock-staging/approved_ingredient_harmonization_rules.csv,Generated from approved rule under recorded guard; legacy material identity preserved.,FORM-BLOCK
AOM_003266,aom:ingredientPart,AOM_101037,Root,approved-generated,Pete Steward,2026-08-05,data/livestock-staging/approved_ingredient_harmonization_rules.csv,Generated from approved rule under recorded guard; legacy material identity preserved.,COMPONENT-ROOT
AOM_003275,aom:ingredientPart,AOM_101033,Leaf,approved-generated,Pete Steward,2026-08-05,data/livestock-staging/approved_ingredient_harmonization_rules.csv,Generated from approved rule under recorded guard; legacy material identity preserved.,COMPONENT-LEAF
AOM_003492,aom:ingredientPart,AOM_101033,Leaf,approved-generated,Pete Steward,2026-08-05,data/livestock-staging/approved_ingredient_harmonization_rules.csv,Generated from approved rule under recorded guard; legacy material identity preserved.,COMPONENT-LEAF
AOM_003545,aom:ingredientPart,AOM_101033,Leaf,approved-generated,Pete Steward,2026-08-05,data/livestock-staging/approved_ingredient_harmonization_rules.csv,Generated from approved rule under recorded guard; legacy material identity preserved.,COMPONENT-LEAF
AOM_003549,aom:ingredientPart,AOM_101033,Leaf,approved-generated,Pete Steward,2026-08-05,data/livestock-staging/approved_ingredient_harmonization_rules.csv,Generated from approved rule under recorded guard; legacy material identity preserved.,COMPONENT-LEAF
AOM_003553,aom:ingredientPart,AOM_101033,Leaf,approved-generated,Pete Steward,2026-08-05,data/livestock-staging/approved_ingredient_harmonization_rules.csv,Generated from approved rule under recorded guard; legacy material identity preserved.,COMPONENT-LEAF
AOM_003558,aom:ingredientPart,AOM_101033,Leaf,approved-generated,Pete Steward,2026-08-05,data/livestock-staging/approved_ingredient_harmonization_rules.csv,Generated from approved rule under recorded guard; legacy material identity preserved.,COMPONENT-LEAF
AOM_003565,aom:ingredientPart,AOM_101074,Grain,approved-generated,Pete Steward,2026-08-05,data/livestock-staging/approved_ingredient_harmonization_rules.csv,Generated from approved rule under recorded guard; legacy material identity preserved.,COMPONENT-GRAIN
AOM_003582,aom:ingredientPart,AOM_101033,Leaf,approved-generated,Pete Steward,2026-08-05,data/livestock-staging/approved_ingredient_harmonization_rules.csv,Generated from approved rule under recorded guard; legacy material identity preserved.,COMPONENT-LEAF
AOM_003668,aom:ingredientPart,AOM_101033,Leaf,approved-generated,Pete Steward,2026-08-05,data/livestock-staging/approved_ingredient_harmonization_rules.csv,Generated from approved rule under recorded guard; legacy material identity preserved.,COMPONENT-LEAF
AOM_003683,aom:ingredientPart,AOM_101033,Leaf,approved-generated,Pete Steward,2026-08-05,data/livestock-staging/approved_ingredient_harmonization_rules.csv,Generated from approved rule under recorded guard; legacy material identity preserved.,COMPONENT-LEAF
AOM_003690,aom:processingMethod,AOM_101095,Grinding,approved-generated,Pete Steward,2026-08-05,data/livestock-staging/approved_ingredient_harmonization_rules.csv,Generated from approved rule under recorded guard; legacy material identity preserved.,PROCESS-GROUND
AOM_003691,aom:ingredientPart,AOM_101033,Leaf,approved-generated,Pete Steward,2026-08-05,data/livestock-staging/approved_ingredient_harmonization_rules.csv,Generated from approved rule under recorded guard; legacy material identity preserved.,COMPONENT-LEAF
AOM_003692,aom:ingredientPart,AOM_101106,Straw,approved-generated,Pete Steward,2026-08-05,data/livestock-staging/approved_ingredient_harmonization_rules.csv,Generated from approved rule under recorded guard; legacy material identity preserved.,COMPONENT-STRAW
AOM_003692,aom:processingMethod,AOM_101097,Molasses treatment,approved-generated,Pete Steward,2026-08-05,data/livestock-staging/approved_ingredient_harmonization_rules.csv,Generated from approved rule under recorded guard; legacy material identity preserved.,PROCESS-MOLASSES_TREATED
AOM_003703,aom:ingredientPart,AOM_101033,Leaf,approved-generated,Pete Steward,2026-08-05,data/livestock-staging/approved_ingredient_harmonization_rules.csv,Generated from approved rule under recorded guard; legacy material identity preserved.,COMPONENT-LEAF
AOM_003815,aom:processingMethod,AOM_101095,Grinding,approved-generated,Pete Steward,2026-08-05,data/livestock-staging/approved_ingredient_harmonization_rules.csv,Generated from approved rule under recorded guard; legacy material identity preserved.,PROCESS-GROUND
AOM_003853,aom:ingredientPart,AOM_101107,Vine,approved-generated,Pete Steward,2026-08-05,data/livestock-staging/approved_ingredient_harmonization_rules.csv,Generated from approved rule under recorded guard; legacy material identity preserved.,COMPONENT-VINE
AOM_003853,aom:processingMethod,AOM_101071,Drying,approved-generated,Pete Steward,2026-08-05,data/livestock-staging/approved_ingredient_harmonization_rules.csv,Generated from approved rule under recorded guard; legacy material identity preserved.,PROCESS-DRIED
AOM_003870,aom:physicalForm,AOM_101108,Pellet form,approved-generated,Pete Steward,2026-08-05,data/livestock-staging/approved_ingredient_harmonization_rules.csv,Generated from approved rule under recorded guard; legacy material identity preserved.,FORM-PELLET
AOM_003890,aom:ingredientPart,AOM_101038,Seed,approved-generated,Pete Steward,2026-08-05,data/livestock-staging/approved_ingredient_harmonization_rules.csv,Generated from approved rule under recorded guard; legacy material identity preserved.,COMPONENT-SEED
AOM_003894,aom:processingMethod,AOM_101095,Grinding,approved-generated,Pete Steward,2026-08-05,data/livestock-staging/approved_ingredient_harmonization_rules.csv,Generated from approved rule under recorded guard; legacy material identity preserved.,PROCESS-GROUND
AOM_003895,aom:ingredientPart,AOM_101033,Leaf,approved-generated,Pete Steward,2026-08-05,data/livestock-staging/approved_ingredient_harmonization_rules.csv,Generated from approved rule under recorded guard; legacy material identity preserved.,COMPONENT-LEAF
AOM_003896,aom:ingredientPart,AOM_101033,Leaf,approved-generated,Pete Steward,2026-08-05,data/livestock-staging/approved_ingredient_harmonization_rules.csv,Generated from approved rule under recorded guard; legacy material identity preserved.,COMPONENT-LEAF
AOM_003897,aom:processingMethod,AOM_101095,Grinding,approved-generated,Pete Steward,2026-08-05,data/livestock-staging/approved_ingredient_harmonization_rules.csv,Generated from approved rule under recorded guard; legacy material identity preserved.,PROCESS-GROUND
AOM_003900,aom:ingredientPart,AOM_101033,Leaf,approved-generated,Pete Steward,2026-08-05,data/livestock-staging/approved_ingredient_harmonization_rules.csv,Generated from approved rule under recorded guard; legacy material identity preserved.,COMPONENT-LEAF
AOM_003901,aom:ingredientPart,AOM_101033,Leaf,approved-generated,Pete Steward,2026-08-05,data/livestock-staging/approved_ingredient_harmonization_rules.csv,Generated from approved rule under recorded guard; legacy material identity preserved.,COMPONENT-LEAF
AOM_003902,aom:ingredientPart,AOM_101033,Leaf,approved-generated,Pete Steward,2026-08-05,data/livestock-staging/approved_ingredient_harmonization_rules.csv,Generated from approved rule under recorded guard; legacy material identity preserved.,COMPONENT-LEAF
AOM_003903,aom:ingredientPart,AOM_101033,Leaf,approved-generated,Pete Steward,2026-08-05,data/livestock-staging/approved_ingredient_harmonization_rules.csv,Generated from approved rule under recorded guard; legacy material identity preserved.,COMPONENT-LEAF
AOM_003905,aom:ingredientPart,AOM_101038,Seed,approved-generated,Pete Steward,2026-08-05,data/livestock-staging/approved_ingredient_harmonization_rules.csv,Generated from approved rule under recorded guard; legacy material identity preserved.,COMPONENT-SEED
AOM_003912,aom:ingredientPart,AOM_101033,Leaf,approved-generated,Pete Steward,2026-08-05,data/livestock-staging/approved_ingredient_harmonization_rules.csv,Generated from approved rule under recorded guard; legacy material identity preserved.,COMPONENT-LEAF
AOM_003913,aom:ingredientPart,AOM_101033,Leaf,approved-generated,Pete Steward,2026-08-05,data/livestock-staging/approved_ingredient_harmonization_rules.csv,Generated from approved rule under recorded guard; legacy material identity preserved.,COMPONENT-LEAF
AOM_003914,aom:ingredientPart,AOM_101033,Leaf,approved-generated,Pete Steward,2026-08-05,data/livestock-staging/approved_ingredient_harmonization_rules.csv,Generated from approved rule under recorded guard; legacy material identity preserved.,COMPONENT-LEAF
AOM_003915,aom:ingredientPart,AOM_101033,Leaf,approved-generated,Pete Steward,2026-08-05,data/livestock-staging/approved_ingredient_harmonization_rules.csv,Generated from approved rule under recorded guard; legacy material identity preserved.,COMPONENT-LEAF
AOM_003918,aom:processingMethod,AOM_101095,Grinding,approved-generated,Pete Steward,2026-08-05,data/livestock-staging/approved_ingredient_harmonization_rules.csv,Generated from approved rule under recorded guard; legacy material identity preserved.,PROCESS-GROUND
AOM_003919,aom:ingredientPart,AOM_101038,Seed,approved-generated,Pete Steward,2026-08-05,data/livestock-staging/approved_ingredient_harmonization_rules.csv,Generated from approved rule under recorded guard; legacy material identity preserved.,COMPONENT-SEED
AOM_003920,aom:ingredientPart,AOM_101038,Seed,approved-generated,Pete Steward,2026-08-05,data/livestock-staging/approved_ingredient_harmonization_rules.csv,Generated from approved rule under recorded guard; legacy material identity preserved.,COMPONENT-SEED
AOM_003920,aom:processingMethod,AOM_101071,Drying,approved-generated,Pete Steward,2026-08-05,data/livestock-staging/approved_ingredient_harmonization_rules.csv,Generated from approved rule under recorded guard; legacy material identity preserved.,PROCESS-DRIED
AOM_003920,aom:processingMethod,AOM_101089,Boiling,approved-generated,Pete Steward,2026-08-05,data/livestock-staging/approved_ingredient_harmonization_rules.csv,Generated from approved rule under recorded guard; legacy material identity preserved.,PROCESS-BOILED
AOM_003920,aom:processingMethod,AOM_101095,Grinding,approved-generated,Pete Steward,2026-08-05,data/livestock-staging/approved_ingredient_harmonization_rules.csv,Generated from approved rule under recorded guard; legacy material identity preserved.,PROCESS-GROUND
AOM_003926,aom:ingredientPart,AOM_101033,Leaf,approved-generated,Pete Steward,2026-08-05,data/livestock-staging/approved_ingredient_harmonization_rules.csv,Generated from approved rule under recorded guard; legacy material identity preserved.,COMPONENT-LEAF
AOM_003933,aom:ingredientPart,AOM_101107,Vine,approved-generated,Pete Steward,2026-08-05,data/livestock-staging/approved_ingredient_harmonization_rules.csv,Generated from approved rule under recorded guard; legacy material identity preserved.,COMPONENT-VINE
AOM_003950,aom:ingredientPart,AOM_101033,Leaf,approved-generated,Pete Steward,2026-08-05,data/livestock-staging/approved_ingredient_harmonization_rules.csv,Generated from approved rule under recorded guard; legacy material identity preserved.,COMPONENT-LEAF
AOM_003950,aom:processingMethod,AOM_101095,Grinding,approved-generated,Pete Steward,2026-08-05,data/livestock-staging/approved_ingredient_harmonization_rules.csv,Generated from approved rule under recorded guard; legacy material identity preserved.,PROCESS-GROUND
AOM_003954,aom:ingredientPart,AOM_101033,Leaf,approved-generated,Pete Steward,2026-08-05,data/livestock-staging/approved_ingredient_harmonization_rules.csv,Generated from approved rule under recorded guard; legacy material identity preserved.,COMPONENT-LEAF
AOM_003960,aom:ingredientPart,AOM_101107,Vine,approved-generated,Pete Steward,2026-08-05,data/livestock-staging/approved_ingredient_harmonization_rules.csv,Generated from approved rule under recorded guard; legacy material identity preserved.,COMPONENT-VINE
AOM_003961,aom:ingredientPart,AOM_101035,Pod,approved-generated,Pete Steward,2026-08-05,data/livestock-staging/approved_ingredient_harmonization_rules.csv,Generated from approved rule under recorded guard; legacy material identity preserved.,COMPONENT-POD
AOM_003970,aom:ingredientPart,AOM_101038,Seed,approved-generated,Pete Steward,2026-08-05,data/livestock-staging/approved_ingredient_harmonization_rules.csv,Generated from approved rule under recorded guard; legacy material identity preserved.,COMPONENT-SEED
AOM_003970,aom:processingMethod,AOM_101095,Grinding,approved-generated,Pete Steward,2026-08-05,data/livestock-staging/approved_ingredient_harmonization_rules.csv,Generated from approved rule under recorded guard; legacy material identity preserved.,PROCESS-GROUND
AOM_003971,aom:ingredientPart,AOM_101038,Seed,approved-generated,Pete Steward,2026-08-05,data/livestock-staging/approved_ingredient_harmonization_rules.csv,Generated from approved rule under recorded guard; legacy material identity preserved.,COMPONENT-SEED
AOM_003972,aom:ingredientPart,AOM_101033,Leaf,approved-generated,Pete Steward,2026-08-05,data/livestock-staging/approved_ingredient_harmonization_rules.csv,Generated from approved rule under recorded guard; legacy material identity preserved.,COMPONENT-LEAF
AOM_003973,aom:ingredientPart,AOM_101038,Seed,approved-generated,Pete Steward,2026-08-05,data/livestock-staging/approved_ingredient_harmonization_rules.csv,Generated from approved rule under recorded guard; legacy material identity preserved.,COMPONENT-SEED
AOM_003981,aom:ingredientPart,AOM_101033,Leaf,approved-generated,Pete Steward,2026-08-05,data/livestock-staging/approved_ingredient_harmonization_rules.csv,Generated from approved rule under recorded guard; legacy material identity preserved.,COMPONENT-LEAF
AOM_003989,aom:ingredientPart,AOM_101033,Leaf,approved-generated,Pete Steward,2026-08-05,data/livestock-staging/approved_ingredient_harmonization_rules.csv,Generated from approved rule under recorded guard; legacy material identity preserved.,COMPONENT-LEAF
AOM_003995,aom:physicalForm,AOM_101108,Pellet form,approved-generated,Pete Steward,2026-08-05,data/livestock-staging/approved_ingredient_harmonization_rules.csv,Generated from approved rule under recorded guard; legacy material identity preserved.,FORM-PELLET
AOM_003997,aom:ingredientPart,AOM_101033,Leaf,approved-generated,Pete Steward,2026-08-05,data/livestock-staging/approved_ingredient_harmonization_rules.csv,Generated from approved rule under recorded guard; legacy material identity preserved.,COMPONENT-LEAF
AOM_003999,aom:ingredientPart,AOM_101033,Leaf,approved-generated,Pete Steward,2026-08-05,data/livestock-staging/approved_ingredient_harmonization_rules.csv,Generated from approved rule under recorded guard; legacy material identity preserved.,COMPONENT-LEAF
AOM_004003,aom:ingredientPart,AOM_101074,Grain,approved-generated,Pete Steward,2026-08-05,data/livestock-staging/approved_ingredient_harmonization_rules.csv,Generated from approved rule under recorded guard; legacy material identity preserved.,COMPONENT-GRAIN
AOM_004005,aom:ingredientPart,AOM_101106,Straw,approved-generated,Pete Steward,2026-08-05,data/livestock-staging/approved_ingredient_harmonization_rules.csv,Generated from approved rule under recorded guard; legacy material identity preserved.,COMPONENT-STRAW
AOM_006001,aom:ingredientPart,AOM_101105,Stover,approved-generated,Pete Steward,2026-08-05,data/livestock-staging/approved_ingredient_harmonization_rules.csv,Generated from approved rule under recorded guard; legacy material identity preserved.,COMPONENT-STOVER
AOM_006002,aom:ingredientPart,AOM_101105,Stover,approved-generated,Pete Steward,2026-08-05,data/livestock-staging/approved_ingredient_harmonization_rules.csv,Generated from approved rule under recorded guard; legacy material identity preserved.,COMPONENT-STOVER
AOM_006002,aom:processingMethod,AOM_101101,Urea treatment,approved-generated,Pete Steward,2026-08-05,data/livestock-staging/approved_ingredient_harmonization_rules.csv,Generated from approved rule under recorded guard; legacy material identity preserved.,PROCESS-UREA_TREATED
AOM_006004,aom:processingMethod,AOM_101095,Grinding,approved-generated,Pete Steward,2026-08-05,data/livestock-staging/approved_ingredient_harmonization_rules.csv,Generated from approved rule under recorded guard; legacy material identity preserved.,PROCESS-GROUND
AOM_006005,aom:ingredientPart,AOM_101074,Grain,approved-generated,Pete Steward,2026-08-05,data/livestock-staging/approved_ingredient_harmonization_rules.csv,Generated from approved rule under recorded guard; legacy material identity preserved.,COMPONENT-GRAIN
AOM_006007,aom:ingredientPart,AOM_101033,Leaf,approved-generated,Pete Steward,2026-08-05,data/livestock-staging/approved_ingredient_harmonization_rules.csv,Generated from approved rule under recorded guard; legacy material identity preserved.,COMPONENT-LEAF
AOM_006007,aom:processingMethod,AOM_101071,Drying,approved-generated,Pete Steward,2026-08-05,data/livestock-staging/approved_ingredient_harmonization_rules.csv,Generated from approved rule under recorded guard; legacy material identity preserved.,PROCESS-DRIED
AOM_006009,aom:ingredientPart,AOM_101033,Leaf,approved-generated,Pete Steward,2026-08-05,data/livestock-staging/approved_ingredient_harmonization_rules.csv,Generated from approved rule under recorded guard; legacy material identity preserved.,COMPONENT-LEAF
AOM_006010,aom:ingredientPart,AOM_101033,Leaf,approved-generated,Pete Steward,2026-08-05,data/livestock-staging/approved_ingredient_harmonization_rules.csv,Generated from approved rule under recorded guard; legacy material identity preserved.,COMPONENT-LEAF
AOM_006010,aom:processingMethod,AOM_101071,Drying,approved-generated,Pete Steward,2026-08-05,data/livestock-staging/approved_ingredient_harmonization_rules.csv,Generated from approved rule under recorded guard; legacy material identity preserved.,PROCESS-DRIED
AOM_006011,aom:ingredientPart,AOM_101035,Pod,approved-generated,Pete Steward,2026-08-05,data/livestock-staging/approved_ingredient_harmonization_rules.csv,Generated from approved rule under recorded guard; legacy material identity preserved.,COMPONENT-POD
AOM_006012,aom:ingredientPart,AOM_101035,Pod,approved-generated,Pete Steward,2026-08-05,data/livestock-staging/approved_ingredient_harmonization_rules.csv,Generated from approved rule under recorded guard; legacy material identity preserved.,COMPONENT-POD
AOM_006012,aom:processingMethod,AOM_101071,Drying,approved-generated,Pete Steward,2026-08-05,data/livestock-staging/approved_ingredient_harmonization_rules.csv,Generated from approved rule under recorded guard; legacy material identity preserved.,PROCESS-DRIED
AOM_006015,aom:ingredientPart,AOM_101033,Leaf,approved-generated,Pete Steward,2026-08-05,data/livestock-staging/approved_ingredient_harmonization_rules.csv,Generated from approved rule under recorded guard; legacy material identity preserved.,COMPONENT-LEAF
AOM_006016,aom:ingredientPart,AOM_101033,Leaf,approved-generated,Pete Steward,2026-08-05,data/livestock-staging/approved_ingredient_harmonization_rules.csv,Generated from approved rule under recorded guard; legacy material identity preserved.,COMPONENT-LEAF
AOM_006016,aom:processingMethod,AOM_101071,Drying,approved-generated,Pete Steward,2026-08-05,data/livestock-staging/approved_ingredient_harmonization_rules.csv,Generated from approved rule under recorded guard; legacy material identity preserved.,PROCESS-DRIED
AOM_006016,aom:processingMethod,AOM_101095,Grinding,approved-generated,Pete Steward,2026-08-05,data/livestock-staging/approved_ingredient_harmonization_rules.csv,Generated from approved rule under recorded guard; legacy material identity preserved.,PROCESS-GROUND
AOM_006017,aom:ingredientPart,AOM_101033,Leaf,approved-generated,Pete Steward,2026-08-05,data/livestock-staging/approved_ingredient_harmonization_rules.csv,Generated from approved rule under recorded guard; legacy material identity preserved.,COMPONENT-LEAF
AOM_006017,aom:processingMethod,AOM_101071,Drying,approved-generated,Pete Steward,2026-08-05,data/livestock-staging/approved_ingredient_harmonization_rules.csv,Generated from approved rule under recorded guard; legacy material identity preserved.,PROCESS-DRIED
AOM_006017,aom:processingMethod,AOM_101091,Crushing,approved-generated,Pete Steward,2026-08-05,data/livestock-staging/approved_ingredient_harmonization_rules.csv,Generated from approved rule under recorded guard; legacy material identity preserved.,PROCESS-CRUSHED
AOM_006018,aom:ingredientPart,AOM_101033,Leaf,approved-generated,Pete Steward,2026-08-05,data/livestock-staging/approved_ingredient_harmonization_rules.csv,Generated from approved rule under recorded guard; legacy material identity preserved.,COMPONENT-LEAF
AOM_006018,aom:processingMethod,AOM_101071,Drying,approved-generated,Pete Steward,2026-08-05,data/livestock-staging/approved_ingredient_harmonization_rules.csv,Generated from approved rule under recorded guard; legacy material identity preserved.,PROCESS-DRIED
AOM_006019,aom:ingredientPart,AOM_101038,Seed,approved-generated,Pete Steward,2026-08-05,data/livestock-staging/approved_ingredient_harmonization_rules.csv,Generated from approved rule under recorded guard; legacy material identity preserved.,COMPONENT-SEED
AOM_006019,aom:processingMethod,AOM_101071,Drying,approved-generated,Pete Steward,2026-08-05,data/livestock-staging/approved_ingredient_harmonization_rules.csv,Generated from approved rule under recorded guard; legacy material identity preserved.,PROCESS-DRIED
AOM_006019,aom:processingMethod,AOM_101094,Fermentation,approved-generated,Pete Steward,2026-08-05,data/livestock-staging/approved_ingredient_harmonization_rules.csv,Generated from approved rule under recorded guard; legacy material identity preserved.,PROCESS-FERMENTED
AOM_006019,aom:processingMethod,AOM_101095,Grinding,approved-generated,Pete Steward,2026-08-05,data/livestock-staging/approved_ingredient_harmonization_rules.csv,Generated from approved rule under recorded guard; legacy material identity preserved.,PROCESS-GROUND
AOM_006022,aom:processingMethod,AOM_101095,Grinding,approved-generated,Pete Steward,2026-08-05,data/livestock-staging/approved_ingredient_harmonization_rules.csv,Generated from approved rule under recorded guard; legacy material identity preserved.,PROCESS-GROUND
AOM_006023,aom:processingMethod,AOM_101071,Drying,approved-generated,Pete Steward,2026-08-05,data/livestock-staging/approved_ingredient_harmonization_rules.csv,Generated from approved rule under recorded guard; legacy material identity preserved.,PROCESS-DRIED
AOM_006024,aom:processingMethod,AOM_000831,Ensiling,approved-generated,Pete Steward,2026-08-05,data/livestock-staging/approved_ingredient_harmonization_rules.csv,Generated from approved rule under recorded guard; legacy material identity preserved.,PROCESS-ENSILED
AOM_006025,aom:ingredientPart,AOM_101033,Leaf,approved-generated,Pete Steward,2026-08-05,data/livestock-staging/approved_ingredient_harmonization_rules.csv,Generated from approved rule under recorded guard; legacy material identity preserved.,COMPONENT-LEAF
AOM_006025,aom:processingMethod,AOM_101102,Wilting,approved-generated,Pete Steward,2026-08-05,data/livestock-staging/approved_ingredient_harmonization_rules.csv,Generated from approved rule under recorded guard; legacy material identity preserved.,PROCESS-WILTED
AOM_006026,aom:ingredientPart,AOM_101033,Leaf,approved-generated,Pete Steward,2026-08-05,data/livestock-staging/approved_ingredient_harmonization_rules.csv,Generated from approved rule under recorded guard; legacy material identity preserved.,COMPONENT-LEAF
AOM_006026,aom:processingMethod,AOM_101095,Grinding,approved-generated,Pete Steward,2026-08-05,data/livestock-staging/approved_ingredient_harmonization_rules.csv,Generated from approved rule under recorded guard; legacy material identity preserved.,PROCESS-GROUND
AOM_006027,aom:processingMethod,AOM_101095,Grinding,approved-generated,Pete Steward,2026-08-05,data/livestock-staging/approved_ingredient_harmonization_rules.csv,Generated from approved rule under recorded guard; legacy material identity preserved.,PROCESS-GROUND
AOM_006028,aom:ingredientPart,AOM_101033,Leaf,approved-generated,Pete Steward,2026-08-05,data/livestock-staging/approved_ingredient_harmonization_rules.csv,Generated from approved rule under recorded guard; legacy material identity preserved.,COMPONENT-LEAF
AOM_006028,aom:processingMethod,AOM_101071,Drying,approved-generated,Pete Steward,2026-08-05,data/livestock-staging/approved_ingredient_harmonization_rules.csv,Generated from approved rule under recorded guard; legacy material identity preserved.,PROCESS-DRIED
AOM_006029,aom:ingredientPart,AOM_101033,Leaf,approved-generated,Pete Steward,2026-08-05,data/livestock-staging/approved_ingredient_harmonization_rules.csv,Generated from approved rule under recorded guard; legacy material identity preserved.,COMPONENT-LEAF
AOM_006029,aom:processingMethod,AOM_101102,Wilting,approved-generated,Pete Steward,2026-08-05,data/livestock-staging/approved_ingredient_harmonization_rules.csv,Generated from approved rule under recorded guard; legacy material identity preserved.,PROCESS-WILTED
AOM_006030,aom:ingredientPart,AOM_101033,Leaf,approved-generated,Pete Steward,2026-08-05,data/livestock-staging/approved_ingredient_harmonization_rules.csv,Generated from approved rule under recorded guard; legacy material identity preserved.,COMPONENT-LEAF
AOM_006030,aom:processingMethod,AOM_101071,Drying,approved-generated,Pete Steward,2026-08-05,data/livestock-staging/approved_ingredient_harmonization_rules.csv,Generated from approved rule under recorded guard; legacy material identity preserved.,PROCESS-DRIED
AOM_006032,aom:ingredientPart,AOM_101033,Leaf,approved-generated,Pete Steward,2026-08-05,data/livestock-staging/approved_ingredient_harmonization_rules.csv,Generated from approved rule under recorded guard; legacy material identity preserved.,COMPONENT-LEAF
AOM_006032,aom:processingMethod,AOM_101071,Drying,approved-generated,Pete Steward,2026-08-05,data/livestock-staging/approved_ingredient_harmonization_rules.csv,Generated from approved rule under recorded guard; legacy material identity preserved.,PROCESS-DRIED
AOM_006033,aom:ingredientPart,AOM_101074,Grain,approved-generated,Pete Steward,2026-08-05,data/livestock-staging/approved_ingredient_harmonization_rules.csv,Generated from approved rule under recorded guard; legacy material identity preserved.,COMPONENT-GRAIN
AOM_006034,aom:ingredientPart,AOM_101074,Grain,approved-generated,Pete Steward,2026-08-05,data/livestock-staging/approved_ingredient_harmonization_rules.csv,Generated from approved rule under recorded guard; legacy material identity preserved.,COMPONENT-GRAIN
AOM_006034,aom:processingMethod,AOM_101100,Sprouting,approved-generated,Pete Steward,2026-08-05,data/livestock-staging/approved_ingredient_harmonization_rules.csv,Generated from approved rule under recorded guard; legacy material identity preserved.,PROCESS-SPROUTED
AOM_006035,aom:ingredientPart,AOM_101106,Straw,approved-generated,Pete Steward,2026-08-05,data/livestock-staging/approved_ingredient_harmonization_rules.csv,Generated from approved rule under recorded guard; legacy material identity preserved.,COMPONENT-STRAW
AOM_006035,aom:processingMethod,AOM_101094,Fermentation,approved-generated,Pete Steward,2026-08-05,data/livestock-staging/approved_ingredient_harmonization_rules.csv,Generated from approved rule under recorded guard; legacy material identity preserved.,PROCESS-FERMENTED
AOM_006036,aom:ingredientPart,AOM_101033,Leaf,approved-generated,Pete Steward,2026-08-05,data/livestock-staging/approved_ingredient_harmonization_rules.csv,Generated from approved rule under recorded guard; legacy material identity preserved.,COMPONENT-LEAF
AOM_006036,aom:processingMethod,AOM_101102,Wilting,approved-generated,Pete Steward,2026-08-05,data/livestock-staging/approved_ingredient_harmonization_rules.csv,Generated from approved rule under recorded guard; legacy material identity preserved.,PROCESS-WILTED
AOM_006037,aom:processingMethod,AOM_101102,Wilting,approved-generated,Pete Steward,2026-08-05,data/livestock-staging/approved_ingredient_harmonization_rules.csv,Generated from approved rule under recorded guard; legacy material identity preserved.,PROCESS-WILTED
AOM_006038,aom:ingredientPart,AOM_101033,Leaf,approved-generated,Pete Steward,2026-08-05,data/livestock-staging/approved_ingredient_harmonization_rules.csv,Generated from approved rule under recorded guard; legacy material identity preserved.,COMPONENT-LEAF
AOM_006038,aom:processingMethod,AOM_101102,Wilting,approved-generated,Pete Steward,2026-08-05,data/livestock-staging/approved_ingredient_harmonization_rules.csv,Generated from approved rule under recorded guard; legacy material identity preserved.,PROCESS-WILTED
AOM_006039,aom:processingMethod,AOM_101071,Drying,approved-generated,Pete Steward,2026-08-05,data/livestock-staging/approved_ingredient_harmonization_rules.csv,Generated from approved rule under recorded guard; legacy material identity preserved.,PROCESS-DRIED
AOM_006040,aom:ingredientPart,AOM_101106,Straw,approved-generated,Pete Steward,2026-08-05,data/livestock-staging/approved_ingredient_harmonization_rules.csv,Generated from approved rule under recorded guard; legacy material identity preserved.,COMPONENT-STRAW
AOM_006040,aom:processingMethod,AOM_101071,Drying,approved-generated,Pete Steward,2026-08-05,data/livestock-staging/approved_ingredient_harmonization_rules.csv,Generated from approved rule under recorded guard; legacy material identity preserved.,PROCESS-DRIED
AOM_006041,aom:ingredientPart,AOM_101033,Leaf,approved-generated,Pete Steward,2026-08-05,data/livestock-staging/approved_ingredient_harmonization_rules.csv,Generated from approved rule under recorded guard; legacy material identity preserved.,COMPONENT-LEAF
AOM_006041,aom:processingMethod,AOM_101071,Drying,approved-generated,Pete Steward,2026-08-05,data/livestock-staging/approved_ingredient_harmonization_rules.csv,Generated from approved rule under recorded guard; legacy material identity preserved.,PROCESS-DRIED
AOM_006041,aom:processingMethod,AOM_101091,Crushing,approved-generated,Pete Steward,2026-08-05,data/livestock-staging/approved_ingredient_harmonization_rules.csv,Generated from approved rule under recorded guard; legacy material identity preserved.,PROCESS-CRUSHED
AOM_006042,aom:ingredientPart,AOM_101106,Straw,approved-generated,Pete Steward,2026-08-05,data/livestock-staging/approved_ingredient_harmonization_rules.csv,Generated from approved rule under recorded guard; legacy material identity preserved.,COMPONENT-STRAW
AOM_006042,aom:processingMethod,AOM_101071,Drying,approved-generated,Pete Steward,2026-08-05,data/livestock-staging/approved_ingredient_harmonization_rules.csv,Generated from approved rule under recorded guard; legacy material identity preserved.,PROCESS-DRIED
AOM_006044,aom:processingMethod,AOM_101071,Drying,approved-generated,Pete Steward,2026-08-05,data/livestock-staging/approved_ingredient_harmonization_rules.csv,Generated from approved rule under recorded guard; legacy material identity preserved.,PROCESS-DRIED
AOM_006045,aom:processingMethod,AOM_101071,Drying,approved-generated,Pete Steward,2026-08-05,data/livestock-staging/approved_ingredient_harmonization_rules.csv,Generated from approved rule under recorded guard; legacy material identity preserved.,PROCESS-DRIED
AOM_006045,aom:processingMethod,AOM_101095,Grinding,approved-generated,Pete Steward,2026-08-05,data/livestock-staging/approved_ingredient_harmonization_rules.csv,Generated from approved rule under recorded guard; legacy material identity preserved.,PROCESS-GROUND
AOM_006046,aom:processingMethod,AOM_101071,Drying,approved-generated,Pete Steward,2026-08-05,data/livestock-staging/approved_ingredient_harmonization_rules.csv,Generated from approved rule under recorded guard; legacy material identity preserved.,PROCESS-DRIED
AOM_006047,aom:processingMethod,AOM_101071,Drying,approved-generated,Pete Steward,2026-08-05,data/livestock-staging/approved_ingredient_harmonization_rules.csv,Generated from approved rule under recorded guard; legacy material identity preserved.,PROCESS-DRIED
AOM_006048,aom:ingredientPart,AOM_101033,Leaf,approved-generated,Pete Steward,2026-08-05,data/livestock-staging/approved_ingredient_harmonization_rules.csv,Generated from approved rule under recorded guard; legacy material identity preserved.,COMPONENT-LEAF
AOM_006048,aom:processingMethod,AOM_101071,Drying,approved-generated,Pete Steward,2026-08-05,data/livestock-staging/approved_ingredient_harmonization_rules.csv,Generated from approved rule under recorded guard; legacy material identity preserved.,PROCESS-DRIED
AOM_006049,aom:ingredientPart,AOM_101040,Shell,approved-generated,Pete Steward,2026-08-05,data/livestock-staging/approved_ingredient_harmonization_rules.csv,Generated from approved rule under recorded guard; legacy material identity preserved.,COMPONENT-SHELL
AOM_006049,aom:processingMethod,AOM_101071,Drying,approved-generated,Pete Steward,2026-08-05,data/livestock-staging/approved_ingredient_harmonization_rules.csv,Generated from approved rule under recorded guard; legacy material identity preserved.,PROCESS-DRIED
AOM_006049,aom:processingMethod,AOM_101091,Crushing,approved-generated,Pete Steward,2026-08-05,data/livestock-staging/approved_ingredient_harmonization_rules.csv,Generated from approved rule under recorded guard; legacy material identity preserved.,PROCESS-CRUSHED
AOM_006050,aom:ingredientPart,AOM_101040,Shell,approved-generated,Pete Steward,2026-08-05,data/livestock-staging/approved_ingredient_harmonization_rules.csv,Generated from approved rule under recorded guard; legacy material identity preserved.,COMPONENT-SHELL
AOM_006050,aom:processingMethod,AOM_101095,Grinding,approved-generated,Pete Steward,2026-08-05,data/livestock-staging/approved_ingredient_harmonization_rules.csv,Generated from approved rule under recorded guard; legacy material identity preserved.,PROCESS-GROUND
AOM_006052,aom:ingredientPart,AOM_101040,Shell,approved-generated,Pete Steward,2026-08-05,data/livestock-staging/approved_ingredient_harmonization_rules.csv,Generated from approved rule under recorded guard; legacy material identity preserved.,COMPONENT-SHELL
AOM_006052,aom:processingMethod,AOM_101089,Boiling,approved-generated,Pete Steward,2026-08-05,data/livestock-staging/approved_ingredient_harmonization_rules.csv,Generated from approved rule under recorded guard; legacy material identity preserved.,PROCESS-BOILED
AOM_006052,aom:processingMethod,AOM_101091,Crushing,approved-generated,Pete Steward,2026-08-05,data/livestock-staging/approved_ingredient_harmonization_rules.csv,Generated from approved rule under recorded guard; legacy material identity preserved.,PROCESS-CRUSHED
AOM_006053,aom:ingredientPart,AOM_101033,Leaf,approved-generated,Pete Steward,2026-08-05,data/livestock-staging/approved_ingredient_harmonization_rules.csv,Generated from approved rule under recorded guard; legacy material identity preserved.,COMPONENT-LEAF
AOM_006053,aom:processingMethod,AOM_101071,Drying,approved-generated,Pete Steward,2026-08-05,data/livestock-staging/approved_ingredient_harmonization_rules.csv,Generated from approved rule under recorded guard; legacy material identity preserved.,PROCESS-DRIED
AOM_006054,aom:ingredientPart,AOM_101034,Peel,approved-generated,Pete Steward,2026-08-05,data/livestock-staging/approved_ingredient_harmonization_rules.csv,Generated from approved rule under recorded guard; legacy material identity preserved.,COMPONENT-PEEL
AOM_006054,aom:processingMethod,AOM_000831,Ensiling,approved-generated,Pete Steward,2026-08-05,data/livestock-staging/approved_ingredient_harmonization_rules.csv,Generated from approved rule under recorded guard; legacy material identity preserved.,PROCESS-ENSILED
AOM_006055,aom:ingredientPart,AOM_101034,Peel,approved-generated,Pete Steward,2026-08-05,data/livestock-staging/approved_ingredient_harmonization_rules.csv,Generated from approved rule under recorded guard; legacy material identity preserved.,COMPONENT-PEEL
AOM_006055,aom:processingMethod,AOM_101071,Drying,approved-generated,Pete Steward,2026-08-05,data/livestock-staging/approved_ingredient_harmonization_rules.csv,Generated from approved rule under recorded guard; legacy material identity preserved.,PROCESS-DRIED
AOM_006055,aom:processingMethod,AOM_101091,Crushing,approved-generated,Pete Steward,2026-08-05,data/livestock-staging/approved_ingredient_harmonization_rules.csv,Generated from approved rule under recorded guard; legacy material identity preserved.,PROCESS-CRUSHED
AOM_006056,aom:ingredientPart,AOM_101034,Peel,approved-generated,Pete Steward,2026-08-05,data/livestock-staging/approved_ingredient_harmonization_rules.csv,Generated from approved rule under recorded guard; legacy material identity preserved.,COMPONENT-PEEL
AOM_006056,aom:processingMethod,AOM_101071,Drying,approved-generated,Pete Steward,2026-08-05,data/livestock-staging/approved_ingredient_harmonization_rules.csv,Generated from approved rule under recorded guard; legacy material identity preserved.,PROCESS-DRIED
AOM_006056,aom:processingMethod,AOM_101102,Wilting,approved-generated,Pete Steward,2026-08-05,data/livestock-staging/approved_ingredient_harmonization_rules.csv,Generated from approved rule under recorded guard; legacy material identity preserved.,PROCESS-WILTED
AOM_006057,aom:ingredientPart,AOM_101034,Peel,approved-generated,Pete Steward,2026-08-05,data/livestock-staging/approved_ingredient_harmonization_rules.csv,Generated from approved rule under recorded guard; legacy material identity preserved.,COMPONENT-PEEL
AOM_006057,aom:processingMethod,AOM_101070,Pressing,approved-generated,Pete Steward,2026-08-05,data/livestock-staging/approved_ingredient_harmonization_rules.csv,Generated from approved rule under recorded guard; legacy material identity preserved.,PROCESS-PRESSED
AOM_006058,aom:ingredientPart,AOM_101034,Peel,approved-generated,Pete Steward,2026-08-05,data/livestock-staging/approved_ingredient_harmonization_rules.csv,Generated from approved rule under recorded guard; legacy material identity preserved.,COMPONENT-PEEL
AOM_006058,aom:processingMethod,AOM_000831,Ensiling,approved-generated,Pete Steward,2026-08-05,data/livestock-staging/approved_ingredient_harmonization_rules.csv,Generated from approved rule under recorded guard; legacy material identity preserved.,PROCESS-ENSILED
AOM_006058,aom:processingMethod,AOM_101071,Drying,approved-generated,Pete Steward,2026-08-05,data/livestock-staging/approved_ingredient_harmonization_rules.csv,Generated from approved rule under recorded guard; legacy material identity preserved.,PROCESS-DRIED
AOM_006058,aom:processingMethod,AOM_101102,Wilting,approved-generated,Pete Steward,2026-08-05,data/livestock-staging/approved_ingredient_harmonization_rules.csv,Generated from approved rule under recorded guard; legacy material identity preserved.,PROCESS-WILTED
AOM_006059,aom:ingredientPart,AOM_101043,Tuber,approved-generated,Pete Steward,2026-08-05,data/livestock-staging/approved_ingredient_harmonization_rules.csv,Generated from approved rule under recorded guard; legacy material identity preserved.,COMPONENT-TUBER
AOM_006059,aom:processingMethod,AOM_101071,Drying,approved-generated,Pete Steward,2026-08-05,data/livestock-staging/approved_ingredient_harmonization_rules.csv,Generated from approved rule under recorded guard; legacy material identity preserved.,PROCESS-DRIED
AOM_006059,aom:processingMethod,AOM_101095,Grinding,approved-generated,Pete Steward,2026-08-05,data/livestock-staging/approved_ingredient_harmonization_rules.csv,Generated from approved rule under recorded guard; legacy material identity preserved.,PROCESS-GROUND
AOM_006060,aom:ingredientPart,AOM_101043,Tuber,approved-generated,Pete Steward,2026-08-05,data/livestock-staging/approved_ingredient_harmonization_rules.csv,Generated from approved rule under recorded guard; legacy material identity preserved.,COMPONENT-TUBER
AOM_006060,aom:processingMethod,AOM_101095,Grinding,approved-generated,Pete Steward,2026-08-05,data/livestock-staging/approved_ingredient_harmonization_rules.csv,Generated from approved rule under recorded guard; legacy material identity preserved.,PROCESS-GROUND
AOM_006061,aom:ingredientPart,AOM_101033,Leaf,approved-generated,Pete Steward,2026-08-05,data/livestock-staging/approved_ingredient_harmonization_rules.csv,Generated from approved rule under recorded guard; legacy material identity preserved.,COMPONENT-LEAF
AOM_006061,aom:processingMethod,AOM_101071,Drying,approved-generated,Pete Steward,2026-08-05,data/livestock-staging/approved_ingredient_harmonization_rules.csv,Generated from approved rule under recorded guard; legacy material identity preserved.,PROCESS-DRIED
AOM_006061,aom:processingMethod,AOM_101095,Grinding,approved-generated,Pete Steward,2026-08-05,data/livestock-staging/approved_ingredient_harmonization_rules.csv,Generated from approved rule under recorded guard; legacy material identity preserved.,PROCESS-GROUND
AOM_006062,aom:processingMethod,AOM_101071,Drying,approved-generated,Pete Steward,2026-08-05,data/livestock-staging/approved_ingredient_harmonization_rules.csv,Generated from approved rule under recorded guard; legacy material identity preserved.,PROCESS-DRIED
AOM_006063,aom:processingMethod,AOM_101095,Grinding,approved-generated,Pete Steward,2026-08-05,data/livestock-staging/approved_ingredient_harmonization_rules.csv,Generated from approved rule under recorded guard; legacy material identity preserved.,PROCESS-GROUND
AOM_006064,aom:ingredientPart,AOM_101074,Grain,approved-generated,Pete Steward,2026-08-05,data/livestock-staging/approved_ingredient_harmonization_rules.csv,Generated from approved rule under recorded guard; legacy material identity preserved.,COMPONENT-GRAIN
AOM_006064,aom:processingMethod,AOM_101095,Grinding,approved-generated,Pete Steward,2026-08-05,data/livestock-staging/approved_ingredient_harmonization_rules.csv,Generated from approved rule under recorded guard; legacy material identity preserved.,PROCESS-GROUND
AOM_006065,aom:processingMethod,AOM_101071,Drying,approved-generated,Pete Steward,2026-08-05,data/livestock-staging/approved_ingredient_harmonization_rules.csv,Generated from approved rule under recorded guard; legacy material identity preserved.,PROCESS-DRIED
AOM_006065,aom:processingMethod,AOM_101091,Crushing,approved-generated,Pete Steward,2026-08-05,data/livestock-staging/approved_ingredient_harmonization_rules.csv,Generated from approved rule under recorded guard; legacy material identity preserved.,PROCESS-CRUSHED
AOM_006066,aom:processingMethod,AOM_101071,Drying,approved-generated,Pete Steward,2026-08-05,data/livestock-staging/approved_ingredient_harmonization_rules.csv,Generated from approved rule under recorded guard; legacy material identity preserved.,PROCESS-DRIED
AOM_006066,aom:processingMethod,AOM_101095,Grinding,approved-generated,Pete Steward,2026-08-05,data/livestock-staging/approved_ingredient_harmonization_rules.csv,Generated from approved rule under recorded guard; legacy material identity preserved.,PROCESS-GROUND
AOM_006067,aom:ingredientPart,AOM_101031,Husk,approved-generated,Pete Steward,2026-08-05,data/livestock-staging/approved_ingredient_harmonization_rules.csv,Generated from approved rule under recorded guard; legacy material identity preserved.,COMPONENT-HUSK
AOM_006067,aom:ingredientPart,AOM_101035,Pod,approved-generated,Pete Steward,2026-08-05,data/livestock-staging/approved_ingredient_harmonization_rules.csv,Generated from approved rule under recorded guard; legacy material identity preserved.,COMPONENT-POD
AOM_006067,aom:processingMethod,AOM_000831,Ensiling,approved-generated,Pete Steward,2026-08-05,data/livestock-staging/approved_ingredient_harmonization_rules.csv,Generated from approved rule under recorded guard; legacy material identity preserved.,PROCESS-ENSILED
AOM_006067,aom:processingMethod,AOM_101071,Drying,approved-generated,Pete Steward,2026-08-05,data/livestock-staging/approved_ingredient_harmonization_rules.csv,Generated from approved rule under recorded guard; legacy material identity preserved.,PROCESS-DRIED
AOM_006067,aom:processingMethod,AOM_101101,Urea treatment,approved-generated,Pete Steward,2026-08-05,data/livestock-staging/approved_ingredient_harmonization_rules.csv,Generated from approved rule under recorded guard; legacy material identity preserved.,PROCESS-UREA_TREATED
AOM_006068,aom:ingredientPart,AOM_101033,Leaf,approved-generated,Pete Steward,2026-08-05,data/livestock-staging/approved_ingredient_harmonization_rules.csv,Generated from approved rule under recorded guard; legacy material identity preserved.,COMPONENT-LEAF
AOM_006068,aom:processingMethod,AOM_101071,Drying,approved-generated,Pete Steward,2026-08-05,data/livestock-staging/approved_ingredient_harmonization_rules.csv,Generated from approved rule under recorded guard; legacy material identity preserved.,PROCESS-DRIED
AOM_006069,aom:processingMethod,AOM_101071,Drying,approved-generated,Pete Steward,2026-08-05,data/livestock-staging/approved_ingredient_harmonization_rules.csv,Generated from approved rule under recorded guard; legacy material identity preserved.,PROCESS-DRIED
AOM_006070,aom:processingMethod,AOM_101071,Drying,approved-generated,Pete Steward,2026-08-05,data/livestock-staging/approved_ingredient_harmonization_rules.csv,Generated from approved rule under recorded guard; legacy material identity preserved.,PROCESS-DRIED
AOM_006071,aom:ingredientPart,AOM_101026,Cob,approved-generated,Pete Steward,2026-08-05,data/livestock-staging/approved_ingredient_harmonization_rules.csv,Generated from approved rule under recorded guard; legacy material identity preserved.,COMPONENT-COB
AOM_006071,aom:processingMethod,AOM_101095,Grinding,approved-generated,Pete Steward,2026-08-05,data/livestock-staging/approved_ingredient_harmonization_rules.csv,Generated from approved rule under recorded guard; legacy material identity preserved.,PROCESS-GROUND
AOM_006073,aom:ingredientPart,AOM_101038,Seed,approved-generated,Pete Steward,2026-08-05,data/livestock-staging/approved_ingredient_harmonization_rules.csv,Generated from approved rule under recorded guard; legacy material identity preserved.,COMPONENT-SEED
AOM_006074,aom:processingMethod,AOM_101071,Drying,approved-generated,Pete Steward,2026-08-05,data/livestock-staging/approved_ingredient_harmonization_rules.csv,Generated from approved rule under recorded guard; legacy material identity preserved.,PROCESS-DRIED
AOM_006075,aom:processingMethod,AOM_101071,Drying,approved-generated,Pete Steward,2026-08-05,data/livestock-staging/approved_ingredient_harmonization_rules.csv,Generated from approved rule under recorded guard; legacy material identity preserved.,PROCESS-DRIED
AOM_006076,aom:ingredientPart,AOM_101105,Stover,approved-generated,Pete Steward,2026-08-05,data/livestock-staging/approved_ingredient_harmonization_rules.csv,Generated from approved rule under recorded guard; legacy material identity preserved.,COMPONENT-STOVER
AOM_006076,aom:processingMethod,AOM_000831,Ensiling,approved-generated,Pete Steward,2026-08-05,data/livestock-staging/approved_ingredient_harmonization_rules.csv,Generated from approved rule under recorded guard; legacy material identity preserved.,PROCESS-ENSILED
AOM_006077,aom:ingredientPart,AOM_101033,Leaf,approved-generated,Pete Steward,2026-08-05,data/livestock-staging/approved_ingredient_harmonization_rules.csv,Generated from approved rule under recorded guard; legacy material identity preserved.,COMPONENT-LEAF
AOM_006077,aom:processingMethod,AOM_101071,Drying,approved-generated,Pete Steward,2026-08-05,data/livestock-staging/approved_ingredient_harmonization_rules.csv,Generated from approved rule under recorded guard; legacy material identity preserved.,PROCESS-DRIED
AOM_006077,aom:processingMethod,AOM_101095,Grinding,approved-generated,Pete Steward,2026-08-05,data/livestock-staging/approved_ingredient_harmonization_rules.csv,Generated from approved rule under recorded guard; legacy material identity preserved.,PROCESS-GROUND
AOM_006078,aom:processingMethod,AOM_101091,Crushing,approved-generated,Pete Steward,2026-08-05,data/livestock-staging/approved_ingredient_harmonization_rules.csv,Generated from approved rule under recorded guard; legacy material identity preserved.,PROCESS-CRUSHED
AOM_006079,aom:ingredientPart,AOM_101031,Husk,approved-generated,Pete Steward,2026-08-05,data/livestock-staging/approved_ingredient_harmonization_rules.csv,Generated from approved rule under recorded guard; legacy material identity preserved.,COMPONENT-HUSK
AOM_006079,aom:processingMethod,AOM_101091,Crushing,approved-generated,Pete Steward,2026-08-05,data/livestock-staging/approved_ingredient_harmonization_rules.csv,Generated from approved rule under recorded guard; legacy material identity preserved.,PROCESS-CRUSHED
AOM_006080,aom:processingMethod,AOM_101095,Grinding,approved-generated,Pete Steward,2026-08-05,data/livestock-staging/approved_ingredient_harmonization_rules.csv,Generated from approved rule under recorded guard; legacy material identity preserved.,PROCESS-GROUND
AOM_006081,aom:ingredientPart,AOM_101038,Seed,approved-generated,Pete Steward,2026-08-05,data/livestock-staging/approved_ingredient_harmonization_rules.csv,Generated from approved rule under recorded guard; legacy material identity preserved.,COMPONENT-SEED
AOM_006081,aom:processingMethod,AOM_101095,Grinding,approved-generated,Pete Steward,2026-08-05,data/livestock-staging/approved_ingredient_harmonization_rules.csv,Generated from approved rule under recorded guard; legacy material identity preserved.,PROCESS-GROUND
AOM_006082,aom:ingredientPart,AOM_101038,Seed,approved-generated,Pete Steward,2026-08-05,data/livestock-staging/approved_ingredient_harmonization_rules.csv,Generated from approved rule under recorded guard; legacy material identity preserved.,COMPONENT-SEED
AOM_006082,aom:processingMethod,AOM_101095,Grinding,approved-generated,Pete Steward,2026-08-05,data/livestock-staging/approved_ingredient_harmonization_rules.csv,Generated from approved rule under recorded guard; legacy material identity preserved.,PROCESS-GROUND
AOM_006082,aom:processingMethod,AOM_101098,Roasting,approved-generated,Pete Steward,2026-08-05,data/livestock-staging/approved_ingredient_harmonization_rules.csv,Generated from approved rule under recorded guard; legacy material identity preserved.,PROCESS-ROASTED
AOM_006083,aom:ingredientPart,AOM_101038,Seed,approved-generated,Pete Steward,2026-08-05,data/livestock-staging/approved_ingredient_harmonization_rules.csv,Generated from approved rule under recorded guard; legacy material identity preserved.,COMPONENT-SEED
AOM_006083,aom:processingMethod,AOM_101071,Drying,approved-generated,Pete Steward,2026-08-05,data/livestock-staging/approved_ingredient_harmonization_rules.csv,Generated from approved rule under recorded guard; legacy material identity preserved.,PROCESS-DRIED
AOM_006083,aom:processingMethod,AOM_101095,Grinding,approved-generated,Pete Steward,2026-08-05,data/livestock-staging/approved_ingredient_harmonization_rules.csv,Generated from approved rule under recorded guard; legacy material identity preserved.,PROCESS-GROUND
AOM_006083,aom:processingMethod,AOM_101098,Roasting,approved-generated,Pete Steward,2026-08-05,data/livestock-staging/approved_ingredient_harmonization_rules.csv,Generated from approved rule under recorded guard; legacy material identity preserved.,PROCESS-ROASTED
AOM_006085,aom:processingMethod,AOM_101071,Drying,approved-generated,Pete Steward,2026-08-05,data/livestock-staging/approved_ingredient_harmonization_rules.csv,Generated from approved rule under recorded guard; legacy material identity preserved.,PROCESS-DRIED
AOM_006087,aom:processingMethod,AOM_000831,Ensiling,approved-generated,Pete Steward,2026-08-05,data/livestock-staging/approved_ingredient_harmonization_rules.csv,Generated from approved rule under recorded guard; legacy material identity preserved.,PROCESS-ENSILED
AOM_006088,aom:ingredientPart,AOM_101033,Leaf,approved-generated,Pete Steward,2026-08-05,data/livestock-staging/approved_ingredient_harmonization_rules.csv,Generated from approved rule under recorded guard; legacy material identity preserved.,COMPONENT-LEAF
AOM_006088,aom:processingMethod,AOM_101071,Drying,approved-generated,Pete Steward,2026-08-05,data/livestock-staging/approved_ingredient_harmonization_rules.csv,Generated from approved rule under recorded guard; legacy material identity preserved.,PROCESS-DRIED
AOM_006089,aom:processingMethod,AOM_000831,Ensiling,approved-generated,Pete Steward,2026-08-05,data/livestock-staging/approved_ingredient_harmonization_rules.csv,Generated from approved rule under recorded guard; legacy material identity preserved.,PROCESS-ENSILED
AOM_006090,aom:processingMethod,AOM_101091,Crushing,approved-generated,Pete Steward,2026-08-05,data/livestock-staging/approved_ingredient_harmonization_rules.csv,Generated from approved rule under recorded guard; legacy material identity preserved.,PROCESS-CRUSHED
AOM_006090,aom:processingMethod,AOM_101102,Wilting,approved-generated,Pete Steward,2026-08-05,data/livestock-staging/approved_ingredient_harmonization_rules.csv,Generated from approved rule under recorded guard; legacy material identity preserved.,PROCESS-WILTED
AOM_006091,aom:processingMethod,AOM_101071,Drying,approved-generated,Pete Steward,2026-08-05,data/livestock-staging/approved_ingredient_harmonization_rules.csv,Generated from approved rule under recorded guard; legacy material identity preserved.,PROCESS-DRIED
AOM_006092,aom:processingMethod,AOM_101071,Drying,approved-generated,Pete Steward,2026-08-05,data/livestock-staging/approved_ingredient_harmonization_rules.csv,Generated from approved rule under recorded guard; legacy material identity preserved.,PROCESS-DRIED
AOM_006093,aom:processingMethod,AOM_101095,Grinding,approved-generated,Pete Steward,2026-08-05,data/livestock-staging/approved_ingredient_harmonization_rules.csv,Generated from approved rule under recorded guard; legacy material identity preserved.,PROCESS-GROUND
AOM_006095,aom:processingMethod,AOM_101095,Grinding,approved-generated,Pete Steward,2026-08-05,data/livestock-staging/approved_ingredient_harmonization_rules.csv,Generated from approved rule under recorded guard; legacy material identity preserved.,PROCESS-GROUND
AOM_006096,aom:processingMethod,AOM_101071,Drying,approved-generated,Pete Steward,2026-08-05,data/livestock-staging/approved_ingredient_harmonization_rules.csv,Generated from approved rule under recorded guard; legacy material identity preserved.,PROCESS-DRIED
AOM_006098,aom:processingMethod,AOM_101071,Drying,approved-generated,Pete Steward,2026-08-05,data/livestock-staging/approved_ingredient_harmonization_rules.csv,Generated from approved rule under recorded guard; legacy material identity preserved.,PROCESS-DRIED
AOM_006098,aom:processingMethod,AOM_101095,Grinding,approved-generated,Pete Steward,2026-08-05,data/livestock-staging/approved_ingredient_harmonization_rules.csv,Generated from approved rule under recorded guard; legacy material identity preserved.,PROCESS-GROUND
AOM_006099,aom:processingMethod,AOM_101071,Drying,approved-generated,Pete Steward,2026-08-05,data/livestock-staging/approved_ingredient_harmonization_rules.csv,Generated from approved rule under recorded guard; legacy material identity preserved.,PROCESS-DRIED
AOM_006099,aom:processingMethod,AOM_101091,Crushing,approved-generated,Pete Steward,2026-08-05,data/livestock-staging/approved_ingredient_harmonization_rules.csv,Generated from approved rule under recorded guard; legacy material identity preserved.,PROCESS-CRUSHED
AOM_006100,aom:processingMethod,AOM_101095,Grinding,approved-generated,Pete Steward,2026-08-05,data/livestock-staging/approved_ingredient_harmonization_rules.csv,Generated from approved rule under recorded guard; legacy material identity preserved.,PROCESS-GROUND
AOM_006101,aom:processingMethod,AOM_101071,Drying,approved-generated,Pete Steward,2026-08-05,data/livestock-staging/approved_ingredient_harmonization_rules.csv,Generated from approved rule under recorded guard; legacy material identity preserved.,PROCESS-DRIED
AOM_006103,aom:processingMethod,AOM_000831,Ensiling,approved-generated,Pete Steward,2026-08-05,data/livestock-staging/approved_ingredient_harmonization_rules.csv,Generated from approved rule under recorded guard; legacy material identity preserved.,PROCESS-ENSILED
AOM_006103,aom:processingMethod,AOM_101102,Wilting,approved-generated,Pete Steward,2026-08-05,data/livestock-staging/approved_ingredient_harmonization_rules.csv,Generated from approved rule under recorded guard; legacy material identity preserved.,PROCESS-WILTED
AOM_006104,aom:processingMethod,AOM_101071,Drying,approved-generated,Pete Steward,2026-08-05,data/livestock-staging/approved_ingredient_harmonization_rules.csv,Generated from approved rule under recorded guard; legacy material identity preserved.,PROCESS-DRIED
AOM_006104,aom:processingMethod,AOM_101095,Grinding,approved-generated,Pete Steward,2026-08-05,data/livestock-staging/approved_ingredient_harmonization_rules.csv,Generated from approved rule under recorded guard; legacy material identity preserved.,PROCESS-GROUND
AOM_006105,aom:ingredientPart,AOM_101033,Leaf,approved-generated,Pete Steward,2026-08-05,data/livestock-staging/approved_ingredient_harmonization_rules.csv,Generated from approved rule under recorded guard; legacy material identity preserved.,COMPONENT-LEAF
AOM_006105,aom:processingMethod,AOM_101071,Drying,approved-generated,Pete Steward,2026-08-05,data/livestock-staging/approved_ingredient_harmonization_rules.csv,Generated from approved rule under recorded guard; legacy material identity preserved.,PROCESS-DRIED
AOM_006105,aom:processingMethod,AOM_101095,Grinding,approved-generated,Pete Steward,2026-08-05,data/livestock-staging/approved_ingredient_harmonization_rules.csv,Generated from approved rule under recorded guard; legacy material identity preserved.,PROCESS-GROUND
AOM_006106,aom:ingredientPart,AOM_101033,Leaf,approved-generated,Pete Steward,2026-08-05,data/livestock-staging/approved_ingredient_harmonization_rules.csv,Generated from approved rule under recorded guard; legacy material identity preserved.,COMPONENT-LEAF
AOM_006106,aom:processingMethod,AOM_101102,Wilting,approved-generated,Pete Steward,2026-08-05,data/livestock-staging/approved_ingredient_harmonization_rules.csv,Generated from approved rule under recorded guard; legacy material identity preserved.,PROCESS-WILTED
AOM_006107,aom:processingMethod,AOM_101071,Drying,approved-generated,Pete Steward,2026-08-05,data/livestock-staging/approved_ingredient_harmonization_rules.csv,Generated from approved rule under recorded guard; legacy material identity preserved.,PROCESS-DRIED
AOM_006108,aom:ingredientPart,AOM_101107,Vine,approved-generated,Pete Steward,2026-08-05,data/livestock-staging/approved_ingredient_harmonization_rules.csv,Generated from approved rule under recorded guard; legacy material identity preserved.,COMPONENT-VINE
AOM_006108,aom:processingMethod,AOM_101071,Drying,approved-generated,Pete Steward,2026-08-05,data/livestock-staging/approved_ingredient_harmonization_rules.csv,Generated from approved rule under recorded guard; legacy material identity preserved.,PROCESS-DRIED
AOM_006109,aom:processingMethod,AOM_101071,Drying,approved-generated,Pete Steward,2026-08-05,data/livestock-staging/approved_ingredient_harmonization_rules.csv,Generated from approved rule under recorded guard; legacy material identity preserved.,PROCESS-DRIED
AOM_006110,aom:processingMethod,AOM_101091,Crushing,approved-generated,Pete Steward,2026-08-05,data/livestock-staging/approved_ingredient_harmonization_rules.csv,Generated from approved rule under recorded guard; legacy material identity preserved.,PROCESS-CRUSHED
AOM_006111,aom:processingMethod,AOM_101071,Drying,approved-generated,Pete Steward,2026-08-05,data/livestock-staging/approved_ingredient_harmonization_rules.csv,Generated from approved rule under recorded guard; legacy material identity preserved.,PROCESS-DRIED
AOM_006112,aom:processingMethod,AOM_000831,Ensiling,approved-generated,Pete Steward,2026-08-05,data/livestock-staging/approved_ingredient_harmonization_rules.csv,Generated from approved rule under recorded guard; legacy material identity preserved.,PROCESS-ENSILED
AOM_006113,aom:processingMethod,AOM_101071,Drying,approved-generated,Pete Steward,2026-08-05,data/livestock-staging/approved_ingredient_harmonization_rules.csv,Generated from approved rule under recorded guard; legacy material identity preserved.,PROCESS-DRIED
AOM_006113,aom:processingMethod,AOM_101091,Crushing,approved-generated,Pete Steward,2026-08-05,data/livestock-staging/approved_ingredient_harmonization_rules.csv,Generated from approved rule under recorded guard; legacy material identity preserved.,PROCESS-CRUSHED
AOM_006114,aom:processingMethod,AOM_101095,Grinding,approved-generated,Pete Steward,2026-08-05,data/livestock-staging/approved_ingredient_harmonization_rules.csv,Generated from approved rule under recorded guard; legacy material identity preserved.,PROCESS-GROUND
AOM_006115,aom:processingMethod,AOM_101102,Wilting,approved-generated,Pete Steward,2026-08-05,data/livestock-staging/approved_ingredient_harmonization_rules.csv,Generated from approved rule under recorded guard; legacy material identity preserved.,PROCESS-WILTED
AOM_006116,aom:processingMethod,AOM_101071,Drying,approved-generated,Pete Steward,2026-08-05,data/livestock-staging/approved_ingredient_harmonization_rules.csv,Generated from approved rule under recorded guard; legacy material identity preserved.,PROCESS-DRIED
AOM_006117,aom:processingMethod,AOM_101095,Grinding,approved-generated,Pete Steward,2026-08-05,data/livestock-staging/approved_ingredient_harmonization_rules.csv,Generated from approved rule under recorded guard; legacy material identity preserved.,PROCESS-GROUND
AOM_006118,aom:ingredientPart,AOM_101038,Seed,approved-generated,Pete Steward,2026-08-05,data/livestock-staging/approved_ingredient_harmonization_rules.csv,Generated from approved rule under recorded guard; legacy material identity preserved.,COMPONENT-SEED
AOM_006120,aom:processingMethod,AOM_101071,Drying,approved-generated,Pete Steward,2026-08-05,data/livestock-staging/approved_ingredient_harmonization_rules.csv,Generated from approved rule under recorded guard; legacy material identity preserved.,PROCESS-DRIED
AOM_006121,aom:ingredientPart,AOM_101033,Leaf,approved-generated,Pete Steward,2026-08-05,data/livestock-staging/approved_ingredient_harmonization_rules.csv,Generated from approved rule under recorded guard; legacy material identity preserved.,COMPONENT-LEAF
AOM_006121,aom:processingMethod,AOM_101071,Drying,approved-generated,Pete Steward,2026-08-05,data/livestock-staging/approved_ingredient_harmonization_rules.csv,Generated from approved rule under recorded guard; legacy material identity preserved.,PROCESS-DRIED
AOM_006121,aom:processingMethod,AOM_101095,Grinding,approved-generated,Pete Steward,2026-08-05,data/livestock-staging/approved_ingredient_harmonization_rules.csv,Generated from approved rule under recorded guard; legacy material identity preserved.,PROCESS-GROUND
AOM_006122,aom:ingredientPart,AOM_101033,Leaf,approved-generated,Pete Steward,2026-08-05,data/livestock-staging/approved_ingredient_harmonization_rules.csv,Generated from approved rule under recorded guard; legacy material identity preserved.,COMPONENT-LEAF
AOM_006122,aom:processingMethod,AOM_101071,Drying,approved-generated,Pete Steward,2026-08-05,data/livestock-staging/approved_ingredient_harmonization_rules.csv,Generated from approved rule under recorded guard; legacy material identity preserved.,PROCESS-DRIED
AOM_006122,aom:processingMethod,AOM_101095,Grinding,approved-generated,Pete Steward,2026-08-05,data/livestock-staging/approved_ingredient_harmonization_rules.csv,Generated from approved rule under recorded guard; legacy material identity preserved.,PROCESS-GROUND
AOM_006124,aom:processingMethod,AOM_101095,Grinding,approved-generated,Pete Steward,2026-08-05,data/livestock-staging/approved_ingredient_harmonization_rules.csv,Generated from approved rule under recorded guard; legacy material identity preserved.,PROCESS-GROUND
AOM_006126,aom:ingredientPart,AOM_101104,Bran,approved-generated,Pete Steward,2026-08-05,data/livestock-staging/approved_ingredient_harmonization_rules.csv,Generated from approved rule under recorded guard; legacy material identity preserved.,COMPONENT-BRAN
AOM_006126,aom:processingMethod,AOM_101071,Drying,approved-generated,Pete Steward,2026-08-05,data/livestock-staging/approved_ingredient_harmonization_rules.csv,Generated from approved rule under recorded guard; legacy material identity preserved.,PROCESS-DRIED
AOM_006127,aom:processingMethod,AOM_101071,Drying,approved-generated,Pete Steward,2026-08-05,data/livestock-staging/approved_ingredient_harmonization_rules.csv,Generated from approved rule under recorded guard; legacy material identity preserved.,PROCESS-DRIED
AOM_006128,aom:processingMethod,AOM_101095,Grinding,approved-generated,Pete Steward,2026-08-05,data/livestock-staging/approved_ingredient_harmonization_rules.csv,Generated from approved rule under recorded guard; legacy material identity preserved.,PROCESS-GROUND
AOM_006129,aom:processingMethod,AOM_101071,Drying,approved-generated,Pete Steward,2026-08-05,data/livestock-staging/approved_ingredient_harmonization_rules.csv,Generated from approved rule under recorded guard; legacy material identity preserved.,PROCESS-DRIED
AOM_006129,aom:processingMethod,AOM_101095,Grinding,approved-generated,Pete Steward,2026-08-05,data/livestock-staging/approved_ingredient_harmonization_rules.csv,Generated from approved rule under recorded guard; legacy material identity preserved.,PROCESS-GROUND
AOM_006130,aom:ingredientPart,AOM_101031,Husk,approved-generated,Pete Steward,2026-08-05,data/livestock-staging/approved_ingredient_harmonization_rules.csv,Generated from approved rule under recorded guard; legacy material identity preserved.,COMPONENT-HUSK
AOM_006130,aom:ingredientPart,AOM_101038,Seed,approved-generated,Pete Steward,2026-08-05,data/livestock-staging/approved_ingredient_harmonization_rules.csv,Generated from approved rule under recorded guard; legacy material identity preserved.,COMPONENT-SEED
AOM_006130,aom:processingMethod,AOM_101095,Grinding,approved-generated,Pete Steward,2026-08-05,data/livestock-staging/approved_ingredient_harmonization_rules.csv,Generated from approved rule under recorded guard; legacy material identity preserved.,PROCESS-GROUND
AOM_006133,aom:ingredientPart,AOM_101106,Straw,approved-generated,Pete Steward,2026-08-05,data/livestock-staging/approved_ingredient_harmonization_rules.csv,Generated from approved rule under recorded guard; legacy material identity preserved.,COMPONENT-STRAW
AOM_006133,aom:processingMethod,AOM_000831,Ensiling,approved-generated,Pete Steward,2026-08-05,data/livestock-staging/approved_ingredient_harmonization_rules.csv,Generated from approved rule under recorded guard; legacy material identity preserved.,PROCESS-ENSILED
AOM_006133,aom:processingMethod,AOM_101101,Urea treatment,approved-generated,Pete Steward,2026-08-05,data/livestock-staging/approved_ingredient_harmonization_rules.csv,Generated from approved rule under recorded guard; legacy material identity preserved.,PROCESS-UREA_TREATED
AOM_006135,aom:processingMethod,AOM_101102,Wilting,approved-generated,Pete Steward,2026-08-05,data/livestock-staging/approved_ingredient_harmonization_rules.csv,Generated from approved rule under recorded guard; legacy material identity preserved.,PROCESS-WILTED
AOM_006136,aom:ingredientPart,AOM_101038,Seed,approved-generated,Pete Steward,2026-08-05,data/livestock-staging/approved_ingredient_harmonization_rules.csv,Generated from approved rule under recorded guard; legacy material identity preserved.,COMPONENT-SEED
AOM_006136,aom:processingMethod,AOM_101071,Drying,approved-generated,Pete Steward,2026-08-05,data/livestock-staging/approved_ingredient_harmonization_rules.csv,Generated from approved rule under recorded guard; legacy material identity preserved.,PROCESS-DRIED
AOM_006136,aom:processingMethod,AOM_101095,Grinding,approved-generated,Pete Steward,2026-08-05,data/livestock-staging/approved_ingredient_harmonization_rules.csv,Generated from approved rule under recorded guard; legacy material identity preserved.,PROCESS-GROUND
AOM_006137,aom:ingredientPart,AOM_101033,Leaf,approved-generated,Pete Steward,2026-08-05,data/livestock-staging/approved_ingredient_harmonization_rules.csv,Generated from approved rule under recorded guard; legacy material identity preserved.,COMPONENT-LEAF
AOM_006137,aom:processingMethod,AOM_101071,Drying,approved-generated,Pete Steward,2026-08-05,data/livestock-staging/approved_ingredient_harmonization_rules.csv,Generated from approved rule under recorded guard; legacy material identity preserved.,PROCESS-DRIED
AOM_006138,aom:ingredientPart,AOM_101033,Leaf,approved-generated,Pete Steward,2026-08-05,data/livestock-staging/approved_ingredient_harmonization_rules.csv,Generated from approved rule under recorded guard; legacy material identity preserved.,COMPONENT-LEAF
AOM_006138,aom:processingMethod,AOM_101071,Drying,approved-generated,Pete Steward,2026-08-05,data/livestock-staging/approved_ingredient_harmonization_rules.csv,Generated from approved rule under recorded guard; legacy material identity preserved.,PROCESS-DRIED
AOM_006138,aom:processingMethod,AOM_101091,Crushing,approved-generated,Pete Steward,2026-08-05,data/livestock-staging/approved_ingredient_harmonization_rules.csv,Generated from approved rule under recorded guard; legacy material identity preserved.,PROCESS-CRUSHED
AOM_006139,aom:ingredientPart,AOM_101033,Leaf,approved-generated,Pete Steward,2026-08-05,data/livestock-staging/approved_ingredient_harmonization_rules.csv,Generated from approved rule under recorded guard; legacy material identity preserved.,COMPONENT-LEAF
AOM_006139,aom:processingMethod,AOM_101071,Drying,approved-generated,Pete Steward,2026-08-05,data/livestock-staging/approved_ingredient_harmonization_rules.csv,Generated from approved rule under recorded guard; legacy material identity preserved.,PROCESS-DRIED
AOM_006139,aom:processingMethod,AOM_101091,Crushing,approved-generated,Pete Steward,2026-08-05,data/livestock-staging/approved_ingredient_harmonization_rules.csv,Generated from approved rule under recorded guard; legacy material identity preserved.,PROCESS-CRUSHED
AOM_006140,aom:ingredientPart,AOM_101033,Leaf,approved-generated,Pete Steward,2026-08-05,data/livestock-staging/approved_ingredient_harmonization_rules.csv,Generated from approved rule under recorded guard; legacy material identity preserved.,COMPONENT-LEAF
AOM_006140,aom:processingMethod,AOM_101071,Drying,approved-generated,Pete Steward,2026-08-05,data/livestock-staging/approved_ingredient_harmonization_rules.csv,Generated from approved rule under recorded guard; legacy material identity preserved.,PROCESS-DRIED
AOM_006140,aom:processingMethod,AOM_101095,Grinding,approved-generated,Pete Steward,2026-08-05,data/livestock-staging/approved_ingredient_harmonization_rules.csv,Generated from approved rule under recorded guard; legacy material identity preserved.,PROCESS-GROUND
AOM_006141,aom:processingMethod,AOM_101102,Wilting,approved-generated,Pete Steward,2026-08-05,data/livestock-staging/approved_ingredient_harmonization_rules.csv,Generated from approved rule under recorded guard; legacy material identity preserved.,PROCESS-WILTED
AOM_006142,aom:ingredientPart,AOM_101106,Straw,approved-generated,Pete Steward,2026-08-05,data/livestock-staging/approved_ingredient_harmonization_rules.csv,Generated from approved rule under recorded guard; legacy material identity preserved.,COMPONENT-STRAW
AOM_006142,aom:processingMethod,AOM_101071,Drying,approved-generated,Pete Steward,2026-08-05,data/livestock-staging/approved_ingredient_harmonization_rules.csv,Generated from approved rule under recorded guard; legacy material identity preserved.,PROCESS-DRIED
AOM_006143,aom:processingMethod,AOM_101071,Drying,approved-generated,Pete Steward,2026-08-05,data/livestock-staging/approved_ingredient_harmonization_rules.csv,Generated from approved rule under recorded guard; legacy material identity preserved.,PROCESS-DRIED
AOM_006144,aom:processingMethod,AOM_101071,Drying,approved-generated,Pete Steward,2026-08-05,data/livestock-staging/approved_ingredient_harmonization_rules.csv,Generated from approved rule under recorded guard; legacy material identity preserved.,PROCESS-DRIED
AOM_006144,aom:processingMethod,AOM_101095,Grinding,approved-generated,Pete Steward,2026-08-05,data/livestock-staging/approved_ingredient_harmonization_rules.csv,Generated from approved rule under recorded guard; legacy material identity preserved.,PROCESS-GROUND
AOM_006145,aom:processingMethod,AOM_101071,Drying,approved-generated,Pete Steward,2026-08-05,data/livestock-staging/approved_ingredient_harmonization_rules.csv,Generated from approved rule under recorded guard; legacy material identity preserved.,PROCESS-DRIED
AOM_006146,aom:processingMethod,AOM_000831,Ensiling,approved-generated,Pete Steward,2026-08-05,data/livestock-staging/approved_ingredient_harmonization_rules.csv,Generated from approved rule under recorded guard; legacy material identity preserved.,PROCESS-ENSILED
AOM_006147,aom:processingMethod,AOM_101071,Drying,approved-generated,Pete Steward,2026-08-05,data/livestock-staging/approved_ingredient_harmonization_rules.csv,Generated from approved rule under recorded guard; legacy material identity preserved.,PROCESS-DRIED
AOM_006147,aom:processingMethod,AOM_101095,Grinding,approved-generated,Pete Steward,2026-08-05,data/livestock-staging/approved_ingredient_harmonization_rules.csv,Generated from approved rule under recorded guard; legacy material identity preserved.,PROCESS-GROUND
AOM_006148,aom:processingMethod,AOM_101094,Fermentation,approved-generated,Pete Steward,2026-08-05,data/livestock-staging/approved_ingredient_harmonization_rules.csv,Generated from approved rule under recorded guard; legacy material identity preserved.,PROCESS-FERMENTED
AOM_006149,aom:ingredientPart,AOM_101033,Leaf,approved-generated,Pete Steward,2026-08-05,data/livestock-staging/approved_ingredient_harmonization_rules.csv,Generated from approved rule under recorded guard; legacy material identity preserved.,COMPONENT-LEAF
AOM_006149,aom:processingMethod,AOM_101071,Drying,approved-generated,Pete Steward,2026-08-05,data/livestock-staging/approved_ingredient_harmonization_rules.csv,Generated from approved rule under recorded guard; legacy material identity preserved.,PROCESS-DRIED
AOM_006151,aom:ingredientPart,AOM_101032,Kernel,approved-generated,Pete Steward,2026-08-05,data/livestock-staging/approved_ingredient_harmonization_rules.csv,Generated from approved rule under recorded guard; legacy material identity preserved.,COMPONENT-KERNEL
AOM_006151,aom:processingMethod,AOM_101071,Drying,approved-generated,Pete Steward,2026-08-05,data/livestock-staging/approved_ingredient_harmonization_rules.csv,Generated from approved rule under recorded guard; legacy material identity preserved.,PROCESS-DRIED
AOM_006151,aom:processingMethod,AOM_101095,Grinding,approved-generated,Pete Steward,2026-08-05,data/livestock-staging/approved_ingredient_harmonization_rules.csv,Generated from approved rule under recorded guard; legacy material identity preserved.,PROCESS-GROUND
AOM_006154,aom:processingMethod,AOM_101095,Grinding,approved-generated,Pete Steward,2026-08-05,data/livestock-staging/approved_ingredient_harmonization_rules.csv,Generated from approved rule under recorded guard; legacy material identity preserved.,PROCESS-GROUND
AOM_006156,aom:ingredientPart,AOM_101074,Grain,approved-generated,Pete Steward,2026-08-05,data/livestock-staging/approved_ingredient_harmonization_rules.csv,Generated from approved rule under recorded guard; legacy material identity preserved.,COMPONENT-GRAIN
AOM_006156,aom:processingMethod,AOM_101095,Grinding,approved-generated,Pete Steward,2026-08-05,data/livestock-staging/approved_ingredient_harmonization_rules.csv,Generated from approved rule under recorded guard; legacy material identity preserved.,PROCESS-GROUND
AOM_006158,aom:ingredientPart,AOM_101038,Seed,approved-generated,Pete Steward,2026-08-05,data/livestock-staging/approved_ingredient_harmonization_rules.csv,Generated from approved rule under recorded guard; legacy material identity preserved.,COMPONENT-SEED
AOM_006158,aom:processingMethod,AOM_101071,Drying,approved-generated,Pete Steward,2026-08-05,data/livestock-staging/approved_ingredient_harmonization_rules.csv,Generated from approved rule under recorded guard; legacy material identity preserved.,PROCESS-DRIED
AOM_006158,aom:processingMethod,AOM_101091,Crushing,approved-generated,Pete Steward,2026-08-05,data/livestock-staging/approved_ingredient_harmonization_rules.csv,Generated from approved rule under recorded guard; legacy material identity preserved.,PROCESS-CRUSHED
AOM_006159,aom:processingMethod,AOM_101071,Drying,approved-generated,Pete Steward,2026-08-05,data/livestock-staging/approved_ingredient_harmonization_rules.csv,Generated from approved rule under recorded guard; legacy material identity preserved.,PROCESS-DRIED
AOM_006161,aom:processingMethod,AOM_101071,Drying,approved-generated,Pete Steward,2026-08-05,data/livestock-staging/approved_ingredient_harmonization_rules.csv,Generated from approved rule under recorded guard; legacy material identity preserved.,PROCESS-DRIED
AOM_006161,aom:processingMethod,AOM_101095,Grinding,approved-generated,Pete Steward,2026-08-05,data/livestock-staging/approved_ingredient_harmonization_rules.csv,Generated from approved rule under recorded guard; legacy material identity preserved.,PROCESS-GROUND
AOM_006162,aom:processingMethod,AOM_101071,Drying,approved-generated,Pete Steward,2026-08-05,data/livestock-staging/approved_ingredient_harmonization_rules.csv,Generated from approved rule under recorded guard; legacy material identity preserved.,PROCESS-DRIED
AOM_006162,aom:processingMethod,AOM_101094,Fermentation,approved-generated,Pete Steward,2026-08-05,data/livestock-staging/approved_ingredient_harmonization_rules.csv,Generated from approved rule under recorded guard; legacy material identity preserved.,PROCESS-FERMENTED
AOM_006162,aom:processingMethod,AOM_101095,Grinding,approved-generated,Pete Steward,2026-08-05,data/livestock-staging/approved_ingredient_harmonization_rules.csv,Generated from approved rule under recorded guard; legacy material identity preserved.,PROCESS-GROUND
AOM_006163,aom:processingMethod,AOM_101071,Drying,approved-generated,Pete Steward,2026-08-05,data/livestock-staging/approved_ingredient_harmonization_rules.csv,Generated from approved rule under recorded guard; legacy material identity preserved.,PROCESS-DRIED
AOM_006163,aom:processingMethod,AOM_101094,Fermentation,approved-generated,Pete Steward,2026-08-05,data/livestock-staging/approved_ingredient_harmonization_rules.csv,Generated from approved rule under recorded guard; legacy material identity preserved.,PROCESS-FERMENTED
AOM_006163,aom:processingMethod,AOM_101095,Grinding,approved-generated,Pete Steward,2026-08-05,data/livestock-staging/approved_ingredient_harmonization_rules.csv,Generated from approved rule under recorded guard; legacy material identity preserved.,PROCESS-GROUND
AOM_006164,aom:ingredientPart,AOM_101074,Grain,approved-generated,Pete Steward,2026-08-05,data/livestock-staging/approved_ingredient_harmonization_rules.csv,Generated from approved rule under recorded guard; legacy material identity preserved.,COMPONENT-GRAIN
AOM_006164,aom:processingMethod,AOM_101091,Crushing,approved-generated,Pete Steward,2026-08-05,data/livestock-staging/approved_ingredient_harmonization_rules.csv,Generated from approved rule under recorded guard; legacy material identity preserved.,PROCESS-CRUSHED
AOM_006165,aom:ingredientPart,AOM_101106,Straw,approved-generated,Pete Steward,2026-08-05,data/livestock-staging/approved_ingredient_harmonization_rules.csv,Generated from approved rule under recorded guard; legacy material identity preserved.,COMPONENT-STRAW
AOM_006165,aom:processingMethod,AOM_000831,Ensiling,approved-generated,Pete Steward,2026-08-05,data/livestock-staging/approved_ingredient_harmonization_rules.csv,Generated from approved rule under recorded guard; legacy material identity preserved.,PROCESS-ENSILED
AOM_006165,aom:processingMethod,AOM_101101,Urea treatment,approved-generated,Pete Steward,2026-08-05,data/livestock-staging/approved_ingredient_harmonization_rules.csv,Generated from approved rule under recorded guard; legacy material identity preserved.,PROCESS-UREA_TREATED
AOM_006165,aom:processingMethod,AOM_101102,Wilting,approved-generated,Pete Steward,2026-08-05,data/livestock-staging/approved_ingredient_harmonization_rules.csv,Generated from approved rule under recorded guard; legacy material identity preserved.,PROCESS-WILTED
AOM_006166,aom:ingredientPart,AOM_101038,Seed,approved-generated,Pete Steward,2026-08-05,data/livestock-staging/approved_ingredient_harmonization_rules.csv,Generated from approved rule under recorded guard; legacy material identity preserved.,COMPONENT-SEED
AOM_006166,aom:processingMethod,AOM_101071,Drying,approved-generated,Pete Steward,2026-08-05,data/livestock-staging/approved_ingredient_harmonization_rules.csv,Generated from approved rule under recorded guard; legacy material identity preserved.,PROCESS-DRIED
AOM_006167,aom:processingMethod,AOM_101095,Grinding,approved-generated,Pete Steward,2026-08-05,data/livestock-staging/approved_ingredient_harmonization_rules.csv,Generated from approved rule under recorded guard; legacy material identity preserved.,PROCESS-GROUND
AOM_006170,aom:processingMethod,AOM_101071,Drying,approved-generated,Pete Steward,2026-08-05,data/livestock-staging/approved_ingredient_harmonization_rules.csv,Generated from approved rule under recorded guard; legacy material identity preserved.,PROCESS-DRIED
AOM_006171,aom:ingredientPart,AOM_101038,Seed,approved-generated,Pete Steward,2026-08-05,data/livestock-staging/approved_ingredient_harmonization_rules.csv,Generated from approved rule under recorded guard; legacy material identity preserved.,COMPONENT-SEED
AOM_006171,aom:processingMethod,AOM_101071,Drying,approved-generated,Pete Steward,2026-08-05,data/livestock-staging/approved_ingredient_harmonization_rules.csv,Generated from approved rule under recorded guard; legacy material identity preserved.,PROCESS-DRIED
AOM_006171,aom:processingMethod,AOM_101095,Grinding,approved-generated,Pete Steward,2026-08-05,data/livestock-staging/approved_ingredient_harmonization_rules.csv,Generated from approved rule under recorded guard; legacy material identity preserved.,PROCESS-GROUND
AOM_006172,aom:ingredientPart,AOM_101038,Seed,approved-generated,Pete Steward,2026-08-05,data/livestock-staging/approved_ingredient_harmonization_rules.csv,Generated from approved rule under recorded guard; legacy material identity preserved.,COMPONENT-SEED
AOM_006172,aom:processingMethod,AOM_101071,Drying,approved-generated,Pete Steward,2026-08-05,data/livestock-staging/approved_ingredient_harmonization_rules.csv,Generated from approved rule under recorded guard; legacy material identity preserved.,PROCESS-DRIED
AOM_006172,aom:processingMethod,AOM_101094,Fermentation,approved-generated,Pete Steward,2026-08-05,data/livestock-staging/approved_ingredient_harmonization_rules.csv,Generated from approved rule under recorded guard; legacy material identity preserved.,PROCESS-FERMENTED
AOM_006172,aom:processingMethod,AOM_101095,Grinding,approved-generated,Pete Steward,2026-08-05,data/livestock-staging/approved_ingredient_harmonization_rules.csv,Generated from approved rule under recorded guard; legacy material identity preserved.,PROCESS-GROUND
AOM_006173,aom:ingredientPart,AOM_101038,Seed,approved-generated,Pete Steward,2026-08-05,data/livestock-staging/approved_ingredient_harmonization_rules.csv,Generated from approved rule under recorded guard; legacy material identity preserved.,COMPONENT-SEED
AOM_006173,aom:processingMethod,AOM_101095,Grinding,approved-generated,Pete Steward,2026-08-05,data/livestock-staging/approved_ingredient_harmonization_rules.csv,Generated from approved rule under recorded guard; legacy material identity preserved.,PROCESS-GROUND
AOM_006174,aom:processingMethod,AOM_101071,Drying,approved-generated,Pete Steward,2026-08-05,data/livestock-staging/approved_ingredient_harmonization_rules.csv,Generated from approved rule under recorded guard; legacy material identity preserved.,PROCESS-DRIED
AOM_006174,aom:processingMethod,AOM_101095,Grinding,approved-generated,Pete Steward,2026-08-05,data/livestock-staging/approved_ingredient_harmonization_rules.csv,Generated from approved rule under recorded guard; legacy material identity preserved.,PROCESS-GROUND
AOM_006175,aom:ingredientPart,AOM_101106,Straw,approved-generated,Pete Steward,2026-08-05,data/livestock-staging/approved_ingredient_harmonization_rules.csv,Generated from approved rule under recorded guard; legacy material identity preserved.,COMPONENT-STRAW
AOM_006175,aom:processingMethod,AOM_000831,Ensiling,approved-generated,Pete Steward,2026-08-05,data/livestock-staging/approved_ingredient_harmonization_rules.csv,Generated from approved rule under recorded guard; legacy material identity preserved.,PROCESS-ENSILED
AOM_006175,aom:processingMethod,AOM_101094,Fermentation,approved-generated,Pete Steward,2026-08-05,data/livestock-staging/approved_ingredient_harmonization_rules.csv,Generated from approved rule under recorded guard; legacy material identity preserved.,PROCESS-FERMENTED
AOM_006176,aom:ingredientPart,AOM_101038,Seed,approved-generated,Pete Steward,2026-08-05,data/livestock-staging/approved_ingredient_harmonization_rules.csv,Generated from approved rule under recorded guard; legacy material identity preserved.,COMPONENT-SEED
AOM_006176,aom:processingMethod,AOM_101071,Drying,approved-generated,Pete Steward,2026-08-05,data/livestock-staging/approved_ingredient_harmonization_rules.csv,Generated from approved rule under recorded guard; legacy material identity preserved.,PROCESS-DRIED
AOM_006176,aom:processingMethod,AOM_101091,Crushing,approved-generated,Pete Steward,2026-08-05,data/livestock-staging/approved_ingredient_harmonization_rules.csv,Generated from approved rule under recorded guard; legacy material identity preserved.,PROCESS-CRUSHED
AOM_006177,aom:ingredientPart,AOM_101033,Leaf,approved-generated,Pete Steward,2026-08-05,data/livestock-staging/approved_ingredient_harmonization_rules.csv,Generated from approved rule under recorded guard; legacy material identity preserved.,COMPONENT-LEAF
AOM_006177,aom:processingMethod,AOM_101071,Drying,approved-generated,Pete Steward,2026-08-05,data/livestock-staging/approved_ingredient_harmonization_rules.csv,Generated from approved rule under recorded guard; legacy material identity preserved.,PROCESS-DRIED
AOM_006178,aom:processingMethod,AOM_000831,Ensiling,approved-generated,Pete Steward,2026-08-05,data/livestock-staging/approved_ingredient_harmonization_rules.csv,Generated from approved rule under recorded guard; legacy material identity preserved.,PROCESS-ENSILED
AOM_006179,aom:processingMethod,AOM_101095,Grinding,approved-generated,Pete Steward,2026-08-05,data/livestock-staging/approved_ingredient_harmonization_rules.csv,Generated from approved rule under recorded guard; legacy material identity preserved.,PROCESS-GROUND
AOM_006181,aom:ingredientPart,AOM_101106,Straw,approved-generated,Pete Steward,2026-08-05,data/livestock-staging/approved_ingredient_harmonization_rules.csv,Generated from approved rule under recorded guard; legacy material identity preserved.,COMPONENT-STRAW
AOM_006181,aom:processingMethod,AOM_000831,Ensiling,approved-generated,Pete Steward,2026-08-05,data/livestock-staging/approved_ingredient_harmonization_rules.csv,Generated from approved rule under recorded guard; legacy material identity preserved.,PROCESS-ENSILED
AOM_006182,aom:ingredientPart,AOM_101107,Vine,approved-generated,Pete Steward,2026-08-05,data/livestock-staging/approved_ingredient_harmonization_rules.csv,Generated from approved rule under recorded guard; legacy material identity preserved.,COMPONENT-VINE
AOM_006182,aom:processingMethod,AOM_101071,Drying,approved-generated,Pete Steward,2026-08-05,data/livestock-staging/approved_ingredient_harmonization_rules.csv,Generated from approved rule under recorded guard; legacy material identity preserved.,PROCESS-DRIED
AOM_006183,aom:ingredientPart,AOM_101107,Vine,approved-generated,Pete Steward,2026-08-05,data/livestock-staging/approved_ingredient_harmonization_rules.csv,Generated from approved rule under recorded guard; legacy material identity preserved.,COMPONENT-VINE
AOM_006183,aom:processingMethod,AOM_101071,Drying,approved-generated,Pete Steward,2026-08-05,data/livestock-staging/approved_ingredient_harmonization_rules.csv,Generated from approved rule under recorded guard; legacy material identity preserved.,PROCESS-DRIED
AOM_006183,aom:processingMethod,AOM_101094,Fermentation,approved-generated,Pete Steward,2026-08-05,data/livestock-staging/approved_ingredient_harmonization_rules.csv,Generated from approved rule under recorded guard; legacy material identity preserved.,PROCESS-FERMENTED
AOM_006184,aom:processingMethod,AOM_101095,Grinding,approved-generated,Pete Steward,2026-08-05,data/livestock-staging/approved_ingredient_harmonization_rules.csv,Generated from approved rule under recorded guard; legacy material identity preserved.,PROCESS-GROUND
AOM_006184,aom:processingMethod,AOM_101102,Wilting,approved-generated,Pete Steward,2026-08-05,data/livestock-staging/approved_ingredient_harmonization_rules.csv,Generated from approved rule under recorded guard; legacy material identity preserved.,PROCESS-WILTED
AOM_006185,aom:ingredientPart,AOM_101033,Leaf,approved-generated,Pete Steward,2026-08-05,data/livestock-staging/approved_ingredient_harmonization_rules.csv,Generated from approved rule under recorded guard; legacy material identity preserved.,COMPONENT-LEAF
AOM_006185,aom:processingMethod,AOM_101071,Drying,approved-generated,Pete Steward,2026-08-05,data/livestock-staging/approved_ingredient_harmonization_rules.csv,Generated from approved rule under recorded guard; legacy material identity preserved.,PROCESS-DRIED
AOM_006185,aom:processingMethod,AOM_101095,Grinding,approved-generated,Pete Steward,2026-08-05,data/livestock-staging/approved_ingredient_harmonization_rules.csv,Generated from approved rule under recorded guard; legacy material identity preserved.,PROCESS-GROUND
AOM_006186,aom:processingMethod,AOM_101071,Drying,approved-generated,Pete Steward,2026-08-05,data/livestock-staging/approved_ingredient_harmonization_rules.csv,Generated from approved rule under recorded guard; legacy material identity preserved.,PROCESS-DRIED
AOM_006186,aom:processingMethod,AOM_101095,Grinding,approved-generated,Pete Steward,2026-08-05,data/livestock-staging/approved_ingredient_harmonization_rules.csv,Generated from approved rule under recorded guard; legacy material identity preserved.,PROCESS-GROUND
AOM_006187,aom:ingredientPart,AOM_101031,Husk,approved-generated,Pete Steward,2026-08-05,data/livestock-staging/approved_ingredient_harmonization_rules.csv,Generated from approved rule under recorded guard; legacy material identity preserved.,COMPONENT-HUSK
AOM_006187,aom:processingMethod,AOM_000831,Ensiling,approved-generated,Pete Steward,2026-08-05,data/livestock-staging/approved_ingredient_harmonization_rules.csv,Generated from approved rule under recorded guard; legacy material identity preserved.,PROCESS-ENSILED
AOM_006188,aom:ingredientPart,AOM_101031,Husk,approved-generated,Pete Steward,2026-08-05,data/livestock-staging/approved_ingredient_harmonization_rules.csv,Generated from approved rule under recorded guard; legacy material identity preserved.,COMPONENT-HUSK
AOM_006188,aom:processingMethod,AOM_101094,Fermentation,approved-generated,Pete Steward,2026-08-05,data/livestock-staging/approved_ingredient_harmonization_rules.csv,Generated from approved rule under recorded guard; legacy material identity preserved.,PROCESS-FERMENTED
AOM_006190,aom:ingredientPart,AOM_101106,Straw,approved-generated,Pete Steward,2026-08-05,data/livestock-staging/approved_ingredient_harmonization_rules.csv,Generated from approved rule under recorded guard; legacy material identity preserved.,COMPONENT-STRAW
AOM_006190,aom:processingMethod,AOM_101095,Grinding,approved-generated,Pete Steward,2026-08-05,data/livestock-staging/approved_ingredient_harmonization_rules.csv,Generated from approved rule under recorded guard; legacy material identity preserved.,PROCESS-GROUND
AOM_006191,aom:ingredientPart,AOM_101106,Straw,approved-generated,Pete Steward,2026-08-05,data/livestock-staging/approved_ingredient_harmonization_rules.csv,Generated from approved rule under recorded guard; legacy material identity preserved.,COMPONENT-STRAW
AOM_006191,aom:processingMethod,AOM_101071,Drying,approved-generated,Pete Steward,2026-08-05,data/livestock-staging/approved_ingredient_harmonization_rules.csv,Generated from approved rule under recorded guard; legacy material identity preserved.,PROCESS-DRIED
AOM_006192,aom:ingredientPart,AOM_101106,Straw,approved-generated,Pete Steward,2026-08-05,data/livestock-staging/approved_ingredient_harmonization_rules.csv,Generated from approved rule under recorded guard; legacy material identity preserved.,COMPONENT-STRAW
AOM_006192,aom:processingMethod,AOM_000831,Ensiling,approved-generated,Pete Steward,2026-08-05,data/livestock-staging/approved_ingredient_harmonization_rules.csv,Generated from approved rule under recorded guard; legacy material identity preserved.,PROCESS-ENSILED
AOM_006192,aom:processingMethod,AOM_101071,Drying,approved-generated,Pete Steward,2026-08-05,data/livestock-staging/approved_ingredient_harmonization_rules.csv,Generated from approved rule under recorded guard; legacy material identity preserved.,PROCESS-DRIED
AOM_006192,aom:processingMethod,AOM_101101,Urea treatment,approved-generated,Pete Steward,2026-08-05,data/livestock-staging/approved_ingredient_harmonization_rules.csv,Generated from approved rule under recorded guard; legacy material identity preserved.,PROCESS-UREA_TREATED
AOM_006194,aom:processingMethod,AOM_101095,Grinding,approved-generated,Pete Steward,2026-08-05,data/livestock-staging/approved_ingredient_harmonization_rules.csv,Generated from approved rule under recorded guard; legacy material identity preserved.,PROCESS-GROUND
AOM_006196,aom:ingredientPart,AOM_101038,Seed,approved-generated,Pete Steward,2026-08-05,data/livestock-staging/approved_ingredient_harmonization_rules.csv,Generated from approved rule under recorded guard; legacy material identity preserved.,COMPONENT-SEED
AOM_006196,aom:processingMethod,AOM_101095,Grinding,approved-generated,Pete Steward,2026-08-05,data/livestock-staging/approved_ingredient_harmonization_rules.csv,Generated from approved rule under recorded guard; legacy material identity preserved.,PROCESS-GROUND
AOM_006198,aom:processingMethod,AOM_101071,Drying,approved-generated,Pete Steward,2026-08-05,data/livestock-staging/approved_ingredient_harmonization_rules.csv,Generated from approved rule under recorded guard; legacy material identity preserved.,PROCESS-DRIED
AOM_006198,aom:processingMethod,AOM_101095,Grinding,approved-generated,Pete Steward,2026-08-05,data/livestock-staging/approved_ingredient_harmonization_rules.csv,Generated from approved rule under recorded guard; legacy material identity preserved.,PROCESS-GROUND
AOM_006201,aom:processingMethod,AOM_101071,Drying,approved-generated,Pete Steward,2026-08-05,data/livestock-staging/approved_ingredient_harmonization_rules.csv,Generated from approved rule under recorded guard; legacy material identity preserved.,PROCESS-DRIED
AOM_006201,aom:processingMethod,AOM_101091,Crushing,approved-generated,Pete Steward,2026-08-05,data/livestock-staging/approved_ingredient_harmonization_rules.csv,Generated from approved rule under recorded guard; legacy material identity preserved.,PROCESS-CRUSHED
AOM_006203,aom:ingredientPart,AOM_101034,Peel,approved-generated,Pete Steward,2026-08-05,data/livestock-staging/approved_ingredient_harmonization_rules.csv,Generated from approved rule under recorded guard; legacy material identity preserved.,COMPONENT-PEEL
AOM_006204,aom:processingMethod,AOM_101095,Grinding,approved-generated,Pete Steward,2026-08-05,data/livestock-staging/approved_ingredient_harmonization_rules.csv,Generated from approved rule under recorded guard; legacy material identity preserved.,PROCESS-GROUND
AOM_006205,aom:processingMethod,AOM_101091,Crushing,approved-generated,Pete Steward,2026-08-05,data/livestock-staging/approved_ingredient_harmonization_rules.csv,Generated from approved rule under recorded guard; legacy material identity preserved.,PROCESS-CRUSHED
AOM_006206,aom:ingredientPart,AOM_101106,Straw,approved-generated,Pete Steward,2026-08-05,data/livestock-staging/approved_ingredient_harmonization_rules.csv,Generated from approved rule under recorded guard; legacy material identity preserved.,COMPONENT-STRAW
AOM_006206,aom:processingMethod,AOM_000831,Ensiling,approved-generated,Pete Steward,2026-08-05,data/livestock-staging/approved_ingredient_harmonization_rules.csv,Generated from approved rule under recorded guard; legacy material identity preserved.,PROCESS-ENSILED
AOM_006206,aom:processingMethod,AOM_101094,Fermentation,approved-generated,Pete Steward,2026-08-05,data/livestock-staging/approved_ingredient_harmonization_rules.csv,Generated from approved rule under recorded guard; legacy material identity preserved.,PROCESS-FERMENTED
AOM_006207,aom:processingMethod,AOM_101095,Grinding,approved-generated,Pete Steward,2026-08-05,data/livestock-staging/approved_ingredient_harmonization_rules.csv,Generated from approved rule under recorded guard; legacy material identity preserved.,PROCESS-GROUND
AOM_006208,aom:processingMethod,AOM_101071,Drying,approved-generated,Pete Steward,2026-08-05,data/livestock-staging/approved_ingredient_harmonization_rules.csv,Generated from approved rule under recorded guard; legacy material identity preserved.,PROCESS-DRIED
AOM_006208,aom:processingMethod,AOM_101095,Grinding,approved-generated,Pete Steward,2026-08-05,data/livestock-staging/approved_ingredient_harmonization_rules.csv,Generated from approved rule under recorded guard; legacy material identity preserved.,PROCESS-GROUND
AOM_006209,aom:ingredientPart,AOM_101033,Leaf,approved-generated,Pete Steward,2026-08-05,data/livestock-staging/approved_ingredient_harmonization_rules.csv,Generated from approved rule under recorded guard; legacy material identity preserved.,COMPONENT-LEAF
AOM_006209,aom:processingMethod,AOM_101071,Drying,approved-generated,Pete Steward,2026-08-05,data/livestock-staging/approved_ingredient_harmonization_rules.csv,Generated from approved rule under recorded guard; legacy material identity preserved.,PROCESS-DRIED
AOM_006210,aom:ingredientPart,AOM_101033,Leaf,approved-generated,Pete Steward,2026-08-05,data/livestock-staging/approved_ingredient_harmonization_rules.csv,Generated from approved rule under recorded guard; legacy material identity preserved.,COMPONENT-LEAF
AOM_006210,aom:processingMethod,AOM_101071,Drying,approved-generated,Pete Steward,2026-08-05,data/livestock-staging/approved_ingredient_harmonization_rules.csv,Generated from approved rule under recorded guard; legacy material identity preserved.,PROCESS-DRIED
AOM_006210,aom:processingMethod,AOM_101091,Crushing,approved-generated,Pete Steward,2026-08-05,data/livestock-staging/approved_ingredient_harmonization_rules.csv,Generated from approved rule under recorded guard; legacy material identity preserved.,PROCESS-CRUSHED
AOM_006211,aom:processingMethod,AOM_101102,Wilting,approved-generated,Pete Steward,2026-08-05,data/livestock-staging/approved_ingredient_harmonization_rules.csv,Generated from approved rule under recorded guard; legacy material identity preserved.,PROCESS-WILTED
AOM_006212,aom:ingredientPart,AOM_101033,Leaf,approved-generated,Pete Steward,2026-08-05,data/livestock-staging/approved_ingredient_harmonization_rules.csv,Generated from approved rule under recorded guard; legacy material identity preserved.,COMPONENT-LEAF
AOM_006212,aom:processingMethod,AOM_101095,Grinding,approved-generated,Pete Steward,2026-08-05,data/livestock-staging/approved_ingredient_harmonization_rules.csv,Generated from approved rule under recorded guard; legacy material identity preserved.,PROCESS-GROUND
AOM_006213,aom:ingredientPart,AOM_101033,Leaf,approved-generated,Pete Steward,2026-08-05,data/livestock-staging/approved_ingredient_harmonization_rules.csv,Generated from approved rule under recorded guard; legacy material identity preserved.,COMPONENT-LEAF
AOM_006213,aom:processingMethod,AOM_000831,Ensiling,approved-generated,Pete Steward,2026-08-05,data/livestock-staging/approved_ingredient_harmonization_rules.csv,Generated from approved rule under recorded guard; legacy material identity preserved.,PROCESS-ENSILED
AOM_006213,aom:processingMethod,AOM_101071,Drying,approved-generated,Pete Steward,2026-08-05,data/livestock-staging/approved_ingredient_harmonization_rules.csv,Generated from approved rule under recorded guard; legacy material identity preserved.,PROCESS-DRIED
AOM_006213,aom:processingMethod,AOM_101101,Urea treatment,approved-generated,Pete Steward,2026-08-05,data/livestock-staging/approved_ingredient_harmonization_rules.csv,Generated from approved rule under recorded guard; legacy material identity preserved.,PROCESS-UREA_TREATED
AOM_006214,aom:ingredientPart,AOM_101034,Peel,approved-generated,Pete Steward,2026-08-05,data/livestock-staging/approved_ingredient_harmonization_rules.csv,Generated from approved rule under recorded guard; legacy material identity preserved.,COMPONENT-PEEL
AOM_006214,aom:processingMethod,AOM_101070,Pressing,approved-generated,Pete Steward,2026-08-05,data/livestock-staging/approved_ingredient_harmonization_rules.csv,Generated from approved rule under recorded guard; legacy material identity preserved.,PROCESS-PRESSED
AOM_006214,aom:processingMethod,AOM_101101,Urea treatment,approved-generated,Pete Steward,2026-08-05,data/livestock-staging/approved_ingredient_harmonization_rules.csv,Generated from approved rule under recorded guard; legacy material identity preserved.,PROCESS-UREA_TREATED
AOM_006215,aom:ingredientPart,AOM_101034,Peel,approved-generated,Pete Steward,2026-08-05,data/livestock-staging/approved_ingredient_harmonization_rules.csv,Generated from approved rule under recorded guard; legacy material identity preserved.,COMPONENT-PEEL
AOM_006215,aom:processingMethod,AOM_101092,Enzyme treatment,approved-generated,Pete Steward,2026-08-05,data/livestock-staging/approved_ingredient_harmonization_rules.csv,Generated from approved rule under recorded guard; legacy material identity preserved.,PROCESS-ENZYME_TREATED
AOM_006215,aom:processingMethod,AOM_101095,Grinding,approved-generated,Pete Steward,2026-08-05,data/livestock-staging/approved_ingredient_harmonization_rules.csv,Generated from approved rule under recorded guard; legacy material identity preserved.,PROCESS-GROUND
AOM_006216,aom:ingredientPart,AOM_101034,Peel,approved-generated,Pete Steward,2026-08-05,data/livestock-staging/approved_ingredient_harmonization_rules.csv,Generated from approved rule under recorded guard; legacy material identity preserved.,COMPONENT-PEEL
AOM_006216,aom:processingMethod,AOM_101101,Urea treatment,approved-generated,Pete Steward,2026-08-05,data/livestock-staging/approved_ingredient_harmonization_rules.csv,Generated from approved rule under recorded guard; legacy material identity preserved.,PROCESS-UREA_TREATED
AOM_006217,aom:processingMethod,AOM_101071,Drying,approved-generated,Pete Steward,2026-08-05,data/livestock-staging/approved_ingredient_harmonization_rules.csv,Generated from approved rule under recorded guard; legacy material identity preserved.,PROCESS-DRIED
AOM_006217,aom:processingMethod,AOM_101087,Alkali treatment,approved-generated,Pete Steward,2026-08-05,data/livestock-staging/approved_ingredient_harmonization_rules.csv,Generated from approved rule under recorded guard; legacy material identity preserved.,PROCESS-ALKALI_TREATED
AOM_006217,aom:processingMethod,AOM_101094,Fermentation,approved-generated,Pete Steward,2026-08-05,data/livestock-staging/approved_ingredient_harmonization_rules.csv,Generated from approved rule under recorded guard; legacy material identity preserved.,PROCESS-FERMENTED
AOM_006218,aom:ingredientPart,AOM_101026,Cob,approved-generated,Pete Steward,2026-08-05,data/livestock-staging/approved_ingredient_harmonization_rules.csv,Generated from approved rule under recorded guard; legacy material identity preserved.,COMPONENT-COB
AOM_006218,aom:processingMethod,AOM_101092,Enzyme treatment,approved-generated,Pete Steward,2026-08-05,data/livestock-staging/approved_ingredient_harmonization_rules.csv,Generated from approved rule under recorded guard; legacy material identity preserved.,PROCESS-ENZYME_TREATED
AOM_006218,aom:processingMethod,AOM_101095,Grinding,approved-generated,Pete Steward,2026-08-05,data/livestock-staging/approved_ingredient_harmonization_rules.csv,Generated from approved rule under recorded guard; legacy material identity preserved.,PROCESS-GROUND
AOM_006219,aom:ingredientPart,AOM_101038,Seed,approved-generated,Pete Steward,2026-08-05,data/livestock-staging/approved_ingredient_harmonization_rules.csv,Generated from approved rule under recorded guard; legacy material identity preserved.,COMPONENT-SEED
AOM_006219,aom:processingMethod,AOM_101071,Drying,approved-generated,Pete Steward,2026-08-05,data/livestock-staging/approved_ingredient_harmonization_rules.csv,Generated from approved rule under recorded guard; legacy material identity preserved.,PROCESS-DRIED
AOM_006219,aom:processingMethod,AOM_101087,Alkali treatment,approved-generated,Pete Steward,2026-08-05,data/livestock-staging/approved_ingredient_harmonization_rules.csv,Generated from approved rule under recorded guard; legacy material identity preserved.,PROCESS-ALKALI_TREATED
AOM_006219,aom:processingMethod,AOM_101094,Fermentation,approved-generated,Pete Steward,2026-08-05,data/livestock-staging/approved_ingredient_harmonization_rules.csv,Generated from approved rule under recorded guard; legacy material identity preserved.,PROCESS-FERMENTED
AOM_006219,aom:processingMethod,AOM_101095,Grinding,approved-generated,Pete Steward,2026-08-05,data/livestock-staging/approved_ingredient_harmonization_rules.csv,Generated from approved rule under recorded guard; legacy material identity preserved.,PROCESS-GROUND
AOM_006220,aom:ingredientPart,AOM_101074,Grain,approved-generated,Pete Steward,2026-08-05,data/livestock-staging/approved_ingredient_harmonization_rules.csv,Generated from approved rule under recorded guard; legacy material identity preserved.,COMPONENT-GRAIN
AOM_006220,aom:processingMethod,AOM_101071,Drying,approved-generated,Pete Steward,2026-08-05,data/livestock-staging/approved_ingredient_harmonization_rules.csv,Generated from approved rule under recorded guard; legacy material identity preserved.,PROCESS-DRIED
AOM_006221,aom:processingMethod,AOM_000831,Ensiling,approved-generated,Pete Steward,2026-08-05,data/livestock-staging/approved_ingredient_harmonization_rules.csv,Generated from approved rule under recorded guard; legacy material identity preserved.,PROCESS-ENSILED
AOM_006223,aom:processingMethod,AOM_101071,Drying,approved-generated,Pete Steward,2026-08-05,data/livestock-staging/approved_ingredient_harmonization_rules.csv,Generated from approved rule under recorded guard; legacy material identity preserved.,PROCESS-DRIED
AOM_006224,aom:processingMethod,AOM_101071,Drying,approved-generated,Pete Steward,2026-08-05,data/livestock-staging/approved_ingredient_harmonization_rules.csv,Generated from approved rule under recorded guard; legacy material identity preserved.,PROCESS-DRIED
AOM_006226,aom:ingredientPart,AOM_101104,Bran,approved-generated,Pete Steward,2026-08-05,data/livestock-staging/approved_ingredient_harmonization_rules.csv,Generated from approved rule under recorded guard; legacy material identity preserved.,COMPONENT-BRAN
AOM_006226,aom:processingMethod,AOM_101087,Alkali treatment,approved-generated,Pete Steward,2026-08-05,data/livestock-staging/approved_ingredient_harmonization_rules.csv,Generated from approved rule under recorded guard; legacy material identity preserved.,PROCESS-ALKALI_TREATED
AOM_006226,aom:processingMethod,AOM_101095,Grinding,approved-generated,Pete Steward,2026-08-05,data/livestock-staging/approved_ingredient_harmonization_rules.csv,Generated from approved rule under recorded guard; legacy material identity preserved.,PROCESS-GROUND
AOM_006227,aom:ingredientPart,AOM_101033,Leaf,approved-generated,Pete Steward,2026-08-05,data/livestock-staging/approved_ingredient_harmonization_rules.csv,Generated from approved rule under recorded guard; legacy material identity preserved.,COMPONENT-LEAF
AOM_006227,aom:processingMethod,AOM_101071,Drying,approved-generated,Pete Steward,2026-08-05,data/livestock-staging/approved_ingredient_harmonization_rules.csv,Generated from approved rule under recorded guard; legacy material identity preserved.,PROCESS-DRIED
AOM_006227,aom:processingMethod,AOM_101095,Grinding,approved-generated,Pete Steward,2026-08-05,data/livestock-staging/approved_ingredient_harmonization_rules.csv,Generated from approved rule under recorded guard; legacy material identity preserved.,PROCESS-GROUND
AOM_006229,aom:ingredientPart,AOM_101038,Seed,approved-generated,Pete Steward,2026-08-05,data/livestock-staging/approved_ingredient_harmonization_rules.csv,Generated from approved rule under recorded guard; legacy material identity preserved.,COMPONENT-SEED
AOM_006229,aom:processingMethod,AOM_101087,Alkali treatment,approved-generated,Pete Steward,2026-08-05,data/livestock-staging/approved_ingredient_harmonization_rules.csv,Generated from approved rule under recorded guard; legacy material identity preserved.,PROCESS-ALKALI_TREATED
AOM_006229,aom:processingMethod,AOM_101089,Boiling,approved-generated,Pete Steward,2026-08-05,data/livestock-staging/approved_ingredient_harmonization_rules.csv,Generated from approved rule under recorded guard; legacy material identity preserved.,PROCESS-BOILED
AOM_006229,aom:processingMethod,AOM_101095,Grinding,approved-generated,Pete Steward,2026-08-05,data/livestock-staging/approved_ingredient_harmonization_rules.csv,Generated from approved rule under recorded guard; legacy material identity preserved.,PROCESS-GROUND
AOM_006230,aom:ingredientPart,AOM_101038,Seed,approved-generated,Pete Steward,2026-08-05,data/livestock-staging/approved_ingredient_harmonization_rules.csv,Generated from approved rule under recorded guard; legacy material identity preserved.,COMPONENT-SEED
AOM_006230,aom:processingMethod,AOM_101071,Drying,approved-generated,Pete Steward,2026-08-05,data/livestock-staging/approved_ingredient_harmonization_rules.csv,Generated from approved rule under recorded guard; legacy material identity preserved.,PROCESS-DRIED
AOM_006230,aom:processingMethod,AOM_101087,Alkali treatment,approved-generated,Pete Steward,2026-08-05,data/livestock-staging/approved_ingredient_harmonization_rules.csv,Generated from approved rule under recorded guard; legacy material identity preserved.,PROCESS-ALKALI_TREATED
AOM_006230,aom:processingMethod,AOM_101089,Boiling,approved-generated,Pete Steward,2026-08-05,data/livestock-staging/approved_ingredient_harmonization_rules.csv,Generated from approved rule under recorded guard; legacy material identity preserved.,PROCESS-BOILED
AOM_006230,aom:processingMethod,AOM_101095,Grinding,approved-generated,Pete Steward,2026-08-05,data/livestock-staging/approved_ingredient_harmonization_rules.csv,Generated from approved rule under recorded guard; legacy material identity preserved.,PROCESS-GROUND
AOM_006231,aom:ingredientPart,AOM_101038,Seed,approved-generated,Pete Steward,2026-08-05,data/livestock-staging/approved_ingredient_harmonization_rules.csv,Generated from approved rule under recorded guard; legacy material identity preserved.,COMPONENT-SEED
AOM_006231,aom:processingMethod,AOM_101071,Drying,approved-generated,Pete Steward,2026-08-05,data/livestock-staging/approved_ingredient_harmonization_rules.csv,Generated from approved rule under recorded guard; legacy material identity preserved.,PROCESS-DRIED
AOM_006231,aom:processingMethod,AOM_101089,Boiling,approved-generated,Pete Steward,2026-08-05,data/livestock-staging/approved_ingredient_harmonization_rules.csv,Generated from approved rule under recorded guard; legacy material identity preserved.,PROCESS-BOILED
AOM_006231,aom:processingMethod,AOM_101095,Grinding,approved-generated,Pete Steward,2026-08-05,data/livestock-staging/approved_ingredient_harmonization_rules.csv,Generated from approved rule under recorded guard; legacy material identity preserved.,PROCESS-GROUND
AOM_006232,aom:processingMethod,AOM_101087,Alkali treatment,approved-generated,Pete Steward,2026-08-05,data/livestock-staging/approved_ingredient_harmonization_rules.csv,Generated from approved rule under recorded guard; legacy material identity preserved.,PROCESS-ALKALI_TREATED
AOM_006232,aom:processingMethod,AOM_101089,Boiling,approved-generated,Pete Steward,2026-08-05,data/livestock-staging/approved_ingredient_harmonization_rules.csv,Generated from approved rule under recorded guard; legacy material identity preserved.,PROCESS-BOILED
AOM_006232,aom:processingMethod,AOM_101095,Grinding,approved-generated,Pete Steward,2026-08-05,data/livestock-staging/approved_ingredient_harmonization_rules.csv,Generated from approved rule under recorded guard; legacy material identity preserved.,PROCESS-GROUND
AOM_006233,aom:processingMethod,AOM_101071,Drying,approved-generated,Pete Steward,2026-08-05,data/livestock-staging/approved_ingredient_harmonization_rules.csv,Generated from approved rule under recorded guard; legacy material identity preserved.,PROCESS-DRIED
AOM_006233,aom:processingMethod,AOM_101087,Alkali treatment,approved-generated,Pete Steward,2026-08-05,data/livestock-staging/approved_ingredient_harmonization_rules.csv,Generated from approved rule under recorded guard; legacy material identity preserved.,PROCESS-ALKALI_TREATED
AOM_006233,aom:processingMethod,AOM_101095,Grinding,approved-generated,Pete Steward,2026-08-05,data/livestock-staging/approved_ingredient_harmonization_rules.csv,Generated from approved rule under recorded guard; legacy material identity preserved.,PROCESS-GROUND
AOM_006234,aom:processingMethod,AOM_101095,Grinding,approved-generated,Pete Steward,2026-08-05,data/livestock-staging/approved_ingredient_harmonization_rules.csv,Generated from approved rule under recorded guard; legacy material identity preserved.,PROCESS-GROUND
AOM_006237,aom:processingMethod,AOM_000831,Ensiling,approved-generated,Pete Steward,2026-08-05,data/livestock-staging/approved_ingredient_harmonization_rules.csv,Generated from approved rule under recorded guard; legacy material identity preserved.,PROCESS-ENSILED
AOM_006237,aom:processingMethod,AOM_101092,Enzyme treatment,approved-generated,Pete Steward,2026-08-05,data/livestock-staging/approved_ingredient_harmonization_rules.csv,Generated from approved rule under recorded guard; legacy material identity preserved.,PROCESS-ENZYME_TREATED
AOM_006238,aom:processingMethod,AOM_000831,Ensiling,approved-generated,Pete Steward,2026-08-05,data/livestock-staging/approved_ingredient_harmonization_rules.csv,Generated from approved rule under recorded guard; legacy material identity preserved.,PROCESS-ENSILED
AOM_006239,aom:processingMethod,AOM_101095,Grinding,approved-generated,Pete Steward,2026-08-05,data/livestock-staging/approved_ingredient_harmonization_rules.csv,Generated from approved rule under recorded guard; legacy material identity preserved.,PROCESS-GROUND
AOM_006240,aom:processingMethod,AOM_101071,Drying,approved-generated,Pete Steward,2026-08-05,data/livestock-staging/approved_ingredient_harmonization_rules.csv,Generated from approved rule under recorded guard; legacy material identity preserved.,PROCESS-DRIED
AOM_006240,aom:processingMethod,AOM_101094,Fermentation,approved-generated,Pete Steward,2026-08-05,data/livestock-staging/approved_ingredient_harmonization_rules.csv,Generated from approved rule under recorded guard; legacy material identity preserved.,PROCESS-FERMENTED
AOM_006240,aom:processingMethod,AOM_101095,Grinding,approved-generated,Pete Steward,2026-08-05,data/livestock-staging/approved_ingredient_harmonization_rules.csv,Generated from approved rule under recorded guard; legacy material identity preserved.,PROCESS-GROUND
AOM_006242,aom:processingMethod,AOM_101101,Urea treatment,approved-generated,Pete Steward,2026-08-05,data/livestock-staging/approved_ingredient_harmonization_rules.csv,Generated from approved rule under recorded guard; legacy material identity preserved.,PROCESS-UREA_TREATED
AOM_006244,aom:ingredientPart,AOM_101106,Straw,approved-generated,Pete Steward,2026-08-05,data/livestock-staging/approved_ingredient_harmonization_rules.csv,Generated from approved rule under recorded guard; legacy material identity preserved.,COMPONENT-STRAW
AOM_006244,aom:processingMethod,AOM_101095,Grinding,approved-generated,Pete Steward,2026-08-05,data/livestock-staging/approved_ingredient_harmonization_rules.csv,Generated from approved rule under recorded guard; legacy material identity preserved.,PROCESS-GROUND
AOM_006250,aom:processingMethod,AOM_000831,Ensiling,approved-generated,Pete Steward,2026-08-05,data/livestock-staging/approved_ingredient_harmonization_rules.csv,Generated from approved rule under recorded guard; legacy material identity preserved.,PROCESS-ENSILED
AOM_006250,aom:processingMethod,AOM_101102,Wilting,approved-generated,Pete Steward,2026-08-05,data/livestock-staging/approved_ingredient_harmonization_rules.csv,Generated from approved rule under recorded guard; legacy material identity preserved.,PROCESS-WILTED
AOM_006251,aom:processingMethod,AOM_101095,Grinding,approved-generated,Pete Steward,2026-08-05,data/livestock-staging/approved_ingredient_harmonization_rules.csv,Generated from approved rule under recorded guard; legacy material identity preserved.,PROCESS-GROUND
AOM_006252,aom:processingMethod,AOM_101071,Drying,approved-generated,Pete Steward,2026-08-05,data/livestock-staging/approved_ingredient_harmonization_rules.csv,Generated from approved rule under recorded guard; legacy material identity preserved.,PROCESS-DRIED
AOM_006252,aom:processingMethod,AOM_101101,Urea treatment,approved-generated,Pete Steward,2026-08-05,data/livestock-staging/approved_ingredient_harmonization_rules.csv,Generated from approved rule under recorded guard; legacy material identity preserved.,PROCESS-UREA_TREATED
AOM_006253,aom:processingMethod,AOM_101071,Drying,approved-generated,Pete Steward,2026-08-05,data/livestock-staging/approved_ingredient_harmonization_rules.csv,Generated from approved rule under recorded guard; legacy material identity preserved.,PROCESS-DRIED
AOM_006254,aom:processingMethod,AOM_101071,Drying,approved-generated,Pete Steward,2026-08-05,data/livestock-staging/approved_ingredient_harmonization_rules.csv,Generated from approved rule under recorded guard; legacy material identity preserved.,PROCESS-DRIED
AOM_006255,aom:processingMethod,AOM_000831,Ensiling,approved-generated,Pete Steward,2026-08-05,data/livestock-staging/approved_ingredient_harmonization_rules.csv,Generated from approved rule under recorded guard; legacy material identity preserved.,PROCESS-ENSILED
AOM_006255,aom:processingMethod,AOM_101102,Wilting,approved-generated,Pete Steward,2026-08-05,data/livestock-staging/approved_ingredient_harmonization_rules.csv,Generated from approved rule under recorded guard; legacy material identity preserved.,PROCESS-WILTED
AOM_006256,aom:processingMethod,AOM_101095,Grinding,approved-generated,Pete Steward,2026-08-05,data/livestock-staging/approved_ingredient_harmonization_rules.csv,Generated from approved rule under recorded guard; legacy material identity preserved.,PROCESS-GROUND
AOM_006257,aom:processingMethod,AOM_101071,Drying,approved-generated,Pete Steward,2026-08-05,data/livestock-staging/approved_ingredient_harmonization_rules.csv,Generated from approved rule under recorded guard; legacy material identity preserved.,PROCESS-DRIED
AOM_006257,aom:processingMethod,AOM_101095,Grinding,approved-generated,Pete Steward,2026-08-05,data/livestock-staging/approved_ingredient_harmonization_rules.csv,Generated from approved rule under recorded guard; legacy material identity preserved.,PROCESS-GROUND
AOM_006258,aom:processingMethod,AOM_101071,Drying,approved-generated,Pete Steward,2026-08-05,data/livestock-staging/approved_ingredient_harmonization_rules.csv,Generated from approved rule under recorded guard; legacy material identity preserved.,PROCESS-DRIED
AOM_006259,aom:ingredientPart,AOM_101106,Straw,approved-generated,Pete Steward,2026-08-05,data/livestock-staging/approved_ingredient_harmonization_rules.csv,Generated from approved rule under recorded guard; legacy material identity preserved.,COMPONENT-STRAW
AOM_006259,aom:processingMethod,AOM_000831,Ensiling,approved-generated,Pete Steward,2026-08-05,data/livestock-staging/approved_ingredient_harmonization_rules.csv,Generated from approved rule under recorded guard; legacy material identity preserved.,PROCESS-ENSILED
AOM_006259,aom:processingMethod,AOM_101094,Fermentation,approved-generated,Pete Steward,2026-08-05,data/livestock-staging/approved_ingredient_harmonization_rules.csv,Generated from approved rule under recorded guard; legacy material identity preserved.,PROCESS-FERMENTED
AOM_006259,aom:processingMethod,AOM_101101,Urea treatment,approved-generated,Pete Steward,2026-08-05,data/livestock-staging/approved_ingredient_harmonization_rules.csv,Generated from approved rule under recorded guard; legacy material identity preserved.,PROCESS-UREA_TREATED
AOM_006260,aom:ingredientPart,AOM_101106,Straw,approved-generated,Pete Steward,2026-08-05,data/livestock-staging/approved_ingredient_harmonization_rules.csv,Generated from approved rule under recorded guard; legacy material identity preserved.,COMPONENT-STRAW
AOM_006260,aom:processingMethod,AOM_101071,Drying,approved-generated,Pete Steward,2026-08-05,data/livestock-staging/approved_ingredient_harmonization_rules.csv,Generated from approved rule under recorded guard; legacy material identity preserved.,PROCESS-DRIED
AOM_006261,aom:ingredientPart,AOM_101033,Leaf,approved-generated,Pete Steward,2026-08-05,data/livestock-staging/approved_ingredient_harmonization_rules.csv,Generated from approved rule under recorded guard; legacy material identity preserved.,COMPONENT-LEAF
AOM_006261,aom:processingMethod,AOM_101102,Wilting,approved-generated,Pete Steward,2026-08-05,data/livestock-staging/approved_ingredient_harmonization_rules.csv,Generated from approved rule under recorded guard; legacy material identity preserved.,PROCESS-WILTED
AOM_006262,aom:ingredientPart,AOM_101037,Root,approved-generated,Pete Steward,2026-08-05,data/livestock-staging/approved_ingredient_harmonization_rules.csv,Generated from approved rule under recorded guard; legacy material identity preserved.,COMPONENT-ROOT
AOM_006262,aom:processingMethod,AOM_101071,Drying,approved-generated,Pete Steward,2026-08-05,data/livestock-staging/approved_ingredient_harmonization_rules.csv,Generated from approved rule under recorded guard; legacy material identity preserved.,PROCESS-DRIED
AOM_006262,aom:processingMethod,AOM_101095,Grinding,approved-generated,Pete Steward,2026-08-05,data/livestock-staging/approved_ingredient_harmonization_rules.csv,Generated from approved rule under recorded guard; legacy material identity preserved.,PROCESS-GROUND
AOM_006263,aom:processingMethod,AOM_101071,Drying,approved-generated,Pete Steward,2026-08-05,data/livestock-staging/approved_ingredient_harmonization_rules.csv,Generated from approved rule under recorded guard; legacy material identity preserved.,PROCESS-DRIED
AOM_006264,aom:ingredientPart,AOM_101034,Peel,approved-generated,Pete Steward,2026-08-05,data/livestock-staging/approved_ingredient_harmonization_rules.csv,Generated from approved rule under recorded guard; legacy material identity preserved.,COMPONENT-PEEL
AOM_006264,aom:processingMethod,AOM_101071,Drying,approved-generated,Pete Steward,2026-08-05,data/livestock-staging/approved_ingredient_harmonization_rules.csv,Generated from approved rule under recorded guard; legacy material identity preserved.,PROCESS-DRIED
AOM_006264,aom:processingMethod,AOM_101095,Grinding,approved-generated,Pete Steward,2026-08-05,data/livestock-staging/approved_ingredient_harmonization_rules.csv,Generated from approved rule under recorded guard; legacy material identity preserved.,PROCESS-GROUND
AOM_006266,aom:processingMethod,AOM_000831,Ensiling,approved-generated,Pete Steward,2026-08-05,data/livestock-staging/approved_ingredient_harmonization_rules.csv,Generated from approved rule under recorded guard; legacy material identity preserved.,PROCESS-ENSILED
AOM_006267,aom:processingMethod,AOM_101092,Enzyme treatment,approved-generated,Pete Steward,2026-08-05,data/livestock-staging/approved_ingredient_harmonization_rules.csv,Generated from approved rule under recorded guard; legacy material identity preserved.,PROCESS-ENZYME_TREATED
AOM_006268,aom:processingMethod,AOM_101094,Fermentation,approved-generated,Pete Steward,2026-08-05,data/livestock-staging/approved_ingredient_harmonization_rules.csv,Generated from approved rule under recorded guard; legacy material identity preserved.,PROCESS-FERMENTED
AOM_006269,aom:processingMethod,AOM_101095,Grinding,approved-generated,Pete Steward,2026-08-05,data/livestock-staging/approved_ingredient_harmonization_rules.csv,Generated from approved rule under recorded guard; legacy material identity preserved.,PROCESS-GROUND
AOM_006270,aom:processingMethod,AOM_101091,Crushing,approved-generated,Pete Steward,2026-08-05,data/livestock-staging/approved_ingredient_harmonization_rules.csv,Generated from approved rule under recorded guard; legacy material identity preserved.,PROCESS-CRUSHED
AOM_006271,aom:processingMethod,AOM_101071,Drying,approved-generated,Pete Steward,2026-08-05,data/livestock-staging/approved_ingredient_harmonization_rules.csv,Generated from approved rule under recorded guard; legacy material identity preserved.,PROCESS-DRIED
AOM_006272,aom:processingMethod,AOM_101071,Drying,approved-generated,Pete Steward,2026-08-05,data/livestock-staging/approved_ingredient_harmonization_rules.csv,Generated from approved rule under recorded guard; legacy material identity preserved.,PROCESS-DRIED
AOM_006275,aom:processingMethod,AOM_101071,Drying,approved-generated,Pete Steward,2026-08-05,data/livestock-staging/approved_ingredient_harmonization_rules.csv,Generated from approved rule under recorded guard; legacy material identity preserved.,PROCESS-DRIED
AOM_006276,aom:processingMethod,AOM_000831,Ensiling,approved-generated,Pete Steward,2026-08-05,data/livestock-staging/approved_ingredient_harmonization_rules.csv,Generated from approved rule under recorded guard; legacy material identity preserved.,PROCESS-ENSILED
AOM_006276,aom:processingMethod,AOM_101102,Wilting,approved-generated,Pete Steward,2026-08-05,data/livestock-staging/approved_ingredient_harmonization_rules.csv,Generated from approved rule under recorded guard; legacy material identity preserved.,PROCESS-WILTED
AOM_006277,aom:processingMethod,AOM_101071,Drying,approved-generated,Pete Steward,2026-08-05,data/livestock-staging/approved_ingredient_harmonization_rules.csv,Generated from approved rule under recorded guard; legacy material identity preserved.,PROCESS-DRIED
AOM_006278,aom:processingMethod,AOM_101071,Drying,approved-generated,Pete Steward,2026-08-05,data/livestock-staging/approved_ingredient_harmonization_rules.csv,Generated from approved rule under recorded guard; legacy material identity preserved.,PROCESS-DRIED
AOM_006279,aom:processingMethod,AOM_000831,Ensiling,approved-generated,Pete Steward,2026-08-05,data/livestock-staging/approved_ingredient_harmonization_rules.csv,Generated from approved rule under recorded guard; legacy material identity preserved.,PROCESS-ENSILED
AOM_006280,aom:processingMethod,AOM_101071,Drying,approved-generated,Pete Steward,2026-08-05,data/livestock-staging/approved_ingredient_harmonization_rules.csv,Generated from approved rule under recorded guard; legacy material identity preserved.,PROCESS-DRIED
AOM_006281,aom:ingredientPart,AOM_101033,Leaf,approved-generated,Pete Steward,2026-08-05,data/livestock-staging/approved_ingredient_harmonization_rules.csv,Generated from approved rule under recorded guard; legacy material identity preserved.,COMPONENT-LEAF
AOM_006281,aom:processingMethod,AOM_101071,Drying,approved-generated,Pete Steward,2026-08-05,data/livestock-staging/approved_ingredient_harmonization_rules.csv,Generated from approved rule under recorded guard; legacy material identity preserved.,PROCESS-DRIED
AOM_006282,aom:ingredientPart,AOM_101033,Leaf,approved-generated,Pete Steward,2026-08-05,data/livestock-staging/approved_ingredient_harmonization_rules.csv,Generated from approved rule under recorded guard; legacy material identity preserved.,COMPONENT-LEAF
AOM_006282,aom:processingMethod,AOM_101102,Wilting,approved-generated,Pete Steward,2026-08-05,data/livestock-staging/approved_ingredient_harmonization_rules.csv,Generated from approved rule under recorded guard; legacy material identity preserved.,PROCESS-WILTED
AOM_006283,aom:ingredientPart,AOM_101033,Leaf,approved-generated,Pete Steward,2026-08-05,data/livestock-staging/approved_ingredient_harmonization_rules.csv,Generated from approved rule under recorded guard; legacy material identity preserved.,COMPONENT-LEAF
AOM_006283,aom:processingMethod,AOM_000831,Ensiling,approved-generated,Pete Steward,2026-08-05,data/livestock-staging/approved_ingredient_harmonization_rules.csv,Generated from approved rule under recorded guard; legacy material identity preserved.,PROCESS-ENSILED
AOM_006283,aom:processingMethod,AOM_101102,Wilting,approved-generated,Pete Steward,2026-08-05,data/livestock-staging/approved_ingredient_harmonization_rules.csv,Generated from approved rule under recorded guard; legacy material identity preserved.,PROCESS-WILTED
AOM_006284,aom:ingredientPart,AOM_101033,Leaf,approved-generated,Pete Steward,2026-08-05,data/livestock-staging/approved_ingredient_harmonization_rules.csv,Generated from approved rule under recorded guard; legacy material identity preserved.,COMPONENT-LEAF
AOM_006284,aom:processingMethod,AOM_101071,Drying,approved-generated,Pete Steward,2026-08-05,data/livestock-staging/approved_ingredient_harmonization_rules.csv,Generated from approved rule under recorded guard; legacy material identity preserved.,PROCESS-DRIED
AOM_006284,aom:processingMethod,AOM_101092,Enzyme treatment,approved-generated,Pete Steward,2026-08-05,data/livestock-staging/approved_ingredient_harmonization_rules.csv,Generated from approved rule under recorded guard; legacy material identity preserved.,PROCESS-ENZYME_TREATED
AOM_006285,aom:ingredientPart,AOM_101033,Leaf,approved-generated,Pete Steward,2026-08-05,data/livestock-staging/approved_ingredient_harmonization_rules.csv,Generated from approved rule under recorded guard; legacy material identity preserved.,COMPONENT-LEAF
AOM_006285,aom:processingMethod,AOM_000831,Ensiling,approved-generated,Pete Steward,2026-08-05,data/livestock-staging/approved_ingredient_harmonization_rules.csv,Generated from approved rule under recorded guard; legacy material identity preserved.,PROCESS-ENSILED
AOM_006285,aom:processingMethod,AOM_101100,Sprouting,approved-generated,Pete Steward,2026-08-05,data/livestock-staging/approved_ingredient_harmonization_rules.csv,Generated from approved rule under recorded guard; legacy material identity preserved.,PROCESS-SPROUTED
AOM_006285,aom:processingMethod,AOM_101102,Wilting,approved-generated,Pete Steward,2026-08-05,data/livestock-staging/approved_ingredient_harmonization_rules.csv,Generated from approved rule under recorded guard; legacy material identity preserved.,PROCESS-WILTED
AOM_006290,aom:processingMethod,AOM_101071,Drying,approved-generated,Pete Steward,2026-08-05,data/livestock-staging/approved_ingredient_harmonization_rules.csv,Generated from approved rule under recorded guard; legacy material identity preserved.,PROCESS-DRIED
AOM_006290,aom:processingMethod,AOM_101095,Grinding,approved-generated,Pete Steward,2026-08-05,data/livestock-staging/approved_ingredient_harmonization_rules.csv,Generated from approved rule under recorded guard; legacy material identity preserved.,PROCESS-GROUND
AOM_006292,aom:ingredientPart,AOM_101035,Pod,approved-generated,Pete Steward,2026-08-05,data/livestock-staging/approved_ingredient_harmonization_rules.csv,Generated from approved rule under recorded guard; legacy material identity preserved.,COMPONENT-POD
AOM_006292,aom:processingMethod,AOM_101091,Crushing,approved-generated,Pete Steward,2026-08-05,data/livestock-staging/approved_ingredient_harmonization_rules.csv,Generated from approved rule under recorded guard; legacy material identity preserved.,PROCESS-CRUSHED
AOM_006293,aom:ingredientPart,AOM_101033,Leaf,approved-generated,Pete Steward,2026-08-05,data/livestock-staging/approved_ingredient_harmonization_rules.csv,Generated from approved rule under recorded guard; legacy material identity preserved.,COMPONENT-LEAF
AOM_006293,aom:processingMethod,AOM_101071,Drying,approved-generated,Pete Steward,2026-08-05,data/livestock-staging/approved_ingredient_harmonization_rules.csv,Generated from approved rule under recorded guard; legacy material identity preserved.,PROCESS-DRIED
AOM_006295,aom:ingredientPart,AOM_101035,Pod,approved-generated,Pete Steward,2026-08-05,data/livestock-staging/approved_ingredient_harmonization_rules.csv,Generated from approved rule under recorded guard; legacy material identity preserved.,COMPONENT-POD
AOM_006295,aom:processingMethod,AOM_101071,Drying,approved-generated,Pete Steward,2026-08-05,data/livestock-staging/approved_ingredient_harmonization_rules.csv,Generated from approved rule under recorded guard; legacy material identity preserved.,PROCESS-DRIED
AOM_006295,aom:processingMethod,AOM_101095,Grinding,approved-generated,Pete Steward,2026-08-05,data/livestock-staging/approved_ingredient_harmonization_rules.csv,Generated from approved rule under recorded guard; legacy material identity preserved.,PROCESS-GROUND
AOM_006296,aom:ingredientPart,AOM_101035,Pod,approved-generated,Pete Steward,2026-08-05,data/livestock-staging/approved_ingredient_harmonization_rules.csv,Generated from approved rule under recorded guard; legacy material identity preserved.,COMPONENT-POD
AOM_006296,aom:processingMethod,AOM_101071,Drying,approved-generated,Pete Steward,2026-08-05,data/livestock-staging/approved_ingredient_harmonization_rules.csv,Generated from approved rule under recorded guard; legacy material identity preserved.,PROCESS-DRIED
AOM_006296,aom:processingMethod,AOM_101094,Fermentation,approved-generated,Pete Steward,2026-08-05,data/livestock-staging/approved_ingredient_harmonization_rules.csv,Generated from approved rule under recorded guard; legacy material identity preserved.,PROCESS-FERMENTED
AOM_006296,aom:processingMethod,AOM_101095,Grinding,approved-generated,Pete Steward,2026-08-05,data/livestock-staging/approved_ingredient_harmonization_rules.csv,Generated from approved rule under recorded guard; legacy material identity preserved.,PROCESS-GROUND
AOM_006297,aom:processingMethod,AOM_101071,Drying,approved-generated,Pete Steward,2026-08-05,data/livestock-staging/approved_ingredient_harmonization_rules.csv,Generated from approved rule under recorded guard; legacy material identity preserved.,PROCESS-DRIED
AOM_006299,aom:ingredientPart,AOM_101031,Husk,approved-generated,Pete Steward,2026-08-05,data/livestock-staging/approved_ingredient_harmonization_rules.csv,Generated from approved rule under recorded guard; legacy material identity preserved.,COMPONENT-HUSK
AOM_006299,aom:processingMethod,AOM_101092,Enzyme treatment,approved-generated,Pete Steward,2026-08-05,data/livestock-staging/approved_ingredient_harmonization_rules.csv,Generated from approved rule under recorded guard; legacy material identity preserved.,PROCESS-ENZYME_TREATED
AOM_006300,aom:processingMethod,AOM_101095,Grinding,approved-generated,Pete Steward,2026-08-05,data/livestock-staging/approved_ingredient_harmonization_rules.csv,Generated from approved rule under recorded guard; legacy material identity preserved.,PROCESS-GROUND
AOM_006301,aom:ingredientPart,AOM_101106,Straw,approved-generated,Pete Steward,2026-08-05,data/livestock-staging/approved_ingredient_harmonization_rules.csv,Generated from approved rule under recorded guard; legacy material identity preserved.,COMPONENT-STRAW
AOM_006301,aom:processingMethod,AOM_000831,Ensiling,approved-generated,Pete Steward,2026-08-05,data/livestock-staging/approved_ingredient_harmonization_rules.csv,Generated from approved rule under recorded guard; legacy material identity preserved.,PROCESS-ENSILED
AOM_006301,aom:processingMethod,AOM_101101,Urea treatment,approved-generated,Pete Steward,2026-08-05,data/livestock-staging/approved_ingredient_harmonization_rules.csv,Generated from approved rule under recorded guard; legacy material identity preserved.,PROCESS-UREA_TREATED
AOM_006302,aom:ingredientPart,AOM_101106,Straw,approved-generated,Pete Steward,2026-08-05,data/livestock-staging/approved_ingredient_harmonization_rules.csv,Generated from approved rule under recorded guard; legacy material identity preserved.,COMPONENT-STRAW
AOM_006302,aom:processingMethod,AOM_101101,Urea treatment,approved-generated,Pete Steward,2026-08-05,data/livestock-staging/approved_ingredient_harmonization_rules.csv,Generated from approved rule under recorded guard; legacy material identity preserved.,PROCESS-UREA_TREATED
AOM_006303,aom:ingredientPart,AOM_101106,Straw,approved-generated,Pete Steward,2026-08-05,data/livestock-staging/approved_ingredient_harmonization_rules.csv,Generated from approved rule under recorded guard; legacy material identity preserved.,COMPONENT-STRAW
AOM_006303,aom:processingMethod,AOM_101071,Drying,approved-generated,Pete Steward,2026-08-05,data/livestock-staging/approved_ingredient_harmonization_rules.csv,Generated from approved rule under recorded guard; legacy material identity preserved.,PROCESS-DRIED
AOM_006303,aom:processingMethod,AOM_101101,Urea treatment,approved-generated,Pete Steward,2026-08-05,data/livestock-staging/approved_ingredient_harmonization_rules.csv,Generated from approved rule under recorded guard; legacy material identity preserved.,PROCESS-UREA_TREATED
AOM_006304,aom:ingredientPart,AOM_101106,Straw,approved-generated,Pete Steward,2026-08-05,data/livestock-staging/approved_ingredient_harmonization_rules.csv,Generated from approved rule under recorded guard; legacy material identity preserved.,COMPONENT-STRAW
AOM_006304,aom:processingMethod,AOM_101094,Fermentation,approved-generated,Pete Steward,2026-08-05,data/livestock-staging/approved_ingredient_harmonization_rules.csv,Generated from approved rule under recorded guard; legacy material identity preserved.,PROCESS-FERMENTED
AOM_006304,aom:processingMethod,AOM_101095,Grinding,approved-generated,Pete Steward,2026-08-05,data/livestock-staging/approved_ingredient_harmonization_rules.csv,Generated from approved rule under recorded guard; legacy material identity preserved.,PROCESS-GROUND
AOM_006305,aom:processingMethod,AOM_101071,Drying,approved-generated,Pete Steward,2026-08-05,data/livestock-staging/approved_ingredient_harmonization_rules.csv,Generated from approved rule under recorded guard; legacy material identity preserved.,PROCESS-DRIED
AOM_006305,aom:processingMethod,AOM_101095,Grinding,approved-generated,Pete Steward,2026-08-05,data/livestock-staging/approved_ingredient_harmonization_rules.csv,Generated from approved rule under recorded guard; legacy material identity preserved.,PROCESS-GROUND
AOM_006306,aom:processingMethod,AOM_101102,Wilting,approved-generated,Pete Steward,2026-08-05,data/livestock-staging/approved_ingredient_harmonization_rules.csv,Generated from approved rule under recorded guard; legacy material identity preserved.,PROCESS-WILTED
AOM_006307,aom:ingredientPart,AOM_101038,Seed,approved-generated,Pete Steward,2026-08-05,data/livestock-staging/approved_ingredient_harmonization_rules.csv,Generated from approved rule under recorded guard; legacy material identity preserved.,COMPONENT-SEED
AOM_006307,aom:processingMethod,AOM_101095,Grinding,approved-generated,Pete Steward,2026-08-05,data/livestock-staging/approved_ingredient_harmonization_rules.csv,Generated from approved rule under recorded guard; legacy material identity preserved.,PROCESS-GROUND
AOM_006308,aom:ingredientPart,AOM_101033,Leaf,approved-generated,Pete Steward,2026-08-05,data/livestock-staging/approved_ingredient_harmonization_rules.csv,Generated from approved rule under recorded guard; legacy material identity preserved.,COMPONENT-LEAF
AOM_006308,aom:processingMethod,AOM_101071,Drying,approved-generated,Pete Steward,2026-08-05,data/livestock-staging/approved_ingredient_harmonization_rules.csv,Generated from approved rule under recorded guard; legacy material identity preserved.,PROCESS-DRIED
AOM_006308,aom:processingMethod,AOM_101095,Grinding,approved-generated,Pete Steward,2026-08-05,data/livestock-staging/approved_ingredient_harmonization_rules.csv,Generated from approved rule under recorded guard; legacy material identity preserved.,PROCESS-GROUND
AOM_006309,aom:ingredientPart,AOM_101038,Seed,approved-generated,Pete Steward,2026-08-05,data/livestock-staging/approved_ingredient_harmonization_rules.csv,Generated from approved rule under recorded guard; legacy material identity preserved.,COMPONENT-SEED
AOM_006309,aom:processingMethod,AOM_101098,Roasting,approved-generated,Pete Steward,2026-08-05,data/livestock-staging/approved_ingredient_harmonization_rules.csv,Generated from approved rule under recorded guard; legacy material identity preserved.,PROCESS-ROASTED
AOM_006310,aom:processingMethod,AOM_000831,Ensiling,approved-generated,Pete Steward,2026-08-05,data/livestock-staging/approved_ingredient_harmonization_rules.csv,Generated from approved rule under recorded guard; legacy material identity preserved.,PROCESS-ENSILED
AOM_006311,aom:processingMethod,AOM_101095,Grinding,approved-generated,Pete Steward,2026-08-05,data/livestock-staging/approved_ingredient_harmonization_rules.csv,Generated from approved rule under recorded guard; legacy material identity preserved.,PROCESS-GROUND
AOM_006312,aom:ingredientPart,AOM_101031,Husk,approved-generated,Pete Steward,2026-08-05,data/livestock-staging/approved_ingredient_harmonization_rules.csv,Generated from approved rule under recorded guard; legacy material identity preserved.,COMPONENT-HUSK
AOM_006312,aom:processingMethod,AOM_101101,Urea treatment,approved-generated,Pete Steward,2026-08-05,data/livestock-staging/approved_ingredient_harmonization_rules.csv,Generated from approved rule under recorded guard; legacy material identity preserved.,PROCESS-UREA_TREATED
AOM_006313,aom:ingredientPart,AOM_101106,Straw,approved-generated,Pete Steward,2026-08-05,data/livestock-staging/approved_ingredient_harmonization_rules.csv,Generated from approved rule under recorded guard; legacy material identity preserved.,COMPONENT-STRAW
AOM_006313,aom:processingMethod,AOM_101091,Crushing,approved-generated,Pete Steward,2026-08-05,data/livestock-staging/approved_ingredient_harmonization_rules.csv,Generated from approved rule under recorded guard; legacy material identity preserved.,PROCESS-CRUSHED
AOM_006314,aom:ingredientPart,AOM_101106,Straw,approved-generated,Pete Steward,2026-08-05,data/livestock-staging/approved_ingredient_harmonization_rules.csv,Generated from approved rule under recorded guard; legacy material identity preserved.,COMPONENT-STRAW
AOM_006314,aom:processingMethod,AOM_101071,Drying,approved-generated,Pete Steward,2026-08-05,data/livestock-staging/approved_ingredient_harmonization_rules.csv,Generated from approved rule under recorded guard; legacy material identity preserved.,PROCESS-DRIED
AOM_006314,aom:processingMethod,AOM_101091,Crushing,approved-generated,Pete Steward,2026-08-05,data/livestock-staging/approved_ingredient_harmonization_rules.csv,Generated from approved rule under recorded guard; legacy material identity preserved.,PROCESS-CRUSHED
AOM_006314,aom:processingMethod,AOM_101094,Fermentation,approved-generated,Pete Steward,2026-08-05,data/livestock-staging/approved_ingredient_harmonization_rules.csv,Generated from approved rule under recorded guard; legacy material identity preserved.,PROCESS-FERMENTED
AOM_006315,aom:processingMethod,AOM_101071,Drying,approved-generated,Pete Steward,2026-08-05,data/livestock-staging/approved_ingredient_harmonization_rules.csv,Generated from approved rule under recorded guard; legacy material identity preserved.,PROCESS-DRIED
AOM_006316,aom:processingMethod,AOM_101071,Drying,approved-generated,Pete Steward,2026-08-05,data/livestock-staging/approved_ingredient_harmonization_rules.csv,Generated from approved rule under recorded guard; legacy material identity preserved.,PROCESS-DRIED
AOM_006317,aom:processingMethod,AOM_000831,Ensiling,approved-generated,Pete Steward,2026-08-05,data/livestock-staging/approved_ingredient_harmonization_rules.csv,Generated from approved rule under recorded guard; legacy material identity preserved.,PROCESS-ENSILED
AOM_006317,aom:processingMethod,AOM_101091,Crushing,approved-generated,Pete Steward,2026-08-05,data/livestock-staging/approved_ingredient_harmonization_rules.csv,Generated from approved rule under recorded guard; legacy material identity preserved.,PROCESS-CRUSHED
AOM_006319,aom:ingredientPart,AOM_101106,Straw,approved-generated,Pete Steward,2026-08-05,data/livestock-staging/approved_ingredient_harmonization_rules.csv,Generated from approved rule under recorded guard; legacy material identity preserved.,COMPONENT-STRAW
AOM_006319,aom:processingMethod,AOM_101071,Drying,approved-generated,Pete Steward,2026-08-05,data/livestock-staging/approved_ingredient_harmonization_rules.csv,Generated from approved rule under recorded guard; legacy material identity preserved.,PROCESS-DRIED
AOM_006320,aom:processingMethod,AOM_101071,Drying,approved-generated,Pete Steward,2026-08-05,data/livestock-staging/approved_ingredient_harmonization_rules.csv,Generated from approved rule under recorded guard; legacy material identity preserved.,PROCESS-DRIED
AOM_006320,aom:processingMethod,AOM_101095,Grinding,approved-generated,Pete Steward,2026-08-05,data/livestock-staging/approved_ingredient_harmonization_rules.csv,Generated from approved rule under recorded guard; legacy material identity preserved.,PROCESS-GROUND
AOM_006321,aom:ingredientPart,AOM_101106,Straw,approved-generated,Pete Steward,2026-08-05,data/livestock-staging/approved_ingredient_harmonization_rules.csv,Generated from approved rule under recorded guard; legacy material identity preserved.,COMPONENT-STRAW
AOM_006321,aom:processingMethod,AOM_101101,Urea treatment,approved-generated,Pete Steward,2026-08-05,data/livestock-staging/approved_ingredient_harmonization_rules.csv,Generated from approved rule under recorded guard; legacy material identity preserved.,PROCESS-UREA_TREATED
AOM_006325,aom:processingMethod,AOM_101070,Pressing,approved-generated,Pete Steward,2026-08-05,data/livestock-staging/approved_ingredient_harmonization_rules.csv,Generated from approved rule under recorded guard; legacy material identity preserved.,PROCESS-PRESSED
AOM_006326,aom:ingredientPart,AOM_101035,Pod,approved-generated,Pete Steward,2026-08-05,data/livestock-staging/approved_ingredient_harmonization_rules.csv,Generated from approved rule under recorded guard; legacy material identity preserved.,COMPONENT-POD
AOM_006326,aom:processingMethod,AOM_101071,Drying,approved-generated,Pete Steward,2026-08-05,data/livestock-staging/approved_ingredient_harmonization_rules.csv,Generated from approved rule under recorded guard; legacy material identity preserved.,PROCESS-DRIED
AOM_006326,aom:processingMethod,AOM_101091,Crushing,approved-generated,Pete Steward,2026-08-05,data/livestock-staging/approved_ingredient_harmonization_rules.csv,Generated from approved rule under recorded guard; legacy material identity preserved.,PROCESS-CRUSHED
AOM_006327,aom:processingMethod,AOM_101071,Drying,approved-generated,Pete Steward,2026-08-05,data/livestock-staging/approved_ingredient_harmonization_rules.csv,Generated from approved rule under recorded guard; legacy material identity preserved.,PROCESS-DRIED
AOM_006327,aom:processingMethod,AOM_101095,Grinding,approved-generated,Pete Steward,2026-08-05,data/livestock-staging/approved_ingredient_harmonization_rules.csv,Generated from approved rule under recorded guard; legacy material identity preserved.,PROCESS-GROUND
AOM_006328,aom:ingredientPart,AOM_101106,Straw,approved-generated,Pete Steward,2026-08-05,data/livestock-staging/approved_ingredient_harmonization_rules.csv,Generated from approved rule under recorded guard; legacy material identity preserved.,COMPONENT-STRAW
AOM_006328,aom:processingMethod,AOM_101071,Drying,approved-generated,Pete Steward,2026-08-05,data/livestock-staging/approved_ingredient_harmonization_rules.csv,Generated from approved rule under recorded guard; legacy material identity preserved.,PROCESS-DRIED
AOM_006328,aom:processingMethod,AOM_101095,Grinding,approved-generated,Pete Steward,2026-08-05,data/livestock-staging/approved_ingredient_harmonization_rules.csv,Generated from approved rule under recorded guard; legacy material identity preserved.,PROCESS-GROUND
AOM_006329,aom:processingMethod,AOM_101071,Drying,approved-generated,Pete Steward,2026-08-05,data/livestock-staging/approved_ingredient_harmonization_rules.csv,Generated from approved rule under recorded guard; legacy material identity preserved.,PROCESS-DRIED
AOM_006335,aom:processingMethod,AOM_101071,Drying,approved-generated,Pete Steward,2026-08-05,data/livestock-staging/approved_ingredient_harmonization_rules.csv,Generated from approved rule under recorded guard; legacy material identity preserved.,PROCESS-DRIED
AOM_006336,aom:ingredientPart,AOM_101106,Straw,approved-generated,Pete Steward,2026-08-05,data/livestock-staging/approved_ingredient_harmonization_rules.csv,Generated from approved rule under recorded guard; legacy material identity preserved.,COMPONENT-STRAW
AOM_006336,aom:processingMethod,AOM_101071,Drying,approved-generated,Pete Steward,2026-08-05,data/livestock-staging/approved_ingredient_harmonization_rules.csv,Generated from approved rule under recorded guard; legacy material identity preserved.,PROCESS-DRIED
AOM_006336,aom:processingMethod,AOM_101095,Grinding,approved-generated,Pete Steward,2026-08-05,data/livestock-staging/approved_ingredient_harmonization_rules.csv,Generated from approved rule under recorded guard; legacy material identity preserved.,PROCESS-GROUND
AOM_006337,aom:ingredientPart,AOM_101106,Straw,approved-generated,Pete Steward,2026-08-05,data/livestock-staging/approved_ingredient_harmonization_rules.csv,Generated from approved rule under recorded guard; legacy material identity preserved.,COMPONENT-STRAW
AOM_006337,aom:processingMethod,AOM_101071,Drying,approved-generated,Pete Steward,2026-08-05,data/livestock-staging/approved_ingredient_harmonization_rules.csv,Generated from approved rule under recorded guard; legacy material identity preserved.,PROCESS-DRIED
AOM_006337,aom:processingMethod,AOM_101094,Fermentation,approved-generated,Pete Steward,2026-08-05,data/livestock-staging/approved_ingredient_harmonization_rules.csv,Generated from approved rule under recorded guard; legacy material identity preserved.,PROCESS-FERMENTED
AOM_006337,aom:processingMethod,AOM_101095,Grinding,approved-generated,Pete Steward,2026-08-05,data/livestock-staging/approved_ingredient_harmonization_rules.csv,Generated from approved rule under recorded guard; legacy material identity preserved.,PROCESS-GROUND
AOM_006341,aom:ingredientPart,AOM_101038,Seed,approved-generated,Pete Steward,2026-08-05,data/livestock-staging/approved_ingredient_harmonization_rules.csv,Generated from approved rule under recorded guard; legacy material identity preserved.,COMPONENT-SEED
AOM_006343,aom:ingredientPart,AOM_101038,Seed,approved-generated,Pete Steward,2026-08-05,data/livestock-staging/approved_ingredient_harmonization_rules.csv,Generated from approved rule under recorded guard; legacy material identity preserved.,COMPONENT-SEED
AOM_006343,aom:processingMethod,AOM_101095,Grinding,approved-generated,Pete Steward,2026-08-05,data/livestock-staging/approved_ingredient_harmonization_rules.csv,Generated from approved rule under recorded guard; legacy material identity preserved.,PROCESS-GROUND
AOM_006344,aom:processingMethod,AOM_101071,Drying,approved-generated,Pete Steward,2026-08-05,data/livestock-staging/approved_ingredient_harmonization_rules.csv,Generated from approved rule under recorded guard; legacy material identity preserved.,PROCESS-DRIED
AOM_006345,aom:ingredientPart,AOM_101106,Straw,approved-generated,Pete Steward,2026-08-05,data/livestock-staging/approved_ingredient_harmonization_rules.csv,Generated from approved rule under recorded guard; legacy material identity preserved.,COMPONENT-STRAW
AOM_006345,aom:processingMethod,AOM_101071,Drying,approved-generated,Pete Steward,2026-08-05,data/livestock-staging/approved_ingredient_harmonization_rules.csv,Generated from approved rule under recorded guard; legacy material identity preserved.,PROCESS-DRIED
AOM_006345,aom:processingMethod,AOM_101101,Urea treatment,approved-generated,Pete Steward,2026-08-05,data/livestock-staging/approved_ingredient_harmonization_rules.csv,Generated from approved rule under recorded guard; legacy material identity preserved.,PROCESS-UREA_TREATED
AOM_006346,aom:ingredientPart,AOM_101032,Kernel,approved-generated,Pete Steward,2026-08-05,data/livestock-staging/approved_ingredient_harmonization_rules.csv,Generated from approved rule under recorded guard; legacy material identity preserved.,COMPONENT-KERNEL
AOM_006347,aom:ingredientPart,AOM_101038,Seed,approved-generated,Pete Steward,2026-08-05,data/livestock-staging/approved_ingredient_harmonization_rules.csv,Generated from approved rule under recorded guard; legacy material identity preserved.,COMPONENT-SEED
AOM_006347,aom:processingMethod,AOM_101095,Grinding,approved-generated,Pete Steward,2026-08-05,data/livestock-staging/approved_ingredient_harmonization_rules.csv,Generated from approved rule under recorded guard; legacy material identity preserved.,PROCESS-GROUND
AOM_006348,aom:processingMethod,AOM_000831,Ensiling,approved-generated,Pete Steward,2026-08-05,data/livestock-staging/approved_ingredient_harmonization_rules.csv,Generated from approved rule under recorded guard; legacy material identity preserved.,PROCESS-ENSILED
AOM_006352,aom:ingredientPart,AOM_101034,Peel,approved-generated,Pete Steward,2026-08-05,data/livestock-staging/approved_ingredient_harmonization_rules.csv,Generated from approved rule under recorded guard; legacy material identity preserved.,COMPONENT-PEEL
AOM_006352,aom:processingMethod,AOM_101091,Crushing,approved-generated,Pete Steward,2026-08-05,data/livestock-staging/approved_ingredient_harmonization_rules.csv,Generated from approved rule under recorded guard; legacy material identity preserved.,PROCESS-CRUSHED
AOM_006353,aom:ingredientPart,AOM_101034,Peel,approved-generated,Pete Steward,2026-08-05,data/livestock-staging/approved_ingredient_harmonization_rules.csv,Generated from approved rule under recorded guard; legacy material identity preserved.,COMPONENT-PEEL
AOM_006353,aom:processingMethod,AOM_101091,Crushing,approved-generated,Pete Steward,2026-08-05,data/livestock-staging/approved_ingredient_harmonization_rules.csv,Generated from approved rule under recorded guard; legacy material identity preserved.,PROCESS-CRUSHED
AOM_006353,aom:processingMethod,AOM_101101,Urea treatment,approved-generated,Pete Steward,2026-08-05,data/livestock-staging/approved_ingredient_harmonization_rules.csv,Generated from approved rule under recorded guard; legacy material identity preserved.,PROCESS-UREA_TREATED
AOM_006356,aom:processingMethod,AOM_101071,Drying,approved-generated,Pete Steward,2026-08-05,data/livestock-staging/approved_ingredient_harmonization_rules.csv,Generated from approved rule under recorded guard; legacy material identity preserved.,PROCESS-DRIED
AOM_006357,aom:processingMethod,AOM_101071,Drying,approved-generated,Pete Steward,2026-08-05,data/livestock-staging/approved_ingredient_harmonization_rules.csv,Generated from approved rule under recorded guard; legacy material identity preserved.,PROCESS-DRIED
AOM_006357,aom:processingMethod,AOM_101095,Grinding,approved-generated,Pete Steward,2026-08-05,data/livestock-staging/approved_ingredient_harmonization_rules.csv,Generated from approved rule under recorded guard; legacy material identity preserved.,PROCESS-GROUND
AOM_006358,aom:ingredientPart,AOM_101033,Leaf,approved-generated,Pete Steward,2026-08-05,data/livestock-staging/approved_ingredient_harmonization_rules.csv,Generated from approved rule under recorded guard; legacy material identity preserved.,COMPONENT-LEAF
AOM_006358,aom:processingMethod,AOM_101071,Drying,approved-generated,Pete Steward,2026-08-05,data/livestock-staging/approved_ingredient_harmonization_rules.csv,Generated from approved rule under recorded guard; legacy material identity preserved.,PROCESS-DRIED
AOM_006359,aom:ingredientPart,AOM_101033,Leaf,approved-generated,Pete Steward,2026-08-05,data/livestock-staging/approved_ingredient_harmonization_rules.csv,Generated from approved rule under recorded guard; legacy material identity preserved.,COMPONENT-LEAF
AOM_006360,aom:ingredientPart,AOM_101033,Leaf,approved-generated,Pete Steward,2026-08-05,data/livestock-staging/approved_ingredient_harmonization_rules.csv,Generated from approved rule under recorded guard; legacy material identity preserved.,COMPONENT-LEAF
AOM_006360,aom:processingMethod,AOM_101102,Wilting,approved-generated,Pete Steward,2026-08-05,data/livestock-staging/approved_ingredient_harmonization_rules.csv,Generated from approved rule under recorded guard; legacy material identity preserved.,PROCESS-WILTED
AOM_006361,aom:processingMethod,AOM_000831,Ensiling,approved-generated,Pete Steward,2026-08-05,data/livestock-staging/approved_ingredient_harmonization_rules.csv,Generated from approved rule under recorded guard; legacy material identity preserved.,PROCESS-ENSILED
AOM_006362,aom:processingMethod,AOM_101071,Drying,approved-generated,Pete Steward,2026-08-05,data/livestock-staging/approved_ingredient_harmonization_rules.csv,Generated from approved rule under recorded guard; legacy material identity preserved.,PROCESS-DRIED
AOM_006363,aom:processingMethod,AOM_101091,Crushing,approved-generated,Pete Steward,2026-08-05,data/livestock-staging/approved_ingredient_harmonization_rules.csv,Generated from approved rule under recorded guard; legacy material identity preserved.,PROCESS-CRUSHED
AOM_006364,aom:processingMethod,AOM_101071,Drying,approved-generated,Pete Steward,2026-08-05,data/livestock-staging/approved_ingredient_harmonization_rules.csv,Generated from approved rule under recorded guard; legacy material identity preserved.,PROCESS-DRIED
AOM_006366,aom:processingMethod,AOM_101071,Drying,approved-generated,Pete Steward,2026-08-05,data/livestock-staging/approved_ingredient_harmonization_rules.csv,Generated from approved rule under recorded guard; legacy material identity preserved.,PROCESS-DRIED
AOM_006366,aom:processingMethod,AOM_101095,Grinding,approved-generated,Pete Steward,2026-08-05,data/livestock-staging/approved_ingredient_harmonization_rules.csv,Generated from approved rule under recorded guard; legacy material identity preserved.,PROCESS-GROUND
AOM_006368,aom:processingMethod,AOM_101071,Drying,approved-generated,Pete Steward,2026-08-05,data/livestock-staging/approved_ingredient_harmonization_rules.csv,Generated from approved rule under recorded guard; legacy material identity preserved.,PROCESS-DRIED
AOM_006368,aom:processingMethod,AOM_101095,Grinding,approved-generated,Pete Steward,2026-08-05,data/livestock-staging/approved_ingredient_harmonization_rules.csv,Generated from approved rule under recorded guard; legacy material identity preserved.,PROCESS-GROUND
AOM_006371,aom:processingMethod,AOM_101071,Drying,approved-generated,Pete Steward,2026-08-05,data/livestock-staging/approved_ingredient_harmonization_rules.csv,Generated from approved rule under recorded guard; legacy material identity preserved.,PROCESS-DRIED
AOM_006373,aom:ingredientPart,AOM_101033,Leaf,approved-generated,Pete Steward,2026-08-05,data/livestock-staging/approved_ingredient_harmonization_rules.csv,Generated from approved rule under recorded guard; legacy material identity preserved.,COMPONENT-LEAF
AOM_006374,aom:ingredientPart,AOM_101106,Straw,approved-generated,Pete Steward,2026-08-05,data/livestock-staging/approved_ingredient_harmonization_rules.csv,Generated from approved rule under recorded guard; legacy material identity preserved.,COMPONENT-STRAW
AOM_006374,aom:processingMethod,AOM_000831,Ensiling,approved-generated,Pete Steward,2026-08-05,data/livestock-staging/approved_ingredient_harmonization_rules.csv,Generated from approved rule under recorded guard; legacy material identity preserved.,PROCESS-ENSILED
AOM_006374,aom:processingMethod,AOM_101101,Urea treatment,approved-generated,Pete Steward,2026-08-05,data/livestock-staging/approved_ingredient_harmonization_rules.csv,Generated from approved rule under recorded guard; legacy material identity preserved.,PROCESS-UREA_TREATED
AOM_006376,aom:ingredientPart,AOM_101033,Leaf,approved-generated,Pete Steward,2026-08-05,data/livestock-staging/approved_ingredient_harmonization_rules.csv,Generated from approved rule under recorded guard; legacy material identity preserved.,COMPONENT-LEAF
AOM_006376,aom:processingMethod,AOM_101102,Wilting,approved-generated,Pete Steward,2026-08-05,data/livestock-staging/approved_ingredient_harmonization_rules.csv,Generated from approved rule under recorded guard; legacy material identity preserved.,PROCESS-WILTED
AOM_006380,aom:processingMethod,AOM_101092,Enzyme treatment,approved-generated,Pete Steward,2026-08-05,data/livestock-staging/approved_ingredient_harmonization_rules.csv,Generated from approved rule under recorded guard; legacy material identity preserved.,PROCESS-ENZYME_TREATED
AOM_006380,aom:processingMethod,AOM_101095,Grinding,approved-generated,Pete Steward,2026-08-05,data/livestock-staging/approved_ingredient_harmonization_rules.csv,Generated from approved rule under recorded guard; legacy material identity preserved.,PROCESS-GROUND
AOM_006381,aom:ingredientPart,AOM_101033,Leaf,approved-generated,Pete Steward,2026-08-05,data/livestock-staging/approved_ingredient_harmonization_rules.csv,Generated from approved rule under recorded guard; legacy material identity preserved.,COMPONENT-LEAF
AOM_006381,aom:processingMethod,AOM_101102,Wilting,approved-generated,Pete Steward,2026-08-05,data/livestock-staging/approved_ingredient_harmonization_rules.csv,Generated from approved rule under recorded guard; legacy material identity preserved.,PROCESS-WILTED
AOM_006385,aom:ingredientPart,AOM_101033,Leaf,approved-generated,Pete Steward,2026-08-05,data/livestock-staging/approved_ingredient_harmonization_rules.csv,Generated from approved rule under recorded guard; legacy material identity preserved.,COMPONENT-LEAF
AOM_006395,aom:processingMethod,AOM_101102,Wilting,approved-generated,Pete Steward,2026-08-05,data/livestock-staging/approved_ingredient_harmonization_rules.csv,Generated from approved rule under recorded guard; legacy material identity preserved.,PROCESS-WILTED
AOM_006396,aom:ingredientPart,AOM_101106,Straw,approved-generated,Pete Steward,2026-08-05,data/livestock-staging/approved_ingredient_harmonization_rules.csv,Generated from approved rule under recorded guard; legacy material identity preserved.,COMPONENT-STRAW
AOM_006396,aom:processingMethod,AOM_101071,Drying,approved-generated,Pete Steward,2026-08-05,data/livestock-staging/approved_ingredient_harmonization_rules.csv,Generated from approved rule under recorded guard; legacy material identity preserved.,PROCESS-DRIED
AOM_006396,aom:processingMethod,AOM_101097,Molasses treatment,approved-generated,Pete Steward,2026-08-05,data/livestock-staging/approved_ingredient_harmonization_rules.csv,Generated from approved rule under recorded guard; legacy material identity preserved.,PROCESS-MOLASSES_TREATED
AOM_006396,aom:processingMethod,AOM_101101,Urea treatment,approved-generated,Pete Steward,2026-08-05,data/livestock-staging/approved_ingredient_harmonization_rules.csv,Generated from approved rule under recorded guard; legacy material identity preserved.,PROCESS-UREA_TREATED
AOM_006397,aom:ingredientPart,AOM_101106,Straw,approved-generated,Pete Steward,2026-08-05,data/livestock-staging/approved_ingredient_harmonization_rules.csv,Generated from approved rule under recorded guard; legacy material identity preserved.,COMPONENT-STRAW
AOM_006397,aom:processingMethod,AOM_101097,Molasses treatment,approved-generated,Pete Steward,2026-08-05,data/livestock-staging/approved_ingredient_harmonization_rules.csv,Generated from approved rule under recorded guard; legacy material identity preserved.,PROCESS-MOLASSES_TREATED
AOM_006397,aom:processingMethod,AOM_101101,Urea treatment,approved-generated,Pete Steward,2026-08-05,data/livestock-staging/approved_ingredient_harmonization_rules.csv,Generated from approved rule under recorded guard; legacy material identity preserved.,PROCESS-UREA_TREATED
AOM_006399,aom:ingredientPart,AOM_101038,Seed,approved-generated,Pete Steward,2026-08-05,data/livestock-staging/approved_ingredient_harmonization_rules.csv,Generated from approved rule under recorded guard; legacy material identity preserved.,COMPONENT-SEED
AOM_006399,aom:processingMethod,AOM_101071,Drying,approved-generated,Pete Steward,2026-08-05,data/livestock-staging/approved_ingredient_harmonization_rules.csv,Generated from approved rule under recorded guard; legacy material identity preserved.,PROCESS-DRIED
AOM_006399,aom:processingMethod,AOM_101087,Alkali treatment,approved-generated,Pete Steward,2026-08-05,data/livestock-staging/approved_ingredient_harmonization_rules.csv,Generated from approved rule under recorded guard; legacy material identity preserved.,PROCESS-ALKALI_TREATED
AOM_006399,aom:processingMethod,AOM_101089,Boiling,approved-generated,Pete Steward,2026-08-05,data/livestock-staging/approved_ingredient_harmonization_rules.csv,Generated from approved rule under recorded guard; legacy material identity preserved.,PROCESS-BOILED
AOM_006399,aom:processingMethod,AOM_101095,Grinding,approved-generated,Pete Steward,2026-08-05,data/livestock-staging/approved_ingredient_harmonization_rules.csv,Generated from approved rule under recorded guard; legacy material identity preserved.,PROCESS-GROUND
AOM_006400,aom:processingMethod,AOM_101087,Alkali treatment,approved-generated,Pete Steward,2026-08-05,data/livestock-staging/approved_ingredient_harmonization_rules.csv,Generated from approved rule under recorded guard; legacy material identity preserved.,PROCESS-ALKALI_TREATED
AOM_006400,aom:processingMethod,AOM_101089,Boiling,approved-generated,Pete Steward,2026-08-05,data/livestock-staging/approved_ingredient_harmonization_rules.csv,Generated from approved rule under recorded guard; legacy material identity preserved.,PROCESS-BOILED
AOM_006400,aom:processingMethod,AOM_101095,Grinding,approved-generated,Pete Steward,2026-08-05,data/livestock-staging/approved_ingredient_harmonization_rules.csv,Generated from approved rule under recorded guard; legacy material identity preserved.,PROCESS-GROUND
AOM_006402,aom:processingMethod,AOM_101071,Drying,approved-generated,Pete Steward,2026-08-05,data/livestock-staging/approved_ingredient_harmonization_rules.csv,Generated from approved rule under recorded guard; legacy material identity preserved.,PROCESS-DRIED
AOM_006402,aom:processingMethod,AOM_101094,Fermentation,approved-generated,Pete Steward,2026-08-05,data/livestock-staging/approved_ingredient_harmonization_rules.csv,Generated from approved rule under recorded guard; legacy material identity preserved.,PROCESS-FERMENTED
AOM_006403,aom:ingredientPart,AOM_101107,Vine,approved-generated,Pete Steward,2026-08-05,data/livestock-staging/approved_ingredient_harmonization_rules.csv,Generated from approved rule under recorded guard; legacy material identity preserved.,COMPONENT-VINE
AOM_006403,aom:processingMethod,AOM_000831,Ensiling,approved-generated,Pete Steward,2026-08-05,data/livestock-staging/approved_ingredient_harmonization_rules.csv,Generated from approved rule under recorded guard; legacy material identity preserved.,PROCESS-ENSILED
AOM_006403,aom:processingMethod,AOM_101102,Wilting,approved-generated,Pete Steward,2026-08-05,data/livestock-staging/approved_ingredient_harmonization_rules.csv,Generated from approved rule under recorded guard; legacy material identity preserved.,PROCESS-WILTED
AOM_006404,aom:processingMethod,AOM_101071,Drying,approved-generated,Pete Steward,2026-08-05,data/livestock-staging/approved_ingredient_harmonization_rules.csv,Generated from approved rule under recorded guard; legacy material identity preserved.,PROCESS-DRIED
AOM_006404,aom:processingMethod,AOM_101095,Grinding,approved-generated,Pete Steward,2026-08-05,data/livestock-staging/approved_ingredient_harmonization_rules.csv,Generated from approved rule under recorded guard; legacy material identity preserved.,PROCESS-GROUND
AOM_006408,aom:processingMethod,AOM_101095,Grinding,approved-generated,Pete Steward,2026-08-05,data/livestock-staging/approved_ingredient_harmonization_rules.csv,Generated from approved rule under recorded guard; legacy material identity preserved.,PROCESS-GROUND
AOM_006411,aom:ingredientPart,AOM_101032,Kernel,approved-generated,Pete Steward,2026-08-05,data/livestock-staging/approved_ingredient_harmonization_rules.csv,Generated from approved rule under recorded guard; legacy material identity preserved.,COMPONENT-KERNEL
AOM_006411,aom:processingMethod,AOM_101071,Drying,approved-generated,Pete Steward,2026-08-05,data/livestock-staging/approved_ingredient_harmonization_rules.csv,Generated from approved rule under recorded guard; legacy material identity preserved.,PROCESS-DRIED
AOM_006413,aom:ingredientPart,AOM_101106,Straw,approved-generated,Pete Steward,2026-08-05,data/livestock-staging/approved_ingredient_harmonization_rules.csv,Generated from approved rule under recorded guard; legacy material identity preserved.,COMPONENT-STRAW
AOM_006413,aom:processingMethod,AOM_000831,Ensiling,approved-generated,Pete Steward,2026-08-05,data/livestock-staging/approved_ingredient_harmonization_rules.csv,Generated from approved rule under recorded guard; legacy material identity preserved.,PROCESS-ENSILED
AOM_006500,aom:ingredientPart,AOM_101038,Seed,approved-generated,Pete Steward,2026-08-05,data/livestock-staging/approved_ingredient_harmonization_rules.csv,Generated from approved rule under recorded guard; legacy material identity preserved.,COMPONENT-SEED
AOM_006500,aom:processingMethod,AOM_101071,Drying,approved-generated,Pete Steward,2026-08-05,data/livestock-staging/approved_ingredient_harmonization_rules.csv,Generated from approved rule under recorded guard; legacy material identity preserved.,PROCESS-DRIED
AOM_006500,aom:processingMethod,AOM_101089,Boiling,approved-generated,Pete Steward,2026-08-05,data/livestock-staging/approved_ingredient_harmonization_rules.csv,Generated from approved rule under recorded guard; legacy material identity preserved.,PROCESS-BOILED
AOM_006500,aom:processingMethod,AOM_101095,Grinding,approved-generated,Pete Steward,2026-08-05,data/livestock-staging/approved_ingredient_harmonization_rules.csv,Generated from approved rule under recorded guard; legacy material identity preserved.,PROCESS-GROUND
AOM_006500,aom:processingMethod,AOM_101099,Soaking,approved-generated,Pete Steward,2026-08-05,data/livestock-staging/approved_ingredient_harmonization_rules.csv,Generated from approved rule under recorded guard; legacy material identity preserved.,PROCESS-SOAKED
AOM_00672,aom:ingredientPart,AOM_101033,Leaf,approved-generated,Pete Steward,2026-08-05,data/livestock-staging/approved_ingredient_harmonization_rules.csv,Generated from approved rule under recorded guard; legacy material identity preserved.,COMPONENT-LEAF
AOM_00672,aom:processingMethod,AOM_000831,Ensiling,approved-generated,Pete Steward,2026-08-05,data/livestock-staging/approved_ingredient_harmonization_rules.csv,Generated from approved rule under recorded guard; legacy material identity preserved.,PROCESS-ENSILED
AOM_00672,aom:processingMethod,AOM_101102,Wilting,approved-generated,Pete Steward,2026-08-05,data/livestock-staging/approved_ingredient_harmonization_rules.csv,Generated from approved rule under recorded guard; legacy material identity preserved.,PROCESS-WILTED
AOM_012120,aom:ingredientPart,AOM_101074,Grain,approved-generated,Pete Steward,2026-08-05,data/livestock-staging/approved_ingredient_harmonization_rules.csv,Generated from approved rule under recorded guard; legacy material identity preserved.,COMPONENT-GRAIN
AOM_012120,aom:processingMethod,AOM_101098,Roasting,approved-generated,Pete Steward,2026-08-05,data/livestock-staging/approved_ingredient_harmonization_rules.csv,Generated from approved rule under recorded guard; legacy material identity preserved.,PROCESS-ROASTED
AOM_000545,aom:productRole,AOM_101058,Processing-waste role,approved,Pete Steward,2026-08-06,http://purl.obolibrary.org/obo/NCBITaxon_7898,Explicit descriptor “processing waste” mapped through hard-tail decision AOM_000545; assertion 1.,
AOM_000547,aom:ingredientConstituent,AOM_101081,Oil constituent,approved,Pete Steward,2026-08-06,http://purl.obolibrary.org/obo/NCBITaxon_29147,Explicit descriptor “oil” mapped through hard-tail decision AOM_000547; assertion 1.,
AOM_000591,aom:productRole,AOM_101060,Milling-shorts role,approved,Pete Steward,2026-08-06,0111;http://purl.obolibrary.org/obo/NCBITaxon_4565;wfo-0000905667,Explicit descriptor “shorts” mapped through hard-tail decision AOM_000591; assertion 1.,
AOM_000601,aom:productRole,AOM_101063,Crop-residue role,approved,Pete Steward,2026-08-06,https://www.feedipedia.org/node/17446,Explicit descriptor “haulm” mapped through hard-tail decision AOM_000601; assertion 1.,
AOM_000601,aom:ingredientPart,AOM_101033,Leaf,approved,Pete Steward,2026-08-06,https://www.feedipedia.org/node/17446,Explicit descriptor “haulm” mapped through hard-tail decision AOM_000601; assertion 2.,
AOM_000601,aom:ingredientPart,AOM_101047,Stem,approved,Pete Steward,2026-08-06,https://www.feedipedia.org/node/17446,Explicit descriptor “haulm” mapped through hard-tail decision AOM_000601; assertion 3.,
AOM_000604,aom:productRole,AOM_101063,Crop-residue role,approved,Pete Steward,2026-08-06,0142;http://purl.obolibrary.org/obo/NCBITaxon_3818;wfo-0000174378,Explicit descriptor “haulm” mapped through hard-tail decision AOM_000604; assertion 1.,
AOM_000604,aom:ingredientPart,AOM_101033,Leaf,approved,Pete Steward,2026-08-06,0142;http://purl.obolibrary.org/obo/NCBITaxon_3818;wfo-0000174378,Explicit descriptor “haulm” mapped through hard-tail decision AOM_000604; assertion 2.,
AOM_000604,aom:ingredientPart,AOM_101047,Stem,approved,Pete Steward,2026-08-06,0142;http://purl.obolibrary.org/obo/NCBITaxon_3818;wfo-0000174378,Explicit descriptor “haulm” mapped through hard-tail decision AOM_000604; assertion 3.,
AOM_000605,aom:ingredientPart,AOM_101030,Hull,approved,Pete Steward,2026-08-06,https://www.feedipedia.org/node/12155,Explicit descriptor “hull” mapped through hard-tail decision AOM_000605; assertion 1.,
AOM_000614,aom:productRole,AOM_101059,Residue role,approved,Pete Steward,2026-08-06,0141;http://purl.obolibrary.org/obo/NCBITaxon_3847;wfo-0000181462,Explicit descriptor “residue” mapped through hard-tail decision AOM_000614; assertion 1.,
AOM_000640,aom:ingredientPart,AOM_101034,Peel,approved,Pete Steward,2026-08-06,01540;http://purl.obolibrary.org/obo/NCBITaxon_4672;wfo-7000000192,Explicit descriptor “peels” mapped through hard-tail decision AOM_000640; assertion 1.,
AOM_000752,aom:ingredientPart,AOM_101117,Flower,approved,Pete Steward,2026-08-06,http://purl.obolibrary.org/obo/NCBITaxon_99037;wfo-0000005006,Explicit descriptor “flower” mapped through hard-tail decision AOM_000752; assertion 1.,
AOM_001167,aom:processingMethod,AOM_101072,Extraction,approved,Pete Steward,2026-08-06,http://purl.obolibrary.org/obo/NCBITaxon_371859;wfo-0000385761,Explicit descriptor “juice” mapped through hard-tail decision AOM_001167; assertion 1.,
AOM_001167,aom:physicalForm,AOM_101077,Liquid form,approved,Pete Steward,2026-08-06,http://purl.obolibrary.org/obo/NCBITaxon_371859;wfo-0000385761,Explicit descriptor “juice” mapped through hard-tail decision AOM_001167; assertion 2.,
AOM_001180,aom:ingredientPart,AOM_101048,Plant top,approved,Pete Steward,2026-08-06,01701;http://purl.obolibrary.org/obo/NCBITaxon_3885;wfo-0000207144,Explicit descriptor “tops” mapped through hard-tail decision AOM_001180; assertion 1.,
AOM_001181,aom:productRole,AOM_101063,Crop-residue role,approved,Pete Steward,2026-08-06,01249;http://purl.obolibrary.org/obo/NCBITaxon_3917;wfo-0000196617,Explicit descriptor “haulm” mapped through hard-tail decision AOM_001181; assertion 1.,
AOM_001181,aom:ingredientPart,AOM_101033,Leaf,approved,Pete Steward,2026-08-06,01249;http://purl.obolibrary.org/obo/NCBITaxon_3917;wfo-0000196617,Explicit descriptor “haulm” mapped through hard-tail decision AOM_001181; assertion 2.,
AOM_001181,aom:ingredientPart,AOM_101047,Stem,approved,Pete Steward,2026-08-06,01249;http://purl.obolibrary.org/obo/NCBITaxon_3917;wfo-0000196617,Explicit descriptor “haulm” mapped through hard-tail decision AOM_001181; assertion 3.,
AOM_001192,aom:physicalForm,AOM_101052,Cake form,approved,Pete Steward,2026-08-06,https://www.feedipedia.org/node/12886,Explicit descriptor “cake” mapped through hard-tail decision AOM_001192; assertion 1.,
AOM_001251,aom:productRole,AOM_101061,Waste role,approved,Pete Steward,2026-08-06,01520;http://purl.obolibrary.org/obo/NCBITaxon_3983;wfo-0000235507,Explicit descriptor “waste” mapped through hard-tail decision AOM_001251; assertion 1.,
AOM_001255,aom:ingredientConstituent,AOM_101081,Oil constituent,approved,Pete Steward,2026-08-06,http://purl.obolibrary.org/obo/NCBITaxon_4006;wfo-0000366385,Explicit descriptor “oil” mapped through hard-tail decision AOM_001255; assertion 1.,
AOM_001258,aom:productRole,AOM_101063,Crop-residue role,approved,Pete Steward,2026-08-06,01701;http://purl.obolibrary.org/obo/NCBITaxon_3885;wfo-0000207144,Explicit descriptor “haulm” mapped through hard-tail decision AOM_001258; assertion 1.,
AOM_001258,aom:ingredientPart,AOM_101033,Leaf,approved,Pete Steward,2026-08-06,01701;http://purl.obolibrary.org/obo/NCBITaxon_3885;wfo-0000207144,Explicit descriptor “haulm” mapped through hard-tail decision AOM_001258; assertion 2.,
AOM_001258,aom:ingredientPart,AOM_101047,Stem,approved,Pete Steward,2026-08-06,01701;http://purl.obolibrary.org/obo/NCBITaxon_3885;wfo-0000207144,Explicit descriptor “haulm” mapped through hard-tail decision AOM_001258; assertion 3.,
AOM_001281,aom:productRole,AOM_101062,By-product role,approved,Pete Steward,2026-08-06,01510;http://purl.obolibrary.org/obo/NCBITaxon_4113;wfo-0001031908,Explicit descriptor “hash” mapped through hard-tail decision AOM_001281; assertion 1.,
AOM_001281,aom:physicalForm,AOM_101075,Mixture form,approved,Pete Steward,2026-08-06,01510;http://purl.obolibrary.org/obo/NCBITaxon_4113;wfo-0001031908,Explicit descriptor “hash” mapped through hard-tail decision AOM_001281; assertion 2.,
AOM_001303,aom:physicalForm,AOM_101052,Cake form,approved,Pete Steward,2026-08-06,https://www.feedipedia.org/node/27587,Explicit descriptor “cake” mapped through hard-tail decision AOM_001303; assertion 1.,
AOM_001334,aom:ingredientPart,AOM_101038,Seed,approved,Pete Steward,2026-08-06,https://www.feedipedia.org/node/11688,Explicit descriptor “grain” mapped through hard-tail decision AOM_001334; assertion 1.,
AOM_001344,aom:ingredientConstituent,AOM_101081,Oil constituent,approved,Pete Steward,2026-08-06,http://purl.obolibrary.org/obo/NCBITaxon_39367;wfo-0000298062,Explicit descriptor “oil” mapped through hard-tail decision AOM_001344; assertion 1.,
AOM_001359,aom:ingredientPart,AOM_101024,Bulb,approved,Pete Steward,2026-08-06,01253;http://purl.obolibrary.org/obo/NCBITaxon_4679;wfo-0000755919,Explicit descriptor “bulb” mapped through hard-tail decision AOM_001359; assertion 1.,
AOM_001421,aom:physicalForm,AOM_101118,Slurry form,approved,Pete Steward,2026-08-06,http://purl.obolibrary.org/obo/NCBITaxon_4932,Explicit descriptor “slurry” mapped through hard-tail decision AOM_001421; assertion 1.,
AOM_001482,aom:productRole,AOM_101062,By-product role,approved,Pete Steward,2026-08-06,https://www.feedipedia.org/node/12340,Explicit descriptor “molasses” mapped through hard-tail decision AOM_001482; assertion 1.,
AOM_001482,aom:processingMethod,AOM_101084,Sugar processing,approved,Pete Steward,2026-08-06,https://www.feedipedia.org/node/12340,Explicit descriptor “molasses” mapped through hard-tail decision AOM_001482; assertion 2.,
AOM_001482,aom:physicalForm,AOM_101077,Liquid form,approved,Pete Steward,2026-08-06,https://www.feedipedia.org/node/12340,Explicit descriptor “molasses” mapped through hard-tail decision AOM_001482; assertion 3.,
AOM_001574,aom:productRole,AOM_101059,Residue role,approved,Pete Steward,2026-08-06,01919.9;http://purl.obolibrary.org/obo/NCBITaxon_123405;wfo-0000590815,Explicit descriptor “residue” mapped through hard-tail decision AOM_001574; assertion 1.,
AOM_001654,aom:ingredientPart,AOM_101028,Fruit,approved,Pete Steward,2026-08-06,http://purl.obolibrary.org/obo/NCBITaxon_196665;wfo-0000195972,Explicit descriptor “fruits” mapped through hard-tail decision AOM_001654; assertion 1.,
AOM_001777,aom:productRole,AOM_101058,Processing-waste role,approved,Pete Steward,2026-08-06,01510;http://purl.obolibrary.org/obo/NCBITaxon_4113;wfo-0001031908,Explicit descriptor “processing waste” mapped through hard-tail decision AOM_001777; assertion 1.,
AOM_001783,aom:productRole,AOM_101056,Market-waste role,approved,Pete Steward,2026-08-06,http://purl.obolibrary.org/obo/NCBITaxon_205524;wfo-0001025760,Explicit descriptor “market waste” mapped through hard-tail decision AOM_001783; assertion 1.,
AOM_001811,aom:physicalForm,AOM_101075,Mixture form,approved,Pete Steward,2026-08-06,https://www.feedipedia.org/node/12538,Explicit descriptor “rumen contents” mapped through hard-tail decision AOM_001811; assertion 1.,
AOM_001811,aom:productRole,AOM_101062,By-product role,approved,Pete Steward,2026-08-06,https://www.feedipedia.org/node/12538,Explicit descriptor “rumen contents” mapped through hard-tail decision AOM_001811; assertion 2.,
AOM_001815,aom:productRole,AOM_101055,Discard role,approved,Pete Steward,2026-08-06,01314;http://purl.obolibrary.org/obo/NCBITaxon_42345;wfo-0000269752,Explicit descriptor “cull” mapped through hard-tail decision AOM_001815; assertion 1.,
AOM_001818,aom:ingredientPart,AOM_101027,Corm,approved,Pete Steward,2026-08-06,https://www.feedipedia.org/node/22889,Explicit descriptor “corm” mapped through hard-tail decision AOM_001818; assertion 1.,
AOM_001820,aom:ingredientConstituent,AOM_101065,Starch constituent,approved,Pete Steward,2026-08-06,01510;2322;http://purl.obolibrary.org/obo/NCBITaxon_4113;wfo-0001031908,Explicit descriptor “starch” mapped through hard-tail decision AOM_001820; assertion 1.,
AOM_001837,aom:productRole,AOM_101059,Residue role,approved,Pete Steward,2026-08-06,https://www.feedipedia.org/node/15497,Explicit descriptor “mill effluent” mapped through hard-tail decision AOM_001837; assertion 1.,
AOM_001845,aom:ingredientPart,AOM_101041,Sprout,approved,Pete Steward,2026-08-06,https://www.feedipedia.org/node/11829,Explicit descriptor “malt sprout” mapped through hard-tail decision AOM_001845; assertion 1.,
AOM_001845,aom:productRole,AOM_101062,By-product role,approved,Pete Steward,2026-08-06,https://www.feedipedia.org/node/11829,Explicit descriptor “malt sprout” mapped through hard-tail decision AOM_001845; assertion 2.,
AOM_001848,aom:ingredientPart,AOM_101028,Fruit,approved,Pete Steward,2026-08-06,http://purl.obolibrary.org/obo/NCBITaxon_100575;wfo-0000690530,Explicit descriptor “fruits” mapped through hard-tail decision AOM_001848; assertion 1.,
AOM_001880,aom:ingredientConstituent,AOM_101081,Oil constituent,approved,Pete Steward,2026-08-06,review/livestock-v13/workbook_source_cohort.csv,Explicit descriptor “oil” mapped through hard-tail decision AOM_001880; assertion 1.,
AOM_001880,aom:ingredientPart,AOM_101122,Liver,approved,Pete Steward,2026-08-06,review/livestock-v13/workbook_source_cohort.csv,Explicit descriptor “liver” mapped through hard-tail decision AOM_001880; assertion 2.,
AOM_001914,aom:ingredientPart,AOM_101025,Cladode,approved,Pete Steward,2026-08-06,https://www.feedipedia.org/node/11595,Explicit descriptor “cladode” mapped through hard-tail decision AOM_001914; assertion 1.,
AOM_001930,aom:ingredientConstituent,AOM_101081,Oil constituent,approved,Pete Steward,2026-08-06,review/livestock-v13/workbook_source_cohort.csv,Explicit descriptor “oil” mapped through hard-tail decision AOM_001930; assertion 1.,
AOM_001956,aom:productRole,AOM_101061,Waste role,approved,Pete Steward,2026-08-06,http://purl.obolibrary.org/obo/NCBITaxon_4081;wfo-0001029216,Explicit descriptor “waste” mapped through hard-tail decision AOM_001956; assertion 1.,
AOM_00205,aom:productRole,AOM_101063,Crop-residue role,approved,Pete Steward,2026-08-06,0141;http://purl.obolibrary.org/obo/NCBITaxon_3847;wfo-0000181462,Explicit descriptor “haulm” mapped through hard-tail decision AOM_00205; assertion 1.,
AOM_00205,aom:ingredientPart,AOM_101033,Leaf,approved,Pete Steward,2026-08-06,0141;http://purl.obolibrary.org/obo/NCBITaxon_3847;wfo-0000181462,Explicit descriptor “haulm” mapped through hard-tail decision AOM_00205; assertion 2.,
AOM_00205,aom:ingredientPart,AOM_101047,Stem,approved,Pete Steward,2026-08-06,0141;http://purl.obolibrary.org/obo/NCBITaxon_3847;wfo-0000181462,Explicit descriptor “haulm” mapped through hard-tail decision AOM_00205; assertion 3.,
AOM_002082,aom:processingMethod,AOM_101083,Hydrolysis,approved,Pete Steward,2026-08-06,http://purl.obolibrary.org/obo/NCBITaxon_397977,Explicit descriptor “hydrolysate” mapped through hard-tail decision AOM_002082; assertion 1.,
AOM_002091,aom:productRole,AOM_101079,Binder role,approved,Pete Steward,2026-08-06,http://purl.obolibrary.org/obo/NCBITaxon_3983;wfo-0000235507,Explicit descriptor “binder” mapped through hard-tail decision AOM_002091; assertion 1.,
AOM_002101,aom:ingredientPart,AOM_101034,Peel,approved,Pete Steward,2026-08-06,https://www.feedipedia.org/node/26513,Explicit descriptor “peels” mapped through hard-tail decision AOM_002101; assertion 1.,
AOM_002102,aom:physicalForm,AOM_101052,Cake form,approved,Pete Steward,2026-08-06,0146;2191;http://purl.obolibrary.org/obo/NCBITaxon_13894;wfo-0000903570,Explicit descriptor “cake” mapped through hard-tail decision AOM_002102; assertion 1.,
AOM_002106,aom:physicalForm,AOM_101052,Cake form,approved,Pete Steward,2026-08-06,https://www.feedipedia.org/node/11693,Explicit descriptor “oil meal” mapped through hard-tail decision AOM_002106; assertion 1.,
AOM_002106,aom:productRole,AOM_101062,By-product role,approved,Pete Steward,2026-08-06,https://www.feedipedia.org/node/11693,Explicit descriptor “oil meal” mapped through hard-tail decision AOM_002106; assertion 2.,
AOM_002111,aom:ingredientPart,AOM_101028,Fruit,approved,Pete Steward,2026-08-06,01919.9;http://purl.obolibrary.org/obo/NCBITaxon_371859;wfo-0000385761,Explicit descriptor “fruits” mapped through hard-tail decision AOM_002111; assertion 1.,
AOM_002120,aom:processingMethod,AOM_101123,Stacking,approved,Pete Steward,2026-08-06,review/livestock-v13/workbook_source_cohort.csv,Explicit descriptor “deep stacked” mapped through hard-tail decision AOM_002120; assertion 1.,
AOM_002136,aom:physicalForm,AOM_101052,Cake form,approved,Pete Steward,2026-08-06,https://www.feedipedia.org/node/12262,Explicit descriptor “cold-pressed meal” mapped through hard-tail decision AOM_002136; assertion 1.,
AOM_002136,aom:processingMethod,AOM_101070,Pressing,approved,Pete Steward,2026-08-06,https://www.feedipedia.org/node/12262,Explicit descriptor “cold-pressed” mapped through hard-tail decision AOM_002136; assertion 2.,
AOM_002136,aom:productRole,AOM_101062,By-product role,approved,Pete Steward,2026-08-06,https://www.feedipedia.org/node/12262,Explicit descriptor “meal” mapped through hard-tail decision AOM_002136; assertion 3.,
AOM_002154,aom:ingredientPart,AOM_101025,Cladode,approved,Pete Steward,2026-08-06,http://purl.obolibrary.org/obo/NCBITaxon_701516;wfo-0000385755,Explicit descriptor “cladode” mapped through hard-tail decision AOM_002154; assertion 1.,
AOM_002166,aom:productRole,AOM_101059,Residue role,approved,Pete Steward,2026-08-06,https://www.feedipedia.org/node/11673,Explicit descriptor “bagasse” mapped through hard-tail decision AOM_002166; assertion 1.,
AOM_002167,aom:productRole,AOM_101061,Waste role,approved,Pete Steward,2026-08-06,http://purl.obolibrary.org/obo/NCBITaxon_4039;wfo-0000638442.,Explicit descriptor “waste” mapped through hard-tail decision AOM_002167; assertion 1.,
AOM_002192,aom:productRole,AOM_101057,Offal role,approved,Pete Steward,2026-08-06,21234;http://purl.obolibrary.org/obo/NCBITaxon_7898,Explicit descriptor “offal” mapped through hard-tail decision AOM_002192; assertion 1.,
AOM_002241,aom:ingredientConstituent,AOM_101081,Oil constituent,approved,Pete Steward,2026-08-06,http://purl.obolibrary.org/obo/NCBITaxon_8022,Explicit descriptor “oil” mapped through hard-tail decision AOM_002241; assertion 1.,
AOM_003072,aom:ingredientPart,AOM_101038,Seed,approved,Pete Steward,2026-08-06,https://www.feedipedia.org/node/12165,Explicit descriptor “groundnut” mapped through hard-tail decision AOM_003072; assertion 1.,
AOM_003210,aom:productRole,AOM_101063,Crop-residue role,approved,Pete Steward,2026-08-06,http://purl.obolibrary.org/obo/NCBITaxon_3860;wfo-0000212703,Explicit descriptor “haulm” mapped through hard-tail decision AOM_003210; assertion 1.,
AOM_003210,aom:ingredientPart,AOM_101033,Leaf,approved,Pete Steward,2026-08-06,http://purl.obolibrary.org/obo/NCBITaxon_3860;wfo-0000212703,Explicit descriptor “haulm” mapped through hard-tail decision AOM_003210; assertion 2.,
AOM_003210,aom:ingredientPart,AOM_101047,Stem,approved,Pete Steward,2026-08-06,http://purl.obolibrary.org/obo/NCBITaxon_3860;wfo-0000212703,Explicit descriptor “haulm” mapped through hard-tail decision AOM_003210; assertion 3.,
AOM_003297,aom:processingMethod,AOM_101119,Steeping,approved,Pete Steward,2026-08-06,0112;http://purl.obolibrary.org/obo/NCBITaxon_4577;wfo-0000907754,Explicit descriptor “steep” mapped through hard-tail decision AOM_003297; assertion 1.,
AOM_003297,aom:physicalForm,AOM_101077,Liquid form,approved,Pete Steward,2026-08-06,0112;http://purl.obolibrary.org/obo/NCBITaxon_4577;wfo-0000907754,Explicit descriptor “liquor” mapped through hard-tail decision AOM_003297; assertion 2.,
AOM_003482,aom:ingredientPart,AOM_101037,Root,approved,Pete Steward,2026-08-06,https://www.feedipedia.org/node/11843,Explicit descriptor “sugar beet” mapped through hard-tail decision AOM_003482; assertion 1.,
AOM_003646,aom:productRole,AOM_101061,Waste role,approved,Pete Steward,2026-08-06,wfo-0000590815,Explicit descriptor “leftover” mapped through hard-tail decision AOM_003646; assertion 1.,
AOM_003697,aom:processingMethod,AOM_101072,Extraction,approved,Pete Steward,2026-08-06,http://purl.obolibrary.org/obo/NCBITaxon_157652;wfo-0000182545,Explicit descriptor “isolate” mapped through hard-tail decision AOM_003697; assertion 1.,
AOM_003697,aom:ingredientConstituent,AOM_101120,Protein constituent,approved,Pete Steward,2026-08-06,http://purl.obolibrary.org/obo/NCBITaxon_157652;wfo-0000182545,Explicit descriptor “protein” mapped through hard-tail decision AOM_003697; assertion 2.,
AOM_003700,aom:ingredientConstituent,AOM_101081,Oil constituent,approved,Pete Steward,2026-08-06,2166;http://purl.obolibrary.org/obo/NCBITaxon_13894;wfo-0000903570,Explicit descriptor “oil” mapped through hard-tail decision AOM_003700; assertion 1.,
AOM_003854,aom:productRole,AOM_101061,Waste role,approved,Pete Steward,2026-08-06,0113;http://purl.obolibrary.org/obo/NCBITaxon_4530;wfo-0000882438,Explicit descriptor “milling waste” mapped through hard-tail decision AOM_003854; assertion 1.,
AOM_003879,aom:ingredientPart,AOM_101121,Rhizome,approved,Pete Steward,2026-08-06,http://purl.obolibrary.org/obo/NCBITaxon_2086535;wfo-0000902538,Explicit descriptor “rhizomes” mapped through hard-tail decision AOM_003879; assertion 1.,
AOM_003887,aom:productRole,AOM_101059,Residue role,approved,Pete Steward,2026-08-06,http://purl.obolibrary.org/obo/NCBITaxon_39367;wfo-0000298062,Explicit descriptor “residues” mapped through hard-tail decision AOM_003887; assertion 1.,
AOM_003906,aom:ingredientPart,AOM_101038,Seed,approved,Pete Steward,2026-08-06,http://purl.obolibrary.org/obo/NCBITaxon_58334;wfo-0000291203,Explicit descriptor “nut” mapped through hard-tail decision AOM_003906; assertion 1.,
AOM_003911,aom:productRole,AOM_101059,Residue role,approved,Pete Steward,2026-08-06,https://www.feedipedia.org/node/14530,Explicit descriptor “sievate” mapped through hard-tail decision AOM_003911; assertion 1.,
AOM_003917,aom:productRole,AOM_101059,Residue role,approved,Pete Steward,2026-08-06,01520;http://purl.obolibrary.org/obo/NCBITaxon_3983;wfo-0000235507,Explicit descriptor “vinasse” mapped through hard-tail decision AOM_003917; assertion 1.,
AOM_003917,aom:processingMethod,AOM_101124,Distillation,approved,Pete Steward,2026-08-06,01520;http://purl.obolibrary.org/obo/NCBITaxon_3983;wfo-0000235507,Explicit descriptor “vinasse” mapped through hard-tail decision AOM_003917; assertion 2.,
AOM_003917,aom:physicalForm,AOM_101077,Liquid form,approved,Pete Steward,2026-08-06,01520;http://purl.obolibrary.org/obo/NCBITaxon_3983;wfo-0000235507,Explicit descriptor “vinasse” mapped through hard-tail decision AOM_003917; assertion 3.,
AOM_003927,aom:productRole,AOM_101059,Residue role,approved,Pete Steward,2026-08-06,http://purl.obolibrary.org/obo/NCBITaxon_3917;wfo-0000189386,Explicit descriptor “residue” mapped through hard-tail decision AOM_003927; assertion 1.,
AOM_003928,aom:productRole,AOM_101059,Residue role,approved,Pete Steward,2026-08-06,01444;http://purl.obolibrary.org/obo/NCBITaxon_4182;wfo-0000497088,Explicit descriptor “residue” mapped through hard-tail decision AOM_003928; assertion 1.,
AOM_003978,aom:ingredientConstituent,AOM_101065,Starch constituent,approved,Pete Steward,2026-08-06,01520;http://purl.obolibrary.org/obo/NCBITaxon_3983;wfo-0000235507,Explicit descriptor “starch” mapped through hard-tail decision AOM_003978; assertion 1.,
AOM_003978,aom:productRole,AOM_101059,Residue role,approved,Pete Steward,2026-08-06,01520;http://purl.obolibrary.org/obo/NCBITaxon_3983;wfo-0000235507,Explicit descriptor “residue” mapped through hard-tail decision AOM_003978; assertion 2.,
AOM_006008,aom:productRole,AOM_101062,By-product role,approved,Pete Steward,2026-08-06,https://www.feedipedia.org/node/12473,Explicit descriptor “manure” mapped through hard-tail decision AOM_006008; assertion 1.,
AOM_006086,aom:productRole,AOM_101055,Discard role,approved,Pete Steward,2026-08-06,01314;http://purl.obolibrary.org/obo/NCBITaxon_42345;wfo-0000269752,Explicit descriptor “discards” mapped through hard-tail decision AOM_006086; assertion 1.,
AOM_006200,aom:ingredientConstituent,AOM_101081,Oil constituent,approved,Pete Steward,2026-08-06,review/livestock-v13/workbook_source_cohort.csv,Explicit descriptor “oil” mapped through hard-tail decision AOM_006200; assertion 1.,
AOM_006323,aom:productRole,AOM_101062,By-product role,approved,Pete Steward,2026-08-06,http://purl.obolibrary.org/obo/NCBITaxon_99037;wfo-0000005006,Explicit descriptor “by product” mapped through hard-tail decision AOM_006323; assertion 1.,
AOM_006323,aom:ingredientPart,AOM_101117,Flower,approved,Pete Steward,2026-08-06,http://purl.obolibrary.org/obo/NCBITaxon_99037;wfo-0000005006,Explicit descriptor “flower” mapped through hard-tail decision AOM_006323; assertion 2.,
AOM_006338,aom:productRole,AOM_101062,By-product role,approved,Pete Steward,2026-08-06,http://purl.obolibrary.org/obo/NCBITaxon_39350;wfo-0000253230,Explicit descriptor “by product” mapped through hard-tail decision AOM_006338; assertion 1.,
