concept_id,preferred_label,ingredient_family,has_approved_grinding,has_approved_drying,meal_lexeme_present,form_disposition,form_target,moisture_disposition,moisture_target,role_disposition,role_target,evidence,rationale
AOM_000531,Ingredient name,Ingredient name,false,false,false,not_in_form_cohort,,not_in_moisture_cohort,,not_in_role_cohort,,docs/decisions/0041-feed-material-structural-model.md;docs/decisions/0042-feed-process-and-material-state-axes.md,No reviewed grinding result or governed presentation-form assertion. No reviewed drying process or material-specific moisture evidence. No reviewed product-role evidence in this structural cohort.
AOM_000532,Ingredient part,Ingredient part,false,false,false,not_in_form_cohort,,not_in_moisture_cohort,,not_in_role_cohort,,docs/decisions/0041-feed-material-structural-model.md;docs/decisions/0042-feed-process-and-material-state-axes.md,No reviewed grinding result or governed presentation-form assertion. No reviewed drying process or material-specific moisture evidence. No reviewed product-role evidence in this structural cohort.
AOM_000533,Ingredient species,Ingredient species,false,false,false,not_in_form_cohort,,not_in_moisture_cohort,,not_in_role_cohort,,docs/decisions/0041-feed-material-structural-model.md;docs/decisions/0042-feed-process-and-material-state-axes.md,No reviewed grinding result or governed presentation-form assertion. No reviewed drying process or material-specific moisture evidence. No reviewed product-role evidence in this structural cohort.
AOM_000534,Ingredient proportion,Ingredient proportion,false,false,false,not_in_form_cohort,,not_in_moisture_cohort,,not_in_role_cohort,,docs/decisions/0041-feed-material-structural-model.md;docs/decisions/0042-feed-process-and-material-state-axes.md,No reviewed grinding result or governed presentation-form assertion. No reviewed drying process or material-specific moisture evidence. No reviewed product-role evidence in this structural cohort.
AOM_000535,Ingredient source,Ingredient source,false,false,false,not_in_form_cohort,,not_in_moisture_cohort,,not_in_role_cohort,,docs/decisions/0041-feed-material-structural-model.md;docs/decisions/0042-feed-process-and-material-state-axes.md,No reviewed grinding result or governed presentation-form assertion. No reviewed drying process or material-specific moisture evidence. No reviewed product-role evidence in this structural cohort.
AOM_000536,Blood Ground,Animal,true,false,true,approved_comminuted_form,Comminuted particle form,approved_dried_from_blood_meal_evidence,Dried moisture condition,approved_blood_byproduct,By-product role,docs/decisions/0041-feed-material-structural-model.md;docs/decisions/0042-feed-process-and-material-state-axes.md,"Approved Grinding process supports broad comminuted-particle presentation; bulk consistency, moisture, particle size, and meal/powder subtype remain unspecified. Feedipedia Blood meal evidence reports a dried blood product and high dry-matter content; drying route remains unspecified. Blood collected from slaughter is governed as animal by-product."
AOM_000537,Blood Dried Ground Heated,Animal,true,true,true,approved_comminuted_form,Comminuted particle form,approved_dried_from_process,Dried moisture condition,approved_blood_byproduct,By-product role,docs/decisions/0041-feed-material-structural-model.md;docs/decisions/0042-feed-process-and-material-state-axes.md,"Approved Grinding process supports broad comminuted-particle presentation; bulk consistency, moisture, particle size, and meal/powder subtype remain unspecified. Approved Drying process supports dried moisture condition without implying one presentation form. Blood collected from slaughter is governed as animal by-product."
AOM_000538,Bone Ash,Animal Byproduct,false,false,false,not_in_form_cohort,,not_in_moisture_cohort,,approved_branch_to_role_translation,By-product role,docs/decisions/0041-feed-material-structural-model.md;docs/decisions/0042-feed-process-and-material-state-axes.md,No reviewed grinding result or governed presentation-form assertion. No reviewed drying process or material-specific moisture evidence. Canonical legacy by-product branch classification translated to explicit productRole; compatibility hierarchy retained.
AOM_000539,Bone Ground,Animal Byproduct,true,false,true,approved_comminuted_form,Comminuted particle form,not_in_moisture_cohort,,approved_branch_to_role_translation,By-product role,docs/decisions/0041-feed-material-structural-model.md;docs/decisions/0042-feed-process-and-material-state-axes.md,"Approved Grinding process supports broad comminuted-particle presentation; bulk consistency, moisture, particle size, and meal/powder subtype remain unspecified. No reviewed drying process or material-specific moisture evidence. Canonical legacy by-product branch classification translated to explicit productRole; compatibility hierarchy retained."
AOM_000540,Bone,Animal Byproduct,false,false,false,not_in_form_cohort,,not_in_moisture_cohort,,approved_branch_to_role_translation,By-product role,docs/decisions/0041-feed-material-structural-model.md;docs/decisions/0042-feed-process-and-material-state-axes.md,No reviewed grinding result or governed presentation-form assertion. No reviewed drying process or material-specific moisture evidence. Canonical legacy by-product branch classification translated to explicit productRole; compatibility hierarchy retained.
AOM_000542,Crustacean,Animal,false,false,false,not_in_form_cohort,,not_in_moisture_cohort,,not_in_role_cohort,,docs/decisions/0041-feed-material-structural-model.md;docs/decisions/0042-feed-process-and-material-state-axes.md,No reviewed grinding result or governed presentation-form assertion. No reviewed drying process or material-specific moisture evidence. No reviewed product-role evidence in this structural cohort.
AOM_000543,Fish Ground,Animal,true,false,true,approved_comminuted_form,Comminuted particle form,not_in_moisture_cohort,,not_in_role_cohort,,docs/decisions/0041-feed-material-structural-model.md;docs/decisions/0042-feed-process-and-material-state-axes.md,"Approved Grinding process supports broad comminuted-particle presentation; bulk consistency, moisture, particle size, and meal/powder subtype remain unspecified. No reviewed drying process or material-specific moisture evidence. No reviewed product-role evidence in this structural cohort."
AOM_000544,Fish Oil,Animal,false,false,false,not_in_form_cohort,,not_in_moisture_cohort,,not_in_role_cohort,,docs/decisions/0041-feed-material-structural-model.md;docs/decisions/0042-feed-process-and-material-state-axes.md,No reviewed grinding result or governed presentation-form assertion. No reviewed drying process or material-specific moisture evidence. No reviewed product-role evidence in this structural cohort.
AOM_000545,Fish Processing Waste,Animal Byproduct,false,false,false,not_in_form_cohort,,not_in_moisture_cohort,,approved_existing_role,Processing-waste role,docs/decisions/0041-feed-material-structural-model.md;docs/decisions/0042-feed-process-and-material-state-axes.md,No reviewed grinding result or governed presentation-form assertion. No reviewed drying process or material-specific moisture evidence. Existing reviewed product-role assertion remains authoritative.
AOM_000547,Nile Perch Fish Oil,Animal,false,false,false,not_in_form_cohort,,not_in_moisture_cohort,,not_in_role_cohort,,docs/decisions/0041-feed-material-structural-model.md;docs/decisions/0042-feed-process-and-material-state-axes.md,No reviewed grinding result or governed presentation-form assertion. No reviewed drying process or material-specific moisture evidence. No reviewed product-role evidence in this structural cohort.
AOM_000549,Fish,Animal,false,false,false,not_in_form_cohort,,not_in_moisture_cohort,,not_in_role_cohort,,docs/decisions/0041-feed-material-structural-model.md;docs/decisions/0042-feed-process-and-material-state-axes.md,No reviewed grinding result or governed presentation-form assertion. No reviewed drying process or material-specific moisture evidence. No reviewed product-role evidence in this structural cohort.
AOM_000550,African Palm Larvae Ground,Animal,true,false,true,approved_comminuted_form,Comminuted particle form,not_in_moisture_cohort,,not_in_role_cohort,,docs/decisions/0041-feed-material-structural-model.md;docs/decisions/0042-feed-process-and-material-state-axes.md,"Approved Grinding process supports broad comminuted-particle presentation; bulk consistency, moisture, particle size, and meal/powder subtype remain unspecified. No reviewed drying process or material-specific moisture evidence. No reviewed product-role evidence in this structural cohort."
AOM_000551,Black Soldier Fly Larvae Dried Ground,Animal,true,true,false,approved_comminuted_form,Comminuted particle form,approved_dried_from_process,Dried moisture condition,not_in_role_cohort,,docs/decisions/0041-feed-material-structural-model.md;docs/decisions/0042-feed-process-and-material-state-axes.md,"Approved Grinding process supports broad comminuted-particle presentation; bulk consistency, moisture, particle size, and meal/powder subtype remain unspecified. Approved Drying process supports dried moisture condition without implying one presentation form. No reviewed product-role evidence in this structural cohort."
AOM_000552,Grasshopper Ground,Animal,true,false,true,approved_comminuted_form,Comminuted particle form,not_in_moisture_cohort,,not_in_role_cohort,,docs/decisions/0041-feed-material-structural-model.md;docs/decisions/0042-feed-process-and-material-state-axes.md,"Approved Grinding process supports broad comminuted-particle presentation; bulk consistency, moisture, particle size, and meal/powder subtype remain unspecified. No reviewed drying process or material-specific moisture evidence. No reviewed product-role evidence in this structural cohort."
AOM_000553,Winged Termite Ground,Animal,true,false,true,approved_comminuted_form,Comminuted particle form,not_in_moisture_cohort,,not_in_role_cohort,,docs/decisions/0041-feed-material-structural-model.md;docs/decisions/0042-feed-process-and-material-state-axes.md,"Approved Grinding process supports broad comminuted-particle presentation; bulk consistency, moisture, particle size, and meal/powder subtype remain unspecified. No reviewed drying process or material-specific moisture evidence. No reviewed product-role evidence in this structural cohort."
AOM_000554,Insect,Animal,false,false,false,not_in_form_cohort,,not_in_moisture_cohort,,not_in_role_cohort,,docs/decisions/0041-feed-material-structural-model.md;docs/decisions/0042-feed-process-and-material-state-axes.md,No reviewed grinding result or governed presentation-form assertion. No reviewed drying process or material-specific moisture evidence. No reviewed product-role evidence in this structural cohort.
AOM_000555,Whole Milk,Animal,false,false,false,not_in_form_cohort,,not_in_moisture_cohort,,not_in_role_cohort,,docs/decisions/0041-feed-material-structural-model.md;docs/decisions/0042-feed-process-and-material-state-axes.md,No reviewed grinding result or governed presentation-form assertion. No reviewed drying process or material-specific moisture evidence. No reviewed product-role evidence in this structural cohort.
AOM_000556,Milk,Animal,false,false,false,not_in_form_cohort,,not_in_moisture_cohort,,not_in_role_cohort,,docs/decisions/0041-feed-material-structural-model.md;docs/decisions/0042-feed-process-and-material-state-axes.md,No reviewed grinding result or governed presentation-form assertion. No reviewed drying process or material-specific moisture evidence. No reviewed product-role evidence in this structural cohort.
AOM_000557,Oyster Shells,Animal Byproduct,false,false,false,not_in_form_cohort,,not_in_moisture_cohort,,approved_branch_to_role_translation,By-product role,docs/decisions/0041-feed-material-structural-model.md;docs/decisions/0042-feed-process-and-material-state-axes.md,No reviewed grinding result or governed presentation-form assertion. No reviewed drying process or material-specific moisture evidence. Canonical legacy by-product branch classification translated to explicit productRole; compatibility hierarchy retained.
AOM_000558,Shell,Animal Byproduct,false,false,false,not_in_form_cohort,,not_in_moisture_cohort,,approved_branch_to_role_translation,By-product role,docs/decisions/0041-feed-material-structural-model.md;docs/decisions/0042-feed-process-and-material-state-axes.md,No reviewed grinding result or governed presentation-form assertion. No reviewed drying process or material-specific moisture evidence. Canonical legacy by-product branch classification translated to explicit productRole; compatibility hierarchy retained.
AOM_000559,Feeds of animal origin,Animal,false,false,false,not_in_form_cohort,,not_in_moisture_cohort,,not_in_role_cohort,,docs/decisions/0041-feed-material-structural-model.md;docs/decisions/0042-feed-process-and-material-state-axes.md,No reviewed grinding result or governed presentation-form assertion. No reviewed drying process or material-specific moisture evidence. No reviewed product-role evidence in this structural cohort.
AOM_000561,Animal Manures,Animal Manures,false,false,false,not_in_form_cohort,,not_in_moisture_cohort,,not_in_role_cohort,,docs/decisions/0041-feed-material-structural-model.md;docs/decisions/0042-feed-process-and-material-state-axes.md,No reviewed grinding result or governed presentation-form assertion. No reviewed drying process or material-specific moisture evidence. No reviewed product-role evidence in this structural cohort.
AOM_000563,Unspecified Bran,Crop Byproduct,false,false,false,not_in_form_cohort,,not_in_moisture_cohort,,approved_branch_to_role_translation,By-product role,docs/decisions/0041-feed-material-structural-model.md;docs/decisions/0042-feed-process-and-material-state-axes.md,No reviewed grinding result or governed presentation-form assertion. No reviewed drying process or material-specific moisture evidence. Canonical legacy by-product branch classification translated to explicit productRole; compatibility hierarchy retained.
AOM_000564,"Brewers grains, dehydrated",Crop Byproduct,false,true,false,not_in_form_cohort,,approved_dried_from_process,Dried moisture condition,approved_branch_to_role_translation,By-product role,docs/decisions/0041-feed-material-structural-model.md;docs/decisions/0042-feed-process-and-material-state-axes.md,No reviewed grinding result or governed presentation-form assertion. Approved Drying process supports dried moisture condition without implying one presentation form. Canonical legacy by-product branch classification translated to explicit productRole; compatibility hierarchy retained.
AOM_000565,Brewers Spent Grain,Crop Byproduct,false,false,false,not_in_form_cohort,,not_in_moisture_cohort,,approved_branch_to_role_translation,By-product role,docs/decisions/0041-feed-material-structural-model.md;docs/decisions/0042-feed-process-and-material-state-axes.md,No reviewed grinding result or governed presentation-form assertion. No reviewed drying process or material-specific moisture evidence. Canonical legacy by-product branch classification translated to explicit productRole; compatibility hierarchy retained.
AOM_000567,Hominy Ground,Crop Byproduct,true,false,true,approved_comminuted_form,Comminuted particle form,not_in_moisture_cohort,,approved_branch_to_role_translation,By-product role,docs/decisions/0041-feed-material-structural-model.md;docs/decisions/0042-feed-process-and-material-state-axes.md,"Approved Grinding process supports broad comminuted-particle presentation; bulk consistency, moisture, particle size, and meal/powder subtype remain unspecified. No reviewed drying process or material-specific moisture evidence. Canonical legacy by-product branch classification translated to explicit productRole; compatibility hierarchy retained."
AOM_000569,Maize Cob,Crop Byproduct,false,false,false,not_in_form_cohort,,not_in_moisture_cohort,,approved_branch_to_role_translation,By-product role,docs/decisions/0041-feed-material-structural-model.md;docs/decisions/0042-feed-process-and-material-state-axes.md,No reviewed grinding result or governed presentation-form assertion. No reviewed drying process or material-specific moisture evidence. Canonical legacy by-product branch classification translated to explicit productRole; compatibility hierarchy retained.
AOM_000570,Maize Extruded,Crop Product,false,false,false,not_in_form_cohort,,not_in_moisture_cohort,,not_in_role_cohort,,docs/decisions/0041-feed-material-structural-model.md;docs/decisions/0042-feed-process-and-material-state-axes.md,No reviewed grinding result or governed presentation-form assertion. No reviewed drying process or material-specific moisture evidence. No reviewed product-role evidence in this structural cohort.
AOM_000571,Maize Offal,Crop Byproduct,false,false,false,not_in_form_cohort,,not_in_moisture_cohort,,approved_existing_role,Offal role,docs/decisions/0041-feed-material-structural-model.md;docs/decisions/0042-feed-process-and-material-state-axes.md,No reviewed grinding result or governed presentation-form assertion. No reviewed drying process or material-specific moisture evidence. Existing reviewed product-role assertion remains authoritative.
AOM_000572,Maize Straw,Crop Byproduct,false,false,false,not_in_form_cohort,,not_in_moisture_cohort,,approved_branch_to_role_translation,By-product role,docs/decisions/0041-feed-material-structural-model.md;docs/decisions/0042-feed-process-and-material-state-axes.md,No reviewed grinding result or governed presentation-form assertion. No reviewed drying process or material-specific moisture evidence. Canonical legacy by-product branch classification translated to explicit productRole; compatibility hierarchy retained.
AOM_000574,Oat Leaves Dried,Crop Byproduct,false,true,false,not_in_form_cohort,,approved_dried_from_process,Dried moisture condition,approved_branch_to_role_translation,By-product role,docs/decisions/0041-feed-material-structural-model.md;docs/decisions/0042-feed-process-and-material-state-axes.md,No reviewed grinding result or governed presentation-form assertion. Approved Drying process supports dried moisture condition without implying one presentation form. Canonical legacy by-product branch classification translated to explicit productRole; compatibility hierarchy retained.
AOM_000575,Rice Bran,Crop Byproduct,false,false,false,not_in_form_cohort,,not_in_moisture_cohort,,approved_branch_to_role_translation,By-product role,docs/decisions/0041-feed-material-structural-model.md;docs/decisions/0042-feed-process-and-material-state-axes.md,No reviewed grinding result or governed presentation-form assertion. No reviewed drying process or material-specific moisture evidence. Canonical legacy by-product branch classification translated to explicit productRole; compatibility hierarchy retained.
AOM_000576,Rice Husk,Crop Byproduct,false,false,false,not_in_form_cohort,,not_in_moisture_cohort,,approved_branch_to_role_translation,By-product role,docs/decisions/0041-feed-material-structural-model.md;docs/decisions/0042-feed-process-and-material-state-axes.md,No reviewed grinding result or governed presentation-form assertion. No reviewed drying process or material-specific moisture evidence. Canonical legacy by-product branch classification translated to explicit productRole; compatibility hierarchy retained.
AOM_000577,Rice Offal,Crop Byproduct,false,false,false,not_in_form_cohort,,not_in_moisture_cohort,,approved_existing_role,Offal role,docs/decisions/0041-feed-material-structural-model.md;docs/decisions/0042-feed-process-and-material-state-axes.md,No reviewed grinding result or governed presentation-form assertion. No reviewed drying process or material-specific moisture evidence. Existing reviewed product-role assertion remains authoritative.
AOM_000578,Rice Polish,Crop Byproduct,false,false,false,not_in_form_cohort,,not_in_moisture_cohort,,approved_existing_role,By-product role,docs/decisions/0041-feed-material-structural-model.md;docs/decisions/0042-feed-process-and-material-state-axes.md,No reviewed grinding result or governed presentation-form assertion. No reviewed drying process or material-specific moisture evidence. Existing reviewed product-role assertion remains authoritative.
AOM_000579,Rice Straw,Crop Byproduct,false,false,false,not_in_form_cohort,,not_in_moisture_cohort,,approved_branch_to_role_translation,By-product role,docs/decisions/0041-feed-material-structural-model.md;docs/decisions/0042-feed-process-and-material-state-axes.md,No reviewed grinding result or governed presentation-form assertion. No reviewed drying process or material-specific moisture evidence. Canonical legacy by-product branch classification translated to explicit productRole; compatibility hierarchy retained.
AOM_000580,Rye Bran,Crop Byproduct,false,false,false,not_in_form_cohort,,not_in_moisture_cohort,,approved_branch_to_role_translation,By-product role,docs/decisions/0041-feed-material-structural-model.md;docs/decisions/0042-feed-process-and-material-state-axes.md,No reviewed grinding result or governed presentation-form assertion. No reviewed drying process or material-specific moisture evidence. Canonical legacy by-product branch classification translated to explicit productRole; compatibility hierarchy retained.
AOM_000581,Sorghum Straw,Crop Byproduct,false,false,false,not_in_form_cohort,,not_in_moisture_cohort,,approved_branch_to_role_translation,By-product role,docs/decisions/0041-feed-material-structural-model.md;docs/decisions/0042-feed-process-and-material-state-axes.md,No reviewed grinding result or governed presentation-form assertion. No reviewed drying process or material-specific moisture evidence. Canonical legacy by-product branch classification translated to explicit productRole; compatibility hierarchy retained.
AOM_000582,Unspecified Straw,Crop Byproduct,false,false,false,not_in_form_cohort,,not_in_moisture_cohort,,approved_branch_to_role_translation,By-product role,docs/decisions/0041-feed-material-structural-model.md;docs/decisions/0042-feed-process-and-material-state-axes.md,No reviewed grinding result or governed presentation-form assertion. No reviewed drying process or material-specific moisture evidence. Canonical legacy by-product branch classification translated to explicit productRole; compatibility hierarchy retained.
AOM_000584,Barley Straw,Crop Byproduct,false,false,false,not_in_form_cohort,,not_in_moisture_cohort,,approved_branch_to_role_translation,By-product role,docs/decisions/0041-feed-material-structural-model.md;docs/decisions/0042-feed-process-and-material-state-axes.md,No reviewed grinding result or governed presentation-form assertion. No reviewed drying process or material-specific moisture evidence. Canonical legacy by-product branch classification translated to explicit productRole; compatibility hierarchy retained.
AOM_000585,Wheat Bran,Crop Byproduct,false,false,false,not_in_form_cohort,,not_in_moisture_cohort,,approved_branch_to_role_translation,By-product role,docs/decisions/0041-feed-material-structural-model.md;docs/decisions/0042-feed-process-and-material-state-axes.md,No reviewed grinding result or governed presentation-form assertion. No reviewed drying process or material-specific moisture evidence. Canonical legacy by-product branch classification translated to explicit productRole; compatibility hierarchy retained.
AOM_000586,Wheat Bran Remoulage,Crop Byproduct,false,false,false,not_in_form_cohort,,not_in_moisture_cohort,,approved_branch_to_role_translation,By-product role,docs/decisions/0041-feed-material-structural-model.md;docs/decisions/0042-feed-process-and-material-state-axes.md,No reviewed grinding result or governed presentation-form assertion. No reviewed drying process or material-specific moisture evidence. Canonical legacy by-product branch classification translated to explicit productRole; compatibility hierarchy retained.
AOM_000587,Wheat Dried,Crop Byproduct,false,true,false,not_in_form_cohort,,approved_dried_from_process,Dried moisture condition,approved_branch_to_role_translation,By-product role,docs/decisions/0041-feed-material-structural-model.md;docs/decisions/0042-feed-process-and-material-state-axes.md,No reviewed grinding result or governed presentation-form assertion. Approved Drying process supports dried moisture condition without implying one presentation form. Canonical legacy by-product branch classification translated to explicit productRole; compatibility hierarchy retained.
AOM_000589,Wheat Offal,Crop Byproduct,false,false,false,not_in_form_cohort,,not_in_moisture_cohort,,approved_existing_role,Offal role,docs/decisions/0041-feed-material-structural-model.md;docs/decisions/0042-feed-process-and-material-state-axes.md,No reviewed grinding result or governed presentation-form assertion. No reviewed drying process or material-specific moisture evidence. Existing reviewed product-role assertion remains authoritative.
AOM_000591,Wheat Shorts,Crop Byproduct,false,false,false,not_in_form_cohort,,not_in_moisture_cohort,,approved_existing_role,Milling-shorts role,docs/decisions/0041-feed-material-structural-model.md;docs/decisions/0042-feed-process-and-material-state-axes.md,No reviewed grinding result or governed presentation-form assertion. No reviewed drying process or material-specific moisture evidence. Existing reviewed product-role assertion remains authoritative.
AOM_000594,Cereal ByProducts,Crop Byproduct,false,false,false,not_in_form_cohort,,not_in_moisture_cohort,,approved_branch_to_role_translation,By-product role,docs/decisions/0041-feed-material-structural-model.md;docs/decisions/0042-feed-process-and-material-state-axes.md,No reviewed grinding result or governed presentation-form assertion. No reviewed drying process or material-specific moisture evidence. Canonical legacy by-product branch classification translated to explicit productRole; compatibility hierarchy retained.
AOM_000595,Banana Leaves,Crop Byproduct,false,false,false,not_in_form_cohort,,not_in_moisture_cohort,,approved_branch_to_role_translation,By-product role,docs/decisions/0041-feed-material-structural-model.md;docs/decisions/0042-feed-process-and-material-state-axes.md,No reviewed grinding result or governed presentation-form assertion. No reviewed drying process or material-specific moisture evidence. Canonical legacy by-product branch classification translated to explicit productRole; compatibility hierarchy retained.
AOM_000596,Date Seed Ground,Crop Byproduct,true,false,true,approved_comminuted_form,Comminuted particle form,not_in_moisture_cohort,,approved_branch_to_role_translation,By-product role,docs/decisions/0041-feed-material-structural-model.md;docs/decisions/0042-feed-process-and-material-state-axes.md,"Approved Grinding process supports broad comminuted-particle presentation; bulk consistency, moisture, particle size, and meal/powder subtype remain unspecified. No reviewed drying process or material-specific moisture evidence. Canonical legacy by-product branch classification translated to explicit productRole; compatibility hierarchy retained."
AOM_000600,Watermelon Seed Ground,Crop Byproduct,true,false,true,approved_comminuted_form,Comminuted particle form,not_in_moisture_cohort,,approved_branch_to_role_translation,By-product role,docs/decisions/0041-feed-material-structural-model.md;docs/decisions/0042-feed-process-and-material-state-axes.md,"Approved Grinding process supports broad comminuted-particle presentation; bulk consistency, moisture, particle size, and meal/powder subtype remain unspecified. No reviewed drying process or material-specific moisture evidence. Canonical legacy by-product branch classification translated to explicit productRole; compatibility hierarchy retained."
AOM_000601,Cowpea Haulm,Crop Byproduct,false,false,false,not_in_form_cohort,,not_in_moisture_cohort,,approved_existing_role,Crop-residue role,docs/decisions/0041-feed-material-structural-model.md;docs/decisions/0042-feed-process-and-material-state-axes.md,No reviewed grinding result or governed presentation-form assertion. No reviewed drying process or material-specific moisture evidence. Existing reviewed product-role assertion remains authoritative.
AOM_000602,Cowpea Husk,Crop Byproduct,false,false,false,not_in_form_cohort,,not_in_moisture_cohort,,approved_branch_to_role_translation,By-product role,docs/decisions/0041-feed-material-structural-model.md;docs/decisions/0042-feed-process-and-material-state-axes.md,No reviewed grinding result or governed presentation-form assertion. No reviewed drying process or material-specific moisture evidence. Canonical legacy by-product branch classification translated to explicit productRole; compatibility hierarchy retained.
AOM_000603,Fava Bean Haulm,Crop Byproduct,false,false,false,not_in_form_cohort,,not_in_moisture_cohort,,approved_existing_role,Crop-residue role,docs/decisions/0041-feed-material-structural-model.md;docs/decisions/0042-feed-process-and-material-state-axes.md,No reviewed grinding result or governed presentation-form assertion. No reviewed drying process or material-specific moisture evidence. Existing reviewed product-role assertion remains authoritative.
AOM_000604,Groundnut Haulm,Crop Byproduct,false,false,false,not_in_form_cohort,,not_in_moisture_cohort,,approved_existing_role,Crop-residue role,docs/decisions/0041-feed-material-structural-model.md;docs/decisions/0042-feed-process-and-material-state-axes.md,No reviewed grinding result or governed presentation-form assertion. No reviewed drying process or material-specific moisture evidence. Existing reviewed product-role assertion remains authoritative.
AOM_000605,Groundnut Hull,Crop Byproduct,false,false,false,not_in_form_cohort,,not_in_moisture_cohort,,approved_branch_to_role_translation,By-product role,docs/decisions/0041-feed-material-structural-model.md;docs/decisions/0042-feed-process-and-material-state-axes.md,No reviewed grinding result or governed presentation-form assertion. No reviewed drying process or material-specific moisture evidence. Canonical legacy by-product branch classification translated to explicit productRole; compatibility hierarchy retained.
AOM_000606,Groundnut Husk Ground,Crop Byproduct,true,false,false,approved_comminuted_form,Comminuted particle form,not_in_moisture_cohort,,approved_branch_to_role_translation,By-product role,docs/decisions/0041-feed-material-structural-model.md;docs/decisions/0042-feed-process-and-material-state-axes.md,"Approved Grinding process supports broad comminuted-particle presentation; bulk consistency, moisture, particle size, and meal/powder subtype remain unspecified. No reviewed drying process or material-specific moisture evidence. Canonical legacy by-product branch classification translated to explicit productRole; compatibility hierarchy retained."
AOM_000607,Groundnut Ground,Crop Product,true,false,true,approved_comminuted_form,Comminuted particle form,not_in_moisture_cohort,,not_in_role_cohort,,docs/decisions/0041-feed-material-structural-model.md;docs/decisions/0042-feed-process-and-material-state-axes.md,"Approved Grinding process supports broad comminuted-particle presentation; bulk consistency, moisture, particle size, and meal/powder subtype remain unspecified. No reviewed drying process or material-specific moisture evidence. No reviewed product-role evidence in this structural cohort."
AOM_000608,Pea Seed Hull,Crop Byproduct,false,false,false,not_in_form_cohort,,not_in_moisture_cohort,,approved_branch_to_role_translation,By-product role,docs/decisions/0041-feed-material-structural-model.md;docs/decisions/0042-feed-process-and-material-state-axes.md,No reviewed grinding result or governed presentation-form assertion. No reviewed drying process or material-specific moisture evidence. Canonical legacy by-product branch classification translated to explicit productRole; compatibility hierarchy retained.
AOM_000609,Pigeon Pea Leaves,Crop Byproduct,false,false,false,not_in_form_cohort,,not_in_moisture_cohort,,approved_branch_to_role_translation,By-product role,docs/decisions/0041-feed-material-structural-model.md;docs/decisions/0042-feed-process-and-material-state-axes.md,No reviewed grinding result or governed presentation-form assertion. No reviewed drying process or material-specific moisture evidence. Canonical legacy by-product branch classification translated to explicit productRole; compatibility hierarchy retained.
AOM_000610,Soybean Cake,Crop Byproduct,false,false,false,approved_existing_specific_form,Cake form,not_in_moisture_cohort,,approved_branch_to_role_translation,By-product role,docs/decisions/0041-feed-material-structural-model.md;docs/decisions/0042-feed-process-and-material-state-axes.md,Existing reviewed presentation-form assertion remains authoritative. No reviewed drying process or material-specific moisture evidence. Canonical legacy by-product branch classification translated to explicit productRole; compatibility hierarchy retained.
AOM_000611,Soybean Full Fat Cake,Crop Byproduct,false,false,false,approved_existing_specific_form,Cake form,not_in_moisture_cohort,,approved_branch_to_role_translation,By-product role,docs/decisions/0041-feed-material-structural-model.md;docs/decisions/0042-feed-process-and-material-state-axes.md,Existing reviewed presentation-form assertion remains authoritative. No reviewed drying process or material-specific moisture evidence. Canonical legacy by-product branch classification translated to explicit productRole; compatibility hierarchy retained.
AOM_000612,Soybean Dried,Crop Byproduct,false,true,false,not_in_form_cohort,,approved_dried_from_process,Dried moisture condition,approved_branch_to_role_translation,By-product role,docs/decisions/0041-feed-material-structural-model.md;docs/decisions/0042-feed-process-and-material-state-axes.md,No reviewed grinding result or governed presentation-form assertion. Approved Drying process supports dried moisture condition without implying one presentation form. Canonical legacy by-product branch classification translated to explicit productRole; compatibility hierarchy retained.
AOM_000613,Soybean Ground,Crop Product,true,false,true,approved_comminuted_form,Comminuted particle form,not_in_moisture_cohort,,not_in_role_cohort,,docs/decisions/0041-feed-material-structural-model.md;docs/decisions/0042-feed-process-and-material-state-axes.md,"Approved Grinding process supports broad comminuted-particle presentation; bulk consistency, moisture, particle size, and meal/powder subtype remain unspecified. No reviewed drying process or material-specific moisture evidence. No reviewed product-role evidence in this structural cohort."
AOM_000614,Soybean Residue,Crop Byproduct,false,false,false,not_in_form_cohort,,not_in_moisture_cohort,,approved_existing_role,Residue role,docs/decisions/0041-feed-material-structural-model.md;docs/decisions/0042-feed-process-and-material-state-axes.md,No reviewed grinding result or governed presentation-form assertion. No reviewed drying process or material-specific moisture evidence. Existing reviewed product-role assertion remains authoritative.
AOM_000615,Legume ByProducts,Crop Byproduct,false,false,false,not_in_form_cohort,,not_in_moisture_cohort,,approved_branch_to_role_translation,By-product role,docs/decisions/0041-feed-material-structural-model.md;docs/decisions/0042-feed-process-and-material-state-axes.md,No reviewed grinding result or governed presentation-form assertion. No reviewed drying process or material-specific moisture evidence. Canonical legacy by-product branch classification translated to explicit productRole; compatibility hierarchy retained.
AOM_000616,Canola Cake,Crop Byproduct,false,false,false,approved_existing_specific_form,Cake form,not_in_moisture_cohort,,approved_branch_to_role_translation,By-product role,docs/decisions/0041-feed-material-structural-model.md;docs/decisions/0042-feed-process-and-material-state-axes.md,Existing reviewed presentation-form assertion remains authoritative. No reviewed drying process or material-specific moisture evidence. Canonical legacy by-product branch classification translated to explicit productRole; compatibility hierarchy retained.
AOM_000617,Cocoa Bean Shell,Crop Byproduct,false,false,false,not_in_form_cohort,,not_in_moisture_cohort,,approved_branch_to_role_translation,By-product role,docs/decisions/0041-feed-material-structural-model.md;docs/decisions/0042-feed-process-and-material-state-axes.md,No reviewed grinding result or governed presentation-form assertion. No reviewed drying process or material-specific moisture evidence. Canonical legacy by-product branch classification translated to explicit productRole; compatibility hierarchy retained.
AOM_000620,Cotton Seed Cake,Crop Byproduct,false,false,false,not_in_form_cohort,,not_in_moisture_cohort,,approved_branch_to_role_translation,By-product role,docs/decisions/0041-feed-material-structural-model.md;docs/decisions/0042-feed-process-and-material-state-axes.md,No reviewed grinding result or governed presentation-form assertion. No reviewed drying process or material-specific moisture evidence. Canonical legacy by-product branch classification translated to explicit productRole; compatibility hierarchy retained.
AOM_000625,Palm Kernel Ground,Crop Byproduct,true,false,true,approved_comminuted_form,Comminuted particle form,not_in_moisture_cohort,,approved_branch_to_role_translation,By-product role,docs/decisions/0041-feed-material-structural-model.md;docs/decisions/0042-feed-process-and-material-state-axes.md,"Approved Grinding process supports broad comminuted-particle presentation; bulk consistency, moisture, particle size, and meal/powder subtype remain unspecified. No reviewed drying process or material-specific moisture evidence. Canonical legacy by-product branch classification translated to explicit productRole; compatibility hierarchy retained."
AOM_000628,Oil Plant ByProducts,Crop Byproduct,false,false,false,not_in_form_cohort,,not_in_moisture_cohort,,approved_branch_to_role_translation,By-product role,docs/decisions/0041-feed-material-structural-model.md;docs/decisions/0042-feed-process-and-material-state-axes.md,No reviewed grinding result or governed presentation-form assertion. No reviewed drying process or material-specific moisture evidence. Canonical legacy by-product branch classification translated to explicit productRole; compatibility hierarchy retained.
AOM_000632,Hops,Crop Byproduct,false,false,false,not_in_form_cohort,,not_in_moisture_cohort,,approved_branch_to_role_translation,By-product role,docs/decisions/0041-feed-material-structural-model.md;docs/decisions/0042-feed-process-and-material-state-axes.md,No reviewed grinding result or governed presentation-form assertion. No reviewed drying process or material-specific moisture evidence. Canonical legacy by-product branch classification translated to explicit productRole; compatibility hierarchy retained.
AOM_000633,Beet Pulp Dried,Crop Byproduct,false,true,false,not_in_form_cohort,,approved_dried_from_process,Dried moisture condition,approved_branch_to_role_translation,By-product role,docs/decisions/0041-feed-material-structural-model.md;docs/decisions/0042-feed-process-and-material-state-axes.md,No reviewed grinding result or governed presentation-form assertion. Approved Drying process supports dried moisture condition without implying one presentation form. Canonical legacy by-product branch classification translated to explicit productRole; compatibility hierarchy retained.
AOM_000634,Cassava Bran,Crop Byproduct,false,false,false,not_in_form_cohort,,not_in_moisture_cohort,,approved_branch_to_role_translation,By-product role,docs/decisions/0041-feed-material-structural-model.md;docs/decisions/0042-feed-process-and-material-state-axes.md,No reviewed grinding result or governed presentation-form assertion. No reviewed drying process or material-specific moisture evidence. Canonical legacy by-product branch classification translated to explicit productRole; compatibility hierarchy retained.
AOM_000635,Cassava Leaves,Crop Byproduct,false,false,false,not_in_form_cohort,,not_in_moisture_cohort,,approved_branch_to_role_translation,By-product role,docs/decisions/0041-feed-material-structural-model.md;docs/decisions/0042-feed-process-and-material-state-axes.md,No reviewed grinding result or governed presentation-form assertion. No reviewed drying process or material-specific moisture evidence. Canonical legacy by-product branch classification translated to explicit productRole; compatibility hierarchy retained.
AOM_000638,Cassava Shaft,Crop Byproduct,false,false,false,not_in_form_cohort,,not_in_moisture_cohort,,approved_branch_to_role_translation,By-product role,docs/decisions/0041-feed-material-structural-model.md;docs/decisions/0042-feed-process-and-material-state-axes.md,No reviewed grinding result or governed presentation-form assertion. No reviewed drying process or material-specific moisture evidence. Canonical legacy by-product branch classification translated to explicit productRole; compatibility hierarchy retained.
AOM_000639,Concentrate Cassava Bran Fish Waste,Crop Byproduct,false,false,false,not_in_form_cohort,,not_in_moisture_cohort,,approved_branch_to_role_translation,By-product role,docs/decisions/0041-feed-material-structural-model.md;docs/decisions/0042-feed-process-and-material-state-axes.md,No reviewed grinding result or governed presentation-form assertion. No reviewed drying process or material-specific moisture evidence. Canonical legacy by-product branch classification translated to explicit productRole; compatibility hierarchy retained.
AOM_000640,Yam Peels,Crop Byproduct,false,false,false,not_in_form_cohort,,not_in_moisture_cohort,,approved_branch_to_role_translation,By-product role,docs/decisions/0041-feed-material-structural-model.md;docs/decisions/0042-feed-process-and-material-state-axes.md,No reviewed grinding result or governed presentation-form assertion. No reviewed drying process or material-specific moisture evidence. Canonical legacy by-product branch classification translated to explicit productRole; compatibility hierarchy retained.
AOM_000641,Roots and Tuber ByProducts,Crop Byproduct,false,false,false,not_in_form_cohort,,not_in_moisture_cohort,,approved_branch_to_role_translation,By-product role,docs/decisions/0041-feed-material-structural-model.md;docs/decisions/0042-feed-process-and-material-state-axes.md,No reviewed grinding result or governed presentation-form assertion. No reviewed drying process or material-specific moisture evidence. Canonical legacy by-product branch classification translated to explicit productRole; compatibility hierarchy retained.
AOM_000642,Sugarcane Molasses,Crop Byproduct,false,false,true,held_meal_without_process_evidence,,not_in_moisture_cohort,,approved_existing_role,By-product role,docs/decisions/0041-feed-material-structural-model.md;docs/decisions/0042-feed-process-and-material-state-axes.md,"Meal lexical evidence alone may identify a compound feed, material name, or processed form; no presentation-form assertion promoted. No reviewed drying process or material-specific moisture evidence. Existing reviewed product-role assertion remains authoritative."
AOM_000644,Sugar Processing ByProducts,Crop Byproduct,false,false,false,not_in_form_cohort,,not_in_moisture_cohort,,approved_branch_to_role_translation,By-product role,docs/decisions/0041-feed-material-structural-model.md;docs/decisions/0042-feed-process-and-material-state-axes.md,No reviewed grinding result or governed presentation-form assertion. No reviewed drying process or material-specific moisture evidence. Canonical legacy by-product branch classification translated to explicit productRole; compatibility hierarchy retained.
AOM_000647,Barley Grain Crushed,Crop Product,false,false,false,not_in_form_cohort,,not_in_moisture_cohort,,not_in_role_cohort,,docs/decisions/0041-feed-material-structural-model.md;docs/decisions/0042-feed-process-and-material-state-axes.md,No reviewed grinding result or governed presentation-form assertion. No reviewed drying process or material-specific moisture evidence. No reviewed product-role evidence in this structural cohort.
AOM_000648,Maize,Crop Product,false,false,false,not_in_form_cohort,,not_in_moisture_cohort,,not_in_role_cohort,,docs/decisions/0041-feed-material-structural-model.md;docs/decisions/0042-feed-process-and-material-state-axes.md,No reviewed grinding result or governed presentation-form assertion. No reviewed drying process or material-specific moisture evidence. No reviewed product-role evidence in this structural cohort.
AOM_000649,Maize Grain,Crop Product,false,false,false,not_in_form_cohort,,not_in_moisture_cohort,,not_in_role_cohort,,docs/decisions/0041-feed-material-structural-model.md;docs/decisions/0042-feed-process-and-material-state-axes.md,No reviewed grinding result or governed presentation-form assertion. No reviewed drying process or material-specific moisture evidence. No reviewed product-role evidence in this structural cohort.
AOM_000651,Maize Oil,Crop Product,false,false,false,not_in_form_cohort,,not_in_moisture_cohort,,not_in_role_cohort,,docs/decisions/0041-feed-material-structural-model.md;docs/decisions/0042-feed-process-and-material-state-axes.md,No reviewed grinding result or governed presentation-form assertion. No reviewed drying process or material-specific moisture evidence. No reviewed product-role evidence in this structural cohort.
AOM_000654,Millet,Crop Product,false,false,false,not_in_form_cohort,,not_in_moisture_cohort,,not_in_role_cohort,,docs/decisions/0041-feed-material-structural-model.md;docs/decisions/0042-feed-process-and-material-state-axes.md,No reviewed grinding result or governed presentation-form assertion. No reviewed drying process or material-specific moisture evidence. No reviewed product-role evidence in this structural cohort.
AOM_000655,Rice Grain,Crop Product,false,false,false,not_in_form_cohort,,not_in_moisture_cohort,,not_in_role_cohort,,docs/decisions/0041-feed-material-structural-model.md;docs/decisions/0042-feed-process-and-material-state-axes.md,No reviewed grinding result or governed presentation-form assertion. No reviewed drying process or material-specific moisture evidence. No reviewed product-role evidence in this structural cohort.
AOM_000656,Ground whole-grain rice,Crop Product,true,false,true,approved_comminuted_form,Comminuted particle form,not_in_moisture_cohort,,not_in_role_cohort,,docs/decisions/0041-feed-material-structural-model.md;docs/decisions/0042-feed-process-and-material-state-axes.md,"Approved Grinding process supports broad comminuted-particle presentation; bulk consistency, moisture, particle size, and meal/powder subtype remain unspecified. No reviewed drying process or material-specific moisture evidence. No reviewed product-role evidence in this structural cohort."
AOM_000657,Sorghum Grain,Crop Product,false,false,false,not_in_form_cohort,,not_in_moisture_cohort,,not_in_role_cohort,,docs/decisions/0041-feed-material-structural-model.md;docs/decisions/0042-feed-process-and-material-state-axes.md,No reviewed grinding result or governed presentation-form assertion. No reviewed drying process or material-specific moisture evidence. No reviewed product-role evidence in this structural cohort.
AOM_000660,Ground whole-grain wheat,Crop Product,true,false,false,approved_comminuted_form,Comminuted particle form,not_in_moisture_cohort,,not_in_role_cohort,,docs/decisions/0041-feed-material-structural-model.md;docs/decisions/0042-feed-process-and-material-state-axes.md,"Approved Grinding process supports broad comminuted-particle presentation; bulk consistency, moisture, particle size, and meal/powder subtype remain unspecified. No reviewed drying process or material-specific moisture evidence. No reviewed product-role evidence in this structural cohort."
AOM_000662,Cereal Products,Crop Product,false,false,false,not_in_form_cohort,,not_in_moisture_cohort,,not_in_role_cohort,,docs/decisions/0041-feed-material-structural-model.md;docs/decisions/0042-feed-process-and-material-state-axes.md,No reviewed grinding result or governed presentation-form assertion. No reviewed drying process or material-specific moisture evidence. No reviewed product-role evidence in this structural cohort.
AOM_000663,Jackfruit,Crop Product,false,false,false,not_in_form_cohort,,not_in_moisture_cohort,,not_in_role_cohort,,docs/decisions/0041-feed-material-structural-model.md;docs/decisions/0042-feed-process-and-material-state-axes.md,No reviewed grinding result or governed presentation-form assertion. No reviewed drying process or material-specific moisture evidence. No reviewed product-role evidence in this structural cohort.
AOM_000664,Ripe Avocado,Crop Product,false,false,false,not_in_form_cohort,,not_in_moisture_cohort,,not_in_role_cohort,,docs/decisions/0041-feed-material-structural-model.md;docs/decisions/0042-feed-process-and-material-state-axes.md,No reviewed grinding result or governed presentation-form assertion. No reviewed drying process or material-specific moisture evidence. No reviewed product-role evidence in this structural cohort.
AOM_000665,Fruit Product,Crop Product,false,false,false,not_in_form_cohort,,not_in_moisture_cohort,,not_in_role_cohort,,docs/decisions/0041-feed-material-structural-model.md;docs/decisions/0042-feed-process-and-material-state-axes.md,No reviewed grinding result or governed presentation-form assertion. No reviewed drying process or material-specific moisture evidence. No reviewed product-role evidence in this structural cohort.
AOM_000667,Legume Products,Crop Product,false,false,false,not_in_form_cohort,,not_in_moisture_cohort,,not_in_role_cohort,,docs/decisions/0041-feed-material-structural-model.md;docs/decisions/0042-feed-process-and-material-state-axes.md,No reviewed grinding result or governed presentation-form assertion. No reviewed drying process or material-specific moisture evidence. No reviewed product-role evidence in this structural cohort.
AOM_000668,Soybean Ground Roasted,Crop Product,true,false,true,approved_comminuted_form,Comminuted particle form,not_in_moisture_cohort,,not_in_role_cohort,,docs/decisions/0041-feed-material-structural-model.md;docs/decisions/0042-feed-process-and-material-state-axes.md,"Approved Grinding process supports broad comminuted-particle presentation; bulk consistency, moisture, particle size, and meal/powder subtype remain unspecified. No reviewed drying process or material-specific moisture evidence. No reviewed product-role evidence in this structural cohort."
AOM_000670,Soybean Roasted,Crop Product,false,false,false,not_in_form_cohort,,not_in_moisture_cohort,,not_in_role_cohort,,docs/decisions/0041-feed-material-structural-model.md;docs/decisions/0042-feed-process-and-material-state-axes.md,No reviewed grinding result or governed presentation-form assertion. No reviewed drying process or material-specific moisture evidence. No reviewed product-role evidence in this structural cohort.
AOM_000671,Palm Oil,Crop Product,false,false,false,not_in_form_cohort,,not_in_moisture_cohort,,not_in_role_cohort,,docs/decisions/0041-feed-material-structural-model.md;docs/decisions/0042-feed-process-and-material-state-axes.md,No reviewed grinding result or governed presentation-form assertion. No reviewed drying process or material-specific moisture evidence. No reviewed product-role evidence in this structural cohort.
AOM_000672,Palm Oil Crude,Crop Product,false,false,false,not_in_form_cohort,,not_in_moisture_cohort,,not_in_role_cohort,,docs/decisions/0041-feed-material-structural-model.md;docs/decisions/0042-feed-process-and-material-state-axes.md,No reviewed grinding result or governed presentation-form assertion. No reviewed drying process or material-specific moisture evidence. No reviewed product-role evidence in this structural cohort.
AOM_000673,Sunflower,Crop Product,false,false,false,not_in_form_cohort,,not_in_moisture_cohort,,not_in_role_cohort,,docs/decisions/0041-feed-material-structural-model.md;docs/decisions/0042-feed-process-and-material-state-axes.md,No reviewed grinding result or governed presentation-form assertion. No reviewed drying process or material-specific moisture evidence. No reviewed product-role evidence in this structural cohort.
AOM_000674,Sunflower Oil,Crop Product,false,false,false,not_in_form_cohort,,not_in_moisture_cohort,,not_in_role_cohort,,docs/decisions/0041-feed-material-structural-model.md;docs/decisions/0042-feed-process-and-material-state-axes.md,No reviewed grinding result or governed presentation-form assertion. No reviewed drying process or material-specific moisture evidence. No reviewed product-role evidence in this structural cohort.
AOM_000675,Sunflower Seed Ground,Crop Product,true,false,true,approved_comminuted_form,Comminuted particle form,not_in_moisture_cohort,,not_in_role_cohort,,docs/decisions/0041-feed-material-structural-model.md;docs/decisions/0042-feed-process-and-material-state-axes.md,"Approved Grinding process supports broad comminuted-particle presentation; bulk consistency, moisture, particle size, and meal/powder subtype remain unspecified. No reviewed drying process or material-specific moisture evidence. No reviewed product-role evidence in this structural cohort."
AOM_000676,Vegetable Oil,Crop Product,false,false,false,not_in_form_cohort,,not_in_moisture_cohort,,not_in_role_cohort,,docs/decisions/0041-feed-material-structural-model.md;docs/decisions/0042-feed-process-and-material-state-axes.md,No reviewed grinding result or governed presentation-form assertion. No reviewed drying process or material-specific moisture evidence. No reviewed product-role evidence in this structural cohort.
AOM_000677,Oil Plant Products,Crop Product,false,false,false,not_in_form_cohort,,not_in_moisture_cohort,,not_in_role_cohort,,docs/decisions/0041-feed-material-structural-model.md;docs/decisions/0042-feed-process-and-material-state-axes.md,No reviewed grinding result or governed presentation-form assertion. No reviewed drying process or material-specific moisture evidence. No reviewed product-role evidence in this structural cohort.
AOM_000678,Cassava Starch,Crop Product,false,false,false,not_in_form_cohort,,not_in_moisture_cohort,,not_in_role_cohort,,docs/decisions/0041-feed-material-structural-model.md;docs/decisions/0042-feed-process-and-material-state-axes.md,No reviewed grinding result or governed presentation-form assertion. No reviewed drying process or material-specific moisture evidence. No reviewed product-role evidence in this structural cohort.
AOM_000679,Cassava Tuber,Crop Product,false,false,false,not_in_form_cohort,,not_in_moisture_cohort,,not_in_role_cohort,,docs/decisions/0041-feed-material-structural-model.md;docs/decisions/0042-feed-process-and-material-state-axes.md,No reviewed grinding result or governed presentation-form assertion. No reviewed drying process or material-specific moisture evidence. No reviewed product-role evidence in this structural cohort.
AOM_000680,Sweet Potato,Crop Product,false,false,false,not_in_form_cohort,,not_in_moisture_cohort,,not_in_role_cohort,,docs/decisions/0041-feed-material-structural-model.md;docs/decisions/0042-feed-process-and-material-state-axes.md,No reviewed grinding result or governed presentation-form assertion. No reviewed drying process or material-specific moisture evidence. No reviewed product-role evidence in this structural cohort.
AOM_000681,Roots and Tuber Products,Crop Product,false,false,false,not_in_form_cohort,,not_in_moisture_cohort,,not_in_role_cohort,,docs/decisions/0041-feed-material-structural-model.md;docs/decisions/0042-feed-process-and-material-state-axes.md,No reviewed grinding result or governed presentation-form assertion. No reviewed drying process or material-specific moisture evidence. No reviewed product-role evidence in this structural cohort.
AOM_000682,Water Hyacinth,Forage Plants,false,false,false,not_in_form_cohort,,not_in_moisture_cohort,,not_in_role_cohort,,docs/decisions/0041-feed-material-structural-model.md;docs/decisions/0042-feed-process-and-material-state-axes.md,No reviewed grinding result or governed presentation-form assertion. No reviewed drying process or material-specific moisture evidence. No reviewed product-role evidence in this structural cohort.
AOM_000683,Aquatic Plants,Forage Plants,false,false,false,not_in_form_cohort,,not_in_moisture_cohort,,not_in_role_cohort,,docs/decisions/0041-feed-material-structural-model.md;docs/decisions/0042-feed-process-and-material-state-axes.md,No reviewed grinding result or governed presentation-form assertion. No reviewed drying process or material-specific moisture evidence. No reviewed product-role evidence in this structural cohort.
AOM_000686,Cenchrus ciliaris,Forage Plants,false,false,false,not_in_form_cohort,,not_in_moisture_cohort,,not_in_role_cohort,,docs/decisions/0041-feed-material-structural-model.md;docs/decisions/0042-feed-process-and-material-state-axes.md,No reviewed grinding result or governed presentation-form assertion. No reviewed drying process or material-specific moisture evidence. No reviewed product-role evidence in this structural cohort.
AOM_000687,Desho Grass Hay,Forage Plants,false,true,false,not_in_form_cohort,,approved_dried_from_process,Dried moisture condition,not_in_role_cohort,,docs/decisions/0041-feed-material-structural-model.md;docs/decisions/0042-feed-process-and-material-state-axes.md,No reviewed grinding result or governed presentation-form assertion. Approved Drying process supports dried moisture condition without implying one presentation form. No reviewed product-role evidence in this structural cohort.
AOM_000688,Digitaria Dried,Forage Plants,false,true,false,not_in_form_cohort,,approved_dried_from_process,Dried moisture condition,not_in_role_cohort,,docs/decisions/0041-feed-material-structural-model.md;docs/decisions/0042-feed-process-and-material-state-axes.md,No reviewed grinding result or governed presentation-form assertion. Approved Drying process supports dried moisture condition without implying one presentation form. No reviewed product-role evidence in this structural cohort.
AOM_000689,Pennisetum purpureum,Forage Plants,false,false,false,not_in_form_cohort,,not_in_moisture_cohort,,not_in_role_cohort,,docs/decisions/0041-feed-material-structural-model.md;docs/decisions/0042-feed-process-and-material-state-axes.md,No reviewed grinding result or governed presentation-form assertion. No reviewed drying process or material-specific moisture evidence. No reviewed product-role evidence in this structural cohort.
AOM_000692,Grass Dried Ground,Forage Plants,true,true,true,approved_comminuted_form,Comminuted particle form,approved_dried_from_process,Dried moisture condition,not_in_role_cohort,,docs/decisions/0041-feed-material-structural-model.md;docs/decisions/0042-feed-process-and-material-state-axes.md,"Approved Grinding process supports broad comminuted-particle presentation; bulk consistency, moisture, particle size, and meal/powder subtype remain unspecified. Approved Drying process supports dried moisture condition without implying one presentation form. No reviewed product-role evidence in this structural cohort."
AOM_000693,Grass Local,Forage Plants,false,false,false,not_in_form_cohort,,not_in_moisture_cohort,,not_in_role_cohort,,docs/decisions/0041-feed-material-structural-model.md;docs/decisions/0042-feed-process-and-material-state-axes.md,No reviewed grinding result or governed presentation-form assertion. No reviewed drying process or material-specific moisture evidence. No reviewed product-role evidence in this structural cohort.
AOM_000695,Luscious Pasture,Forage Plants,false,false,false,not_in_form_cohort,,not_in_moisture_cohort,,not_in_role_cohort,,docs/decisions/0041-feed-material-structural-model.md;docs/decisions/0042-feed-process-and-material-state-axes.md,No reviewed grinding result or governed presentation-form assertion. No reviewed drying process or material-specific moisture evidence. No reviewed product-role evidence in this structural cohort.
AOM_000697,Natural Pasture,Forage Plants,false,false,false,not_in_form_cohort,,not_in_moisture_cohort,,not_in_role_cohort,,docs/decisions/0041-feed-material-structural-model.md;docs/decisions/0042-feed-process-and-material-state-axes.md,No reviewed grinding result or governed presentation-form assertion. No reviewed drying process or material-specific moisture evidence. No reviewed product-role evidence in this structural cohort.
AOM_000698,Natural Pasture Dried,Forage Plants,false,true,false,not_in_form_cohort,,approved_dried_from_process,Dried moisture condition,not_in_role_cohort,,docs/decisions/0041-feed-material-structural-model.md;docs/decisions/0042-feed-process-and-material-state-axes.md,No reviewed grinding result or governed presentation-form assertion. Approved Drying process supports dried moisture condition without implying one presentation form. No reviewed product-role evidence in this structural cohort.
AOM_000700,Unspecified Grazing,Forage Plants,false,false,false,not_in_form_cohort,,not_in_moisture_cohort,,not_in_role_cohort,,docs/decisions/0041-feed-material-structural-model.md;docs/decisions/0042-feed-process-and-material-state-axes.md,No reviewed grinding result or governed presentation-form assertion. No reviewed drying process or material-specific moisture evidence. No reviewed product-role evidence in this structural cohort.
AOM_000701,Cereal and Grass Forages,Forage Plants,false,false,false,not_in_form_cohort,,not_in_moisture_cohort,,not_in_role_cohort,,docs/decisions/0041-feed-material-structural-model.md;docs/decisions/0042-feed-process-and-material-state-axes.md,No reviewed grinding result or governed presentation-form assertion. No reviewed drying process or material-specific moisture evidence. No reviewed product-role evidence in this structural cohort.
AOM_000703,Acacia angustissima,Forage Plants,false,false,false,not_in_form_cohort,,not_in_moisture_cohort,,not_in_role_cohort,,docs/decisions/0041-feed-material-structural-model.md;docs/decisions/0042-feed-process-and-material-state-axes.md,No reviewed grinding result or governed presentation-form assertion. No reviewed drying process or material-specific moisture evidence. No reviewed product-role evidence in this structural cohort.
AOM_000704,Acacia nilotica,Forage Plants,false,false,false,not_in_form_cohort,,not_in_moisture_cohort,,not_in_role_cohort,,docs/decisions/0041-feed-material-structural-model.md;docs/decisions/0042-feed-process-and-material-state-axes.md,No reviewed grinding result or governed presentation-form assertion. No reviewed drying process or material-specific moisture evidence. No reviewed product-role evidence in this structural cohort.
AOM_000705,Acacia sieberiana,Forage Plants,false,false,false,not_in_form_cohort,,not_in_moisture_cohort,,not_in_role_cohort,,docs/decisions/0041-feed-material-structural-model.md;docs/decisions/0042-feed-process-and-material-state-axes.md,No reviewed grinding result or governed presentation-form assertion. No reviewed drying process or material-specific moisture evidence. No reviewed product-role evidence in this structural cohort.
AOM_000706,Acacia tortilis,Forage Plants,false,false,false,not_in_form_cohort,,not_in_moisture_cohort,,not_in_role_cohort,,docs/decisions/0041-feed-material-structural-model.md;docs/decisions/0042-feed-process-and-material-state-axes.md,No reviewed grinding result or governed presentation-form assertion. No reviewed drying process or material-specific moisture evidence. No reviewed product-role evidence in this structural cohort.
AOM_000708,Ficus thonningii Leaves Dried,Forage Plants,false,true,false,not_in_form_cohort,,approved_dried_from_process,Dried moisture condition,not_in_role_cohort,,docs/decisions/0041-feed-material-structural-model.md;docs/decisions/0042-feed-process-and-material-state-axes.md,No reviewed grinding result or governed presentation-form assertion. Approved Drying process supports dried moisture condition without implying one presentation form. No reviewed product-role evidence in this structural cohort.
AOM_000709,Gmelina arborea Leaves Ground,Forage Plants,true,false,true,approved_comminuted_form,Comminuted particle form,not_in_moisture_cohort,,not_in_role_cohort,,docs/decisions/0041-feed-material-structural-model.md;docs/decisions/0042-feed-process-and-material-state-axes.md,"Approved Grinding process supports broad comminuted-particle presentation; bulk consistency, moisture, particle size, and meal/powder subtype remain unspecified. No reviewed drying process or material-specific moisture evidence. No reviewed product-role evidence in this structural cohort."
AOM_000710,Leucaena leucocephala,Forage Plants,false,false,false,not_in_form_cohort,,not_in_moisture_cohort,,not_in_role_cohort,,docs/decisions/0041-feed-material-structural-model.md;docs/decisions/0042-feed-process-and-material-state-axes.md,No reviewed grinding result or governed presentation-form assertion. No reviewed drying process or material-specific moisture evidence. No reviewed product-role evidence in this structural cohort.
AOM_000711,Moringa oleifera Leaves Ground,Forage Plants,true,false,true,approved_comminuted_form,Comminuted particle form,not_in_moisture_cohort,,not_in_role_cohort,,docs/decisions/0041-feed-material-structural-model.md;docs/decisions/0042-feed-process-and-material-state-axes.md,"Approved Grinding process supports broad comminuted-particle presentation; bulk consistency, moisture, particle size, and meal/powder subtype remain unspecified. No reviewed drying process or material-specific moisture evidence. No reviewed product-role evidence in this structural cohort."
AOM_000712,Prosopis juliflora,Forage Plants,false,false,false,not_in_form_cohort,,not_in_moisture_cohort,,not_in_role_cohort,,docs/decisions/0041-feed-material-structural-model.md;docs/decisions/0042-feed-process-and-material-state-axes.md,No reviewed grinding result or governed presentation-form assertion. No reviewed drying process or material-specific moisture evidence. No reviewed product-role evidence in this structural cohort.
AOM_000713,Prosopis juliflora Pods,Forage Plants,false,false,false,not_in_form_cohort,,not_in_moisture_cohort,,not_in_role_cohort,,docs/decisions/0041-feed-material-structural-model.md;docs/decisions/0042-feed-process-and-material-state-axes.md,No reviewed grinding result or governed presentation-form assertion. No reviewed drying process or material-specific moisture evidence. No reviewed product-role evidence in this structural cohort.
AOM_000714,Prosopis juliflora Dried Ground,Forage Plants,true,true,false,approved_comminuted_form,Comminuted particle form,approved_dried_from_process,Dried moisture condition,not_in_role_cohort,,docs/decisions/0041-feed-material-structural-model.md;docs/decisions/0042-feed-process-and-material-state-axes.md,"Approved Grinding process supports broad comminuted-particle presentation; bulk consistency, moisture, particle size, and meal/powder subtype remain unspecified. Approved Drying process supports dried moisture condition without implying one presentation form. No reviewed product-role evidence in this structural cohort."
AOM_000716,Tithonia diversifolia,Forage Plants,false,false,false,not_in_form_cohort,,not_in_moisture_cohort,,not_in_role_cohort,,docs/decisions/0041-feed-material-structural-model.md;docs/decisions/0042-feed-process-and-material-state-axes.md,No reviewed grinding result or governed presentation-form assertion. No reviewed drying process or material-specific moisture evidence. No reviewed product-role evidence in this structural cohort.
AOM_000718,Forage Trees,Forage Plants,false,false,false,not_in_form_cohort,,not_in_moisture_cohort,,not_in_role_cohort,,docs/decisions/0041-feed-material-structural-model.md;docs/decisions/0042-feed-process-and-material-state-axes.md,No reviewed grinding result or governed presentation-form assertion. No reviewed drying process or material-specific moisture evidence. No reviewed product-role evidence in this structural cohort.
AOM_000719,Alfalfa,Forage Plants,false,false,false,not_in_form_cohort,,not_in_moisture_cohort,,not_in_role_cohort,,docs/decisions/0041-feed-material-structural-model.md;docs/decisions/0042-feed-process-and-material-state-axes.md,No reviewed grinding result or governed presentation-form assertion. No reviewed drying process or material-specific moisture evidence. No reviewed product-role evidence in this structural cohort.
AOM_000725,Vicia Dried,Forage Plants,false,true,false,not_in_form_cohort,,approved_dried_from_process,Dried moisture condition,not_in_role_cohort,,docs/decisions/0041-feed-material-structural-model.md;docs/decisions/0042-feed-process-and-material-state-axes.md,No reviewed grinding result or governed presentation-form assertion. Approved Drying process supports dried moisture condition without implying one presentation form. No reviewed product-role evidence in this structural cohort.
AOM_000726,Legume Forages,Forage Plants,false,false,false,not_in_form_cohort,,not_in_moisture_cohort,,not_in_role_cohort,,docs/decisions/0041-feed-material-structural-model.md;docs/decisions/0042-feed-process-and-material-state-axes.md,No reviewed grinding result or governed presentation-form assertion. No reviewed drying process or material-specific moisture evidence. No reviewed product-role evidence in this structural cohort.
AOM_000730,Olive Leaves,Forage Plants,false,false,false,not_in_form_cohort,,not_in_moisture_cohort,,not_in_role_cohort,,docs/decisions/0041-feed-material-structural-model.md;docs/decisions/0042-feed-process-and-material-state-axes.md,No reviewed grinding result or governed presentation-form assertion. No reviewed drying process or material-specific moisture evidence. No reviewed product-role evidence in this structural cohort.
AOM_000733,Siam Weed Leaves Ground,Forage Plants,true,false,true,approved_comminuted_form,Comminuted particle form,not_in_moisture_cohort,,not_in_role_cohort,,docs/decisions/0041-feed-material-structural-model.md;docs/decisions/0042-feed-process-and-material-state-axes.md,"Approved Grinding process supports broad comminuted-particle presentation; bulk consistency, moisture, particle size, and meal/powder subtype remain unspecified. No reviewed drying process or material-specific moisture evidence. No reviewed product-role evidence in this structural cohort."
AOM_000734,Other Forage Plants,Forage Plants,false,false,false,not_in_form_cohort,,not_in_moisture_cohort,,not_in_role_cohort,,docs/decisions/0041-feed-material-structural-model.md;docs/decisions/0042-feed-process-and-material-state-axes.md,No reviewed grinding result or governed presentation-form assertion. No reviewed drying process or material-specific moisture evidence. No reviewed product-role evidence in this structural cohort.
AOM_000735,Forage materials,Forage Plants,false,false,false,not_in_form_cohort,,not_in_moisture_cohort,,not_in_role_cohort,,docs/decisions/0041-feed-material-structural-model.md;docs/decisions/0042-feed-process-and-material-state-axes.md,No reviewed grinding result or governed presentation-form assertion. No reviewed drying process or material-specific moisture evidence. No reviewed product-role evidence in this structural cohort.
AOM_000736,Unresolved supplement classifications,Supplement,false,false,false,not_in_form_cohort,,not_in_moisture_cohort,,not_in_role_cohort,,docs/decisions/0041-feed-material-structural-model.md;docs/decisions/0042-feed-process-and-material-state-axes.md,No reviewed grinding result or governed presentation-form assertion. No reviewed drying process or material-specific moisture evidence. No reviewed product-role evidence in this structural cohort.
AOM_000737,Amino Acid,Supplement,false,false,false,not_in_form_cohort,,not_in_moisture_cohort,,not_in_role_cohort,,docs/decisions/0041-feed-material-structural-model.md;docs/decisions/0042-feed-process-and-material-state-axes.md,No reviewed grinding result or governed presentation-form assertion. No reviewed drying process or material-specific moisture evidence. No reviewed product-role evidence in this structural cohort.
AOM_000738,Threonine,Supplement,false,false,false,not_in_form_cohort,,not_in_moisture_cohort,,not_in_role_cohort,,docs/decisions/0041-feed-material-structural-model.md;docs/decisions/0042-feed-process-and-material-state-axes.md,No reviewed grinding result or governed presentation-form assertion. No reviewed drying process or material-specific moisture evidence. No reviewed product-role evidence in this structural cohort.
AOM_000739,Lysine,Supplement,false,false,false,not_in_form_cohort,,not_in_moisture_cohort,,not_in_role_cohort,,docs/decisions/0041-feed-material-structural-model.md;docs/decisions/0042-feed-process-and-material-state-axes.md,No reviewed grinding result or governed presentation-form assertion. No reviewed drying process or material-specific moisture evidence. No reviewed product-role evidence in this structural cohort.
AOM_000740,Lysine - HCl,Supplement,false,false,false,not_in_form_cohort,,not_in_moisture_cohort,,not_in_role_cohort,,docs/decisions/0041-feed-material-structural-model.md;docs/decisions/0042-feed-process-and-material-state-axes.md,No reviewed grinding result or governed presentation-form assertion. No reviewed drying process or material-specific moisture evidence. No reviewed product-role evidence in this structural cohort.
AOM_000743,Carboxymethyl Cellulose,Other Ingredients,false,false,false,not_in_form_cohort,,not_in_moisture_cohort,,not_in_role_cohort,,docs/decisions/0041-feed-material-structural-model.md;docs/decisions/0042-feed-process-and-material-state-axes.md,No reviewed grinding result or governed presentation-form assertion. No reviewed drying process or material-specific moisture evidence. No reviewed product-role evidence in this structural cohort.
AOM_000744,Cement,Other Ingredients,false,false,false,not_in_form_cohort,,not_in_moisture_cohort,,not_in_role_cohort,,docs/decisions/0041-feed-material-structural-model.md;docs/decisions/0042-feed-process-and-material-state-axes.md,No reviewed grinding result or governed presentation-form assertion. No reviewed drying process or material-specific moisture evidence. No reviewed product-role evidence in this structural cohort.
AOM_000745,Binder,Other Ingredients,false,false,false,not_in_form_cohort,,not_in_moisture_cohort,,not_in_role_cohort,,docs/decisions/0041-feed-material-structural-model.md;docs/decisions/0042-feed-process-and-material-state-axes.md,No reviewed grinding result or governed presentation-form assertion. No reviewed drying process or material-specific moisture evidence. No reviewed product-role evidence in this structural cohort.
AOM_000746,Chromium Oxide,Other Ingredients,false,false,false,not_in_form_cohort,,not_in_moisture_cohort,,not_in_role_cohort,,docs/decisions/0041-feed-material-structural-model.md;docs/decisions/0042-feed-process-and-material-state-axes.md,No reviewed grinding result or governed presentation-form assertion. No reviewed drying process or material-specific moisture evidence. No reviewed product-role evidence in this structural cohort.
AOM_000747,Digestibility Marker,Other Ingredients,false,false,false,not_in_form_cohort,,not_in_moisture_cohort,,not_in_role_cohort,,docs/decisions/0041-feed-material-structural-model.md;docs/decisions/0042-feed-process-and-material-state-axes.md,No reviewed grinding result or governed presentation-form assertion. No reviewed drying process or material-specific moisture evidence. No reviewed product-role evidence in this structural cohort.
AOM_000748,Asperozym (Fibrolytic Enzymes),Supplement,false,false,false,not_in_form_cohort,,not_in_moisture_cohort,,not_in_role_cohort,,docs/decisions/0041-feed-material-structural-model.md;docs/decisions/0042-feed-process-and-material-state-axes.md,No reviewed grinding result or governed presentation-form assertion. No reviewed drying process or material-specific moisture evidence. No reviewed product-role evidence in this structural cohort.
AOM_000749,Axtra Phy Broiler,Supplement,false,false,false,not_in_form_cohort,,not_in_moisture_cohort,,not_in_role_cohort,,docs/decisions/0041-feed-material-structural-model.md;docs/decisions/0042-feed-process-and-material-state-axes.md,No reviewed grinding result or governed presentation-form assertion. No reviewed drying process or material-specific moisture evidence. No reviewed product-role evidence in this structural cohort.
AOM_000750,Phytase,Supplement,false,false,false,not_in_form_cohort,,not_in_moisture_cohort,,not_in_role_cohort,,docs/decisions/0041-feed-material-structural-model.md;docs/decisions/0042-feed-process-and-material-state-axes.md,No reviewed grinding result or governed presentation-form assertion. No reviewed drying process or material-specific moisture evidence. No reviewed product-role evidence in this structural cohort.
AOM_000751,Enzyme,Supplement,false,false,false,not_in_form_cohort,,not_in_moisture_cohort,,not_in_role_cohort,,docs/decisions/0041-feed-material-structural-model.md;docs/decisions/0042-feed-process-and-material-state-axes.md,No reviewed grinding result or governed presentation-form assertion. No reviewed drying process or material-specific moisture evidence. No reviewed product-role evidence in this structural cohort.
AOM_000752,Chamomile Flower,Supplement,false,false,false,not_in_form_cohort,,not_in_moisture_cohort,,not_in_role_cohort,,docs/decisions/0041-feed-material-structural-model.md;docs/decisions/0042-feed-process-and-material-state-axes.md,No reviewed grinding result or governed presentation-form assertion. No reviewed drying process or material-specific moisture evidence. No reviewed product-role evidence in this structural cohort.
AOM_000753,Bicarbonate of Soda,Other Ingredients,false,false,false,not_in_form_cohort,,not_in_moisture_cohort,,not_in_role_cohort,,docs/decisions/0041-feed-material-structural-model.md;docs/decisions/0042-feed-process-and-material-state-axes.md,No reviewed grinding result or governed presentation-form assertion. No reviewed drying process or material-specific moisture evidence. No reviewed product-role evidence in this structural cohort.
AOM_000754,Calcium,Supplement,false,false,false,not_in_form_cohort,,not_in_moisture_cohort,,not_in_role_cohort,,docs/decisions/0041-feed-material-structural-model.md;docs/decisions/0042-feed-process-and-material-state-axes.md,No reviewed grinding result or governed presentation-form assertion. No reviewed drying process or material-specific moisture evidence. No reviewed product-role evidence in this structural cohort.
AOM_000755,Chalk,Supplement,false,false,false,not_in_form_cohort,,not_in_moisture_cohort,,not_in_role_cohort,,docs/decisions/0041-feed-material-structural-model.md;docs/decisions/0042-feed-process-and-material-state-axes.md,No reviewed grinding result or governed presentation-form assertion. No reviewed drying process or material-specific moisture evidence. No reviewed product-role evidence in this structural cohort.
AOM_000756,Copper,Supplement,false,false,false,not_in_form_cohort,,not_in_moisture_cohort,,not_in_role_cohort,,docs/decisions/0041-feed-material-structural-model.md;docs/decisions/0042-feed-process-and-material-state-axes.md,No reviewed grinding result or governed presentation-form assertion. No reviewed drying process or material-specific moisture evidence. No reviewed product-role evidence in this structural cohort.
AOM_000757,Dicalcium Phosphate,Supplement,false,false,false,not_in_form_cohort,,not_in_moisture_cohort,,not_in_role_cohort,,docs/decisions/0041-feed-material-structural-model.md;docs/decisions/0042-feed-process-and-material-state-axes.md,No reviewed grinding result or governed presentation-form assertion. No reviewed drying process or material-specific moisture evidence. No reviewed product-role evidence in this structural cohort.
AOM_000758,Iodated Salt,Supplement,false,false,false,not_in_form_cohort,,not_in_moisture_cohort,,not_in_role_cohort,,docs/decisions/0041-feed-material-structural-model.md;docs/decisions/0042-feed-process-and-material-state-axes.md,No reviewed grinding result or governed presentation-form assertion. No reviewed drying process or material-specific moisture evidence. No reviewed product-role evidence in this structural cohort.
AOM_000759,Iodine,Supplement,false,false,false,not_in_form_cohort,,not_in_moisture_cohort,,not_in_role_cohort,,docs/decisions/0041-feed-material-structural-model.md;docs/decisions/0042-feed-process-and-material-state-axes.md,No reviewed grinding result or governed presentation-form assertion. No reviewed drying process or material-specific moisture evidence. No reviewed product-role evidence in this structural cohort.
AOM_000760,Lime,Supplement,false,false,false,not_in_form_cohort,,not_in_moisture_cohort,,not_in_role_cohort,,docs/decisions/0041-feed-material-structural-model.md;docs/decisions/0042-feed-process-and-material-state-axes.md,No reviewed grinding result or governed presentation-form assertion. No reviewed drying process or material-specific moisture evidence. No reviewed product-role evidence in this structural cohort.
AOM_000763,Manganese,Supplement,false,false,false,not_in_form_cohort,,not_in_moisture_cohort,,not_in_role_cohort,,docs/decisions/0041-feed-material-structural-model.md;docs/decisions/0042-feed-process-and-material-state-axes.md,No reviewed grinding result or governed presentation-form assertion. No reviewed drying process or material-specific moisture evidence. No reviewed product-role evidence in this structural cohort.
AOM_000764,Mineral Block,Supplement,false,false,false,approved_existing_specific_form,Block form,not_in_moisture_cohort,,not_in_role_cohort,,docs/decisions/0041-feed-material-structural-model.md;docs/decisions/0042-feed-process-and-material-state-axes.md,Existing reviewed presentation-form assertion remains authoritative. No reviewed drying process or material-specific moisture evidence. No reviewed product-role evidence in this structural cohort.
AOM_000765,Maclik,Supplement,false,false,false,not_in_form_cohort,,not_in_moisture_cohort,,not_in_role_cohort,,docs/decisions/0041-feed-material-structural-model.md;docs/decisions/0042-feed-process-and-material-state-axes.md,No reviewed grinding result or governed presentation-form assertion. No reviewed drying process or material-specific moisture evidence. No reviewed product-role evidence in this structural cohort.
AOM_000766,Mineral Lick,Supplement,false,false,false,not_in_form_cohort,,not_in_moisture_cohort,,not_in_role_cohort,,docs/decisions/0041-feed-material-structural-model.md;docs/decisions/0042-feed-process-and-material-state-axes.md,No reviewed grinding result or governed presentation-form assertion. No reviewed drying process or material-specific moisture evidence. No reviewed product-role evidence in this structural cohort.
AOM_000768,Monocalcium Phosphate,Supplement,false,false,false,not_in_form_cohort,,not_in_moisture_cohort,,not_in_role_cohort,,docs/decisions/0041-feed-material-structural-model.md;docs/decisions/0042-feed-process-and-material-state-axes.md,No reviewed grinding result or governed presentation-form assertion. No reviewed drying process or material-specific moisture evidence. No reviewed product-role evidence in this structural cohort.
AOM_000770,Phosphorus,Supplement,false,false,false,not_in_form_cohort,,not_in_moisture_cohort,,not_in_role_cohort,,docs/decisions/0041-feed-material-structural-model.md;docs/decisions/0042-feed-process-and-material-state-axes.md,No reviewed grinding result or governed presentation-form assertion. No reviewed drying process or material-specific moisture evidence. No reviewed product-role evidence in this structural cohort.
AOM_000772,Salt,Other Ingredients,false,false,false,not_in_form_cohort,,not_in_moisture_cohort,,not_in_role_cohort,,docs/decisions/0041-feed-material-structural-model.md;docs/decisions/0042-feed-process-and-material-state-axes.md,No reviewed grinding result or governed presentation-form assertion. No reviewed drying process or material-specific moisture evidence. No reviewed product-role evidence in this structural cohort.
AOM_000774,Selenium,Supplement,false,false,false,not_in_form_cohort,,not_in_moisture_cohort,,not_in_role_cohort,,docs/decisions/0041-feed-material-structural-model.md;docs/decisions/0042-feed-process-and-material-state-axes.md,No reviewed grinding result or governed presentation-form assertion. No reviewed drying process or material-specific moisture evidence. No reviewed product-role evidence in this structural cohort.
AOM_000776,Sulphur,Supplement,false,false,false,not_in_form_cohort,,not_in_moisture_cohort,,not_in_role_cohort,,docs/decisions/0041-feed-material-structural-model.md;docs/decisions/0042-feed-process-and-material-state-axes.md,No reviewed grinding result or governed presentation-form assertion. No reviewed drying process or material-specific moisture evidence. No reviewed product-role evidence in this structural cohort.
AOM_000777,Tricalcium Phosphate,Supplement,false,false,false,not_in_form_cohort,,not_in_moisture_cohort,,not_in_role_cohort,,docs/decisions/0041-feed-material-structural-model.md;docs/decisions/0042-feed-process-and-material-state-axes.md,No reviewed grinding result or governed presentation-form assertion. No reviewed drying process or material-specific moisture evidence. No reviewed product-role evidence in this structural cohort.
AOM_000778,Zinc,Supplement,false,false,false,not_in_form_cohort,,not_in_moisture_cohort,,not_in_role_cohort,,docs/decisions/0041-feed-material-structural-model.md;docs/decisions/0042-feed-process-and-material-state-axes.md,No reviewed grinding result or governed presentation-form assertion. No reviewed drying process or material-specific moisture evidence. No reviewed product-role evidence in this structural cohort.
AOM_000779,Unresolved mineral classifications,Supplement,false,false,false,not_in_form_cohort,,not_in_moisture_cohort,,not_in_role_cohort,,docs/decisions/0041-feed-material-structural-model.md;docs/decisions/0042-feed-process-and-material-state-axes.md,No reviewed grinding result or governed presentation-form assertion. No reviewed drying process or material-specific moisture evidence. No reviewed product-role evidence in this structural cohort.
AOM_000780,Lecithin,Other Ingredients,false,false,false,not_in_form_cohort,,not_in_moisture_cohort,,not_in_role_cohort,,docs/decisions/0041-feed-material-structural-model.md;docs/decisions/0042-feed-process-and-material-state-axes.md,No reviewed grinding result or governed presentation-form assertion. No reviewed drying process or material-specific moisture evidence. No reviewed product-role evidence in this structural cohort.
AOM_000781,Unresolved other-ingredient classifications,Other Ingredients,false,false,false,not_in_form_cohort,,not_in_moisture_cohort,,not_in_role_cohort,,docs/decisions/0041-feed-material-structural-model.md;docs/decisions/0042-feed-process-and-material-state-axes.md,No reviewed grinding result or governed presentation-form assertion. No reviewed drying process or material-specific moisture evidence. No reviewed product-role evidence in this structural cohort.
AOM_000782,Antitoxins,Other Ingredients,false,false,false,not_in_form_cohort,,not_in_moisture_cohort,,not_in_role_cohort,,docs/decisions/0041-feed-material-structural-model.md;docs/decisions/0042-feed-process-and-material-state-axes.md,No reviewed grinding result or governed presentation-form assertion. No reviewed drying process or material-specific moisture evidence. No reviewed product-role evidence in this structural cohort.
AOM_000783,Molasses & Urea Block,Other Ingredients,false,false,false,approved_existing_specific_form,Block form,not_in_moisture_cohort,,not_in_role_cohort,,docs/decisions/0041-feed-material-structural-model.md;docs/decisions/0042-feed-process-and-material-state-axes.md,Existing reviewed presentation-form assertion remains authoritative. No reviewed drying process or material-specific moisture evidence. No reviewed product-role evidence in this structural cohort.
AOM_000787,Choline Cloride,Supplement,false,false,false,not_in_form_cohort,,not_in_moisture_cohort,,not_in_role_cohort,,docs/decisions/0041-feed-material-structural-model.md;docs/decisions/0042-feed-process-and-material-state-axes.md,No reviewed grinding result or governed presentation-form assertion. No reviewed drying process or material-specific moisture evidence. No reviewed product-role evidence in this structural cohort.
AOM_000788,Vitamin B12,Supplement,false,false,false,not_in_form_cohort,,not_in_moisture_cohort,,not_in_role_cohort,,docs/decisions/0041-feed-material-structural-model.md;docs/decisions/0042-feed-process-and-material-state-axes.md,No reviewed grinding result or governed presentation-form assertion. No reviewed drying process or material-specific moisture evidence. No reviewed product-role evidence in this structural cohort.
AOM_000789,Vitamin C,Supplement,false,false,false,not_in_form_cohort,,not_in_moisture_cohort,,not_in_role_cohort,,docs/decisions/0041-feed-material-structural-model.md;docs/decisions/0042-feed-process-and-material-state-axes.md,No reviewed grinding result or governed presentation-form assertion. No reviewed drying process or material-specific moisture evidence. No reviewed product-role evidence in this structural cohort.
AOM_000790,Vitamin E,Supplement,false,false,false,not_in_form_cohort,,not_in_moisture_cohort,,not_in_role_cohort,,docs/decisions/0041-feed-material-structural-model.md;docs/decisions/0042-feed-process-and-material-state-axes.md,No reviewed grinding result or governed presentation-form assertion. No reviewed drying process or material-specific moisture evidence. No reviewed product-role evidence in this structural cohort.
AOM_000791,Vitamin Mix,Supplement,false,false,false,not_in_form_cohort,,not_in_moisture_cohort,,not_in_role_cohort,,docs/decisions/0041-feed-material-structural-model.md;docs/decisions/0042-feed-process-and-material-state-axes.md,No reviewed grinding result or governed presentation-form assertion. No reviewed drying process or material-specific moisture evidence. No reviewed product-role evidence in this structural cohort.
AOM_000793,Vitamin,Supplement,false,false,false,not_in_form_cohort,,not_in_moisture_cohort,,not_in_role_cohort,,docs/decisions/0041-feed-material-structural-model.md;docs/decisions/0042-feed-process-and-material-state-axes.md,No reviewed grinding result or governed presentation-form assertion. No reviewed drying process or material-specific moisture evidence. No reviewed product-role evidence in this structural cohort.
AOM_000794,Minerals and Vitamins Mix,Supplement,false,false,false,not_in_form_cohort,,not_in_moisture_cohort,,not_in_role_cohort,,docs/decisions/0041-feed-material-structural-model.md;docs/decisions/0042-feed-process-and-material-state-axes.md,No reviewed grinding result or governed presentation-form assertion. No reviewed drying process or material-specific moisture evidence. No reviewed product-role evidence in this structural cohort.
AOM_000795,Mineral and vitamin feed mixtures,Supplement,false,false,false,not_in_form_cohort,,not_in_moisture_cohort,,not_in_role_cohort,,docs/decisions/0041-feed-material-structural-model.md;docs/decisions/0042-feed-process-and-material-state-axes.md,No reviewed grinding result or governed presentation-form assertion. No reviewed drying process or material-specific moisture evidence. No reviewed product-role evidence in this structural cohort.
AOM_000798,Beef Survival Meal,Preformulated Feed,false,false,true,held_meal_without_process_evidence,,not_in_moisture_cohort,,not_in_role_cohort,,docs/decisions/0041-feed-material-structural-model.md;docs/decisions/0042-feed-process-and-material-state-axes.md,"Meal lexical evidence alone may identify a compound feed, material name, or processed form; no presentation-form assertion promoted. No reviewed drying process or material-specific moisture evidence. No reviewed product-role evidence in this structural cohort."
AOM_000799,Commercial Feed,Preformulated Feed,false,false,false,not_in_form_cohort,,not_in_moisture_cohort,,not_in_role_cohort,,docs/decisions/0041-feed-material-structural-model.md;docs/decisions/0042-feed-process-and-material-state-axes.md,No reviewed grinding result or governed presentation-form assertion. No reviewed drying process or material-specific moisture evidence. No reviewed product-role evidence in this structural cohort.
AOM_000800,Concentrate,Preformulated Feed,false,false,false,not_in_form_cohort,,not_in_moisture_cohort,,not_in_role_cohort,,docs/decisions/0041-feed-material-structural-model.md;docs/decisions/0042-feed-process-and-material-state-axes.md,No reviewed grinding result or governed presentation-form assertion. No reviewed drying process or material-specific moisture evidence. No reviewed product-role evidence in this structural cohort.
AOM_000801,Dairy Meal,Preformulated Feed,false,false,true,held_meal_without_process_evidence,,not_in_moisture_cohort,,not_in_role_cohort,,docs/decisions/0041-feed-material-structural-model.md;docs/decisions/0042-feed-process-and-material-state-axes.md,"Meal lexical evidence alone may identify a compound feed, material name, or processed form; no presentation-form assertion promoted. No reviewed drying process or material-specific moisture evidence. No reviewed product-role evidence in this structural cohort."
AOM_000803,Layer Concentrate,Preformulated Feed,false,false,false,not_in_form_cohort,,not_in_moisture_cohort,,not_in_role_cohort,,docs/decisions/0041-feed-material-structural-model.md;docs/decisions/0042-feed-process-and-material-state-axes.md,No reviewed grinding result or governed presentation-form assertion. No reviewed drying process or material-specific moisture evidence. No reviewed product-role evidence in this structural cohort.
AOM_000804,Total Mixed Ration,Preformulated Feed,false,false,false,not_in_form_cohort,,not_in_moisture_cohort,,not_in_role_cohort,,docs/decisions/0041-feed-material-structural-model.md;docs/decisions/0042-feed-process-and-material-state-axes.md,No reviewed grinding result or governed presentation-form assertion. No reviewed drying process or material-specific moisture evidence. No reviewed product-role evidence in this structural cohort.
AOM_000805,Imported Concentrate,Preformulated Feed,false,false,false,not_in_form_cohort,,not_in_moisture_cohort,,not_in_role_cohort,,docs/decisions/0041-feed-material-structural-model.md;docs/decisions/0042-feed-process-and-material-state-axes.md,No reviewed grinding result or governed presentation-form assertion. No reviewed drying process or material-specific moisture evidence. No reviewed product-role evidence in this structural cohort.
AOM_000807,Prebiotic,Prebiotic,false,false,false,not_in_form_cohort,,not_in_moisture_cohort,,not_in_role_cohort,,docs/decisions/0041-feed-material-structural-model.md;docs/decisions/0042-feed-process-and-material-state-axes.md,No reviewed grinding result or governed presentation-form assertion. No reviewed drying process or material-specific moisture evidence. No reviewed product-role evidence in this structural cohort.
AOM_000808,Fumaric Acid,Organic Acid,false,false,false,not_in_form_cohort,,not_in_moisture_cohort,,not_in_role_cohort,,docs/decisions/0041-feed-material-structural-model.md;docs/decisions/0042-feed-process-and-material-state-axes.md,No reviewed grinding result or governed presentation-form assertion. No reviewed drying process or material-specific moisture evidence. No reviewed product-role evidence in this structural cohort.
AOM_000809,Essential Fatty Acid,Essential Fatty Acid,false,false,false,not_in_form_cohort,,not_in_moisture_cohort,,not_in_role_cohort,,docs/decisions/0041-feed-material-structural-model.md;docs/decisions/0042-feed-process-and-material-state-axes.md,No reviewed grinding result or governed presentation-form assertion. No reviewed drying process or material-specific moisture evidence. No reviewed product-role evidence in this structural cohort.
AOM_000811,Herb or Extract,Herb or Extract,false,false,false,not_in_form_cohort,,not_in_moisture_cohort,,not_in_role_cohort,,docs/decisions/0041-feed-material-structural-model.md;docs/decisions/0042-feed-process-and-material-state-axes.md,No reviewed grinding result or governed presentation-form assertion. No reviewed drying process or material-specific moisture evidence. No reviewed product-role evidence in this structural cohort.
AOM_001066,Cobalt,Supplement,false,false,false,not_in_form_cohort,,not_in_moisture_cohort,,not_in_role_cohort,,docs/decisions/0041-feed-material-structural-model.md;docs/decisions/0042-feed-process-and-material-state-axes.md,No reviewed grinding result or governed presentation-form assertion. No reviewed drying process or material-specific moisture evidence. No reviewed product-role evidence in this structural cohort.
AOM_001067,Copper Sulfate Anhydrous,Supplement,false,false,false,not_in_form_cohort,,not_in_moisture_cohort,,not_in_role_cohort,,docs/decisions/0041-feed-material-structural-model.md;docs/decisions/0042-feed-process-and-material-state-axes.md,No reviewed grinding result or governed presentation-form assertion. No reviewed drying process or material-specific moisture evidence. No reviewed product-role evidence in this structural cohort.
AOM_001068,Pseudovitamin,Supplement,false,false,false,not_in_form_cohort,,not_in_moisture_cohort,,not_in_role_cohort,,docs/decisions/0041-feed-material-structural-model.md;docs/decisions/0042-feed-process-and-material-state-axes.md,No reviewed grinding result or governed presentation-form assertion. No reviewed drying process or material-specific moisture evidence. No reviewed product-role evidence in this structural cohort.
AOM_001069,Inositol,Supplement,false,false,false,not_in_form_cohort,,not_in_moisture_cohort,,not_in_role_cohort,,docs/decisions/0041-feed-material-structural-model.md;docs/decisions/0042-feed-process-and-material-state-axes.md,No reviewed grinding result or governed presentation-form assertion. No reviewed drying process or material-specific moisture evidence. No reviewed product-role evidence in this structural cohort.
AOM_001091,Anti-mycotoxin,Supplement,false,false,false,not_in_form_cohort,,not_in_moisture_cohort,,not_in_role_cohort,,docs/decisions/0041-feed-material-structural-model.md;docs/decisions/0042-feed-process-and-material-state-axes.md,No reviewed grinding result or governed presentation-form assertion. No reviewed drying process or material-specific moisture evidence. No reviewed product-role evidence in this structural cohort.
AOM_001094,Chicken Manure Dried,Animal Manures,false,true,false,not_in_form_cohort,,approved_dried_from_process,Dried moisture condition,not_in_role_cohort,,docs/decisions/0041-feed-material-structural-model.md;docs/decisions/0042-feed-process-and-material-state-axes.md,No reviewed grinding result or governed presentation-form assertion. Approved Drying process supports dried moisture condition without implying one presentation form. No reviewed product-role evidence in this structural cohort.
AOM_001095,Cattle Manure,Animal Manures,false,false,false,not_in_form_cohort,,not_in_moisture_cohort,,not_in_role_cohort,,docs/decisions/0041-feed-material-structural-model.md;docs/decisions/0042-feed-process-and-material-state-axes.md,No reviewed grinding result or governed presentation-form assertion. No reviewed drying process or material-specific moisture evidence. No reviewed product-role evidence in this structural cohort.
AOM_001096,Chicken Ground,Animal,true,false,true,approved_comminuted_form,Comminuted particle form,not_in_moisture_cohort,,not_in_role_cohort,,docs/decisions/0041-feed-material-structural-model.md;docs/decisions/0042-feed-process-and-material-state-axes.md,"Approved Grinding process supports broad comminuted-particle presentation; bulk consistency, moisture, particle size, and meal/powder subtype remain unspecified. No reviewed drying process or material-specific moisture evidence. No reviewed product-role evidence in this structural cohort."
AOM_001097,Pig Manure,Animal Manures,false,false,false,not_in_form_cohort,,not_in_moisture_cohort,,not_in_role_cohort,,docs/decisions/0041-feed-material-structural-model.md;docs/decisions/0042-feed-process-and-material-state-axes.md,No reviewed grinding result or governed presentation-form assertion. No reviewed drying process or material-specific moisture evidence. No reviewed product-role evidence in this structural cohort.
AOM_001098,Fish Boiled Ground,Animal,true,false,true,approved_comminuted_form,Comminuted particle form,not_in_moisture_cohort,,not_in_role_cohort,,docs/decisions/0041-feed-material-structural-model.md;docs/decisions/0042-feed-process-and-material-state-axes.md,"Approved Grinding process supports broad comminuted-particle presentation; bulk consistency, moisture, particle size, and meal/powder subtype remain unspecified. No reviewed drying process or material-specific moisture evidence. No reviewed product-role evidence in this structural cohort."
AOM_001099,Feather Ground,Animal Byproduct,true,false,true,approved_comminuted_form,Comminuted particle form,not_in_moisture_cohort,,approved_branch_to_role_translation,By-product role,docs/decisions/0041-feed-material-structural-model.md;docs/decisions/0042-feed-process-and-material-state-axes.md,"Approved Grinding process supports broad comminuted-particle presentation; bulk consistency, moisture, particle size, and meal/powder subtype remain unspecified. No reviewed drying process or material-specific moisture evidence. Canonical legacy by-product branch classification translated to explicit productRole; compatibility hierarchy retained."
AOM_001100,Fish Ground Roasted,Animal,true,false,true,approved_comminuted_form,Comminuted particle form,not_in_moisture_cohort,,not_in_role_cohort,,docs/decisions/0041-feed-material-structural-model.md;docs/decisions/0042-feed-process-and-material-state-axes.md,"Approved Grinding process supports broad comminuted-particle presentation; bulk consistency, moisture, particle size, and meal/powder subtype remain unspecified. No reviewed drying process or material-specific moisture evidence. No reviewed product-role evidence in this structural cohort."
AOM_001101,Fish Dried Ground,Animal,true,true,true,approved_comminuted_form,Comminuted particle form,approved_dried_from_process,Dried moisture condition,not_in_role_cohort,,docs/decisions/0041-feed-material-structural-model.md;docs/decisions/0042-feed-process-and-material-state-axes.md,"Approved Grinding process supports broad comminuted-particle presentation; bulk consistency, moisture, particle size, and meal/powder subtype remain unspecified. Approved Drying process supports dried moisture condition without implying one presentation form. No reviewed product-role evidence in this structural cohort."
AOM_001103,Fish Dried,Animal,false,true,false,not_in_form_cohort,,approved_dried_from_process,Dried moisture condition,not_in_role_cohort,,docs/decisions/0041-feed-material-structural-model.md;docs/decisions/0042-feed-process-and-material-state-axes.md,No reviewed grinding result or governed presentation-form assertion. Approved Drying process supports dried moisture condition without implying one presentation form. No reviewed product-role evidence in this structural cohort.
AOM_001104,Fish Processing Waste Dried,Animal Byproduct,false,true,false,not_in_form_cohort,,approved_dried_from_process,Dried moisture condition,approved_branch_to_role_translation,By-product role,docs/decisions/0041-feed-material-structural-model.md;docs/decisions/0042-feed-process-and-material-state-axes.md,No reviewed grinding result or governed presentation-form assertion. Approved Drying process supports dried moisture condition without implying one presentation form. Canonical legacy by-product branch classification translated to explicit productRole; compatibility hierarchy retained.
AOM_001105,Lake Shells,Animal Byproduct,false,false,false,not_in_form_cohort,,not_in_moisture_cohort,,approved_branch_to_role_translation,By-product role,docs/decisions/0041-feed-material-structural-model.md;docs/decisions/0042-feed-process-and-material-state-axes.md,No reviewed grinding result or governed presentation-form assertion. No reviewed drying process or material-specific moisture evidence. Canonical legacy by-product branch classification translated to explicit productRole; compatibility hierarchy retained.
AOM_001106,Meat and Bone,Animal Byproduct,false,false,false,not_in_form_cohort,,not_in_moisture_cohort,,approved_branch_to_role_translation,By-product role,docs/decisions/0041-feed-material-structural-model.md;docs/decisions/0042-feed-process-and-material-state-axes.md,No reviewed grinding result or governed presentation-form assertion. No reviewed drying process or material-specific moisture evidence. Canonical legacy by-product branch classification translated to explicit productRole; compatibility hierarchy retained.
AOM_001107,Meat and Bone Ground,Animal Byproduct,true,false,true,approved_comminuted_form,Comminuted particle form,not_in_moisture_cohort,,approved_branch_to_role_translation,By-product role,docs/decisions/0041-feed-material-structural-model.md;docs/decisions/0042-feed-process-and-material-state-axes.md,"Approved Grinding process supports broad comminuted-particle presentation; bulk consistency, moisture, particle size, and meal/powder subtype remain unspecified. No reviewed drying process or material-specific moisture evidence. Canonical legacy by-product branch classification translated to explicit productRole; compatibility hierarchy retained."
AOM_001108,Oryctes rhinoceros Ground,Animal,true,false,true,approved_comminuted_form,Comminuted particle form,not_in_moisture_cohort,,not_in_role_cohort,,docs/decisions/0041-feed-material-structural-model.md;docs/decisions/0042-feed-process-and-material-state-axes.md,"Approved Grinding process supports broad comminuted-particle presentation; bulk consistency, moisture, particle size, and meal/powder subtype remain unspecified. No reviewed drying process or material-specific moisture evidence. No reviewed product-role evidence in this structural cohort."
AOM_001109,Poultry Litter Dried,Animal Manures,false,true,false,not_in_form_cohort,,approved_dried_from_process,Dried moisture condition,not_in_role_cohort,,docs/decisions/0041-feed-material-structural-model.md;docs/decisions/0042-feed-process-and-material-state-axes.md,No reviewed grinding result or governed presentation-form assertion. Approved Drying process supports dried moisture condition without implying one presentation form. No reviewed product-role evidence in this structural cohort.
AOM_001110,Rastrineobola argentea,Animal,false,false,false,not_in_form_cohort,,not_in_moisture_cohort,,not_in_role_cohort,,docs/decisions/0041-feed-material-structural-model.md;docs/decisions/0042-feed-process-and-material-state-axes.md,No reviewed grinding result or governed presentation-form assertion. No reviewed drying process or material-specific moisture evidence. No reviewed product-role evidence in this structural cohort.
AOM_001111,Termite Ground,Animal,true,false,true,approved_comminuted_form,Comminuted particle form,not_in_moisture_cohort,,not_in_role_cohort,,docs/decisions/0041-feed-material-structural-model.md;docs/decisions/0042-feed-process-and-material-state-axes.md,"Approved Grinding process supports broad comminuted-particle presentation; bulk consistency, moisture, particle size, and meal/powder subtype remain unspecified. No reviewed drying process or material-specific moisture evidence. No reviewed product-role evidence in this structural cohort."
AOM_001112,Shrimp Ground,Animal,true,false,true,approved_comminuted_form,Comminuted particle form,not_in_moisture_cohort,,not_in_role_cohort,,docs/decisions/0041-feed-material-structural-model.md;docs/decisions/0042-feed-process-and-material-state-axes.md,"Approved Grinding process supports broad comminuted-particle presentation; bulk consistency, moisture, particle size, and meal/powder subtype remain unspecified. No reviewed drying process or material-specific moisture evidence. No reviewed product-role evidence in this structural cohort."
AOM_001113,Giant Snail Ground,Animal,true,false,true,approved_comminuted_form,Comminuted particle form,not_in_moisture_cohort,,not_in_role_cohort,,docs/decisions/0041-feed-material-structural-model.md;docs/decisions/0042-feed-process-and-material-state-axes.md,"Approved Grinding process supports broad comminuted-particle presentation; bulk consistency, moisture, particle size, and meal/powder subtype remain unspecified. No reviewed drying process or material-specific moisture evidence. No reviewed product-role evidence in this structural cohort."
AOM_001114,Mollusk,Animal,false,false,false,not_in_form_cohort,,not_in_moisture_cohort,,not_in_role_cohort,,docs/decisions/0041-feed-material-structural-model.md;docs/decisions/0042-feed-process-and-material-state-axes.md,No reviewed grinding result or governed presentation-form assertion. No reviewed drying process or material-specific moisture evidence. No reviewed product-role evidence in this structural cohort.
AOM_001115,Trout,Animal,false,false,false,not_in_form_cohort,,not_in_moisture_cohort,,not_in_role_cohort,,docs/decisions/0041-feed-material-structural-model.md;docs/decisions/0042-feed-process-and-material-state-axes.md,No reviewed grinding result or governed presentation-form assertion. No reviewed drying process or material-specific moisture evidence. No reviewed product-role evidence in this structural cohort.
AOM_001116,Tuna Waste Ground,Animal,true,false,true,approved_comminuted_form,Comminuted particle form,not_in_moisture_cohort,,not_in_role_cohort,,docs/decisions/0041-feed-material-structural-model.md;docs/decisions/0042-feed-process-and-material-state-axes.md,"Approved Grinding process supports broad comminuted-particle presentation; bulk consistency, moisture, particle size, and meal/powder subtype remain unspecified. No reviewed drying process or material-specific moisture evidence. No reviewed product-role evidence in this structural cohort."
AOM_001117,Blue Lupin Dried,Crop Product,false,true,false,not_in_form_cohort,,approved_dried_from_process,Dried moisture condition,not_in_role_cohort,,docs/decisions/0041-feed-material-structural-model.md;docs/decisions/0042-feed-process-and-material-state-axes.md,No reviewed grinding result or governed presentation-form assertion. Approved Drying process supports dried moisture condition without implying one presentation form. No reviewed product-role evidence in this structural cohort.
AOM_001118,Acacia cyanophylla,Forage Plants,false,false,false,not_in_form_cohort,,not_in_moisture_cohort,,not_in_role_cohort,,docs/decisions/0041-feed-material-structural-model.md;docs/decisions/0042-feed-process-and-material-state-axes.md,No reviewed grinding result or governed presentation-form assertion. No reviewed drying process or material-specific moisture evidence. No reviewed product-role evidence in this structural cohort.
AOM_001119,Acacia saligna,Forage Plants,false,false,false,not_in_form_cohort,,not_in_moisture_cohort,,not_in_role_cohort,,docs/decisions/0041-feed-material-structural-model.md;docs/decisions/0042-feed-process-and-material-state-axes.md,No reviewed grinding result or governed presentation-form assertion. No reviewed drying process or material-specific moisture evidence. No reviewed product-role evidence in this structural cohort.
AOM_001120,Acacia saligna Leaves and Soft Twig,Forage Plants,false,false,false,not_in_form_cohort,,not_in_moisture_cohort,,not_in_role_cohort,,docs/decisions/0041-feed-material-structural-model.md;docs/decisions/0042-feed-process-and-material-state-axes.md,No reviewed grinding result or governed presentation-form assertion. No reviewed drying process or material-specific moisture evidence. No reviewed product-role evidence in this structural cohort.
AOM_001121,Acacia senegal,Forage Plants,false,false,false,not_in_form_cohort,,not_in_moisture_cohort,,not_in_role_cohort,,docs/decisions/0041-feed-material-structural-model.md;docs/decisions/0042-feed-process-and-material-state-axes.md,No reviewed grinding result or governed presentation-form assertion. No reviewed drying process or material-specific moisture evidence. No reviewed product-role evidence in this structural cohort.
AOM_001122,Acacia senegal Pods,Forage Plants,false,false,false,not_in_form_cohort,,not_in_moisture_cohort,,not_in_role_cohort,,docs/decisions/0041-feed-material-structural-model.md;docs/decisions/0042-feed-process-and-material-state-axes.md,No reviewed grinding result or governed presentation-form assertion. No reviewed drying process or material-specific moisture evidence. No reviewed product-role evidence in this structural cohort.
AOM_001123,Acacia senegal Leaves,Forage Plants,false,false,false,not_in_form_cohort,,not_in_moisture_cohort,,not_in_role_cohort,,docs/decisions/0041-feed-material-structural-model.md;docs/decisions/0042-feed-process-and-material-state-axes.md,No reviewed grinding result or governed presentation-form assertion. No reviewed drying process or material-specific moisture evidence. No reviewed product-role evidence in this structural cohort.
AOM_001125,Acacia tortilis Leaves,Forage Plants,false,false,false,not_in_form_cohort,,not_in_moisture_cohort,,not_in_role_cohort,,docs/decisions/0041-feed-material-structural-model.md;docs/decisions/0042-feed-process-and-material-state-axes.md,No reviewed grinding result or governed presentation-form assertion. No reviewed drying process or material-specific moisture evidence. No reviewed product-role evidence in this structural cohort.
AOM_001126,Afzelia africana,Forage Plants,false,false,false,not_in_form_cohort,,not_in_moisture_cohort,,not_in_role_cohort,,docs/decisions/0041-feed-material-structural-model.md;docs/decisions/0042-feed-process-and-material-state-axes.md,No reviewed grinding result or governed presentation-form assertion. No reviewed drying process or material-specific moisture evidence. No reviewed product-role evidence in this structural cohort.
AOM_001127,Afzelia africana Leaves Wilted,Forage Plants,false,false,false,not_in_form_cohort,,not_in_moisture_cohort,,not_in_role_cohort,,docs/decisions/0041-feed-material-structural-model.md;docs/decisions/0042-feed-process-and-material-state-axes.md,No reviewed grinding result or governed presentation-form assertion. No reviewed drying process or material-specific moisture evidence. No reviewed product-role evidence in this structural cohort.
AOM_001128,Annona senegalensis,Forage Plants,false,false,false,not_in_form_cohort,,not_in_moisture_cohort,,not_in_role_cohort,,docs/decisions/0041-feed-material-structural-model.md;docs/decisions/0042-feed-process-and-material-state-axes.md,No reviewed grinding result or governed presentation-form assertion. No reviewed drying process or material-specific moisture evidence. No reviewed product-role evidence in this structural cohort.
AOM_001129,Annona senegalensis Leaves,Forage Plants,false,false,false,not_in_form_cohort,,not_in_moisture_cohort,,not_in_role_cohort,,docs/decisions/0041-feed-material-structural-model.md;docs/decisions/0042-feed-process-and-material-state-axes.md,No reviewed grinding result or governed presentation-form assertion. No reviewed drying process or material-specific moisture evidence. No reviewed product-role evidence in this structural cohort.
AOM_001131,Azadirachta indica,Forage Plants,false,false,false,not_in_form_cohort,,not_in_moisture_cohort,,not_in_role_cohort,,docs/decisions/0041-feed-material-structural-model.md;docs/decisions/0042-feed-process-and-material-state-axes.md,No reviewed grinding result or governed presentation-form assertion. No reviewed drying process or material-specific moisture evidence. No reviewed product-role evidence in this structural cohort.
AOM_001132,Azadirachta indica Leaves,Forage Plants,false,false,false,not_in_form_cohort,,not_in_moisture_cohort,,not_in_role_cohort,,docs/decisions/0041-feed-material-structural-model.md;docs/decisions/0042-feed-process-and-material-state-axes.md,No reviewed grinding result or governed presentation-form assertion. No reviewed drying process or material-specific moisture evidence. No reviewed product-role evidence in this structural cohort.
AOM_001133,Calliandra calothyrsus,Forage Plants,false,false,false,not_in_form_cohort,,not_in_moisture_cohort,,not_in_role_cohort,,docs/decisions/0041-feed-material-structural-model.md;docs/decisions/0042-feed-process-and-material-state-axes.md,No reviewed grinding result or governed presentation-form assertion. No reviewed drying process or material-specific moisture evidence. No reviewed product-role evidence in this structural cohort.
AOM_001134,Calliandra calothyrsus Leaves,Forage Plants,false,false,false,not_in_form_cohort,,not_in_moisture_cohort,,not_in_role_cohort,,docs/decisions/0041-feed-material-structural-model.md;docs/decisions/0042-feed-process-and-material-state-axes.md,No reviewed grinding result or governed presentation-form assertion. No reviewed drying process or material-specific moisture evidence. No reviewed product-role evidence in this structural cohort.
AOM_001135,Calycotome villosa,Forage Plants,false,false,false,not_in_form_cohort,,not_in_moisture_cohort,,not_in_role_cohort,,docs/decisions/0041-feed-material-structural-model.md;docs/decisions/0042-feed-process-and-material-state-axes.md,No reviewed grinding result or governed presentation-form assertion. No reviewed drying process or material-specific moisture evidence. No reviewed product-role evidence in this structural cohort.
AOM_001136,Carissa edulis,Forage Plants,false,false,false,not_in_form_cohort,,not_in_moisture_cohort,,not_in_role_cohort,,docs/decisions/0041-feed-material-structural-model.md;docs/decisions/0042-feed-process-and-material-state-axes.md,No reviewed grinding result or governed presentation-form assertion. No reviewed drying process or material-specific moisture evidence. No reviewed product-role evidence in this structural cohort.
AOM_001137,Chamaecytisus palmensis,Forage Plants,false,false,false,not_in_form_cohort,,not_in_moisture_cohort,,not_in_role_cohort,,docs/decisions/0041-feed-material-structural-model.md;docs/decisions/0042-feed-process-and-material-state-axes.md,No reviewed grinding result or governed presentation-form assertion. No reviewed drying process or material-specific moisture evidence. No reviewed product-role evidence in this structural cohort.
AOM_001138,Combretum apiculatum,Forage Plants,false,false,false,not_in_form_cohort,,not_in_moisture_cohort,,not_in_role_cohort,,docs/decisions/0041-feed-material-structural-model.md;docs/decisions/0042-feed-process-and-material-state-axes.md,No reviewed grinding result or governed presentation-form assertion. No reviewed drying process or material-specific moisture evidence. No reviewed product-role evidence in this structural cohort.
AOM_001139,Daniellia oliveri,Forage Plants,false,false,false,not_in_form_cohort,,not_in_moisture_cohort,,not_in_role_cohort,,docs/decisions/0041-feed-material-structural-model.md;docs/decisions/0042-feed-process-and-material-state-axes.md,No reviewed grinding result or governed presentation-form assertion. No reviewed drying process or material-specific moisture evidence. No reviewed product-role evidence in this structural cohort.
AOM_001140,Daniellia oliveri Leaves,Forage Plants,false,false,false,not_in_form_cohort,,not_in_moisture_cohort,,not_in_role_cohort,,docs/decisions/0041-feed-material-structural-model.md;docs/decisions/0042-feed-process-and-material-state-axes.md,No reviewed grinding result or governed presentation-form assertion. No reviewed drying process or material-specific moisture evidence. No reviewed product-role evidence in this structural cohort.
AOM_001141,Dichrostachys cinerea,Forage Plants,false,false,false,not_in_form_cohort,,not_in_moisture_cohort,,not_in_role_cohort,,docs/decisions/0041-feed-material-structural-model.md;docs/decisions/0042-feed-process-and-material-state-axes.md,No reviewed grinding result or governed presentation-form assertion. No reviewed drying process or material-specific moisture evidence. No reviewed product-role evidence in this structural cohort.
AOM_001142,Erythrina brucei,Forage Plants,false,false,false,not_in_form_cohort,,not_in_moisture_cohort,,not_in_role_cohort,,docs/decisions/0041-feed-material-structural-model.md;docs/decisions/0042-feed-process-and-material-state-axes.md,No reviewed grinding result or governed presentation-form assertion. No reviewed drying process or material-specific moisture evidence. No reviewed product-role evidence in this structural cohort.
AOM_001143,Erythrina brucei Leaves,Forage Plants,false,false,false,not_in_form_cohort,,not_in_moisture_cohort,,not_in_role_cohort,,docs/decisions/0041-feed-material-structural-model.md;docs/decisions/0042-feed-process-and-material-state-axes.md,No reviewed grinding result or governed presentation-form assertion. No reviewed drying process or material-specific moisture evidence. No reviewed product-role evidence in this structural cohort.
AOM_001144,Euclea schimperi,Forage Plants,false,false,false,not_in_form_cohort,,not_in_moisture_cohort,,not_in_role_cohort,,docs/decisions/0041-feed-material-structural-model.md;docs/decisions/0042-feed-process-and-material-state-axes.md,No reviewed grinding result or governed presentation-form assertion. No reviewed drying process or material-specific moisture evidence. No reviewed product-role evidence in this structural cohort.
AOM_001145,Faidherbia albida,Forage Plants,false,false,false,not_in_form_cohort,,not_in_moisture_cohort,,not_in_role_cohort,,docs/decisions/0041-feed-material-structural-model.md;docs/decisions/0042-feed-process-and-material-state-axes.md,No reviewed grinding result or governed presentation-form assertion. No reviewed drying process or material-specific moisture evidence. No reviewed product-role evidence in this structural cohort.
AOM_001146,Poultry Litter,Animal Manures,false,false,false,not_in_form_cohort,,not_in_moisture_cohort,,not_in_role_cohort,,docs/decisions/0041-feed-material-structural-model.md;docs/decisions/0042-feed-process-and-material-state-axes.md,No reviewed grinding result or governed presentation-form assertion. No reviewed drying process or material-specific moisture evidence. No reviewed product-role evidence in this structural cohort.
AOM_001147,Ficus thonningii,Forage Plants,false,false,false,not_in_form_cohort,,not_in_moisture_cohort,,not_in_role_cohort,,docs/decisions/0041-feed-material-structural-model.md;docs/decisions/0042-feed-process-and-material-state-axes.md,No reviewed grinding result or governed presentation-form assertion. No reviewed drying process or material-specific moisture evidence. No reviewed product-role evidence in this structural cohort.
AOM_001148,Ficus thonningii Leaves,Forage Plants,false,false,false,not_in_form_cohort,,not_in_moisture_cohort,,not_in_role_cohort,,docs/decisions/0041-feed-material-structural-model.md;docs/decisions/0042-feed-process-and-material-state-axes.md,No reviewed grinding result or governed presentation-form assertion. No reviewed drying process or material-specific moisture evidence. No reviewed product-role evidence in this structural cohort.
AOM_001149,Gliricidia sepium,Forage Plants,false,false,false,not_in_form_cohort,,not_in_moisture_cohort,,not_in_role_cohort,,docs/decisions/0041-feed-material-structural-model.md;docs/decisions/0042-feed-process-and-material-state-axes.md,No reviewed grinding result or governed presentation-form assertion. No reviewed drying process or material-specific moisture evidence. No reviewed product-role evidence in this structural cohort.
AOM_001150,Gliricidia sepium Leaves and Soft Twig,Forage Plants,false,false,false,not_in_form_cohort,,not_in_moisture_cohort,,not_in_role_cohort,,docs/decisions/0041-feed-material-structural-model.md;docs/decisions/0042-feed-process-and-material-state-axes.md,No reviewed grinding result or governed presentation-form assertion. No reviewed drying process or material-specific moisture evidence. No reviewed product-role evidence in this structural cohort.
AOM_001151,Gmelina arborea,Forage Plants,false,false,false,not_in_form_cohort,,not_in_moisture_cohort,,not_in_role_cohort,,docs/decisions/0041-feed-material-structural-model.md;docs/decisions/0042-feed-process-and-material-state-axes.md,No reviewed grinding result or governed presentation-form assertion. No reviewed drying process or material-specific moisture evidence. No reviewed product-role evidence in this structural cohort.
AOM_001152,Moringa oleifera,Forage Plants,false,false,false,not_in_form_cohort,,not_in_moisture_cohort,,not_in_role_cohort,,docs/decisions/0041-feed-material-structural-model.md;docs/decisions/0042-feed-process-and-material-state-axes.md,No reviewed grinding result or governed presentation-form assertion. No reviewed drying process or material-specific moisture evidence. No reviewed product-role evidence in this structural cohort.
AOM_001153,Hoodia gordonii,Forage Plants,false,false,false,not_in_form_cohort,,not_in_moisture_cohort,,not_in_role_cohort,,docs/decisions/0041-feed-material-structural-model.md;docs/decisions/0042-feed-process-and-material-state-axes.md,No reviewed grinding result or governed presentation-form assertion. No reviewed drying process or material-specific moisture evidence. No reviewed product-role evidence in this structural cohort.
AOM_001154,Jatropha curcas Kernel,Forage Plants,false,false,false,not_in_form_cohort,,not_in_moisture_cohort,,not_in_role_cohort,,docs/decisions/0041-feed-material-structural-model.md;docs/decisions/0042-feed-process-and-material-state-axes.md,No reviewed grinding result or governed presentation-form assertion. No reviewed drying process or material-specific moisture evidence. No reviewed product-role evidence in this structural cohort.
AOM_001155,Jatropha curcas Kernel Ground,Forage Plants,true,false,true,approved_comminuted_form,Comminuted particle form,not_in_moisture_cohort,,not_in_role_cohort,,docs/decisions/0041-feed-material-structural-model.md;docs/decisions/0042-feed-process-and-material-state-axes.md,"Approved Grinding process supports broad comminuted-particle presentation; bulk consistency, moisture, particle size, and meal/powder subtype remain unspecified. No reviewed drying process or material-specific moisture evidence. No reviewed product-role evidence in this structural cohort."
AOM_001156,Jatropha curcas Seed,Forage Plants,false,false,false,not_in_form_cohort,,not_in_moisture_cohort,,not_in_role_cohort,,docs/decisions/0041-feed-material-structural-model.md;docs/decisions/0042-feed-process-and-material-state-axes.md,No reviewed grinding result or governed presentation-form assertion. No reviewed drying process or material-specific moisture evidence. No reviewed product-role evidence in this structural cohort.
AOM_001157,Jatropha curcas Seed Ground,Forage Plants,true,false,true,approved_comminuted_form,Comminuted particle form,not_in_moisture_cohort,,not_in_role_cohort,,docs/decisions/0041-feed-material-structural-model.md;docs/decisions/0042-feed-process-and-material-state-axes.md,"Approved Grinding process supports broad comminuted-particle presentation; bulk consistency, moisture, particle size, and meal/powder subtype remain unspecified. No reviewed drying process or material-specific moisture evidence. No reviewed product-role evidence in this structural cohort."
AOM_001158,Khaya senegalensis Dried,Forage Plants,false,true,false,not_in_form_cohort,,approved_dried_from_process,Dried moisture condition,not_in_role_cohort,,docs/decisions/0041-feed-material-structural-model.md;docs/decisions/0042-feed-process-and-material-state-axes.md,No reviewed grinding result or governed presentation-form assertion. Approved Drying process supports dried moisture condition without implying one presentation form. No reviewed product-role evidence in this structural cohort.
AOM_001164,Mucuna pruriens Seed,Forage Plants,false,false,false,not_in_form_cohort,,not_in_moisture_cohort,,not_in_role_cohort,,docs/decisions/0041-feed-material-structural-model.md;docs/decisions/0042-feed-process-and-material-state-axes.md,No reviewed grinding result or governed presentation-form assertion. No reviewed drying process or material-specific moisture evidence. No reviewed product-role evidence in this structural cohort.
AOM_001166,Opuntia ficus indica,Forage Plants,false,false,false,not_in_form_cohort,,not_in_moisture_cohort,,not_in_role_cohort,,docs/decisions/0041-feed-material-structural-model.md;docs/decisions/0042-feed-process-and-material-state-axes.md,No reviewed grinding result or governed presentation-form assertion. No reviewed drying process or material-specific moisture evidence. No reviewed product-role evidence in this structural cohort.
AOM_001167,Opuntia ficus indica Juice,Forage Plants,false,false,false,not_in_form_cohort,,not_in_moisture_cohort,,not_in_role_cohort,,docs/decisions/0041-feed-material-structural-model.md;docs/decisions/0042-feed-process-and-material-state-axes.md,No reviewed grinding result or governed presentation-form assertion. No reviewed drying process or material-specific moisture evidence. No reviewed product-role evidence in this structural cohort.
AOM_001168,Opuntia ficus indica Ground,Forage Plants,true,false,true,approved_comminuted_form,Comminuted particle form,not_in_moisture_cohort,,not_in_role_cohort,,docs/decisions/0041-feed-material-structural-model.md;docs/decisions/0042-feed-process-and-material-state-axes.md,"Approved Grinding process supports broad comminuted-particle presentation; bulk consistency, moisture, particle size, and meal/powder subtype remain unspecified. No reviewed drying process or material-specific moisture evidence. No reviewed product-role evidence in this structural cohort."
AOM_001169,Pithecellobium dulce,Forage Plants,false,false,false,not_in_form_cohort,,not_in_moisture_cohort,,not_in_role_cohort,,docs/decisions/0041-feed-material-structural-model.md;docs/decisions/0042-feed-process-and-material-state-axes.md,No reviewed grinding result or governed presentation-form assertion. No reviewed drying process or material-specific moisture evidence. No reviewed product-role evidence in this structural cohort.
AOM_001170,Pithecellobium dulce Leaves,Forage Plants,false,false,false,not_in_form_cohort,,not_in_moisture_cohort,,not_in_role_cohort,,docs/decisions/0041-feed-material-structural-model.md;docs/decisions/0042-feed-process-and-material-state-axes.md,No reviewed grinding result or governed presentation-form assertion. No reviewed drying process or material-specific moisture evidence. No reviewed product-role evidence in this structural cohort.
AOM_001171,Prosopis africana,Forage Plants,false,false,false,not_in_form_cohort,,not_in_moisture_cohort,,not_in_role_cohort,,docs/decisions/0041-feed-material-structural-model.md;docs/decisions/0042-feed-process-and-material-state-axes.md,No reviewed grinding result or governed presentation-form assertion. No reviewed drying process or material-specific moisture evidence. No reviewed product-role evidence in this structural cohort.
AOM_001174,Sesbania goetzei,Forage Plants,false,false,false,not_in_form_cohort,,not_in_moisture_cohort,,not_in_role_cohort,,docs/decisions/0041-feed-material-structural-model.md;docs/decisions/0042-feed-process-and-material-state-axes.md,No reviewed grinding result or governed presentation-form assertion. No reviewed drying process or material-specific moisture evidence. No reviewed product-role evidence in this structural cohort.
AOM_001175,Unspecified Indigenous Trees,Forage Plants,false,false,false,not_in_form_cohort,,not_in_moisture_cohort,,not_in_role_cohort,,docs/decisions/0041-feed-material-structural-model.md;docs/decisions/0042-feed-process-and-material-state-axes.md,No reviewed grinding result or governed presentation-form assertion. No reviewed drying process or material-specific moisture evidence. No reviewed product-role evidence in this structural cohort.
AOM_001176,Banana Peel,Crop Byproduct,false,false,false,not_in_form_cohort,,not_in_moisture_cohort,,approved_branch_to_role_translation,By-product role,docs/decisions/0041-feed-material-structural-model.md;docs/decisions/0042-feed-process-and-material-state-axes.md,No reviewed grinding result or governed presentation-form assertion. No reviewed drying process or material-specific moisture evidence. Canonical legacy by-product branch classification translated to explicit productRole; compatibility hierarchy retained.
AOM_001177,Banana Pseudo-stem,Crop Byproduct,false,false,false,not_in_form_cohort,,not_in_moisture_cohort,,approved_branch_to_role_translation,By-product role,docs/decisions/0041-feed-material-structural-model.md;docs/decisions/0042-feed-process-and-material-state-axes.md,No reviewed grinding result or governed presentation-form assertion. No reviewed drying process or material-specific moisture evidence. Canonical legacy by-product branch classification translated to explicit productRole; compatibility hierarchy retained.
AOM_001178,Barley Dried,Crop Byproduct,false,true,false,not_in_form_cohort,,approved_dried_from_process,Dried moisture condition,approved_branch_to_role_translation,By-product role,docs/decisions/0041-feed-material-structural-model.md;docs/decisions/0042-feed-process-and-material-state-axes.md,No reviewed grinding result or governed presentation-form assertion. Approved Drying process supports dried moisture condition without implying one presentation form. Canonical legacy by-product branch classification translated to explicit productRole; compatibility hierarchy retained.
AOM_001179,Common Bean Straw,Crop Byproduct,false,false,false,not_in_form_cohort,,not_in_moisture_cohort,,approved_branch_to_role_translation,By-product role,docs/decisions/0041-feed-material-structural-model.md;docs/decisions/0042-feed-process-and-material-state-axes.md,No reviewed grinding result or governed presentation-form assertion. No reviewed drying process or material-specific moisture evidence. Canonical legacy by-product branch classification translated to explicit productRole; compatibility hierarchy retained.
AOM_001180,Common Bean Tops,Crop Byproduct,false,false,false,not_in_form_cohort,,not_in_moisture_cohort,,approved_branch_to_role_translation,By-product role,docs/decisions/0041-feed-material-structural-model.md;docs/decisions/0042-feed-process-and-material-state-axes.md,No reviewed grinding result or governed presentation-form assertion. No reviewed drying process or material-specific moisture evidence. Canonical legacy by-product branch classification translated to explicit productRole; compatibility hierarchy retained.
AOM_001181,Chickpea Haulm,Crop Byproduct,false,false,false,not_in_form_cohort,,not_in_moisture_cohort,,approved_existing_role,Crop-residue role,docs/decisions/0041-feed-material-structural-model.md;docs/decisions/0042-feed-process-and-material-state-axes.md,No reviewed grinding result or governed presentation-form assertion. No reviewed drying process or material-specific moisture evidence. Existing reviewed product-role assertion remains authoritative.
AOM_001183,Cocoa Pods Husk,Crop Byproduct,false,false,false,not_in_form_cohort,,not_in_moisture_cohort,,approved_branch_to_role_translation,By-product role,docs/decisions/0041-feed-material-structural-model.md;docs/decisions/0042-feed-process-and-material-state-axes.md,No reviewed grinding result or governed presentation-form assertion. No reviewed drying process or material-specific moisture evidence. Canonical legacy by-product branch classification translated to explicit productRole; compatibility hierarchy retained.
AOM_001184,Cocoa Pods Husk Ground,Crop Byproduct,true,false,true,approved_comminuted_form,Comminuted particle form,not_in_moisture_cohort,,approved_branch_to_role_translation,By-product role,docs/decisions/0041-feed-material-structural-model.md;docs/decisions/0042-feed-process-and-material-state-axes.md,"Approved Grinding process supports broad comminuted-particle presentation; bulk consistency, moisture, particle size, and meal/powder subtype remain unspecified. No reviewed drying process or material-specific moisture evidence. Canonical legacy by-product branch classification translated to explicit productRole; compatibility hierarchy retained."
AOM_001185,Linseed,Crop Product,false,false,false,not_in_form_cohort,,not_in_moisture_cohort,,not_in_role_cohort,,docs/decisions/0041-feed-material-structural-model.md;docs/decisions/0042-feed-process-and-material-state-axes.md,No reviewed grinding result or governed presentation-form assertion. No reviewed drying process or material-specific moisture evidence. No reviewed product-role evidence in this structural cohort.
AOM_001186,Coffee Leaves,Crop Byproduct,false,false,false,not_in_form_cohort,,not_in_moisture_cohort,,approved_branch_to_role_translation,By-product role,docs/decisions/0041-feed-material-structural-model.md;docs/decisions/0042-feed-process-and-material-state-axes.md,No reviewed grinding result or governed presentation-form assertion. No reviewed drying process or material-specific moisture evidence. Canonical legacy by-product branch classification translated to explicit productRole; compatibility hierarchy retained.
AOM_001187,Cotton Seed Hull,Crop Byproduct,false,false,false,not_in_form_cohort,,not_in_moisture_cohort,,approved_branch_to_role_translation,By-product role,docs/decisions/0041-feed-material-structural-model.md;docs/decisions/0042-feed-process-and-material-state-axes.md,No reviewed grinding result or governed presentation-form assertion. No reviewed drying process or material-specific moisture evidence. Canonical legacy by-product branch classification translated to explicit productRole; compatibility hierarchy retained.
AOM_001189,Cowpea Vine,Crop Byproduct,false,false,false,not_in_form_cohort,,not_in_moisture_cohort,,approved_branch_to_role_translation,By-product role,docs/decisions/0041-feed-material-structural-model.md;docs/decisions/0042-feed-process-and-material-state-axes.md,No reviewed grinding result or governed presentation-form assertion. No reviewed drying process or material-specific moisture evidence. Canonical legacy by-product branch classification translated to explicit productRole; compatibility hierarchy retained.
AOM_001190,Noug,Crop Byproduct,false,false,false,not_in_form_cohort,,not_in_moisture_cohort,,approved_branch_to_role_translation,By-product role,docs/decisions/0041-feed-material-structural-model.md;docs/decisions/0042-feed-process-and-material-state-axes.md,No reviewed grinding result or governed presentation-form assertion. No reviewed drying process or material-specific moisture evidence. Canonical legacy by-product branch classification translated to explicit productRole; compatibility hierarchy retained.
AOM_001191,Noug Seed Ground,Crop Byproduct,true,false,true,approved_comminuted_form,Comminuted particle form,not_in_moisture_cohort,,approved_branch_to_role_translation,By-product role,docs/decisions/0041-feed-material-structural-model.md;docs/decisions/0042-feed-process-and-material-state-axes.md,"Approved Grinding process supports broad comminuted-particle presentation; bulk consistency, moisture, particle size, and meal/powder subtype remain unspecified. No reviewed drying process or material-specific moisture evidence. Canonical legacy by-product branch classification translated to explicit productRole; compatibility hierarchy retained."
AOM_001192,Olive Cake,Crop Byproduct,false,false,false,approved_existing_specific_form,Cake form,not_in_moisture_cohort,,approved_branch_to_role_translation,By-product role,docs/decisions/0041-feed-material-structural-model.md;docs/decisions/0042-feed-process-and-material-state-axes.md,Existing reviewed presentation-form assertion remains authoritative. No reviewed drying process or material-specific moisture evidence. Canonical legacy by-product branch classification translated to explicit productRole; compatibility hierarchy retained.
AOM_001193,Groundnut Oil,Crop Product,false,false,false,not_in_form_cohort,,not_in_moisture_cohort,,not_in_role_cohort,,docs/decisions/0041-feed-material-structural-model.md;docs/decisions/0042-feed-process-and-material-state-axes.md,No reviewed grinding result or governed presentation-form assertion. No reviewed drying process or material-specific moisture evidence. No reviewed product-role evidence in this structural cohort.
AOM_001195,Mango Peel Dried,Crop Byproduct,false,true,false,not_in_form_cohort,,approved_dried_from_process,Dried moisture condition,approved_branch_to_role_translation,By-product role,docs/decisions/0041-feed-material-structural-model.md;docs/decisions/0042-feed-process-and-material-state-axes.md,No reviewed grinding result or governed presentation-form assertion. Approved Drying process supports dried moisture condition without implying one presentation form. Canonical legacy by-product branch classification translated to explicit productRole; compatibility hierarchy retained.
AOM_001196,Mango Seed,Crop Byproduct,false,false,false,not_in_form_cohort,,not_in_moisture_cohort,,approved_branch_to_role_translation,By-product role,docs/decisions/0041-feed-material-structural-model.md;docs/decisions/0042-feed-process-and-material-state-axes.md,No reviewed grinding result or governed presentation-form assertion. No reviewed drying process or material-specific moisture evidence. Canonical legacy by-product branch classification translated to explicit productRole; compatibility hierarchy retained.
AOM_001197,Teff Straw Crushed,Crop Byproduct,false,false,false,not_in_form_cohort,,not_in_moisture_cohort,,approved_branch_to_role_translation,By-product role,docs/decisions/0041-feed-material-structural-model.md;docs/decisions/0042-feed-process-and-material-state-axes.md,No reviewed grinding result or governed presentation-form assertion. No reviewed drying process or material-specific moisture evidence. Canonical legacy by-product branch classification translated to explicit productRole; compatibility hierarchy retained.
AOM_001199,Breadfruit,Crop Product,false,false,false,not_in_form_cohort,,not_in_moisture_cohort,,not_in_role_cohort,,docs/decisions/0041-feed-material-structural-model.md;docs/decisions/0042-feed-process-and-material-state-axes.md,No reviewed grinding result or governed presentation-form assertion. No reviewed drying process or material-specific moisture evidence. No reviewed product-role evidence in this structural cohort.
AOM_001200,Breadfruit Ground,Crop Product,true,false,true,approved_comminuted_form,Comminuted particle form,not_in_moisture_cohort,,not_in_role_cohort,,docs/decisions/0041-feed-material-structural-model.md;docs/decisions/0042-feed-process-and-material-state-axes.md,"Approved Grinding process supports broad comminuted-particle presentation; bulk consistency, moisture, particle size, and meal/powder subtype remain unspecified. No reviewed drying process or material-specific moisture evidence. No reviewed product-role evidence in this structural cohort."
AOM_001201,Avocado,Crop Product,false,false,false,not_in_form_cohort,,not_in_moisture_cohort,,not_in_role_cohort,,docs/decisions/0041-feed-material-structural-model.md;docs/decisions/0042-feed-process-and-material-state-axes.md,No reviewed grinding result or governed presentation-form assertion. No reviewed drying process or material-specific moisture evidence. No reviewed product-role evidence in this structural cohort.
AOM_001202,Barley,Crop Product,false,false,false,not_in_form_cohort,,not_in_moisture_cohort,,not_in_role_cohort,,docs/decisions/0041-feed-material-structural-model.md;docs/decisions/0042-feed-process-and-material-state-axes.md,No reviewed grinding result or governed presentation-form assertion. No reviewed drying process or material-specific moisture evidence. No reviewed product-role evidence in this structural cohort.
AOM_001203,Alfalfa Dried,Forage Plants,false,true,false,not_in_form_cohort,,approved_dried_from_process,Dried moisture condition,not_in_role_cohort,,docs/decisions/0041-feed-material-structural-model.md;docs/decisions/0042-feed-process-and-material-state-axes.md,No reviewed grinding result or governed presentation-form assertion. Approved Drying process supports dried moisture condition without implying one presentation form. No reviewed product-role evidence in this structural cohort.
AOM_001205,Aeschynomene histrix,Forage Plants,false,false,false,not_in_form_cohort,,not_in_moisture_cohort,,not_in_role_cohort,,docs/decisions/0041-feed-material-structural-model.md;docs/decisions/0042-feed-process-and-material-state-axes.md,No reviewed grinding result or governed presentation-form assertion. No reviewed drying process or material-specific moisture evidence. No reviewed product-role evidence in this structural cohort.
AOM_001206,Anthyllis tetraphylla,Forage Plants,false,false,false,not_in_form_cohort,,not_in_moisture_cohort,,not_in_role_cohort,,docs/decisions/0041-feed-material-structural-model.md;docs/decisions/0042-feed-process-and-material-state-axes.md,No reviewed grinding result or governed presentation-form assertion. No reviewed drying process or material-specific moisture evidence. No reviewed product-role evidence in this structural cohort.
AOM_001207,Canavalia gladiata,Forage Plants,false,false,false,not_in_form_cohort,,not_in_moisture_cohort,,not_in_role_cohort,,docs/decisions/0041-feed-material-structural-model.md;docs/decisions/0042-feed-process-and-material-state-axes.md,No reviewed grinding result or governed presentation-form assertion. No reviewed drying process or material-specific moisture evidence. No reviewed product-role evidence in this structural cohort.
AOM_001208,Centrosema pubescens,Forage Plants,false,false,false,not_in_form_cohort,,not_in_moisture_cohort,,not_in_role_cohort,,docs/decisions/0041-feed-material-structural-model.md;docs/decisions/0042-feed-process-and-material-state-axes.md,No reviewed grinding result or governed presentation-form assertion. No reviewed drying process or material-specific moisture evidence. No reviewed product-role evidence in this structural cohort.
AOM_001209,Desmodium,Forage Plants,false,false,false,not_in_form_cohort,,not_in_moisture_cohort,,not_in_role_cohort,,docs/decisions/0041-feed-material-structural-model.md;docs/decisions/0042-feed-process-and-material-state-axes.md,No reviewed grinding result or governed presentation-form assertion. No reviewed drying process or material-specific moisture evidence. No reviewed product-role evidence in this structural cohort.
AOM_001210,Desmodium Dried,Forage Plants,false,true,false,not_in_form_cohort,,approved_dried_from_process,Dried moisture condition,not_in_role_cohort,,docs/decisions/0041-feed-material-structural-model.md;docs/decisions/0042-feed-process-and-material-state-axes.md,No reviewed grinding result or governed presentation-form assertion. Approved Drying process supports dried moisture condition without implying one presentation form. No reviewed product-role evidence in this structural cohort.
AOM_001211,Desmodium distortum,Forage Plants,false,false,false,not_in_form_cohort,,not_in_moisture_cohort,,not_in_role_cohort,,docs/decisions/0041-feed-material-structural-model.md;docs/decisions/0042-feed-process-and-material-state-axes.md,No reviewed grinding result or governed presentation-form assertion. No reviewed drying process or material-specific moisture evidence. No reviewed product-role evidence in this structural cohort.
AOM_001212,Desmodium intortum,Forage Plants,false,false,false,not_in_form_cohort,,not_in_moisture_cohort,,not_in_role_cohort,,docs/decisions/0041-feed-material-structural-model.md;docs/decisions/0042-feed-process-and-material-state-axes.md,No reviewed grinding result or governed presentation-form assertion. No reviewed drying process or material-specific moisture evidence. No reviewed product-role evidence in this structural cohort.
AOM_001215,Lablab purpureus Leaves,Forage Plants,false,false,false,not_in_form_cohort,,not_in_moisture_cohort,,not_in_role_cohort,,docs/decisions/0041-feed-material-structural-model.md;docs/decisions/0042-feed-process-and-material-state-axes.md,No reviewed grinding result or governed presentation-form assertion. No reviewed drying process or material-specific moisture evidence. No reviewed product-role evidence in this structural cohort.
AOM_001216,Indigofera indica,Forage Plants,false,false,false,not_in_form_cohort,,not_in_moisture_cohort,,not_in_role_cohort,,docs/decisions/0041-feed-material-structural-model.md;docs/decisions/0042-feed-process-and-material-state-axes.md,No reviewed grinding result or governed presentation-form assertion. No reviewed drying process or material-specific moisture evidence. No reviewed product-role evidence in this structural cohort.
AOM_001219,Lablab purpureus Stover,Forage Plants,false,false,false,not_in_form_cohort,,not_in_moisture_cohort,,not_in_role_cohort,,docs/decisions/0041-feed-material-structural-model.md;docs/decisions/0042-feed-process-and-material-state-axes.md,No reviewed grinding result or governed presentation-form assertion. No reviewed drying process or material-specific moisture evidence. No reviewed product-role evidence in this structural cohort.
AOM_001221,Macroptilium atropurpureum,Forage Plants,false,false,false,not_in_form_cohort,,not_in_moisture_cohort,,not_in_role_cohort,,docs/decisions/0041-feed-material-structural-model.md;docs/decisions/0042-feed-process-and-material-state-axes.md,No reviewed grinding result or governed presentation-form assertion. No reviewed drying process or material-specific moisture evidence. No reviewed product-role evidence in this structural cohort.
AOM_001222,Macrotyloma axillare,Forage Plants,false,false,false,not_in_form_cohort,,not_in_moisture_cohort,,not_in_role_cohort,,docs/decisions/0041-feed-material-structural-model.md;docs/decisions/0042-feed-process-and-material-state-axes.md,No reviewed grinding result or governed presentation-form assertion. No reviewed drying process or material-specific moisture evidence. No reviewed product-role evidence in this structural cohort.
AOM_001224,Medicago,Forage Plants,false,false,false,not_in_form_cohort,,not_in_moisture_cohort,,not_in_role_cohort,,docs/decisions/0041-feed-material-structural-model.md;docs/decisions/0042-feed-process-and-material-state-axes.md,No reviewed grinding result or governed presentation-form assertion. No reviewed drying process or material-specific moisture evidence. No reviewed product-role evidence in this structural cohort.
AOM_001225,Medicago Pods,Forage Plants,false,false,false,not_in_form_cohort,,not_in_moisture_cohort,,not_in_role_cohort,,docs/decisions/0041-feed-material-structural-model.md;docs/decisions/0042-feed-process-and-material-state-axes.md,No reviewed grinding result or governed presentation-form assertion. No reviewed drying process or material-specific moisture evidence. No reviewed product-role evidence in this structural cohort.
AOM_001226,Medicago arborea,Forage Plants,false,false,false,not_in_form_cohort,,not_in_moisture_cohort,,not_in_role_cohort,,docs/decisions/0041-feed-material-structural-model.md;docs/decisions/0042-feed-process-and-material-state-axes.md,No reviewed grinding result or governed presentation-form assertion. No reviewed drying process or material-specific moisture evidence. No reviewed product-role evidence in this structural cohort.
AOM_001227,Mucuna pruriens,Forage Plants,false,false,false,not_in_form_cohort,,not_in_moisture_cohort,,not_in_role_cohort,,docs/decisions/0041-feed-material-structural-model.md;docs/decisions/0042-feed-process-and-material-state-axes.md,No reviewed grinding result or governed presentation-form assertion. No reviewed drying process or material-specific moisture evidence. No reviewed product-role evidence in this structural cohort.
AOM_001229,Sesbania sesban Dried,Forage Plants,false,true,false,not_in_form_cohort,,approved_dried_from_process,Dried moisture condition,not_in_role_cohort,,docs/decisions/0041-feed-material-structural-model.md;docs/decisions/0042-feed-process-and-material-state-axes.md,No reviewed grinding result or governed presentation-form assertion. Approved Drying process supports dried moisture condition without implying one presentation form. No reviewed product-role evidence in this structural cohort.
AOM_001230,Sesbania sesban Leaves and Twigs,Forage Plants,false,false,false,not_in_form_cohort,,not_in_moisture_cohort,,not_in_role_cohort,,docs/decisions/0041-feed-material-structural-model.md;docs/decisions/0042-feed-process-and-material-state-axes.md,No reviewed grinding result or governed presentation-form assertion. No reviewed drying process or material-specific moisture evidence. No reviewed product-role evidence in this structural cohort.
AOM_001231,Pueraria phaseoloides,Forage Plants,false,false,false,not_in_form_cohort,,not_in_moisture_cohort,,not_in_role_cohort,,docs/decisions/0041-feed-material-structural-model.md;docs/decisions/0042-feed-process-and-material-state-axes.md,No reviewed grinding result or governed presentation-form assertion. No reviewed drying process or material-specific moisture evidence. No reviewed product-role evidence in this structural cohort.
AOM_001232,Pueraria phaseoloides Leaves,Forage Plants,false,false,false,not_in_form_cohort,,not_in_moisture_cohort,,not_in_role_cohort,,docs/decisions/0041-feed-material-structural-model.md;docs/decisions/0042-feed-process-and-material-state-axes.md,No reviewed grinding result or governed presentation-form assertion. No reviewed drying process or material-specific moisture evidence. No reviewed product-role evidence in this structural cohort.
AOM_001233,Stylosanthes guianensis,Forage Plants,false,false,false,not_in_form_cohort,,not_in_moisture_cohort,,not_in_role_cohort,,docs/decisions/0041-feed-material-structural-model.md;docs/decisions/0042-feed-process-and-material-state-axes.md,No reviewed grinding result or governed presentation-form assertion. No reviewed drying process or material-specific moisture evidence. No reviewed product-role evidence in this structural cohort.
AOM_001235,Stylosanthes guianensis Leaves,Forage Plants,false,false,false,not_in_form_cohort,,not_in_moisture_cohort,,not_in_role_cohort,,docs/decisions/0041-feed-material-structural-model.md;docs/decisions/0042-feed-process-and-material-state-axes.md,No reviewed grinding result or governed presentation-form assertion. No reviewed drying process or material-specific moisture evidence. No reviewed product-role evidence in this structural cohort.
AOM_001236,Stylosanthes hamata,Forage Plants,false,false,false,not_in_form_cohort,,not_in_moisture_cohort,,not_in_role_cohort,,docs/decisions/0041-feed-material-structural-model.md;docs/decisions/0042-feed-process-and-material-state-axes.md,No reviewed grinding result or governed presentation-form assertion. No reviewed drying process or material-specific moisture evidence. No reviewed product-role evidence in this structural cohort.
AOM_001237,Stylosanthes scabra,Forage Plants,false,false,false,not_in_form_cohort,,not_in_moisture_cohort,,not_in_role_cohort,,docs/decisions/0041-feed-material-structural-model.md;docs/decisions/0042-feed-process-and-material-state-axes.md,No reviewed grinding result or governed presentation-form assertion. No reviewed drying process or material-specific moisture evidence. No reviewed product-role evidence in this structural cohort.
AOM_001238,Stylosanthes scabra Dried,Forage Plants,false,true,false,not_in_form_cohort,,approved_dried_from_process,Dried moisture condition,not_in_role_cohort,,docs/decisions/0041-feed-material-structural-model.md;docs/decisions/0042-feed-process-and-material-state-axes.md,No reviewed grinding result or governed presentation-form assertion. Approved Drying process supports dried moisture condition without implying one presentation form. No reviewed product-role evidence in this structural cohort.
AOM_001239,Tephrosia bracteolata,Forage Plants,false,false,false,not_in_form_cohort,,not_in_moisture_cohort,,not_in_role_cohort,,docs/decisions/0041-feed-material-structural-model.md;docs/decisions/0042-feed-process-and-material-state-axes.md,No reviewed grinding result or governed presentation-form assertion. No reviewed drying process or material-specific moisture evidence. No reviewed product-role evidence in this structural cohort.
AOM_001240,Trifolium alexandrinum,Forage Plants,false,false,false,not_in_form_cohort,,not_in_moisture_cohort,,not_in_role_cohort,,docs/decisions/0041-feed-material-structural-model.md;docs/decisions/0042-feed-process-and-material-state-axes.md,No reviewed grinding result or governed presentation-form assertion. No reviewed drying process or material-specific moisture evidence. No reviewed product-role evidence in this structural cohort.
AOM_001241,Trifolium alexandrinum Straw,Forage Plants,false,false,false,not_in_form_cohort,,not_in_moisture_cohort,,not_in_role_cohort,,docs/decisions/0041-feed-material-structural-model.md;docs/decisions/0042-feed-process-and-material-state-axes.md,No reviewed grinding result or governed presentation-form assertion. No reviewed drying process or material-specific moisture evidence. No reviewed product-role evidence in this structural cohort.
AOM_001242,Vicia,Forage Plants,false,false,false,not_in_form_cohort,,not_in_moisture_cohort,,not_in_role_cohort,,docs/decisions/0041-feed-material-structural-model.md;docs/decisions/0042-feed-process-and-material-state-axes.md,No reviewed grinding result or governed presentation-form assertion. No reviewed drying process or material-specific moisture evidence. No reviewed product-role evidence in this structural cohort.
AOM_001243,Vicia dasycarpa,Forage Plants,false,false,false,not_in_form_cohort,,not_in_moisture_cohort,,not_in_role_cohort,,docs/decisions/0041-feed-material-structural-model.md;docs/decisions/0042-feed-process-and-material-state-axes.md,No reviewed grinding result or governed presentation-form assertion. No reviewed drying process or material-specific moisture evidence. No reviewed product-role evidence in this structural cohort.
AOM_001251,Cassava Waste,Crop Byproduct,false,false,false,not_in_form_cohort,,not_in_moisture_cohort,,approved_existing_role,Waste role,docs/decisions/0041-feed-material-structural-model.md;docs/decisions/0042-feed-process-and-material-state-axes.md,No reviewed grinding result or governed presentation-form assertion. No reviewed drying process or material-specific moisture evidence. Existing reviewed product-role assertion remains authoritative.
AOM_001253,Cotton Seed Cake Dried Ground,Crop Byproduct,true,true,false,approved_comminuted_form,Comminuted particle form,approved_dried_from_process,Dried moisture condition,approved_branch_to_role_translation,By-product role,docs/decisions/0041-feed-material-structural-model.md;docs/decisions/0042-feed-process-and-material-state-axes.md,"Approved Grinding process supports broad comminuted-particle presentation; bulk consistency, moisture, particle size, and meal/powder subtype remain unspecified. Approved Drying process supports dried moisture condition without implying one presentation form. Canonical legacy by-product branch classification translated to explicit productRole; compatibility hierarchy retained."
AOM_001254,Groundnut Cake,Crop Byproduct,false,false,false,approved_existing_specific_form,Cake form,not_in_moisture_cohort,,approved_branch_to_role_translation,By-product role,docs/decisions/0041-feed-material-structural-model.md;docs/decisions/0042-feed-process-and-material-state-axes.md,Existing reviewed presentation-form assertion remains authoritative. No reviewed drying process or material-specific moisture evidence. Canonical legacy by-product branch classification translated to explicit productRole; compatibility hierarchy retained.
AOM_001255,Flaxseed Oil,Crop Byproduct,false,false,false,not_in_form_cohort,,not_in_moisture_cohort,,approved_branch_to_role_translation,By-product role,docs/decisions/0041-feed-material-structural-model.md;docs/decisions/0042-feed-process-and-material-state-axes.md,No reviewed grinding result or governed presentation-form assertion. No reviewed drying process or material-specific moisture evidence. Canonical legacy by-product branch classification translated to explicit productRole; compatibility hierarchy retained.
AOM_001256,Fluted Pumpkin Leaves,Crop Product,false,false,false,not_in_form_cohort,,not_in_moisture_cohort,,not_in_role_cohort,,docs/decisions/0041-feed-material-structural-model.md;docs/decisions/0042-feed-process-and-material-state-axes.md,No reviewed grinding result or governed presentation-form assertion. No reviewed drying process or material-specific moisture evidence. No reviewed product-role evidence in this structural cohort.
AOM_001257,Fluted Pumpkin Leaves Ground,Crop Product,true,false,false,approved_comminuted_form,Comminuted particle form,not_in_moisture_cohort,,not_in_role_cohort,,docs/decisions/0041-feed-material-structural-model.md;docs/decisions/0042-feed-process-and-material-state-axes.md,"Approved Grinding process supports broad comminuted-particle presentation; bulk consistency, moisture, particle size, and meal/powder subtype remain unspecified. No reviewed drying process or material-specific moisture evidence. No reviewed product-role evidence in this structural cohort."
AOM_001258,Common Bean Haulm,Crop Byproduct,false,false,false,not_in_form_cohort,,not_in_moisture_cohort,,approved_existing_role,Crop-residue role,docs/decisions/0041-feed-material-structural-model.md;docs/decisions/0042-feed-process-and-material-state-axes.md,No reviewed grinding result or governed presentation-form assertion. No reviewed drying process or material-specific moisture evidence. Existing reviewed product-role assertion remains authoritative.
AOM_001259,Lemon Peel Essential Oil,Crop Product,false,false,false,not_in_form_cohort,,not_in_moisture_cohort,,not_in_role_cohort,,docs/decisions/0041-feed-material-structural-model.md;docs/decisions/0042-feed-process-and-material-state-axes.md,No reviewed grinding result or governed presentation-form assertion. No reviewed drying process or material-specific moisture evidence. No reviewed product-role evidence in this structural cohort.
AOM_001261,Wheat Ground Remoulage,Crop Byproduct,true,false,true,approved_comminuted_form,Comminuted particle form,not_in_moisture_cohort,,approved_branch_to_role_translation,By-product role,docs/decisions/0041-feed-material-structural-model.md;docs/decisions/0042-feed-process-and-material-state-axes.md,"Approved Grinding process supports broad comminuted-particle presentation; bulk consistency, moisture, particle size, and meal/powder subtype remain unspecified. No reviewed drying process or material-specific moisture evidence. Canonical legacy by-product branch classification translated to explicit productRole; compatibility hierarchy retained."
AOM_001262,Wheat Straw Dried Urea Treated,Crop Byproduct,false,true,false,not_in_form_cohort,,approved_dried_from_process,Dried moisture condition,approved_branch_to_role_translation,By-product role,docs/decisions/0041-feed-material-structural-model.md;docs/decisions/0042-feed-process-and-material-state-axes.md,No reviewed grinding result or governed presentation-form assertion. Approved Drying process supports dried moisture condition without implying one presentation form. Canonical legacy by-product branch classification translated to explicit productRole; compatibility hierarchy retained.
AOM_001263,Cowpea Leaves,Crop Byproduct,false,false,false,not_in_form_cohort,,not_in_moisture_cohort,,approved_branch_to_role_translation,By-product role,docs/decisions/0041-feed-material-structural-model.md;docs/decisions/0042-feed-process-and-material-state-axes.md,No reviewed grinding result or governed presentation-form assertion. No reviewed drying process or material-specific moisture evidence. Canonical legacy by-product branch classification translated to explicit productRole; compatibility hierarchy retained.
AOM_001265,Ziziphus mauritiana,Crop Product,false,false,false,not_in_form_cohort,,not_in_moisture_cohort,,not_in_role_cohort,,docs/decisions/0041-feed-material-structural-model.md;docs/decisions/0042-feed-process-and-material-state-axes.md,No reviewed grinding result or governed presentation-form assertion. No reviewed drying process or material-specific moisture evidence. No reviewed product-role evidence in this structural cohort.
AOM_001266,Taro Leaves,Crop Byproduct,false,false,false,not_in_form_cohort,,not_in_moisture_cohort,,approved_branch_to_role_translation,By-product role,docs/decisions/0041-feed-material-structural-model.md;docs/decisions/0042-feed-process-and-material-state-axes.md,No reviewed grinding result or governed presentation-form assertion. No reviewed drying process or material-specific moisture evidence. Canonical legacy by-product branch classification translated to explicit productRole; compatibility hierarchy retained.
AOM_001267,Sweet Potato Vine,Crop Byproduct,false,false,false,not_in_form_cohort,,not_in_moisture_cohort,,approved_branch_to_role_translation,By-product role,docs/decisions/0041-feed-material-structural-model.md;docs/decisions/0042-feed-process-and-material-state-axes.md,No reviewed grinding result or governed presentation-form assertion. No reviewed drying process or material-specific moisture evidence. Canonical legacy by-product branch classification translated to explicit productRole; compatibility hierarchy retained.
AOM_001268,Sweet Potato Vine Wilted,Crop Byproduct,false,false,false,not_in_form_cohort,,not_in_moisture_cohort,,approved_branch_to_role_translation,By-product role,docs/decisions/0041-feed-material-structural-model.md;docs/decisions/0042-feed-process-and-material-state-axes.md,No reviewed grinding result or governed presentation-form assertion. No reviewed drying process or material-specific moisture evidence. Canonical legacy by-product branch classification translated to explicit productRole; compatibility hierarchy retained.
AOM_001270,Fluted Pumpkin Leaves Extract,Crop Product,false,false,false,not_in_form_cohort,,not_in_moisture_cohort,,not_in_role_cohort,,docs/decisions/0041-feed-material-structural-model.md;docs/decisions/0042-feed-process-and-material-state-axes.md,No reviewed grinding result or governed presentation-form assertion. No reviewed drying process or material-specific moisture evidence. No reviewed product-role evidence in this structural cohort.
AOM_001271,Soybean Straw,Crop Byproduct,false,false,false,not_in_form_cohort,,not_in_moisture_cohort,,approved_branch_to_role_translation,By-product role,docs/decisions/0041-feed-material-structural-model.md;docs/decisions/0042-feed-process-and-material-state-axes.md,No reviewed grinding result or governed presentation-form assertion. No reviewed drying process or material-specific moisture evidence. Canonical legacy by-product branch classification translated to explicit productRole; compatibility hierarchy retained.
AOM_001272,Soybean Shell,Crop Byproduct,false,false,false,not_in_form_cohort,,not_in_moisture_cohort,,approved_branch_to_role_translation,By-product role,docs/decisions/0041-feed-material-structural-model.md;docs/decisions/0042-feed-process-and-material-state-axes.md,No reviewed grinding result or governed presentation-form assertion. No reviewed drying process or material-specific moisture evidence. Canonical legacy by-product branch classification translated to explicit productRole; compatibility hierarchy retained.
AOM_001273,Unspecified Crop Residue,Crop Byproduct,false,false,false,not_in_form_cohort,,not_in_moisture_cohort,,approved_branch_to_role_translation,By-product role,docs/decisions/0041-feed-material-structural-model.md;docs/decisions/0042-feed-process-and-material-state-axes.md,No reviewed grinding result or governed presentation-form assertion. No reviewed drying process or material-specific moisture evidence. Canonical legacy by-product branch classification translated to explicit productRole; compatibility hierarchy retained.
AOM_001274,Unspecified Crop Bran,Crop Byproduct,false,false,false,not_in_form_cohort,,not_in_moisture_cohort,,approved_branch_to_role_translation,By-product role,docs/decisions/0041-feed-material-structural-model.md;docs/decisions/0042-feed-process-and-material-state-axes.md,No reviewed grinding result or governed presentation-form assertion. No reviewed drying process or material-specific moisture evidence. Canonical legacy by-product branch classification translated to explicit productRole; compatibility hierarchy retained.
AOM_001276,Sorghum Ground,Crop Byproduct,true,false,true,approved_comminuted_form,Comminuted particle form,not_in_moisture_cohort,,approved_branch_to_role_translation,By-product role,docs/decisions/0041-feed-material-structural-model.md;docs/decisions/0042-feed-process-and-material-state-axes.md,"Approved Grinding process supports broad comminuted-particle presentation; bulk consistency, moisture, particle size, and meal/powder subtype remain unspecified. No reviewed drying process or material-specific moisture evidence. Canonical legacy by-product branch classification translated to explicit productRole; compatibility hierarchy retained."
AOM_001277,Sesame Seed Cake,Crop Byproduct,false,false,false,not_in_form_cohort,,not_in_moisture_cohort,,approved_branch_to_role_translation,By-product role,docs/decisions/0041-feed-material-structural-model.md;docs/decisions/0042-feed-process-and-material-state-axes.md,No reviewed grinding result or governed presentation-form assertion. No reviewed drying process or material-specific moisture evidence. Canonical legacy by-product branch classification translated to explicit productRole; compatibility hierarchy retained.
AOM_001278,Sheanut Cake,Crop Byproduct,false,false,false,not_in_form_cohort,,not_in_moisture_cohort,,approved_branch_to_role_translation,By-product role,docs/decisions/0041-feed-material-structural-model.md;docs/decisions/0042-feed-process-and-material-state-axes.md,No reviewed grinding result or governed presentation-form assertion. No reviewed drying process or material-specific moisture evidence. Canonical legacy by-product branch classification translated to explicit productRole; compatibility hierarchy retained.
AOM_001279,Sesame Seed Cake Ground Roasted,Crop Byproduct,true,false,true,approved_comminuted_form,Comminuted particle form,not_in_moisture_cohort,,approved_branch_to_role_translation,By-product role,docs/decisions/0041-feed-material-structural-model.md;docs/decisions/0042-feed-process-and-material-state-axes.md,"Approved Grinding process supports broad comminuted-particle presentation; bulk consistency, moisture, particle size, and meal/powder subtype remain unspecified. No reviewed drying process or material-specific moisture evidence. Canonical legacy by-product branch classification translated to explicit productRole; compatibility hierarchy retained."
AOM_001280,Rice Hull,Crop Byproduct,false,false,false,not_in_form_cohort,,not_in_moisture_cohort,,approved_branch_to_role_translation,By-product role,docs/decisions/0041-feed-material-structural-model.md;docs/decisions/0042-feed-process-and-material-state-axes.md,No reviewed grinding result or governed presentation-form assertion. No reviewed drying process or material-specific moisture evidence. Canonical legacy by-product branch classification translated to explicit productRole; compatibility hierarchy retained.
AOM_001281,Potato Hash,Crop Byproduct,false,false,false,approved_existing_specific_form,Mixed presentation,not_in_moisture_cohort,,approved_existing_role,By-product role,docs/decisions/0041-feed-material-structural-model.md;docs/decisions/0042-feed-process-and-material-state-axes.md,Existing reviewed presentation-form assertion remains authoritative. No reviewed drying process or material-specific moisture evidence. Existing reviewed product-role assertion remains authoritative.
AOM_001282,Enset,Crop Product,false,false,false,not_in_form_cohort,,not_in_moisture_cohort,,not_in_role_cohort,,docs/decisions/0041-feed-material-structural-model.md;docs/decisions/0042-feed-process-and-material-state-axes.md,No reviewed grinding result or governed presentation-form assertion. No reviewed drying process or material-specific moisture evidence. No reviewed product-role evidence in this structural cohort.
AOM_001283,Plantain Peel,Crop Byproduct,false,false,false,not_in_form_cohort,,not_in_moisture_cohort,,approved_branch_to_role_translation,By-product role,docs/decisions/0041-feed-material-structural-model.md;docs/decisions/0042-feed-process-and-material-state-axes.md,No reviewed grinding result or governed presentation-form assertion. No reviewed drying process or material-specific moisture evidence. Canonical legacy by-product branch classification translated to explicit productRole; compatibility hierarchy retained.
AOM_001285,Pea Straw,Crop Byproduct,false,false,false,not_in_form_cohort,,not_in_moisture_cohort,,approved_branch_to_role_translation,By-product role,docs/decisions/0041-feed-material-structural-model.md;docs/decisions/0042-feed-process-and-material-state-axes.md,No reviewed grinding result or governed presentation-form assertion. No reviewed drying process or material-specific moisture evidence. Canonical legacy by-product branch classification translated to explicit productRole; compatibility hierarchy retained.
AOM_001286,Papaya Leaves,Crop Byproduct,false,false,false,not_in_form_cohort,,not_in_moisture_cohort,,approved_branch_to_role_translation,By-product role,docs/decisions/0041-feed-material-structural-model.md;docs/decisions/0042-feed-process-and-material-state-axes.md,No reviewed grinding result or governed presentation-form assertion. No reviewed drying process or material-specific moisture evidence. Canonical legacy by-product branch classification translated to explicit productRole; compatibility hierarchy retained.
AOM_001289,Maize Starch,Crop Product,false,false,false,not_in_form_cohort,,not_in_moisture_cohort,,not_in_role_cohort,,docs/decisions/0041-feed-material-structural-model.md;docs/decisions/0042-feed-process-and-material-state-axes.md,No reviewed grinding result or governed presentation-form assertion. No reviewed drying process or material-specific moisture evidence. No reviewed product-role evidence in this structural cohort.
AOM_001290,Millet Bran,Crop Byproduct,false,false,false,not_in_form_cohort,,not_in_moisture_cohort,,approved_branch_to_role_translation,By-product role,docs/decisions/0041-feed-material-structural-model.md;docs/decisions/0042-feed-process-and-material-state-axes.md,No reviewed grinding result or governed presentation-form assertion. No reviewed drying process or material-specific moisture evidence. Canonical legacy by-product branch classification translated to explicit productRole; compatibility hierarchy retained.
AOM_001291,Millet Straw,Crop Byproduct,false,false,false,not_in_form_cohort,,not_in_moisture_cohort,,approved_branch_to_role_translation,By-product role,docs/decisions/0041-feed-material-structural-model.md;docs/decisions/0042-feed-process-and-material-state-axes.md,No reviewed grinding result or governed presentation-form assertion. No reviewed drying process or material-specific moisture evidence. Canonical legacy by-product branch classification translated to explicit productRole; compatibility hierarchy retained.
AOM_001292,Maize Gluten,Crop Byproduct,false,false,false,not_in_form_cohort,,not_in_moisture_cohort,,approved_branch_to_role_translation,By-product role,docs/decisions/0041-feed-material-structural-model.md;docs/decisions/0042-feed-process-and-material-state-axes.md,No reviewed grinding result or governed presentation-form assertion. No reviewed drying process or material-specific moisture evidence. Canonical legacy by-product branch classification translated to explicit productRole; compatibility hierarchy retained.
AOM_001293,Maize Gluten Ground,Crop Byproduct,true,false,true,approved_comminuted_form,Comminuted particle form,not_in_moisture_cohort,,approved_branch_to_role_translation,By-product role,docs/decisions/0041-feed-material-structural-model.md;docs/decisions/0042-feed-process-and-material-state-axes.md,"Approved Grinding process supports broad comminuted-particle presentation; bulk consistency, moisture, particle size, and meal/powder subtype remain unspecified. No reviewed drying process or material-specific moisture evidence. Canonical legacy by-product branch classification translated to explicit productRole; compatibility hierarchy retained."
AOM_001294,Maize Germ,Crop Byproduct,false,false,false,not_in_form_cohort,,not_in_moisture_cohort,,approved_branch_to_role_translation,By-product role,docs/decisions/0041-feed-material-structural-model.md;docs/decisions/0042-feed-process-and-material-state-axes.md,No reviewed grinding result or governed presentation-form assertion. No reviewed drying process or material-specific moisture evidence. Canonical legacy by-product branch classification translated to explicit productRole; compatibility hierarchy retained.
AOM_001295,Maize Germ Ground,Crop Byproduct,true,false,true,approved_comminuted_form,Comminuted particle form,not_in_moisture_cohort,,approved_branch_to_role_translation,By-product role,docs/decisions/0041-feed-material-structural-model.md;docs/decisions/0042-feed-process-and-material-state-axes.md,"Approved Grinding process supports broad comminuted-particle presentation; bulk consistency, moisture, particle size, and meal/powder subtype remain unspecified. No reviewed drying process or material-specific moisture evidence. Canonical legacy by-product branch classification translated to explicit productRole; compatibility hierarchy retained."
AOM_001297,Maize Sheath,Crop Byproduct,false,false,false,not_in_form_cohort,,not_in_moisture_cohort,,approved_branch_to_role_translation,By-product role,docs/decisions/0041-feed-material-structural-model.md;docs/decisions/0042-feed-process-and-material-state-axes.md,No reviewed grinding result or governed presentation-form assertion. No reviewed drying process or material-specific moisture evidence. Canonical legacy by-product branch classification translated to explicit productRole; compatibility hierarchy retained.
AOM_001298,Maize Leaves,Crop Byproduct,false,false,false,not_in_form_cohort,,not_in_moisture_cohort,,approved_branch_to_role_translation,By-product role,docs/decisions/0041-feed-material-structural-model.md;docs/decisions/0042-feed-process-and-material-state-axes.md,No reviewed grinding result or governed presentation-form assertion. No reviewed drying process or material-specific moisture evidence. Canonical legacy by-product branch classification translated to explicit productRole; compatibility hierarchy retained.
AOM_001299,Maize Husk,Crop Byproduct,false,false,false,not_in_form_cohort,,not_in_moisture_cohort,,approved_branch_to_role_translation,By-product role,docs/decisions/0041-feed-material-structural-model.md;docs/decisions/0042-feed-process-and-material-state-axes.md,No reviewed grinding result or governed presentation-form assertion. No reviewed drying process or material-specific moisture evidence. Canonical legacy by-product branch classification translated to explicit productRole; compatibility hierarchy retained.
AOM_001300,Arugula Seed Ground,Crop Byproduct,true,false,true,approved_comminuted_form,Comminuted particle form,not_in_moisture_cohort,,approved_branch_to_role_translation,By-product role,docs/decisions/0041-feed-material-structural-model.md;docs/decisions/0042-feed-process-and-material-state-axes.md,"Approved Grinding process supports broad comminuted-particle presentation; bulk consistency, moisture, particle size, and meal/powder subtype remain unspecified. No reviewed drying process or material-specific moisture evidence. Canonical legacy by-product branch classification translated to explicit productRole; compatibility hierarchy retained."
AOM_001301,Linseed Cake Ground,Crop Byproduct,true,false,true,approved_comminuted_form,Comminuted particle form,not_in_moisture_cohort,,approved_branch_to_role_translation,By-product role,docs/decisions/0041-feed-material-structural-model.md;docs/decisions/0042-feed-process-and-material-state-axes.md,"Approved Grinding process supports broad comminuted-particle presentation; bulk consistency, moisture, particle size, and meal/powder subtype remain unspecified. No reviewed drying process or material-specific moisture evidence. Canonical legacy by-product branch classification translated to explicit productRole; compatibility hierarchy retained."
AOM_001303,Macadamia Cake,Crop Byproduct,false,false,false,approved_existing_specific_form,Cake form,not_in_moisture_cohort,,approved_branch_to_role_translation,By-product role,docs/decisions/0041-feed-material-structural-model.md;docs/decisions/0042-feed-process-and-material-state-axes.md,Existing reviewed presentation-form assertion remains authoritative. No reviewed drying process or material-specific moisture evidence. Canonical legacy by-product branch classification translated to explicit productRole; compatibility hierarchy retained.
AOM_001304,Noug Ground,Crop Byproduct,true,false,true,approved_comminuted_form,Comminuted particle form,not_in_moisture_cohort,,approved_branch_to_role_translation,By-product role,docs/decisions/0041-feed-material-structural-model.md;docs/decisions/0042-feed-process-and-material-state-axes.md,"Approved Grinding process supports broad comminuted-particle presentation; bulk consistency, moisture, particle size, and meal/powder subtype remain unspecified. No reviewed drying process or material-specific moisture evidence. Canonical legacy by-product branch classification translated to explicit productRole; compatibility hierarchy retained."
AOM_001306,Coconut Ground,Crop Byproduct,true,false,true,approved_comminuted_form,Comminuted particle form,not_in_moisture_cohort,,approved_branch_to_role_translation,By-product role,docs/decisions/0041-feed-material-structural-model.md;docs/decisions/0042-feed-process-and-material-state-axes.md,"Approved Grinding process supports broad comminuted-particle presentation; bulk consistency, moisture, particle size, and meal/powder subtype remain unspecified. No reviewed drying process or material-specific moisture evidence. Canonical legacy by-product branch classification translated to explicit productRole; compatibility hierarchy retained."
AOM_001307,Canola Ground,Crop Byproduct,true,false,true,approved_comminuted_form,Comminuted particle form,not_in_moisture_cohort,,approved_branch_to_role_translation,By-product role,docs/decisions/0041-feed-material-structural-model.md;docs/decisions/0042-feed-process-and-material-state-axes.md,"Approved Grinding process supports broad comminuted-particle presentation; bulk consistency, moisture, particle size, and meal/powder subtype remain unspecified. No reviewed drying process or material-specific moisture evidence. Canonical legacy by-product branch classification translated to explicit productRole; compatibility hierarchy retained."
AOM_001308,Canola Oil,Crop Product,false,false,false,not_in_form_cohort,,not_in_moisture_cohort,,not_in_role_cohort,,docs/decisions/0041-feed-material-structural-model.md;docs/decisions/0042-feed-process-and-material-state-axes.md,No reviewed grinding result or governed presentation-form assertion. No reviewed drying process or material-specific moisture evidence. No reviewed product-role evidence in this structural cohort.
AOM_001309,Canola,Crop Product,false,false,false,not_in_form_cohort,,not_in_moisture_cohort,,not_in_role_cohort,,docs/decisions/0041-feed-material-structural-model.md;docs/decisions/0042-feed-process-and-material-state-axes.md,No reviewed grinding result or governed presentation-form assertion. No reviewed drying process or material-specific moisture evidence. No reviewed product-role evidence in this structural cohort.
AOM_001311,Date,Crop Byproduct,false,false,false,not_in_form_cohort,,not_in_moisture_cohort,,approved_branch_to_role_translation,By-product role,docs/decisions/0041-feed-material-structural-model.md;docs/decisions/0042-feed-process-and-material-state-axes.md,No reviewed grinding result or governed presentation-form assertion. No reviewed drying process or material-specific moisture evidence. Canonical legacy by-product branch classification translated to explicit productRole; compatibility hierarchy retained.
AOM_001312,Cotton Seed,Crop Byproduct,false,false,false,not_in_form_cohort,,not_in_moisture_cohort,,approved_branch_to_role_translation,By-product role,docs/decisions/0041-feed-material-structural-model.md;docs/decisions/0042-feed-process-and-material-state-axes.md,No reviewed grinding result or governed presentation-form assertion. No reviewed drying process or material-specific moisture evidence. Canonical legacy by-product branch classification translated to explicit productRole; compatibility hierarchy retained.
AOM_001313,Whole-grain maize,Crop Product,false,false,false,not_in_form_cohort,,not_in_moisture_cohort,,not_in_role_cohort,,docs/decisions/0041-feed-material-structural-model.md;docs/decisions/0042-feed-process-and-material-state-axes.md,No reviewed grinding result or governed presentation-form assertion. No reviewed drying process or material-specific moisture evidence. No reviewed product-role evidence in this structural cohort.
AOM_001314,Pigeon Pea,Crop Byproduct,false,false,false,not_in_form_cohort,,not_in_moisture_cohort,,approved_branch_to_role_translation,By-product role,docs/decisions/0041-feed-material-structural-model.md;docs/decisions/0042-feed-process-and-material-state-axes.md,No reviewed grinding result or governed presentation-form assertion. No reviewed drying process or material-specific moisture evidence. Canonical legacy by-product branch classification translated to explicit productRole; compatibility hierarchy retained.
AOM_001316,Sorghum,Crop Product,false,false,false,not_in_form_cohort,,not_in_moisture_cohort,,not_in_role_cohort,,docs/decisions/0041-feed-material-structural-model.md;docs/decisions/0042-feed-process-and-material-state-axes.md,No reviewed grinding result or governed presentation-form assertion. No reviewed drying process or material-specific moisture evidence. No reviewed product-role evidence in this structural cohort.
AOM_001317,Soybean Full Fat,Crop Product,false,false,false,not_in_form_cohort,,not_in_moisture_cohort,,not_in_role_cohort,,docs/decisions/0041-feed-material-structural-model.md;docs/decisions/0042-feed-process-and-material-state-axes.md,No reviewed grinding result or governed presentation-form assertion. No reviewed drying process or material-specific moisture evidence. No reviewed product-role evidence in this structural cohort.
AOM_001318,Wheat Grain,Crop Byproduct,false,false,false,not_in_form_cohort,,not_in_moisture_cohort,,approved_branch_to_role_translation,By-product role,docs/decisions/0041-feed-material-structural-model.md;docs/decisions/0042-feed-process-and-material-state-axes.md,No reviewed grinding result or governed presentation-form assertion. No reviewed drying process or material-specific moisture evidence. Canonical legacy by-product branch classification translated to explicit productRole; compatibility hierarchy retained.
AOM_001319,Wheat,Crop Product,false,false,false,not_in_form_cohort,,not_in_moisture_cohort,,not_in_role_cohort,,docs/decisions/0041-feed-material-structural-model.md;docs/decisions/0042-feed-process-and-material-state-axes.md,No reviewed grinding result or governed presentation-form assertion. No reviewed drying process or material-specific moisture evidence. No reviewed product-role evidence in this structural cohort.
AOM_001320,Common Bean Crushed,Crop Product,false,false,false,not_in_form_cohort,,not_in_moisture_cohort,,not_in_role_cohort,,docs/decisions/0041-feed-material-structural-model.md;docs/decisions/0042-feed-process-and-material-state-axes.md,No reviewed grinding result or governed presentation-form assertion. No reviewed drying process or material-specific moisture evidence. No reviewed product-role evidence in this structural cohort.
AOM_001321,Safflower Ground,Crop Product,true,false,true,approved_comminuted_form,Comminuted particle form,not_in_moisture_cohort,,not_in_role_cohort,,docs/decisions/0041-feed-material-structural-model.md;docs/decisions/0042-feed-process-and-material-state-axes.md,"Approved Grinding process supports broad comminuted-particle presentation; bulk consistency, moisture, particle size, and meal/powder subtype remain unspecified. No reviewed drying process or material-specific moisture evidence. No reviewed product-role evidence in this structural cohort."
AOM_001322,Cassava Ground,Crop Product,true,false,false,approved_comminuted_form,Comminuted particle form,not_in_moisture_cohort,,not_in_role_cohort,,docs/decisions/0041-feed-material-structural-model.md;docs/decisions/0042-feed-process-and-material-state-axes.md,"Approved Grinding process supports broad comminuted-particle presentation; bulk consistency, moisture, particle size, and meal/powder subtype remain unspecified. No reviewed drying process or material-specific moisture evidence. No reviewed product-role evidence in this structural cohort."
AOM_001323,Coffee Ground Roasted,Crop Product,true,false,false,approved_comminuted_form,Comminuted particle form,not_in_moisture_cohort,,not_in_role_cohort,,docs/decisions/0041-feed-material-structural-model.md;docs/decisions/0042-feed-process-and-material-state-axes.md,"Approved Grinding process supports broad comminuted-particle presentation; bulk consistency, moisture, particle size, and meal/powder subtype remain unspecified. No reviewed drying process or material-specific moisture evidence. No reviewed product-role evidence in this structural cohort."
AOM_001324,Ground whole-grain maize,Crop Product,true,false,true,approved_comminuted_form,Comminuted particle form,not_in_moisture_cohort,,not_in_role_cohort,,docs/decisions/0041-feed-material-structural-model.md;docs/decisions/0042-feed-process-and-material-state-axes.md,"Approved Grinding process supports broad comminuted-particle presentation; bulk consistency, moisture, particle size, and meal/powder subtype remain unspecified. No reviewed drying process or material-specific moisture evidence. No reviewed product-role evidence in this structural cohort."
AOM_001326,Whole-crop maize silage,Crop Product,false,false,false,not_in_form_cohort,,not_in_moisture_cohort,,not_in_role_cohort,,docs/decisions/0041-feed-material-structural-model.md;docs/decisions/0042-feed-process-and-material-state-axes.md,No reviewed grinding result or governed presentation-form assertion. No reviewed drying process or material-specific moisture evidence. No reviewed product-role evidence in this structural cohort.
AOM_001331,Oat Grain,Crop Product,false,false,false,not_in_form_cohort,,not_in_moisture_cohort,,not_in_role_cohort,,docs/decisions/0041-feed-material-structural-model.md;docs/decisions/0042-feed-process-and-material-state-axes.md,No reviewed grinding result or governed presentation-form assertion. No reviewed drying process or material-specific moisture evidence. No reviewed product-role evidence in this structural cohort.
AOM_001332,Oat Ground,Crop Product,true,false,true,approved_comminuted_form,Comminuted particle form,not_in_moisture_cohort,,not_in_role_cohort,,docs/decisions/0041-feed-material-structural-model.md;docs/decisions/0042-feed-process-and-material-state-axes.md,"Approved Grinding process supports broad comminuted-particle presentation; bulk consistency, moisture, particle size, and meal/powder subtype remain unspecified. No reviewed drying process or material-specific moisture evidence. No reviewed product-role evidence in this structural cohort."
AOM_001333,Oil,Crop Product,false,false,false,not_in_form_cohort,,not_in_moisture_cohort,,not_in_role_cohort,,docs/decisions/0041-feed-material-structural-model.md;docs/decisions/0042-feed-process-and-material-state-axes.md,No reviewed grinding result or governed presentation-form assertion. No reviewed drying process or material-specific moisture evidence. No reviewed product-role evidence in this structural cohort.
AOM_001334,Pearl Millet,Crop Product,false,false,false,not_in_form_cohort,,not_in_moisture_cohort,,not_in_role_cohort,,docs/decisions/0041-feed-material-structural-model.md;docs/decisions/0042-feed-process-and-material-state-axes.md,No reviewed grinding result or governed presentation-form assertion. No reviewed drying process or material-specific moisture evidence. No reviewed product-role evidence in this structural cohort.
AOM_001335,Sesame Ground,Crop Byproduct,true,false,true,approved_comminuted_form,Comminuted particle form,not_in_moisture_cohort,,approved_branch_to_role_translation,By-product role,docs/decisions/0041-feed-material-structural-model.md;docs/decisions/0042-feed-process-and-material-state-axes.md,"Approved Grinding process supports broad comminuted-particle presentation; bulk consistency, moisture, particle size, and meal/powder subtype remain unspecified. No reviewed drying process or material-specific moisture evidence. Canonical legacy by-product branch classification translated to explicit productRole; compatibility hierarchy retained."
AOM_001336,Sesame Seed Ground,Crop Byproduct,true,false,true,approved_comminuted_form,Comminuted particle form,not_in_moisture_cohort,,approved_branch_to_role_translation,By-product role,docs/decisions/0041-feed-material-structural-model.md;docs/decisions/0042-feed-process-and-material-state-axes.md,"Approved Grinding process supports broad comminuted-particle presentation; bulk consistency, moisture, particle size, and meal/powder subtype remain unspecified. No reviewed drying process or material-specific moisture evidence. Canonical legacy by-product branch classification translated to explicit productRole; compatibility hierarchy retained."
AOM_001337,Sunflower Ground,Crop Byproduct,true,false,true,approved_comminuted_form,Comminuted particle form,not_in_moisture_cohort,,approved_branch_to_role_translation,By-product role,docs/decisions/0041-feed-material-structural-model.md;docs/decisions/0042-feed-process-and-material-state-axes.md,"Approved Grinding process supports broad comminuted-particle presentation; bulk consistency, moisture, particle size, and meal/powder subtype remain unspecified. No reviewed drying process or material-specific moisture evidence. Canonical legacy by-product branch classification translated to explicit productRole; compatibility hierarchy retained."
AOM_001338,Sunflower Seed Cake,Crop Byproduct,false,false,false,not_in_form_cohort,,not_in_moisture_cohort,,approved_branch_to_role_translation,By-product role,docs/decisions/0041-feed-material-structural-model.md;docs/decisions/0042-feed-process-and-material-state-axes.md,No reviewed grinding result or governed presentation-form assertion. No reviewed drying process or material-specific moisture evidence. Canonical legacy by-product branch classification translated to explicit productRole; compatibility hierarchy retained.
AOM_001339,Sorghum Ensiled,Crop Product,false,false,false,not_in_form_cohort,,not_in_moisture_cohort,,not_in_role_cohort,,docs/decisions/0041-feed-material-structural-model.md;docs/decisions/0042-feed-process-and-material-state-axes.md,No reviewed grinding result or governed presentation-form assertion. No reviewed drying process or material-specific moisture evidence. No reviewed product-role evidence in this structural cohort.
AOM_001344,Rosemary Oil,Crop Product,false,false,false,not_in_form_cohort,,not_in_moisture_cohort,,not_in_role_cohort,,docs/decisions/0041-feed-material-structural-model.md;docs/decisions/0042-feed-process-and-material-state-axes.md,No reviewed grinding result or governed presentation-form assertion. No reviewed drying process or material-specific moisture evidence. No reviewed product-role evidence in this structural cohort.
AOM_001345,Rosemary Leaves,Crop Product,false,false,false,not_in_form_cohort,,not_in_moisture_cohort,,not_in_role_cohort,,docs/decisions/0041-feed-material-structural-model.md;docs/decisions/0042-feed-process-and-material-state-axes.md,No reviewed grinding result or governed presentation-form assertion. No reviewed drying process or material-specific moisture evidence. No reviewed product-role evidence in this structural cohort.
AOM_001346,Wheat Ground,Crop Product,true,false,true,approved_comminuted_form,Comminuted particle form,not_in_moisture_cohort,,not_in_role_cohort,,docs/decisions/0041-feed-material-structural-model.md;docs/decisions/0042-feed-process-and-material-state-axes.md,"Approved Grinding process supports broad comminuted-particle presentation; bulk consistency, moisture, particle size, and meal/powder subtype remain unspecified. No reviewed drying process or material-specific moisture evidence. No reviewed product-role evidence in this structural cohort."
AOM_001347,Winged Bean Autoclaved Ground,Crop Product,true,false,true,approved_comminuted_form,Comminuted particle form,not_in_moisture_cohort,,not_in_role_cohort,,docs/decisions/0041-feed-material-structural-model.md;docs/decisions/0042-feed-process-and-material-state-axes.md,"Approved Grinding process supports broad comminuted-particle presentation; bulk consistency, moisture, particle size, and meal/powder subtype remain unspecified. No reviewed drying process or material-specific moisture evidence. No reviewed product-role evidence in this structural cohort."
AOM_001348,Winged Bean Ground Roasted,Crop Product,true,false,true,approved_comminuted_form,Comminuted particle form,not_in_moisture_cohort,,not_in_role_cohort,,docs/decisions/0041-feed-material-structural-model.md;docs/decisions/0042-feed-process-and-material-state-axes.md,"Approved Grinding process supports broad comminuted-particle presentation; bulk consistency, moisture, particle size, and meal/powder subtype remain unspecified. No reviewed drying process or material-specific moisture evidence. No reviewed product-role evidence in this structural cohort."
AOM_001351,Blue Lupin,Crop Product,false,false,false,not_in_form_cohort,,not_in_moisture_cohort,,not_in_role_cohort,,docs/decisions/0041-feed-material-structural-model.md;docs/decisions/0042-feed-process-and-material-state-axes.md,No reviewed grinding result or governed presentation-form assertion. No reviewed drying process or material-specific moisture evidence. No reviewed product-role evidence in this structural cohort.
AOM_001354,Turmeric,Crop Product,false,false,false,not_in_form_cohort,,not_in_moisture_cohort,,not_in_role_cohort,,docs/decisions/0041-feed-material-structural-model.md;docs/decisions/0042-feed-process-and-material-state-axes.md,No reviewed grinding result or governed presentation-form assertion. No reviewed drying process or material-specific moisture evidence. No reviewed product-role evidence in this structural cohort.
AOM_001355,Oat Ensiled,Crop Product,false,false,false,not_in_form_cohort,,not_in_moisture_cohort,,not_in_role_cohort,,docs/decisions/0041-feed-material-structural-model.md;docs/decisions/0042-feed-process-and-material-state-axes.md,No reviewed grinding result or governed presentation-form assertion. No reviewed drying process or material-specific moisture evidence. No reviewed product-role evidence in this structural cohort.
AOM_001357,Black Cumin Seed,Crop Product,false,false,false,not_in_form_cohort,,not_in_moisture_cohort,,not_in_role_cohort,,docs/decisions/0041-feed-material-structural-model.md;docs/decisions/0042-feed-process-and-material-state-axes.md,No reviewed grinding result or governed presentation-form assertion. No reviewed drying process or material-specific moisture evidence. No reviewed product-role evidence in this structural cohort.
AOM_001358,Black Cumin Ground,Crop Product,true,false,true,approved_comminuted_form,Comminuted particle form,not_in_moisture_cohort,,not_in_role_cohort,,docs/decisions/0041-feed-material-structural-model.md;docs/decisions/0042-feed-process-and-material-state-axes.md,"Approved Grinding process supports broad comminuted-particle presentation; bulk consistency, moisture, particle size, and meal/powder subtype remain unspecified. No reviewed drying process or material-specific moisture evidence. No reviewed product-role evidence in this structural cohort."
AOM_001359,Onion Bulb,Crop Product,false,false,false,not_in_form_cohort,,not_in_moisture_cohort,,not_in_role_cohort,,docs/decisions/0041-feed-material-structural-model.md;docs/decisions/0042-feed-process-and-material-state-axes.md,No reviewed grinding result or governed presentation-form assertion. No reviewed drying process or material-specific moisture evidence. No reviewed product-role evidence in this structural cohort.
AOM_001360,Scarlet Eggplant,Crop Product,false,false,false,not_in_form_cohort,,not_in_moisture_cohort,,not_in_role_cohort,,docs/decisions/0041-feed-material-structural-model.md;docs/decisions/0042-feed-process-and-material-state-axes.md,No reviewed grinding result or governed presentation-form assertion. No reviewed drying process or material-specific moisture evidence. No reviewed product-role evidence in this structural cohort.
AOM_001361,Soybean Flakes Defatted,Crop Byproduct,false,false,false,not_in_form_cohort,,not_in_moisture_cohort,,approved_branch_to_role_translation,By-product role,docs/decisions/0041-feed-material-structural-model.md;docs/decisions/0042-feed-process-and-material-state-axes.md,No reviewed grinding result or governed presentation-form assertion. No reviewed drying process or material-specific moisture evidence. Canonical legacy by-product branch classification translated to explicit productRole; compatibility hierarchy retained.
AOM_001362,Soybean Flakes Defatted Extruded,Crop Byproduct,false,false,false,not_in_form_cohort,,not_in_moisture_cohort,,approved_branch_to_role_translation,By-product role,docs/decisions/0041-feed-material-structural-model.md;docs/decisions/0042-feed-process-and-material-state-axes.md,No reviewed grinding result or governed presentation-form assertion. No reviewed drying process or material-specific moisture evidence. Canonical legacy by-product branch classification translated to explicit productRole; compatibility hierarchy retained.
AOM_001364,Soybean Full Fat Roasted,Crop Product,false,false,false,not_in_form_cohort,,not_in_moisture_cohort,,not_in_role_cohort,,docs/decisions/0041-feed-material-structural-model.md;docs/decisions/0042-feed-process-and-material-state-axes.md,No reviewed grinding result or governed presentation-form assertion. No reviewed drying process or material-specific moisture evidence. No reviewed product-role evidence in this structural cohort.
AOM_001365,Sorghum Sprout,Crop Product,false,false,false,not_in_form_cohort,,not_in_moisture_cohort,,not_in_role_cohort,,docs/decisions/0041-feed-material-structural-model.md;docs/decisions/0042-feed-process-and-material-state-axes.md,No reviewed grinding result or governed presentation-form assertion. No reviewed drying process or material-specific moisture evidence. No reviewed product-role evidence in this structural cohort.
AOM_001366,Guar Gum Ground,Crop Byproduct,true,false,true,approved_comminuted_form,Comminuted particle form,not_in_moisture_cohort,,approved_branch_to_role_translation,By-product role,docs/decisions/0041-feed-material-structural-model.md;docs/decisions/0042-feed-process-and-material-state-axes.md,"Approved Grinding process supports broad comminuted-particle presentation; bulk consistency, moisture, particle size, and meal/powder subtype remain unspecified. No reviewed drying process or material-specific moisture evidence. Canonical legacy by-product branch classification translated to explicit productRole; compatibility hierarchy retained."
AOM_001367,Ammonium Chloride,Supplement,false,false,false,not_in_form_cohort,,not_in_moisture_cohort,,not_in_role_cohort,,docs/decisions/0041-feed-material-structural-model.md;docs/decisions/0042-feed-process-and-material-state-axes.md,No reviewed grinding result or governed presentation-form assertion. No reviewed drying process or material-specific moisture evidence. No reviewed product-role evidence in this structural cohort.
AOM_001368,Ammonium Sulphate,Supplement,false,false,false,not_in_form_cohort,,not_in_moisture_cohort,,not_in_role_cohort,,docs/decisions/0041-feed-material-structural-model.md;docs/decisions/0042-feed-process-and-material-state-axes.md,No reviewed grinding result or governed presentation-form assertion. No reviewed drying process or material-specific moisture evidence. No reviewed product-role evidence in this structural cohort.
AOM_001369,Calcium Bicarbonate,Supplement,false,false,false,not_in_form_cohort,,not_in_moisture_cohort,,not_in_role_cohort,,docs/decisions/0041-feed-material-structural-model.md;docs/decisions/0042-feed-process-and-material-state-axes.md,No reviewed grinding result or governed presentation-form assertion. No reviewed drying process or material-specific moisture evidence. No reviewed product-role evidence in this structural cohort.
AOM_001370,Calcium Carbonate,Supplement,false,false,false,not_in_form_cohort,,not_in_moisture_cohort,,not_in_role_cohort,,docs/decisions/0041-feed-material-structural-model.md;docs/decisions/0042-feed-process-and-material-state-axes.md,No reviewed grinding result or governed presentation-form assertion. No reviewed drying process or material-specific moisture evidence. No reviewed product-role evidence in this structural cohort.
AOM_001371,Calcium Oxide,Supplement,false,false,false,not_in_form_cohort,,not_in_moisture_cohort,,not_in_role_cohort,,docs/decisions/0041-feed-material-structural-model.md;docs/decisions/0042-feed-process-and-material-state-axes.md,No reviewed grinding result or governed presentation-form assertion. No reviewed drying process or material-specific moisture evidence. No reviewed product-role evidence in this structural cohort.
AOM_001372,Calcium Phosphate,Supplement,false,false,false,not_in_form_cohort,,not_in_moisture_cohort,,not_in_role_cohort,,docs/decisions/0041-feed-material-structural-model.md;docs/decisions/0042-feed-process-and-material-state-axes.md,No reviewed grinding result or governed presentation-form assertion. No reviewed drying process or material-specific moisture evidence. No reviewed product-role evidence in this structural cohort.
AOM_001373,Cellulose,Other Ingredients,false,false,false,not_in_form_cohort,,not_in_moisture_cohort,,approved_existing_role,Binder role,docs/decisions/0041-feed-material-structural-model.md;docs/decisions/0042-feed-process-and-material-state-axes.md,No reviewed grinding result or governed presentation-form assertion. No reviewed drying process or material-specific moisture evidence. Existing reviewed product-role assertion remains authoritative.
AOM_001374,Gelatin,Other Ingredients,false,false,false,not_in_form_cohort,,not_in_moisture_cohort,,not_in_role_cohort,,docs/decisions/0041-feed-material-structural-model.md;docs/decisions/0042-feed-process-and-material-state-axes.md,No reviewed grinding result or governed presentation-form assertion. No reviewed drying process or material-specific moisture evidence. No reviewed product-role evidence in this structural cohort.
AOM_001375,Choline Cloride Ground,Supplement,true,false,false,approved_comminuted_form,Comminuted particle form,not_in_moisture_cohort,,not_in_role_cohort,,docs/decisions/0041-feed-material-structural-model.md;docs/decisions/0042-feed-process-and-material-state-axes.md,"Approved Grinding process supports broad comminuted-particle presentation; bulk consistency, moisture, particle size, and meal/powder subtype remain unspecified. No reviewed drying process or material-specific moisture evidence. No reviewed product-role evidence in this structural cohort."
AOM_001376,Dexapanthenol,Supplement,false,false,false,not_in_form_cohort,,not_in_moisture_cohort,,not_in_role_cohort,,docs/decisions/0041-feed-material-structural-model.md;docs/decisions/0042-feed-process-and-material-state-axes.md,No reviewed grinding result or governed presentation-form assertion. No reviewed drying process or material-specific moisture evidence. No reviewed product-role evidence in this structural cohort.
AOM_001377,Methionine,Supplement,false,false,false,not_in_form_cohort,,not_in_moisture_cohort,,not_in_role_cohort,,docs/decisions/0041-feed-material-structural-model.md;docs/decisions/0042-feed-process-and-material-state-axes.md,No reviewed grinding result or governed presentation-form assertion. No reviewed drying process or material-specific moisture evidence. No reviewed product-role evidence in this structural cohort.
AOM_001378,Magnesium Oxide,Supplement,false,false,false,not_in_form_cohort,,not_in_moisture_cohort,,not_in_role_cohort,,docs/decisions/0041-feed-material-structural-model.md;docs/decisions/0042-feed-process-and-material-state-axes.md,No reviewed grinding result or governed presentation-form assertion. No reviewed drying process or material-specific moisture evidence. No reviewed product-role evidence in this structural cohort.
AOM_001379,Andropogon,Forage Plants,false,false,false,not_in_form_cohort,,not_in_moisture_cohort,,not_in_role_cohort,,docs/decisions/0041-feed-material-structural-model.md;docs/decisions/0042-feed-process-and-material-state-axes.md,No reviewed grinding result or governed presentation-form assertion. No reviewed drying process or material-specific moisture evidence. No reviewed product-role evidence in this structural cohort.
AOM_001380,Andropogon gayanus,Forage Plants,false,false,false,not_in_form_cohort,,not_in_moisture_cohort,,not_in_role_cohort,,docs/decisions/0041-feed-material-structural-model.md;docs/decisions/0042-feed-process-and-material-state-axes.md,No reviewed grinding result or governed presentation-form assertion. No reviewed drying process or material-specific moisture evidence. No reviewed product-role evidence in this structural cohort.
AOM_001381,Andropogon gayanus Ensiled,Forage Plants,false,false,false,not_in_form_cohort,,not_in_moisture_cohort,,not_in_role_cohort,,docs/decisions/0041-feed-material-structural-model.md;docs/decisions/0042-feed-process-and-material-state-axes.md,No reviewed grinding result or governed presentation-form assertion. No reviewed drying process or material-specific moisture evidence. No reviewed product-role evidence in this structural cohort.
AOM_001382,Andropogon abyssinica,Forage Plants,false,false,false,not_in_form_cohort,,not_in_moisture_cohort,,not_in_role_cohort,,docs/decisions/0041-feed-material-structural-model.md;docs/decisions/0042-feed-process-and-material-state-axes.md,No reviewed grinding result or governed presentation-form assertion. No reviewed drying process or material-specific moisture evidence. No reviewed product-role evidence in this structural cohort.
AOM_001383,Andropogon guianensis,Forage Plants,false,false,false,not_in_form_cohort,,not_in_moisture_cohort,,not_in_role_cohort,,docs/decisions/0041-feed-material-structural-model.md;docs/decisions/0042-feed-process-and-material-state-axes.md,No reviewed grinding result or governed presentation-form assertion. No reviewed drying process or material-specific moisture evidence. No reviewed product-role evidence in this structural cohort.
AOM_001385,Brachiaria brizantha,Forage Plants,false,false,false,not_in_form_cohort,,not_in_moisture_cohort,,not_in_role_cohort,,docs/decisions/0041-feed-material-structural-model.md;docs/decisions/0042-feed-process-and-material-state-axes.md,No reviewed grinding result or governed presentation-form assertion. No reviewed drying process or material-specific moisture evidence. No reviewed product-role evidence in this structural cohort.
AOM_001386,Hordeum vulgare Dried,Forage Plants,false,true,false,not_in_form_cohort,,approved_dried_from_process,Dried moisture condition,not_in_role_cohort,,docs/decisions/0041-feed-material-structural-model.md;docs/decisions/0042-feed-process-and-material-state-axes.md,No reviewed grinding result or governed presentation-form assertion. Approved Drying process supports dried moisture condition without implying one presentation form. No reviewed product-role evidence in this structural cohort.
AOM_001388,Digitaria abyssinica,Forage Plants,false,false,false,not_in_form_cohort,,not_in_moisture_cohort,,not_in_role_cohort,,docs/decisions/0041-feed-material-structural-model.md;docs/decisions/0042-feed-process-and-material-state-axes.md,No reviewed grinding result or governed presentation-form assertion. No reviewed drying process or material-specific moisture evidence. No reviewed product-role evidence in this structural cohort.
AOM_001389,Digitaria decumbens,Forage Plants,false,false,false,not_in_form_cohort,,not_in_moisture_cohort,,not_in_role_cohort,,docs/decisions/0041-feed-material-structural-model.md;docs/decisions/0042-feed-process-and-material-state-axes.md,No reviewed grinding result or governed presentation-form assertion. No reviewed drying process or material-specific moisture evidence. No reviewed product-role evidence in this structural cohort.
AOM_001390,Digitaria nodosa,Forage Plants,false,false,false,not_in_form_cohort,,not_in_moisture_cohort,,not_in_role_cohort,,docs/decisions/0041-feed-material-structural-model.md;docs/decisions/0042-feed-process-and-material-state-axes.md,No reviewed grinding result or governed presentation-form assertion. No reviewed drying process or material-specific moisture evidence. No reviewed product-role evidence in this structural cohort.
AOM_001391,Digitaria smutsii,Forage Plants,false,false,false,not_in_form_cohort,,not_in_moisture_cohort,,not_in_role_cohort,,docs/decisions/0041-feed-material-structural-model.md;docs/decisions/0042-feed-process-and-material-state-axes.md,No reviewed grinding result or governed presentation-form assertion. No reviewed drying process or material-specific moisture evidence. No reviewed product-role evidence in this structural cohort.
AOM_001392,Digitaria ternota,Forage Plants,false,false,false,not_in_form_cohort,,not_in_moisture_cohort,,not_in_role_cohort,,docs/decisions/0041-feed-material-structural-model.md;docs/decisions/0042-feed-process-and-material-state-axes.md,No reviewed grinding result or governed presentation-form assertion. No reviewed drying process or material-specific moisture evidence. No reviewed product-role evidence in this structural cohort.
AOM_001393,Eragrostis curvula,Forage Plants,false,false,false,not_in_form_cohort,,not_in_moisture_cohort,,not_in_role_cohort,,docs/decisions/0041-feed-material-structural-model.md;docs/decisions/0042-feed-process-and-material-state-axes.md,No reviewed grinding result or governed presentation-form assertion. No reviewed drying process or material-specific moisture evidence. No reviewed product-role evidence in this structural cohort.
AOM_001395,Bracharia,Forage Plants,false,false,false,not_in_form_cohort,,not_in_moisture_cohort,,not_in_role_cohort,,docs/decisions/0041-feed-material-structural-model.md;docs/decisions/0042-feed-process-and-material-state-axes.md,No reviewed grinding result or governed presentation-form assertion. No reviewed drying process or material-specific moisture evidence. No reviewed product-role evidence in this structural cohort.
AOM_001396,Bracharia Dried,Forage Plants,false,true,false,not_in_form_cohort,,approved_dried_from_process,Dried moisture condition,not_in_role_cohort,,docs/decisions/0041-feed-material-structural-model.md;docs/decisions/0042-feed-process-and-material-state-axes.md,No reviewed grinding result or governed presentation-form assertion. Approved Drying process supports dried moisture condition without implying one presentation form. No reviewed product-role evidence in this structural cohort.
AOM_001397,Bracharia decumbens,Forage Plants,false,false,false,not_in_form_cohort,,not_in_moisture_cohort,,not_in_role_cohort,,docs/decisions/0041-feed-material-structural-model.md;docs/decisions/0042-feed-process-and-material-state-axes.md,No reviewed grinding result or governed presentation-form assertion. No reviewed drying process or material-specific moisture evidence. No reviewed product-role evidence in this structural cohort.
AOM_001398,Brachiaria ruziziensis,Forage Plants,false,false,false,not_in_form_cohort,,not_in_moisture_cohort,,not_in_role_cohort,,docs/decisions/0041-feed-material-structural-model.md;docs/decisions/0042-feed-process-and-material-state-axes.md,No reviewed grinding result or governed presentation-form assertion. No reviewed drying process or material-specific moisture evidence. No reviewed product-role evidence in this structural cohort.
AOM_001399,Brachiaria serrata,Forage Plants,false,false,false,not_in_form_cohort,,not_in_moisture_cohort,,not_in_role_cohort,,docs/decisions/0041-feed-material-structural-model.md;docs/decisions/0042-feed-process-and-material-state-axes.md,No reviewed grinding result or governed presentation-form assertion. No reviewed drying process or material-specific moisture evidence. No reviewed product-role evidence in this structural cohort.
AOM_001400,Cenchrus ciliaris Dried,Forage Plants,false,true,false,not_in_form_cohort,,approved_dried_from_process,Dried moisture condition,not_in_role_cohort,,docs/decisions/0041-feed-material-structural-model.md;docs/decisions/0042-feed-process-and-material-state-axes.md,No reviewed grinding result or governed presentation-form assertion. Approved Drying process supports dried moisture condition without implying one presentation form. No reviewed product-role evidence in this structural cohort.
AOM_001401,Chloris,Forage Plants,false,false,false,not_in_form_cohort,,not_in_moisture_cohort,,not_in_role_cohort,,docs/decisions/0041-feed-material-structural-model.md;docs/decisions/0042-feed-process-and-material-state-axes.md,No reviewed grinding result or governed presentation-form assertion. No reviewed drying process or material-specific moisture evidence. No reviewed product-role evidence in this structural cohort.
AOM_001402,Chloris gayana,Forage Plants,false,false,false,not_in_form_cohort,,not_in_moisture_cohort,,not_in_role_cohort,,docs/decisions/0041-feed-material-structural-model.md;docs/decisions/0042-feed-process-and-material-state-axes.md,No reviewed grinding result or governed presentation-form assertion. No reviewed drying process or material-specific moisture evidence. No reviewed product-role evidence in this structural cohort.
AOM_001404,Hyparrhenia Dried,Forage Plants,false,true,false,not_in_form_cohort,,approved_dried_from_process,Dried moisture condition,not_in_role_cohort,,docs/decisions/0041-feed-material-structural-model.md;docs/decisions/0042-feed-process-and-material-state-axes.md,No reviewed grinding result or governed presentation-form assertion. Approved Drying process supports dried moisture condition without implying one presentation form. No reviewed product-role evidence in this structural cohort.
AOM_001405,Hyparrhenia rufa,Forage Plants,false,false,false,not_in_form_cohort,,not_in_moisture_cohort,,not_in_role_cohort,,docs/decisions/0041-feed-material-structural-model.md;docs/decisions/0042-feed-process-and-material-state-axes.md,No reviewed grinding result or governed presentation-form assertion. No reviewed drying process or material-specific moisture evidence. No reviewed product-role evidence in this structural cohort.
AOM_001407,Panicum maximum,Forage Plants,false,false,false,not_in_form_cohort,,not_in_moisture_cohort,,not_in_role_cohort,,docs/decisions/0041-feed-material-structural-model.md;docs/decisions/0042-feed-process-and-material-state-axes.md,No reviewed grinding result or governed presentation-form assertion. No reviewed drying process or material-specific moisture evidence. No reviewed product-role evidence in this structural cohort.
AOM_001408,Panicum maximum Straw,Forage Plants,false,false,false,not_in_form_cohort,,not_in_moisture_cohort,,not_in_role_cohort,,docs/decisions/0041-feed-material-structural-model.md;docs/decisions/0042-feed-process-and-material-state-axes.md,No reviewed grinding result or governed presentation-form assertion. No reviewed drying process or material-specific moisture evidence. No reviewed product-role evidence in this structural cohort.
AOM_001409,Pennisetum clandestinum,Forage Plants,false,false,false,not_in_form_cohort,,not_in_moisture_cohort,,not_in_role_cohort,,docs/decisions/0041-feed-material-structural-model.md;docs/decisions/0042-feed-process-and-material-state-axes.md,No reviewed grinding result or governed presentation-form assertion. No reviewed drying process or material-specific moisture evidence. No reviewed product-role evidence in this structural cohort.
AOM_001410,Pennisetum clandestinum Ensiled,Forage Plants,false,false,false,not_in_form_cohort,,not_in_moisture_cohort,,not_in_role_cohort,,docs/decisions/0041-feed-material-structural-model.md;docs/decisions/0042-feed-process-and-material-state-axes.md,No reviewed grinding result or governed presentation-form assertion. No reviewed drying process or material-specific moisture evidence. No reviewed product-role evidence in this structural cohort.
AOM_001411,Pennisetum clandestinum Ground,Forage Plants,true,false,true,approved_comminuted_form,Comminuted particle form,not_in_moisture_cohort,,not_in_role_cohort,,docs/decisions/0041-feed-material-structural-model.md;docs/decisions/0042-feed-process-and-material-state-axes.md,"Approved Grinding process supports broad comminuted-particle presentation; bulk consistency, moisture, particle size, and meal/powder subtype remain unspecified. No reviewed drying process or material-specific moisture evidence. No reviewed product-role evidence in this structural cohort."
AOM_001412,Pennisetum mezianum,Forage Plants,false,false,false,not_in_form_cohort,,not_in_moisture_cohort,,not_in_role_cohort,,docs/decisions/0041-feed-material-structural-model.md;docs/decisions/0042-feed-process-and-material-state-axes.md,No reviewed grinding result or governed presentation-form assertion. No reviewed drying process or material-specific moisture evidence. No reviewed product-role evidence in this structural cohort.
AOM_001413,Pennisetum pedicellatum,Forage Plants,false,false,false,not_in_form_cohort,,not_in_moisture_cohort,,not_in_role_cohort,,docs/decisions/0041-feed-material-structural-model.md;docs/decisions/0042-feed-process-and-material-state-axes.md,No reviewed grinding result or governed presentation-form assertion. No reviewed drying process or material-specific moisture evidence. No reviewed product-role evidence in this structural cohort.
AOM_001415,Mineral Mix,Supplement,false,false,false,not_in_form_cohort,,not_in_moisture_cohort,,not_in_role_cohort,,docs/decisions/0041-feed-material-structural-model.md;docs/decisions/0042-feed-process-and-material-state-axes.md,No reviewed grinding result or governed presentation-form assertion. No reviewed drying process or material-specific moisture evidence. No reviewed product-role evidence in this structural cohort.
AOM_001417,Zinc Manganese,Supplement,false,false,false,not_in_form_cohort,,not_in_moisture_cohort,,not_in_role_cohort,,docs/decisions/0041-feed-material-structural-model.md;docs/decisions/0042-feed-process-and-material-state-axes.md,No reviewed grinding result or governed presentation-form assertion. No reviewed drying process or material-specific moisture evidence. No reviewed product-role evidence in this structural cohort.
AOM_001418,Zinc Oxide,Supplement,false,false,false,not_in_form_cohort,,not_in_moisture_cohort,,not_in_role_cohort,,docs/decisions/0041-feed-material-structural-model.md;docs/decisions/0042-feed-process-and-material-state-axes.md,No reviewed grinding result or governed presentation-form assertion. No reviewed drying process or material-specific moisture evidence. No reviewed product-role evidence in this structural cohort.
AOM_001419,Saccharomyces cerevisiae Dried,Probiotic,false,true,false,not_in_form_cohort,,approved_dried_from_process,Dried moisture condition,not_in_role_cohort,,docs/decisions/0041-feed-material-structural-model.md;docs/decisions/0042-feed-process-and-material-state-axes.md,No reviewed grinding result or governed presentation-form assertion. Approved Drying process supports dried moisture condition without implying one presentation form. No reviewed product-role evidence in this structural cohort.
AOM_001420,Saccharomyces cerevisiae,Probiotic,false,false,false,not_in_form_cohort,,not_in_moisture_cohort,,not_in_role_cohort,,docs/decisions/0041-feed-material-structural-model.md;docs/decisions/0042-feed-process-and-material-state-axes.md,No reviewed grinding result or governed presentation-form assertion. No reviewed drying process or material-specific moisture evidence. No reviewed product-role evidence in this structural cohort.
AOM_001421,Saccharomyces cerevisiae Slurry,Probiotic,false,false,false,not_in_form_cohort,,not_in_moisture_cohort,,not_in_role_cohort,,docs/decisions/0041-feed-material-structural-model.md;docs/decisions/0042-feed-process-and-material-state-axes.md,No reviewed grinding result or governed presentation-form assertion. No reviewed drying process or material-specific moisture evidence. No reviewed product-role evidence in this structural cohort.
AOM_001422,Spent Yeast,Probiotic,false,false,false,not_in_form_cohort,,not_in_moisture_cohort,,not_in_role_cohort,,docs/decisions/0041-feed-material-structural-model.md;docs/decisions/0042-feed-process-and-material-state-axes.md,No reviewed grinding result or governed presentation-form assertion. No reviewed drying process or material-specific moisture evidence. No reviewed product-role evidence in this structural cohort.
AOM_001423,Bentonite,Other Ingredients,false,false,false,not_in_form_cohort,,not_in_moisture_cohort,,not_in_role_cohort,,docs/decisions/0041-feed-material-structural-model.md;docs/decisions/0042-feed-process-and-material-state-axes.md,No reviewed grinding result or governed presentation-form assertion. No reviewed drying process or material-specific moisture evidence. No reviewed product-role evidence in this structural cohort.
AOM_001427,Potassium Carbonate,Supplement,false,false,false,not_in_form_cohort,,not_in_moisture_cohort,,not_in_role_cohort,,docs/decisions/0041-feed-material-structural-model.md;docs/decisions/0042-feed-process-and-material-state-axes.md,No reviewed grinding result or governed presentation-form assertion. No reviewed drying process or material-specific moisture evidence. No reviewed product-role evidence in this structural cohort.
AOM_001428,Minerals and Salt,Supplement,false,false,false,not_in_form_cohort,,not_in_moisture_cohort,,not_in_role_cohort,,docs/decisions/0041-feed-material-structural-model.md;docs/decisions/0042-feed-process-and-material-state-axes.md,No reviewed grinding result or governed presentation-form assertion. No reviewed drying process or material-specific moisture evidence. No reviewed product-role evidence in this structural cohort.
AOM_001431,Minerals and Urea Mix,Supplement,false,false,false,not_in_form_cohort,,not_in_moisture_cohort,,not_in_role_cohort,,docs/decisions/0041-feed-material-structural-model.md;docs/decisions/0042-feed-process-and-material-state-axes.md,No reviewed grinding result or governed presentation-form assertion. No reviewed drying process or material-specific moisture evidence. No reviewed product-role evidence in this structural cohort.
AOM_001433,Tryptophan,Supplement,false,false,false,not_in_form_cohort,,not_in_moisture_cohort,,not_in_role_cohort,,docs/decisions/0041-feed-material-structural-model.md;docs/decisions/0042-feed-process-and-material-state-axes.md,No reviewed grinding result or governed presentation-form assertion. No reviewed drying process or material-specific moisture evidence. No reviewed product-role evidence in this structural cohort.
AOM_001434,Hominy,Crop Byproduct,false,false,false,not_in_form_cohort,,not_in_moisture_cohort,,approved_branch_to_role_translation,By-product role,docs/decisions/0041-feed-material-structural-model.md;docs/decisions/0042-feed-process-and-material-state-axes.md,No reviewed grinding result or governed presentation-form assertion. No reviewed drying process or material-specific moisture evidence. Canonical legacy by-product branch classification translated to explicit productRole; compatibility hierarchy retained.
AOM_001435,Mango,Crop Product,false,false,false,not_in_form_cohort,,not_in_moisture_cohort,,not_in_role_cohort,,docs/decisions/0041-feed-material-structural-model.md;docs/decisions/0042-feed-process-and-material-state-axes.md,No reviewed grinding result or governed presentation-form assertion. No reviewed drying process or material-specific moisture evidence. No reviewed product-role evidence in this structural cohort.
AOM_001436,Tomato Skin Seed,Crop Byproduct,false,false,false,not_in_form_cohort,,not_in_moisture_cohort,,approved_branch_to_role_translation,By-product role,docs/decisions/0041-feed-material-structural-model.md;docs/decisions/0042-feed-process-and-material-state-axes.md,No reviewed grinding result or governed presentation-form assertion. No reviewed drying process or material-specific moisture evidence. Canonical legacy by-product branch classification translated to explicit productRole; compatibility hierarchy retained.
AOM_001439,Beetroot Discards,Crop Byproduct,false,false,false,not_in_form_cohort,,not_in_moisture_cohort,,approved_existing_role,Discard role,docs/decisions/0041-feed-material-structural-model.md;docs/decisions/0042-feed-process-and-material-state-axes.md,No reviewed grinding result or governed presentation-form assertion. No reviewed drying process or material-specific moisture evidence. Existing reviewed product-role assertion remains authoritative.
AOM_001440,Sesame Seed,Crop Byproduct,false,false,false,not_in_form_cohort,,not_in_moisture_cohort,,approved_branch_to_role_translation,By-product role,docs/decisions/0041-feed-material-structural-model.md;docs/decisions/0042-feed-process-and-material-state-axes.md,No reviewed grinding result or governed presentation-form assertion. No reviewed drying process or material-specific moisture evidence. Canonical legacy by-product branch classification translated to explicit productRole; compatibility hierarchy retained.
AOM_001441,Pennisetum petiolar,Forage Plants,false,false,false,not_in_form_cohort,,not_in_moisture_cohort,,not_in_role_cohort,,docs/decisions/0041-feed-material-structural-model.md;docs/decisions/0042-feed-process-and-material-state-axes.md,No reviewed grinding result or governed presentation-form assertion. No reviewed drying process or material-specific moisture evidence. No reviewed product-role evidence in this structural cohort.
AOM_001443,Pennisetum,Forage Plants,false,false,false,not_in_form_cohort,,not_in_moisture_cohort,,not_in_role_cohort,,docs/decisions/0041-feed-material-structural-model.md;docs/decisions/0042-feed-process-and-material-state-axes.md,No reviewed grinding result or governed presentation-form assertion. No reviewed drying process or material-specific moisture evidence. No reviewed product-role evidence in this structural cohort.
AOM_001444,Pennisetum villosum,Forage Plants,false,false,false,not_in_form_cohort,,not_in_moisture_cohort,,not_in_role_cohort,,docs/decisions/0041-feed-material-structural-model.md;docs/decisions/0042-feed-process-and-material-state-axes.md,No reviewed grinding result or governed presentation-form assertion. No reviewed drying process or material-specific moisture evidence. No reviewed product-role evidence in this structural cohort.
AOM_001445,Phalaris aquatica,Forage Plants,false,false,false,not_in_form_cohort,,not_in_moisture_cohort,,not_in_role_cohort,,docs/decisions/0041-feed-material-structural-model.md;docs/decisions/0042-feed-process-and-material-state-axes.md,No reviewed grinding result or governed presentation-form assertion. No reviewed drying process or material-specific moisture evidence. No reviewed product-role evidence in this structural cohort.
AOM_001446,Sorghum sudanense,Forage Plants,false,false,false,not_in_form_cohort,,not_in_moisture_cohort,,not_in_role_cohort,,docs/decisions/0041-feed-material-structural-model.md;docs/decisions/0042-feed-process-and-material-state-axes.md,No reviewed grinding result or governed presentation-form assertion. No reviewed drying process or material-specific moisture evidence. No reviewed product-role evidence in this structural cohort.
AOM_001448,Sporobolus natalensis,Forage Plants,false,false,false,not_in_form_cohort,,not_in_moisture_cohort,,not_in_role_cohort,,docs/decisions/0041-feed-material-structural-model.md;docs/decisions/0042-feed-process-and-material-state-axes.md,No reviewed grinding result or governed presentation-form assertion. No reviewed drying process or material-specific moisture evidence. No reviewed product-role evidence in this structural cohort.
AOM_001449,Sporobolus panicoides,Forage Plants,false,false,false,not_in_form_cohort,,not_in_moisture_cohort,,not_in_role_cohort,,docs/decisions/0041-feed-material-structural-model.md;docs/decisions/0042-feed-process-and-material-state-axes.md,No reviewed grinding result or governed presentation-form assertion. No reviewed drying process or material-specific moisture evidence. No reviewed product-role evidence in this structural cohort.
AOM_001450,Themeda triandra,Forage Plants,false,false,false,not_in_form_cohort,,not_in_moisture_cohort,,not_in_role_cohort,,docs/decisions/0041-feed-material-structural-model.md;docs/decisions/0042-feed-process-and-material-state-axes.md,No reviewed grinding result or governed presentation-form assertion. No reviewed drying process or material-specific moisture evidence. No reviewed product-role evidence in this structural cohort.
AOM_001452,Triticale,Forage Plants,false,false,false,not_in_form_cohort,,not_in_moisture_cohort,,not_in_role_cohort,,docs/decisions/0041-feed-material-structural-model.md;docs/decisions/0042-feed-process-and-material-state-axes.md,No reviewed grinding result or governed presentation-form assertion. No reviewed drying process or material-specific moisture evidence. No reviewed product-role evidence in this structural cohort.
AOM_001453,Urochloa mosambicensis,Forage Plants,false,false,false,not_in_form_cohort,,not_in_moisture_cohort,,not_in_role_cohort,,docs/decisions/0041-feed-material-structural-model.md;docs/decisions/0042-feed-process-and-material-state-axes.md,No reviewed grinding result or governed presentation-form assertion. No reviewed drying process or material-specific moisture evidence. No reviewed product-role evidence in this structural cohort.
AOM_001454,Urochloa mosambicensis Dried,Forage Plants,false,true,false,not_in_form_cohort,,approved_dried_from_process,Dried moisture condition,not_in_role_cohort,,docs/decisions/0041-feed-material-structural-model.md;docs/decisions/0042-feed-process-and-material-state-axes.md,No reviewed grinding result or governed presentation-form assertion. Approved Drying process supports dried moisture condition without implying one presentation form. No reviewed product-role evidence in this structural cohort.
AOM_001455,Triticum,Forage Plants,false,false,false,not_in_form_cohort,,not_in_moisture_cohort,,not_in_role_cohort,,docs/decisions/0041-feed-material-structural-model.md;docs/decisions/0042-feed-process-and-material-state-axes.md,No reviewed grinding result or governed presentation-form assertion. No reviewed drying process or material-specific moisture evidence. No reviewed product-role evidence in this structural cohort.
AOM_001456,Aristida,Forage Plants,false,false,false,not_in_form_cohort,,not_in_moisture_cohort,,not_in_role_cohort,,docs/decisions/0041-feed-material-structural-model.md;docs/decisions/0042-feed-process-and-material-state-axes.md,No reviewed grinding result or governed presentation-form assertion. No reviewed drying process or material-specific moisture evidence. No reviewed product-role evidence in this structural cohort.
AOM_001457,Aristida adscensionis,Forage Plants,false,false,false,not_in_form_cohort,,not_in_moisture_cohort,,not_in_role_cohort,,docs/decisions/0041-feed-material-structural-model.md;docs/decisions/0042-feed-process-and-material-state-axes.md,No reviewed grinding result or governed presentation-form assertion. No reviewed drying process or material-specific moisture evidence. No reviewed product-role evidence in this structural cohort.
AOM_001458,Bothriochloa,Forage Plants,false,false,false,not_in_form_cohort,,not_in_moisture_cohort,,not_in_role_cohort,,docs/decisions/0041-feed-material-structural-model.md;docs/decisions/0042-feed-process-and-material-state-axes.md,No reviewed grinding result or governed presentation-form assertion. No reviewed drying process or material-specific moisture evidence. No reviewed product-role evidence in this structural cohort.
AOM_001459,Bothriochloa dried,Forage Plants,false,true,false,not_in_form_cohort,,approved_dried_from_process,Dried moisture condition,not_in_role_cohort,,docs/decisions/0041-feed-material-structural-model.md;docs/decisions/0042-feed-process-and-material-state-axes.md,No reviewed grinding result or governed presentation-form assertion. Approved Drying process supports dried moisture condition without implying one presentation form. No reviewed product-role evidence in this structural cohort.
AOM_001460,Bothriochloa insculpta,Forage Plants,false,false,false,not_in_form_cohort,,not_in_moisture_cohort,,not_in_role_cohort,,docs/decisions/0041-feed-material-structural-model.md;docs/decisions/0042-feed-process-and-material-state-axes.md,No reviewed grinding result or governed presentation-form assertion. No reviewed drying process or material-specific moisture evidence. No reviewed product-role evidence in this structural cohort.
AOM_001461,Cynodon,Forage Plants,false,false,false,not_in_form_cohort,,not_in_moisture_cohort,,not_in_role_cohort,,docs/decisions/0041-feed-material-structural-model.md;docs/decisions/0042-feed-process-and-material-state-axes.md,No reviewed grinding result or governed presentation-form assertion. No reviewed drying process or material-specific moisture evidence. No reviewed product-role evidence in this structural cohort.
AOM_001462,Cynodon dactylon,Forage Plants,false,false,false,not_in_form_cohort,,not_in_moisture_cohort,,not_in_role_cohort,,docs/decisions/0041-feed-material-structural-model.md;docs/decisions/0042-feed-process-and-material-state-axes.md,No reviewed grinding result or governed presentation-form assertion. No reviewed drying process or material-specific moisture evidence. No reviewed product-role evidence in this structural cohort.
AOM_001464,Cynadon plectostachyus,Forage Plants,false,false,false,not_in_form_cohort,,not_in_moisture_cohort,,not_in_role_cohort,,docs/decisions/0041-feed-material-structural-model.md;docs/decisions/0042-feed-process-and-material-state-axes.md,No reviewed grinding result or governed presentation-form assertion. No reviewed drying process or material-specific moisture evidence. No reviewed product-role evidence in this structural cohort.
AOM_001465,Cynodon nlemfuensis,Forage Plants,false,false,false,not_in_form_cohort,,not_in_moisture_cohort,,not_in_role_cohort,,docs/decisions/0041-feed-material-structural-model.md;docs/decisions/0042-feed-process-and-material-state-axes.md,No reviewed grinding result or governed presentation-form assertion. No reviewed drying process or material-specific moisture evidence. No reviewed product-role evidence in this structural cohort.
AOM_001466,Diheteropogon amplectens,Forage Plants,false,false,false,not_in_form_cohort,,not_in_moisture_cohort,,not_in_role_cohort,,docs/decisions/0041-feed-material-structural-model.md;docs/decisions/0042-feed-process-and-material-state-axes.md,No reviewed grinding result or governed presentation-form assertion. No reviewed drying process or material-specific moisture evidence. No reviewed product-role evidence in this structural cohort.
AOM_001467,Eleusine floccifolia,Forage Plants,false,false,false,not_in_form_cohort,,not_in_moisture_cohort,,not_in_role_cohort,,docs/decisions/0041-feed-material-structural-model.md;docs/decisions/0042-feed-process-and-material-state-axes.md,No reviewed grinding result or governed presentation-form assertion. No reviewed drying process or material-specific moisture evidence. No reviewed product-role evidence in this structural cohort.
AOM_001468,Eragrostis capensis,Forage Plants,false,false,false,not_in_form_cohort,,not_in_moisture_cohort,,not_in_role_cohort,,docs/decisions/0041-feed-material-structural-model.md;docs/decisions/0042-feed-process-and-material-state-axes.md,No reviewed grinding result or governed presentation-form assertion. No reviewed drying process or material-specific moisture evidence. No reviewed product-role evidence in this structural cohort.
AOM_001469,Eragrostis papposa,Forage Plants,false,false,false,not_in_form_cohort,,not_in_moisture_cohort,,not_in_role_cohort,,docs/decisions/0041-feed-material-structural-model.md;docs/decisions/0042-feed-process-and-material-state-axes.md,No reviewed grinding result or governed presentation-form assertion. No reviewed drying process or material-specific moisture evidence. No reviewed product-role evidence in this structural cohort.
AOM_001470,Eragrostis rigidior,Forage Plants,false,false,false,not_in_form_cohort,,not_in_moisture_cohort,,not_in_role_cohort,,docs/decisions/0041-feed-material-structural-model.md;docs/decisions/0042-feed-process-and-material-state-axes.md,No reviewed grinding result or governed presentation-form assertion. No reviewed drying process or material-specific moisture evidence. No reviewed product-role evidence in this structural cohort.
AOM_001471,Harpachne schimperi,Forage Plants,false,false,false,not_in_form_cohort,,not_in_moisture_cohort,,not_in_role_cohort,,docs/decisions/0041-feed-material-structural-model.md;docs/decisions/0042-feed-process-and-material-state-axes.md,No reviewed grinding result or governed presentation-form assertion. No reviewed drying process or material-specific moisture evidence. No reviewed product-role evidence in this structural cohort.
AOM_001472,Heteropogon contortus,Forage Plants,false,false,false,not_in_form_cohort,,not_in_moisture_cohort,,not_in_role_cohort,,docs/decisions/0041-feed-material-structural-model.md;docs/decisions/0042-feed-process-and-material-state-axes.md,No reviewed grinding result or governed presentation-form assertion. No reviewed drying process or material-specific moisture evidence. No reviewed product-role evidence in this structural cohort.
AOM_001473,Hyparrhenia filipendula,Forage Plants,false,false,false,not_in_form_cohort,,not_in_moisture_cohort,,not_in_role_cohort,,docs/decisions/0041-feed-material-structural-model.md;docs/decisions/0042-feed-process-and-material-state-axes.md,No reviewed grinding result or governed presentation-form assertion. No reviewed drying process or material-specific moisture evidence. No reviewed product-role evidence in this structural cohort.
AOM_001474,Hyperthelia dissoluta,Forage Plants,false,false,false,not_in_form_cohort,,not_in_moisture_cohort,,not_in_role_cohort,,docs/decisions/0041-feed-material-structural-model.md;docs/decisions/0042-feed-process-and-material-state-axes.md,No reviewed grinding result or governed presentation-form assertion. No reviewed drying process or material-specific moisture evidence. No reviewed product-role evidence in this structural cohort.
AOM_001475,Lolium,Forage Plants,false,false,false,not_in_form_cohort,,not_in_moisture_cohort,,not_in_role_cohort,,docs/decisions/0041-feed-material-structural-model.md;docs/decisions/0042-feed-process-and-material-state-axes.md,No reviewed grinding result or governed presentation-form assertion. No reviewed drying process or material-specific moisture evidence. No reviewed product-role evidence in this structural cohort.
AOM_001476,Lolium multiflorum,Forage Plants,false,false,false,not_in_form_cohort,,not_in_moisture_cohort,,not_in_role_cohort,,docs/decisions/0041-feed-material-structural-model.md;docs/decisions/0042-feed-process-and-material-state-axes.md,No reviewed grinding result or governed presentation-form assertion. No reviewed drying process or material-specific moisture evidence. No reviewed product-role evidence in this structural cohort.
AOM_001477,Loudetia simplex,Forage Plants,false,false,false,not_in_form_cohort,,not_in_moisture_cohort,,not_in_role_cohort,,docs/decisions/0041-feed-material-structural-model.md;docs/decisions/0042-feed-process-and-material-state-axes.md,No reviewed grinding result or governed presentation-form assertion. No reviewed drying process or material-specific moisture evidence. No reviewed product-role evidence in this structural cohort.
AOM_001478,Loudetia togoensis,Forage Plants,false,false,false,not_in_form_cohort,,not_in_moisture_cohort,,not_in_role_cohort,,docs/decisions/0041-feed-material-structural-model.md;docs/decisions/0042-feed-process-and-material-state-axes.md,No reviewed grinding result or governed presentation-form assertion. No reviewed drying process or material-specific moisture evidence. No reviewed product-role evidence in this structural cohort.
AOM_001479,Megathyrsus maximus,Forage Plants,false,false,false,not_in_form_cohort,,not_in_moisture_cohort,,not_in_role_cohort,,docs/decisions/0041-feed-material-structural-model.md;docs/decisions/0042-feed-process-and-material-state-axes.md,No reviewed grinding result or governed presentation-form assertion. No reviewed drying process or material-specific moisture evidence. No reviewed product-role evidence in this structural cohort.
AOM_001481,Melinis repens,Forage Plants,false,false,false,not_in_form_cohort,,not_in_moisture_cohort,,not_in_role_cohort,,docs/decisions/0041-feed-material-structural-model.md;docs/decisions/0042-feed-process-and-material-state-axes.md,No reviewed grinding result or governed presentation-form assertion. No reviewed drying process or material-specific moisture evidence. No reviewed product-role evidence in this structural cohort.
AOM_001482,Sugar Beet Molasses,Crop Byproduct,false,false,false,not_in_form_cohort,,not_in_moisture_cohort,,approved_existing_role,By-product role,docs/decisions/0041-feed-material-structural-model.md;docs/decisions/0042-feed-process-and-material-state-axes.md,No reviewed grinding result or governed presentation-form assertion. No reviewed drying process or material-specific moisture evidence. Existing reviewed product-role assertion remains authoritative.
AOM_001483,Sugar Beet Pulp,Crop Byproduct,false,false,false,not_in_form_cohort,,not_in_moisture_cohort,,approved_branch_to_role_translation,By-product role,docs/decisions/0041-feed-material-structural-model.md;docs/decisions/0042-feed-process-and-material-state-axes.md,No reviewed grinding result or governed presentation-form assertion. No reviewed drying process or material-specific moisture evidence. Canonical legacy by-product branch classification translated to explicit productRole; compatibility hierarchy retained.
AOM_001486,Lignobond,Other Ingredients,false,false,false,not_in_form_cohort,,not_in_moisture_cohort,,approved_existing_role,Binder role,docs/decisions/0041-feed-material-structural-model.md;docs/decisions/0042-feed-process-and-material-state-axes.md,No reviewed grinding result or governed presentation-form assertion. No reviewed drying process or material-specific moisture evidence. Existing reviewed product-role assertion remains authoritative.
AOM_001487,Sodium Sulfate,Supplement,false,false,false,not_in_form_cohort,,not_in_moisture_cohort,,not_in_role_cohort,,docs/decisions/0041-feed-material-structural-model.md;docs/decisions/0042-feed-process-and-material-state-axes.md,No reviewed grinding result or governed presentation-form assertion. No reviewed drying process or material-specific moisture evidence. No reviewed product-role evidence in this structural cohort.
AOM_001490,Trimethyl Cellulose,Other Ingredients,false,false,false,not_in_form_cohort,,not_in_moisture_cohort,,not_in_role_cohort,,docs/decisions/0041-feed-material-structural-model.md;docs/decisions/0042-feed-process-and-material-state-axes.md,No reviewed grinding result or governed presentation-form assertion. No reviewed drying process or material-specific moisture evidence. No reviewed product-role evidence in this structural cohort.
AOM_001491,Formulated feeds,Preformulated Feed,false,false,false,not_in_form_cohort,,not_in_moisture_cohort,,not_in_role_cohort,,docs/decisions/0041-feed-material-structural-model.md;docs/decisions/0042-feed-process-and-material-state-axes.md,No reviewed grinding result or governed presentation-form assertion. No reviewed drying process or material-specific moisture evidence. No reviewed product-role evidence in this structural cohort.
AOM_001492,Protein-Mineral Concentrate,Preformulated Feed,false,false,false,not_in_form_cohort,,not_in_moisture_cohort,,not_in_role_cohort,,docs/decisions/0041-feed-material-structural-model.md;docs/decisions/0042-feed-process-and-material-state-axes.md,No reviewed grinding result or governed presentation-form assertion. No reviewed drying process or material-specific moisture evidence. No reviewed product-role evidence in this structural cohort.
AOM_001493,Growers Concentrate,Preformulated Feed,false,false,false,not_in_form_cohort,,not_in_moisture_cohort,,not_in_role_cohort,,docs/decisions/0041-feed-material-structural-model.md;docs/decisions/0042-feed-process-and-material-state-axes.md,No reviewed grinding result or governed presentation-form assertion. No reviewed drying process or material-specific moisture evidence. No reviewed product-role evidence in this structural cohort.
AOM_001494,Finisher Diet,Preformulated Feed,false,false,false,not_in_form_cohort,,not_in_moisture_cohort,,not_in_role_cohort,,docs/decisions/0041-feed-material-structural-model.md;docs/decisions/0042-feed-process-and-material-state-axes.md,No reviewed grinding result or governed presentation-form assertion. No reviewed drying process or material-specific moisture evidence. No reviewed product-role evidence in this structural cohort.
AOM_001495,Growers Diet,Preformulated Feed,false,false,false,not_in_form_cohort,,not_in_moisture_cohort,,not_in_role_cohort,,docs/decisions/0041-feed-material-structural-model.md;docs/decisions/0042-feed-process-and-material-state-axes.md,No reviewed grinding result or governed presentation-form assertion. No reviewed drying process or material-specific moisture evidence. No reviewed product-role evidence in this structural cohort.
AOM_001496,Starter Diet,Preformulated Feed,false,false,false,not_in_form_cohort,,not_in_moisture_cohort,,not_in_role_cohort,,docs/decisions/0041-feed-material-structural-model.md;docs/decisions/0042-feed-process-and-material-state-axes.md,No reviewed grinding result or governed presentation-form assertion. No reviewed drying process or material-specific moisture evidence. No reviewed product-role evidence in this structural cohort.
AOM_001497,Megalac,Preformulated Feed,false,false,false,not_in_form_cohort,,not_in_moisture_cohort,,not_in_role_cohort,,docs/decisions/0041-feed-material-structural-model.md;docs/decisions/0042-feed-process-and-material-state-axes.md,No reviewed grinding result or governed presentation-form assertion. No reviewed drying process or material-specific moisture evidence. No reviewed product-role evidence in this structural cohort.
AOM_001498,Sheep Meal,Preformulated Feed,false,false,true,held_meal_without_process_evidence,,not_in_moisture_cohort,,not_in_role_cohort,,docs/decisions/0041-feed-material-structural-model.md;docs/decisions/0042-feed-process-and-material-state-axes.md,"Meal lexical evidence alone may identify a compound feed, material name, or processed form; no presentation-form assertion promoted. No reviewed drying process or material-specific moisture evidence. No reviewed product-role evidence in this structural cohort."
AOM_001500,ACTIPAL HP 1,Preformulated Feed,false,false,false,not_in_form_cohort,,not_in_moisture_cohort,,not_in_role_cohort,,docs/decisions/0041-feed-material-structural-model.md;docs/decisions/0042-feed-process-and-material-state-axes.md,No reviewed grinding result or governed presentation-form assertion. No reviewed drying process or material-specific moisture evidence. No reviewed product-role evidence in this structural cohort.
AOM_001501,AquaNutro Abalone Grower,Preformulated Feed,false,false,false,not_in_form_cohort,,not_in_moisture_cohort,,not_in_role_cohort,,docs/decisions/0041-feed-material-structural-model.md;docs/decisions/0042-feed-process-and-material-state-axes.md,No reviewed grinding result or governed presentation-form assertion. No reviewed drying process or material-specific moisture evidence. No reviewed product-role evidence in this structural cohort.
AOM_001502,Swine Mix,Preformulated Feed,false,false,false,not_in_form_cohort,,not_in_moisture_cohort,,not_in_role_cohort,,docs/decisions/0041-feed-material-structural-model.md;docs/decisions/0042-feed-process-and-material-state-axes.md,No reviewed grinding result or governed presentation-form assertion. No reviewed drying process or material-specific moisture evidence. No reviewed product-role evidence in this structural cohort.
AOM_001503,Polyethylene,Other Ingredients,false,false,false,not_in_form_cohort,,not_in_moisture_cohort,,not_in_role_cohort,,docs/decisions/0041-feed-material-structural-model.md;docs/decisions/0042-feed-process-and-material-state-axes.md,No reviewed grinding result or governed presentation-form assertion. No reviewed drying process or material-specific moisture evidence. No reviewed product-role evidence in this structural cohort.
AOM_001504,Polyethylene glycol,Other Ingredients,false,false,false,not_in_form_cohort,,not_in_moisture_cohort,,not_in_role_cohort,,docs/decisions/0041-feed-material-structural-model.md;docs/decisions/0042-feed-process-and-material-state-axes.md,No reviewed grinding result or governed presentation-form assertion. No reviewed drying process or material-specific moisture evidence. No reviewed product-role evidence in this structural cohort.
AOM_001505,Polyvitamins,Supplement,false,false,false,not_in_form_cohort,,not_in_moisture_cohort,,not_in_role_cohort,,docs/decisions/0041-feed-material-structural-model.md;docs/decisions/0042-feed-process-and-material-state-axes.md,No reviewed grinding result or governed presentation-form assertion. No reviewed drying process or material-specific moisture evidence. No reviewed product-role evidence in this structural cohort.
AOM_001506,Kanwa-Potassium Salt,Supplement,false,false,false,not_in_form_cohort,,not_in_moisture_cohort,,not_in_role_cohort,,docs/decisions/0041-feed-material-structural-model.md;docs/decisions/0042-feed-process-and-material-state-axes.md,No reviewed grinding result or governed presentation-form assertion. No reviewed drying process or material-specific moisture evidence. No reviewed product-role evidence in this structural cohort.
AOM_001507,Unspecified,Other Ingredients,false,false,false,not_in_form_cohort,,not_in_moisture_cohort,,not_in_role_cohort,,docs/decisions/0041-feed-material-structural-model.md;docs/decisions/0042-feed-process-and-material-state-axes.md,No reviewed grinding result or governed presentation-form assertion. No reviewed drying process or material-specific moisture evidence. No reviewed product-role evidence in this structural cohort.
AOM_001508,Lactobacillus plantarum,Prebiotic,false,false,false,not_in_form_cohort,,not_in_moisture_cohort,,not_in_role_cohort,,docs/decisions/0041-feed-material-structural-model.md;docs/decisions/0042-feed-process-and-material-state-axes.md,No reviewed grinding result or governed presentation-form assertion. No reviewed drying process or material-specific moisture evidence. No reviewed product-role evidence in this structural cohort.
AOM_001509,Potassium Humate,Supplement,false,false,false,not_in_form_cohort,,not_in_moisture_cohort,,not_in_role_cohort,,docs/decisions/0041-feed-material-structural-model.md;docs/decisions/0042-feed-process-and-material-state-axes.md,No reviewed grinding result or governed presentation-form assertion. No reviewed drying process or material-specific moisture evidence. No reviewed product-role evidence in this structural cohort.
AOM_001513,Microchloa caffra,Forage Plants,false,false,false,not_in_form_cohort,,not_in_moisture_cohort,,not_in_role_cohort,,docs/decisions/0041-feed-material-structural-model.md;docs/decisions/0042-feed-process-and-material-state-axes.md,No reviewed grinding result or governed presentation-form assertion. No reviewed drying process or material-specific moisture evidence. No reviewed product-role evidence in this structural cohort.
AOM_001514,Pogonarthria squarrosa,Forage Plants,false,false,false,not_in_form_cohort,,not_in_moisture_cohort,,not_in_role_cohort,,docs/decisions/0041-feed-material-structural-model.md;docs/decisions/0042-feed-process-and-material-state-axes.md,No reviewed grinding result or governed presentation-form assertion. No reviewed drying process or material-specific moisture evidence. No reviewed product-role evidence in this structural cohort.
AOM_001516,Schizachyrium exile,Forage Plants,false,false,false,not_in_form_cohort,,not_in_moisture_cohort,,not_in_role_cohort,,docs/decisions/0041-feed-material-structural-model.md;docs/decisions/0042-feed-process-and-material-state-axes.md,No reviewed grinding result or governed presentation-form assertion. No reviewed drying process or material-specific moisture evidence. No reviewed product-role evidence in this structural cohort.
AOM_001517,Schizachyrium jeffreysii,Forage Plants,false,false,false,not_in_form_cohort,,not_in_moisture_cohort,,not_in_role_cohort,,docs/decisions/0041-feed-material-structural-model.md;docs/decisions/0042-feed-process-and-material-state-axes.md,No reviewed grinding result or governed presentation-form assertion. No reviewed drying process or material-specific moisture evidence. No reviewed product-role evidence in this structural cohort.
AOM_001518,Schoenefeldia gracilis,Forage Plants,false,false,false,not_in_form_cohort,,not_in_moisture_cohort,,not_in_role_cohort,,docs/decisions/0041-feed-material-structural-model.md;docs/decisions/0042-feed-process-and-material-state-axes.md,No reviewed grinding result or governed presentation-form assertion. No reviewed drying process or material-specific moisture evidence. No reviewed product-role evidence in this structural cohort.
AOM_001520,Stipa parviflora,Forage Plants,false,false,false,not_in_form_cohort,,not_in_moisture_cohort,,not_in_role_cohort,,docs/decisions/0041-feed-material-structural-model.md;docs/decisions/0042-feed-process-and-material-state-axes.md,No reviewed grinding result or governed presentation-form assertion. No reviewed drying process or material-specific moisture evidence. No reviewed product-role evidence in this structural cohort.
AOM_001521,Stipa tenacissima,Forage Plants,false,false,false,not_in_form_cohort,,not_in_moisture_cohort,,not_in_role_cohort,,docs/decisions/0041-feed-material-structural-model.md;docs/decisions/0042-feed-process-and-material-state-axes.md,No reviewed grinding result or governed presentation-form assertion. No reviewed drying process or material-specific moisture evidence. No reviewed product-role evidence in this structural cohort.
AOM_001522,Tripsacum,Forage Plants,false,false,false,not_in_form_cohort,,not_in_moisture_cohort,,not_in_role_cohort,,docs/decisions/0041-feed-material-structural-model.md;docs/decisions/0042-feed-process-and-material-state-axes.md,No reviewed grinding result or governed presentation-form assertion. No reviewed drying process or material-specific moisture evidence. No reviewed product-role evidence in this structural cohort.
AOM_001523,Tripsacum laxum,Forage Plants,false,false,false,not_in_form_cohort,,not_in_moisture_cohort,,not_in_role_cohort,,docs/decisions/0041-feed-material-structural-model.md;docs/decisions/0042-feed-process-and-material-state-axes.md,No reviewed grinding result or governed presentation-form assertion. No reviewed drying process or material-specific moisture evidence. No reviewed product-role evidence in this structural cohort.
AOM_001524,Piliostigma thonningii,Forage Plants,false,false,false,not_in_form_cohort,,not_in_moisture_cohort,,not_in_role_cohort,,docs/decisions/0041-feed-material-structural-model.md;docs/decisions/0042-feed-process-and-material-state-axes.md,No reviewed grinding result or governed presentation-form assertion. No reviewed drying process or material-specific moisture evidence. No reviewed product-role evidence in this structural cohort.
AOM_001525,Piliostigma thonningii Leaves,Forage Plants,false,false,false,not_in_form_cohort,,not_in_moisture_cohort,,not_in_role_cohort,,docs/decisions/0041-feed-material-structural-model.md;docs/decisions/0042-feed-process-and-material-state-axes.md,No reviewed grinding result or governed presentation-form assertion. No reviewed drying process or material-specific moisture evidence. No reviewed product-role evidence in this structural cohort.
AOM_001526,Lotus corniculatus,Forage Plants,false,false,false,not_in_form_cohort,,not_in_moisture_cohort,,not_in_role_cohort,,docs/decisions/0041-feed-material-structural-model.md;docs/decisions/0042-feed-process-and-material-state-axes.md,No reviewed grinding result or governed presentation-form assertion. No reviewed drying process or material-specific moisture evidence. No reviewed product-role evidence in this structural cohort.
AOM_001527,Centrosema molle,Forage Plants,false,false,false,not_in_form_cohort,,not_in_moisture_cohort,,not_in_role_cohort,,docs/decisions/0041-feed-material-structural-model.md;docs/decisions/0042-feed-process-and-material-state-axes.md,No reviewed grinding result or governed presentation-form assertion. No reviewed drying process or material-specific moisture evidence. No reviewed product-role evidence in this structural cohort.
AOM_001528,Centrosema molle Leaves,Forage Plants,false,false,false,not_in_form_cohort,,not_in_moisture_cohort,,not_in_role_cohort,,docs/decisions/0041-feed-material-structural-model.md;docs/decisions/0042-feed-process-and-material-state-axes.md,No reviewed grinding result or governed presentation-form assertion. No reviewed drying process or material-specific moisture evidence. No reviewed product-role evidence in this structural cohort.
AOM_001529,Trifolium,Forage Plants,false,false,false,not_in_form_cohort,,not_in_moisture_cohort,,not_in_role_cohort,,docs/decisions/0041-feed-material-structural-model.md;docs/decisions/0042-feed-process-and-material-state-axes.md,No reviewed grinding result or governed presentation-form assertion. No reviewed drying process or material-specific moisture evidence. No reviewed product-role evidence in this structural cohort.
AOM_001530,Psophocarpus scandens,Forage Plants,false,false,false,not_in_form_cohort,,not_in_moisture_cohort,,not_in_role_cohort,,docs/decisions/0041-feed-material-structural-model.md;docs/decisions/0042-feed-process-and-material-state-axes.md,No reviewed grinding result or governed presentation-form assertion. No reviewed drying process or material-specific moisture evidence. No reviewed product-role evidence in this structural cohort.
AOM_001531,Psophocarpus scandens Leaves,Forage Plants,false,false,false,not_in_form_cohort,,not_in_moisture_cohort,,not_in_role_cohort,,docs/decisions/0041-feed-material-structural-model.md;docs/decisions/0042-feed-process-and-material-state-axes.md,No reviewed grinding result or governed presentation-form assertion. No reviewed drying process or material-specific moisture evidence. No reviewed product-role evidence in this structural cohort.
AOM_001532,Spermacoce stachydea,Forage Plants,false,false,false,not_in_form_cohort,,not_in_moisture_cohort,,not_in_role_cohort,,docs/decisions/0041-feed-material-structural-model.md;docs/decisions/0042-feed-process-and-material-state-axes.md,No reviewed grinding result or governed presentation-form assertion. No reviewed drying process or material-specific moisture evidence. No reviewed product-role evidence in this structural cohort.
AOM_001533,Amaranthus cruentus,Forage Plants,false,false,false,not_in_form_cohort,,not_in_moisture_cohort,,not_in_role_cohort,,docs/decisions/0041-feed-material-structural-model.md;docs/decisions/0042-feed-process-and-material-state-axes.md,No reviewed grinding result or governed presentation-form assertion. No reviewed drying process or material-specific moisture evidence. No reviewed product-role evidence in this structural cohort.
AOM_001534,Amaranthus cruentus Leaves Ground,Forage Plants,true,false,true,approved_comminuted_form,Comminuted particle form,not_in_moisture_cohort,,not_in_role_cohort,,docs/decisions/0041-feed-material-structural-model.md;docs/decisions/0042-feed-process-and-material-state-axes.md,"Approved Grinding process supports broad comminuted-particle presentation; bulk consistency, moisture, particle size, and meal/powder subtype remain unspecified. No reviewed drying process or material-specific moisture evidence. No reviewed product-role evidence in this structural cohort."
AOM_001535,Atriplex halimus,Forage Plants,false,false,false,not_in_form_cohort,,not_in_moisture_cohort,,not_in_role_cohort,,docs/decisions/0041-feed-material-structural-model.md;docs/decisions/0042-feed-process-and-material-state-axes.md,No reviewed grinding result or governed presentation-form assertion. No reviewed drying process or material-specific moisture evidence. No reviewed product-role evidence in this structural cohort.
AOM_001536,Chromolaena odorata,Forage Plants,false,false,false,not_in_form_cohort,,not_in_moisture_cohort,,not_in_role_cohort,,docs/decisions/0041-feed-material-structural-model.md;docs/decisions/0042-feed-process-and-material-state-axes.md,No reviewed grinding result or governed presentation-form assertion. No reviewed drying process or material-specific moisture evidence. No reviewed product-role evidence in this structural cohort.
AOM_001537,Commelina benghalensis,Forage Plants,false,false,false,not_in_form_cohort,,not_in_moisture_cohort,,not_in_role_cohort,,docs/decisions/0041-feed-material-structural-model.md;docs/decisions/0042-feed-process-and-material-state-axes.md,No reviewed grinding result or governed presentation-form assertion. No reviewed drying process or material-specific moisture evidence. No reviewed product-role evidence in this structural cohort.
AOM_001538,Crossopterix febrifuga,Forage Plants,false,false,false,not_in_form_cohort,,not_in_moisture_cohort,,not_in_role_cohort,,docs/decisions/0041-feed-material-structural-model.md;docs/decisions/0042-feed-process-and-material-state-axes.md,No reviewed grinding result or governed presentation-form assertion. No reviewed drying process or material-specific moisture evidence. No reviewed product-role evidence in this structural cohort.
AOM_001539,Cyperaceae,Forage Plants,false,false,false,not_in_form_cohort,,not_in_moisture_cohort,,not_in_role_cohort,,docs/decisions/0041-feed-material-structural-model.md;docs/decisions/0042-feed-process-and-material-state-axes.md,No reviewed grinding result or governed presentation-form assertion. No reviewed drying process or material-specific moisture evidence. No reviewed product-role evidence in this structural cohort.
AOM_001540,Cyperus elegantulus,Forage Plants,false,false,false,not_in_form_cohort,,not_in_moisture_cohort,,not_in_role_cohort,,docs/decisions/0041-feed-material-structural-model.md;docs/decisions/0042-feed-process-and-material-state-axes.md,No reviewed grinding result or governed presentation-form assertion. No reviewed drying process or material-specific moisture evidence. No reviewed product-role evidence in this structural cohort.
AOM_001541,Cyperus rotundus,Forage Plants,false,false,false,not_in_form_cohort,,not_in_moisture_cohort,,not_in_role_cohort,,docs/decisions/0041-feed-material-structural-model.md;docs/decisions/0042-feed-process-and-material-state-axes.md,No reviewed grinding result or governed presentation-form assertion. No reviewed drying process or material-specific moisture evidence. No reviewed product-role evidence in this structural cohort.
AOM_001542,Euphorbia heterophylla,Forage Plants,false,false,false,not_in_form_cohort,,not_in_moisture_cohort,,not_in_role_cohort,,docs/decisions/0041-feed-material-structural-model.md;docs/decisions/0042-feed-process-and-material-state-axes.md,No reviewed grinding result or governed presentation-form assertion. No reviewed drying process or material-specific moisture evidence. No reviewed product-role evidence in this structural cohort.
AOM_001543,Fabaceae,Forage Plants,false,false,false,not_in_form_cohort,,not_in_moisture_cohort,,not_in_role_cohort,,docs/decisions/0041-feed-material-structural-model.md;docs/decisions/0042-feed-process-and-material-state-axes.md,No reviewed grinding result or governed presentation-form assertion. No reviewed drying process or material-specific moisture evidence. No reviewed product-role evidence in this structural cohort.
AOM_001548,Trifolium repens,Forage Plants,false,false,false,not_in_form_cohort,,not_in_moisture_cohort,,not_in_role_cohort,,docs/decisions/0041-feed-material-structural-model.md;docs/decisions/0042-feed-process-and-material-state-axes.md,No reviewed grinding result or governed presentation-form assertion. No reviewed drying process or material-specific moisture evidence. No reviewed product-role evidence in this structural cohort.
AOM_001549,Talinium triangulare,Forage Plants,false,false,false,not_in_form_cohort,,not_in_moisture_cohort,,not_in_role_cohort,,docs/decisions/0041-feed-material-structural-model.md;docs/decisions/0042-feed-process-and-material-state-axes.md,No reviewed grinding result or governed presentation-form assertion. No reviewed drying process or material-specific moisture evidence. No reviewed product-role evidence in this structural cohort.
AOM_001550,Talinium triangulare Leaves,Forage Plants,false,false,false,not_in_form_cohort,,not_in_moisture_cohort,,not_in_role_cohort,,docs/decisions/0041-feed-material-structural-model.md;docs/decisions/0042-feed-process-and-material-state-axes.md,No reviewed grinding result or governed presentation-form assertion. No reviewed drying process or material-specific moisture evidence. No reviewed product-role evidence in this structural cohort.
AOM_001551,Tribulus terrestris,Forage Plants,false,false,false,not_in_form_cohort,,not_in_moisture_cohort,,not_in_role_cohort,,docs/decisions/0041-feed-material-structural-model.md;docs/decisions/0042-feed-process-and-material-state-axes.md,No reviewed grinding result or governed presentation-form assertion. No reviewed drying process or material-specific moisture evidence. No reviewed product-role evidence in this structural cohort.
AOM_001552,Water Hyacinth Fermented,Forage Plants,false,false,false,not_in_form_cohort,,not_in_moisture_cohort,,not_in_role_cohort,,docs/decisions/0041-feed-material-structural-model.md;docs/decisions/0042-feed-process-and-material-state-axes.md,No reviewed grinding result or governed presentation-form assertion. No reviewed drying process or material-specific moisture evidence. No reviewed product-role evidence in this structural cohort.
AOM_001554,Water Hyacinth Molasses Fermented,Forage Plants,false,false,false,not_in_form_cohort,,not_in_moisture_cohort,,not_in_role_cohort,,docs/decisions/0041-feed-material-structural-model.md;docs/decisions/0042-feed-process-and-material-state-axes.md,No reviewed grinding result or governed presentation-form assertion. No reviewed drying process or material-specific moisture evidence. No reviewed product-role evidence in this structural cohort.
AOM_001555,Water Hyacinth Yeast Fermented,Forage Plants,false,false,false,not_in_form_cohort,,not_in_moisture_cohort,,not_in_role_cohort,,docs/decisions/0041-feed-material-structural-model.md;docs/decisions/0042-feed-process-and-material-state-axes.md,No reviewed grinding result or governed presentation-form assertion. No reviewed drying process or material-specific moisture evidence. No reviewed product-role evidence in this structural cohort.
AOM_001556,Lemna,Forage Plants,false,false,false,not_in_form_cohort,,not_in_moisture_cohort,,not_in_role_cohort,,docs/decisions/0041-feed-material-structural-model.md;docs/decisions/0042-feed-process-and-material-state-axes.md,No reviewed grinding result or governed presentation-form assertion. No reviewed drying process or material-specific moisture evidence. No reviewed product-role evidence in this structural cohort.
AOM_001557,Lemna minor,Forage Plants,false,false,false,not_in_form_cohort,,not_in_moisture_cohort,,not_in_role_cohort,,docs/decisions/0041-feed-material-structural-model.md;docs/decisions/0042-feed-process-and-material-state-axes.md,No reviewed grinding result or governed presentation-form assertion. No reviewed drying process or material-specific moisture evidence. No reviewed product-role evidence in this structural cohort.
AOM_001558,Potamogeton lucens,Forage Plants,false,false,false,not_in_form_cohort,,not_in_moisture_cohort,,not_in_role_cohort,,docs/decisions/0041-feed-material-structural-model.md;docs/decisions/0042-feed-process-and-material-state-axes.md,No reviewed grinding result or governed presentation-form assertion. No reviewed drying process or material-specific moisture evidence. No reviewed product-role evidence in this structural cohort.
AOM_001559,Potamogeton lucens Leaves,Forage Plants,false,false,false,not_in_form_cohort,,not_in_moisture_cohort,,not_in_role_cohort,,docs/decisions/0041-feed-material-structural-model.md;docs/decisions/0042-feed-process-and-material-state-axes.md,No reviewed grinding result or governed presentation-form assertion. No reviewed drying process or material-specific moisture evidence. No reviewed product-role evidence in this structural cohort.
AOM_001560,Potamogeton lucens Pods,Forage Plants,false,false,false,not_in_form_cohort,,not_in_moisture_cohort,,not_in_role_cohort,,docs/decisions/0041-feed-material-structural-model.md;docs/decisions/0042-feed-process-and-material-state-axes.md,No reviewed grinding result or governed presentation-form assertion. No reviewed drying process or material-specific moisture evidence. No reviewed product-role evidence in this structural cohort.
AOM_001561,Ulva lactuca,Forage Plants,false,false,false,not_in_form_cohort,,not_in_moisture_cohort,,not_in_role_cohort,,docs/decisions/0041-feed-material-structural-model.md;docs/decisions/0042-feed-process-and-material-state-axes.md,No reviewed grinding result or governed presentation-form assertion. No reviewed drying process or material-specific moisture evidence. No reviewed product-role evidence in this structural cohort.
AOM_001562,Ulva armoricana,Forage Plants,false,false,false,not_in_form_cohort,,not_in_moisture_cohort,,not_in_role_cohort,,docs/decisions/0041-feed-material-structural-model.md;docs/decisions/0042-feed-process-and-material-state-axes.md,No reviewed grinding result or governed presentation-form assertion. No reviewed drying process or material-specific moisture evidence. No reviewed product-role evidence in this structural cohort.
AOM_001563,Ulva rigida,Forage Plants,false,false,false,not_in_form_cohort,,not_in_moisture_cohort,,not_in_role_cohort,,docs/decisions/0041-feed-material-structural-model.md;docs/decisions/0042-feed-process-and-material-state-axes.md,No reviewed grinding result or governed presentation-form assertion. No reviewed drying process or material-specific moisture evidence. No reviewed product-role evidence in this structural cohort.
AOM_001564,Ulva rigida Ground,Forage Plants,true,false,true,approved_comminuted_form,Comminuted particle form,not_in_moisture_cohort,,not_in_role_cohort,,docs/decisions/0041-feed-material-structural-model.md;docs/decisions/0042-feed-process-and-material-state-axes.md,"Approved Grinding process supports broad comminuted-particle presentation; bulk consistency, moisture, particle size, and meal/powder subtype remain unspecified. No reviewed drying process or material-specific moisture evidence. No reviewed product-role evidence in this structural cohort."
AOM_001565,Vallisneria aethiopica,Forage Plants,false,false,false,not_in_form_cohort,,not_in_moisture_cohort,,not_in_role_cohort,,docs/decisions/0041-feed-material-structural-model.md;docs/decisions/0042-feed-process-and-material-state-axes.md,No reviewed grinding result or governed presentation-form assertion. No reviewed drying process or material-specific moisture evidence. No reviewed product-role evidence in this structural cohort.
AOM_001567,Adansonia digitata,Forage Plants,false,false,false,not_in_form_cohort,,not_in_moisture_cohort,,not_in_role_cohort,,docs/decisions/0041-feed-material-structural-model.md;docs/decisions/0042-feed-process-and-material-state-axes.md,No reviewed grinding result or governed presentation-form assertion. No reviewed drying process or material-specific moisture evidence. No reviewed product-role evidence in this structural cohort.
AOM_001568,Adansonia digitata Seed Cake,Forage Plants,false,false,false,not_in_form_cohort,,not_in_moisture_cohort,,not_in_role_cohort,,docs/decisions/0041-feed-material-structural-model.md;docs/decisions/0042-feed-process-and-material-state-axes.md,No reviewed grinding result or governed presentation-form assertion. No reviewed drying process or material-specific moisture evidence. No reviewed product-role evidence in this structural cohort.
AOM_001569,Asteriscus maritimus,Forage Plants,false,false,false,not_in_form_cohort,,not_in_moisture_cohort,,not_in_role_cohort,,docs/decisions/0041-feed-material-structural-model.md;docs/decisions/0042-feed-process-and-material-state-axes.md,No reviewed grinding result or governed presentation-form assertion. No reviewed drying process or material-specific moisture evidence. No reviewed product-role evidence in this structural cohort.
AOM_001570,Atractylis cancellata,Forage Plants,false,false,false,not_in_form_cohort,,not_in_moisture_cohort,,not_in_role_cohort,,docs/decisions/0041-feed-material-structural-model.md;docs/decisions/0042-feed-process-and-material-state-axes.md,No reviewed grinding result or governed presentation-form assertion. No reviewed drying process or material-specific moisture evidence. No reviewed product-role evidence in this structural cohort.
AOM_001571,Protein,Supplement,false,false,false,not_in_form_cohort,,not_in_moisture_cohort,,not_in_role_cohort,,docs/decisions/0041-feed-material-structural-model.md;docs/decisions/0042-feed-process-and-material-state-axes.md,No reviewed grinding result or governed presentation-form assertion. No reviewed drying process or material-specific moisture evidence. No reviewed product-role evidence in this structural cohort.
AOM_001572,Casein,Supplement,false,false,false,not_in_form_cohort,,not_in_moisture_cohort,,not_in_role_cohort,,docs/decisions/0041-feed-material-structural-model.md;docs/decisions/0042-feed-process-and-material-state-axes.md,No reviewed grinding result or governed presentation-form assertion. No reviewed drying process or material-specific moisture evidence. No reviewed product-role evidence in this structural cohort.
AOM_001573,Catha edulis,Forage Plants,false,false,false,not_in_form_cohort,,not_in_moisture_cohort,,not_in_role_cohort,,docs/decisions/0041-feed-material-structural-model.md;docs/decisions/0042-feed-process-and-material-state-axes.md,No reviewed grinding result or governed presentation-form assertion. No reviewed drying process or material-specific moisture evidence. No reviewed product-role evidence in this structural cohort.
AOM_001574,Catha edulis Residue,Forage Plants,false,false,false,not_in_form_cohort,,not_in_moisture_cohort,,approved_existing_role,Residue role,docs/decisions/0041-feed-material-structural-model.md;docs/decisions/0042-feed-process-and-material-state-axes.md,No reviewed grinding result or governed presentation-form assertion. No reviewed drying process or material-specific moisture evidence. Existing reviewed product-role assertion remains authoritative.
AOM_001575,Crotalaria ochroleuca,Forage Plants,false,false,false,not_in_form_cohort,,not_in_moisture_cohort,,not_in_role_cohort,,docs/decisions/0041-feed-material-structural-model.md;docs/decisions/0042-feed-process-and-material-state-axes.md,No reviewed grinding result or governed presentation-form assertion. No reviewed drying process or material-specific moisture evidence. No reviewed product-role evidence in this structural cohort.
AOM_001577,Carbohydrate,Supplement,false,false,false,not_in_form_cohort,,not_in_moisture_cohort,,not_in_role_cohort,,docs/decisions/0041-feed-material-structural-model.md;docs/decisions/0042-feed-process-and-material-state-axes.md,No reviewed grinding result or governed presentation-form assertion. No reviewed drying process or material-specific moisture evidence. No reviewed product-role evidence in this structural cohort.
AOM_001578,Dextrin,Supplement,false,false,false,not_in_form_cohort,,not_in_moisture_cohort,,not_in_role_cohort,,docs/decisions/0041-feed-material-structural-model.md;docs/decisions/0042-feed-process-and-material-state-axes.md,No reviewed grinding result or governed presentation-form assertion. No reviewed drying process or material-specific moisture evidence. No reviewed product-role evidence in this structural cohort.
AOM_001579,Elancoban,Preformulated Feed,false,false,false,not_in_form_cohort,,not_in_moisture_cohort,,not_in_role_cohort,,docs/decisions/0041-feed-material-structural-model.md;docs/decisions/0042-feed-process-and-material-state-axes.md,No reviewed grinding result or governed presentation-form assertion. No reviewed drying process or material-specific moisture evidence. No reviewed product-role evidence in this structural cohort.
AOM_001581,Andropogon gayanus Dried,Forage Plants,false,true,false,not_in_form_cohort,,approved_dried_from_process,Dried moisture condition,not_in_role_cohort,,docs/decisions/0041-feed-material-structural-model.md;docs/decisions/0042-feed-process-and-material-state-axes.md,No reviewed grinding result or governed presentation-form assertion. Approved Drying process supports dried moisture condition without implying one presentation form. No reviewed product-role evidence in this structural cohort.
AOM_001582,Soybean,Crop Product,false,false,false,not_in_form_cohort,,not_in_moisture_cohort,,not_in_role_cohort,,docs/decisions/0041-feed-material-structural-model.md;docs/decisions/0042-feed-process-and-material-state-axes.md,No reviewed grinding result or governed presentation-form assertion. No reviewed drying process or material-specific moisture evidence. No reviewed product-role evidence in this structural cohort.
AOM_001583,Soybean Autoclaved Ground,Crop Product,true,false,true,approved_comminuted_form,Comminuted particle form,not_in_moisture_cohort,,not_in_role_cohort,,docs/decisions/0041-feed-material-structural-model.md;docs/decisions/0042-feed-process-and-material-state-axes.md,"Approved Grinding process supports broad comminuted-particle presentation; bulk consistency, moisture, particle size, and meal/powder subtype remain unspecified. No reviewed drying process or material-specific moisture evidence. No reviewed product-role evidence in this structural cohort."
AOM_001586,Soybean Oil,Crop Product,false,false,false,not_in_form_cohort,,not_in_moisture_cohort,,not_in_role_cohort,,docs/decisions/0041-feed-material-structural-model.md;docs/decisions/0042-feed-process-and-material-state-axes.md,No reviewed grinding result or governed presentation-form assertion. No reviewed drying process or material-specific moisture evidence. No reviewed product-role evidence in this structural cohort.
AOM_001588,Ficus,Forage Plants,false,false,false,not_in_form_cohort,,not_in_moisture_cohort,,not_in_role_cohort,,docs/decisions/0041-feed-material-structural-model.md;docs/decisions/0042-feed-process-and-material-state-axes.md,No reviewed grinding result or governed presentation-form assertion. No reviewed drying process or material-specific moisture evidence. No reviewed product-role evidence in this structural cohort.
AOM_001590,Acacia angustissima Dried,Forage Plants,false,true,false,not_in_form_cohort,,approved_dried_from_process,Dried moisture condition,not_in_role_cohort,,docs/decisions/0041-feed-material-structural-model.md;docs/decisions/0042-feed-process-and-material-state-axes.md,No reviewed grinding result or governed presentation-form assertion. Approved Drying process supports dried moisture condition without implying one presentation form. No reviewed product-role evidence in this structural cohort.
AOM_001591,Acacia angustissima Leaves,Forage Plants,false,false,false,not_in_form_cohort,,not_in_moisture_cohort,,not_in_role_cohort,,docs/decisions/0041-feed-material-structural-model.md;docs/decisions/0042-feed-process-and-material-state-axes.md,No reviewed grinding result or governed presentation-form assertion. No reviewed drying process or material-specific moisture evidence. No reviewed product-role evidence in this structural cohort.
AOM_001592,Acacia angusitissima Leaves Dried Ensiled,Forage Plants,false,true,false,not_in_form_cohort,,approved_dried_from_process,Dried moisture condition,not_in_role_cohort,,docs/decisions/0041-feed-material-structural-model.md;docs/decisions/0042-feed-process-and-material-state-axes.md,No reviewed grinding result or governed presentation-form assertion. Approved Drying process supports dried moisture condition without implying one presentation form. No reviewed product-role evidence in this structural cohort.
AOM_001593,Acacia nilotica Leaves,Forage Plants,false,false,false,not_in_form_cohort,,not_in_moisture_cohort,,not_in_role_cohort,,docs/decisions/0041-feed-material-structural-model.md;docs/decisions/0042-feed-process-and-material-state-axes.md,No reviewed grinding result or governed presentation-form assertion. No reviewed drying process or material-specific moisture evidence. No reviewed product-role evidence in this structural cohort.
AOM_001594,Acacia nilotica Leaves Dried,Forage Plants,false,true,false,not_in_form_cohort,,approved_dried_from_process,Dried moisture condition,not_in_role_cohort,,docs/decisions/0041-feed-material-structural-model.md;docs/decisions/0042-feed-process-and-material-state-axes.md,No reviewed grinding result or governed presentation-form assertion. Approved Drying process supports dried moisture condition without implying one presentation form. No reviewed product-role evidence in this structural cohort.
AOM_001595,Acacia nilotica Pods,Forage Plants,false,false,false,not_in_form_cohort,,not_in_moisture_cohort,,not_in_role_cohort,,docs/decisions/0041-feed-material-structural-model.md;docs/decisions/0042-feed-process-and-material-state-axes.md,No reviewed grinding result or governed presentation-form assertion. No reviewed drying process or material-specific moisture evidence. No reviewed product-role evidence in this structural cohort.
AOM_001596,Acacia nilotica Pods Dried,Forage Plants,false,true,false,not_in_form_cohort,,approved_dried_from_process,Dried moisture condition,not_in_role_cohort,,docs/decisions/0041-feed-material-structural-model.md;docs/decisions/0042-feed-process-and-material-state-axes.md,No reviewed grinding result or governed presentation-form assertion. Approved Drying process supports dried moisture condition without implying one presentation form. No reviewed product-role evidence in this structural cohort.
AOM_001597,Acacia senegal Leaves Dried,Forage Plants,false,true,false,not_in_form_cohort,,approved_dried_from_process,Dried moisture condition,not_in_role_cohort,,docs/decisions/0041-feed-material-structural-model.md;docs/decisions/0042-feed-process-and-material-state-axes.md,No reviewed grinding result or governed presentation-form assertion. Approved Drying process supports dried moisture condition without implying one presentation form. No reviewed product-role evidence in this structural cohort.
AOM_001598,Acacia senegal Pods Dried,Forage Plants,false,true,false,not_in_form_cohort,,approved_dried_from_process,Dried moisture condition,not_in_role_cohort,,docs/decisions/0041-feed-material-structural-model.md;docs/decisions/0042-feed-process-and-material-state-axes.md,No reviewed grinding result or governed presentation-form assertion. Approved Drying process supports dried moisture condition without implying one presentation form. No reviewed product-role evidence in this structural cohort.
AOM_001599,Acacia sieberiana Dried Ensiled Ground,Forage Plants,true,true,true,approved_comminuted_form,Comminuted particle form,approved_dried_from_process,Dried moisture condition,not_in_role_cohort,,docs/decisions/0041-feed-material-structural-model.md;docs/decisions/0042-feed-process-and-material-state-axes.md,"Approved Grinding process supports broad comminuted-particle presentation; bulk consistency, moisture, particle size, and meal/powder subtype remain unspecified. Approved Drying process supports dried moisture condition without implying one presentation form. No reviewed product-role evidence in this structural cohort."
AOM_001600,Vachellia polyacantha Leaves,Forage Plants,false,false,false,not_in_form_cohort,,not_in_moisture_cohort,,not_in_role_cohort,,docs/decisions/0041-feed-material-structural-model.md;docs/decisions/0042-feed-process-and-material-state-axes.md,No reviewed grinding result or governed presentation-form assertion. No reviewed drying process or material-specific moisture evidence. No reviewed product-role evidence in this structural cohort.
AOM_001601,Acacia tortilis Pods Ground,Forage Plants,true,false,true,approved_comminuted_form,Comminuted particle form,not_in_moisture_cohort,,not_in_role_cohort,,docs/decisions/0041-feed-material-structural-model.md;docs/decisions/0042-feed-process-and-material-state-axes.md,"Approved Grinding process supports broad comminuted-particle presentation; bulk consistency, moisture, particle size, and meal/powder subtype remain unspecified. No reviewed drying process or material-specific moisture evidence. No reviewed product-role evidence in this structural cohort."
AOM_001602,Acacia tortilis Pods Dried,Forage Plants,false,true,false,not_in_form_cohort,,approved_dried_from_process,Dried moisture condition,not_in_role_cohort,,docs/decisions/0041-feed-material-structural-model.md;docs/decisions/0042-feed-process-and-material-state-axes.md,No reviewed grinding result or governed presentation-form assertion. Approved Drying process supports dried moisture condition without implying one presentation form. No reviewed product-role evidence in this structural cohort.
AOM_001603,Acacia tortilis Fruits,Forage Plants,false,false,false,not_in_form_cohort,,not_in_moisture_cohort,,not_in_role_cohort,,docs/decisions/0041-feed-material-structural-model.md;docs/decisions/0042-feed-process-and-material-state-axes.md,No reviewed grinding result or governed presentation-form assertion. No reviewed drying process or material-specific moisture evidence. No reviewed product-role evidence in this structural cohort.
AOM_001604,Acacia tortilis Fruits Dried,Forage Plants,false,true,false,not_in_form_cohort,,approved_dried_from_process,Dried moisture condition,not_in_role_cohort,,docs/decisions/0041-feed-material-structural-model.md;docs/decisions/0042-feed-process-and-material-state-axes.md,No reviewed grinding result or governed presentation-form assertion. Approved Drying process supports dried moisture condition without implying one presentation form. No reviewed product-role evidence in this structural cohort.
AOM_001605,African Palm Larvae Dried Ground,Animal,true,true,true,approved_comminuted_form,Comminuted particle form,approved_dried_from_process,Dried moisture condition,not_in_role_cohort,,docs/decisions/0041-feed-material-structural-model.md;docs/decisions/0042-feed-process-and-material-state-axes.md,"Approved Grinding process supports broad comminuted-particle presentation; bulk consistency, moisture, particle size, and meal/powder subtype remain unspecified. Approved Drying process supports dried moisture condition without implying one presentation form. No reviewed product-role evidence in this structural cohort."
AOM_001609,Annona senegalensis Leaves Wilted,Forage Plants,false,false,false,not_in_form_cohort,,not_in_moisture_cohort,,not_in_role_cohort,,docs/decisions/0041-feed-material-structural-model.md;docs/decisions/0042-feed-process-and-material-state-axes.md,No reviewed grinding result or governed presentation-form assertion. No reviewed drying process or material-specific moisture evidence. No reviewed product-role evidence in this structural cohort.
AOM_001610,Oyster Shells Ground,Animal Byproduct,true,false,true,approved_comminuted_form,Comminuted particle form,not_in_moisture_cohort,,approved_branch_to_role_translation,By-product role,docs/decisions/0041-feed-material-structural-model.md;docs/decisions/0042-feed-process-and-material-state-axes.md,"Approved Grinding process supports broad comminuted-particle presentation; bulk consistency, moisture, particle size, and meal/powder subtype remain unspecified. No reviewed drying process or material-specific moisture evidence. Canonical legacy by-product branch classification translated to explicit productRole; compatibility hierarchy retained."
AOM_001611,Atella Fermented,Crop Byproduct,false,false,false,not_in_form_cohort,,not_in_moisture_cohort,,approved_branch_to_role_translation,By-product role,docs/decisions/0041-feed-material-structural-model.md;docs/decisions/0042-feed-process-and-material-state-axes.md,No reviewed grinding result or governed presentation-form assertion. No reviewed drying process or material-specific moisture evidence. Canonical legacy by-product branch classification translated to explicit productRole; compatibility hierarchy retained.
AOM_001612,Azadirachta indica Leaves Dried,Forage Plants,false,true,false,not_in_form_cohort,,approved_dried_from_process,Dried moisture condition,not_in_role_cohort,,docs/decisions/0041-feed-material-structural-model.md;docs/decisions/0042-feed-process-and-material-state-axes.md,No reviewed grinding result or governed presentation-form assertion. Approved Drying process supports dried moisture condition without implying one presentation form. No reviewed product-role evidence in this structural cohort.
AOM_001613,Barley Ground,Crop Product,true,false,false,approved_comminuted_form,Comminuted particle form,not_in_moisture_cohort,,not_in_role_cohort,,docs/decisions/0041-feed-material-structural-model.md;docs/decisions/0042-feed-process-and-material-state-axes.md,"Approved Grinding process supports broad comminuted-particle presentation; bulk consistency, moisture, particle size, and meal/powder subtype remain unspecified. No reviewed drying process or material-specific moisture evidence. No reviewed product-role evidence in this structural cohort."
AOM_001614,Maize Bran,Crop Byproduct,false,false,false,not_in_form_cohort,,not_in_moisture_cohort,,approved_existing_role,By-product role,docs/decisions/0041-feed-material-structural-model.md;docs/decisions/0042-feed-process-and-material-state-axes.md,No reviewed grinding result or governed presentation-form assertion. No reviewed drying process or material-specific moisture evidence. Existing reviewed product-role assertion remains authoritative.
AOM_001615,Maize Sheath Ground,Crop Byproduct,true,false,true,approved_comminuted_form,Comminuted particle form,not_in_moisture_cohort,,approved_branch_to_role_translation,By-product role,docs/decisions/0041-feed-material-structural-model.md;docs/decisions/0042-feed-process-and-material-state-axes.md,"Approved Grinding process supports broad comminuted-particle presentation; bulk consistency, moisture, particle size, and meal/powder subtype remain unspecified. No reviewed drying process or material-specific moisture evidence. Canonical legacy by-product branch classification translated to explicit productRole; compatibility hierarchy retained."
AOM_001616,Blood,Animal,false,false,false,not_in_form_cohort,,not_in_moisture_cohort,,approved_blood_byproduct,By-product role,docs/decisions/0041-feed-material-structural-model.md;docs/decisions/0042-feed-process-and-material-state-axes.md,No reviewed grinding result or governed presentation-form assertion. No reviewed drying process or material-specific moisture evidence. Blood collected from slaughter is governed as animal by-product.
AOM_001617,Maize Straw Dried Ground,Crop Byproduct,true,true,true,approved_comminuted_form,Comminuted particle form,approved_dried_from_process,Dried moisture condition,approved_branch_to_role_translation,By-product role,docs/decisions/0041-feed-material-structural-model.md;docs/decisions/0042-feed-process-and-material-state-axes.md,"Approved Grinding process supports broad comminuted-particle presentation; bulk consistency, moisture, particle size, and meal/powder subtype remain unspecified. Approved Drying process supports dried moisture condition without implying one presentation form. Canonical legacy by-product branch classification translated to explicit productRole; compatibility hierarchy retained."
AOM_001618,Oat Fodder,Crop Byproduct,false,false,false,not_in_form_cohort,,not_in_moisture_cohort,,approved_branch_to_role_translation,By-product role,docs/decisions/0041-feed-material-structural-model.md;docs/decisions/0042-feed-process-and-material-state-axes.md,No reviewed grinding result or governed presentation-form assertion. No reviewed drying process or material-specific moisture evidence. Canonical legacy by-product branch classification translated to explicit productRole; compatibility hierarchy retained.
AOM_001619,Rice Husk Dried Urea Treated,Crop Byproduct,false,true,false,not_in_form_cohort,,approved_dried_from_process,Dried moisture condition,approved_branch_to_role_translation,By-product role,docs/decisions/0041-feed-material-structural-model.md;docs/decisions/0042-feed-process-and-material-state-axes.md,No reviewed grinding result or governed presentation-form assertion. Approved Drying process supports dried moisture condition without implying one presentation form. Canonical legacy by-product branch classification translated to explicit productRole; compatibility hierarchy retained.
AOM_001620,Bracharia decumbens Ensiled,Forage Plants,false,false,false,not_in_form_cohort,,not_in_moisture_cohort,,not_in_role_cohort,,docs/decisions/0041-feed-material-structural-model.md;docs/decisions/0042-feed-process-and-material-state-axes.md,No reviewed grinding result or governed presentation-form assertion. No reviewed drying process or material-specific moisture evidence. No reviewed product-role evidence in this structural cohort.
AOM_001621,Tata Dried,Crop Byproduct,false,true,false,not_in_form_cohort,,approved_dried_from_process,Dried moisture condition,approved_branch_to_role_translation,By-product role,docs/decisions/0041-feed-material-structural-model.md;docs/decisions/0042-feed-process-and-material-state-axes.md,No reviewed grinding result or governed presentation-form assertion. Approved Drying process supports dried moisture condition without implying one presentation form. Canonical legacy by-product branch classification translated to explicit productRole; compatibility hierarchy retained.
AOM_001622,Wheat Bran Ground,Crop Byproduct,true,false,true,approved_comminuted_form,Comminuted particle form,not_in_moisture_cohort,,approved_branch_to_role_translation,By-product role,docs/decisions/0041-feed-material-structural-model.md;docs/decisions/0042-feed-process-and-material-state-axes.md,"Approved Grinding process supports broad comminuted-particle presentation; bulk consistency, moisture, particle size, and meal/powder subtype remain unspecified. No reviewed drying process or material-specific moisture evidence. Canonical legacy by-product branch classification translated to explicit productRole; compatibility hierarchy retained."
AOM_001623,Wheat Offal Ground,Crop Byproduct,true,false,true,approved_comminuted_form,Comminuted particle form,not_in_moisture_cohort,,approved_branch_to_role_translation,By-product role,docs/decisions/0041-feed-material-structural-model.md;docs/decisions/0042-feed-process-and-material-state-axes.md,"Approved Grinding process supports broad comminuted-particle presentation; bulk consistency, moisture, particle size, and meal/powder subtype remain unspecified. No reviewed drying process or material-specific moisture evidence. Canonical legacy by-product branch classification translated to explicit productRole; compatibility hierarchy retained."
AOM_001624,Wheat Straw Lime Treated Urea Treated,Crop Byproduct,false,false,false,not_in_form_cohort,,not_in_moisture_cohort,,approved_branch_to_role_translation,By-product role,docs/decisions/0041-feed-material-structural-model.md;docs/decisions/0042-feed-process-and-material-state-axes.md,No reviewed grinding result or governed presentation-form assertion. No reviewed drying process or material-specific moisture evidence. Canonical legacy by-product branch classification translated to explicit productRole; compatibility hierarchy retained.
AOM_001625,Mango Seed Kernel,Crop Byproduct,false,false,false,not_in_form_cohort,,not_in_moisture_cohort,,approved_branch_to_role_translation,By-product role,docs/decisions/0041-feed-material-structural-model.md;docs/decisions/0042-feed-process-and-material-state-axes.md,No reviewed grinding result or governed presentation-form assertion. No reviewed drying process or material-specific moisture evidence. Canonical legacy by-product branch classification translated to explicit productRole; compatibility hierarchy retained.
AOM_001626,Cassava Leaves Dried,Crop Byproduct,false,true,false,not_in_form_cohort,,approved_dried_from_process,Dried moisture condition,approved_branch_to_role_translation,By-product role,docs/decisions/0041-feed-material-structural-model.md;docs/decisions/0042-feed-process-and-material-state-axes.md,No reviewed grinding result or governed presentation-form assertion. Approved Drying process supports dried moisture condition without implying one presentation form. Canonical legacy by-product branch classification translated to explicit productRole; compatibility hierarchy retained.
AOM_001627,Cassava Peel Dried,Crop Byproduct,false,true,false,not_in_form_cohort,,approved_dried_from_process,Dried moisture condition,approved_branch_to_role_translation,By-product role,docs/decisions/0041-feed-material-structural-model.md;docs/decisions/0042-feed-process-and-material-state-axes.md,No reviewed grinding result or governed presentation-form assertion. Approved Drying process supports dried moisture condition without implying one presentation form. Canonical legacy by-product branch classification translated to explicit productRole; compatibility hierarchy retained.
AOM_001628,Catha edulis Residue Dried,Forage Plants,false,true,false,not_in_form_cohort,,approved_dried_from_process,Dried moisture condition,not_in_role_cohort,,docs/decisions/0041-feed-material-structural-model.md;docs/decisions/0042-feed-process-and-material-state-axes.md,No reviewed grinding result or governed presentation-form assertion. Approved Drying process supports dried moisture condition without implying one presentation form. No reviewed product-role evidence in this structural cohort.
AOM_001629,Pigeon Pea Leaves Dried,Crop Byproduct,false,true,false,not_in_form_cohort,,approved_dried_from_process,Dried moisture condition,approved_branch_to_role_translation,By-product role,docs/decisions/0041-feed-material-structural-model.md;docs/decisions/0042-feed-process-and-material-state-axes.md,No reviewed grinding result or governed presentation-form assertion. Approved Drying process supports dried moisture condition without implying one presentation form. Canonical legacy by-product branch classification translated to explicit productRole; compatibility hierarchy retained.
AOM_001630,Chamaecytisus palmensis Leaves,Forage Plants,false,false,false,not_in_form_cohort,,not_in_moisture_cohort,,not_in_role_cohort,,docs/decisions/0041-feed-material-structural-model.md;docs/decisions/0042-feed-process-and-material-state-axes.md,No reviewed grinding result or governed presentation-form assertion. No reviewed drying process or material-specific moisture evidence. No reviewed product-role evidence in this structural cohort.
AOM_001631,Chamaecytisus palmensis Leaves Dried,Forage Plants,false,true,false,not_in_form_cohort,,approved_dried_from_process,Dried moisture condition,not_in_role_cohort,,docs/decisions/0041-feed-material-structural-model.md;docs/decisions/0042-feed-process-and-material-state-axes.md,No reviewed grinding result or governed presentation-form assertion. Approved Drying process supports dried moisture condition without implying one presentation form. No reviewed product-role evidence in this structural cohort.
AOM_001632,Pigeon Pea Dried,Crop Byproduct,false,true,false,not_in_form_cohort,,approved_dried_from_process,Dried moisture condition,approved_branch_to_role_translation,By-product role,docs/decisions/0041-feed-material-structural-model.md;docs/decisions/0042-feed-process-and-material-state-axes.md,No reviewed grinding result or governed presentation-form assertion. Approved Drying process supports dried moisture condition without implying one presentation form. Canonical legacy by-product branch classification translated to explicit productRole; compatibility hierarchy retained.
AOM_001633,Chloris gayana Dried,Forage Plants,false,true,false,not_in_form_cohort,,approved_dried_from_process,Dried moisture condition,not_in_role_cohort,,docs/decisions/0041-feed-material-structural-model.md;docs/decisions/0042-feed-process-and-material-state-axes.md,No reviewed grinding result or governed presentation-form assertion. Approved Drying process supports dried moisture condition without implying one presentation form. No reviewed product-role evidence in this structural cohort.
AOM_001634,Chloris gayana Dried Wilted,Forage Plants,false,true,false,not_in_form_cohort,,approved_dried_from_process,Dried moisture condition,not_in_role_cohort,,docs/decisions/0041-feed-material-structural-model.md;docs/decisions/0042-feed-process-and-material-state-axes.md,No reviewed grinding result or governed presentation-form assertion. Approved Drying process supports dried moisture condition without implying one presentation form. No reviewed product-role evidence in this structural cohort.
AOM_001635,Chloris gayana Dried Ground,Forage Plants,true,true,true,approved_comminuted_form,Comminuted particle form,approved_dried_from_process,Dried moisture condition,not_in_role_cohort,,docs/decisions/0041-feed-material-structural-model.md;docs/decisions/0042-feed-process-and-material-state-axes.md,"Approved Grinding process supports broad comminuted-particle presentation; bulk consistency, moisture, particle size, and meal/powder subtype remain unspecified. Approved Drying process supports dried moisture condition without implying one presentation form. No reviewed product-role evidence in this structural cohort."
AOM_001636,Chromolaena odorata Leaves,Forage Plants,false,false,false,not_in_form_cohort,,not_in_moisture_cohort,,not_in_role_cohort,,docs/decisions/0041-feed-material-structural-model.md;docs/decisions/0042-feed-process-and-material-state-axes.md,No reviewed grinding result or governed presentation-form assertion. No reviewed drying process or material-specific moisture evidence. No reviewed product-role evidence in this structural cohort.
AOM_001637,Chromolaena odorata Leaves Dried Ground,Forage Plants,true,true,true,approved_comminuted_form,Comminuted particle form,approved_dried_from_process,Dried moisture condition,not_in_role_cohort,,docs/decisions/0041-feed-material-structural-model.md;docs/decisions/0042-feed-process-and-material-state-axes.md,"Approved Grinding process supports broad comminuted-particle presentation; bulk consistency, moisture, particle size, and meal/powder subtype remain unspecified. Approved Drying process supports dried moisture condition without implying one presentation form. No reviewed product-role evidence in this structural cohort."
AOM_001638,Palm Kernel Cake,Crop Byproduct,false,false,false,not_in_form_cohort,,not_in_moisture_cohort,,approved_branch_to_role_translation,By-product role,docs/decisions/0041-feed-material-structural-model.md;docs/decisions/0042-feed-process-and-material-state-axes.md,No reviewed grinding result or governed presentation-form assertion. No reviewed drying process or material-specific moisture evidence. Canonical legacy by-product branch classification translated to explicit productRole; compatibility hierarchy retained.
AOM_001641,Cotton Seed Cake Dried,Crop Byproduct,false,true,false,not_in_form_cohort,,approved_dried_from_process,Dried moisture condition,approved_branch_to_role_translation,By-product role,docs/decisions/0041-feed-material-structural-model.md;docs/decisions/0042-feed-process-and-material-state-axes.md,No reviewed grinding result or governed presentation-form assertion. Approved Drying process supports dried moisture condition without implying one presentation form. Canonical legacy by-product branch classification translated to explicit productRole; compatibility hierarchy retained.
AOM_001642,Cotton Seed Decorticated Ground,Crop Byproduct,true,false,true,approved_comminuted_form,Comminuted particle form,not_in_moisture_cohort,,approved_branch_to_role_translation,By-product role,docs/decisions/0041-feed-material-structural-model.md;docs/decisions/0042-feed-process-and-material-state-axes.md,"Approved Grinding process supports broad comminuted-particle presentation; bulk consistency, moisture, particle size, and meal/powder subtype remain unspecified. No reviewed drying process or material-specific moisture evidence. Canonical legacy by-product branch classification translated to explicit productRole; compatibility hierarchy retained."
AOM_001643,Cotton Seed Ground,Crop Byproduct,true,false,true,approved_comminuted_form,Comminuted particle form,not_in_moisture_cohort,,approved_branch_to_role_translation,By-product role,docs/decisions/0041-feed-material-structural-model.md;docs/decisions/0042-feed-process-and-material-state-axes.md,"Approved Grinding process supports broad comminuted-particle presentation; bulk consistency, moisture, particle size, and meal/powder subtype remain unspecified. No reviewed drying process or material-specific moisture evidence. Canonical legacy by-product branch classification translated to explicit productRole; compatibility hierarchy retained."
AOM_001644,Cotton Seed Cake Ground,Crop Byproduct,true,false,false,approved_comminuted_form,Comminuted particle form,not_in_moisture_cohort,,approved_branch_to_role_translation,By-product role,docs/decisions/0041-feed-material-structural-model.md;docs/decisions/0042-feed-process-and-material-state-axes.md,"Approved Grinding process supports broad comminuted-particle presentation; bulk consistency, moisture, particle size, and meal/powder subtype remain unspecified. No reviewed drying process or material-specific moisture evidence. Canonical legacy by-product branch classification translated to explicit productRole; compatibility hierarchy retained."
AOM_001645,Sheanut Cake Boiled Dried,Crop Byproduct,false,true,false,not_in_form_cohort,,approved_dried_from_process,Dried moisture condition,approved_branch_to_role_translation,By-product role,docs/decisions/0041-feed-material-structural-model.md;docs/decisions/0042-feed-process-and-material-state-axes.md,No reviewed grinding result or governed presentation-form assertion. Approved Drying process supports dried moisture condition without implying one presentation form. Canonical legacy by-product branch classification translated to explicit productRole; compatibility hierarchy retained.
AOM_001646,Cowpea Dried,Crop Byproduct,false,true,false,not_in_form_cohort,,approved_dried_from_process,Dried moisture condition,approved_branch_to_role_translation,By-product role,docs/decisions/0041-feed-material-structural-model.md;docs/decisions/0042-feed-process-and-material-state-axes.md,No reviewed grinding result or governed presentation-form assertion. Approved Drying process supports dried moisture condition without implying one presentation form. Canonical legacy by-product branch classification translated to explicit productRole; compatibility hierarchy retained.
AOM_001647,Cassava Leaves Dried Ground,Crop Byproduct,true,true,false,approved_comminuted_form,Comminuted particle form,approved_dried_from_process,Dried moisture condition,approved_branch_to_role_translation,By-product role,docs/decisions/0041-feed-material-structural-model.md;docs/decisions/0042-feed-process-and-material-state-axes.md,"Approved Grinding process supports broad comminuted-particle presentation; bulk consistency, moisture, particle size, and meal/powder subtype remain unspecified. Approved Drying process supports dried moisture condition without implying one presentation form. Canonical legacy by-product branch classification translated to explicit productRole; compatibility hierarchy retained."
AOM_001649,Cynadon dactylon Dried,Forage Plants,false,true,false,not_in_form_cohort,,approved_dried_from_process,Dried moisture condition,not_in_role_cohort,,docs/decisions/0041-feed-material-structural-model.md;docs/decisions/0042-feed-process-and-material-state-axes.md,No reviewed grinding result or governed presentation-form assertion. Approved Drying process supports dried moisture condition without implying one presentation form. No reviewed product-role evidence in this structural cohort.
AOM_001650,Taro Leaves Boiled Dried,Crop Byproduct,false,true,false,not_in_form_cohort,,approved_dried_from_process,Dried moisture condition,approved_branch_to_role_translation,By-product role,docs/decisions/0041-feed-material-structural-model.md;docs/decisions/0042-feed-process-and-material-state-axes.md,No reviewed grinding result or governed presentation-form assertion. Approved Drying process supports dried moisture condition without implying one presentation form. Canonical legacy by-product branch classification translated to explicit productRole; compatibility hierarchy retained.
AOM_001651,Yam Peels Dried,Crop Byproduct,false,true,false,not_in_form_cohort,,approved_dried_from_process,Dried moisture condition,approved_branch_to_role_translation,By-product role,docs/decisions/0041-feed-material-structural-model.md;docs/decisions/0042-feed-process-and-material-state-axes.md,No reviewed grinding result or governed presentation-form assertion. Approved Drying process supports dried moisture condition without implying one presentation form. Canonical legacy by-product branch classification translated to explicit productRole; compatibility hierarchy retained.
AOM_001654,Dichrostachys cinerea Fruits,Forage Plants,false,false,false,not_in_form_cohort,,not_in_moisture_cohort,,not_in_role_cohort,,docs/decisions/0041-feed-material-structural-model.md;docs/decisions/0042-feed-process-and-material-state-axes.md,No reviewed grinding result or governed presentation-form assertion. No reviewed drying process or material-specific moisture evidence. No reviewed product-role evidence in this structural cohort.
AOM_001655,Dichrostachys cinerea Fruits Dried,Forage Plants,false,true,false,not_in_form_cohort,,approved_dried_from_process,Dried moisture condition,not_in_role_cohort,,docs/decisions/0041-feed-material-structural-model.md;docs/decisions/0042-feed-process-and-material-state-axes.md,No reviewed grinding result or governed presentation-form assertion. Approved Drying process supports dried moisture condition without implying one presentation form. No reviewed product-role evidence in this structural cohort.
AOM_001656,Maize Dried Ground,Crop Product,true,true,false,approved_comminuted_form,Comminuted particle form,approved_dried_from_process,Dried moisture condition,not_in_role_cohort,,docs/decisions/0041-feed-material-structural-model.md;docs/decisions/0042-feed-process-and-material-state-axes.md,"Approved Grinding process supports broad comminuted-particle presentation; bulk consistency, moisture, particle size, and meal/powder subtype remain unspecified. Approved Drying process supports dried moisture condition without implying one presentation form. No reviewed product-role evidence in this structural cohort."
AOM_001657,Ficus thonningii Leaves Ground,Forage Plants,true,false,true,approved_comminuted_form,Comminuted particle form,not_in_moisture_cohort,,not_in_role_cohort,,docs/decisions/0041-feed-material-structural-model.md;docs/decisions/0042-feed-process-and-material-state-axes.md,"Approved Grinding process supports broad comminuted-particle presentation; bulk consistency, moisture, particle size, and meal/powder subtype remain unspecified. No reviewed drying process or material-specific moisture evidence. No reviewed product-role evidence in this structural cohort."
AOM_001658,Fish Dried Ground Heated,Animal,true,true,true,approved_comminuted_form,Comminuted particle form,approved_dried_from_process,Dried moisture condition,not_in_role_cohort,,docs/decisions/0041-feed-material-structural-model.md;docs/decisions/0042-feed-process-and-material-state-axes.md,"Approved Grinding process supports broad comminuted-particle presentation; bulk consistency, moisture, particle size, and meal/powder subtype remain unspecified. Approved Drying process supports dried moisture condition without implying one presentation form. No reviewed product-role evidence in this structural cohort."
AOM_001660,Groundnut Cake Ground,Crop Byproduct,true,false,true,approved_comminuted_form,Comminuted particle form,not_in_moisture_cohort,,approved_branch_to_role_translation,By-product role,docs/decisions/0041-feed-material-structural-model.md;docs/decisions/0042-feed-process-and-material-state-axes.md,"Approved Grinding process supports broad comminuted-particle presentation; bulk consistency, moisture, particle size, and meal/powder subtype remain unspecified. No reviewed drying process or material-specific moisture evidence. Canonical legacy by-product branch classification translated to explicit productRole; compatibility hierarchy retained."
AOM_001661,Onion Bulb Dried Ethanol Treated Blended,Crop Product,false,true,false,not_in_form_cohort,,approved_dried_from_process,Dried moisture condition,not_in_role_cohort,,docs/decisions/0041-feed-material-structural-model.md;docs/decisions/0042-feed-process-and-material-state-axes.md,No reviewed grinding result or governed presentation-form assertion. Approved Drying process supports dried moisture condition without implying one presentation form. No reviewed product-role evidence in this structural cohort.
AOM_001662,Scarlet Eggplant Wilted,Crop Product,false,false,false,not_in_form_cohort,,not_in_moisture_cohort,,not_in_role_cohort,,docs/decisions/0041-feed-material-structural-model.md;docs/decisions/0042-feed-process-and-material-state-axes.md,No reviewed grinding result or governed presentation-form assertion. No reviewed drying process or material-specific moisture evidence. No reviewed product-role evidence in this structural cohort.
AOM_001663,Hyparrhenia rufa Dried,Forage Plants,false,true,false,not_in_form_cohort,,approved_dried_from_process,Dried moisture condition,not_in_role_cohort,,docs/decisions/0041-feed-material-structural-model.md;docs/decisions/0042-feed-process-and-material-state-axes.md,No reviewed grinding result or governed presentation-form assertion. Approved Drying process supports dried moisture condition without implying one presentation form. No reviewed product-role evidence in this structural cohort.
AOM_001664,Ulva rigida Dried Ground,Forage Plants,true,true,true,approved_comminuted_form,Comminuted particle form,approved_dried_from_process,Dried moisture condition,not_in_role_cohort,,docs/decisions/0041-feed-material-structural-model.md;docs/decisions/0042-feed-process-and-material-state-axes.md,"Approved Grinding process supports broad comminuted-particle presentation; bulk consistency, moisture, particle size, and meal/powder subtype remain unspecified. Approved Drying process supports dried moisture condition without implying one presentation form. No reviewed product-role evidence in this structural cohort."
AOM_001665,Lablab purpureus Dried Wilted,Forage Plants,false,true,false,not_in_form_cohort,,approved_dried_from_process,Dried moisture condition,not_in_role_cohort,,docs/decisions/0041-feed-material-structural-model.md;docs/decisions/0042-feed-process-and-material-state-axes.md,No reviewed grinding result or governed presentation-form assertion. Approved Drying process supports dried moisture condition without implying one presentation form. No reviewed product-role evidence in this structural cohort.
AOM_001666,Lablab purpureus Crushed Dried,Forage Plants,false,true,false,not_in_form_cohort,,approved_dried_from_process,Dried moisture condition,not_in_role_cohort,,docs/decisions/0041-feed-material-structural-model.md;docs/decisions/0042-feed-process-and-material-state-axes.md,No reviewed grinding result or governed presentation-form assertion. Approved Drying process supports dried moisture condition without implying one presentation form. No reviewed product-role evidence in this structural cohort.
AOM_001667,Leucaena leucocephala Dried,Forage Plants,false,true,false,not_in_form_cohort,,approved_dried_from_process,Dried moisture condition,not_in_role_cohort,,docs/decisions/0041-feed-material-structural-model.md;docs/decisions/0042-feed-process-and-material-state-axes.md,No reviewed grinding result or governed presentation-form assertion. Approved Drying process supports dried moisture condition without implying one presentation form. No reviewed product-role evidence in this structural cohort.
AOM_001668,Leucaena leucocephala Wilted,Forage Plants,false,false,false,not_in_form_cohort,,not_in_moisture_cohort,,not_in_role_cohort,,docs/decisions/0041-feed-material-structural-model.md;docs/decisions/0042-feed-process-and-material-state-axes.md,No reviewed grinding result or governed presentation-form assertion. No reviewed drying process or material-specific moisture evidence. No reviewed product-role evidence in this structural cohort.
AOM_001669,Leucaena leucocephala Dried Ground,Forage Plants,true,true,true,approved_comminuted_form,Comminuted particle form,approved_dried_from_process,Dried moisture condition,not_in_role_cohort,,docs/decisions/0041-feed-material-structural-model.md;docs/decisions/0042-feed-process-and-material-state-axes.md,"Approved Grinding process supports broad comminuted-particle presentation; bulk consistency, moisture, particle size, and meal/powder subtype remain unspecified. Approved Drying process supports dried moisture condition without implying one presentation form. No reviewed product-role evidence in this structural cohort."
AOM_001671,Leucaena leucocephala Leaves Dried Ensiled,Forage Plants,false,true,false,not_in_form_cohort,,approved_dried_from_process,Dried moisture condition,not_in_role_cohort,,docs/decisions/0041-feed-material-structural-model.md;docs/decisions/0042-feed-process-and-material-state-axes.md,No reviewed grinding result or governed presentation-form assertion. Approved Drying process supports dried moisture condition without implying one presentation form. No reviewed product-role evidence in this structural cohort.
AOM_001672,Leucaena leucocephala Leaves,Forage Plants,false,false,false,not_in_form_cohort,,not_in_moisture_cohort,,not_in_role_cohort,,docs/decisions/0041-feed-material-structural-model.md;docs/decisions/0042-feed-process-and-material-state-axes.md,No reviewed grinding result or governed presentation-form assertion. No reviewed drying process or material-specific moisture evidence. No reviewed product-role evidence in this structural cohort.
AOM_001674,Maize Ground,Crop Product,true,false,true,approved_comminuted_form,Comminuted particle form,not_in_moisture_cohort,,not_in_role_cohort,,docs/decisions/0041-feed-material-structural-model.md;docs/decisions/0042-feed-process-and-material-state-axes.md,"Approved Grinding process supports broad comminuted-particle presentation; bulk consistency, moisture, particle size, and meal/powder subtype remain unspecified. No reviewed drying process or material-specific moisture evidence. No reviewed product-role evidence in this structural cohort."
AOM_001675,Baby Corn Stalk,Crop Byproduct,false,false,false,not_in_form_cohort,,not_in_moisture_cohort,,approved_branch_to_role_translation,By-product role,docs/decisions/0041-feed-material-structural-model.md;docs/decisions/0042-feed-process-and-material-state-axes.md,No reviewed grinding result or governed presentation-form assertion. No reviewed drying process or material-specific moisture evidence. Canonical legacy by-product branch classification translated to explicit productRole; compatibility hierarchy retained.
AOM_001676,Megathyrsus maximus Dried,Forage Plants,false,true,false,not_in_form_cohort,,approved_dried_from_process,Dried moisture condition,not_in_role_cohort,,docs/decisions/0041-feed-material-structural-model.md;docs/decisions/0042-feed-process-and-material-state-axes.md,No reviewed grinding result or governed presentation-form assertion. Approved Drying process supports dried moisture condition without implying one presentation form. No reviewed product-role evidence in this structural cohort.
AOM_001677,Panicum maximum Ensiled,Forage Plants,false,false,false,not_in_form_cohort,,not_in_moisture_cohort,,not_in_role_cohort,,docs/decisions/0041-feed-material-structural-model.md;docs/decisions/0042-feed-process-and-material-state-axes.md,No reviewed grinding result or governed presentation-form assertion. No reviewed drying process or material-specific moisture evidence. No reviewed product-role evidence in this structural cohort.
AOM_001679,Maize Grain Ground,Crop Product,true,false,true,approved_comminuted_form,Comminuted particle form,not_in_moisture_cohort,,not_in_role_cohort,,docs/decisions/0041-feed-material-structural-model.md;docs/decisions/0042-feed-process-and-material-state-axes.md,"Approved Grinding process supports broad comminuted-particle presentation; bulk consistency, moisture, particle size, and meal/powder subtype remain unspecified. No reviewed drying process or material-specific moisture evidence. No reviewed product-role evidence in this structural cohort."
AOM_001681,Pennisetum purpureum Dried Ground,Forage Plants,true,true,true,approved_comminuted_form,Comminuted particle form,approved_dried_from_process,Dried moisture condition,not_in_role_cohort,,docs/decisions/0041-feed-material-structural-model.md;docs/decisions/0042-feed-process-and-material-state-axes.md,"Approved Grinding process supports broad comminuted-particle presentation; bulk consistency, moisture, particle size, and meal/powder subtype remain unspecified. Approved Drying process supports dried moisture condition without implying one presentation form. No reviewed product-role evidence in this structural cohort."
AOM_001682,Maize Straw Ground,Crop Byproduct,true,false,true,approved_comminuted_form,Comminuted particle form,not_in_moisture_cohort,,approved_branch_to_role_translation,By-product role,docs/decisions/0041-feed-material-structural-model.md;docs/decisions/0042-feed-process-and-material-state-axes.md,"Approved Grinding process supports broad comminuted-particle presentation; bulk consistency, moisture, particle size, and meal/powder subtype remain unspecified. No reviewed drying process or material-specific moisture evidence. Canonical legacy by-product branch classification translated to explicit productRole; compatibility hierarchy retained."
AOM_001684,Maize Straw Dried Ensiled Ground Urea Treated,Crop Byproduct,true,true,false,approved_comminuted_form,Comminuted particle form,approved_dried_from_process,Dried moisture condition,approved_branch_to_role_translation,By-product role,docs/decisions/0041-feed-material-structural-model.md;docs/decisions/0042-feed-process-and-material-state-axes.md,"Approved Grinding process supports broad comminuted-particle presentation; bulk consistency, moisture, particle size, and meal/powder subtype remain unspecified. Approved Drying process supports dried moisture condition without implying one presentation form. Canonical legacy by-product branch classification translated to explicit productRole; compatibility hierarchy retained."
AOM_001686,Maize Straw Dried,Crop Byproduct,false,true,false,not_in_form_cohort,,approved_dried_from_process,Dried moisture condition,approved_branch_to_role_translation,By-product role,docs/decisions/0041-feed-material-structural-model.md;docs/decisions/0042-feed-process-and-material-state-axes.md,No reviewed grinding result or governed presentation-form assertion. Approved Drying process supports dried moisture condition without implying one presentation form. Canonical legacy by-product branch classification translated to explicit productRole; compatibility hierarchy retained.
AOM_001687,Maize Straw Urea Treated,Crop Byproduct,false,false,false,not_in_form_cohort,,not_in_moisture_cohort,,approved_branch_to_role_translation,By-product role,docs/decisions/0041-feed-material-structural-model.md;docs/decisions/0042-feed-process-and-material-state-axes.md,No reviewed grinding result or governed presentation-form assertion. No reviewed drying process or material-specific moisture evidence. Canonical legacy by-product branch classification translated to explicit productRole; compatibility hierarchy retained.
AOM_001688,Maize Straw Ground Urea Treated,Crop Byproduct,true,false,true,approved_comminuted_form,Comminuted particle form,not_in_moisture_cohort,,approved_branch_to_role_translation,By-product role,docs/decisions/0041-feed-material-structural-model.md;docs/decisions/0042-feed-process-and-material-state-axes.md,"Approved Grinding process supports broad comminuted-particle presentation; bulk consistency, moisture, particle size, and meal/powder subtype remain unspecified. No reviewed drying process or material-specific moisture evidence. Canonical legacy by-product branch classification translated to explicit productRole; compatibility hierarchy retained."
AOM_001689,Schizachyrium exile Urea Treated,Forage Plants,false,false,false,not_in_form_cohort,,not_in_moisture_cohort,,not_in_role_cohort,,docs/decisions/0041-feed-material-structural-model.md;docs/decisions/0042-feed-process-and-material-state-axes.md,No reviewed grinding result or governed presentation-form assertion. No reviewed drying process or material-specific moisture evidence. No reviewed product-role evidence in this structural cohort.
AOM_001692,Schoenefeldia gracilis Dried,Forage Plants,false,true,false,not_in_form_cohort,,approved_dried_from_process,Dried moisture condition,not_in_role_cohort,,docs/decisions/0041-feed-material-structural-model.md;docs/decisions/0042-feed-process-and-material-state-axes.md,No reviewed grinding result or governed presentation-form assertion. Approved Drying process supports dried moisture condition without implying one presentation form. No reviewed product-role evidence in this structural cohort.
AOM_001693,Mango Seed Dried Ground,Crop Byproduct,true,true,true,approved_comminuted_form,Comminuted particle form,approved_dried_from_process,Dried moisture condition,approved_branch_to_role_translation,By-product role,docs/decisions/0041-feed-material-structural-model.md;docs/decisions/0042-feed-process-and-material-state-axes.md,"Approved Grinding process supports broad comminuted-particle presentation; bulk consistency, moisture, particle size, and meal/powder subtype remain unspecified. Approved Drying process supports dried moisture condition without implying one presentation form. Canonical legacy by-product branch classification translated to explicit productRole; compatibility hierarchy retained."
AOM_001694,Mango Seed Kernel Dried Ground,Crop Byproduct,true,true,true,approved_comminuted_form,Comminuted particle form,approved_dried_from_process,Dried moisture condition,approved_branch_to_role_translation,By-product role,docs/decisions/0041-feed-material-structural-model.md;docs/decisions/0042-feed-process-and-material-state-axes.md,"Approved Grinding process supports broad comminuted-particle presentation; bulk consistency, moisture, particle size, and meal/powder subtype remain unspecified. Approved Drying process supports dried moisture condition without implying one presentation form. Canonical legacy by-product branch classification translated to explicit productRole; compatibility hierarchy retained."
AOM_001695,Mango Seed Kernel Crushed Dried,Crop Byproduct,false,true,false,not_in_form_cohort,,approved_dried_from_process,Dried moisture condition,approved_branch_to_role_translation,By-product role,docs/decisions/0041-feed-material-structural-model.md;docs/decisions/0042-feed-process-and-material-state-axes.md,No reviewed grinding result or governed presentation-form assertion. Approved Drying process supports dried moisture condition without implying one presentation form. Canonical legacy by-product branch classification translated to explicit productRole; compatibility hierarchy retained.
AOM_001696,Moringa oleifera Dried,Forage Plants,false,true,false,not_in_form_cohort,,approved_dried_from_process,Dried moisture condition,not_in_role_cohort,,docs/decisions/0041-feed-material-structural-model.md;docs/decisions/0042-feed-process-and-material-state-axes.md,No reviewed grinding result or governed presentation-form assertion. Approved Drying process supports dried moisture condition without implying one presentation form. No reviewed product-role evidence in this structural cohort.
AOM_001697,Mucuna pruriens Dried,Forage Plants,false,true,false,not_in_form_cohort,,approved_dried_from_process,Dried moisture condition,not_in_role_cohort,,docs/decisions/0041-feed-material-structural-model.md;docs/decisions/0042-feed-process-and-material-state-axes.md,No reviewed grinding result or governed presentation-form assertion. Approved Drying process supports dried moisture condition without implying one presentation form. No reviewed product-role evidence in this structural cohort.
AOM_001698,Mucuna pruriens Seed Crushed,Forage Plants,false,false,false,not_in_form_cohort,,not_in_moisture_cohort,,not_in_role_cohort,,docs/decisions/0041-feed-material-structural-model.md;docs/decisions/0042-feed-process-and-material-state-axes.md,No reviewed grinding result or governed presentation-form assertion. No reviewed drying process or material-specific moisture evidence. No reviewed product-role evidence in this structural cohort.
AOM_001699,Afzelia africana Leaves,Forage Plants,false,false,false,not_in_form_cohort,,not_in_moisture_cohort,,not_in_role_cohort,,docs/decisions/0041-feed-material-structural-model.md;docs/decisions/0042-feed-process-and-material-state-axes.md,No reviewed grinding result or governed presentation-form assertion. No reviewed drying process or material-specific moisture evidence. No reviewed product-role evidence in this structural cohort.
AOM_001700,Noug Cake Ground,Crop Product,true,false,true,approved_comminuted_form,Comminuted particle form,not_in_moisture_cohort,,not_in_role_cohort,,docs/decisions/0041-feed-material-structural-model.md;docs/decisions/0042-feed-process-and-material-state-axes.md,"Approved Grinding process supports broad comminuted-particle presentation; bulk consistency, moisture, particle size, and meal/powder subtype remain unspecified. No reviewed drying process or material-specific moisture evidence. No reviewed product-role evidence in this structural cohort."
AOM_001701,Calliandra calothyrsus Leaves Dried Ground,Forage Plants,true,true,true,approved_comminuted_form,Comminuted particle form,approved_dried_from_process,Dried moisture condition,not_in_role_cohort,,docs/decisions/0041-feed-material-structural-model.md;docs/decisions/0042-feed-process-and-material-state-axes.md,"Approved Grinding process supports broad comminuted-particle presentation; bulk consistency, moisture, particle size, and meal/powder subtype remain unspecified. Approved Drying process supports dried moisture condition without implying one presentation form. No reviewed product-role evidence in this structural cohort."
AOM_001702,Oat Leaves Dried Ground,Crop Byproduct,true,true,true,approved_comminuted_form,Comminuted particle form,approved_dried_from_process,Dried moisture condition,approved_branch_to_role_translation,By-product role,docs/decisions/0041-feed-material-structural-model.md;docs/decisions/0042-feed-process-and-material-state-axes.md,"Approved Grinding process supports broad comminuted-particle presentation; bulk consistency, moisture, particle size, and meal/powder subtype remain unspecified. Approved Drying process supports dried moisture condition without implying one presentation form. Canonical legacy by-product branch classification translated to explicit productRole; compatibility hierarchy retained."
AOM_001703,Chamaecytisus palmensis Dried,Forage Plants,false,true,false,not_in_form_cohort,,approved_dried_from_process,Dried moisture condition,not_in_role_cohort,,docs/decisions/0041-feed-material-structural-model.md;docs/decisions/0042-feed-process-and-material-state-axes.md,No reviewed grinding result or governed presentation-form assertion. Approved Drying process supports dried moisture condition without implying one presentation form. No reviewed product-role evidence in this structural cohort.
AOM_001704,Daniellia oliveri Leaves Wilted,Forage Plants,false,false,false,not_in_form_cohort,,not_in_moisture_cohort,,not_in_role_cohort,,docs/decisions/0041-feed-material-structural-model.md;docs/decisions/0042-feed-process-and-material-state-axes.md,No reviewed grinding result or governed presentation-form assertion. No reviewed drying process or material-specific moisture evidence. No reviewed product-role evidence in this structural cohort.
AOM_001705,Erythrina brucei Leaves Dried,Forage Plants,false,true,false,not_in_form_cohort,,approved_dried_from_process,Dried moisture condition,not_in_role_cohort,,docs/decisions/0041-feed-material-structural-model.md;docs/decisions/0042-feed-process-and-material-state-axes.md,No reviewed grinding result or governed presentation-form assertion. Approved Drying process supports dried moisture condition without implying one presentation form. No reviewed product-role evidence in this structural cohort.
AOM_001706,Olive Leaves Dried,Forage Plants,false,true,false,not_in_form_cohort,,approved_dried_from_process,Dried moisture condition,not_in_role_cohort,,docs/decisions/0041-feed-material-structural-model.md;docs/decisions/0042-feed-process-and-material-state-axes.md,No reviewed grinding result or governed presentation-form assertion. Approved Drying process supports dried moisture condition without implying one presentation form. No reviewed product-role evidence in this structural cohort.
AOM_001708,Palm Kernel Dried Ground,Crop Byproduct,true,true,false,approved_comminuted_form,Comminuted particle form,approved_dried_from_process,Dried moisture condition,approved_branch_to_role_translation,By-product role,docs/decisions/0041-feed-material-structural-model.md;docs/decisions/0042-feed-process-and-material-state-axes.md,"Approved Grinding process supports broad comminuted-particle presentation; bulk consistency, moisture, particle size, and meal/powder subtype remain unspecified. Approved Drying process supports dried moisture condition without implying one presentation form. Canonical legacy by-product branch classification translated to explicit productRole; compatibility hierarchy retained."
AOM_001709,Panicum maximum Wilted,Forage Plants,false,false,false,not_in_form_cohort,,not_in_moisture_cohort,,not_in_role_cohort,,docs/decisions/0041-feed-material-structural-model.md;docs/decisions/0042-feed-process-and-material-state-axes.md,No reviewed grinding result or governed presentation-form assertion. No reviewed drying process or material-specific moisture evidence. No reviewed product-role evidence in this structural cohort.
AOM_001710,Leucaena leucocephala Leaves Dried,Forage Plants,false,true,false,not_in_form_cohort,,approved_dried_from_process,Dried moisture condition,not_in_role_cohort,,docs/decisions/0041-feed-material-structural-model.md;docs/decisions/0042-feed-process-and-material-state-axes.md,No reviewed grinding result or governed presentation-form assertion. Approved Drying process supports dried moisture condition without implying one presentation form. No reviewed product-role evidence in this structural cohort.
AOM_001711,Moringa oleifera Ensiled,Forage Plants,false,false,false,not_in_form_cohort,,not_in_moisture_cohort,,not_in_role_cohort,,docs/decisions/0041-feed-material-structural-model.md;docs/decisions/0042-feed-process-and-material-state-axes.md,No reviewed grinding result or governed presentation-form assertion. No reviewed drying process or material-specific moisture evidence. No reviewed product-role evidence in this structural cohort.
AOM_001713,Pennisetum clandestinum Dried,Forage Plants,false,true,false,not_in_form_cohort,,approved_dried_from_process,Dried moisture condition,not_in_role_cohort,,docs/decisions/0041-feed-material-structural-model.md;docs/decisions/0042-feed-process-and-material-state-axes.md,No reviewed grinding result or governed presentation-form assertion. Approved Drying process supports dried moisture condition without implying one presentation form. No reviewed product-role evidence in this structural cohort.
AOM_001714,Pennisetum clandestinum Dried Ground,Forage Plants,true,true,true,approved_comminuted_form,Comminuted particle form,approved_dried_from_process,Dried moisture condition,not_in_role_cohort,,docs/decisions/0041-feed-material-structural-model.md;docs/decisions/0042-feed-process-and-material-state-axes.md,"Approved Grinding process supports broad comminuted-particle presentation; bulk consistency, moisture, particle size, and meal/powder subtype remain unspecified. Approved Drying process supports dried moisture condition without implying one presentation form. No reviewed product-role evidence in this structural cohort."
AOM_001715,Opuntia ficus indica Cladode Dried,Forage Plants,false,true,false,not_in_form_cohort,,approved_dried_from_process,Dried moisture condition,not_in_role_cohort,,docs/decisions/0041-feed-material-structural-model.md;docs/decisions/0042-feed-process-and-material-state-axes.md,No reviewed grinding result or governed presentation-form assertion. Approved Drying process supports dried moisture condition without implying one presentation form. No reviewed product-role evidence in this structural cohort.
AOM_001717,Pennisetum pedicellatum Dried,Forage Plants,false,true,false,not_in_form_cohort,,approved_dried_from_process,Dried moisture condition,not_in_role_cohort,,docs/decisions/0041-feed-material-structural-model.md;docs/decisions/0042-feed-process-and-material-state-axes.md,No reviewed grinding result or governed presentation-form assertion. Approved Drying process supports dried moisture condition without implying one presentation form. No reviewed product-role evidence in this structural cohort.
AOM_001718,Pennisetum pedicellatum Dried Ground,Forage Plants,true,true,true,approved_comminuted_form,Comminuted particle form,approved_dried_from_process,Dried moisture condition,not_in_role_cohort,,docs/decisions/0041-feed-material-structural-model.md;docs/decisions/0042-feed-process-and-material-state-axes.md,"Approved Grinding process supports broad comminuted-particle presentation; bulk consistency, moisture, particle size, and meal/powder subtype remain unspecified. Approved Drying process supports dried moisture condition without implying one presentation form. No reviewed product-role evidence in this structural cohort."
AOM_001719,Piliostigma thonningii Leaves Wilted,Forage Plants,false,false,false,not_in_form_cohort,,not_in_moisture_cohort,,not_in_role_cohort,,docs/decisions/0041-feed-material-structural-model.md;docs/decisions/0042-feed-process-and-material-state-axes.md,No reviewed grinding result or governed presentation-form assertion. No reviewed drying process or material-specific moisture evidence. No reviewed product-role evidence in this structural cohort.
AOM_001720,Pennisetum purpureum Ground,Forage Plants,true,false,true,approved_comminuted_form,Comminuted particle form,not_in_moisture_cohort,,not_in_role_cohort,,docs/decisions/0041-feed-material-structural-model.md;docs/decisions/0042-feed-process-and-material-state-axes.md,"Approved Grinding process supports broad comminuted-particle presentation; bulk consistency, moisture, particle size, and meal/powder subtype remain unspecified. No reviewed drying process or material-specific moisture evidence. No reviewed product-role evidence in this structural cohort."
AOM_001721,Pennisetum purpureum Dried,Forage Plants,false,true,false,not_in_form_cohort,,approved_dried_from_process,Dried moisture condition,not_in_role_cohort,,docs/decisions/0041-feed-material-structural-model.md;docs/decisions/0042-feed-process-and-material-state-axes.md,No reviewed grinding result or governed presentation-form assertion. Approved Drying process supports dried moisture condition without implying one presentation form. No reviewed product-role evidence in this structural cohort.
AOM_001722,Pithecellobium dulce Leaves Dried,Forage Plants,false,true,false,not_in_form_cohort,,approved_dried_from_process,Dried moisture condition,not_in_role_cohort,,docs/decisions/0041-feed-material-structural-model.md;docs/decisions/0042-feed-process-and-material-state-axes.md,No reviewed grinding result or governed presentation-form assertion. Approved Drying process supports dried moisture condition without implying one presentation form. No reviewed product-role evidence in this structural cohort.
AOM_001723,Psophocarpus scandens Leaves Wilted,Forage Plants,false,false,false,not_in_form_cohort,,not_in_moisture_cohort,,not_in_role_cohort,,docs/decisions/0041-feed-material-structural-model.md;docs/decisions/0042-feed-process-and-material-state-axes.md,No reviewed grinding result or governed presentation-form assertion. No reviewed drying process or material-specific moisture evidence. No reviewed product-role evidence in this structural cohort.
AOM_001724,Sesbania sesban Leaves Wilted,Forage Plants,false,false,false,not_in_form_cohort,,not_in_moisture_cohort,,not_in_role_cohort,,docs/decisions/0041-feed-material-structural-model.md;docs/decisions/0042-feed-process-and-material-state-axes.md,No reviewed grinding result or governed presentation-form assertion. No reviewed drying process or material-specific moisture evidence. No reviewed product-role evidence in this structural cohort.
AOM_001725,Sesbania goetzei Dried,Forage Plants,false,true,false,not_in_form_cohort,,approved_dried_from_process,Dried moisture condition,not_in_role_cohort,,docs/decisions/0041-feed-material-structural-model.md;docs/decisions/0042-feed-process-and-material-state-axes.md,No reviewed grinding result or governed presentation-form assertion. Approved Drying process supports dried moisture condition without implying one presentation form. No reviewed product-role evidence in this structural cohort.
AOM_001726,Tithonia diversifolia Dried,Forage Plants,false,true,false,not_in_form_cohort,,approved_dried_from_process,Dried moisture condition,not_in_role_cohort,,docs/decisions/0041-feed-material-structural-model.md;docs/decisions/0042-feed-process-and-material-state-axes.md,No reviewed grinding result or governed presentation-form assertion. Approved Drying process supports dried moisture condition without implying one presentation form. No reviewed product-role evidence in this structural cohort.
AOM_001727,Centrosema pubescens Ensiled,Forage Plants,false,false,false,not_in_form_cohort,,not_in_moisture_cohort,,not_in_role_cohort,,docs/decisions/0041-feed-material-structural-model.md;docs/decisions/0042-feed-process-and-material-state-axes.md,No reviewed grinding result or governed presentation-form assertion. No reviewed drying process or material-specific moisture evidence. No reviewed product-role evidence in this structural cohort.
AOM_001728,Crotalaria ochroleuca Dried,Forage Plants,false,true,false,not_in_form_cohort,,approved_dried_from_process,Dried moisture condition,not_in_role_cohort,,docs/decisions/0041-feed-material-structural-model.md;docs/decisions/0042-feed-process-and-material-state-axes.md,No reviewed grinding result or governed presentation-form assertion. Approved Drying process supports dried moisture condition without implying one presentation form. No reviewed product-role evidence in this structural cohort.
AOM_001729,Desmodium intortum Dried,Forage Plants,false,true,false,not_in_form_cohort,,approved_dried_from_process,Dried moisture condition,not_in_role_cohort,,docs/decisions/0041-feed-material-structural-model.md;docs/decisions/0042-feed-process-and-material-state-axes.md,No reviewed grinding result or governed presentation-form assertion. Approved Drying process supports dried moisture condition without implying one presentation form. No reviewed product-role evidence in this structural cohort.
AOM_001730,Prosopis juliflora Pods Ground,Forage Plants,true,false,false,approved_comminuted_form,Comminuted particle form,not_in_moisture_cohort,,not_in_role_cohort,,docs/decisions/0041-feed-material-structural-model.md;docs/decisions/0042-feed-process-and-material-state-axes.md,"Approved Grinding process supports broad comminuted-particle presentation; bulk consistency, moisture, particle size, and meal/powder subtype remain unspecified. No reviewed drying process or material-specific moisture evidence. No reviewed product-role evidence in this structural cohort."
AOM_001731,Lablab purpureus Leaves Dried,Forage Plants,false,true,false,not_in_form_cohort,,approved_dried_from_process,Dried moisture condition,not_in_role_cohort,,docs/decisions/0041-feed-material-structural-model.md;docs/decisions/0042-feed-process-and-material-state-axes.md,No reviewed grinding result or governed presentation-form assertion. Approved Drying process supports dried moisture condition without implying one presentation form. No reviewed product-role evidence in this structural cohort.
AOM_001732,Lablab purpureus Dried,Forage Plants,false,true,false,not_in_form_cohort,,approved_dried_from_process,Dried moisture condition,not_in_role_cohort,,docs/decisions/0041-feed-material-structural-model.md;docs/decisions/0042-feed-process-and-material-state-axes.md,No reviewed grinding result or governed presentation-form assertion. Approved Drying process supports dried moisture condition without implying one presentation form. No reviewed product-role evidence in this structural cohort.
AOM_001734,Macroptilium atropurpureum Dried Ground,Forage Plants,true,true,true,approved_comminuted_form,Comminuted particle form,approved_dried_from_process,Dried moisture condition,not_in_role_cohort,,docs/decisions/0041-feed-material-structural-model.md;docs/decisions/0042-feed-process-and-material-state-axes.md,"Approved Grinding process supports broad comminuted-particle presentation; bulk consistency, moisture, particle size, and meal/powder subtype remain unspecified. Approved Drying process supports dried moisture condition without implying one presentation form. No reviewed product-role evidence in this structural cohort."
AOM_001735,Macrotyloma axillare Dried,Forage Plants,false,true,false,not_in_form_cohort,,approved_dried_from_process,Dried moisture condition,not_in_role_cohort,,docs/decisions/0041-feed-material-structural-model.md;docs/decisions/0042-feed-process-and-material-state-axes.md,No reviewed grinding result or governed presentation-form assertion. Approved Drying process supports dried moisture condition without implying one presentation form. No reviewed product-role evidence in this structural cohort.
AOM_001736,Stylosanthes guianensis Dried Ground,Forage Plants,true,true,true,approved_comminuted_form,Comminuted particle form,approved_dried_from_process,Dried moisture condition,not_in_role_cohort,,docs/decisions/0041-feed-material-structural-model.md;docs/decisions/0042-feed-process-and-material-state-axes.md,"Approved Grinding process supports broad comminuted-particle presentation; bulk consistency, moisture, particle size, and meal/powder subtype remain unspecified. Approved Drying process supports dried moisture condition without implying one presentation form. No reviewed product-role evidence in this structural cohort."
AOM_001737,Stylosanthes hamata Cake Ground Roasted,Forage Plants,true,false,true,approved_comminuted_form,Comminuted particle form,not_in_moisture_cohort,,not_in_role_cohort,,docs/decisions/0041-feed-material-structural-model.md;docs/decisions/0042-feed-process-and-material-state-axes.md,"Approved Grinding process supports broad comminuted-particle presentation; bulk consistency, moisture, particle size, and meal/powder subtype remain unspecified. No reviewed drying process or material-specific moisture evidence. No reviewed product-role evidence in this structural cohort."
AOM_001738,Trifolium alexandrinum Dried,Forage Plants,false,true,false,not_in_form_cohort,,approved_dried_from_process,Dried moisture condition,not_in_role_cohort,,docs/decisions/0041-feed-material-structural-model.md;docs/decisions/0042-feed-process-and-material-state-axes.md,No reviewed grinding result or governed presentation-form assertion. Approved Drying process supports dried moisture condition without implying one presentation form. No reviewed product-role evidence in this structural cohort.
AOM_001739,Sesbania goetzei Leaves Dried,Forage Plants,false,true,false,not_in_form_cohort,,approved_dried_from_process,Dried moisture condition,not_in_role_cohort,,docs/decisions/0041-feed-material-structural-model.md;docs/decisions/0042-feed-process-and-material-state-axes.md,No reviewed grinding result or governed presentation-form assertion. Approved Drying process supports dried moisture condition without implying one presentation form. No reviewed product-role evidence in this structural cohort.
AOM_001740,Sesbania sesban Leaves,Forage Plants,false,false,false,not_in_form_cohort,,not_in_moisture_cohort,,not_in_role_cohort,,docs/decisions/0041-feed-material-structural-model.md;docs/decisions/0042-feed-process-and-material-state-axes.md,No reviewed grinding result or governed presentation-form assertion. No reviewed drying process or material-specific moisture evidence. No reviewed product-role evidence in this structural cohort.
AOM_001741,Catha edulis Residue Ensiled,Forage Plants,false,false,false,not_in_form_cohort,,not_in_moisture_cohort,,not_in_role_cohort,,docs/decisions/0041-feed-material-structural-model.md;docs/decisions/0042-feed-process-and-material-state-axes.md,No reviewed grinding result or governed presentation-form assertion. No reviewed drying process or material-specific moisture evidence. No reviewed product-role evidence in this structural cohort.
AOM_001743,Stipa tenacissima Dried,Forage Plants,false,true,false,not_in_form_cohort,,approved_dried_from_process,Dried moisture condition,not_in_role_cohort,,docs/decisions/0041-feed-material-structural-model.md;docs/decisions/0042-feed-process-and-material-state-axes.md,No reviewed grinding result or governed presentation-form assertion. Approved Drying process supports dried moisture condition without implying one presentation form. No reviewed product-role evidence in this structural cohort.
AOM_001744,Stylosanthes guianensis Dried,Forage Plants,false,true,false,not_in_form_cohort,,approved_dried_from_process,Dried moisture condition,not_in_role_cohort,,docs/decisions/0041-feed-material-structural-model.md;docs/decisions/0042-feed-process-and-material-state-axes.md,No reviewed grinding result or governed presentation-form assertion. Approved Drying process supports dried moisture condition without implying one presentation form. No reviewed product-role evidence in this structural cohort.
AOM_001745,Orange Dried,Crop Byproduct,false,true,false,not_in_form_cohort,,approved_dried_from_process,Dried moisture condition,approved_branch_to_role_translation,By-product role,docs/decisions/0041-feed-material-structural-model.md;docs/decisions/0042-feed-process-and-material-state-axes.md,No reviewed grinding result or governed presentation-form assertion. Approved Drying process supports dried moisture condition without implying one presentation form. Canonical legacy by-product branch classification translated to explicit productRole; compatibility hierarchy retained.
AOM_001746,Dicalcium Phosphate Dried Ground,Supplement,true,true,true,approved_comminuted_form,Comminuted particle form,approved_dried_from_process,Dried moisture condition,not_in_role_cohort,,docs/decisions/0041-feed-material-structural-model.md;docs/decisions/0042-feed-process-and-material-state-axes.md,"Approved Grinding process supports broad comminuted-particle presentation; bulk consistency, moisture, particle size, and meal/powder subtype remain unspecified. Approved Drying process supports dried moisture condition without implying one presentation form. No reviewed product-role evidence in this structural cohort."
AOM_001749,Urea,Supplement,false,false,false,not_in_form_cohort,,not_in_moisture_cohort,,not_in_role_cohort,,docs/decisions/0041-feed-material-structural-model.md;docs/decisions/0042-feed-process-and-material-state-axes.md,No reviewed grinding result or governed presentation-form assertion. No reviewed drying process or material-specific moisture evidence. No reviewed product-role evidence in this structural cohort.
AOM_001750,Wheat Straw Ground,Crop Byproduct,true,false,true,approved_comminuted_form,Comminuted particle form,not_in_moisture_cohort,,approved_branch_to_role_translation,By-product role,docs/decisions/0041-feed-material-structural-model.md;docs/decisions/0042-feed-process-and-material-state-axes.md,"Approved Grinding process supports broad comminuted-particle presentation; bulk consistency, moisture, particle size, and meal/powder subtype remain unspecified. No reviewed drying process or material-specific moisture evidence. Canonical legacy by-product branch classification translated to explicit productRole; compatibility hierarchy retained."
AOM_001751,Wheat Straw Urea Treated,Crop Byproduct,false,false,false,not_in_form_cohort,,not_in_moisture_cohort,,approved_branch_to_role_translation,By-product role,docs/decisions/0041-feed-material-structural-model.md;docs/decisions/0042-feed-process-and-material-state-axes.md,No reviewed grinding result or governed presentation-form assertion. No reviewed drying process or material-specific moisture evidence. Canonical legacy by-product branch classification translated to explicit productRole; compatibility hierarchy retained.
AOM_001752,Winged Bean Ground,Crop Product,true,false,true,approved_comminuted_form,Comminuted particle form,not_in_moisture_cohort,,not_in_role_cohort,,docs/decisions/0041-feed-material-structural-model.md;docs/decisions/0042-feed-process-and-material-state-axes.md,"Approved Grinding process supports broad comminuted-particle presentation; bulk consistency, moisture, particle size, and meal/powder subtype remain unspecified. No reviewed drying process or material-specific moisture evidence. No reviewed product-role evidence in this structural cohort."
AOM_001754,Cowpea Haulm Dried,Crop Byproduct,false,true,false,not_in_form_cohort,,approved_dried_from_process,Dried moisture condition,approved_branch_to_role_translation,By-product role,docs/decisions/0041-feed-material-structural-model.md;docs/decisions/0042-feed-process-and-material-state-axes.md,No reviewed grinding result or governed presentation-form assertion. Approved Drying process supports dried moisture condition without implying one presentation form. Canonical legacy by-product branch classification translated to explicit productRole; compatibility hierarchy retained.
AOM_001755,Acacia brevispica,Forage Plants,false,false,false,not_in_form_cohort,,not_in_moisture_cohort,,not_in_role_cohort,,docs/decisions/0041-feed-material-structural-model.md;docs/decisions/0042-feed-process-and-material-state-axes.md,No reviewed grinding result or governed presentation-form assertion. No reviewed drying process or material-specific moisture evidence. No reviewed product-role evidence in this structural cohort.
AOM_001756,Acacia brevispica Leaves,Forage Plants,false,false,false,not_in_form_cohort,,not_in_moisture_cohort,,not_in_role_cohort,,docs/decisions/0041-feed-material-structural-model.md;docs/decisions/0042-feed-process-and-material-state-axes.md,No reviewed grinding result or governed presentation-form assertion. No reviewed drying process or material-specific moisture evidence. No reviewed product-role evidence in this structural cohort.
AOM_001757,Acacia brevispica Leaves Dried,Forage Plants,false,true,false,not_in_form_cohort,,approved_dried_from_process,Dried moisture condition,not_in_role_cohort,,docs/decisions/0041-feed-material-structural-model.md;docs/decisions/0042-feed-process-and-material-state-axes.md,No reviewed grinding result or governed presentation-form assertion. Approved Drying process supports dried moisture condition without implying one presentation form. No reviewed product-role evidence in this structural cohort.
AOM_001758,Acacia brevispica Pods,Forage Plants,false,false,false,not_in_form_cohort,,not_in_moisture_cohort,,not_in_role_cohort,,docs/decisions/0041-feed-material-structural-model.md;docs/decisions/0042-feed-process-and-material-state-axes.md,No reviewed grinding result or governed presentation-form assertion. No reviewed drying process or material-specific moisture evidence. No reviewed product-role evidence in this structural cohort.
AOM_001759,Acacia brevispica Pods Dried,Forage Plants,false,true,false,not_in_form_cohort,,approved_dried_from_process,Dried moisture condition,not_in_role_cohort,,docs/decisions/0041-feed-material-structural-model.md;docs/decisions/0042-feed-process-and-material-state-axes.md,No reviewed grinding result or governed presentation-form assertion. Approved Drying process supports dried moisture condition without implying one presentation form. No reviewed product-role evidence in this structural cohort.
AOM_001760,Acacia etbaica,Forage Plants,false,false,false,not_in_form_cohort,,not_in_moisture_cohort,,not_in_role_cohort,,docs/decisions/0041-feed-material-structural-model.md;docs/decisions/0042-feed-process-and-material-state-axes.md,No reviewed grinding result or governed presentation-form assertion. No reviewed drying process or material-specific moisture evidence. No reviewed product-role evidence in this structural cohort.
AOM_001761,Acacia etbaica Fruits,Forage Plants,false,false,false,not_in_form_cohort,,not_in_moisture_cohort,,not_in_role_cohort,,docs/decisions/0041-feed-material-structural-model.md;docs/decisions/0042-feed-process-and-material-state-axes.md,No reviewed grinding result or governed presentation-form assertion. No reviewed drying process or material-specific moisture evidence. No reviewed product-role evidence in this structural cohort.
AOM_001762,Acacia etbaica Fruits Dried,Forage Plants,false,true,false,not_in_form_cohort,,approved_dried_from_process,Dried moisture condition,not_in_role_cohort,,docs/decisions/0041-feed-material-structural-model.md;docs/decisions/0042-feed-process-and-material-state-axes.md,No reviewed grinding result or governed presentation-form assertion. Approved Drying process supports dried moisture condition without implying one presentation form. No reviewed product-role evidence in this structural cohort.
AOM_001763,Acacia karroo,Forage Plants,false,false,false,not_in_form_cohort,,not_in_moisture_cohort,,not_in_role_cohort,,docs/decisions/0041-feed-material-structural-model.md;docs/decisions/0042-feed-process-and-material-state-axes.md,No reviewed grinding result or governed presentation-form assertion. No reviewed drying process or material-specific moisture evidence. No reviewed product-role evidence in this structural cohort.
AOM_001764,Acacia karroo Leaves,Forage Plants,false,false,false,not_in_form_cohort,,not_in_moisture_cohort,,not_in_role_cohort,,docs/decisions/0041-feed-material-structural-model.md;docs/decisions/0042-feed-process-and-material-state-axes.md,No reviewed grinding result or governed presentation-form assertion. No reviewed drying process or material-specific moisture evidence. No reviewed product-role evidence in this structural cohort.
AOM_001765,Acacia karroo Leaves Dried Ground,Forage Plants,true,true,true,approved_comminuted_form,Comminuted particle form,approved_dried_from_process,Dried moisture condition,not_in_role_cohort,,docs/decisions/0041-feed-material-structural-model.md;docs/decisions/0042-feed-process-and-material-state-axes.md,"Approved Grinding process supports broad comminuted-particle presentation; bulk consistency, moisture, particle size, and meal/powder subtype remain unspecified. Approved Drying process supports dried moisture condition without implying one presentation form. No reviewed product-role evidence in this structural cohort."
AOM_001766,Acacia polyacantha,Forage Plants,false,false,false,not_in_form_cohort,,not_in_moisture_cohort,,not_in_role_cohort,,docs/decisions/0041-feed-material-structural-model.md;docs/decisions/0042-feed-process-and-material-state-axes.md,No reviewed grinding result or governed presentation-form assertion. No reviewed drying process or material-specific moisture evidence. No reviewed product-role evidence in this structural cohort.
AOM_001767,Acacia polyacantha Leaves,Forage Plants,false,false,false,not_in_form_cohort,,not_in_moisture_cohort,,not_in_role_cohort,,docs/decisions/0041-feed-material-structural-model.md;docs/decisions/0042-feed-process-and-material-state-axes.md,No reviewed grinding result or governed presentation-form assertion. No reviewed drying process or material-specific moisture evidence. No reviewed product-role evidence in this structural cohort.
AOM_001768,Acacia polyacantha Leaves Dried Ground,Forage Plants,true,true,true,approved_comminuted_form,Comminuted particle form,approved_dried_from_process,Dried moisture condition,not_in_role_cohort,,docs/decisions/0041-feed-material-structural-model.md;docs/decisions/0042-feed-process-and-material-state-axes.md,"Approved Grinding process supports broad comminuted-particle presentation; bulk consistency, moisture, particle size, and meal/powder subtype remain unspecified. Approved Drying process supports dried moisture condition without implying one presentation form. No reviewed product-role evidence in this structural cohort."
AOM_001769,Leucaena pallida Leaves,Forage Plants,false,false,false,not_in_form_cohort,,not_in_moisture_cohort,,not_in_role_cohort,,docs/decisions/0041-feed-material-structural-model.md;docs/decisions/0042-feed-process-and-material-state-axes.md,No reviewed grinding result or governed presentation-form assertion. No reviewed drying process or material-specific moisture evidence. No reviewed product-role evidence in this structural cohort.
AOM_001770,Leucaena pallida Leaves Dried,Forage Plants,false,true,false,not_in_form_cohort,,approved_dried_from_process,Dried moisture condition,not_in_role_cohort,,docs/decisions/0041-feed-material-structural-model.md;docs/decisions/0042-feed-process-and-material-state-axes.md,No reviewed grinding result or governed presentation-form assertion. Approved Drying process supports dried moisture condition without implying one presentation form. No reviewed product-role evidence in this structural cohort.
AOM_001771,Leucaena pallida,Forage Plants,false,false,false,not_in_form_cohort,,not_in_moisture_cohort,,not_in_role_cohort,,docs/decisions/0041-feed-material-structural-model.md;docs/decisions/0042-feed-process-and-material-state-axes.md,No reviewed grinding result or governed presentation-form assertion. No reviewed drying process or material-specific moisture evidence. No reviewed product-role evidence in this structural cohort.
AOM_001772,Sorghum Bran,Crop Byproduct,false,false,false,not_in_form_cohort,,not_in_moisture_cohort,,approved_branch_to_role_translation,By-product role,docs/decisions/0041-feed-material-structural-model.md;docs/decisions/0042-feed-process-and-material-state-axes.md,No reviewed grinding result or governed presentation-form assertion. No reviewed drying process or material-specific moisture evidence. Canonical legacy by-product branch classification translated to explicit productRole; compatibility hierarchy retained.
AOM_001773,Trace-elements Mix,Supplement,false,false,false,not_in_form_cohort,,not_in_moisture_cohort,,not_in_role_cohort,,docs/decisions/0041-feed-material-structural-model.md;docs/decisions/0042-feed-process-and-material-state-axes.md,No reviewed grinding result or governed presentation-form assertion. No reviewed drying process or material-specific moisture evidence. No reviewed product-role evidence in this structural cohort.
AOM_001774,Alfalfa Dried Ground,Forage Plants,true,true,true,approved_comminuted_form,Comminuted particle form,approved_dried_from_process,Dried moisture condition,not_in_role_cohort,,docs/decisions/0041-feed-material-structural-model.md;docs/decisions/0042-feed-process-and-material-state-axes.md,"Approved Grinding process supports broad comminuted-particle presentation; bulk consistency, moisture, particle size, and meal/powder subtype remain unspecified. Approved Drying process supports dried moisture condition without implying one presentation form. No reviewed product-role evidence in this structural cohort."
AOM_001775,Leucaena pallida Dried,Forage Plants,false,true,false,not_in_form_cohort,,approved_dried_from_process,Dried moisture condition,not_in_role_cohort,,docs/decisions/0041-feed-material-structural-model.md;docs/decisions/0042-feed-process-and-material-state-axes.md,No reviewed grinding result or governed presentation-form assertion. Approved Drying process supports dried moisture condition without implying one presentation form. No reviewed product-role evidence in this structural cohort.
AOM_001776,Sesame Fermented,Crop Byproduct,false,false,false,not_in_form_cohort,,not_in_moisture_cohort,,approved_branch_to_role_translation,By-product role,docs/decisions/0041-feed-material-structural-model.md;docs/decisions/0042-feed-process-and-material-state-axes.md,No reviewed grinding result or governed presentation-form assertion. No reviewed drying process or material-specific moisture evidence. Canonical legacy by-product branch classification translated to explicit productRole; compatibility hierarchy retained.
AOM_001777,Potato Processing Waste,Crop Byproduct,false,false,false,not_in_form_cohort,,not_in_moisture_cohort,,approved_existing_role,Processing-waste role,docs/decisions/0041-feed-material-structural-model.md;docs/decisions/0042-feed-process-and-material-state-axes.md,No reviewed grinding result or governed presentation-form assertion. No reviewed drying process or material-specific moisture evidence. Existing reviewed product-role assertion remains authoritative.
AOM_001778,Soybean Pulp,Crop Product,false,false,false,not_in_form_cohort,,not_in_moisture_cohort,,not_in_role_cohort,,docs/decisions/0041-feed-material-structural-model.md;docs/decisions/0042-feed-process-and-material-state-axes.md,No reviewed grinding result or governed presentation-form assertion. No reviewed drying process or material-specific moisture evidence. No reviewed product-role evidence in this structural cohort.
AOM_001779,Soybean Pulp Ground,Crop Product,true,false,true,approved_comminuted_form,Comminuted particle form,not_in_moisture_cohort,,not_in_role_cohort,,docs/decisions/0041-feed-material-structural-model.md;docs/decisions/0042-feed-process-and-material-state-axes.md,"Approved Grinding process supports broad comminuted-particle presentation; bulk consistency, moisture, particle size, and meal/powder subtype remain unspecified. No reviewed drying process or material-specific moisture evidence. No reviewed product-role evidence in this structural cohort."
AOM_001780,Lippia javanica,Crop Product,false,false,false,not_in_form_cohort,,not_in_moisture_cohort,,not_in_role_cohort,,docs/decisions/0041-feed-material-structural-model.md;docs/decisions/0042-feed-process-and-material-state-axes.md,No reviewed grinding result or governed presentation-form assertion. No reviewed drying process or material-specific moisture evidence. No reviewed product-role evidence in this structural cohort.
AOM_001781,Lippia javanica Leaves,Crop Product,false,false,false,not_in_form_cohort,,not_in_moisture_cohort,,not_in_role_cohort,,docs/decisions/0041-feed-material-structural-model.md;docs/decisions/0042-feed-process-and-material-state-axes.md,No reviewed grinding result or governed presentation-form assertion. No reviewed drying process or material-specific moisture evidence. No reviewed product-role evidence in this structural cohort.
AOM_001782,Lippia javanica Leaves Dried Ground,Crop Product,true,true,true,approved_comminuted_form,Comminuted particle form,approved_dried_from_process,Dried moisture condition,not_in_role_cohort,,docs/decisions/0041-feed-material-structural-model.md;docs/decisions/0042-feed-process-and-material-state-axes.md,"Approved Grinding process supports broad comminuted-particle presentation; bulk consistency, moisture, particle size, and meal/powder subtype remain unspecified. Approved Drying process supports dried moisture condition without implying one presentation form. No reviewed product-role evidence in this structural cohort."
AOM_001783,Scarlet Eggplant Market Waste,Crop Product,false,false,false,not_in_form_cohort,,not_in_moisture_cohort,,approved_existing_role,Market-waste role,docs/decisions/0041-feed-material-structural-model.md;docs/decisions/0042-feed-process-and-material-state-axes.md,No reviewed grinding result or governed presentation-form assertion. No reviewed drying process or material-specific moisture evidence. Existing reviewed product-role assertion remains authoritative.
AOM_001784,Scarlet Eggplant Market Waste Wilted,Crop Product,false,false,false,not_in_form_cohort,,not_in_moisture_cohort,,not_in_role_cohort,,docs/decisions/0041-feed-material-structural-model.md;docs/decisions/0042-feed-process-and-material-state-axes.md,No reviewed grinding result or governed presentation-form assertion. No reviewed drying process or material-specific moisture evidence. No reviewed product-role evidence in this structural cohort.
AOM_001785,Elionurus muticus,Forage Plants,false,false,false,not_in_form_cohort,,not_in_moisture_cohort,,not_in_role_cohort,,docs/decisions/0041-feed-material-structural-model.md;docs/decisions/0042-feed-process-and-material-state-axes.md,No reviewed grinding result or governed presentation-form assertion. No reviewed drying process or material-specific moisture evidence. No reviewed product-role evidence in this structural cohort.
AOM_001786,Eragotris tremula,Forage Plants,false,false,false,not_in_form_cohort,,not_in_moisture_cohort,,not_in_role_cohort,,docs/decisions/0041-feed-material-structural-model.md;docs/decisions/0042-feed-process-and-material-state-axes.md,No reviewed grinding result or governed presentation-form assertion. No reviewed drying process or material-specific moisture evidence. No reviewed product-role evidence in this structural cohort.
AOM_001787,Eragrostis curvula Dried,Forage Plants,false,true,false,not_in_form_cohort,,approved_dried_from_process,Dried moisture condition,not_in_role_cohort,,docs/decisions/0041-feed-material-structural-model.md;docs/decisions/0042-feed-process-and-material-state-axes.md,No reviewed grinding result or governed presentation-form assertion. Approved Drying process supports dried moisture condition without implying one presentation form. No reviewed product-role evidence in this structural cohort.
AOM_001788,Jardinea congoensis,Forage Plants,false,false,false,not_in_form_cohort,,not_in_moisture_cohort,,not_in_role_cohort,,docs/decisions/0041-feed-material-structural-model.md;docs/decisions/0042-feed-process-and-material-state-axes.md,No reviewed grinding result or governed presentation-form assertion. No reviewed drying process or material-specific moisture evidence. No reviewed product-role evidence in this structural cohort.
AOM_001789,Pasture,Forage Plants,false,false,false,not_in_form_cohort,,not_in_moisture_cohort,,not_in_role_cohort,,docs/decisions/0041-feed-material-structural-model.md;docs/decisions/0042-feed-process-and-material-state-axes.md,No reviewed grinding result or governed presentation-form assertion. No reviewed drying process or material-specific moisture evidence. No reviewed product-role evidence in this structural cohort.
AOM_001790,Adansonia digitata Seed,Forage Plants,false,false,false,not_in_form_cohort,,not_in_moisture_cohort,,not_in_role_cohort,,docs/decisions/0041-feed-material-structural-model.md;docs/decisions/0042-feed-process-and-material-state-axes.md,No reviewed grinding result or governed presentation-form assertion. No reviewed drying process or material-specific moisture evidence. No reviewed product-role evidence in this structural cohort.
AOM_001791,Moringa stenopetala,Forage Plants,false,false,false,not_in_form_cohort,,not_in_moisture_cohort,,not_in_role_cohort,,docs/decisions/0041-feed-material-structural-model.md;docs/decisions/0042-feed-process-and-material-state-axes.md,No reviewed grinding result or governed presentation-form assertion. No reviewed drying process or material-specific moisture evidence. No reviewed product-role evidence in this structural cohort.
AOM_001792,Moringa stenopetala Dried,Forage Plants,false,true,false,not_in_form_cohort,,approved_dried_from_process,Dried moisture condition,not_in_role_cohort,,docs/decisions/0041-feed-material-structural-model.md;docs/decisions/0042-feed-process-and-material-state-axes.md,No reviewed grinding result or governed presentation-form assertion. Approved Drying process supports dried moisture condition without implying one presentation form. No reviewed product-role evidence in this structural cohort.
AOM_001793,Albizia harveyi,Forage Plants,false,false,false,not_in_form_cohort,,not_in_moisture_cohort,,not_in_role_cohort,,docs/decisions/0041-feed-material-structural-model.md;docs/decisions/0042-feed-process-and-material-state-axes.md,No reviewed grinding result or governed presentation-form assertion. No reviewed drying process or material-specific moisture evidence. No reviewed product-role evidence in this structural cohort.
AOM_001794,Albizia harveyi Dried,Forage Plants,false,true,false,not_in_form_cohort,,approved_dried_from_process,Dried moisture condition,not_in_role_cohort,,docs/decisions/0041-feed-material-structural-model.md;docs/decisions/0042-feed-process-and-material-state-axes.md,No reviewed grinding result or governed presentation-form assertion. Approved Drying process supports dried moisture condition without implying one presentation form. No reviewed product-role evidence in this structural cohort.
AOM_001795,Erythrina abyssinica,Forage Plants,false,false,false,not_in_form_cohort,,not_in_moisture_cohort,,not_in_role_cohort,,docs/decisions/0041-feed-material-structural-model.md;docs/decisions/0042-feed-process-and-material-state-axes.md,No reviewed grinding result or governed presentation-form assertion. No reviewed drying process or material-specific moisture evidence. No reviewed product-role evidence in this structural cohort.
AOM_001796,Erythrina abyssinica Wilted,Forage Plants,false,false,false,not_in_form_cohort,,not_in_moisture_cohort,,not_in_role_cohort,,docs/decisions/0041-feed-material-structural-model.md;docs/decisions/0042-feed-process-and-material-state-axes.md,No reviewed grinding result or governed presentation-form assertion. No reviewed drying process or material-specific moisture evidence. No reviewed product-role evidence in this structural cohort.
AOM_001797,Gliciridia sepium,Forage Plants,false,false,false,not_in_form_cohort,,not_in_moisture_cohort,,not_in_role_cohort,,docs/decisions/0041-feed-material-structural-model.md;docs/decisions/0042-feed-process-and-material-state-axes.md,No reviewed grinding result or governed presentation-form assertion. No reviewed drying process or material-specific moisture evidence. No reviewed product-role evidence in this structural cohort.
AOM_001798,Gliciridia sepium Wilted,Forage Plants,false,false,false,not_in_form_cohort,,not_in_moisture_cohort,,not_in_role_cohort,,docs/decisions/0041-feed-material-structural-model.md;docs/decisions/0042-feed-process-and-material-state-axes.md,No reviewed grinding result or governed presentation-form assertion. No reviewed drying process or material-specific moisture evidence. No reviewed product-role evidence in this structural cohort.
AOM_001799,Gliciridia sepium Ground,Forage Plants,true,false,true,approved_comminuted_form,Comminuted particle form,not_in_moisture_cohort,,not_in_role_cohort,,docs/decisions/0041-feed-material-structural-model.md;docs/decisions/0042-feed-process-and-material-state-axes.md,"Approved Grinding process supports broad comminuted-particle presentation; bulk consistency, moisture, particle size, and meal/powder subtype remain unspecified. No reviewed drying process or material-specific moisture evidence. No reviewed product-role evidence in this structural cohort."
AOM_001800,Gliciridia sepium Leaves,Forage Plants,false,false,false,not_in_form_cohort,,not_in_moisture_cohort,,not_in_role_cohort,,docs/decisions/0041-feed-material-structural-model.md;docs/decisions/0042-feed-process-and-material-state-axes.md,No reviewed grinding result or governed presentation-form assertion. No reviewed drying process or material-specific moisture evidence. No reviewed product-role evidence in this structural cohort.
AOM_001801,Gliciridia sepium Leaves Dried,Forage Plants,false,true,false,not_in_form_cohort,,approved_dried_from_process,Dried moisture condition,not_in_role_cohort,,docs/decisions/0041-feed-material-structural-model.md;docs/decisions/0042-feed-process-and-material-state-axes.md,No reviewed grinding result or governed presentation-form assertion. Approved Drying process supports dried moisture condition without implying one presentation form. No reviewed product-role evidence in this structural cohort.
AOM_001802,Pterocarpus erinaceus,Forage Plants,false,false,false,not_in_form_cohort,,not_in_moisture_cohort,,not_in_role_cohort,,docs/decisions/0041-feed-material-structural-model.md;docs/decisions/0042-feed-process-and-material-state-axes.md,No reviewed grinding result or governed presentation-form assertion. No reviewed drying process or material-specific moisture evidence. No reviewed product-role evidence in this structural cohort.
AOM_001803,Cassava Peel Dried Ground,Crop Byproduct,true,true,true,approved_comminuted_form,Comminuted particle form,approved_dried_from_process,Dried moisture condition,approved_branch_to_role_translation,By-product role,docs/decisions/0041-feed-material-structural-model.md;docs/decisions/0042-feed-process-and-material-state-axes.md,"Approved Grinding process supports broad comminuted-particle presentation; bulk consistency, moisture, particle size, and meal/powder subtype remain unspecified. Approved Drying process supports dried moisture condition without implying one presentation form. Canonical legacy by-product branch classification translated to explicit productRole; compatibility hierarchy retained."
AOM_001804,Acacia nilotica Leaves Dried Ground,Forage Plants,true,true,true,approved_comminuted_form,Comminuted particle form,approved_dried_from_process,Dried moisture condition,not_in_role_cohort,,docs/decisions/0041-feed-material-structural-model.md;docs/decisions/0042-feed-process-and-material-state-axes.md,"Approved Grinding process supports broad comminuted-particle presentation; bulk consistency, moisture, particle size, and meal/powder subtype remain unspecified. Approved Drying process supports dried moisture condition without implying one presentation form. No reviewed product-role evidence in this structural cohort."
AOM_001805,African Palm Larvae,Animal,false,false,false,not_in_form_cohort,,not_in_moisture_cohort,,not_in_role_cohort,,docs/decisions/0041-feed-material-structural-model.md;docs/decisions/0042-feed-process-and-material-state-axes.md,No reviewed grinding result or governed presentation-form assertion. No reviewed drying process or material-specific moisture evidence. No reviewed product-role evidence in this structural cohort.
AOM_001806,Barley Bran,Crop Byproduct,false,false,false,not_in_form_cohort,,not_in_moisture_cohort,,approved_branch_to_role_translation,By-product role,docs/decisions/0041-feed-material-structural-model.md;docs/decisions/0042-feed-process-and-material-state-axes.md,No reviewed grinding result or governed presentation-form assertion. No reviewed drying process or material-specific moisture evidence. Canonical legacy by-product branch classification translated to explicit productRole; compatibility hierarchy retained.
AOM_001807,Unspecified Silage,Crop Byproduct,false,false,false,not_in_form_cohort,,not_in_moisture_cohort,,approved_branch_to_role_translation,By-product role,docs/decisions/0041-feed-material-structural-model.md;docs/decisions/0042-feed-process-and-material-state-axes.md,No reviewed grinding result or governed presentation-form assertion. No reviewed drying process or material-specific moisture evidence. Canonical legacy by-product branch classification translated to explicit productRole; compatibility hierarchy retained.
AOM_001809,Grass Dried,Forage Plants,false,true,false,not_in_form_cohort,,approved_dried_from_process,Dried moisture condition,not_in_role_cohort,,docs/decisions/0041-feed-material-structural-model.md;docs/decisions/0042-feed-process-and-material-state-axes.md,No reviewed grinding result or governed presentation-form assertion. Approved Drying process supports dried moisture condition without implying one presentation form. No reviewed product-role evidence in this structural cohort.
AOM_001810,Khaya senegalensis,Forage Plants,false,false,false,not_in_form_cohort,,not_in_moisture_cohort,,not_in_role_cohort,,docs/decisions/0041-feed-material-structural-model.md;docs/decisions/0042-feed-process-and-material-state-axes.md,No reviewed grinding result or governed presentation-form assertion. No reviewed drying process or material-specific moisture evidence. No reviewed product-role evidence in this structural cohort.
AOM_001811,Rumen Contents,Animal Byproduct,false,false,false,approved_existing_specific_form,Mixed presentation,not_in_moisture_cohort,,approved_existing_role,By-product role,docs/decisions/0041-feed-material-structural-model.md;docs/decisions/0042-feed-process-and-material-state-axes.md,Existing reviewed presentation-form assertion remains authoritative. No reviewed drying process or material-specific moisture evidence. Existing reviewed product-role assertion remains authoritative.
AOM_001813,Sorghum Brewers Grain,Crop Byproduct,false,false,false,not_in_form_cohort,,not_in_moisture_cohort,,approved_branch_to_role_translation,By-product role,docs/decisions/0041-feed-material-structural-model.md;docs/decisions/0042-feed-process-and-material-state-axes.md,No reviewed grinding result or governed presentation-form assertion. No reviewed drying process or material-specific moisture evidence. Canonical legacy by-product branch classification translated to explicit productRole; compatibility hierarchy retained.
AOM_001814,Sorghum Brewers Grain Dried,Crop Byproduct,false,true,false,not_in_form_cohort,,approved_dried_from_process,Dried moisture condition,approved_branch_to_role_translation,By-product role,docs/decisions/0041-feed-material-structural-model.md;docs/decisions/0042-feed-process-and-material-state-axes.md,No reviewed grinding result or governed presentation-form assertion. Approved Drying process supports dried moisture condition without implying one presentation form. Canonical legacy by-product branch classification translated to explicit productRole; compatibility hierarchy retained.
AOM_001815,Date Cull,Crop Byproduct,false,false,false,not_in_form_cohort,,not_in_moisture_cohort,,approved_existing_role,Discard role,docs/decisions/0041-feed-material-structural-model.md;docs/decisions/0042-feed-process-and-material-state-axes.md,No reviewed grinding result or governed presentation-form assertion. No reviewed drying process or material-specific moisture evidence. Existing reviewed product-role assertion remains authoritative.
AOM_001816,Date Cull Dried Ground,Crop Byproduct,true,true,true,approved_comminuted_form,Comminuted particle form,approved_dried_from_process,Dried moisture condition,approved_branch_to_role_translation,By-product role,docs/decisions/0041-feed-material-structural-model.md;docs/decisions/0042-feed-process-and-material-state-axes.md,"Approved Grinding process supports broad comminuted-particle presentation; bulk consistency, moisture, particle size, and meal/powder subtype remain unspecified. Approved Drying process supports dried moisture condition without implying one presentation form. Canonical legacy by-product branch classification translated to explicit productRole; compatibility hierarchy retained."
AOM_001817,Legume Residue,Crop Byproduct,false,false,false,not_in_form_cohort,,not_in_moisture_cohort,,approved_existing_role,Residue role,docs/decisions/0041-feed-material-structural-model.md;docs/decisions/0042-feed-process-and-material-state-axes.md,No reviewed grinding result or governed presentation-form assertion. No reviewed drying process or material-specific moisture evidence. Existing reviewed product-role assertion remains authoritative.
AOM_001818,Ensete ventricosum Corm,Crop Product,false,false,false,not_in_form_cohort,,not_in_moisture_cohort,,not_in_role_cohort,,docs/decisions/0041-feed-material-structural-model.md;docs/decisions/0042-feed-process-and-material-state-axes.md,No reviewed grinding result or governed presentation-form assertion. No reviewed drying process or material-specific moisture evidence. No reviewed product-role evidence in this structural cohort.
AOM_001819,Ensete ventricosum Leaves,Crop Product,false,false,false,not_in_form_cohort,,not_in_moisture_cohort,,not_in_role_cohort,,docs/decisions/0041-feed-material-structural-model.md;docs/decisions/0042-feed-process-and-material-state-axes.md,No reviewed grinding result or governed presentation-form assertion. No reviewed drying process or material-specific moisture evidence. No reviewed product-role evidence in this structural cohort.
AOM_001820,Potato Starch,Crop Product,false,false,false,not_in_form_cohort,,not_in_moisture_cohort,,not_in_role_cohort,,docs/decisions/0041-feed-material-structural-model.md;docs/decisions/0042-feed-process-and-material-state-axes.md,No reviewed grinding result or governed presentation-form assertion. No reviewed drying process or material-specific moisture evidence. No reviewed product-role evidence in this structural cohort.
AOM_001821,Terminalia brownii,Forage Plants,false,false,false,not_in_form_cohort,,not_in_moisture_cohort,,not_in_role_cohort,,docs/decisions/0041-feed-material-structural-model.md;docs/decisions/0042-feed-process-and-material-state-axes.md,No reviewed grinding result or governed presentation-form assertion. No reviewed drying process or material-specific moisture evidence. No reviewed product-role evidence in this structural cohort.
AOM_001822,Terminalia brownii Leaves,Forage Plants,false,false,false,not_in_form_cohort,,not_in_moisture_cohort,,not_in_role_cohort,,docs/decisions/0041-feed-material-structural-model.md;docs/decisions/0042-feed-process-and-material-state-axes.md,No reviewed grinding result or governed presentation-form assertion. No reviewed drying process or material-specific moisture evidence. No reviewed product-role evidence in this structural cohort.
AOM_001823,Terminalia brownii Leaves Dried,Forage Plants,false,true,false,not_in_form_cohort,,approved_dried_from_process,Dried moisture condition,not_in_role_cohort,,docs/decisions/0041-feed-material-structural-model.md;docs/decisions/0042-feed-process-and-material-state-axes.md,No reviewed grinding result or governed presentation-form assertion. Approved Drying process supports dried moisture condition without implying one presentation form. No reviewed product-role evidence in this structural cohort.
AOM_001824,Wood Charcoal,Other Ingredients,false,false,false,not_in_form_cohort,,not_in_moisture_cohort,,not_in_role_cohort,,docs/decisions/0041-feed-material-structural-model.md;docs/decisions/0042-feed-process-and-material-state-axes.md,No reviewed grinding result or governed presentation-form assertion. No reviewed drying process or material-specific moisture evidence. No reviewed product-role evidence in this structural cohort.
AOM_001825,Olaquindox,Other Ingredients,false,false,false,not_in_form_cohort,,not_in_moisture_cohort,,not_in_role_cohort,,docs/decisions/0041-feed-material-structural-model.md;docs/decisions/0042-feed-process-and-material-state-axes.md,No reviewed grinding result or governed presentation-form assertion. No reviewed drying process or material-specific moisture evidence. No reviewed product-role evidence in this structural cohort.
AOM_001826,ChemBind,Other Ingredients,false,false,false,not_in_form_cohort,,not_in_moisture_cohort,,approved_existing_role,Binder role,docs/decisions/0041-feed-material-structural-model.md;docs/decisions/0042-feed-process-and-material-state-axes.md,No reviewed grinding result or governed presentation-form assertion. No reviewed drying process or material-specific moisture evidence. Existing reviewed product-role assertion remains authoritative.
AOM_001827,Popcorn Waste,Other Ingredients,false,false,false,not_in_form_cohort,,not_in_moisture_cohort,,not_in_role_cohort,,docs/decisions/0041-feed-material-structural-model.md;docs/decisions/0042-feed-process-and-material-state-axes.md,No reviewed grinding result or governed presentation-form assertion. No reviewed drying process or material-specific moisture evidence. No reviewed product-role evidence in this structural cohort.
AOM_001829,Biscuit Waste Ground,Other Ingredients,true,false,true,approved_comminuted_form,Comminuted particle form,not_in_moisture_cohort,,not_in_role_cohort,,docs/decisions/0041-feed-material-structural-model.md;docs/decisions/0042-feed-process-and-material-state-axes.md,"Approved Grinding process supports broad comminuted-particle presentation; bulk consistency, moisture, particle size, and meal/powder subtype remain unspecified. No reviewed drying process or material-specific moisture evidence. No reviewed product-role evidence in this structural cohort."
AOM_001830,Biscuit Waste Dried Ground,Other Ingredients,true,true,true,approved_comminuted_form,Comminuted particle form,approved_dried_from_process,Dried moisture condition,not_in_role_cohort,,docs/decisions/0041-feed-material-structural-model.md;docs/decisions/0042-feed-process-and-material-state-axes.md,"Approved Grinding process supports broad comminuted-particle presentation; bulk consistency, moisture, particle size, and meal/powder subtype remain unspecified. Approved Drying process supports dried moisture condition without implying one presentation form. No reviewed product-role evidence in this structural cohort."
AOM_001831,Vitalite,Other Ingredients,false,false,false,not_in_form_cohort,,not_in_moisture_cohort,,not_in_role_cohort,,docs/decisions/0041-feed-material-structural-model.md;docs/decisions/0042-feed-process-and-material-state-axes.md,No reviewed grinding result or governed presentation-form assertion. No reviewed drying process or material-specific moisture evidence. No reviewed product-role evidence in this structural cohort.
AOM_001832,Starch feed material,Other Ingredients,false,false,false,not_in_form_cohort,,not_in_moisture_cohort,,not_in_role_cohort,,docs/decisions/0041-feed-material-structural-model.md;docs/decisions/0042-feed-process-and-material-state-axes.md,No reviewed grinding result or governed presentation-form assertion. No reviewed drying process or material-specific moisture evidence. No reviewed product-role evidence in this structural cohort.
AOM_001834,Vitamin D3,Supplement,false,false,false,not_in_form_cohort,,not_in_moisture_cohort,,not_in_role_cohort,,docs/decisions/0041-feed-material-structural-model.md;docs/decisions/0042-feed-process-and-material-state-axes.md,No reviewed grinding result or governed presentation-form assertion. No reviewed drying process or material-specific moisture evidence. No reviewed product-role evidence in this structural cohort.
AOM_001835,Oat Straw,Crop Byproduct,false,false,false,not_in_form_cohort,,not_in_moisture_cohort,,approved_branch_to_role_translation,By-product role,docs/decisions/0041-feed-material-structural-model.md;docs/decisions/0042-feed-process-and-material-state-axes.md,No reviewed grinding result or governed presentation-form assertion. No reviewed drying process or material-specific moisture evidence. Canonical legacy by-product branch classification translated to explicit productRole; compatibility hierarchy retained.
AOM_001836,Beet Pulp,Crop Byproduct,false,false,false,not_in_form_cohort,,not_in_moisture_cohort,,approved_branch_to_role_translation,By-product role,docs/decisions/0041-feed-material-structural-model.md;docs/decisions/0042-feed-process-and-material-state-axes.md,No reviewed grinding result or governed presentation-form assertion. No reviewed drying process or material-specific moisture evidence. Canonical legacy by-product branch classification translated to explicit productRole; compatibility hierarchy retained.
AOM_001837,Palm Oil Sludge,Crop Product,false,false,false,not_in_form_cohort,,not_in_moisture_cohort,,approved_existing_role,Residue role,docs/decisions/0041-feed-material-structural-model.md;docs/decisions/0042-feed-process-and-material-state-axes.md,No reviewed grinding result or governed presentation-form assertion. No reviewed drying process or material-specific moisture evidence. Existing reviewed product-role assertion remains authoritative.
AOM_001838,Biscuit Waste,Other Ingredients,false,false,false,not_in_form_cohort,,not_in_moisture_cohort,,not_in_role_cohort,,docs/decisions/0041-feed-material-structural-model.md;docs/decisions/0042-feed-process-and-material-state-axes.md,No reviewed grinding result or governed presentation-form assertion. No reviewed drying process or material-specific moisture evidence. No reviewed product-role evidence in this structural cohort.
AOM_001839,Vitamin AD3E,Supplement,false,false,false,not_in_form_cohort,,not_in_moisture_cohort,,not_in_role_cohort,,docs/decisions/0041-feed-material-structural-model.md;docs/decisions/0042-feed-process-and-material-state-axes.md,No reviewed grinding result or governed presentation-form assertion. No reviewed drying process or material-specific moisture evidence. No reviewed product-role evidence in this structural cohort.
AOM_001840,Sweet Potato Tuber,Crop Product,false,false,false,not_in_form_cohort,,not_in_moisture_cohort,,not_in_role_cohort,,docs/decisions/0041-feed-material-structural-model.md;docs/decisions/0042-feed-process-and-material-state-axes.md,No reviewed grinding result or governed presentation-form assertion. No reviewed drying process or material-specific moisture evidence. No reviewed product-role evidence in this structural cohort.
AOM_001841,Trifolium Ground,Forage Plants,true,false,false,approved_comminuted_form,Comminuted particle form,not_in_moisture_cohort,,not_in_role_cohort,,docs/decisions/0041-feed-material-structural-model.md;docs/decisions/0042-feed-process-and-material-state-axes.md,"Approved Grinding process supports broad comminuted-particle presentation; bulk consistency, moisture, particle size, and meal/powder subtype remain unspecified. No reviewed drying process or material-specific moisture evidence. No reviewed product-role evidence in this structural cohort."
AOM_001842,Cabbage Discards,Crop Byproduct,false,false,false,not_in_form_cohort,,not_in_moisture_cohort,,approved_existing_role,Discard role,docs/decisions/0041-feed-material-structural-model.md;docs/decisions/0042-feed-process-and-material-state-axes.md,No reviewed grinding result or governed presentation-form assertion. No reviewed drying process or material-specific moisture evidence. Existing reviewed product-role assertion remains authoritative.
AOM_001843,Baby Corn Stalk Dried Wilted,Crop Byproduct,false,true,false,not_in_form_cohort,,approved_dried_from_process,Dried moisture condition,approved_branch_to_role_translation,By-product role,docs/decisions/0041-feed-material-structural-model.md;docs/decisions/0042-feed-process-and-material-state-axes.md,No reviewed grinding result or governed presentation-form assertion. Approved Drying process supports dried moisture condition without implying one presentation form. Canonical legacy by-product branch classification translated to explicit productRole; compatibility hierarchy retained.
AOM_001844,Maize Bran Ground,Crop Byproduct,true,false,true,approved_comminuted_form,Comminuted particle form,not_in_moisture_cohort,,approved_branch_to_role_translation,By-product role,docs/decisions/0041-feed-material-structural-model.md;docs/decisions/0042-feed-process-and-material-state-axes.md,"Approved Grinding process supports broad comminuted-particle presentation; bulk consistency, moisture, particle size, and meal/powder subtype remain unspecified. No reviewed drying process or material-specific moisture evidence. Canonical legacy by-product branch classification translated to explicit productRole; compatibility hierarchy retained."
AOM_001845,Malt Sprout,Crop Byproduct,false,false,false,not_in_form_cohort,,not_in_moisture_cohort,,approved_existing_role,By-product role,docs/decisions/0041-feed-material-structural-model.md;docs/decisions/0042-feed-process-and-material-state-axes.md,No reviewed grinding result or governed presentation-form assertion. No reviewed drying process or material-specific moisture evidence. Existing reviewed product-role assertion remains authoritative.
AOM_001846,Pollard,Crop Byproduct,false,false,false,not_in_form_cohort,,not_in_moisture_cohort,,approved_existing_role,By-product role,docs/decisions/0041-feed-material-structural-model.md;docs/decisions/0042-feed-process-and-material-state-axes.md,No reviewed grinding result or governed presentation-form assertion. No reviewed drying process or material-specific moisture evidence. Existing reviewed product-role assertion remains authoritative.
AOM_001847,Ficus sur,Crop Product,false,false,false,not_in_form_cohort,,not_in_moisture_cohort,,not_in_role_cohort,,docs/decisions/0041-feed-material-structural-model.md;docs/decisions/0042-feed-process-and-material-state-axes.md,No reviewed grinding result or governed presentation-form assertion. No reviewed drying process or material-specific moisture evidence. No reviewed product-role evidence in this structural cohort.
AOM_001848,Ficus sur Fruits,Crop Product,false,false,false,not_in_form_cohort,,not_in_moisture_cohort,,not_in_role_cohort,,docs/decisions/0041-feed-material-structural-model.md;docs/decisions/0042-feed-process-and-material-state-axes.md,No reviewed grinding result or governed presentation-form assertion. No reviewed drying process or material-specific moisture evidence. No reviewed product-role evidence in this structural cohort.
AOM_001849,Ficus sur Fruits Dried Ground,Crop Product,true,true,true,approved_comminuted_form,Comminuted particle form,approved_dried_from_process,Dried moisture condition,not_in_role_cohort,,docs/decisions/0041-feed-material-structural-model.md;docs/decisions/0042-feed-process-and-material-state-axes.md,"Approved Grinding process supports broad comminuted-particle presentation; bulk consistency, moisture, particle size, and meal/powder subtype remain unspecified. Approved Drying process supports dried moisture condition without implying one presentation form. No reviewed product-role evidence in this structural cohort."
AOM_001850,Brassica oleracea,Crop Product,false,false,false,not_in_form_cohort,,not_in_moisture_cohort,,not_in_role_cohort,,docs/decisions/0041-feed-material-structural-model.md;docs/decisions/0042-feed-process-and-material-state-axes.md,No reviewed grinding result or governed presentation-form assertion. No reviewed drying process or material-specific moisture evidence. No reviewed product-role evidence in this structural cohort.
AOM_001851,Spirulina,Forage Plants,false,false,false,not_in_form_cohort,,not_in_moisture_cohort,,not_in_role_cohort,,docs/decisions/0041-feed-material-structural-model.md;docs/decisions/0042-feed-process-and-material-state-axes.md,No reviewed grinding result or governed presentation-form assertion. No reviewed drying process or material-specific moisture evidence. No reviewed product-role evidence in this structural cohort.
AOM_001852,Water Hyacinth Dried Ground,Forage Plants,true,true,true,approved_comminuted_form,Comminuted particle form,approved_dried_from_process,Dried moisture condition,not_in_role_cohort,,docs/decisions/0041-feed-material-structural-model.md;docs/decisions/0042-feed-process-and-material-state-axes.md,"Approved Grinding process supports broad comminuted-particle presentation; bulk consistency, moisture, particle size, and meal/powder subtype remain unspecified. Approved Drying process supports dried moisture condition without implying one presentation form. No reviewed product-role evidence in this structural cohort."
AOM_001853,Juncaceae,Forage Plants,false,false,false,not_in_form_cohort,,not_in_moisture_cohort,,not_in_role_cohort,,docs/decisions/0041-feed-material-structural-model.md;docs/decisions/0042-feed-process-and-material-state-axes.md,No reviewed grinding result or governed presentation-form assertion. No reviewed drying process or material-specific moisture evidence. No reviewed product-role evidence in this structural cohort.
AOM_001854,Plantago albicans,Forage Plants,false,false,false,not_in_form_cohort,,not_in_moisture_cohort,,not_in_role_cohort,,docs/decisions/0041-feed-material-structural-model.md;docs/decisions/0042-feed-process-and-material-state-axes.md,No reviewed grinding result or governed presentation-form assertion. No reviewed drying process or material-specific moisture evidence. No reviewed product-role evidence in this structural cohort.
AOM_001855,Poaceae,Forage Plants,false,false,false,not_in_form_cohort,,not_in_moisture_cohort,,not_in_role_cohort,,docs/decisions/0041-feed-material-structural-model.md;docs/decisions/0042-feed-process-and-material-state-axes.md,No reviewed grinding result or governed presentation-form assertion. No reviewed drying process or material-specific moisture evidence. No reviewed product-role evidence in this structural cohort.
AOM_001857,Acacia saligna Dried,Forage Plants,false,true,false,not_in_form_cohort,,approved_dried_from_process,Dried moisture condition,not_in_role_cohort,,docs/decisions/0041-feed-material-structural-model.md;docs/decisions/0042-feed-process-and-material-state-axes.md,No reviewed grinding result or governed presentation-form assertion. Approved Drying process supports dried moisture condition without implying one presentation form. No reviewed product-role evidence in this structural cohort.
AOM_001858,Atriplex nummularia Leaves,Forage Plants,false,false,false,not_in_form_cohort,,not_in_moisture_cohort,,not_in_role_cohort,,docs/decisions/0041-feed-material-structural-model.md;docs/decisions/0042-feed-process-and-material-state-axes.md,No reviewed grinding result or governed presentation-form assertion. No reviewed drying process or material-specific moisture evidence. No reviewed product-role evidence in this structural cohort.
AOM_001859,Atriplex nummularia Dried,Forage Plants,false,true,false,not_in_form_cohort,,approved_dried_from_process,Dried moisture condition,not_in_role_cohort,,docs/decisions/0041-feed-material-structural-model.md;docs/decisions/0042-feed-process-and-material-state-axes.md,No reviewed grinding result or governed presentation-form assertion. Approved Drying process supports dried moisture condition without implying one presentation form. No reviewed product-role evidence in this structural cohort.
AOM_001860,Berchemia discolor,Forage Plants,false,false,false,not_in_form_cohort,,not_in_moisture_cohort,,not_in_role_cohort,,docs/decisions/0041-feed-material-structural-model.md;docs/decisions/0042-feed-process-and-material-state-axes.md,No reviewed grinding result or governed presentation-form assertion. No reviewed drying process or material-specific moisture evidence. No reviewed product-role evidence in this structural cohort.
AOM_001861,Berchemia discolor Leaves,Forage Plants,false,false,false,not_in_form_cohort,,not_in_moisture_cohort,,not_in_role_cohort,,docs/decisions/0041-feed-material-structural-model.md;docs/decisions/0042-feed-process-and-material-state-axes.md,No reviewed grinding result or governed presentation-form assertion. No reviewed drying process or material-specific moisture evidence. No reviewed product-role evidence in this structural cohort.
AOM_001862,Berchemia discolor Leaves Dried,Forage Plants,false,true,false,not_in_form_cohort,,approved_dried_from_process,Dried moisture condition,not_in_role_cohort,,docs/decisions/0041-feed-material-structural-model.md;docs/decisions/0042-feed-process-and-material-state-axes.md,No reviewed grinding result or governed presentation-form assertion. Approved Drying process supports dried moisture condition without implying one presentation form. No reviewed product-role evidence in this structural cohort.
AOM_001863,Chromolaena odorata Leaves Ground,Forage Plants,true,false,true,approved_comminuted_form,Comminuted particle form,not_in_moisture_cohort,,not_in_role_cohort,,docs/decisions/0041-feed-material-structural-model.md;docs/decisions/0042-feed-process-and-material-state-axes.md,"Approved Grinding process supports broad comminuted-particle presentation; bulk consistency, moisture, particle size, and meal/powder subtype remain unspecified. No reviewed drying process or material-specific moisture evidence. No reviewed product-role evidence in this structural cohort."
AOM_001864,Forb,Forage Plants,false,false,false,not_in_form_cohort,,not_in_moisture_cohort,,not_in_role_cohort,,docs/decisions/0041-feed-material-structural-model.md;docs/decisions/0042-feed-process-and-material-state-axes.md,No reviewed grinding result or governed presentation-form assertion. No reviewed drying process or material-specific moisture evidence. No reviewed product-role evidence in this structural cohort.
AOM_001865,Free Gossypol,Other Ingredients,false,false,false,not_in_form_cohort,,not_in_moisture_cohort,,not_in_role_cohort,,docs/decisions/0041-feed-material-structural-model.md;docs/decisions/0042-feed-process-and-material-state-axes.md,No reviewed grinding result or governed presentation-form assertion. No reviewed drying process or material-specific moisture evidence. No reviewed product-role evidence in this structural cohort.
AOM_001866,Glycerol,Other Ingredients,false,false,false,not_in_form_cohort,,not_in_moisture_cohort,,not_in_role_cohort,,docs/decisions/0041-feed-material-structural-model.md;docs/decisions/0042-feed-process-and-material-state-axes.md,No reviewed grinding result or governed presentation-form assertion. No reviewed drying process or material-specific moisture evidence. No reviewed product-role evidence in this structural cohort.
AOM_001867,Sand,Other Ingredients,false,false,false,not_in_form_cohort,,not_in_moisture_cohort,,not_in_role_cohort,,docs/decisions/0041-feed-material-structural-model.md;docs/decisions/0042-feed-process-and-material-state-axes.md,No reviewed grinding result or governed presentation-form assertion. No reviewed drying process or material-specific moisture evidence. No reviewed product-role evidence in this structural cohort.
AOM_001868,Toxynil,Other Ingredients,false,false,false,not_in_form_cohort,,not_in_moisture_cohort,,not_in_role_cohort,,docs/decisions/0041-feed-material-structural-model.md;docs/decisions/0042-feed-process-and-material-state-axes.md,No reviewed grinding result or governed presentation-form assertion. No reviewed drying process or material-specific moisture evidence. No reviewed product-role evidence in this structural cohort.
AOM_001869,Waste Activated Sludge,Other Ingredients,false,false,false,not_in_form_cohort,,not_in_moisture_cohort,,not_in_role_cohort,,docs/decisions/0041-feed-material-structural-model.md;docs/decisions/0042-feed-process-and-material-state-axes.md,No reviewed grinding result or governed presentation-form assertion. No reviewed drying process or material-specific moisture evidence. No reviewed product-role evidence in this structural cohort.
AOM_001870,Prime Gluten 60,Preformulated Feed,false,false,false,not_in_form_cohort,,not_in_moisture_cohort,,not_in_role_cohort,,docs/decisions/0041-feed-material-structural-model.md;docs/decisions/0042-feed-process-and-material-state-axes.md,No reviewed grinding result or governed presentation-form assertion. No reviewed drying process or material-specific moisture evidence. No reviewed product-role evidence in this structural cohort.
AOM_001871,Urtica dioica,Supplement,false,false,false,not_in_form_cohort,,not_in_moisture_cohort,,not_in_role_cohort,,docs/decisions/0041-feed-material-structural-model.md;docs/decisions/0042-feed-process-and-material-state-axes.md,No reviewed grinding result or governed presentation-form assertion. No reviewed drying process or material-specific moisture evidence. No reviewed product-role evidence in this structural cohort.
AOM_001872,Alkali,Supplement,false,false,false,not_in_form_cohort,,not_in_moisture_cohort,,not_in_role_cohort,,docs/decisions/0041-feed-material-structural-model.md;docs/decisions/0042-feed-process-and-material-state-axes.md,No reviewed grinding result or governed presentation-form assertion. No reviewed drying process or material-specific moisture evidence. No reviewed product-role evidence in this structural cohort.
AOM_001876,Atella,Crop Byproduct,false,false,false,not_in_form_cohort,,not_in_moisture_cohort,,approved_branch_to_role_translation,By-product role,docs/decisions/0041-feed-material-structural-model.md;docs/decisions/0042-feed-process-and-material-state-axes.md,No reviewed grinding result or governed presentation-form assertion. No reviewed drying process or material-specific moisture evidence. Canonical legacy by-product branch classification translated to explicit productRole; compatibility hierarchy retained.
AOM_001877,Clupeid Fish,Animal,false,false,false,not_in_form_cohort,,not_in_moisture_cohort,,not_in_role_cohort,,docs/decisions/0041-feed-material-structural-model.md;docs/decisions/0042-feed-process-and-material-state-axes.md,No reviewed grinding result or governed presentation-form assertion. No reviewed drying process or material-specific moisture evidence. No reviewed product-role evidence in this structural cohort.
AOM_001878,Clupeid Fish Ground,Animal,true,false,true,approved_comminuted_form,Comminuted particle form,not_in_moisture_cohort,,not_in_role_cohort,,docs/decisions/0041-feed-material-structural-model.md;docs/decisions/0042-feed-process-and-material-state-axes.md,"Approved Grinding process supports broad comminuted-particle presentation; bulk consistency, moisture, particle size, and meal/powder subtype remain unspecified. No reviewed drying process or material-specific moisture evidence. No reviewed product-role evidence in this structural cohort."
AOM_001879,Cod,Animal,false,false,false,not_in_form_cohort,,not_in_moisture_cohort,,not_in_role_cohort,,docs/decisions/0041-feed-material-structural-model.md;docs/decisions/0042-feed-process-and-material-state-axes.md,No reviewed grinding result or governed presentation-form assertion. No reviewed drying process or material-specific moisture evidence. No reviewed product-role evidence in this structural cohort.
AOM_001880,Cod Liver Oil,Animal,false,false,false,not_in_form_cohort,,not_in_moisture_cohort,,not_in_role_cohort,,docs/decisions/0041-feed-material-structural-model.md;docs/decisions/0042-feed-process-and-material-state-axes.md,No reviewed grinding result or governed presentation-form assertion. No reviewed drying process or material-specific moisture evidence. No reviewed product-role evidence in this structural cohort.
AOM_001881,Herring Ground,Animal,true,false,true,approved_comminuted_form,Comminuted particle form,not_in_moisture_cohort,,not_in_role_cohort,,docs/decisions/0041-feed-material-structural-model.md;docs/decisions/0042-feed-process-and-material-state-axes.md,"Approved Grinding process supports broad comminuted-particle presentation; bulk consistency, moisture, particle size, and meal/powder subtype remain unspecified. No reviewed drying process or material-specific moisture evidence. No reviewed product-role evidence in this structural cohort."
AOM_001882,Herring,Animal,false,false,false,not_in_form_cohort,,not_in_moisture_cohort,,not_in_role_cohort,,docs/decisions/0041-feed-material-structural-model.md;docs/decisions/0042-feed-process-and-material-state-axes.md,No reviewed grinding result or governed presentation-form assertion. No reviewed drying process or material-specific moisture evidence. No reviewed product-role evidence in this structural cohort.
AOM_001883,Unspecified Bran Ground,Crop Byproduct,true,false,true,approved_comminuted_form,Comminuted particle form,not_in_moisture_cohort,,approved_branch_to_role_translation,By-product role,docs/decisions/0041-feed-material-structural-model.md;docs/decisions/0042-feed-process-and-material-state-axes.md,"Approved Grinding process supports broad comminuted-particle presentation; bulk consistency, moisture, particle size, and meal/powder subtype remain unspecified. No reviewed drying process or material-specific moisture evidence. Canonical legacy by-product branch classification translated to explicit productRole; compatibility hierarchy retained."
AOM_001884,Brewers Grain,Crop Byproduct,false,false,false,not_in_form_cohort,,not_in_moisture_cohort,,approved_branch_to_role_translation,By-product role,docs/decisions/0041-feed-material-structural-model.md;docs/decisions/0042-feed-process-and-material-state-axes.md,No reviewed grinding result or governed presentation-form assertion. No reviewed drying process or material-specific moisture evidence. Canonical legacy by-product branch classification translated to explicit productRole; compatibility hierarchy retained.
AOM_001885,Maize Straw Ensiled Urea Treated,Crop Byproduct,false,false,false,not_in_form_cohort,,not_in_moisture_cohort,,approved_branch_to_role_translation,By-product role,docs/decisions/0041-feed-material-structural-model.md;docs/decisions/0042-feed-process-and-material-state-axes.md,No reviewed grinding result or governed presentation-form assertion. No reviewed drying process or material-specific moisture evidence. Canonical legacy by-product branch classification translated to explicit productRole; compatibility hierarchy retained.
AOM_001887,Wheat Straw,Crop Byproduct,false,false,false,not_in_form_cohort,,not_in_moisture_cohort,,approved_branch_to_role_translation,By-product role,docs/decisions/0041-feed-material-structural-model.md;docs/decisions/0042-feed-process-and-material-state-axes.md,No reviewed grinding result or governed presentation-form assertion. No reviewed drying process or material-specific moisture evidence. Canonical legacy by-product branch classification translated to explicit productRole; compatibility hierarchy retained.
AOM_001888,Mango Seed Kernel Ground,Crop Byproduct,true,false,true,approved_comminuted_form,Comminuted particle form,not_in_moisture_cohort,,approved_branch_to_role_translation,By-product role,docs/decisions/0041-feed-material-structural-model.md;docs/decisions/0042-feed-process-and-material-state-axes.md,"Approved Grinding process supports broad comminuted-particle presentation; bulk consistency, moisture, particle size, and meal/powder subtype remain unspecified. No reviewed drying process or material-specific moisture evidence. Canonical legacy by-product branch classification translated to explicit productRole; compatibility hierarchy retained."
AOM_001889,Orange Peels,Crop Byproduct,false,false,false,not_in_form_cohort,,not_in_moisture_cohort,,approved_branch_to_role_translation,By-product role,docs/decisions/0041-feed-material-structural-model.md;docs/decisions/0042-feed-process-and-material-state-axes.md,No reviewed grinding result or governed presentation-form assertion. No reviewed drying process or material-specific moisture evidence. Canonical legacy by-product branch classification translated to explicit productRole; compatibility hierarchy retained.
AOM_001890,Groundnut Straw,Crop Byproduct,false,false,false,not_in_form_cohort,,not_in_moisture_cohort,,approved_branch_to_role_translation,By-product role,docs/decisions/0041-feed-material-structural-model.md;docs/decisions/0042-feed-process-and-material-state-axes.md,No reviewed grinding result or governed presentation-form assertion. No reviewed drying process or material-specific moisture evidence. Canonical legacy by-product branch classification translated to explicit productRole; compatibility hierarchy retained.
AOM_001891,Soybean Hull,Crop Byproduct,false,false,false,not_in_form_cohort,,not_in_moisture_cohort,,approved_branch_to_role_translation,By-product role,docs/decisions/0041-feed-material-structural-model.md;docs/decisions/0042-feed-process-and-material-state-axes.md,No reviewed grinding result or governed presentation-form assertion. No reviewed drying process or material-specific moisture evidence. Canonical legacy by-product branch classification translated to explicit productRole; compatibility hierarchy retained.
AOM_001892,Sorghum Threshed Top,Crop Byproduct,false,false,false,not_in_form_cohort,,not_in_moisture_cohort,,approved_branch_to_role_translation,By-product role,docs/decisions/0041-feed-material-structural-model.md;docs/decisions/0042-feed-process-and-material-state-axes.md,No reviewed grinding result or governed presentation-form assertion. No reviewed drying process or material-specific moisture evidence. Canonical legacy by-product branch classification translated to explicit productRole; compatibility hierarchy retained.
AOM_001893,Hibiscus Seed,Crop Byproduct,false,false,false,not_in_form_cohort,,not_in_moisture_cohort,,approved_branch_to_role_translation,By-product role,docs/decisions/0041-feed-material-structural-model.md;docs/decisions/0042-feed-process-and-material-state-axes.md,No reviewed grinding result or governed presentation-form assertion. No reviewed drying process or material-specific moisture evidence. Canonical legacy by-product branch classification translated to explicit productRole; compatibility hierarchy retained.
AOM_001894,Sunflower Seed Cake Ground,Crop Byproduct,true,false,false,approved_comminuted_form,Comminuted particle form,not_in_moisture_cohort,,approved_branch_to_role_translation,By-product role,docs/decisions/0041-feed-material-structural-model.md;docs/decisions/0042-feed-process-and-material-state-axes.md,"Approved Grinding process supports broad comminuted-particle presentation; bulk consistency, moisture, particle size, and meal/powder subtype remain unspecified. No reviewed drying process or material-specific moisture evidence. Canonical legacy by-product branch classification translated to explicit productRole; compatibility hierarchy retained."
AOM_001895,Oat,Crop Product,false,false,false,not_in_form_cohort,,not_in_moisture_cohort,,not_in_role_cohort,,docs/decisions/0041-feed-material-structural-model.md;docs/decisions/0042-feed-process-and-material-state-axes.md,No reviewed grinding result or governed presentation-form assertion. No reviewed drying process or material-specific moisture evidence. No reviewed product-role evidence in this structural cohort.
AOM_001896,Blue Lupin Grain,Crop Product,false,false,false,not_in_form_cohort,,not_in_moisture_cohort,,not_in_role_cohort,,docs/decisions/0041-feed-material-structural-model.md;docs/decisions/0042-feed-process-and-material-state-axes.md,No reviewed grinding result or governed presentation-form assertion. No reviewed drying process or material-specific moisture evidence. No reviewed product-role evidence in this structural cohort.
AOM_001897,Sheanut,Crop Product,false,false,false,not_in_form_cohort,,not_in_moisture_cohort,,not_in_role_cohort,,docs/decisions/0041-feed-material-structural-model.md;docs/decisions/0042-feed-process-and-material-state-axes.md,No reviewed grinding result or governed presentation-form assertion. No reviewed drying process or material-specific moisture evidence. No reviewed product-role evidence in this structural cohort.
AOM_001898,Bothriochloa dried,Forage Plants,false,false,false,not_in_form_cohort,,not_in_moisture_cohort,,not_in_role_cohort,,docs/decisions/0041-feed-material-structural-model.md;docs/decisions/0042-feed-process-and-material-state-axes.md,No reviewed grinding result or governed presentation-form assertion. No reviewed drying process or material-specific moisture evidence. No reviewed product-role evidence in this structural cohort.
AOM_001900,Stereochlaena cameronii,Forage Plants,false,false,false,not_in_form_cohort,,not_in_moisture_cohort,,not_in_role_cohort,,docs/decisions/0041-feed-material-structural-model.md;docs/decisions/0042-feed-process-and-material-state-axes.md,No reviewed grinding result or governed presentation-form assertion. No reviewed drying process or material-specific moisture evidence. No reviewed product-role evidence in this structural cohort.
AOM_001901,Atriplex nummularia,Forage Plants,false,false,false,not_in_form_cohort,,not_in_moisture_cohort,,not_in_role_cohort,,docs/decisions/0041-feed-material-structural-model.md;docs/decisions/0042-feed-process-and-material-state-axes.md,No reviewed grinding result or governed presentation-form assertion. No reviewed drying process or material-specific moisture evidence. No reviewed product-role evidence in this structural cohort.
AOM_001902,Sesbania sesban Leaves Dried,Forage Plants,false,true,false,not_in_form_cohort,,approved_dried_from_process,Dried moisture condition,not_in_role_cohort,,docs/decisions/0041-feed-material-structural-model.md;docs/decisions/0042-feed-process-and-material-state-axes.md,No reviewed grinding result or governed presentation-form assertion. Approved Drying process supports dried moisture condition without implying one presentation form. No reviewed product-role evidence in this structural cohort.
AOM_001903,Asteraceae,Supplement,false,false,false,not_in_form_cohort,,not_in_moisture_cohort,,not_in_role_cohort,,docs/decisions/0041-feed-material-structural-model.md;docs/decisions/0042-feed-process-and-material-state-axes.md,No reviewed grinding result or governed presentation-form assertion. No reviewed drying process or material-specific moisture evidence. No reviewed product-role evidence in this structural cohort.
AOM_001906,Blue Lupin Grain Roasted,Crop Product,false,false,false,not_in_form_cohort,,not_in_moisture_cohort,,not_in_role_cohort,,docs/decisions/0041-feed-material-structural-model.md;docs/decisions/0042-feed-process-and-material-state-axes.md,No reviewed grinding result or governed presentation-form assertion. No reviewed drying process or material-specific moisture evidence. No reviewed product-role evidence in this structural cohort.
AOM_001907,Blue Lupin Grain Dried,Crop Product,false,true,false,not_in_form_cohort,,approved_dried_from_process,Dried moisture condition,not_in_role_cohort,,docs/decisions/0041-feed-material-structural-model.md;docs/decisions/0042-feed-process-and-material-state-axes.md,No reviewed grinding result or governed presentation-form assertion. Approved Drying process supports dried moisture condition without implying one presentation form. No reviewed product-role evidence in this structural cohort.
AOM_001909,Black Cumin Seed Ground,Crop Product,true,false,true,approved_comminuted_form,Comminuted particle form,not_in_moisture_cohort,,not_in_role_cohort,,docs/decisions/0041-feed-material-structural-model.md;docs/decisions/0042-feed-process-and-material-state-axes.md,"Approved Grinding process supports broad comminuted-particle presentation; bulk consistency, moisture, particle size, and meal/powder subtype remain unspecified. No reviewed drying process or material-specific moisture evidence. No reviewed product-role evidence in this structural cohort."
AOM_001910,Unspecified Grass Dried Ground,Forage Plants,true,true,true,approved_comminuted_form,Comminuted particle form,approved_dried_from_process,Dried moisture condition,not_in_role_cohort,,docs/decisions/0041-feed-material-structural-model.md;docs/decisions/0042-feed-process-and-material-state-axes.md,"Approved Grinding process supports broad comminuted-particle presentation; bulk consistency, moisture, particle size, and meal/powder subtype remain unspecified. Approved Drying process supports dried moisture condition without implying one presentation form. No reviewed product-role evidence in this structural cohort."
AOM_001911,Unspecified Grass Dried,Forage Plants,false,true,false,not_in_form_cohort,,approved_dried_from_process,Dried moisture condition,not_in_role_cohort,,docs/decisions/0041-feed-material-structural-model.md;docs/decisions/0042-feed-process-and-material-state-axes.md,No reviewed grinding result or governed presentation-form assertion. Approved Drying process supports dried moisture condition without implying one presentation form. No reviewed product-role evidence in this structural cohort.
AOM_001912,Unspecified Grass,Forage Plants,false,false,false,not_in_form_cohort,,not_in_moisture_cohort,,not_in_role_cohort,,docs/decisions/0041-feed-material-structural-model.md;docs/decisions/0042-feed-process-and-material-state-axes.md,No reviewed grinding result or governed presentation-form assertion. No reviewed drying process or material-specific moisture evidence. No reviewed product-role evidence in this structural cohort.
AOM_001913,Moringa oleifera Leaves Dried Ground,Forage Plants,true,true,true,approved_comminuted_form,Comminuted particle form,approved_dried_from_process,Dried moisture condition,not_in_role_cohort,,docs/decisions/0041-feed-material-structural-model.md;docs/decisions/0042-feed-process-and-material-state-axes.md,"Approved Grinding process supports broad comminuted-particle presentation; bulk consistency, moisture, particle size, and meal/powder subtype remain unspecified. Approved Drying process supports dried moisture condition without implying one presentation form. No reviewed product-role evidence in this structural cohort."
AOM_001914,Opuntia ficus indica Cladode,Forage Plants,false,false,false,not_in_form_cohort,,not_in_moisture_cohort,,not_in_role_cohort,,docs/decisions/0041-feed-material-structural-model.md;docs/decisions/0042-feed-process-and-material-state-axes.md,No reviewed grinding result or governed presentation-form assertion. No reviewed drying process or material-specific moisture evidence. No reviewed product-role evidence in this structural cohort.
AOM_001915,Opuntia ficus indica Cladode Ensiled,Forage Plants,false,false,false,not_in_form_cohort,,not_in_moisture_cohort,,not_in_role_cohort,,docs/decisions/0041-feed-material-structural-model.md;docs/decisions/0042-feed-process-and-material-state-axes.md,No reviewed grinding result or governed presentation-form assertion. No reviewed drying process or material-specific moisture evidence. No reviewed product-role evidence in this structural cohort.
AOM_001916,Crop Byproduct,Crop Byproduct,false,false,false,not_in_form_cohort,,not_in_moisture_cohort,,approved_branch_to_role_translation,By-product role,docs/decisions/0041-feed-material-structural-model.md;docs/decisions/0042-feed-process-and-material-state-axes.md,No reviewed grinding result or governed presentation-form assertion. No reviewed drying process or material-specific moisture evidence. Canonical legacy by-product branch classification translated to explicit productRole; compatibility hierarchy retained.
AOM_001917,Unspecified Filler,Other Ingredients,false,false,false,not_in_form_cohort,,not_in_moisture_cohort,,not_in_role_cohort,,docs/decisions/0041-feed-material-structural-model.md;docs/decisions/0042-feed-process-and-material-state-axes.md,No reviewed grinding result or governed presentation-form assertion. No reviewed drying process or material-specific moisture evidence. No reviewed product-role evidence in this structural cohort.
AOM_001918,Sesbania Dried,Forage Plants,false,true,false,not_in_form_cohort,,approved_dried_from_process,Dried moisture condition,not_in_role_cohort,,docs/decisions/0041-feed-material-structural-model.md;docs/decisions/0042-feed-process-and-material-state-axes.md,No reviewed grinding result or governed presentation-form assertion. Approved Drying process supports dried moisture condition without implying one presentation form. No reviewed product-role evidence in this structural cohort.
AOM_001919,Leucaena Leaves Dried,Forage Plants,false,true,false,not_in_form_cohort,,approved_dried_from_process,Dried moisture condition,not_in_role_cohort,,docs/decisions/0041-feed-material-structural-model.md;docs/decisions/0042-feed-process-and-material-state-axes.md,No reviewed grinding result or governed presentation-form assertion. Approved Drying process supports dried moisture condition without implying one presentation form. No reviewed product-role evidence in this structural cohort.
AOM_001921,Vitalyte,Other Ingredients,false,false,false,not_in_form_cohort,,not_in_moisture_cohort,,not_in_role_cohort,,docs/decisions/0041-feed-material-structural-model.md;docs/decisions/0042-feed-process-and-material-state-axes.md,No reviewed grinding result or governed presentation-form assertion. No reviewed drying process or material-specific moisture evidence. No reviewed product-role evidence in this structural cohort.
AOM_001922,Water,Other Ingredients,false,false,false,not_in_form_cohort,,not_in_moisture_cohort,,not_in_role_cohort,,docs/decisions/0041-feed-material-structural-model.md;docs/decisions/0042-feed-process-and-material-state-axes.md,No reviewed grinding result or governed presentation-form assertion. No reviewed drying process or material-specific moisture evidence. No reviewed product-role evidence in this structural cohort.
AOM_001923,Shrimp Heads,Animal,false,false,false,not_in_form_cohort,,not_in_moisture_cohort,,not_in_role_cohort,,docs/decisions/0041-feed-material-structural-model.md;docs/decisions/0042-feed-process-and-material-state-axes.md,No reviewed grinding result or governed presentation-form assertion. No reviewed drying process or material-specific moisture evidence. No reviewed product-role evidence in this structural cohort.
AOM_001924,Shrimp Heads Ground,Animal,true,false,true,approved_comminuted_form,Comminuted particle form,not_in_moisture_cohort,,not_in_role_cohort,,docs/decisions/0041-feed-material-structural-model.md;docs/decisions/0042-feed-process-and-material-state-axes.md,"Approved Grinding process supports broad comminuted-particle presentation; bulk consistency, moisture, particle size, and meal/powder subtype remain unspecified. No reviewed drying process or material-specific moisture evidence. No reviewed product-role evidence in this structural cohort."
AOM_001925,Fish Boiled Dried Ground,Animal,true,true,true,approved_comminuted_form,Comminuted particle form,approved_dried_from_process,Dried moisture condition,not_in_role_cohort,,docs/decisions/0041-feed-material-structural-model.md;docs/decisions/0042-feed-process-and-material-state-axes.md,"Approved Grinding process supports broad comminuted-particle presentation; bulk consistency, moisture, particle size, and meal/powder subtype remain unspecified. Approved Drying process supports dried moisture condition without implying one presentation form. No reviewed product-role evidence in this structural cohort."
AOM_001926,Menhaden Ground,Animal,true,false,true,approved_comminuted_form,Comminuted particle form,not_in_moisture_cohort,,not_in_role_cohort,,docs/decisions/0041-feed-material-structural-model.md;docs/decisions/0042-feed-process-and-material-state-axes.md,"Approved Grinding process supports broad comminuted-particle presentation; bulk consistency, moisture, particle size, and meal/powder subtype remain unspecified. No reviewed drying process or material-specific moisture evidence. No reviewed product-role evidence in this structural cohort."
AOM_001927,Rainbow Trout,Animal,false,false,false,not_in_form_cohort,,not_in_moisture_cohort,,not_in_role_cohort,,docs/decisions/0041-feed-material-structural-model.md;docs/decisions/0042-feed-process-and-material-state-axes.md,No reviewed grinding result or governed presentation-form assertion. No reviewed drying process or material-specific moisture evidence. No reviewed product-role evidence in this structural cohort.
AOM_001928,Rainbow Trout Viscera De-oiled Ensiled,Animal,false,false,false,not_in_form_cohort,,not_in_moisture_cohort,,not_in_role_cohort,,docs/decisions/0041-feed-material-structural-model.md;docs/decisions/0042-feed-process-and-material-state-axes.md,No reviewed grinding result or governed presentation-form assertion. No reviewed drying process or material-specific moisture evidence. No reviewed product-role evidence in this structural cohort.
AOM_001929,Sardine Ground,Animal,true,false,true,approved_comminuted_form,Comminuted particle form,not_in_moisture_cohort,,not_in_role_cohort,,docs/decisions/0041-feed-material-structural-model.md;docs/decisions/0042-feed-process-and-material-state-axes.md,"Approved Grinding process supports broad comminuted-particle presentation; bulk consistency, moisture, particle size, and meal/powder subtype remain unspecified. No reviewed drying process or material-specific moisture evidence. No reviewed product-role evidence in this structural cohort."
AOM_001930,Trout Oil,Animal,false,false,false,not_in_form_cohort,,not_in_moisture_cohort,,not_in_role_cohort,,docs/decisions/0041-feed-material-structural-model.md;docs/decisions/0042-feed-process-and-material-state-axes.md,No reviewed grinding result or governed presentation-form assertion. No reviewed drying process or material-specific moisture evidence. No reviewed product-role evidence in this structural cohort.
AOM_001931,Tuna Ground,Animal,true,false,true,approved_comminuted_form,Comminuted particle form,not_in_moisture_cohort,,not_in_role_cohort,,docs/decisions/0041-feed-material-structural-model.md;docs/decisions/0042-feed-process-and-material-state-axes.md,"Approved Grinding process supports broad comminuted-particle presentation; bulk consistency, moisture, particle size, and meal/powder subtype remain unspecified. No reviewed drying process or material-specific moisture evidence. No reviewed product-role evidence in this structural cohort."
AOM_001932,Housefly Maggot Dried Ground,Animal,true,true,true,approved_comminuted_form,Comminuted particle form,approved_dried_from_process,Dried moisture condition,not_in_role_cohort,,docs/decisions/0041-feed-material-structural-model.md;docs/decisions/0042-feed-process-and-material-state-axes.md,"Approved Grinding process supports broad comminuted-particle presentation; bulk consistency, moisture, particle size, and meal/powder subtype remain unspecified. Approved Drying process supports dried moisture condition without implying one presentation form. No reviewed product-role evidence in this structural cohort."
AOM_001933,Termite Dried Ground,Animal,true,true,true,approved_comminuted_form,Comminuted particle form,approved_dried_from_process,Dried moisture condition,not_in_role_cohort,,docs/decisions/0041-feed-material-structural-model.md;docs/decisions/0042-feed-process-and-material-state-axes.md,"Approved Grinding process supports broad comminuted-particle presentation; bulk consistency, moisture, particle size, and meal/powder subtype remain unspecified. Approved Drying process supports dried moisture condition without implying one presentation form. No reviewed product-role evidence in this structural cohort."
AOM_001934,Winged Termite Dried Ground,Animal,true,true,true,approved_comminuted_form,Comminuted particle form,approved_dried_from_process,Dried moisture condition,not_in_role_cohort,,docs/decisions/0041-feed-material-structural-model.md;docs/decisions/0042-feed-process-and-material-state-axes.md,"Approved Grinding process supports broad comminuted-particle presentation; bulk consistency, moisture, particle size, and meal/powder subtype remain unspecified. Approved Drying process supports dried moisture condition without implying one presentation form. No reviewed product-role evidence in this structural cohort."
AOM_001935,Suckled milk,Animal,false,false,false,not_in_form_cohort,,not_in_moisture_cohort,,not_in_role_cohort,,docs/decisions/0041-feed-material-structural-model.md;docs/decisions/0042-feed-process-and-material-state-axes.md,No reviewed grinding result or governed presentation-form assertion. No reviewed drying process or material-specific moisture evidence. No reviewed product-role evidence in this structural cohort.
AOM_001936,Giant Snail,Animal,false,false,false,not_in_form_cohort,,not_in_moisture_cohort,,not_in_role_cohort,,docs/decisions/0041-feed-material-structural-model.md;docs/decisions/0042-feed-process-and-material-state-axes.md,No reviewed grinding result or governed presentation-form assertion. No reviewed drying process or material-specific moisture evidence. No reviewed product-role evidence in this structural cohort.
AOM_001937,Giant Snail Boiled Dried Ground,Animal,true,true,true,approved_comminuted_form,Comminuted particle form,approved_dried_from_process,Dried moisture condition,not_in_role_cohort,,docs/decisions/0041-feed-material-structural-model.md;docs/decisions/0042-feed-process-and-material-state-axes.md,"Approved Grinding process supports broad comminuted-particle presentation; bulk consistency, moisture, particle size, and meal/powder subtype remain unspecified. Approved Drying process supports dried moisture condition without implying one presentation form. No reviewed product-role evidence in this structural cohort."
AOM_001938,Chicken Offal Dried Ground,Animal,true,true,true,approved_existing_specific_form,Meal form,approved_dried_from_process,Dried moisture condition,not_in_role_cohort,,docs/decisions/0041-feed-material-structural-model.md;docs/decisions/0042-feed-process-and-material-state-axes.md,Existing reviewed presentation-form assertion remains authoritative. Approved Drying process supports dried moisture condition without implying one presentation form. No reviewed product-role evidence in this structural cohort.
AOM_001939,Rumen Contents Dried Ground,Animal Byproduct,true,true,true,approved_comminuted_form,Comminuted particle form,approved_dried_from_process,Dried moisture condition,approved_branch_to_role_translation,By-product role,docs/decisions/0041-feed-material-structural-model.md;docs/decisions/0042-feed-process-and-material-state-axes.md,"Approved Grinding process supports broad comminuted-particle presentation; bulk consistency, moisture, particle size, and meal/powder subtype remain unspecified. Approved Drying process supports dried moisture condition without implying one presentation form. Canonical legacy by-product branch classification translated to explicit productRole; compatibility hierarchy retained."
AOM_001940,Chicken Manure Dried Ground,Animal Manures,true,true,true,approved_comminuted_form,Comminuted particle form,approved_dried_from_process,Dried moisture condition,not_in_role_cohort,,docs/decisions/0041-feed-material-structural-model.md;docs/decisions/0042-feed-process-and-material-state-axes.md,"Approved Grinding process supports broad comminuted-particle presentation; bulk consistency, moisture, particle size, and meal/powder subtype remain unspecified. Approved Drying process supports dried moisture condition without implying one presentation form. No reviewed product-role evidence in this structural cohort."
AOM_001941,Poultry Litter Dried Ground,Animal Manures,true,true,true,approved_comminuted_form,Comminuted particle form,approved_dried_from_process,Dried moisture condition,not_in_role_cohort,,docs/decisions/0041-feed-material-structural-model.md;docs/decisions/0042-feed-process-and-material-state-axes.md,"Approved Grinding process supports broad comminuted-particle presentation; bulk consistency, moisture, particle size, and meal/powder subtype remain unspecified. Approved Drying process supports dried moisture condition without implying one presentation form. No reviewed product-role evidence in this structural cohort."
AOM_001942,Maize Husk Dried Ground,Crop Byproduct,true,true,true,approved_comminuted_form,Comminuted particle form,approved_dried_from_process,Dried moisture condition,approved_branch_to_role_translation,By-product role,docs/decisions/0041-feed-material-structural-model.md;docs/decisions/0042-feed-process-and-material-state-axes.md,"Approved Grinding process supports broad comminuted-particle presentation; bulk consistency, moisture, particle size, and meal/powder subtype remain unspecified. Approved Drying process supports dried moisture condition without implying one presentation form. Canonical legacy by-product branch classification translated to explicit productRole; compatibility hierarchy retained."
AOM_001943,Maize Cob Ensiled,Crop Byproduct,false,false,false,not_in_form_cohort,,not_in_moisture_cohort,,approved_branch_to_role_translation,By-product role,docs/decisions/0041-feed-material-structural-model.md;docs/decisions/0042-feed-process-and-material-state-axes.md,No reviewed grinding result or governed presentation-form assertion. No reviewed drying process or material-specific moisture evidence. Canonical legacy by-product branch classification translated to explicit productRole; compatibility hierarchy retained.
AOM_001944,Maize Leaves Dried,Crop Byproduct,false,true,false,not_in_form_cohort,,approved_dried_from_process,Dried moisture condition,approved_branch_to_role_translation,By-product role,docs/decisions/0041-feed-material-structural-model.md;docs/decisions/0042-feed-process-and-material-state-axes.md,No reviewed grinding result or governed presentation-form assertion. Approved Drying process supports dried moisture condition without implying one presentation form. Canonical legacy by-product branch classification translated to explicit productRole; compatibility hierarchy retained.
AOM_001945,Sorghum Brewers Grain Dried Refermented,Crop Byproduct,false,true,false,not_in_form_cohort,,approved_dried_from_process,Dried moisture condition,approved_branch_to_role_translation,By-product role,docs/decisions/0041-feed-material-structural-model.md;docs/decisions/0042-feed-process-and-material-state-axes.md,No reviewed grinding result or governed presentation-form assertion. Approved Drying process supports dried moisture condition without implying one presentation form. Canonical legacy by-product branch classification translated to explicit productRole; compatibility hierarchy retained.
AOM_001946,Plantain Peel Dried Ground,Crop Byproduct,true,true,true,approved_comminuted_form,Comminuted particle form,approved_dried_from_process,Dried moisture condition,approved_branch_to_role_translation,By-product role,docs/decisions/0041-feed-material-structural-model.md;docs/decisions/0042-feed-process-and-material-state-axes.md,"Approved Grinding process supports broad comminuted-particle presentation; bulk consistency, moisture, particle size, and meal/powder subtype remain unspecified. Approved Drying process supports dried moisture condition without implying one presentation form. Canonical legacy by-product branch classification translated to explicit productRole; compatibility hierarchy retained."
AOM_001947,Orange Peels Dried Fermented Ground,Crop Byproduct,true,true,true,approved_comminuted_form,Comminuted particle form,approved_dried_from_process,Dried moisture condition,approved_branch_to_role_translation,By-product role,docs/decisions/0041-feed-material-structural-model.md;docs/decisions/0042-feed-process-and-material-state-axes.md,"Approved Grinding process supports broad comminuted-particle presentation; bulk consistency, moisture, particle size, and meal/powder subtype remain unspecified. Approved Drying process supports dried moisture condition without implying one presentation form. Canonical legacy by-product branch classification translated to explicit productRole; compatibility hierarchy retained."
AOM_001948,Common Bean Haulm Dried,Crop Byproduct,false,true,false,not_in_form_cohort,,approved_dried_from_process,Dried moisture condition,approved_branch_to_role_translation,By-product role,docs/decisions/0041-feed-material-structural-model.md;docs/decisions/0042-feed-process-and-material-state-axes.md,No reviewed grinding result or governed presentation-form assertion. Approved Drying process supports dried moisture condition without implying one presentation form. Canonical legacy by-product branch classification translated to explicit productRole; compatibility hierarchy retained.
AOM_001949,Soybean Flakes Defatted Dried Ground,Crop Byproduct,true,true,true,approved_comminuted_form,Comminuted particle form,approved_dried_from_process,Dried moisture condition,approved_branch_to_role_translation,By-product role,docs/decisions/0041-feed-material-structural-model.md;docs/decisions/0042-feed-process-and-material-state-axes.md,"Approved Grinding process supports broad comminuted-particle presentation; bulk consistency, moisture, particle size, and meal/powder subtype remain unspecified. Approved Drying process supports dried moisture condition without implying one presentation form. Canonical legacy by-product branch classification translated to explicit productRole; compatibility hierarchy retained."
AOM_001951,Sesame Seed Cake Autoclaved Dried Ground,Crop Byproduct,true,true,true,approved_comminuted_form,Comminuted particle form,approved_dried_from_process,Dried moisture condition,approved_branch_to_role_translation,By-product role,docs/decisions/0041-feed-material-structural-model.md;docs/decisions/0042-feed-process-and-material-state-axes.md,"Approved Grinding process supports broad comminuted-particle presentation; bulk consistency, moisture, particle size, and meal/powder subtype remain unspecified. Approved Drying process supports dried moisture condition without implying one presentation form. Canonical legacy by-product branch classification translated to explicit productRole; compatibility hierarchy retained."
AOM_001952,Beetroot Discards Dried,Crop Byproduct,false,true,false,not_in_form_cohort,,approved_dried_from_process,Dried moisture condition,approved_branch_to_role_translation,By-product role,docs/decisions/0041-feed-material-structural-model.md;docs/decisions/0042-feed-process-and-material-state-axes.md,No reviewed grinding result or governed presentation-form assertion. Approved Drying process supports dried moisture condition without implying one presentation form. Canonical legacy by-product branch classification translated to explicit productRole; compatibility hierarchy retained.
AOM_001953,Potato Hash Ensiled,Crop Byproduct,false,false,false,not_in_form_cohort,,not_in_moisture_cohort,,approved_branch_to_role_translation,By-product role,docs/decisions/0041-feed-material-structural-model.md;docs/decisions/0042-feed-process-and-material-state-axes.md,No reviewed grinding result or governed presentation-form assertion. No reviewed drying process or material-specific moisture evidence. Canonical legacy by-product branch classification translated to explicit productRole; compatibility hierarchy retained.
AOM_001954,Sweet Potato Vine Ensiled,Crop Byproduct,false,false,false,not_in_form_cohort,,not_in_moisture_cohort,,approved_branch_to_role_translation,By-product role,docs/decisions/0041-feed-material-structural-model.md;docs/decisions/0042-feed-process-and-material-state-axes.md,No reviewed grinding result or governed presentation-form assertion. No reviewed drying process or material-specific moisture evidence. Canonical legacy by-product branch classification translated to explicit productRole; compatibility hierarchy retained.
AOM_001955,Cabbage Discards Dried,Crop Byproduct,false,true,false,not_in_form_cohort,,approved_dried_from_process,Dried moisture condition,approved_branch_to_role_translation,By-product role,docs/decisions/0041-feed-material-structural-model.md;docs/decisions/0042-feed-process-and-material-state-axes.md,No reviewed grinding result or governed presentation-form assertion. Approved Drying process supports dried moisture condition without implying one presentation form. Canonical legacy by-product branch classification translated to explicit productRole; compatibility hierarchy retained.
AOM_001956,Tomato Waste,Crop Byproduct,false,false,false,not_in_form_cohort,,not_in_moisture_cohort,,approved_existing_role,Waste role,docs/decisions/0041-feed-material-structural-model.md;docs/decisions/0042-feed-process-and-material-state-axes.md,No reviewed grinding result or governed presentation-form assertion. No reviewed drying process or material-specific moisture evidence. Existing reviewed product-role assertion remains authoritative.
AOM_001957,Tomato Waste Dried,Crop Byproduct,false,true,false,not_in_form_cohort,,approved_dried_from_process,Dried moisture condition,approved_branch_to_role_translation,By-product role,docs/decisions/0041-feed-material-structural-model.md;docs/decisions/0042-feed-process-and-material-state-axes.md,No reviewed grinding result or governed presentation-form assertion. Approved Drying process supports dried moisture condition without implying one presentation form. Canonical legacy by-product branch classification translated to explicit productRole; compatibility hierarchy retained.
AOM_001959,Oat Grain Dried Wilted,Crop Product,false,true,false,not_in_form_cohort,,approved_dried_from_process,Dried moisture condition,not_in_role_cohort,,docs/decisions/0041-feed-material-structural-model.md;docs/decisions/0042-feed-process-and-material-state-axes.md,No reviewed grinding result or governed presentation-form assertion. Approved Drying process supports dried moisture condition without implying one presentation form. No reviewed product-role evidence in this structural cohort.
AOM_001960,Soybean Full Fat Heated,Crop Product,false,false,false,not_in_form_cohort,,not_in_moisture_cohort,,not_in_role_cohort,,docs/decisions/0041-feed-material-structural-model.md;docs/decisions/0042-feed-process-and-material-state-axes.md,No reviewed grinding result or governed presentation-form assertion. No reviewed drying process or material-specific moisture evidence. No reviewed product-role evidence in this structural cohort.
AOM_001961,Palm Oil Crude Ground,Crop Product,true,false,true,held_grinding_bulk_state_conflict,,not_in_moisture_cohort,,not_in_role_cohort,,docs/decisions/0041-feed-material-structural-model.md;docs/decisions/0042-feed-process-and-material-state-axes.md,Oil or molasses identity conflicts with automatic particulate-presentation inference; Grinding process assertion remains held for material-specific evidence review. No reviewed drying process or material-specific moisture evidence. No reviewed product-role evidence in this structural cohort.
AOM_001962,Potamogeton lucens Leaves Dried,Forage Plants,false,true,false,not_in_form_cohort,,approved_dried_from_process,Dried moisture condition,not_in_role_cohort,,docs/decisions/0041-feed-material-structural-model.md;docs/decisions/0042-feed-process-and-material-state-axes.md,No reviewed grinding result or governed presentation-form assertion. Approved Drying process supports dried moisture condition without implying one presentation form. No reviewed product-role evidence in this structural cohort.
AOM_001963,Potamogeton lucens Pods Dried,Forage Plants,false,true,false,not_in_form_cohort,,approved_dried_from_process,Dried moisture condition,not_in_role_cohort,,docs/decisions/0041-feed-material-structural-model.md;docs/decisions/0042-feed-process-and-material-state-axes.md,No reviewed grinding result or governed presentation-form assertion. Approved Drying process supports dried moisture condition without implying one presentation form. No reviewed product-role evidence in this structural cohort.
AOM_001964,Spirulina Dried,Forage Plants,false,true,false,not_in_form_cohort,,approved_dried_from_process,Dried moisture condition,not_in_role_cohort,,docs/decisions/0041-feed-material-structural-model.md;docs/decisions/0042-feed-process-and-material-state-axes.md,No reviewed grinding result or governed presentation-form assertion. Approved Drying process supports dried moisture condition without implying one presentation form. No reviewed product-role evidence in this structural cohort.
AOM_001965,Grass Dried Ensiled,Forage Plants,false,true,false,not_in_form_cohort,,approved_dried_from_process,Dried moisture condition,not_in_role_cohort,,docs/decisions/0041-feed-material-structural-model.md;docs/decisions/0042-feed-process-and-material-state-axes.md,No reviewed grinding result or governed presentation-form assertion. Approved Drying process supports dried moisture condition without implying one presentation form. No reviewed product-role evidence in this structural cohort.
AOM_001966,Pennisetum clandestinum Leaves Dried Ground,Forage Plants,true,true,true,approved_comminuted_form,Comminuted particle form,approved_dried_from_process,Dried moisture condition,not_in_role_cohort,,docs/decisions/0041-feed-material-structural-model.md;docs/decisions/0042-feed-process-and-material-state-axes.md,"Approved Grinding process supports broad comminuted-particle presentation; bulk consistency, moisture, particle size, and meal/powder subtype remain unspecified. Approved Drying process supports dried moisture condition without implying one presentation form. No reviewed product-role evidence in this structural cohort."
AOM_001967,Grewia spp.,Forage Plants,false,false,false,not_in_form_cohort,,not_in_moisture_cohort,,not_in_role_cohort,,docs/decisions/0041-feed-material-structural-model.md;docs/decisions/0042-feed-process-and-material-state-axes.md,No reviewed grinding result or governed presentation-form assertion. No reviewed drying process or material-specific moisture evidence. No reviewed product-role evidence in this structural cohort.
AOM_001968,Grewia similis Dried,Forage Plants,false,true,false,not_in_form_cohort,,approved_dried_from_process,Dried moisture condition,not_in_role_cohort,,docs/decisions/0041-feed-material-structural-model.md;docs/decisions/0042-feed-process-and-material-state-axes.md,No reviewed grinding result or governed presentation-form assertion. Approved Drying process supports dried moisture condition without implying one presentation form. No reviewed product-role evidence in this structural cohort.
AOM_001969,Jatropha curcas Kernel Dried Ground,Forage Plants,true,true,true,approved_comminuted_form,Comminuted particle form,approved_dried_from_process,Dried moisture condition,not_in_role_cohort,,docs/decisions/0041-feed-material-structural-model.md;docs/decisions/0042-feed-process-and-material-state-axes.md,"Approved Grinding process supports broad comminuted-particle presentation; bulk consistency, moisture, particle size, and meal/powder subtype remain unspecified. Approved Drying process supports dried moisture condition without implying one presentation form. No reviewed product-role evidence in this structural cohort."
AOM_001970,Jatropha curcas Cake Defatted Dried Ground,Forage Plants,true,true,true,approved_comminuted_form,Comminuted particle form,approved_dried_from_process,Dried moisture condition,not_in_role_cohort,,docs/decisions/0041-feed-material-structural-model.md;docs/decisions/0042-feed-process-and-material-state-axes.md,"Approved Grinding process supports broad comminuted-particle presentation; bulk consistency, moisture, particle size, and meal/powder subtype remain unspecified. Approved Drying process supports dried moisture condition without implying one presentation form. No reviewed product-role evidence in this structural cohort."
AOM_001971,Jatropha curcas Seed Defatted Fermented Ground,Forage Plants,true,false,true,approved_comminuted_form,Comminuted particle form,not_in_moisture_cohort,,not_in_role_cohort,,docs/decisions/0041-feed-material-structural-model.md;docs/decisions/0042-feed-process-and-material-state-axes.md,"Approved Grinding process supports broad comminuted-particle presentation; bulk consistency, moisture, particle size, and meal/powder subtype remain unspecified. No reviewed drying process or material-specific moisture evidence. No reviewed product-role evidence in this structural cohort."
AOM_001973,Leucaena leucocephala Leaves Ground,Forage Plants,true,false,true,approved_comminuted_form,Comminuted particle form,not_in_moisture_cohort,,not_in_role_cohort,,docs/decisions/0041-feed-material-structural-model.md;docs/decisions/0042-feed-process-and-material-state-axes.md,"Approved Grinding process supports broad comminuted-particle presentation; bulk consistency, moisture, particle size, and meal/powder subtype remain unspecified. No reviewed drying process or material-specific moisture evidence. No reviewed product-role evidence in this structural cohort."
AOM_001974,Leucaena leucocephala Leaves Dried Ground,Forage Plants,true,true,true,approved_comminuted_form,Comminuted particle form,approved_dried_from_process,Dried moisture condition,not_in_role_cohort,,docs/decisions/0041-feed-material-structural-model.md;docs/decisions/0042-feed-process-and-material-state-axes.md,"Approved Grinding process supports broad comminuted-particle presentation; bulk consistency, moisture, particle size, and meal/powder subtype remain unspecified. Approved Drying process supports dried moisture condition without implying one presentation form. No reviewed product-role evidence in this structural cohort."
AOM_001976,Moringa oleifera Dried Ground,Forage Plants,true,true,true,approved_comminuted_form,Comminuted particle form,approved_dried_from_process,Dried moisture condition,not_in_role_cohort,,docs/decisions/0041-feed-material-structural-model.md;docs/decisions/0042-feed-process-and-material-state-axes.md,"Approved Grinding process supports broad comminuted-particle presentation; bulk consistency, moisture, particle size, and meal/powder subtype remain unspecified. Approved Drying process supports dried moisture condition without implying one presentation form. No reviewed product-role evidence in this structural cohort."
AOM_001977,Moringa oleifera Stalks Dried Ground,Forage Plants,true,true,true,approved_comminuted_form,Comminuted particle form,approved_dried_from_process,Dried moisture condition,not_in_role_cohort,,docs/decisions/0041-feed-material-structural-model.md;docs/decisions/0042-feed-process-and-material-state-axes.md,"Approved Grinding process supports broad comminuted-particle presentation; bulk consistency, moisture, particle size, and meal/powder subtype remain unspecified. Approved Drying process supports dried moisture condition without implying one presentation form. No reviewed product-role evidence in this structural cohort."
AOM_001978,Moringa oleifera Root Bark Dried Ground,Forage Plants,true,true,true,approved_comminuted_form,Comminuted particle form,approved_dried_from_process,Dried moisture condition,not_in_role_cohort,,docs/decisions/0041-feed-material-structural-model.md;docs/decisions/0042-feed-process-and-material-state-axes.md,"Approved Grinding process supports broad comminuted-particle presentation; bulk consistency, moisture, particle size, and meal/powder subtype remain unspecified. Approved Drying process supports dried moisture condition without implying one presentation form. No reviewed product-role evidence in this structural cohort."
AOM_001979,Moringa oleifera Leaves Extract,Forage Plants,false,false,false,not_in_form_cohort,,not_in_moisture_cohort,,not_in_role_cohort,,docs/decisions/0041-feed-material-structural-model.md;docs/decisions/0042-feed-process-and-material-state-axes.md,No reviewed grinding result or governed presentation-form assertion. No reviewed drying process or material-specific moisture evidence. No reviewed product-role evidence in this structural cohort.
AOM_001980,Moringa stenopetala Leaves Dried Ground,Forage Plants,true,true,true,approved_comminuted_form,Comminuted particle form,approved_dried_from_process,Dried moisture condition,not_in_role_cohort,,docs/decisions/0041-feed-material-structural-model.md;docs/decisions/0042-feed-process-and-material-state-axes.md,"Approved Grinding process supports broad comminuted-particle presentation; bulk consistency, moisture, particle size, and meal/powder subtype remain unspecified. Approved Drying process supports dried moisture condition without implying one presentation form. No reviewed product-role evidence in this structural cohort."
AOM_001981,Opuntia ficus indica Dried Ground,Forage Plants,true,true,true,approved_comminuted_form,Comminuted particle form,approved_dried_from_process,Dried moisture condition,not_in_role_cohort,,docs/decisions/0041-feed-material-structural-model.md;docs/decisions/0042-feed-process-and-material-state-axes.md,"Approved Grinding process supports broad comminuted-particle presentation; bulk consistency, moisture, particle size, and meal/powder subtype remain unspecified. Approved Drying process supports dried moisture condition without implying one presentation form. No reviewed product-role evidence in this structural cohort."
AOM_001982,Prosopis africana Seed,Forage Plants,false,false,false,not_in_form_cohort,,not_in_moisture_cohort,,not_in_role_cohort,,docs/decisions/0041-feed-material-structural-model.md;docs/decisions/0042-feed-process-and-material-state-axes.md,No reviewed grinding result or governed presentation-form assertion. No reviewed drying process or material-specific moisture evidence. No reviewed product-role evidence in this structural cohort.
AOM_001983,Prosopis africana Seed Ground,Forage Plants,true,false,true,approved_comminuted_form,Comminuted particle form,not_in_moisture_cohort,,not_in_role_cohort,,docs/decisions/0041-feed-material-structural-model.md;docs/decisions/0042-feed-process-and-material-state-axes.md,"Approved Grinding process supports broad comminuted-particle presentation; bulk consistency, moisture, particle size, and meal/powder subtype remain unspecified. No reviewed drying process or material-specific moisture evidence. No reviewed product-role evidence in this structural cohort."
AOM_001984,Sesbania sesban Leaves and Twigs Dried,Forage Plants,false,true,false,not_in_form_cohort,,approved_dried_from_process,Dried moisture condition,not_in_role_cohort,,docs/decisions/0041-feed-material-structural-model.md;docs/decisions/0042-feed-process-and-material-state-axes.md,No reviewed grinding result or governed presentation-form assertion. Approved Drying process supports dried moisture condition without implying one presentation form. No reviewed product-role evidence in this structural cohort.
AOM_001985,Sesbania sesban Stalks Wilted,Forage Plants,false,false,false,not_in_form_cohort,,not_in_moisture_cohort,,not_in_role_cohort,,docs/decisions/0041-feed-material-structural-model.md;docs/decisions/0042-feed-process-and-material-state-axes.md,No reviewed grinding result or governed presentation-form assertion. No reviewed drying process or material-specific moisture evidence. No reviewed product-role evidence in this structural cohort.
AOM_001986,Gliciridia sepium Leaves Dried Ground,Forage Plants,true,true,true,approved_comminuted_form,Comminuted particle form,approved_dried_from_process,Dried moisture condition,not_in_role_cohort,,docs/decisions/0041-feed-material-structural-model.md;docs/decisions/0042-feed-process-and-material-state-axes.md,"Approved Grinding process supports broad comminuted-particle presentation; bulk consistency, moisture, particle size, and meal/powder subtype remain unspecified. Approved Drying process supports dried moisture condition without implying one presentation form. No reviewed product-role evidence in this structural cohort."
AOM_001988,Gliciridia sepium Leaves Ground,Forage Plants,true,false,true,approved_comminuted_form,Comminuted particle form,not_in_moisture_cohort,,not_in_role_cohort,,docs/decisions/0041-feed-material-structural-model.md;docs/decisions/0042-feed-process-and-material-state-axes.md,"Approved Grinding process supports broad comminuted-particle presentation; bulk consistency, moisture, particle size, and meal/powder subtype remain unspecified. No reviewed drying process or material-specific moisture evidence. No reviewed product-role evidence in this structural cohort."
AOM_001990,Macroptilium atropurpureum Leaves Dried Ensiled,Forage Plants,false,true,false,not_in_form_cohort,,approved_dried_from_process,Dried moisture condition,not_in_role_cohort,,docs/decisions/0041-feed-material-structural-model.md;docs/decisions/0042-feed-process-and-material-state-axes.md,No reviewed grinding result or governed presentation-form assertion. Approved Drying process supports dried moisture condition without implying one presentation form. No reviewed product-role evidence in this structural cohort.
AOM_001991,Macroptilium atropurpureum Dried,Forage Plants,false,true,false,not_in_form_cohort,,approved_dried_from_process,Dried moisture condition,not_in_role_cohort,,docs/decisions/0041-feed-material-structural-model.md;docs/decisions/0042-feed-process-and-material-state-axes.md,No reviewed grinding result or governed presentation-form assertion. Approved Drying process supports dried moisture condition without implying one presentation form. No reviewed product-role evidence in this structural cohort.
AOM_001992,Pterocarpus erinaceus Leaves Dried,Forage Plants,false,true,false,not_in_form_cohort,,approved_dried_from_process,Dried moisture condition,not_in_role_cohort,,docs/decisions/0041-feed-material-structural-model.md;docs/decisions/0042-feed-process-and-material-state-axes.md,No reviewed grinding result or governed presentation-form assertion. Approved Drying process supports dried moisture condition without implying one presentation form. No reviewed product-role evidence in this structural cohort.
AOM_001993,Vicia Dried Wilted,Forage Plants,false,true,false,not_in_form_cohort,,approved_dried_from_process,Dried moisture condition,not_in_role_cohort,,docs/decisions/0041-feed-material-structural-model.md;docs/decisions/0042-feed-process-and-material-state-axes.md,No reviewed grinding result or governed presentation-form assertion. Approved Drying process supports dried moisture condition without implying one presentation form. No reviewed product-role evidence in this structural cohort.
AOM_001994,Carboxymethyl Cellulose Dried Ground Heated,Other Ingredients,true,true,true,approved_comminuted_form,Comminuted particle form,approved_dried_from_process,Dried moisture condition,not_in_role_cohort,,docs/decisions/0041-feed-material-structural-model.md;docs/decisions/0042-feed-process-and-material-state-axes.md,"Approved Grinding process supports broad comminuted-particle presentation; bulk consistency, moisture, particle size, and meal/powder subtype remain unspecified. Approved Drying process supports dried moisture condition without implying one presentation form. No reviewed product-role evidence in this structural cohort."
AOM_001997,Toxynil Ground,Other Ingredients,true,false,true,approved_comminuted_form,Comminuted particle form,not_in_moisture_cohort,,not_in_role_cohort,,docs/decisions/0041-feed-material-structural-model.md;docs/decisions/0042-feed-process-and-material-state-axes.md,"Approved Grinding process supports broad comminuted-particle presentation; bulk consistency, moisture, particle size, and meal/powder subtype remain unspecified. No reviewed drying process or material-specific moisture evidence. No reviewed product-role evidence in this structural cohort."
AOM_002000,Noug Seed Cake,Crop Byproduct,false,false,false,not_in_form_cohort,,not_in_moisture_cohort,,approved_branch_to_role_translation,By-product role,docs/decisions/0041-feed-material-structural-model.md;docs/decisions/0042-feed-process-and-material-state-axes.md,No reviewed grinding result or governed presentation-form assertion. No reviewed drying process or material-specific moisture evidence. Canonical legacy by-product branch classification translated to explicit productRole; compatibility hierarchy retained.
AOM_002001,Clove Basil Leaves Extract Dried Ethanol Treated Ground,Supplement,true,true,true,approved_comminuted_form,Comminuted particle form,approved_dried_from_process,Dried moisture condition,not_in_role_cohort,,docs/decisions/0041-feed-material-structural-model.md;docs/decisions/0042-feed-process-and-material-state-axes.md,"Approved Grinding process supports broad comminuted-particle presentation; bulk consistency, moisture, particle size, and meal/powder subtype remain unspecified. Approved Drying process supports dried moisture condition without implying one presentation form. No reviewed product-role evidence in this structural cohort."
AOM_002002,Urtica dioica Dried Ground,Supplement,true,true,true,approved_comminuted_form,Comminuted particle form,approved_dried_from_process,Dried moisture condition,not_in_role_cohort,,docs/decisions/0041-feed-material-structural-model.md;docs/decisions/0042-feed-process-and-material-state-axes.md,"Approved Grinding process supports broad comminuted-particle presentation; bulk consistency, moisture, particle size, and meal/powder subtype remain unspecified. Approved Drying process supports dried moisture condition without implying one presentation form. No reviewed product-role evidence in this structural cohort."
AOM_002005,Danish Fish Ground,Animal,true,false,true,approved_comminuted_form,Comminuted particle form,not_in_moisture_cohort,,not_in_role_cohort,,docs/decisions/0041-feed-material-structural-model.md;docs/decisions/0042-feed-process-and-material-state-axes.md,"Approved Grinding process supports broad comminuted-particle presentation; bulk consistency, moisture, particle size, and meal/powder subtype remain unspecified. No reviewed drying process or material-specific moisture evidence. No reviewed product-role evidence in this structural cohort."
AOM_002006,Fish Ensiled,Animal,false,false,false,not_in_form_cohort,,not_in_moisture_cohort,,not_in_role_cohort,,docs/decisions/0041-feed-material-structural-model.md;docs/decisions/0042-feed-process-and-material-state-axes.md,No reviewed grinding result or governed presentation-form assertion. No reviewed drying process or material-specific moisture evidence. No reviewed product-role evidence in this structural cohort.
AOM_002007,Fish Oil Heated,Animal,false,false,false,not_in_form_cohort,,not_in_moisture_cohort,,not_in_role_cohort,,docs/decisions/0041-feed-material-structural-model.md;docs/decisions/0042-feed-process-and-material-state-axes.md,No reviewed grinding result or governed presentation-form assertion. No reviewed drying process or material-specific moisture evidence. No reviewed product-role evidence in this structural cohort.
AOM_002008,Fish Oil Dried Ground Heated,Animal,true,true,true,held_grinding_bulk_state_conflict,,approved_dried_from_process,Dried moisture condition,not_in_role_cohort,,docs/decisions/0041-feed-material-structural-model.md;docs/decisions/0042-feed-process-and-material-state-axes.md,Oil or molasses identity conflicts with automatic particulate-presentation inference; Grinding process assertion remains held for material-specific evidence review. Approved Drying process supports dried moisture condition without implying one presentation form. No reviewed product-role evidence in this structural cohort.
AOM_002009,Feather Boiled Dried Ground,Animal Byproduct,true,true,true,approved_comminuted_form,Comminuted particle form,approved_dried_from_process,Dried moisture condition,approved_branch_to_role_translation,By-product role,docs/decisions/0041-feed-material-structural-model.md;docs/decisions/0042-feed-process-and-material-state-axes.md,"Approved Grinding process supports broad comminuted-particle presentation; bulk consistency, moisture, particle size, and meal/powder subtype remain unspecified. Approved Drying process supports dried moisture condition without implying one presentation form. Canonical legacy by-product branch classification translated to explicit productRole; compatibility hierarchy retained."
AOM_002011,Cocoa Bean Shell Dried Ground,Crop Byproduct,true,true,true,approved_comminuted_form,Comminuted particle form,approved_dried_from_process,Dried moisture condition,approved_branch_to_role_translation,By-product role,docs/decisions/0041-feed-material-structural-model.md;docs/decisions/0042-feed-process-and-material-state-axes.md,"Approved Grinding process supports broad comminuted-particle presentation; bulk consistency, moisture, particle size, and meal/powder subtype remain unspecified. Approved Drying process supports dried moisture condition without implying one presentation form. Canonical legacy by-product branch classification translated to explicit productRole; compatibility hierarchy retained."
AOM_002012,Cocoa Pods Husk Boiled Dried Ground,Crop Byproduct,true,true,true,approved_comminuted_form,Comminuted particle form,approved_dried_from_process,Dried moisture condition,approved_branch_to_role_translation,By-product role,docs/decisions/0041-feed-material-structural-model.md;docs/decisions/0042-feed-process-and-material-state-axes.md,"Approved Grinding process supports broad comminuted-particle presentation; bulk consistency, moisture, particle size, and meal/powder subtype remain unspecified. Approved Drying process supports dried moisture condition without implying one presentation form. Canonical legacy by-product branch classification translated to explicit productRole; compatibility hierarchy retained."
AOM_002013,Barley Dried Ground,Crop Byproduct,true,true,true,approved_comminuted_form,Comminuted particle form,approved_dried_from_process,Dried moisture condition,approved_branch_to_role_translation,By-product role,docs/decisions/0041-feed-material-structural-model.md;docs/decisions/0042-feed-process-and-material-state-axes.md,"Approved Grinding process supports broad comminuted-particle presentation; bulk consistency, moisture, particle size, and meal/powder subtype remain unspecified. Approved Drying process supports dried moisture condition without implying one presentation form. Canonical legacy by-product branch classification translated to explicit productRole; compatibility hierarchy retained."
AOM_002015,Unspecified Bran Dried Ground,Crop Byproduct,true,true,true,approved_comminuted_form,Comminuted particle form,approved_dried_from_process,Dried moisture condition,approved_branch_to_role_translation,By-product role,docs/decisions/0041-feed-material-structural-model.md;docs/decisions/0042-feed-process-and-material-state-axes.md,"Approved Grinding process supports broad comminuted-particle presentation; bulk consistency, moisture, particle size, and meal/powder subtype remain unspecified. Approved Drying process supports dried moisture condition without implying one presentation form. Canonical legacy by-product branch classification translated to explicit productRole; compatibility hierarchy retained."
AOM_002016,Maize Bran Dried Ground,Crop Byproduct,true,true,true,approved_comminuted_form,Comminuted particle form,approved_dried_from_process,Dried moisture condition,approved_branch_to_role_translation,By-product role,docs/decisions/0041-feed-material-structural-model.md;docs/decisions/0042-feed-process-and-material-state-axes.md,"Approved Grinding process supports broad comminuted-particle presentation; bulk consistency, moisture, particle size, and meal/powder subtype remain unspecified. Approved Drying process supports dried moisture condition without implying one presentation form. Canonical legacy by-product branch classification translated to explicit productRole; compatibility hierarchy retained."
AOM_002017,Wheat Grain Ground,Crop Byproduct,true,false,true,approved_comminuted_form,Comminuted particle form,not_in_moisture_cohort,,approved_branch_to_role_translation,By-product role,docs/decisions/0041-feed-material-structural-model.md;docs/decisions/0042-feed-process-and-material-state-axes.md,"Approved Grinding process supports broad comminuted-particle presentation; bulk consistency, moisture, particle size, and meal/powder subtype remain unspecified. No reviewed drying process or material-specific moisture evidence. Canonical legacy by-product branch classification translated to explicit productRole; compatibility hierarchy retained."
AOM_002018,Cowpea Haulm Dried Ground,Crop Byproduct,true,true,true,approved_comminuted_form,Comminuted particle form,approved_dried_from_process,Dried moisture condition,approved_branch_to_role_translation,By-product role,docs/decisions/0041-feed-material-structural-model.md;docs/decisions/0042-feed-process-and-material-state-axes.md,"Approved Grinding process supports broad comminuted-particle presentation; bulk consistency, moisture, particle size, and meal/powder subtype remain unspecified. Approved Drying process supports dried moisture condition without implying one presentation form. Canonical legacy by-product branch classification translated to explicit productRole; compatibility hierarchy retained."
AOM_002019,Cowpea Husk Ground,Crop Byproduct,true,false,true,approved_comminuted_form,Comminuted particle form,not_in_moisture_cohort,,approved_branch_to_role_translation,By-product role,docs/decisions/0041-feed-material-structural-model.md;docs/decisions/0042-feed-process-and-material-state-axes.md,"Approved Grinding process supports broad comminuted-particle presentation; bulk consistency, moisture, particle size, and meal/powder subtype remain unspecified. No reviewed drying process or material-specific moisture evidence. Canonical legacy by-product branch classification translated to explicit productRole; compatibility hierarchy retained."
AOM_002020,Soybean Dried Fermented,Crop Byproduct,false,true,false,not_in_form_cohort,,approved_dried_from_process,Dried moisture condition,approved_branch_to_role_translation,By-product role,docs/decisions/0041-feed-material-structural-model.md;docs/decisions/0042-feed-process-and-material-state-axes.md,No reviewed grinding result or governed presentation-form assertion. Approved Drying process supports dried moisture condition without implying one presentation form. Canonical legacy by-product branch classification translated to explicit productRole; compatibility hierarchy retained.
AOM_002021,Soybean Cake Ground,Crop Byproduct,true,false,true,approved_comminuted_form,Comminuted particle form,not_in_moisture_cohort,,approved_branch_to_role_translation,By-product role,docs/decisions/0041-feed-material-structural-model.md;docs/decisions/0042-feed-process-and-material-state-axes.md,"Approved Grinding process supports broad comminuted-particle presentation; bulk consistency, moisture, particle size, and meal/powder subtype remain unspecified. No reviewed drying process or material-specific moisture evidence. Canonical legacy by-product branch classification translated to explicit productRole; compatibility hierarchy retained."
AOM_002026,Cassava Leaves Ground,Crop Byproduct,true,false,true,approved_comminuted_form,Comminuted particle form,not_in_moisture_cohort,,approved_branch_to_role_translation,By-product role,docs/decisions/0041-feed-material-structural-model.md;docs/decisions/0042-feed-process-and-material-state-axes.md,"Approved Grinding process supports broad comminuted-particle presentation; bulk consistency, moisture, particle size, and meal/powder subtype remain unspecified. No reviewed drying process or material-specific moisture evidence. Canonical legacy by-product branch classification translated to explicit productRole; compatibility hierarchy retained."
AOM_002027,Cassava Peel Ground,Crop Byproduct,true,false,false,approved_comminuted_form,Comminuted particle form,not_in_moisture_cohort,,approved_branch_to_role_translation,By-product role,docs/decisions/0041-feed-material-structural-model.md;docs/decisions/0042-feed-process-and-material-state-axes.md,"Approved Grinding process supports broad comminuted-particle presentation; bulk consistency, moisture, particle size, and meal/powder subtype remain unspecified. No reviewed drying process or material-specific moisture evidence. Canonical legacy by-product branch classification translated to explicit productRole; compatibility hierarchy retained."
AOM_002029,Cassava Shaft Ground,Crop Byproduct,true,false,false,approved_comminuted_form,Comminuted particle form,not_in_moisture_cohort,,approved_branch_to_role_translation,By-product role,docs/decisions/0041-feed-material-structural-model.md;docs/decisions/0042-feed-process-and-material-state-axes.md,"Approved Grinding process supports broad comminuted-particle presentation; bulk consistency, moisture, particle size, and meal/powder subtype remain unspecified. No reviewed drying process or material-specific moisture evidence. Canonical legacy by-product branch classification translated to explicit productRole; compatibility hierarchy retained."
AOM_002030,Yam Peels Dried Ground,Crop Byproduct,true,true,false,approved_comminuted_form,Comminuted particle form,approved_dried_from_process,Dried moisture condition,approved_branch_to_role_translation,By-product role,docs/decisions/0041-feed-material-structural-model.md;docs/decisions/0042-feed-process-and-material-state-axes.md,"Approved Grinding process supports broad comminuted-particle presentation; bulk consistency, moisture, particle size, and meal/powder subtype remain unspecified. Approved Drying process supports dried moisture condition without implying one presentation form. Canonical legacy by-product branch classification translated to explicit productRole; compatibility hierarchy retained."
AOM_002031,Maize Dried Ground Heated,Crop Product,true,true,false,approved_comminuted_form,Comminuted particle form,approved_dried_from_process,Dried moisture condition,not_in_role_cohort,,docs/decisions/0041-feed-material-structural-model.md;docs/decisions/0042-feed-process-and-material-state-axes.md,"Approved Grinding process supports broad comminuted-particle presentation; bulk consistency, moisture, particle size, and meal/powder subtype remain unspecified. Approved Drying process supports dried moisture condition without implying one presentation form. No reviewed product-role evidence in this structural cohort."
AOM_002032,Breadfruit Dried Ground,Crop Product,true,true,false,approved_comminuted_form,Comminuted particle form,approved_dried_from_process,Dried moisture condition,not_in_role_cohort,,docs/decisions/0041-feed-material-structural-model.md;docs/decisions/0042-feed-process-and-material-state-axes.md,"Approved Grinding process supports broad comminuted-particle presentation; bulk consistency, moisture, particle size, and meal/powder subtype remain unspecified. Approved Drying process supports dried moisture condition without implying one presentation form. No reviewed product-role evidence in this structural cohort."
AOM_002033,Soybean Full Fat Ground,Crop Product,true,false,true,approved_comminuted_form,Comminuted particle form,not_in_moisture_cohort,,not_in_role_cohort,,docs/decisions/0041-feed-material-structural-model.md;docs/decisions/0042-feed-process-and-material-state-axes.md,"Approved Grinding process supports broad comminuted-particle presentation; bulk consistency, moisture, particle size, and meal/powder subtype remain unspecified. No reviewed drying process or material-specific moisture evidence. No reviewed product-role evidence in this structural cohort."
AOM_002034,Cassava Tuber Dried Grated Fermented Peeled,Crop Product,false,true,false,not_in_form_cohort,,approved_dried_from_process,Dried moisture condition,not_in_role_cohort,,docs/decisions/0041-feed-material-structural-model.md;docs/decisions/0042-feed-process-and-material-state-axes.md,No reviewed grinding result or governed presentation-form assertion. Approved Drying process supports dried moisture condition without implying one presentation form. No reviewed product-role evidence in this structural cohort.
AOM_002035,Cassava Tuber Boiled Dried Ground,Crop Product,true,true,true,approved_comminuted_form,Comminuted particle form,approved_dried_from_process,Dried moisture condition,not_in_role_cohort,,docs/decisions/0041-feed-material-structural-model.md;docs/decisions/0042-feed-process-and-material-state-axes.md,"Approved Grinding process supports broad comminuted-particle presentation; bulk consistency, moisture, particle size, and meal/powder subtype remain unspecified. Approved Drying process supports dried moisture condition without implying one presentation form. No reviewed product-role evidence in this structural cohort."
AOM_002036,Fluted Pumpkin Leaves Dried Ground,Crop Product,true,true,true,approved_comminuted_form,Comminuted particle form,approved_dried_from_process,Dried moisture condition,not_in_role_cohort,,docs/decisions/0041-feed-material-structural-model.md;docs/decisions/0042-feed-process-and-material-state-axes.md,"Approved Grinding process supports broad comminuted-particle presentation; bulk consistency, moisture, particle size, and meal/powder subtype remain unspecified. Approved Drying process supports dried moisture condition without implying one presentation form. No reviewed product-role evidence in this structural cohort."
AOM_002037,Lemna Dried,Forage Plants,false,true,false,not_in_form_cohort,,approved_dried_from_process,Dried moisture condition,not_in_role_cohort,,docs/decisions/0041-feed-material-structural-model.md;docs/decisions/0042-feed-process-and-material-state-axes.md,No reviewed grinding result or governed presentation-form assertion. Approved Drying process supports dried moisture condition without implying one presentation form. No reviewed product-role evidence in this structural cohort.
AOM_002038,Combretum aculeatum,Forage Plants,false,false,false,not_in_form_cohort,,not_in_moisture_cohort,,not_in_role_cohort,,docs/decisions/0041-feed-material-structural-model.md;docs/decisions/0042-feed-process-and-material-state-axes.md,No reviewed grinding result or governed presentation-form assertion. No reviewed drying process or material-specific moisture evidence. No reviewed product-role evidence in this structural cohort.
AOM_002039,Megathyrsus maximus Bran,Forage Plants,false,false,false,not_in_form_cohort,,not_in_moisture_cohort,,not_in_role_cohort,,docs/decisions/0041-feed-material-structural-model.md;docs/decisions/0042-feed-process-and-material-state-axes.md,No reviewed grinding result or governed presentation-form assertion. No reviewed drying process or material-specific moisture evidence. No reviewed product-role evidence in this structural cohort.
AOM_002040,Pennisetum clandestinum Leaves,Forage Plants,false,false,false,not_in_form_cohort,,not_in_moisture_cohort,,not_in_role_cohort,,docs/decisions/0041-feed-material-structural-model.md;docs/decisions/0042-feed-process-and-material-state-axes.md,No reviewed grinding result or governed presentation-form assertion. No reviewed drying process or material-specific moisture evidence. No reviewed product-role evidence in this structural cohort.
AOM_002041,Acacia sieberiana Pods,Forage Plants,false,false,false,not_in_form_cohort,,not_in_moisture_cohort,,not_in_role_cohort,,docs/decisions/0041-feed-material-structural-model.md;docs/decisions/0042-feed-process-and-material-state-axes.md,No reviewed grinding result or governed presentation-form assertion. No reviewed drying process or material-specific moisture evidence. No reviewed product-role evidence in this structural cohort.
AOM_002042,Acacia sieberiana Pods Dried,Forage Plants,false,true,false,not_in_form_cohort,,approved_dried_from_process,Dried moisture condition,not_in_role_cohort,,docs/decisions/0041-feed-material-structural-model.md;docs/decisions/0042-feed-process-and-material-state-axes.md,No reviewed grinding result or governed presentation-form assertion. Approved Drying process supports dried moisture condition without implying one presentation form. No reviewed product-role evidence in this structural cohort.
AOM_002043,Acacia sieberiana Pods Dried Ground,Forage Plants,true,true,true,approved_comminuted_form,Comminuted particle form,approved_dried_from_process,Dried moisture condition,not_in_role_cohort,,docs/decisions/0041-feed-material-structural-model.md;docs/decisions/0042-feed-process-and-material-state-axes.md,"Approved Grinding process supports broad comminuted-particle presentation; bulk consistency, moisture, particle size, and meal/powder subtype remain unspecified. Approved Drying process supports dried moisture condition without implying one presentation form. No reviewed product-role evidence in this structural cohort."
AOM_002044,Acacia tortilis Leaves Dried Ground,Forage Plants,true,true,true,approved_comminuted_form,Comminuted particle form,approved_dried_from_process,Dried moisture condition,not_in_role_cohort,,docs/decisions/0041-feed-material-structural-model.md;docs/decisions/0042-feed-process-and-material-state-axes.md,"Approved Grinding process supports broad comminuted-particle presentation; bulk consistency, moisture, particle size, and meal/powder subtype remain unspecified. Approved Drying process supports dried moisture condition without implying one presentation form. No reviewed product-role evidence in this structural cohort."
AOM_002046,Afzelia africana Dried,Forage Plants,false,true,false,not_in_form_cohort,,approved_dried_from_process,Dried moisture condition,not_in_role_cohort,,docs/decisions/0041-feed-material-structural-model.md;docs/decisions/0042-feed-process-and-material-state-axes.md,No reviewed grinding result or governed presentation-form assertion. Approved Drying process supports dried moisture condition without implying one presentation form. No reviewed product-role evidence in this structural cohort.
AOM_002047,Atriplex nummularia Dried Ground,Forage Plants,true,true,true,approved_comminuted_form,Comminuted particle form,approved_dried_from_process,Dried moisture condition,not_in_role_cohort,,docs/decisions/0041-feed-material-structural-model.md;docs/decisions/0042-feed-process-and-material-state-axes.md,"Approved Grinding process supports broad comminuted-particle presentation; bulk consistency, moisture, particle size, and meal/powder subtype remain unspecified. Approved Drying process supports dried moisture condition without implying one presentation form. No reviewed product-role evidence in this structural cohort."
AOM_002048,Calliandra calothyrsus Leaves Dried Ensiled,Forage Plants,false,true,false,not_in_form_cohort,,approved_dried_from_process,Dried moisture condition,not_in_role_cohort,,docs/decisions/0041-feed-material-structural-model.md;docs/decisions/0042-feed-process-and-material-state-axes.md,No reviewed grinding result or governed presentation-form assertion. Approved Drying process supports dried moisture condition without implying one presentation form. No reviewed product-role evidence in this structural cohort.
AOM_002049,Faidherbia albida Pods,Forage Plants,false,false,false,not_in_form_cohort,,not_in_moisture_cohort,,not_in_role_cohort,,docs/decisions/0041-feed-material-structural-model.md;docs/decisions/0042-feed-process-and-material-state-axes.md,No reviewed grinding result or governed presentation-form assertion. No reviewed drying process or material-specific moisture evidence. No reviewed product-role evidence in this structural cohort.
AOM_00205,Soybean Haulm,Crop Byproduct,false,false,false,not_in_form_cohort,,not_in_moisture_cohort,,approved_existing_role,Crop-residue role,docs/decisions/0041-feed-material-structural-model.md;docs/decisions/0042-feed-process-and-material-state-axes.md,No reviewed grinding result or governed presentation-form assertion. No reviewed drying process or material-specific moisture evidence. Existing reviewed product-role assertion remains authoritative.
AOM_002050,Faidherbia albida Pods Ground,Forage Plants,true,false,true,approved_comminuted_form,Comminuted particle form,not_in_moisture_cohort,,not_in_role_cohort,,docs/decisions/0041-feed-material-structural-model.md;docs/decisions/0042-feed-process-and-material-state-axes.md,"Approved Grinding process supports broad comminuted-particle presentation; bulk consistency, moisture, particle size, and meal/powder subtype remain unspecified. No reviewed drying process or material-specific moisture evidence. No reviewed product-role evidence in this structural cohort."
AOM_002051,Faidherbia albida Pods Dried Ground Soaked,Forage Plants,true,true,false,approved_comminuted_form,Comminuted particle form,approved_dried_from_process,Dried moisture condition,not_in_role_cohort,,docs/decisions/0041-feed-material-structural-model.md;docs/decisions/0042-feed-process-and-material-state-axes.md,"Approved Grinding process supports broad comminuted-particle presentation; bulk consistency, moisture, particle size, and meal/powder subtype remain unspecified. Approved Drying process supports dried moisture condition without implying one presentation form. No reviewed product-role evidence in this structural cohort."
AOM_002052,Ficus natalensis,Forage Plants,false,false,false,not_in_form_cohort,,not_in_moisture_cohort,,not_in_role_cohort,,docs/decisions/0041-feed-material-structural-model.md;docs/decisions/0042-feed-process-and-material-state-axes.md,No reviewed grinding result or governed presentation-form assertion. No reviewed drying process or material-specific moisture evidence. No reviewed product-role evidence in this structural cohort.
AOM_002053,Ficus natalensis Leaves,Forage Plants,false,false,false,not_in_form_cohort,,not_in_moisture_cohort,,not_in_role_cohort,,docs/decisions/0041-feed-material-structural-model.md;docs/decisions/0042-feed-process-and-material-state-axes.md,No reviewed grinding result or governed presentation-form assertion. No reviewed drying process or material-specific moisture evidence. No reviewed product-role evidence in this structural cohort.
AOM_002054,Ficus polita,Forage Plants,false,false,false,not_in_form_cohort,,not_in_moisture_cohort,,not_in_role_cohort,,docs/decisions/0041-feed-material-structural-model.md;docs/decisions/0042-feed-process-and-material-state-axes.md,No reviewed grinding result or governed presentation-form assertion. No reviewed drying process or material-specific moisture evidence. No reviewed product-role evidence in this structural cohort.
AOM_002055,Jatropha curcas Cake Dried Ground,Forage Plants,true,true,true,approved_comminuted_form,Comminuted particle form,approved_dried_from_process,Dried moisture condition,not_in_role_cohort,,docs/decisions/0041-feed-material-structural-model.md;docs/decisions/0042-feed-process-and-material-state-axes.md,"Approved Grinding process supports broad comminuted-particle presentation; bulk consistency, moisture, particle size, and meal/powder subtype remain unspecified. Approved Drying process supports dried moisture condition without implying one presentation form. No reviewed product-role evidence in this structural cohort."
AOM_002056,Opuntia ficus indica Cladode Ground,Forage Plants,true,false,true,approved_comminuted_form,Comminuted particle form,not_in_moisture_cohort,,not_in_role_cohort,,docs/decisions/0041-feed-material-structural-model.md;docs/decisions/0042-feed-process-and-material-state-axes.md,"Approved Grinding process supports broad comminuted-particle presentation; bulk consistency, moisture, particle size, and meal/powder subtype remain unspecified. No reviewed drying process or material-specific moisture evidence. No reviewed product-role evidence in this structural cohort."
AOM_002057,Opuntia ficus indica Cladode Dried Ground,Forage Plants,true,true,true,approved_comminuted_form,Comminuted particle form,approved_dried_from_process,Dried moisture condition,not_in_role_cohort,,docs/decisions/0041-feed-material-structural-model.md;docs/decisions/0042-feed-process-and-material-state-axes.md,"Approved Grinding process supports broad comminuted-particle presentation; bulk consistency, moisture, particle size, and meal/powder subtype remain unspecified. Approved Drying process supports dried moisture condition without implying one presentation form. No reviewed product-role evidence in this structural cohort."
AOM_002058,Stereospermum kunthianum,Forage Plants,false,false,false,not_in_form_cohort,,not_in_moisture_cohort,,not_in_role_cohort,,docs/decisions/0041-feed-material-structural-model.md;docs/decisions/0042-feed-process-and-material-state-axes.md,No reviewed grinding result or governed presentation-form assertion. No reviewed drying process or material-specific moisture evidence. No reviewed product-role evidence in this structural cohort.
AOM_002059,Terminalia sericea,Forage Plants,false,false,false,not_in_form_cohort,,not_in_moisture_cohort,,not_in_role_cohort,,docs/decisions/0041-feed-material-structural-model.md;docs/decisions/0042-feed-process-and-material-state-axes.md,No reviewed grinding result or governed presentation-form assertion. No reviewed drying process or material-specific moisture evidence. No reviewed product-role evidence in this structural cohort.
AOM_002060,Vitex simplex,Forage Plants,false,false,false,not_in_form_cohort,,not_in_moisture_cohort,,not_in_role_cohort,,docs/decisions/0041-feed-material-structural-model.md;docs/decisions/0042-feed-process-and-material-state-axes.md,No reviewed grinding result or governed presentation-form assertion. No reviewed drying process or material-specific moisture evidence. No reviewed product-role evidence in this structural cohort.
AOM_002061,Albizia gummifera,Forage Plants,false,false,false,not_in_form_cohort,,not_in_moisture_cohort,,not_in_role_cohort,,docs/decisions/0041-feed-material-structural-model.md;docs/decisions/0042-feed-process-and-material-state-axes.md,No reviewed grinding result or governed presentation-form assertion. No reviewed drying process or material-specific moisture evidence. No reviewed product-role evidence in this structural cohort.
AOM_002062,Albizia gummifera Dried,Forage Plants,false,true,false,not_in_form_cohort,,approved_dried_from_process,Dried moisture condition,not_in_role_cohort,,docs/decisions/0041-feed-material-structural-model.md;docs/decisions/0042-feed-process-and-material-state-axes.md,No reviewed grinding result or governed presentation-form assertion. Approved Drying process supports dried moisture condition without implying one presentation form. No reviewed product-role evidence in this structural cohort.
AOM_002063,Albizia lebbeck,Forage Plants,false,false,false,not_in_form_cohort,,not_in_moisture_cohort,,not_in_role_cohort,,docs/decisions/0041-feed-material-structural-model.md;docs/decisions/0042-feed-process-and-material-state-axes.md,No reviewed grinding result or governed presentation-form assertion. No reviewed drying process or material-specific moisture evidence. No reviewed product-role evidence in this structural cohort.
AOM_002064,Albizia lebbeck Leaves,Forage Plants,false,false,false,not_in_form_cohort,,not_in_moisture_cohort,,not_in_role_cohort,,docs/decisions/0041-feed-material-structural-model.md;docs/decisions/0042-feed-process-and-material-state-axes.md,No reviewed grinding result or governed presentation-form assertion. No reviewed drying process or material-specific moisture evidence. No reviewed product-role evidence in this structural cohort.
AOM_002065,Albizia lebbeck Leaves Ground,Forage Plants,true,false,true,approved_comminuted_form,Comminuted particle form,not_in_moisture_cohort,,not_in_role_cohort,,docs/decisions/0041-feed-material-structural-model.md;docs/decisions/0042-feed-process-and-material-state-axes.md,"Approved Grinding process supports broad comminuted-particle presentation; bulk consistency, moisture, particle size, and meal/powder subtype remain unspecified. No reviewed drying process or material-specific moisture evidence. No reviewed product-role evidence in this structural cohort."
AOM_002066,Centrosema pubescens Dried Ground,Forage Plants,true,true,true,approved_comminuted_form,Comminuted particle form,approved_dried_from_process,Dried moisture condition,not_in_role_cohort,,docs/decisions/0041-feed-material-structural-model.md;docs/decisions/0042-feed-process-and-material-state-axes.md,"Approved Grinding process supports broad comminuted-particle presentation; bulk consistency, moisture, particle size, and meal/powder subtype remain unspecified. Approved Drying process supports dried moisture condition without implying one presentation form. No reviewed product-role evidence in this structural cohort."
AOM_002067,Delonix elata Dried,Forage Plants,false,true,false,not_in_form_cohort,,approved_dried_from_process,Dried moisture condition,not_in_role_cohort,,docs/decisions/0041-feed-material-structural-model.md;docs/decisions/0042-feed-process-and-material-state-axes.md,No reviewed grinding result or governed presentation-form assertion. Approved Drying process supports dried moisture condition without implying one presentation form. No reviewed product-role evidence in this structural cohort.
AOM_002069,Eucalyptus alba,Forage Plants,false,false,false,not_in_form_cohort,,not_in_moisture_cohort,,not_in_role_cohort,,docs/decisions/0041-feed-material-structural-model.md;docs/decisions/0042-feed-process-and-material-state-axes.md,No reviewed grinding result or governed presentation-form assertion. No reviewed drying process or material-specific moisture evidence. No reviewed product-role evidence in this structural cohort.
AOM_002070,Cellulose Ground,Other Ingredients,true,false,true,approved_comminuted_form,Comminuted particle form,not_in_moisture_cohort,,not_in_role_cohort,,docs/decisions/0041-feed-material-structural-model.md;docs/decisions/0042-feed-process-and-material-state-axes.md,"Approved Grinding process supports broad comminuted-particle presentation; bulk consistency, moisture, particle size, and meal/powder subtype remain unspecified. No reviewed drying process or material-specific moisture evidence. No reviewed product-role evidence in this structural cohort."
AOM_002071,Cellulose Dried Ground Heated,Other Ingredients,true,true,true,approved_comminuted_form,Comminuted particle form,approved_dried_from_process,Dried moisture condition,not_in_role_cohort,,docs/decisions/0041-feed-material-structural-model.md;docs/decisions/0042-feed-process-and-material-state-axes.md,"Approved Grinding process supports broad comminuted-particle presentation; bulk consistency, moisture, particle size, and meal/powder subtype remain unspecified. Approved Drying process supports dried moisture condition without implying one presentation form. No reviewed product-role evidence in this structural cohort."
AOM_002072,Chromium Oxide Ground,Other Ingredients,true,false,true,approved_comminuted_form,Comminuted particle form,not_in_moisture_cohort,,not_in_role_cohort,,docs/decisions/0041-feed-material-structural-model.md;docs/decisions/0042-feed-process-and-material-state-axes.md,"Approved Grinding process supports broad comminuted-particle presentation; bulk consistency, moisture, particle size, and meal/powder subtype remain unspecified. No reviewed drying process or material-specific moisture evidence. No reviewed product-role evidence in this structural cohort."
AOM_002074,Dicalcium Phosphate Ground,Supplement,true,false,true,approved_comminuted_form,Comminuted particle form,not_in_moisture_cohort,,not_in_role_cohort,,docs/decisions/0041-feed-material-structural-model.md;docs/decisions/0042-feed-process-and-material-state-axes.md,"Approved Grinding process supports broad comminuted-particle presentation; bulk consistency, moisture, particle size, and meal/powder subtype remain unspecified. No reviewed drying process or material-specific moisture evidence. No reviewed product-role evidence in this structural cohort."
AOM_002077,Skimmed Milk Powder,Animal,false,false,false,approved_existing_specific_form,Powder form,not_in_moisture_cohort,,not_in_role_cohort,,docs/decisions/0041-feed-material-structural-model.md;docs/decisions/0042-feed-process-and-material-state-axes.md,Existing reviewed presentation-form assertion remains authoritative. No reviewed drying process or material-specific moisture evidence. No reviewed product-role evidence in this structural cohort.
AOM_002078,Egg,Animal Byproduct,false,false,false,not_in_form_cohort,,not_in_moisture_cohort,,approved_branch_to_role_translation,By-product role,docs/decisions/0041-feed-material-structural-model.md;docs/decisions/0042-feed-process-and-material-state-axes.md,No reviewed grinding result or governed presentation-form assertion. No reviewed drying process or material-specific moisture evidence. Canonical legacy by-product branch classification translated to explicit productRole; compatibility hierarchy retained.
AOM_002079,Egg Boiled Dried Ground,Animal Byproduct,true,true,true,approved_comminuted_form,Comminuted particle form,approved_dried_from_process,Dried moisture condition,approved_branch_to_role_translation,By-product role,docs/decisions/0041-feed-material-structural-model.md;docs/decisions/0042-feed-process-and-material-state-axes.md,"Approved Grinding process supports broad comminuted-particle presentation; bulk consistency, moisture, particle size, and meal/powder subtype remain unspecified. Approved Drying process supports dried moisture condition without implying one presentation form. Canonical legacy by-product branch classification translated to explicit productRole; compatibility hierarchy retained."
AOM_002080,Lard,Animal Byproduct,false,false,false,not_in_form_cohort,,not_in_moisture_cohort,,approved_branch_to_role_translation,By-product role,docs/decisions/0041-feed-material-structural-model.md;docs/decisions/0042-feed-process-and-material-state-axes.md,No reviewed grinding result or governed presentation-form assertion. No reviewed drying process or material-specific moisture evidence. Canonical legacy by-product branch classification translated to explicit productRole; compatibility hierarchy retained.
AOM_002081,Mixed Marine Hydrolysate,Animal Byproduct,false,false,false,approved_existing_specific_form,Mixed presentation,not_in_moisture_cohort,,approved_existing_role,By-product role,docs/decisions/0041-feed-material-structural-model.md;docs/decisions/0042-feed-process-and-material-state-axes.md,Existing reviewed presentation-form assertion remains authoritative. No reviewed drying process or material-specific moisture evidence. Existing reviewed product-role assertion remains authoritative.
AOM_002082,Shrimp Hydrolysate,Animal Byproduct,false,false,false,not_in_form_cohort,,not_in_moisture_cohort,,approved_branch_to_role_translation,By-product role,docs/decisions/0041-feed-material-structural-model.md;docs/decisions/0042-feed-process-and-material-state-axes.md,No reviewed grinding result or governed presentation-form assertion. No reviewed drying process or material-specific moisture evidence. Canonical legacy by-product branch classification translated to explicit productRole; compatibility hierarchy retained.
AOM_002083,Maize Cob Ensiled Urea Treated,Crop Byproduct,false,false,false,not_in_form_cohort,,not_in_moisture_cohort,,approved_branch_to_role_translation,By-product role,docs/decisions/0041-feed-material-structural-model.md;docs/decisions/0042-feed-process-and-material-state-axes.md,No reviewed grinding result or governed presentation-form assertion. No reviewed drying process or material-specific moisture evidence. Canonical legacy by-product branch classification translated to explicit productRole; compatibility hierarchy retained.
AOM_002084,Spent Rice Straw,Crop Byproduct,false,false,false,not_in_form_cohort,,not_in_moisture_cohort,,approved_branch_to_role_translation,By-product role,docs/decisions/0041-feed-material-structural-model.md;docs/decisions/0042-feed-process-and-material-state-axes.md,No reviewed grinding result or governed presentation-form assertion. No reviewed drying process or material-specific moisture evidence. Canonical legacy by-product branch classification translated to explicit productRole; compatibility hierarchy retained.
AOM_002086,Sorghum Sprout Dried Ground,Crop Byproduct,true,true,true,approved_comminuted_form,Comminuted particle form,approved_dried_from_process,Dried moisture condition,approved_branch_to_role_translation,By-product role,docs/decisions/0041-feed-material-structural-model.md;docs/decisions/0042-feed-process-and-material-state-axes.md,"Approved Grinding process supports broad comminuted-particle presentation; bulk consistency, moisture, particle size, and meal/powder subtype remain unspecified. Approved Drying process supports dried moisture condition without implying one presentation form. Canonical legacy by-product branch classification translated to explicit productRole; compatibility hierarchy retained."
AOM_002087,Prosopis Pods Ground,Forage Plants,true,false,true,approved_comminuted_form,Comminuted particle form,not_in_moisture_cohort,,not_in_role_cohort,,docs/decisions/0041-feed-material-structural-model.md;docs/decisions/0042-feed-process-and-material-state-axes.md,"Approved Grinding process supports broad comminuted-particle presentation; bulk consistency, moisture, particle size, and meal/powder subtype remain unspecified. No reviewed drying process or material-specific moisture evidence. No reviewed product-role evidence in this structural cohort."
AOM_002088,Alfalfa Pods,Forage Plants,false,false,false,not_in_form_cohort,,not_in_moisture_cohort,,not_in_role_cohort,,docs/decisions/0041-feed-material-structural-model.md;docs/decisions/0042-feed-process-and-material-state-axes.md,No reviewed grinding result or governed presentation-form assertion. No reviewed drying process or material-specific moisture evidence. No reviewed product-role evidence in this structural cohort.
AOM_002089,Alfalfa Pods Dried,Forage Plants,false,true,false,not_in_form_cohort,,approved_dried_from_process,Dried moisture condition,not_in_role_cohort,,docs/decisions/0041-feed-material-structural-model.md;docs/decisions/0042-feed-process-and-material-state-axes.md,No reviewed grinding result or governed presentation-form assertion. Approved Drying process supports dried moisture condition without implying one presentation form. No reviewed product-role evidence in this structural cohort.
AOM_002090,Harrisonia abyssinica leaves,Forage Plants,false,false,false,not_in_form_cohort,,not_in_moisture_cohort,,not_in_role_cohort,,docs/decisions/0041-feed-material-structural-model.md;docs/decisions/0042-feed-process-and-material-state-axes.md,No reviewed grinding result or governed presentation-form assertion. No reviewed drying process or material-specific moisture evidence. No reviewed product-role evidence in this structural cohort.
AOM_002091,Cassava Binder,Other Ingredients,false,false,false,not_in_form_cohort,,not_in_moisture_cohort,,approved_existing_role,Binder role,docs/decisions/0041-feed-material-structural-model.md;docs/decisions/0042-feed-process-and-material-state-axes.md,No reviewed grinding result or governed presentation-form assertion. No reviewed drying process or material-specific moisture evidence. Existing reviewed product-role assertion remains authoritative.
AOM_002092,Walnut Leaves,Crop Byproduct,false,false,false,not_in_form_cohort,,not_in_moisture_cohort,,approved_branch_to_role_translation,By-product role,docs/decisions/0041-feed-material-structural-model.md;docs/decisions/0042-feed-process-and-material-state-axes.md,No reviewed grinding result or governed presentation-form assertion. No reviewed drying process or material-specific moisture evidence. Canonical legacy by-product branch classification translated to explicit productRole; compatibility hierarchy retained.
AOM_002093,Walnut Leaves Dried Ethanol Treated Ground,Crop Byproduct,true,true,false,approved_comminuted_form,Comminuted particle form,approved_dried_from_process,Dried moisture condition,approved_branch_to_role_translation,By-product role,docs/decisions/0041-feed-material-structural-model.md;docs/decisions/0042-feed-process-and-material-state-axes.md,"Approved Grinding process supports broad comminuted-particle presentation; bulk consistency, moisture, particle size, and meal/powder subtype remain unspecified. Approved Drying process supports dried moisture condition without implying one presentation form. Canonical legacy by-product branch classification translated to explicit productRole; compatibility hierarchy retained."
AOM_002097,Fish Mix,Preformulated Feed,false,false,false,not_in_form_cohort,,not_in_moisture_cohort,,not_in_role_cohort,,docs/decisions/0041-feed-material-structural-model.md;docs/decisions/0042-feed-process-and-material-state-axes.md,No reviewed grinding result or governed presentation-form assertion. No reviewed drying process or material-specific moisture evidence. No reviewed product-role evidence in this structural cohort.
AOM_002098,Poultry Feed,Preformulated Feed,false,false,false,not_in_form_cohort,,not_in_moisture_cohort,,not_in_role_cohort,,docs/decisions/0041-feed-material-structural-model.md;docs/decisions/0042-feed-process-and-material-state-axes.md,No reviewed grinding result or governed presentation-form assertion. No reviewed drying process or material-specific moisture evidence. No reviewed product-role evidence in this structural cohort.
AOM_002100,Khaya senegalensis Leaves,Forage Plants,false,false,false,not_in_form_cohort,,not_in_moisture_cohort,,not_in_role_cohort,,docs/decisions/0041-feed-material-structural-model.md;docs/decisions/0042-feed-process-and-material-state-axes.md,No reviewed grinding result or governed presentation-form assertion. No reviewed drying process or material-specific moisture evidence. No reviewed product-role evidence in this structural cohort.
AOM_002101,Sweet Potato Peels,Crop Byproduct,false,false,false,not_in_form_cohort,,not_in_moisture_cohort,,approved_branch_to_role_translation,By-product role,docs/decisions/0041-feed-material-structural-model.md;docs/decisions/0042-feed-process-and-material-state-axes.md,No reviewed grinding result or governed presentation-form assertion. No reviewed drying process or material-specific moisture evidence. Canonical legacy by-product branch classification translated to explicit productRole; compatibility hierarchy retained.
AOM_002102,Coconut Cake,Crop Byproduct,false,false,false,approved_existing_specific_form,Cake form,not_in_moisture_cohort,,approved_branch_to_role_translation,By-product role,docs/decisions/0041-feed-material-structural-model.md;docs/decisions/0042-feed-process-and-material-state-axes.md,Existing reviewed presentation-form assertion remains authoritative. No reviewed drying process or material-specific moisture evidence. Canonical legacy by-product branch classification translated to explicit productRole; compatibility hierarchy retained.
AOM_002103,Coconut Cake Ground,Crop Byproduct,true,false,true,approved_comminuted_form,Comminuted particle form,not_in_moisture_cohort,,approved_branch_to_role_translation,By-product role,docs/decisions/0041-feed-material-structural-model.md;docs/decisions/0042-feed-process-and-material-state-axes.md,"Approved Grinding process supports broad comminuted-particle presentation; bulk consistency, moisture, particle size, and meal/powder subtype remain unspecified. No reviewed drying process or material-specific moisture evidence. Canonical legacy by-product branch classification translated to explicit productRole; compatibility hierarchy retained."
AOM_002104,Palm Kernel Cake Ground,Crop Byproduct,true,false,true,approved_comminuted_form,Comminuted particle form,not_in_moisture_cohort,,approved_branch_to_role_translation,By-product role,docs/decisions/0041-feed-material-structural-model.md;docs/decisions/0042-feed-process-and-material-state-axes.md,"Approved Grinding process supports broad comminuted-particle presentation; bulk consistency, moisture, particle size, and meal/powder subtype remain unspecified. No reviewed drying process or material-specific moisture evidence. Canonical legacy by-product branch classification translated to explicit productRole; compatibility hierarchy retained."
AOM_002105,Palm Kernel Cake Dried Fermented Ground,Crop Byproduct,true,true,true,approved_comminuted_form,Comminuted particle form,approved_dried_from_process,Dried moisture condition,approved_branch_to_role_translation,By-product role,docs/decisions/0041-feed-material-structural-model.md;docs/decisions/0042-feed-process-and-material-state-axes.md,"Approved Grinding process supports broad comminuted-particle presentation; bulk consistency, moisture, particle size, and meal/powder subtype remain unspecified. Approved Drying process supports dried moisture condition without implying one presentation form. Canonical legacy by-product branch classification translated to explicit productRole; compatibility hierarchy retained."
AOM_002106,Cocoa Bean Cake,Crop Product,false,false,false,approved_existing_specific_form,Cake form,not_in_moisture_cohort,,approved_existing_role,By-product role,docs/decisions/0041-feed-material-structural-model.md;docs/decisions/0042-feed-process-and-material-state-axes.md,Existing reviewed presentation-form assertion remains authoritative. No reviewed drying process or material-specific moisture evidence. Existing reviewed product-role assertion remains authoritative.
AOM_002107,Cocoa Bean,Crop Product,false,false,false,not_in_form_cohort,,not_in_moisture_cohort,,not_in_role_cohort,,docs/decisions/0041-feed-material-structural-model.md;docs/decisions/0042-feed-process-and-material-state-axes.md,No reviewed grinding result or governed presentation-form assertion. No reviewed drying process or material-specific moisture evidence. No reviewed product-role evidence in this structural cohort.
AOM_002108,Maize Cracked,Crop Product,false,false,false,not_in_form_cohort,,not_in_moisture_cohort,,not_in_role_cohort,,docs/decisions/0041-feed-material-structural-model.md;docs/decisions/0042-feed-process-and-material-state-axes.md,No reviewed grinding result or governed presentation-form assertion. No reviewed drying process or material-specific moisture evidence. No reviewed product-role evidence in this structural cohort.
AOM_002109,Layer's Meal,Preformulated Feed,false,false,true,held_meal_without_process_evidence,,not_in_moisture_cohort,,not_in_role_cohort,,docs/decisions/0041-feed-material-structural-model.md;docs/decisions/0042-feed-process-and-material-state-axes.md,"Meal lexical evidence alone may identify a compound feed, material name, or processed form; no presentation-form assertion promoted. No reviewed drying process or material-specific moisture evidence. No reviewed product-role evidence in this structural cohort."
AOM_002110,Chick Mash,Preformulated Feed,false,false,false,not_in_form_cohort,,not_in_moisture_cohort,,not_in_role_cohort,,docs/decisions/0041-feed-material-structural-model.md;docs/decisions/0042-feed-process-and-material-state-axes.md,No reviewed grinding result or governed presentation-form assertion. No reviewed drying process or material-specific moisture evidence. No reviewed product-role evidence in this structural cohort.
AOM_002111,Opuntia ficus indica Fruits,Forage Plants,false,false,false,not_in_form_cohort,,not_in_moisture_cohort,,not_in_role_cohort,,docs/decisions/0041-feed-material-structural-model.md;docs/decisions/0042-feed-process-and-material-state-axes.md,No reviewed grinding result or governed presentation-form assertion. No reviewed drying process or material-specific moisture evidence. No reviewed product-role evidence in this structural cohort.
AOM_002112,Cassava Peel,Crop Byproduct,false,false,false,not_in_form_cohort,,not_in_moisture_cohort,,approved_branch_to_role_translation,By-product role,docs/decisions/0041-feed-material-structural-model.md;docs/decisions/0042-feed-process-and-material-state-axes.md,No reviewed grinding result or governed presentation-form assertion. No reviewed drying process or material-specific moisture evidence. Canonical legacy by-product branch classification translated to explicit productRole; compatibility hierarchy retained.
AOM_002114,Rice Bran Solvent,Crop Byproduct,false,false,false,not_in_form_cohort,,not_in_moisture_cohort,,approved_branch_to_role_translation,By-product role,docs/decisions/0041-feed-material-structural-model.md;docs/decisions/0042-feed-process-and-material-state-axes.md,No reviewed grinding result or governed presentation-form assertion. No reviewed drying process or material-specific moisture evidence. Canonical legacy by-product branch classification translated to explicit productRole; compatibility hierarchy retained.
AOM_002115,White Lupin,Crop Product,false,false,false,not_in_form_cohort,,not_in_moisture_cohort,,not_in_role_cohort,,docs/decisions/0041-feed-material-structural-model.md;docs/decisions/0042-feed-process-and-material-state-axes.md,No reviewed grinding result or governed presentation-form assertion. No reviewed drying process or material-specific moisture evidence. No reviewed product-role evidence in this structural cohort.
AOM_002116,White Lupin Grain,Crop Product,false,false,false,not_in_form_cohort,,not_in_moisture_cohort,,not_in_role_cohort,,docs/decisions/0041-feed-material-structural-model.md;docs/decisions/0042-feed-process-and-material-state-axes.md,No reviewed grinding result or governed presentation-form assertion. No reviewed drying process or material-specific moisture evidence. No reviewed product-role evidence in this structural cohort.
AOM_002117,Sorghum Straw Alkali Treated Dried,Crop Byproduct,false,true,false,not_in_form_cohort,,approved_dried_from_process,Dried moisture condition,approved_branch_to_role_translation,By-product role,docs/decisions/0041-feed-material-structural-model.md;docs/decisions/0042-feed-process-and-material-state-axes.md,No reviewed grinding result or governed presentation-form assertion. Approved Drying process supports dried moisture condition without implying one presentation form. Canonical legacy by-product branch classification translated to explicit productRole; compatibility hierarchy retained.
AOM_002118,Opuntia ficus indica Cladode Ensiled Singed,Forage Plants,false,false,false,not_in_form_cohort,,not_in_moisture_cohort,,not_in_role_cohort,,docs/decisions/0041-feed-material-structural-model.md;docs/decisions/0042-feed-process-and-material-state-axes.md,No reviewed grinding result or governed presentation-form assertion. No reviewed drying process or material-specific moisture evidence. No reviewed product-role evidence in this structural cohort.
AOM_002119,Maize Crushed,Crop Product,false,false,false,not_in_form_cohort,,not_in_moisture_cohort,,not_in_role_cohort,,docs/decisions/0041-feed-material-structural-model.md;docs/decisions/0042-feed-process-and-material-state-axes.md,No reviewed grinding result or governed presentation-form assertion. No reviewed drying process or material-specific moisture evidence. No reviewed product-role evidence in this structural cohort.
AOM_002120,Poultry Litter Deep Stacked,Animal Manures,false,false,false,not_in_form_cohort,,not_in_moisture_cohort,,not_in_role_cohort,,docs/decisions/0041-feed-material-structural-model.md;docs/decisions/0042-feed-process-and-material-state-axes.md,No reviewed grinding result or governed presentation-form assertion. No reviewed drying process or material-specific moisture evidence. No reviewed product-role evidence in this structural cohort.
AOM_002121,Soybean Flakes Defatted Crushed Dehulled Heated,Crop Byproduct,false,false,true,held_meal_without_process_evidence,,not_in_moisture_cohort,,approved_branch_to_role_translation,By-product role,docs/decisions/0041-feed-material-structural-model.md;docs/decisions/0042-feed-process-and-material-state-axes.md,"Meal lexical evidence alone may identify a compound feed, material name, or processed form; no presentation-form assertion promoted. No reviewed drying process or material-specific moisture evidence. Canonical legacy by-product branch classification translated to explicit productRole; compatibility hierarchy retained."
AOM_002122,Soybean Flakes Defatted Crushed Dehulled Dried Extruded Heated Ground,Crop Byproduct,true,true,false,approved_comminuted_form,Comminuted particle form,approved_dried_from_process,Dried moisture condition,approved_branch_to_role_translation,By-product role,docs/decisions/0041-feed-material-structural-model.md;docs/decisions/0042-feed-process-and-material-state-axes.md,"Approved Grinding process supports broad comminuted-particle presentation; bulk consistency, moisture, particle size, and meal/powder subtype remain unspecified. Approved Drying process supports dried moisture condition without implying one presentation form. Canonical legacy by-product branch classification translated to explicit productRole; compatibility hierarchy retained."
AOM_002123,Poultry Litter Deep Stacked Dried,Animal Manures,false,true,false,not_in_form_cohort,,approved_dried_from_process,Dried moisture condition,not_in_role_cohort,,docs/decisions/0041-feed-material-structural-model.md;docs/decisions/0042-feed-process-and-material-state-axes.md,No reviewed grinding result or governed presentation-form assertion. Approved Drying process supports dried moisture condition without implying one presentation form. No reviewed product-role evidence in this structural cohort.
AOM_002124,Wheat Crushed,Crop Product,false,false,false,not_in_form_cohort,,not_in_moisture_cohort,,not_in_role_cohort,,docs/decisions/0041-feed-material-structural-model.md;docs/decisions/0042-feed-process-and-material-state-axes.md,No reviewed grinding result or governed presentation-form assertion. No reviewed drying process or material-specific moisture evidence. No reviewed product-role evidence in this structural cohort.
AOM_002125,White Lupin Grain Dehulled Dried Soaked,Crop Product,false,true,false,not_in_form_cohort,,approved_dried_from_process,Dried moisture condition,not_in_role_cohort,,docs/decisions/0041-feed-material-structural-model.md;docs/decisions/0042-feed-process-and-material-state-axes.md,No reviewed grinding result or governed presentation-form assertion. Approved Drying process supports dried moisture condition without implying one presentation form. No reviewed product-role evidence in this structural cohort.
AOM_002126,White Lupin Grain Dried Soaked,Crop Product,false,true,false,not_in_form_cohort,,approved_dried_from_process,Dried moisture condition,not_in_role_cohort,,docs/decisions/0041-feed-material-structural-model.md;docs/decisions/0042-feed-process-and-material-state-axes.md,No reviewed grinding result or governed presentation-form assertion. Approved Drying process supports dried moisture condition without implying one presentation form. No reviewed product-role evidence in this structural cohort.
AOM_002128,Sesame Seed Dried Ground Soaked,Crop Byproduct,true,true,true,approved_comminuted_form,Comminuted particle form,approved_dried_from_process,Dried moisture condition,approved_branch_to_role_translation,By-product role,docs/decisions/0041-feed-material-structural-model.md;docs/decisions/0042-feed-process-and-material-state-axes.md,"Approved Grinding process supports broad comminuted-particle presentation; bulk consistency, moisture, particle size, and meal/powder subtype remain unspecified. Approved Drying process supports dried moisture condition without implying one presentation form. Canonical legacy by-product branch classification translated to explicit productRole; compatibility hierarchy retained."
AOM_002129,Soybean Dehulled Ground,Crop Product,true,false,false,approved_comminuted_form,Comminuted particle form,not_in_moisture_cohort,,not_in_role_cohort,,docs/decisions/0041-feed-material-structural-model.md;docs/decisions/0042-feed-process-and-material-state-axes.md,"Approved Grinding process supports broad comminuted-particle presentation; bulk consistency, moisture, particle size, and meal/powder subtype remain unspecified. No reviewed drying process or material-specific moisture evidence. No reviewed product-role evidence in this structural cohort."
AOM_002130,Jatropha curcas Cake Ground,Forage Plants,true,false,true,approved_comminuted_form,Comminuted particle form,not_in_moisture_cohort,,not_in_role_cohort,,docs/decisions/0041-feed-material-structural-model.md;docs/decisions/0042-feed-process-and-material-state-axes.md,"Approved Grinding process supports broad comminuted-particle presentation; bulk consistency, moisture, particle size, and meal/powder subtype remain unspecified. No reviewed drying process or material-specific moisture evidence. No reviewed product-role evidence in this structural cohort."
AOM_002131,Water Hyacinth Dried Fermented Ground,Forage Plants,true,true,false,approved_comminuted_form,Comminuted particle form,approved_dried_from_process,Dried moisture condition,not_in_role_cohort,,docs/decisions/0041-feed-material-structural-model.md;docs/decisions/0042-feed-process-and-material-state-axes.md,"Approved Grinding process supports broad comminuted-particle presentation; bulk consistency, moisture, particle size, and meal/powder subtype remain unspecified. Approved Drying process supports dried moisture condition without implying one presentation form. No reviewed product-role evidence in this structural cohort."
AOM_002132,Rottboellia cochinchinensis,Forage Plants,false,false,false,not_in_form_cohort,,not_in_moisture_cohort,,not_in_role_cohort,,docs/decisions/0041-feed-material-structural-model.md;docs/decisions/0042-feed-process-and-material-state-axes.md,No reviewed grinding result or governed presentation-form assertion. No reviewed drying process or material-specific moisture evidence. No reviewed product-role evidence in this structural cohort.
AOM_002133,Jatropha curcas Cake Defatted Ground,Forage Plants,true,false,true,approved_comminuted_form,Comminuted particle form,not_in_moisture_cohort,,not_in_role_cohort,,docs/decisions/0041-feed-material-structural-model.md;docs/decisions/0042-feed-process-and-material-state-axes.md,"Approved Grinding process supports broad comminuted-particle presentation; bulk consistency, moisture, particle size, and meal/powder subtype remain unspecified. No reviewed drying process or material-specific moisture evidence. No reviewed product-role evidence in this structural cohort."
AOM_002134,Alfalfa Ground,Forage Plants,true,false,true,approved_comminuted_form,Comminuted particle form,not_in_moisture_cohort,,not_in_role_cohort,,docs/decisions/0041-feed-material-structural-model.md;docs/decisions/0042-feed-process-and-material-state-axes.md,"Approved Grinding process supports broad comminuted-particle presentation; bulk consistency, moisture, particle size, and meal/powder subtype remain unspecified. No reviewed drying process or material-specific moisture evidence. No reviewed product-role evidence in this structural cohort."
AOM_002136,Linseed Cake,Crop Byproduct,false,false,false,approved_existing_specific_form,Cake form,not_in_moisture_cohort,,approved_existing_role,By-product role,docs/decisions/0041-feed-material-structural-model.md;docs/decisions/0042-feed-process-and-material-state-axes.md,Existing reviewed presentation-form assertion remains authoritative. No reviewed drying process or material-specific moisture evidence. Existing reviewed product-role assertion remains authoritative.
AOM_002137,Tomato Pulp,Crop Product,false,false,false,not_in_form_cohort,,not_in_moisture_cohort,,not_in_role_cohort,,docs/decisions/0041-feed-material-structural-model.md;docs/decisions/0042-feed-process-and-material-state-axes.md,No reviewed grinding result or governed presentation-form assertion. No reviewed drying process or material-specific moisture evidence. No reviewed product-role evidence in this structural cohort.
AOM_002150,Piliostigma reticulatum,Forage Plants,false,false,false,not_in_form_cohort,,not_in_moisture_cohort,,not_in_role_cohort,,docs/decisions/0041-feed-material-structural-model.md;docs/decisions/0042-feed-process-and-material-state-axes.md,No reviewed grinding result or governed presentation-form assertion. No reviewed drying process or material-specific moisture evidence. No reviewed product-role evidence in this structural cohort.
AOM_002151,Piliostigma reticulatum pods,Forage Plants,false,false,false,not_in_form_cohort,,not_in_moisture_cohort,,not_in_role_cohort,,docs/decisions/0041-feed-material-structural-model.md;docs/decisions/0042-feed-process-and-material-state-axes.md,No reviewed grinding result or governed presentation-form assertion. No reviewed drying process or material-specific moisture evidence. No reviewed product-role evidence in this structural cohort.
AOM_002153,Opuntia stricta,Forage Plants,false,false,false,not_in_form_cohort,,not_in_moisture_cohort,,not_in_role_cohort,,docs/decisions/0041-feed-material-structural-model.md;docs/decisions/0042-feed-process-and-material-state-axes.md,No reviewed grinding result or governed presentation-form assertion. No reviewed drying process or material-specific moisture evidence. No reviewed product-role evidence in this structural cohort.
AOM_002154,Opuntia stricta Cladode,Forage Plants,false,false,false,not_in_form_cohort,,not_in_moisture_cohort,,not_in_role_cohort,,docs/decisions/0041-feed-material-structural-model.md;docs/decisions/0042-feed-process-and-material-state-axes.md,No reviewed grinding result or governed presentation-form assertion. No reviewed drying process or material-specific moisture evidence. No reviewed product-role evidence in this structural cohort.
AOM_002166,Sugarcane Bagasse,Crop Byproduct,false,false,false,not_in_form_cohort,,not_in_moisture_cohort,,approved_existing_role,Residue role,docs/decisions/0041-feed-material-structural-model.md;docs/decisions/0042-feed-process-and-material-state-axes.md,No reviewed grinding result or governed presentation-form assertion. No reviewed drying process or material-specific moisture evidence. Existing reviewed product-role assertion remains authoritative.
AOM_002167,Carrot Waste,Crop Byproduct,false,false,false,not_in_form_cohort,,not_in_moisture_cohort,,approved_existing_role,Waste role,docs/decisions/0041-feed-material-structural-model.md;docs/decisions/0042-feed-process-and-material-state-axes.md,No reviewed grinding result or governed presentation-form assertion. No reviewed drying process or material-specific moisture evidence. Existing reviewed product-role assertion remains authoritative.
AOM_002168,Spondias mombin Leaves,Forage Plants,false,false,false,not_in_form_cohort,,not_in_moisture_cohort,,not_in_role_cohort,,docs/decisions/0041-feed-material-structural-model.md;docs/decisions/0042-feed-process-and-material-state-axes.md,No reviewed grinding result or governed presentation-form assertion. No reviewed drying process or material-specific moisture evidence. No reviewed product-role evidence in this structural cohort.
AOM_002169,Bamboo Leaves,Forage Plants,false,false,false,not_in_form_cohort,,not_in_moisture_cohort,,not_in_role_cohort,,docs/decisions/0041-feed-material-structural-model.md;docs/decisions/0042-feed-process-and-material-state-axes.md,No reviewed grinding result or governed presentation-form assertion. No reviewed drying process or material-specific moisture evidence. No reviewed product-role evidence in this structural cohort.
AOM_002190,Lantana camara Leaves,Forage Plants,false,false,false,not_in_form_cohort,,not_in_moisture_cohort,,not_in_role_cohort,,docs/decisions/0041-feed-material-structural-model.md;docs/decisions/0042-feed-process-and-material-state-axes.md,No reviewed grinding result or governed presentation-form assertion. No reviewed drying process or material-specific moisture evidence. No reviewed product-role evidence in this structural cohort.
AOM_002191,Fossil Shell Ground,Other Ingredients,true,false,false,approved_comminuted_form,Comminuted particle form,not_in_moisture_cohort,,not_in_role_cohort,,docs/decisions/0041-feed-material-structural-model.md;docs/decisions/0042-feed-process-and-material-state-axes.md,"Approved Grinding process supports broad comminuted-particle presentation; bulk consistency, moisture, particle size, and meal/powder subtype remain unspecified. No reviewed drying process or material-specific moisture evidence. No reviewed product-role evidence in this structural cohort."
AOM_002192,Fish Offal,Animal Byproduct,false,false,false,not_in_form_cohort,,not_in_moisture_cohort,,approved_existing_role,Offal role,docs/decisions/0041-feed-material-structural-model.md;docs/decisions/0042-feed-process-and-material-state-axes.md,No reviewed grinding result or governed presentation-form assertion. No reviewed drying process or material-specific moisture evidence. Existing reviewed product-role assertion remains authoritative.
AOM_002200,Chlorella vulgaris,Supplement,false,false,false,not_in_form_cohort,,not_in_moisture_cohort,,not_in_role_cohort,,docs/decisions/0041-feed-material-structural-model.md;docs/decisions/0042-feed-process-and-material-state-axes.md,No reviewed grinding result or governed presentation-form assertion. No reviewed drying process or material-specific moisture evidence. No reviewed product-role evidence in this structural cohort.
AOM_002201,Acacia dealbata,Forage Plants,false,false,false,not_in_form_cohort,,not_in_moisture_cohort,,not_in_role_cohort,,docs/decisions/0041-feed-material-structural-model.md;docs/decisions/0042-feed-process-and-material-state-axes.md,No reviewed grinding result or governed presentation-form assertion. No reviewed drying process or material-specific moisture evidence. No reviewed product-role evidence in this structural cohort.
AOM_002202,Acacia dealbata Leaves,Forage Plants,false,false,false,not_in_form_cohort,,not_in_moisture_cohort,,not_in_role_cohort,,docs/decisions/0041-feed-material-structural-model.md;docs/decisions/0042-feed-process-and-material-state-axes.md,No reviewed grinding result or governed presentation-form assertion. No reviewed drying process or material-specific moisture evidence. No reviewed product-role evidence in this structural cohort.
AOM_002203,Piliostigma thonningii pods,Forage Plants,false,false,false,not_in_form_cohort,,not_in_moisture_cohort,,not_in_role_cohort,,docs/decisions/0041-feed-material-structural-model.md;docs/decisions/0042-feed-process-and-material-state-axes.md,No reviewed grinding result or governed presentation-form assertion. No reviewed drying process or material-specific moisture evidence. No reviewed product-role evidence in this structural cohort.
AOM_002204,Lablab purpureus,Forage Plants,false,false,false,not_in_form_cohort,,not_in_moisture_cohort,,not_in_role_cohort,,docs/decisions/0041-feed-material-structural-model.md;docs/decisions/0042-feed-process-and-material-state-axes.md,No reviewed grinding result or governed presentation-form assertion. No reviewed drying process or material-specific moisture evidence. No reviewed product-role evidence in this structural cohort.
AOM_002206,Acacia Albida,Forage Plants,false,false,false,not_in_form_cohort,,not_in_moisture_cohort,,not_in_role_cohort,,docs/decisions/0041-feed-material-structural-model.md;docs/decisions/0042-feed-process-and-material-state-axes.md,No reviewed grinding result or governed presentation-form assertion. No reviewed drying process or material-specific moisture evidence. No reviewed product-role evidence in this structural cohort.
AOM_002207,Acacia Albida Leaves,Forage Plants,false,false,false,not_in_form_cohort,,not_in_moisture_cohort,,not_in_role_cohort,,docs/decisions/0041-feed-material-structural-model.md;docs/decisions/0042-feed-process-and-material-state-axes.md,No reviewed grinding result or governed presentation-form assertion. No reviewed drying process or material-specific moisture evidence. No reviewed product-role evidence in this structural cohort.
AOM_002208,Sunflower Seed,Crop Product,false,false,false,not_in_form_cohort,,not_in_moisture_cohort,,not_in_role_cohort,,docs/decisions/0041-feed-material-structural-model.md;docs/decisions/0042-feed-process-and-material-state-axes.md,No reviewed grinding result or governed presentation-form assertion. No reviewed drying process or material-specific moisture evidence. No reviewed product-role evidence in this structural cohort.
AOM_002209,Safflower Seed,Crop Product,false,false,false,not_in_form_cohort,,not_in_moisture_cohort,,not_in_role_cohort,,docs/decisions/0041-feed-material-structural-model.md;docs/decisions/0042-feed-process-and-material-state-axes.md,No reviewed grinding result or governed presentation-form assertion. No reviewed drying process or material-specific moisture evidence. No reviewed product-role evidence in this structural cohort.
AOM_002215,Black Cumin Seed Cake,Crop Product,false,false,false,not_in_form_cohort,,not_in_moisture_cohort,,not_in_role_cohort,,docs/decisions/0041-feed-material-structural-model.md;docs/decisions/0042-feed-process-and-material-state-axes.md,No reviewed grinding result or governed presentation-form assertion. No reviewed drying process or material-specific moisture evidence. No reviewed product-role evidence in this structural cohort.
AOM_002216,Andropogon appendiculatus,Forage Plants,false,false,false,not_in_form_cohort,,not_in_moisture_cohort,,not_in_role_cohort,,docs/decisions/0041-feed-material-structural-model.md;docs/decisions/0042-feed-process-and-material-state-axes.md,No reviewed grinding result or governed presentation-form assertion. No reviewed drying process or material-specific moisture evidence. No reviewed product-role evidence in this structural cohort.
AOM_002217,Mung Bean,Crop Byproduct,false,false,false,not_in_form_cohort,,not_in_moisture_cohort,,approved_branch_to_role_translation,By-product role,docs/decisions/0041-feed-material-structural-model.md;docs/decisions/0042-feed-process-and-material-state-axes.md,No reviewed grinding result or governed presentation-form assertion. No reviewed drying process or material-specific moisture evidence. Canonical legacy by-product branch classification translated to explicit productRole; compatibility hierarchy retained.
AOM_002218,Mung Bean Haulm,Crop Byproduct,false,false,false,not_in_form_cohort,,not_in_moisture_cohort,,approved_existing_role,Crop-residue role,docs/decisions/0041-feed-material-structural-model.md;docs/decisions/0042-feed-process-and-material-state-axes.md,No reviewed grinding result or governed presentation-form assertion. No reviewed drying process or material-specific moisture evidence. Existing reviewed product-role assertion remains authoritative.
AOM_002219,Tamarind Wilted,Crop Product,false,false,false,not_in_form_cohort,,not_in_moisture_cohort,,not_in_role_cohort,,docs/decisions/0041-feed-material-structural-model.md;docs/decisions/0042-feed-process-and-material-state-axes.md,No reviewed grinding result or governed presentation-form assertion. No reviewed drying process or material-specific moisture evidence. No reviewed product-role evidence in this structural cohort.
AOM_002220,Tectona grandis,Forage Plants,false,false,false,not_in_form_cohort,,not_in_moisture_cohort,,not_in_role_cohort,,docs/decisions/0041-feed-material-structural-model.md;docs/decisions/0042-feed-process-and-material-state-axes.md,No reviewed grinding result or governed presentation-form assertion. No reviewed drying process or material-specific moisture evidence. No reviewed product-role evidence in this structural cohort.
AOM_002221,Searsia lancea,Forage Plants,false,false,false,not_in_form_cohort,,not_in_moisture_cohort,,not_in_role_cohort,,docs/decisions/0041-feed-material-structural-model.md;docs/decisions/0042-feed-process-and-material-state-axes.md,No reviewed grinding result or governed presentation-form assertion. No reviewed drying process or material-specific moisture evidence. No reviewed product-role evidence in this structural cohort.
AOM_002222,Searsia pyroides,Forage Plants,false,false,false,not_in_form_cohort,,not_in_moisture_cohort,,not_in_role_cohort,,docs/decisions/0041-feed-material-structural-model.md;docs/decisions/0042-feed-process-and-material-state-axes.md,No reviewed grinding result or governed presentation-form assertion. No reviewed drying process or material-specific moisture evidence. No reviewed product-role evidence in this structural cohort.
AOM_002224,Euclea crispa,Forage Plants,false,false,false,not_in_form_cohort,,not_in_moisture_cohort,,not_in_role_cohort,,docs/decisions/0041-feed-material-structural-model.md;docs/decisions/0042-feed-process-and-material-state-axes.md,No reviewed grinding result or governed presentation-form assertion. No reviewed drying process or material-specific moisture evidence. No reviewed product-role evidence in this structural cohort.
AOM_002225,Cashew Shell,Crop Byproduct,false,false,false,not_in_form_cohort,,not_in_moisture_cohort,,approved_branch_to_role_translation,By-product role,docs/decisions/0041-feed-material-structural-model.md;docs/decisions/0042-feed-process-and-material-state-axes.md,No reviewed grinding result or governed presentation-form assertion. No reviewed drying process or material-specific moisture evidence. Canonical legacy by-product branch classification translated to explicit productRole; compatibility hierarchy retained.
AOM_002226,Pea,Crop Product,false,false,false,not_in_form_cohort,,not_in_moisture_cohort,,not_in_role_cohort,,docs/decisions/0041-feed-material-structural-model.md;docs/decisions/0042-feed-process-and-material-state-axes.md,No reviewed grinding result or governed presentation-form assertion. No reviewed drying process or material-specific moisture evidence. No reviewed product-role evidence in this structural cohort.
AOM_002228,Fava Bean,Crop Product,false,false,false,not_in_form_cohort,,not_in_moisture_cohort,,not_in_role_cohort,,docs/decisions/0041-feed-material-structural-model.md;docs/decisions/0042-feed-process-and-material-state-axes.md,No reviewed grinding result or governed presentation-form assertion. No reviewed drying process or material-specific moisture evidence. No reviewed product-role evidence in this structural cohort.
AOM_002229,Desmodium uncinatum,Forage Plants,false,false,false,not_in_form_cohort,,not_in_moisture_cohort,,not_in_role_cohort,,docs/decisions/0041-feed-material-structural-model.md;docs/decisions/0042-feed-process-and-material-state-axes.md,No reviewed grinding result or governed presentation-form assertion. No reviewed drying process or material-specific moisture evidence. No reviewed product-role evidence in this structural cohort.
AOM_002230,Samanea saman,Forage Plants,false,false,false,not_in_form_cohort,,not_in_moisture_cohort,,not_in_role_cohort,,docs/decisions/0041-feed-material-structural-model.md;docs/decisions/0042-feed-process-and-material-state-axes.md,No reviewed grinding result or governed presentation-form assertion. No reviewed drying process or material-specific moisture evidence. No reviewed product-role evidence in this structural cohort.
AOM_002231,Tamarind Leaves,Forage Plants,false,false,false,not_in_form_cohort,,not_in_moisture_cohort,,not_in_role_cohort,,docs/decisions/0041-feed-material-structural-model.md;docs/decisions/0042-feed-process-and-material-state-axes.md,No reviewed grinding result or governed presentation-form assertion. No reviewed drying process or material-specific moisture evidence. No reviewed product-role evidence in this structural cohort.
AOM_002232,Tectona grandis Leaves,Forage Plants,false,false,false,not_in_form_cohort,,not_in_moisture_cohort,,not_in_role_cohort,,docs/decisions/0041-feed-material-structural-model.md;docs/decisions/0042-feed-process-and-material-state-axes.md,No reviewed grinding result or governed presentation-form assertion. No reviewed drying process or material-specific moisture evidence. No reviewed product-role evidence in this structural cohort.
AOM_002233,Melon Seed Husk,Crop Byproduct,false,false,false,not_in_form_cohort,,not_in_moisture_cohort,,approved_branch_to_role_translation,By-product role,docs/decisions/0041-feed-material-structural-model.md;docs/decisions/0042-feed-process-and-material-state-axes.md,No reviewed grinding result or governed presentation-form assertion. No reviewed drying process or material-specific moisture evidence. Canonical legacy by-product branch classification translated to explicit productRole; compatibility hierarchy retained.
AOM_002234,Kochia scoparia,Forage Plants,false,false,false,not_in_form_cohort,,not_in_moisture_cohort,,not_in_role_cohort,,docs/decisions/0041-feed-material-structural-model.md;docs/decisions/0042-feed-process-and-material-state-axes.md,No reviewed grinding result or governed presentation-form assertion. No reviewed drying process or material-specific moisture evidence. No reviewed product-role evidence in this structural cohort.
AOM_002236,Morus indica Leaves,Forage Plants,false,false,false,not_in_form_cohort,,not_in_moisture_cohort,,not_in_role_cohort,,docs/decisions/0041-feed-material-structural-model.md;docs/decisions/0042-feed-process-and-material-state-axes.md,No reviewed grinding result or governed presentation-form assertion. No reviewed drying process or material-specific moisture evidence. No reviewed product-role evidence in this structural cohort.
AOM_002238,Eclipta alba,Forage Plants,false,false,false,not_in_form_cohort,,not_in_moisture_cohort,,not_in_role_cohort,,docs/decisions/0041-feed-material-structural-model.md;docs/decisions/0042-feed-process-and-material-state-axes.md,No reviewed grinding result or governed presentation-form assertion. No reviewed drying process or material-specific moisture evidence. No reviewed product-role evidence in this structural cohort.
AOM_002239,Polyalthia longifolia,Forage Plants,false,false,false,not_in_form_cohort,,not_in_moisture_cohort,,not_in_role_cohort,,docs/decisions/0041-feed-material-structural-model.md;docs/decisions/0042-feed-process-and-material-state-axes.md,No reviewed grinding result or governed presentation-form assertion. No reviewed drying process or material-specific moisture evidence. No reviewed product-role evidence in this structural cohort.
AOM_002240,Brown Fish Ground,Animal,true,false,true,approved_comminuted_form,Comminuted particle form,not_in_moisture_cohort,,not_in_role_cohort,,docs/decisions/0041-feed-material-structural-model.md;docs/decisions/0042-feed-process-and-material-state-axes.md,"Approved Grinding process supports broad comminuted-particle presentation; bulk consistency, moisture, particle size, and meal/powder subtype remain unspecified. No reviewed drying process or material-specific moisture evidence. No reviewed product-role evidence in this structural cohort."
AOM_002241,Rainbow Trout Oil,Animal,false,false,false,not_in_form_cohort,,not_in_moisture_cohort,,not_in_role_cohort,,docs/decisions/0041-feed-material-structural-model.md;docs/decisions/0042-feed-process-and-material-state-axes.md,No reviewed grinding result or governed presentation-form assertion. No reviewed drying process or material-specific moisture evidence. No reviewed product-role evidence in this structural cohort.
AOM_002242,Rainbow Trout Oil Ensiled,Animal,false,false,false,not_in_form_cohort,,not_in_moisture_cohort,,not_in_role_cohort,,docs/decisions/0041-feed-material-structural-model.md;docs/decisions/0042-feed-process-and-material-state-axes.md,No reviewed grinding result or governed presentation-form assertion. No reviewed drying process or material-specific moisture evidence. No reviewed product-role evidence in this structural cohort.
AOM_002243,Sardine,Animal,false,false,false,not_in_form_cohort,,not_in_moisture_cohort,,not_in_role_cohort,,docs/decisions/0041-feed-material-structural-model.md;docs/decisions/0042-feed-process-and-material-state-axes.md,No reviewed grinding result or governed presentation-form assertion. No reviewed drying process or material-specific moisture evidence. No reviewed product-role evidence in this structural cohort.
AOM_002244,Trout Ensiled,Animal,false,false,false,not_in_form_cohort,,not_in_moisture_cohort,,not_in_role_cohort,,docs/decisions/0041-feed-material-structural-model.md;docs/decisions/0042-feed-process-and-material-state-axes.md,No reviewed grinding result or governed presentation-form assertion. No reviewed drying process or material-specific moisture evidence. No reviewed product-role evidence in this structural cohort.
AOM_002245,Trout Oil Ensiled,Animal,false,false,false,not_in_form_cohort,,not_in_moisture_cohort,,not_in_role_cohort,,docs/decisions/0041-feed-material-structural-model.md;docs/decisions/0042-feed-process-and-material-state-axes.md,No reviewed grinding result or governed presentation-form assertion. No reviewed drying process or material-specific moisture evidence. No reviewed product-role evidence in this structural cohort.
AOM_002246,Tuna,Animal,false,false,false,not_in_form_cohort,,not_in_moisture_cohort,,not_in_role_cohort,,docs/decisions/0041-feed-material-structural-model.md;docs/decisions/0042-feed-process-and-material-state-axes.md,No reviewed grinding result or governed presentation-form assertion. No reviewed drying process or material-specific moisture evidence. No reviewed product-role evidence in this structural cohort.
AOM_002247,Grasshopper,Animal,false,false,false,not_in_form_cohort,,not_in_moisture_cohort,,not_in_role_cohort,,docs/decisions/0041-feed-material-structural-model.md;docs/decisions/0042-feed-process-and-material-state-axes.md,No reviewed grinding result or governed presentation-form assertion. No reviewed drying process or material-specific moisture evidence. No reviewed product-role evidence in this structural cohort.
AOM_002248,Termite,Animal,false,false,false,not_in_form_cohort,,not_in_moisture_cohort,,not_in_role_cohort,,docs/decisions/0041-feed-material-structural-model.md;docs/decisions/0042-feed-process-and-material-state-axes.md,No reviewed grinding result or governed presentation-form assertion. No reviewed drying process or material-specific moisture evidence. No reviewed product-role evidence in this structural cohort.
AOM_002249,Groundnut Shell,Crop Byproduct,false,false,false,not_in_form_cohort,,not_in_moisture_cohort,,approved_branch_to_role_translation,By-product role,docs/decisions/0041-feed-material-structural-model.md;docs/decisions/0042-feed-process-and-material-state-axes.md,No reviewed grinding result or governed presentation-form assertion. No reviewed drying process or material-specific moisture evidence. Canonical legacy by-product branch classification translated to explicit productRole; compatibility hierarchy retained.
AOM_002250,Morus alba,Forage Plants,false,false,false,not_in_form_cohort,,not_in_moisture_cohort,,not_in_role_cohort,,docs/decisions/0041-feed-material-structural-model.md;docs/decisions/0042-feed-process-and-material-state-axes.md,No reviewed grinding result or governed presentation-form assertion. No reviewed drying process or material-specific moisture evidence. No reviewed product-role evidence in this structural cohort.
AOM_002251,Morus alba Leaves,Forage Plants,false,false,false,not_in_form_cohort,,not_in_moisture_cohort,,not_in_role_cohort,,docs/decisions/0041-feed-material-structural-model.md;docs/decisions/0042-feed-process-and-material-state-axes.md,No reviewed grinding result or governed presentation-form assertion. No reviewed drying process or material-specific moisture evidence. No reviewed product-role evidence in this structural cohort.
AOM_002305,Beta vulgaris,Forage Plants,false,false,false,not_in_form_cohort,,not_in_moisture_cohort,,not_in_role_cohort,,docs/decisions/0041-feed-material-structural-model.md;docs/decisions/0042-feed-process-and-material-state-axes.md,No reviewed grinding result or governed presentation-form assertion. No reviewed drying process or material-specific moisture evidence. No reviewed product-role evidence in this structural cohort.
AOM_002339,Sorghum Husk,Crop Byproduct,false,false,false,not_in_form_cohort,,not_in_moisture_cohort,,approved_branch_to_role_translation,By-product role,docs/decisions/0041-feed-material-structural-model.md;docs/decisions/0042-feed-process-and-material-state-axes.md,No reviewed grinding result or governed presentation-form assertion. No reviewed drying process or material-specific moisture evidence. Canonical legacy by-product branch classification translated to explicit productRole; compatibility hierarchy retained.
AOM_002344,Sugarcane Peel,Crop Byproduct,false,false,false,not_in_form_cohort,,not_in_moisture_cohort,,approved_branch_to_role_translation,By-product role,docs/decisions/0041-feed-material-structural-model.md;docs/decisions/0042-feed-process-and-material-state-axes.md,No reviewed grinding result or governed presentation-form assertion. No reviewed drying process or material-specific moisture evidence. Canonical legacy by-product branch classification translated to explicit productRole; compatibility hierarchy retained.
AOM_002345,Atriplex nummularia Leaves and Twigs,Forage Plants,false,false,false,not_in_form_cohort,,not_in_moisture_cohort,,not_in_role_cohort,,docs/decisions/0041-feed-material-structural-model.md;docs/decisions/0042-feed-process-and-material-state-axes.md,No reviewed grinding result or governed presentation-form assertion. No reviewed drying process or material-specific moisture evidence. No reviewed product-role evidence in this structural cohort.
AOM_002346,Adansonia digitata Seed Ground,Forage Plants,true,false,true,approved_comminuted_form,Comminuted particle form,not_in_moisture_cohort,,not_in_role_cohort,,docs/decisions/0041-feed-material-structural-model.md;docs/decisions/0042-feed-process-and-material-state-axes.md,"Approved Grinding process supports broad comminuted-particle presentation; bulk consistency, moisture, particle size, and meal/powder subtype remain unspecified. No reviewed drying process or material-specific moisture evidence. No reviewed product-role evidence in this structural cohort."
AOM_002347,Atriplex halimus Leaves and Twigs,Forage Plants,false,false,false,not_in_form_cohort,,not_in_moisture_cohort,,not_in_role_cohort,,docs/decisions/0041-feed-material-structural-model.md;docs/decisions/0042-feed-process-and-material-state-axes.md,No reviewed grinding result or governed presentation-form assertion. No reviewed drying process or material-specific moisture evidence. No reviewed product-role evidence in this structural cohort.
AOM_002348,Date Leaves,Crop Byproduct,false,false,false,not_in_form_cohort,,not_in_moisture_cohort,,approved_branch_to_role_translation,By-product role,docs/decisions/0041-feed-material-structural-model.md;docs/decisions/0042-feed-process-and-material-state-axes.md,No reviewed grinding result or governed presentation-form assertion. No reviewed drying process or material-specific moisture evidence. Canonical legacy by-product branch classification translated to explicit productRole; compatibility hierarchy retained.
AOM_002353,Date Ground,Crop Product,true,false,false,approved_comminuted_form,Comminuted particle form,not_in_moisture_cohort,,not_in_role_cohort,,docs/decisions/0041-feed-material-structural-model.md;docs/decisions/0042-feed-process-and-material-state-axes.md,"Approved Grinding process supports broad comminuted-particle presentation; bulk consistency, moisture, particle size, and meal/powder subtype remain unspecified. No reviewed drying process or material-specific moisture evidence. No reviewed product-role evidence in this structural cohort."
AOM_003061,Ipomoea triloba,Forage Plants,false,false,false,not_in_form_cohort,,not_in_moisture_cohort,,not_in_role_cohort,,docs/decisions/0041-feed-material-structural-model.md;docs/decisions/0042-feed-process-and-material-state-axes.md,No reviewed grinding result or governed presentation-form assertion. No reviewed drying process or material-specific moisture evidence. No reviewed product-role evidence in this structural cohort.
AOM_003062,Bidens diffusa,Forage Plants,false,false,false,not_in_form_cohort,,not_in_moisture_cohort,,not_in_role_cohort,,docs/decisions/0041-feed-material-structural-model.md;docs/decisions/0042-feed-process-and-material-state-axes.md,No reviewed grinding result or governed presentation-form assertion. No reviewed drying process or material-specific moisture evidence. No reviewed product-role evidence in this structural cohort.
AOM_003063,Acalypha fimbriata,Forage Plants,false,false,false,not_in_form_cohort,,not_in_moisture_cohort,,not_in_role_cohort,,docs/decisions/0041-feed-material-structural-model.md;docs/decisions/0042-feed-process-and-material-state-axes.md,No reviewed grinding result or governed presentation-form assertion. No reviewed drying process or material-specific moisture evidence. No reviewed product-role evidence in this structural cohort.
AOM_003064,Aspilia africana,Forage Plants,false,false,false,not_in_form_cohort,,not_in_moisture_cohort,,not_in_role_cohort,,docs/decisions/0041-feed-material-structural-model.md;docs/decisions/0042-feed-process-and-material-state-axes.md,No reviewed grinding result or governed presentation-form assertion. No reviewed drying process or material-specific moisture evidence. No reviewed product-role evidence in this structural cohort.
AOM_003065,Sida cordifolia,Forage Plants,false,false,false,not_in_form_cohort,,not_in_moisture_cohort,,not_in_role_cohort,,docs/decisions/0041-feed-material-structural-model.md;docs/decisions/0042-feed-process-and-material-state-axes.md,No reviewed grinding result or governed presentation-form assertion. No reviewed drying process or material-specific moisture evidence. No reviewed product-role evidence in this structural cohort.
AOM_003066,Alternanthera sessilis,Crop Product,false,false,false,not_in_form_cohort,,not_in_moisture_cohort,,not_in_role_cohort,,docs/decisions/0041-feed-material-structural-model.md;docs/decisions/0042-feed-process-and-material-state-axes.md,No reviewed grinding result or governed presentation-form assertion. No reviewed drying process or material-specific moisture evidence. No reviewed product-role evidence in this structural cohort.
AOM_003067,Sida acuta,Forage Plants,false,false,false,not_in_form_cohort,,not_in_moisture_cohort,,not_in_role_cohort,,docs/decisions/0041-feed-material-structural-model.md;docs/decisions/0042-feed-process-and-material-state-axes.md,No reviewed grinding result or governed presentation-form assertion. No reviewed drying process or material-specific moisture evidence. No reviewed product-role evidence in this structural cohort.
AOM_003068,Phyllanthus amarus,Forage Plants,false,false,false,not_in_form_cohort,,not_in_moisture_cohort,,not_in_role_cohort,,docs/decisions/0041-feed-material-structural-model.md;docs/decisions/0042-feed-process-and-material-state-axes.md,No reviewed grinding result or governed presentation-form assertion. No reviewed drying process or material-specific moisture evidence. No reviewed product-role evidence in this structural cohort.
AOM_003069,Tephrosia purpurea,Forage Plants,false,false,false,not_in_form_cohort,,not_in_moisture_cohort,,not_in_role_cohort,,docs/decisions/0041-feed-material-structural-model.md;docs/decisions/0042-feed-process-and-material-state-axes.md,No reviewed grinding result or governed presentation-form assertion. No reviewed drying process or material-specific moisture evidence. No reviewed product-role evidence in this structural cohort.
AOM_003070,Talinum fruticosum,Crop Product,false,false,false,not_in_form_cohort,,not_in_moisture_cohort,,not_in_role_cohort,,docs/decisions/0041-feed-material-structural-model.md;docs/decisions/0042-feed-process-and-material-state-axes.md,No reviewed grinding result or governed presentation-form assertion. No reviewed drying process or material-specific moisture evidence. No reviewed product-role evidence in this structural cohort.
AOM_003071,Prunus africana,Forage Plants,false,false,false,not_in_form_cohort,,not_in_moisture_cohort,,not_in_role_cohort,,docs/decisions/0041-feed-material-structural-model.md;docs/decisions/0042-feed-process-and-material-state-axes.md,No reviewed grinding result or governed presentation-form assertion. No reviewed drying process or material-specific moisture evidence. No reviewed product-role evidence in this structural cohort.
AOM_003072,Groundnut,Crop Product,false,false,false,not_in_form_cohort,,not_in_moisture_cohort,,not_in_role_cohort,,docs/decisions/0041-feed-material-structural-model.md;docs/decisions/0042-feed-process-and-material-state-axes.md,No reviewed grinding result or governed presentation-form assertion. No reviewed drying process or material-specific moisture evidence. No reviewed product-role evidence in this structural cohort.
AOM_003075,Balanites aegyptiaca,Forage Plants,false,false,false,not_in_form_cohort,,not_in_moisture_cohort,,not_in_role_cohort,,docs/decisions/0041-feed-material-structural-model.md;docs/decisions/0042-feed-process-and-material-state-axes.md,No reviewed grinding result or governed presentation-form assertion. No reviewed drying process or material-specific moisture evidence. No reviewed product-role evidence in this structural cohort.
AOM_003076,Probiotic,Probiotic,false,false,false,not_in_form_cohort,,not_in_moisture_cohort,,not_in_role_cohort,,docs/decisions/0041-feed-material-structural-model.md;docs/decisions/0042-feed-process-and-material-state-axes.md,No reviewed grinding result or governed presentation-form assertion. No reviewed drying process or material-specific moisture evidence. No reviewed product-role evidence in this structural cohort.
AOM_003077,Commelina imberbis,Forage Plants,false,false,false,not_in_form_cohort,,not_in_moisture_cohort,,not_in_role_cohort,,docs/decisions/0041-feed-material-structural-model.md;docs/decisions/0042-feed-process-and-material-state-axes.md,No reviewed grinding result or governed presentation-form assertion. No reviewed drying process or material-specific moisture evidence. No reviewed product-role evidence in this structural cohort.
AOM_003079,Sesbania sesban,Forage Plants,false,false,false,not_in_form_cohort,,not_in_moisture_cohort,,not_in_role_cohort,,docs/decisions/0041-feed-material-structural-model.md;docs/decisions/0042-feed-process-and-material-state-axes.md,No reviewed grinding result or governed presentation-form assertion. No reviewed drying process or material-specific moisture evidence. No reviewed product-role evidence in this structural cohort.
AOM_003080,Sesbania sesban Seed,Forage Plants,false,false,false,not_in_form_cohort,,not_in_moisture_cohort,,not_in_role_cohort,,docs/decisions/0041-feed-material-structural-model.md;docs/decisions/0042-feed-process-and-material-state-axes.md,No reviewed grinding result or governed presentation-form assertion. No reviewed drying process or material-specific moisture evidence. No reviewed product-role evidence in this structural cohort.
AOM_003081,Anacardium occidentale,Forage Plants,false,false,false,not_in_form_cohort,,not_in_moisture_cohort,,not_in_role_cohort,,docs/decisions/0041-feed-material-structural-model.md;docs/decisions/0042-feed-process-and-material-state-axes.md,No reviewed grinding result or governed presentation-form assertion. No reviewed drying process or material-specific moisture evidence. No reviewed product-role evidence in this structural cohort.
AOM_003082,Anacardium occidentale Leaves,Forage Plants,false,false,false,not_in_form_cohort,,not_in_moisture_cohort,,not_in_role_cohort,,docs/decisions/0041-feed-material-structural-model.md;docs/decisions/0042-feed-process-and-material-state-axes.md,No reviewed grinding result or governed presentation-form assertion. No reviewed drying process or material-specific moisture evidence. No reviewed product-role evidence in this structural cohort.
AOM_003083,Gmelina arborea Leaves,Forage Plants,false,false,false,not_in_form_cohort,,not_in_moisture_cohort,,not_in_role_cohort,,docs/decisions/0041-feed-material-structural-model.md;docs/decisions/0042-feed-process-and-material-state-axes.md,No reviewed grinding result or governed presentation-form assertion. No reviewed drying process or material-specific moisture evidence. No reviewed product-role evidence in this structural cohort.
AOM_003084,Phosphate Salt Lick,Other Ingredients,false,false,false,not_in_form_cohort,,not_in_moisture_cohort,,not_in_role_cohort,,docs/decisions/0041-feed-material-structural-model.md;docs/decisions/0042-feed-process-and-material-state-axes.md,No reviewed grinding result or governed presentation-form assertion. No reviewed drying process or material-specific moisture evidence. No reviewed product-role evidence in this structural cohort.
AOM_003100,Grazing,Grazing,false,false,false,not_in_form_cohort,,not_in_moisture_cohort,,not_in_role_cohort,,docs/decisions/0041-feed-material-structural-model.md;docs/decisions/0042-feed-process-and-material-state-axes.md,No reviewed grinding result or governed presentation-form assertion. No reviewed drying process or material-specific moisture evidence. No reviewed product-role evidence in this structural cohort.
AOM_003102,Teff Straw,Crop Byproduct,false,false,false,not_in_form_cohort,,not_in_moisture_cohort,,approved_branch_to_role_translation,By-product role,docs/decisions/0041-feed-material-structural-model.md;docs/decisions/0042-feed-process-and-material-state-axes.md,No reviewed grinding result or governed presentation-form assertion. No reviewed drying process or material-specific moisture evidence. Canonical legacy by-product branch classification translated to explicit productRole; compatibility hierarchy retained.
AOM_003103,Dactyloctenium aegyptium,Forage Plants,false,false,false,not_in_form_cohort,,not_in_moisture_cohort,,not_in_role_cohort,,docs/decisions/0041-feed-material-structural-model.md;docs/decisions/0042-feed-process-and-material-state-axes.md,No reviewed grinding result or governed presentation-form assertion. No reviewed drying process or material-specific moisture evidence. No reviewed product-role evidence in this structural cohort.
AOM_003104,Tristachya leucothrix,Forage Plants,false,false,false,not_in_form_cohort,,not_in_moisture_cohort,,not_in_role_cohort,,docs/decisions/0041-feed-material-structural-model.md;docs/decisions/0042-feed-process-and-material-state-axes.md,No reviewed grinding result or governed presentation-form assertion. No reviewed drying process or material-specific moisture evidence. No reviewed product-role evidence in this structural cohort.
AOM_003105,Acacia mearnsii,Forage Plants,false,false,false,not_in_form_cohort,,not_in_moisture_cohort,,not_in_role_cohort,,docs/decisions/0041-feed-material-structural-model.md;docs/decisions/0042-feed-process-and-material-state-axes.md,No reviewed grinding result or governed presentation-form assertion. No reviewed drying process or material-specific moisture evidence. No reviewed product-role evidence in this structural cohort.
AOM_003106,Acacia mearnsii Leaves,Forage Plants,false,false,false,not_in_form_cohort,,not_in_moisture_cohort,,not_in_role_cohort,,docs/decisions/0041-feed-material-structural-model.md;docs/decisions/0042-feed-process-and-material-state-axes.md,No reviewed grinding result or governed presentation-form assertion. No reviewed drying process or material-specific moisture evidence. No reviewed product-role evidence in this structural cohort.
AOM_003172,Food Waste,Other Ingredients,false,false,false,not_in_form_cohort,,not_in_moisture_cohort,,approved_existing_role,Waste role,docs/decisions/0041-feed-material-structural-model.md;docs/decisions/0042-feed-process-and-material-state-axes.md,No reviewed grinding result or governed presentation-form assertion. No reviewed drying process or material-specific moisture evidence. Existing reviewed product-role assertion remains authoritative.
AOM_003201,Urea Block Salt Lick,Other Ingredients,false,false,false,approved_existing_specific_form,Block form,not_in_moisture_cohort,,not_in_role_cohort,,docs/decisions/0041-feed-material-structural-model.md;docs/decisions/0042-feed-process-and-material-state-axes.md,Existing reviewed presentation-form assertion remains authoritative. No reviewed drying process or material-specific moisture evidence. No reviewed product-role evidence in this structural cohort.
AOM_003203,Wood Ash,Other Ingredients,false,false,false,not_in_form_cohort,,not_in_moisture_cohort,,not_in_role_cohort,,docs/decisions/0041-feed-material-structural-model.md;docs/decisions/0042-feed-process-and-material-state-axes.md,No reviewed grinding result or governed presentation-form assertion. No reviewed drying process or material-specific moisture evidence. No reviewed product-role evidence in this structural cohort.
AOM_003206,Poultry by-products,Animal Byproduct,false,false,false,not_in_form_cohort,,not_in_moisture_cohort,,approved_existing_role,By-product role,docs/decisions/0041-feed-material-structural-model.md;docs/decisions/0042-feed-process-and-material-state-axes.md,No reviewed grinding result or governed presentation-form assertion. No reviewed drying process or material-specific moisture evidence. Existing reviewed product-role assertion remains authoritative.
AOM_003207,Bambara Groundnut,Crop Byproduct,false,false,false,not_in_form_cohort,,not_in_moisture_cohort,,approved_branch_to_role_translation,By-product role,docs/decisions/0041-feed-material-structural-model.md;docs/decisions/0042-feed-process-and-material-state-axes.md,No reviewed grinding result or governed presentation-form assertion. No reviewed drying process or material-specific moisture evidence. Canonical legacy by-product branch classification translated to explicit productRole; compatibility hierarchy retained.
AOM_003208,Bambara Groundnut Offal,Crop Byproduct,false,false,false,not_in_form_cohort,,not_in_moisture_cohort,,approved_existing_role,By-product role,docs/decisions/0041-feed-material-structural-model.md;docs/decisions/0042-feed-process-and-material-state-axes.md,No reviewed grinding result or governed presentation-form assertion. No reviewed drying process or material-specific moisture evidence. Existing reviewed product-role assertion remains authoritative.
AOM_003209,Grass Pea,Crop Byproduct,false,false,false,not_in_form_cohort,,not_in_moisture_cohort,,approved_branch_to_role_translation,By-product role,docs/decisions/0041-feed-material-structural-model.md;docs/decisions/0042-feed-process-and-material-state-axes.md,No reviewed grinding result or governed presentation-form assertion. No reviewed drying process or material-specific moisture evidence. Canonical legacy by-product branch classification translated to explicit productRole; compatibility hierarchy retained.
AOM_003210,Grass Pea Haulm,Crop Byproduct,false,false,false,not_in_form_cohort,,not_in_moisture_cohort,,approved_existing_role,Crop-residue role,docs/decisions/0041-feed-material-structural-model.md;docs/decisions/0042-feed-process-and-material-state-axes.md,No reviewed grinding result or governed presentation-form assertion. No reviewed drying process or material-specific moisture evidence. Existing reviewed product-role assertion remains authoritative.
AOM_003216,Indigofera atriceps,Forage Plants,false,false,false,not_in_form_cohort,,not_in_moisture_cohort,,not_in_role_cohort,,docs/decisions/0041-feed-material-structural-model.md;docs/decisions/0042-feed-process-and-material-state-axes.md,No reviewed grinding result or governed presentation-form assertion. No reviewed drying process or material-specific moisture evidence. No reviewed product-role evidence in this structural cohort.
AOM_003239,Tephrosia polystachyum,Forage Plants,false,false,false,not_in_form_cohort,,not_in_moisture_cohort,,not_in_role_cohort,,docs/decisions/0041-feed-material-structural-model.md;docs/decisions/0042-feed-process-and-material-state-axes.md,No reviewed grinding result or governed presentation-form assertion. No reviewed drying process or material-specific moisture evidence. No reviewed product-role evidence in this structural cohort.
AOM_003266,Taro Root,Crop Byproduct,false,false,false,not_in_form_cohort,,not_in_moisture_cohort,,approved_branch_to_role_translation,By-product role,docs/decisions/0041-feed-material-structural-model.md;docs/decisions/0042-feed-process-and-material-state-axes.md,No reviewed grinding result or governed presentation-form assertion. No reviewed drying process or material-specific moisture evidence. Canonical legacy by-product branch classification translated to explicit productRole; compatibility hierarchy retained.
AOM_003275,Balanites aegyptiaca Leaves,Forage Plants,false,false,false,not_in_form_cohort,,not_in_moisture_cohort,,not_in_role_cohort,,docs/decisions/0041-feed-material-structural-model.md;docs/decisions/0042-feed-process-and-material-state-axes.md,No reviewed grinding result or governed presentation-form assertion. No reviewed drying process or material-specific moisture evidence. No reviewed product-role evidence in this structural cohort.
AOM_003297,Maize Steep Liquor,Crop Byproduct,false,false,false,not_in_form_cohort,,not_in_moisture_cohort,,approved_branch_to_role_translation,By-product role,docs/decisions/0041-feed-material-structural-model.md;docs/decisions/0042-feed-process-and-material-state-axes.md,No reviewed grinding result or governed presentation-form assertion. No reviewed drying process or material-specific moisture evidence. Canonical legacy by-product branch classification translated to explicit productRole; compatibility hierarchy retained.
AOM_003323,Sugar,Crop Product,false,false,false,not_in_form_cohort,,not_in_moisture_cohort,,not_in_role_cohort,,docs/decisions/0041-feed-material-structural-model.md;docs/decisions/0042-feed-process-and-material-state-axes.md,No reviewed grinding result or governed presentation-form assertion. No reviewed drying process or material-specific moisture evidence. No reviewed product-role evidence in this structural cohort.
AOM_003359,Onion Veins,Crop Product,false,false,false,not_in_form_cohort,,not_in_moisture_cohort,,not_in_role_cohort,,docs/decisions/0041-feed-material-structural-model.md;docs/decisions/0042-feed-process-and-material-state-axes.md,No reviewed grinding result or governed presentation-form assertion. No reviewed drying process or material-specific moisture evidence. No reviewed product-role evidence in this structural cohort.
AOM_003385,Brachiaria hybrid,Forage Plants,false,false,false,not_in_form_cohort,,not_in_moisture_cohort,,not_in_role_cohort,,docs/decisions/0041-feed-material-structural-model.md;docs/decisions/0042-feed-process-and-material-state-axes.md,No reviewed grinding result or governed presentation-form assertion. No reviewed drying process or material-specific moisture evidence. No reviewed product-role evidence in this structural cohort.
AOM_003482,Sugar Beet,Crop Byproduct,false,false,false,not_in_form_cohort,,not_in_moisture_cohort,,approved_branch_to_role_translation,By-product role,docs/decisions/0041-feed-material-structural-model.md;docs/decisions/0042-feed-process-and-material-state-axes.md,No reviewed grinding result or governed presentation-form assertion. No reviewed drying process or material-specific moisture evidence. Canonical legacy by-product branch classification translated to explicit productRole; compatibility hierarchy retained.
AOM_003492,Sugar Beet Leaves,Crop Byproduct,false,false,false,not_in_form_cohort,,not_in_moisture_cohort,,approved_branch_to_role_translation,By-product role,docs/decisions/0041-feed-material-structural-model.md;docs/decisions/0042-feed-process-and-material-state-axes.md,No reviewed grinding result or governed presentation-form assertion. No reviewed drying process or material-specific moisture evidence. Canonical legacy by-product branch classification translated to explicit productRole; compatibility hierarchy retained.
AOM_003495,Growers Premix,Preformulated Feed,false,false,false,not_in_form_cohort,,not_in_moisture_cohort,,not_in_role_cohort,,docs/decisions/0041-feed-material-structural-model.md;docs/decisions/0042-feed-process-and-material-state-axes.md,No reviewed grinding result or governed presentation-form assertion. No reviewed drying process or material-specific moisture evidence. No reviewed product-role evidence in this structural cohort.
AOM_003545,Aspilia africana Leaves and Twigs,Forage Plants,false,false,false,not_in_form_cohort,,not_in_moisture_cohort,,not_in_role_cohort,,docs/decisions/0041-feed-material-structural-model.md;docs/decisions/0042-feed-process-and-material-state-axes.md,No reviewed grinding result or governed presentation-form assertion. No reviewed drying process or material-specific moisture evidence. No reviewed product-role evidence in this structural cohort.
AOM_003546,Coffee Pulp,Crop Byproduct,false,false,false,not_in_form_cohort,,not_in_moisture_cohort,,approved_branch_to_role_translation,By-product role,docs/decisions/0041-feed-material-structural-model.md;docs/decisions/0042-feed-process-and-material-state-axes.md,No reviewed grinding result or governed presentation-form assertion. No reviewed drying process or material-specific moisture evidence. Canonical legacy by-product branch classification translated to explicit productRole; compatibility hierarchy retained.
AOM_003549,Centrosema pubescens Leaves,Forage Plants,false,false,false,not_in_form_cohort,,not_in_moisture_cohort,,not_in_role_cohort,,docs/decisions/0041-feed-material-structural-model.md;docs/decisions/0042-feed-process-and-material-state-axes.md,No reviewed grinding result or governed presentation-form assertion. No reviewed drying process or material-specific moisture evidence. No reviewed product-role evidence in this structural cohort.
AOM_003553,Mangifera indica Leaves and Twigs,Forage Plants,false,false,false,not_in_form_cohort,,not_in_moisture_cohort,,not_in_role_cohort,,docs/decisions/0041-feed-material-structural-model.md;docs/decisions/0042-feed-process-and-material-state-axes.md,No reviewed grinding result or governed presentation-form assertion. No reviewed drying process or material-specific moisture evidence. No reviewed product-role evidence in this structural cohort.
AOM_003558,Acioa barteri Leaves and Twigs,Forage Plants,false,false,false,not_in_form_cohort,,not_in_moisture_cohort,,not_in_role_cohort,,docs/decisions/0041-feed-material-structural-model.md;docs/decisions/0042-feed-process-and-material-state-axes.md,No reviewed grinding result or governed presentation-form assertion. No reviewed drying process or material-specific moisture evidence. No reviewed product-role evidence in this structural cohort.
AOM_003565,Cereal Spent Grain,Crop Byproduct,false,false,false,not_in_form_cohort,,not_in_moisture_cohort,,approved_branch_to_role_translation,By-product role,docs/decisions/0041-feed-material-structural-model.md;docs/decisions/0042-feed-process-and-material-state-axes.md,No reviewed grinding result or governed presentation-form assertion. No reviewed drying process or material-specific moisture evidence. Canonical legacy by-product branch classification translated to explicit productRole; compatibility hierarchy retained.
AOM_003567,Cheka Residue,Crop Byproduct,false,false,false,not_in_form_cohort,,not_in_moisture_cohort,,approved_existing_role,Residue role,docs/decisions/0041-feed-material-structural-model.md;docs/decisions/0042-feed-process-and-material-state-axes.md,No reviewed grinding result or governed presentation-form assertion. No reviewed drying process or material-specific moisture evidence. Existing reviewed product-role assertion remains authoritative.
AOM_003577,Commercial Protein Supplement,Supplement,false,false,false,not_in_form_cohort,,not_in_moisture_cohort,,not_in_role_cohort,,docs/decisions/0041-feed-material-structural-model.md;docs/decisions/0042-feed-process-and-material-state-axes.md,No reviewed grinding result or governed presentation-form assertion. No reviewed drying process or material-specific moisture evidence. No reviewed product-role evidence in this structural cohort.
AOM_003582,Anacardium occidentale Leaves and Twigs,Forage Plants,false,false,false,not_in_form_cohort,,not_in_moisture_cohort,,not_in_role_cohort,,docs/decisions/0041-feed-material-structural-model.md;docs/decisions/0042-feed-process-and-material-state-axes.md,No reviewed grinding result or governed presentation-form assertion. No reviewed drying process or material-specific moisture evidence. No reviewed product-role evidence in this structural cohort.
AOM_003596,Grape Seeds,Crop Byproduct,false,false,false,not_in_form_cohort,,not_in_moisture_cohort,,approved_branch_to_role_translation,By-product role,docs/decisions/0041-feed-material-structural-model.md;docs/decisions/0042-feed-process-and-material-state-axes.md,No reviewed grinding result or governed presentation-form assertion. No reviewed drying process or material-specific moisture evidence. Canonical legacy by-product branch classification translated to explicit productRole; compatibility hierarchy retained.
AOM_003646,Khat Leftover,Crop Byproduct,false,false,false,not_in_form_cohort,,not_in_moisture_cohort,,approved_existing_role,Waste role,docs/decisions/0041-feed-material-structural-model.md;docs/decisions/0042-feed-process-and-material-state-axes.md,No reviewed grinding result or governed presentation-form assertion. No reviewed drying process or material-specific moisture evidence. Existing reviewed product-role assertion remains authoritative.
AOM_003668,Phyllanthus amarus Leaves,Forage Plants,false,false,false,not_in_form_cohort,,not_in_moisture_cohort,,not_in_role_cohort,,docs/decisions/0041-feed-material-structural-model.md;docs/decisions/0042-feed-process-and-material-state-axes.md,No reviewed grinding result or governed presentation-form assertion. No reviewed drying process or material-specific moisture evidence. No reviewed product-role evidence in this structural cohort.
AOM_003677,Panicum,Forage Plants,false,false,false,not_in_form_cohort,,not_in_moisture_cohort,,not_in_role_cohort,,docs/decisions/0041-feed-material-structural-model.md;docs/decisions/0042-feed-process-and-material-state-axes.md,No reviewed grinding result or governed presentation-form assertion. No reviewed drying process or material-specific moisture evidence. No reviewed product-role evidence in this structural cohort.
AOM_003683,Mangifera indica Leaves,Forage Plants,false,false,false,not_in_form_cohort,,not_in_moisture_cohort,,not_in_role_cohort,,docs/decisions/0041-feed-material-structural-model.md;docs/decisions/0042-feed-process-and-material-state-axes.md,No reviewed grinding result or governed presentation-form assertion. No reviewed drying process or material-specific moisture evidence. No reviewed product-role evidence in this structural cohort.
AOM_003690,Poultry Litter Ground,Animal Manures,true,false,true,approved_comminuted_form,Comminuted particle form,not_in_moisture_cohort,,not_in_role_cohort,,docs/decisions/0041-feed-material-structural-model.md;docs/decisions/0042-feed-process-and-material-state-axes.md,"Approved Grinding process supports broad comminuted-particle presentation; bulk consistency, moisture, particle size, and meal/powder subtype remain unspecified. No reviewed drying process or material-specific moisture evidence. No reviewed product-role evidence in this structural cohort."
AOM_003691,Pterocarpus erinaceus Leaves and Twigs,Forage Plants,false,false,false,not_in_form_cohort,,not_in_moisture_cohort,,not_in_role_cohort,,docs/decisions/0041-feed-material-structural-model.md;docs/decisions/0042-feed-process-and-material-state-axes.md,No reviewed grinding result or governed presentation-form assertion. No reviewed drying process or material-specific moisture evidence. No reviewed product-role evidence in this structural cohort.
AOM_003692,Rice Straw Molasses Treated,Crop Byproduct,false,false,false,not_in_form_cohort,,not_in_moisture_cohort,,approved_branch_to_role_translation,By-product role,docs/decisions/0041-feed-material-structural-model.md;docs/decisions/0042-feed-process-and-material-state-axes.md,No reviewed grinding result or governed presentation-form assertion. No reviewed drying process or material-specific moisture evidence. Canonical legacy by-product branch classification translated to explicit productRole; compatibility hierarchy retained.
AOM_003693,Vachellia polyacantha,Forage Plants,false,false,false,not_in_form_cohort,,not_in_moisture_cohort,,not_in_role_cohort,,docs/decisions/0041-feed-material-structural-model.md;docs/decisions/0042-feed-process-and-material-state-axes.md,No reviewed grinding result or governed presentation-form assertion. No reviewed drying process or material-specific moisture evidence. No reviewed product-role evidence in this structural cohort.
AOM_003694,Vachellia erioloba,Forage Plants,false,false,false,not_in_form_cohort,,not_in_moisture_cohort,,not_in_role_cohort,,docs/decisions/0041-feed-material-structural-model.md;docs/decisions/0042-feed-process-and-material-state-axes.md,No reviewed grinding result or governed presentation-form assertion. No reviewed drying process or material-specific moisture evidence. No reviewed product-role evidence in this structural cohort.
AOM_003697,Mucuna pruriens Protein Isolate,Forage Plants,false,false,false,not_in_form_cohort,,not_in_moisture_cohort,,not_in_role_cohort,,docs/decisions/0041-feed-material-structural-model.md;docs/decisions/0042-feed-process-and-material-state-axes.md,No reviewed grinding result or governed presentation-form assertion. No reviewed drying process or material-specific moisture evidence. No reviewed product-role evidence in this structural cohort.
AOM_003700,Coconut Oil,Crop Product,false,false,false,not_in_form_cohort,,not_in_moisture_cohort,,not_in_role_cohort,,docs/decisions/0041-feed-material-structural-model.md;docs/decisions/0042-feed-process-and-material-state-axes.md,No reviewed grinding result or governed presentation-form assertion. No reviewed drying process or material-specific moisture evidence. No reviewed product-role evidence in this structural cohort.
AOM_003703,Acacia auriculiformis Leaves,Forage Plants,false,false,false,not_in_form_cohort,,not_in_moisture_cohort,,not_in_role_cohort,,docs/decisions/0041-feed-material-structural-model.md;docs/decisions/0042-feed-process-and-material-state-axes.md,No reviewed grinding result or governed presentation-form assertion. No reviewed drying process or material-specific moisture evidence. No reviewed product-role evidence in this structural cohort.
AOM_003747,Axtra XAP,Supplement,false,false,false,not_in_form_cohort,,not_in_moisture_cohort,,not_in_role_cohort,,docs/decisions/0041-feed-material-structural-model.md;docs/decisions/0042-feed-process-and-material-state-axes.md,No reviewed grinding result or governed presentation-form assertion. No reviewed drying process or material-specific moisture evidence. No reviewed product-role evidence in this structural cohort.
AOM_003749,Natuzyme,Supplement,false,false,false,not_in_form_cohort,,not_in_moisture_cohort,,not_in_role_cohort,,docs/decisions/0041-feed-material-structural-model.md;docs/decisions/0042-feed-process-and-material-state-axes.md,No reviewed grinding result or governed presentation-form assertion. No reviewed drying process or material-specific moisture evidence. No reviewed product-role evidence in this structural cohort.
AOM_003760,Lime Slaked,Supplement,false,false,false,not_in_form_cohort,,not_in_moisture_cohort,,not_in_role_cohort,,docs/decisions/0041-feed-material-structural-model.md;docs/decisions/0042-feed-process-and-material-state-axes.md,No reviewed grinding result or governed presentation-form assertion. No reviewed drying process or material-specific moisture evidence. No reviewed product-role evidence in this structural cohort.
AOM_003815,Date Discarded Ground,Crop Byproduct,true,false,false,approved_comminuted_form,Comminuted particle form,not_in_moisture_cohort,,approved_branch_to_role_translation,By-product role,docs/decisions/0041-feed-material-structural-model.md;docs/decisions/0042-feed-process-and-material-state-axes.md,"Approved Grinding process supports broad comminuted-particle presentation; bulk consistency, moisture, particle size, and meal/powder subtype remain unspecified. No reviewed drying process or material-specific moisture evidence. Canonical legacy by-product branch classification translated to explicit productRole; compatibility hierarchy retained."
AOM_003829,Bread Waste,Other Ingredients,false,false,false,not_in_form_cohort,,not_in_moisture_cohort,,not_in_role_cohort,,docs/decisions/0041-feed-material-structural-model.md;docs/decisions/0042-feed-process-and-material-state-axes.md,No reviewed grinding result or governed presentation-form assertion. No reviewed drying process or material-specific moisture evidence. No reviewed product-role evidence in this structural cohort.
AOM_003853,Sweet Potato Vine Dried,Crop Byproduct,false,true,false,not_in_form_cohort,,approved_dried_from_process,Dried moisture condition,approved_branch_to_role_translation,By-product role,docs/decisions/0041-feed-material-structural-model.md;docs/decisions/0042-feed-process-and-material-state-axes.md,No reviewed grinding result or governed presentation-form assertion. Approved Drying process supports dried moisture condition without implying one presentation form. Canonical legacy by-product branch classification translated to explicit productRole; compatibility hierarchy retained.
AOM_003854,Rice Milling Waste,Crop Byproduct,false,false,false,not_in_form_cohort,,not_in_moisture_cohort,,approved_existing_role,Waste role,docs/decisions/0041-feed-material-structural-model.md;docs/decisions/0042-feed-process-and-material-state-axes.md,No reviewed grinding result or governed presentation-form assertion. No reviewed drying process or material-specific moisture evidence. Existing reviewed product-role assertion remains authoritative.
AOM_003858,Groundnut Veins,Crop Byproduct,false,false,false,not_in_form_cohort,,not_in_moisture_cohort,,approved_branch_to_role_translation,By-product role,docs/decisions/0041-feed-material-structural-model.md;docs/decisions/0042-feed-process-and-material-state-axes.md,No reviewed grinding result or governed presentation-form assertion. No reviewed drying process or material-specific moisture evidence. Canonical legacy by-product branch classification translated to explicit productRole; compatibility hierarchy retained.
AOM_003870,Rabbit Pellet,Preformulated Feed,false,false,false,approved_existing_specific_form,Pellet form,not_in_moisture_cohort,,not_in_role_cohort,,docs/decisions/0041-feed-material-structural-model.md;docs/decisions/0042-feed-process-and-material-state-axes.md,Existing reviewed presentation-form assertion remains authoritative. No reviewed drying process or material-specific moisture evidence. No reviewed product-role evidence in this structural cohort.
AOM_003878,L-Tryptophan,Supplement,false,false,false,not_in_form_cohort,,not_in_moisture_cohort,,not_in_role_cohort,,docs/decisions/0041-feed-material-structural-model.md;docs/decisions/0042-feed-process-and-material-state-axes.md,No reviewed grinding result or governed presentation-form assertion. No reviewed drying process or material-specific moisture evidence. No reviewed product-role evidence in this structural cohort.
AOM_003879,Cochlospermum planchonii Rhizomes,Forage Plants,false,false,false,not_in_form_cohort,,not_in_moisture_cohort,,not_in_role_cohort,,docs/decisions/0041-feed-material-structural-model.md;docs/decisions/0042-feed-process-and-material-state-axes.md,No reviewed grinding result or governed presentation-form assertion. No reviewed drying process or material-specific moisture evidence. No reviewed product-role evidence in this structural cohort.
AOM_003885,Citrus Pulp,Crop Byproduct,false,false,false,not_in_form_cohort,,not_in_moisture_cohort,,approved_branch_to_role_translation,By-product role,docs/decisions/0041-feed-material-structural-model.md;docs/decisions/0042-feed-process-and-material-state-axes.md,No reviewed grinding result or governed presentation-form assertion. No reviewed drying process or material-specific moisture evidence. Canonical legacy by-product branch classification translated to explicit productRole; compatibility hierarchy retained.
AOM_003887,Rosemary Residues,Crop Product,false,false,false,not_in_form_cohort,,not_in_moisture_cohort,,approved_existing_role,Residue role,docs/decisions/0041-feed-material-structural-model.md;docs/decisions/0042-feed-process-and-material-state-axes.md,No reviewed grinding result or governed presentation-form assertion. No reviewed drying process or material-specific moisture evidence. Existing reviewed product-role assertion remains authoritative.
AOM_003889,Bole Soil,Supplement,false,false,false,not_in_form_cohort,,not_in_moisture_cohort,,not_in_role_cohort,,docs/decisions/0041-feed-material-structural-model.md;docs/decisions/0042-feed-process-and-material-state-axes.md,No reviewed grinding result or governed presentation-form assertion. No reviewed drying process or material-specific moisture evidence. No reviewed product-role evidence in this structural cohort.
AOM_003890,Argan Seed Cake,Crop Byproduct,false,false,false,not_in_form_cohort,,not_in_moisture_cohort,,approved_branch_to_role_translation,By-product role,docs/decisions/0041-feed-material-structural-model.md;docs/decisions/0042-feed-process-and-material-state-axes.md,No reviewed grinding result or governed presentation-form assertion. No reviewed drying process or material-specific moisture evidence. Canonical legacy by-product branch classification translated to explicit productRole; compatibility hierarchy retained.
AOM_003891,Orange Pulp,Crop Byproduct,false,false,false,not_in_form_cohort,,not_in_moisture_cohort,,approved_branch_to_role_translation,By-product role,docs/decisions/0041-feed-material-structural-model.md;docs/decisions/0042-feed-process-and-material-state-axes.md,No reviewed grinding result or governed presentation-form assertion. No reviewed drying process or material-specific moisture evidence. Canonical legacy by-product branch classification translated to explicit productRole; compatibility hierarchy retained.
AOM_003892,Argan Pulp,Crop Byproduct,false,false,false,not_in_form_cohort,,not_in_moisture_cohort,,approved_branch_to_role_translation,By-product role,docs/decisions/0041-feed-material-structural-model.md;docs/decisions/0042-feed-process-and-material-state-axes.md,No reviewed grinding result or governed presentation-form assertion. No reviewed drying process or material-specific moisture evidence. Canonical legacy by-product branch classification translated to explicit productRole; compatibility hierarchy retained.
AOM_003893,Bambusa balcooa,Forage Plants,false,false,false,not_in_form_cohort,,not_in_moisture_cohort,,not_in_role_cohort,,docs/decisions/0041-feed-material-structural-model.md;docs/decisions/0042-feed-process-and-material-state-axes.md,No reviewed grinding result or governed presentation-form assertion. No reviewed drying process or material-specific moisture evidence. No reviewed product-role evidence in this structural cohort.
AOM_003894,Carob Ground,Crop Byproduct,true,false,false,approved_comminuted_form,Comminuted particle form,not_in_moisture_cohort,,approved_branch_to_role_translation,By-product role,docs/decisions/0041-feed-material-structural-model.md;docs/decisions/0042-feed-process-and-material-state-axes.md,"Approved Grinding process supports broad comminuted-particle presentation; bulk consistency, moisture, particle size, and meal/powder subtype remain unspecified. No reviewed drying process or material-specific moisture evidence. Canonical legacy by-product branch classification translated to explicit productRole; compatibility hierarchy retained."
AOM_003895,Bambusa vulgaris Leaves,Forage Plants,false,false,false,not_in_form_cohort,,not_in_moisture_cohort,,not_in_role_cohort,,docs/decisions/0041-feed-material-structural-model.md;docs/decisions/0042-feed-process-and-material-state-axes.md,No reviewed grinding result or governed presentation-form assertion. No reviewed drying process or material-specific moisture evidence. No reviewed product-role evidence in this structural cohort.
AOM_003896,Dendrocalamus giganteus Leaves,Forage Plants,false,false,false,not_in_form_cohort,,not_in_moisture_cohort,,not_in_role_cohort,,docs/decisions/0041-feed-material-structural-model.md;docs/decisions/0042-feed-process-and-material-state-axes.md,No reviewed grinding result or governed presentation-form assertion. No reviewed drying process or material-specific moisture evidence. No reviewed product-role evidence in this structural cohort.
AOM_003897,Jojoba Ground,Crop Byproduct,true,false,true,approved_comminuted_form,Comminuted particle form,not_in_moisture_cohort,,approved_branch_to_role_translation,By-product role,docs/decisions/0041-feed-material-structural-model.md;docs/decisions/0042-feed-process-and-material-state-axes.md,"Approved Grinding process supports broad comminuted-particle presentation; bulk consistency, moisture, particle size, and meal/powder subtype remain unspecified. No reviewed drying process or material-specific moisture evidence. Canonical legacy by-product branch classification translated to explicit productRole; compatibility hierarchy retained."
AOM_003898,Ficus exasperata,Forage Plants,false,false,false,not_in_form_cohort,,not_in_moisture_cohort,,not_in_role_cohort,,docs/decisions/0041-feed-material-structural-model.md;docs/decisions/0042-feed-process-and-material-state-axes.md,No reviewed grinding result or governed presentation-form assertion. No reviewed drying process or material-specific moisture evidence. No reviewed product-role evidence in this structural cohort.
AOM_003899,Spondias mombin,Forage Plants,false,false,false,not_in_form_cohort,,not_in_moisture_cohort,,not_in_role_cohort,,docs/decisions/0041-feed-material-structural-model.md;docs/decisions/0042-feed-process-and-material-state-axes.md,No reviewed grinding result or governed presentation-form assertion. No reviewed drying process or material-specific moisture evidence. No reviewed product-role evidence in this structural cohort.
AOM_003900,Citrus aurantifolia Leaves,Forage Plants,false,false,false,not_in_form_cohort,,not_in_moisture_cohort,,not_in_role_cohort,,docs/decisions/0041-feed-material-structural-model.md;docs/decisions/0042-feed-process-and-material-state-axes.md,No reviewed grinding result or governed presentation-form assertion. No reviewed drying process or material-specific moisture evidence. No reviewed product-role evidence in this structural cohort.
AOM_003901,Occicum gatissimum Leaves,Forage Plants,false,false,false,not_in_form_cohort,,not_in_moisture_cohort,,not_in_role_cohort,,docs/decisions/0041-feed-material-structural-model.md;docs/decisions/0042-feed-process-and-material-state-axes.md,No reviewed grinding result or governed presentation-form assertion. No reviewed drying process or material-specific moisture evidence. No reviewed product-role evidence in this structural cohort.
AOM_003902,Vernonia amygdalina Leaves,Forage Plants,false,false,false,not_in_form_cohort,,not_in_moisture_cohort,,not_in_role_cohort,,docs/decisions/0041-feed-material-structural-model.md;docs/decisions/0042-feed-process-and-material-state-axes.md,No reviewed grinding result or governed presentation-form assertion. No reviewed drying process or material-specific moisture evidence. No reviewed product-role evidence in this structural cohort.
AOM_003903,Moringa oleifera Leaves,Forage Plants,false,false,false,not_in_form_cohort,,not_in_moisture_cohort,,not_in_role_cohort,,docs/decisions/0041-feed-material-structural-model.md;docs/decisions/0042-feed-process-and-material-state-axes.md,No reviewed grinding result or governed presentation-form assertion. No reviewed drying process or material-specific moisture evidence. No reviewed product-role evidence in this structural cohort.
AOM_003905,Trachyspermum ammi Seed,Forage Plants,false,false,false,not_in_form_cohort,,not_in_moisture_cohort,,not_in_role_cohort,,docs/decisions/0041-feed-material-structural-model.md;docs/decisions/0042-feed-process-and-material-state-axes.md,No reviewed grinding result or governed presentation-form assertion. No reviewed drying process or material-specific moisture evidence. No reviewed product-role evidence in this structural cohort.
AOM_003906,Quercus ilex Nut,Forage Plants,false,false,false,not_in_form_cohort,,not_in_moisture_cohort,,not_in_role_cohort,,docs/decisions/0041-feed-material-structural-model.md;docs/decisions/0042-feed-process-and-material-state-axes.md,No reviewed grinding result or governed presentation-form assertion. No reviewed drying process or material-specific moisture evidence. No reviewed product-role evidence in this structural cohort.
AOM_003907,Forest Pasture,Forage Plants,false,false,false,not_in_form_cohort,,not_in_moisture_cohort,,not_in_role_cohort,,docs/decisions/0041-feed-material-structural-model.md;docs/decisions/0042-feed-process-and-material-state-axes.md,No reviewed grinding result or governed presentation-form assertion. No reviewed drying process or material-specific moisture evidence. No reviewed product-role evidence in this structural cohort.
AOM_003908,Acacia seyal,Forage Plants,false,false,false,not_in_form_cohort,,not_in_moisture_cohort,,not_in_role_cohort,,docs/decisions/0041-feed-material-structural-model.md;docs/decisions/0042-feed-process-and-material-state-axes.md,No reviewed grinding result or governed presentation-form assertion. No reviewed drying process or material-specific moisture evidence. No reviewed product-role evidence in this structural cohort.
AOM_003909,Millettia ferruginea,Forage Plants,false,false,false,not_in_form_cohort,,not_in_moisture_cohort,,not_in_role_cohort,,docs/decisions/0041-feed-material-structural-model.md;docs/decisions/0042-feed-process-and-material-state-axes.md,No reviewed grinding result or governed presentation-form assertion. No reviewed drying process or material-specific moisture evidence. No reviewed product-role evidence in this structural cohort.
AOM_003910,Legume Mixtures Weeds,Forage Plants,false,false,false,not_in_form_cohort,,not_in_moisture_cohort,,not_in_role_cohort,,docs/decisions/0041-feed-material-structural-model.md;docs/decisions/0042-feed-process-and-material-state-axes.md,No reviewed grinding result or governed presentation-form assertion. No reviewed drying process or material-specific moisture evidence. No reviewed product-role evidence in this structural cohort.
AOM_003911,Cassava Sieviate,Crop Byproduct,false,false,false,not_in_form_cohort,,not_in_moisture_cohort,,approved_existing_role,Residue role,docs/decisions/0041-feed-material-structural-model.md;docs/decisions/0042-feed-process-and-material-state-axes.md,No reviewed grinding result or governed presentation-form assertion. No reviewed drying process or material-specific moisture evidence. Existing reviewed product-role assertion remains authoritative.
AOM_003912,Megathyrsus maximus Leaves,Forage Plants,false,false,false,not_in_form_cohort,,not_in_moisture_cohort,,not_in_role_cohort,,docs/decisions/0041-feed-material-structural-model.md;docs/decisions/0042-feed-process-and-material-state-axes.md,No reviewed grinding result or governed presentation-form assertion. No reviewed drying process or material-specific moisture evidence. No reviewed product-role evidence in this structural cohort.
AOM_003913,Bridelia ferruginea Leaves,Forage Plants,false,false,false,not_in_form_cohort,,not_in_moisture_cohort,,not_in_role_cohort,,docs/decisions/0041-feed-material-structural-model.md;docs/decisions/0042-feed-process-and-material-state-axes.md,No reviewed grinding result or governed presentation-form assertion. No reviewed drying process or material-specific moisture evidence. No reviewed product-role evidence in this structural cohort.
AOM_003914,Bambusa balcooa Leaves,Forage Plants,false,false,false,not_in_form_cohort,,not_in_moisture_cohort,,not_in_role_cohort,,docs/decisions/0041-feed-material-structural-model.md;docs/decisions/0042-feed-process-and-material-state-axes.md,No reviewed grinding result or governed presentation-form assertion. No reviewed drying process or material-specific moisture evidence. No reviewed product-role evidence in this structural cohort.
AOM_003915,Oxytenanthera abyssinica Leaves,Forage Plants,false,false,false,not_in_form_cohort,,not_in_moisture_cohort,,not_in_role_cohort,,docs/decisions/0041-feed-material-structural-model.md;docs/decisions/0042-feed-process-and-material-state-axes.md,No reviewed grinding result or governed presentation-form assertion. No reviewed drying process or material-specific moisture evidence. No reviewed product-role evidence in this structural cohort.
AOM_003916,Digitaria,Forage Plants,false,false,false,not_in_form_cohort,,not_in_moisture_cohort,,not_in_role_cohort,,docs/decisions/0041-feed-material-structural-model.md;docs/decisions/0042-feed-process-and-material-state-axes.md,No reviewed grinding result or governed presentation-form assertion. No reviewed drying process or material-specific moisture evidence. No reviewed product-role evidence in this structural cohort.
AOM_003917,Cassava Vinasse,Crop Byproduct,false,false,true,held_meal_without_process_evidence,,not_in_moisture_cohort,,approved_existing_role,Residue role,docs/decisions/0041-feed-material-structural-model.md;docs/decisions/0042-feed-process-and-material-state-axes.md,"Meal lexical evidence alone may identify a compound feed, material name, or processed form; no presentation-form assertion promoted. No reviewed drying process or material-specific moisture evidence. Existing reviewed product-role assertion remains authoritative."
AOM_003918,African Yam Bean Ground,Crop Byproduct,true,false,true,approved_comminuted_form,Comminuted particle form,not_in_moisture_cohort,,approved_branch_to_role_translation,By-product role,docs/decisions/0041-feed-material-structural-model.md;docs/decisions/0042-feed-process-and-material-state-axes.md,"Approved Grinding process supports broad comminuted-particle presentation; bulk consistency, moisture, particle size, and meal/powder subtype remain unspecified. No reviewed drying process or material-specific moisture evidence. Canonical legacy by-product branch classification translated to explicit productRole; compatibility hierarchy retained."
AOM_003919,Delonix regia Seed,Forage Plants,false,false,false,not_in_form_cohort,,not_in_moisture_cohort,,not_in_role_cohort,,docs/decisions/0041-feed-material-structural-model.md;docs/decisions/0042-feed-process-and-material-state-axes.md,No reviewed grinding result or governed presentation-form assertion. No reviewed drying process or material-specific moisture evidence. No reviewed product-role evidence in this structural cohort.
AOM_003920,Hevea brasiliensis Seed Cake Boiled Dried Ground,Forage Plants,true,true,false,approved_comminuted_form,Comminuted particle form,approved_dried_from_process,Dried moisture condition,not_in_role_cohort,,docs/decisions/0041-feed-material-structural-model.md;docs/decisions/0042-feed-process-and-material-state-axes.md,"Approved Grinding process supports broad comminuted-particle presentation; bulk consistency, moisture, particle size, and meal/powder subtype remain unspecified. Approved Drying process supports dried moisture condition without implying one presentation form. No reviewed product-role evidence in this structural cohort."
AOM_003921,Hermosa sidoides,Forage Plants,false,false,false,not_in_form_cohort,,not_in_moisture_cohort,,not_in_role_cohort,,docs/decisions/0041-feed-material-structural-model.md;docs/decisions/0042-feed-process-and-material-state-axes.md,No reviewed grinding result or governed presentation-form assertion. No reviewed drying process or material-specific moisture evidence. No reviewed product-role evidence in this structural cohort.
AOM_003926,Vitex doniana Leaves,Forage Plants,false,false,false,not_in_form_cohort,,not_in_moisture_cohort,,not_in_role_cohort,,docs/decisions/0041-feed-material-structural-model.md;docs/decisions/0042-feed-process-and-material-state-axes.md,No reviewed grinding result or governed presentation-form assertion. No reviewed drying process or material-specific moisture evidence. No reviewed product-role evidence in this structural cohort.
AOM_003927,Cowpea Residue,Crop Byproduct,false,false,false,not_in_form_cohort,,not_in_moisture_cohort,,approved_existing_role,Residue role,docs/decisions/0041-feed-material-structural-model.md;docs/decisions/0042-feed-process-and-material-state-axes.md,No reviewed grinding result or governed presentation-form assertion. No reviewed drying process or material-specific moisture evidence. Existing reviewed product-role assertion remains authoritative.
AOM_003928,Sesame Residue,Crop Byproduct,false,false,false,not_in_form_cohort,,not_in_moisture_cohort,,approved_existing_role,Residue role,docs/decisions/0041-feed-material-structural-model.md;docs/decisions/0042-feed-process-and-material-state-axes.md,No reviewed grinding result or governed presentation-form assertion. No reviewed drying process or material-specific moisture evidence. Existing reviewed product-role assertion remains authoritative.
AOM_003929,Lima Bean Vein,Crop Byproduct,false,false,false,not_in_form_cohort,,not_in_moisture_cohort,,approved_branch_to_role_translation,By-product role,docs/decisions/0041-feed-material-structural-model.md;docs/decisions/0042-feed-process-and-material-state-axes.md,No reviewed grinding result or governed presentation-form assertion. No reviewed drying process or material-specific moisture evidence. Canonical legacy by-product branch classification translated to explicit productRole; compatibility hierarchy retained.
AOM_003930,Soybean Cheese Waste,Crop Byproduct,false,false,false,not_in_form_cohort,,not_in_moisture_cohort,,approved_branch_to_role_translation,By-product role,docs/decisions/0041-feed-material-structural-model.md;docs/decisions/0042-feed-process-and-material-state-axes.md,No reviewed grinding result or governed presentation-form assertion. No reviewed drying process or material-specific moisture evidence. Canonical legacy by-product branch classification translated to explicit productRole; compatibility hierarchy retained.
AOM_003931,Typha domingensis,Forage Plants,false,false,false,not_in_form_cohort,,not_in_moisture_cohort,,not_in_role_cohort,,docs/decisions/0041-feed-material-structural-model.md;docs/decisions/0042-feed-process-and-material-state-axes.md,No reviewed grinding result or governed presentation-form assertion. No reviewed drying process or material-specific moisture evidence. No reviewed product-role evidence in this structural cohort.
AOM_003933,Watermelon Vine,Crop Byproduct,false,false,false,not_in_form_cohort,,not_in_moisture_cohort,,approved_branch_to_role_translation,By-product role,docs/decisions/0041-feed-material-structural-model.md;docs/decisions/0042-feed-process-and-material-state-axes.md,No reviewed grinding result or governed presentation-form assertion. No reviewed drying process or material-specific moisture evidence. Canonical legacy by-product branch classification translated to explicit productRole; compatibility hierarchy retained.
AOM_003950,Vitex doniana Leaves Ground,Forage Plants,true,false,true,approved_comminuted_form,Comminuted particle form,not_in_moisture_cohort,,not_in_role_cohort,,docs/decisions/0041-feed-material-structural-model.md;docs/decisions/0042-feed-process-and-material-state-axes.md,"Approved Grinding process supports broad comminuted-particle presentation; bulk consistency, moisture, particle size, and meal/powder subtype remain unspecified. No reviewed drying process or material-specific moisture evidence. No reviewed product-role evidence in this structural cohort."
AOM_003954,Jatropha curcas Leaves,Forage Plants,false,false,false,not_in_form_cohort,,not_in_moisture_cohort,,not_in_role_cohort,,docs/decisions/0041-feed-material-structural-model.md;docs/decisions/0042-feed-process-and-material-state-axes.md,No reviewed grinding result or governed presentation-form assertion. No reviewed drying process or material-specific moisture evidence. No reviewed product-role evidence in this structural cohort.
AOM_003960,Common bean vine,Crop Byproduct,false,false,false,not_in_form_cohort,,not_in_moisture_cohort,,approved_branch_to_role_translation,By-product role,docs/decisions/0041-feed-material-structural-model.md;docs/decisions/0042-feed-process-and-material-state-axes.md,No reviewed grinding result or governed presentation-form assertion. No reviewed drying process or material-specific moisture evidence. Canonical legacy by-product branch classification translated to explicit productRole; compatibility hierarchy retained.
AOM_003961,Acacia tortilis Pods,Forage Plants,false,false,false,not_in_form_cohort,,not_in_moisture_cohort,,not_in_role_cohort,,docs/decisions/0041-feed-material-structural-model.md;docs/decisions/0042-feed-process-and-material-state-axes.md,No reviewed grinding result or governed presentation-form assertion. No reviewed drying process or material-specific moisture evidence. No reviewed product-role evidence in this structural cohort.
AOM_003962,Desmodium tortuosom,Forage Plants,false,false,false,not_in_form_cohort,,not_in_moisture_cohort,,not_in_role_cohort,,docs/decisions/0041-feed-material-structural-model.md;docs/decisions/0042-feed-process-and-material-state-axes.md,No reviewed grinding result or governed presentation-form assertion. No reviewed drying process or material-specific moisture evidence. No reviewed product-role evidence in this structural cohort.
AOM_003970,Adansonia digitata Seed Cake Ground,Forage Plants,true,false,true,approved_comminuted_form,Comminuted particle form,not_in_moisture_cohort,,not_in_role_cohort,,docs/decisions/0041-feed-material-structural-model.md;docs/decisions/0042-feed-process-and-material-state-axes.md,"Approved Grinding process supports broad comminuted-particle presentation; bulk consistency, moisture, particle size, and meal/powder subtype remain unspecified. No reviewed drying process or material-specific moisture evidence. No reviewed product-role evidence in this structural cohort."
AOM_003971,Moringa oleifera Seed,Forage Plants,false,false,false,not_in_form_cohort,,not_in_moisture_cohort,,not_in_role_cohort,,docs/decisions/0041-feed-material-structural-model.md;docs/decisions/0042-feed-process-and-material-state-axes.md,No reviewed grinding result or governed presentation-form assertion. No reviewed drying process or material-specific moisture evidence. No reviewed product-role evidence in this structural cohort.
AOM_003972,Cassava Leaves and Twigs,Crop Byproduct,false,false,false,not_in_form_cohort,,not_in_moisture_cohort,,approved_branch_to_role_translation,By-product role,docs/decisions/0041-feed-material-structural-model.md;docs/decisions/0042-feed-process-and-material-state-axes.md,No reviewed grinding result or governed presentation-form assertion. No reviewed drying process or material-specific moisture evidence. Canonical legacy by-product branch classification translated to explicit productRole; compatibility hierarchy retained.
AOM_003973,Cotton Seed,Crop Byproduct,false,false,false,not_in_form_cohort,,not_in_moisture_cohort,,approved_branch_to_role_translation,By-product role,docs/decisions/0041-feed-material-structural-model.md;docs/decisions/0042-feed-process-and-material-state-axes.md,No reviewed grinding result or governed presentation-form assertion. No reviewed drying process or material-specific moisture evidence. Canonical legacy by-product branch classification translated to explicit productRole; compatibility hierarchy retained.
AOM_003977,Tridax procumbens,Forage Plants,false,false,false,not_in_form_cohort,,not_in_moisture_cohort,,not_in_role_cohort,,docs/decisions/0041-feed-material-structural-model.md;docs/decisions/0042-feed-process-and-material-state-axes.md,No reviewed grinding result or governed presentation-form assertion. No reviewed drying process or material-specific moisture evidence. No reviewed product-role evidence in this structural cohort.
AOM_003978,Cassava Starch Residue,Crop Byproduct,false,false,false,not_in_form_cohort,,not_in_moisture_cohort,,approved_existing_role,Residue role,docs/decisions/0041-feed-material-structural-model.md;docs/decisions/0042-feed-process-and-material-state-axes.md,No reviewed grinding result or governed presentation-form assertion. No reviewed drying process or material-specific moisture evidence. Existing reviewed product-role assertion remains authoritative.
AOM_003980,Colostrum,Animal,false,false,false,not_in_form_cohort,,not_in_moisture_cohort,,not_in_role_cohort,,docs/decisions/0041-feed-material-structural-model.md;docs/decisions/0042-feed-process-and-material-state-axes.md,No reviewed grinding result or governed presentation-form assertion. No reviewed drying process or material-specific moisture evidence. No reviewed product-role evidence in this structural cohort.
AOM_003981,Ziziphus jujuba leaves,Forage Plants,false,false,false,not_in_form_cohort,,not_in_moisture_cohort,,not_in_role_cohort,,docs/decisions/0041-feed-material-structural-model.md;docs/decisions/0042-feed-process-and-material-state-axes.md,No reviewed grinding result or governed presentation-form assertion. No reviewed drying process or material-specific moisture evidence. No reviewed product-role evidence in this structural cohort.
AOM_003984,Viscum album,Forage Plants,false,false,false,not_in_form_cohort,,not_in_moisture_cohort,,not_in_role_cohort,,docs/decisions/0041-feed-material-structural-model.md;docs/decisions/0042-feed-process-and-material-state-axes.md,No reviewed grinding result or governed presentation-form assertion. No reviewed drying process or material-specific moisture evidence. No reviewed product-role evidence in this structural cohort.
AOM_003987,Pericopis laxiflora,Forage Plants,false,false,false,not_in_form_cohort,,not_in_moisture_cohort,,not_in_role_cohort,,docs/decisions/0041-feed-material-structural-model.md;docs/decisions/0042-feed-process-and-material-state-axes.md,No reviewed grinding result or governed presentation-form assertion. No reviewed drying process or material-specific moisture evidence. No reviewed product-role evidence in this structural cohort.
AOM_003989,Myrtus communis Leaves,Forage Plants,false,false,false,not_in_form_cohort,,not_in_moisture_cohort,,not_in_role_cohort,,docs/decisions/0041-feed-material-structural-model.md;docs/decisions/0042-feed-process-and-material-state-axes.md,No reviewed grinding result or governed presentation-form assertion. No reviewed drying process or material-specific moisture evidence. No reviewed product-role evidence in this structural cohort.
AOM_003991,Ruminant Premix,Preformulated Feed,false,false,false,not_in_form_cohort,,not_in_moisture_cohort,,not_in_role_cohort,,docs/decisions/0041-feed-material-structural-model.md;docs/decisions/0042-feed-process-and-material-state-axes.md,No reviewed grinding result or governed presentation-form assertion. No reviewed drying process or material-specific moisture evidence. No reviewed product-role evidence in this structural cohort.
AOM_003994,Poly-enzyme,Supplement,false,false,false,not_in_form_cohort,,not_in_moisture_cohort,,not_in_role_cohort,,docs/decisions/0041-feed-material-structural-model.md;docs/decisions/0042-feed-process-and-material-state-axes.md,No reviewed grinding result or governed presentation-form assertion. No reviewed drying process or material-specific moisture evidence. No reviewed product-role evidence in this structural cohort.
AOM_003995,Lamb and Ewe Pellet,Preformulated Feed,false,false,false,approved_existing_specific_form,Pellet form,not_in_moisture_cohort,,not_in_role_cohort,,docs/decisions/0041-feed-material-structural-model.md;docs/decisions/0042-feed-process-and-material-state-axes.md,Existing reviewed presentation-form assertion remains authoritative. No reviewed drying process or material-specific moisture evidence. No reviewed product-role evidence in this structural cohort.
AOM_003996,Sweet Basil,Supplement,false,false,false,not_in_form_cohort,,not_in_moisture_cohort,,not_in_role_cohort,,docs/decisions/0041-feed-material-structural-model.md;docs/decisions/0042-feed-process-and-material-state-axes.md,No reviewed grinding result or governed presentation-form assertion. No reviewed drying process or material-specific moisture evidence. No reviewed product-role evidence in this structural cohort.
AOM_003997,Clove Basil Leaves Extract,Supplement,false,false,false,not_in_form_cohort,,not_in_moisture_cohort,,not_in_role_cohort,,docs/decisions/0041-feed-material-structural-model.md;docs/decisions/0042-feed-process-and-material-state-axes.md,No reviewed grinding result or governed presentation-form assertion. No reviewed drying process or material-specific moisture evidence. No reviewed product-role evidence in this structural cohort.
AOM_003999,Viscum album Leaves,Forage Plants,false,false,false,not_in_form_cohort,,not_in_moisture_cohort,,not_in_role_cohort,,docs/decisions/0041-feed-material-structural-model.md;docs/decisions/0042-feed-process-and-material-state-axes.md,No reviewed grinding result or governed presentation-form assertion. No reviewed drying process or material-specific moisture evidence. No reviewed product-role evidence in this structural cohort.
AOM_004000,Haricot Bean Vine,Crop Byproduct,false,false,false,not_in_form_cohort,,not_in_moisture_cohort,,approved_branch_to_role_translation,By-product role,docs/decisions/0041-feed-material-structural-model.md;docs/decisions/0042-feed-process-and-material-state-axes.md,No reviewed grinding result or governed presentation-form assertion. No reviewed drying process or material-specific moisture evidence. Canonical legacy by-product branch classification translated to explicit productRole; compatibility hierarchy retained.
AOM_004002,Maize Yellow,Crop Product,false,false,false,not_in_form_cohort,,not_in_moisture_cohort,,not_in_role_cohort,,docs/decisions/0041-feed-material-structural-model.md;docs/decisions/0042-feed-process-and-material-state-axes.md,No reviewed grinding result or governed presentation-form assertion. No reviewed drying process or material-specific moisture evidence. No reviewed product-role evidence in this structural cohort.
AOM_004003,Maize Yellow Grain,Crop Product,false,false,false,not_in_form_cohort,,not_in_moisture_cohort,,not_in_role_cohort,,docs/decisions/0041-feed-material-structural-model.md;docs/decisions/0042-feed-process-and-material-state-axes.md,No reviewed grinding result or governed presentation-form assertion. No reviewed drying process or material-specific moisture evidence. No reviewed product-role evidence in this structural cohort.
AOM_004005,Finger Millet Straw,Crop Byproduct,false,false,false,not_in_form_cohort,,not_in_moisture_cohort,,approved_branch_to_role_translation,By-product role,docs/decisions/0041-feed-material-structural-model.md;docs/decisions/0042-feed-process-and-material-state-axes.md,No reviewed grinding result or governed presentation-form assertion. No reviewed drying process or material-specific moisture evidence. Canonical legacy by-product branch classification translated to explicit productRole; compatibility hierarchy retained.
AOM_004111,Lentil Screening,Crop Byproduct,false,false,false,not_in_form_cohort,,not_in_moisture_cohort,,approved_branch_to_role_translation,By-product role,docs/decisions/0041-feed-material-structural-model.md;docs/decisions/0042-feed-process-and-material-state-axes.md,No reviewed grinding result or governed presentation-form assertion. No reviewed drying process or material-specific moisture evidence. Canonical legacy by-product branch classification translated to explicit productRole; compatibility hierarchy retained.
AOM_004255,Flaxseed,Crop Byproduct,false,false,false,not_in_form_cohort,,not_in_moisture_cohort,,approved_branch_to_role_translation,By-product role,docs/decisions/0041-feed-material-structural-model.md;docs/decisions/0042-feed-process-and-material-state-axes.md,No reviewed grinding result or governed presentation-form assertion. No reviewed drying process or material-specific moisture evidence. Canonical legacy by-product branch classification translated to explicit productRole; compatibility hierarchy retained.
AOM_004433,Coccidiostats and histomonostats,Supplement,false,false,false,not_in_form_cohort,,not_in_moisture_cohort,,not_in_role_cohort,,docs/decisions/0041-feed-material-structural-model.md;docs/decisions/0042-feed-process-and-material-state-axes.md,No reviewed grinding result or governed presentation-form assertion. No reviewed drying process or material-specific moisture evidence. No reviewed product-role evidence in this structural cohort.
AOM_004614,Vernonia amygdalina,Forage Plants,false,false,false,not_in_form_cohort,,not_in_moisture_cohort,,not_in_role_cohort,,docs/decisions/0041-feed-material-structural-model.md;docs/decisions/0042-feed-process-and-material-state-axes.md,No reviewed grinding result or governed presentation-form assertion. No reviewed drying process or material-specific moisture evidence. No reviewed product-role evidence in this structural cohort.
AOM_006001,Maize Stover,Crop Byproduct,false,false,false,not_in_form_cohort,,not_in_moisture_cohort,,approved_branch_to_role_translation,By-product role,docs/decisions/0041-feed-material-structural-model.md;docs/decisions/0042-feed-process-and-material-state-axes.md,No reviewed grinding result or governed presentation-form assertion. No reviewed drying process or material-specific moisture evidence. Canonical legacy by-product branch classification translated to explicit productRole; compatibility hierarchy retained.
AOM_006002,Maize Stover Urea Treated,Crop Byproduct,false,false,false,not_in_form_cohort,,not_in_moisture_cohort,,approved_branch_to_role_translation,By-product role,docs/decisions/0041-feed-material-structural-model.md;docs/decisions/0042-feed-process-and-material-state-axes.md,No reviewed grinding result or governed presentation-form assertion. No reviewed drying process or material-specific moisture evidence. Canonical legacy by-product branch classification translated to explicit productRole; compatibility hierarchy retained.
AOM_006003,Molasses,Crop Byproduct,false,false,false,not_in_form_cohort,,not_in_moisture_cohort,,approved_existing_role,By-product role,docs/decisions/0041-feed-material-structural-model.md;docs/decisions/0042-feed-process-and-material-state-axes.md,No reviewed grinding result or governed presentation-form assertion. No reviewed drying process or material-specific moisture evidence. Existing reviewed product-role assertion remains authoritative.
AOM_006004,Molasses Ground,Crop Byproduct,true,false,true,held_grinding_bulk_state_conflict,,not_in_moisture_cohort,,approved_branch_to_role_translation,By-product role,docs/decisions/0041-feed-material-structural-model.md;docs/decisions/0042-feed-process-and-material-state-axes.md,Oil or molasses identity conflicts with automatic particulate-presentation inference; Grinding process assertion remains held for material-specific evidence review. No reviewed drying process or material-specific moisture evidence. Canonical legacy by-product branch classification translated to explicit productRole; compatibility hierarchy retained.
AOM_006005,Sorghum Brewers Grain Refermented,Crop Byproduct,false,false,false,not_in_form_cohort,,not_in_moisture_cohort,,approved_branch_to_role_translation,By-product role,docs/decisions/0041-feed-material-structural-model.md;docs/decisions/0042-feed-process-and-material-state-axes.md,No reviewed grinding result or governed presentation-form assertion. No reviewed drying process or material-specific moisture evidence. Canonical legacy by-product branch classification translated to explicit productRole; compatibility hierarchy retained.
AOM_006006,Tata,Crop Byproduct,false,false,false,not_in_form_cohort,,not_in_moisture_cohort,,approved_branch_to_role_translation,By-product role,docs/decisions/0041-feed-material-structural-model.md;docs/decisions/0042-feed-process-and-material-state-axes.md,No reviewed grinding result or governed presentation-form assertion. No reviewed drying process or material-specific moisture evidence. Canonical legacy by-product branch classification translated to explicit productRole; compatibility hierarchy retained.
AOM_006007,Khaya senegalensis Leaves Dried,Forage Plants,false,true,false,not_in_form_cohort,,approved_dried_from_process,Dried moisture condition,not_in_role_cohort,,docs/decisions/0041-feed-material-structural-model.md;docs/decisions/0042-feed-process-and-material-state-axes.md,No reviewed grinding result or governed presentation-form assertion. Approved Drying process supports dried moisture condition without implying one presentation form. No reviewed product-role evidence in this structural cohort.
AOM_006008,Chicken Manure,Animal Manures,false,false,false,not_in_form_cohort,,not_in_moisture_cohort,,approved_existing_role,By-product role,docs/decisions/0041-feed-material-structural-model.md;docs/decisions/0042-feed-process-and-material-state-axes.md,No reviewed grinding result or governed presentation-form assertion. No reviewed drying process or material-specific moisture evidence. Existing reviewed product-role assertion remains authoritative.
AOM_006009,Pterocarpus lucens Leaves,Forage Plants,false,false,false,not_in_form_cohort,,not_in_moisture_cohort,,not_in_role_cohort,,docs/decisions/0041-feed-material-structural-model.md;docs/decisions/0042-feed-process-and-material-state-axes.md,No reviewed grinding result or governed presentation-form assertion. No reviewed drying process or material-specific moisture evidence. No reviewed product-role evidence in this structural cohort.
AOM_006010,Pterocarpus lucens Leaves Dried,Forage Plants,false,true,false,not_in_form_cohort,,approved_dried_from_process,Dried moisture condition,not_in_role_cohort,,docs/decisions/0041-feed-material-structural-model.md;docs/decisions/0042-feed-process-and-material-state-axes.md,No reviewed grinding result or governed presentation-form assertion. Approved Drying process supports dried moisture condition without implying one presentation form. No reviewed product-role evidence in this structural cohort.
AOM_006011,Pterocarpus lucens Pods,Forage Plants,false,false,false,not_in_form_cohort,,not_in_moisture_cohort,,not_in_role_cohort,,docs/decisions/0041-feed-material-structural-model.md;docs/decisions/0042-feed-process-and-material-state-axes.md,No reviewed grinding result or governed presentation-form assertion. No reviewed drying process or material-specific moisture evidence. No reviewed product-role evidence in this structural cohort.
AOM_006012,Pterocarpus lucens Pods Dried,Forage Plants,false,true,false,not_in_form_cohort,,approved_dried_from_process,Dried moisture condition,not_in_role_cohort,,docs/decisions/0041-feed-material-structural-model.md;docs/decisions/0042-feed-process-and-material-state-axes.md,No reviewed grinding result or governed presentation-form assertion. Approved Drying process supports dried moisture condition without implying one presentation form. No reviewed product-role evidence in this structural cohort.
AOM_006013,Pterocarpus lucens,Forage Plants,false,false,false,not_in_form_cohort,,not_in_moisture_cohort,,not_in_role_cohort,,docs/decisions/0041-feed-material-structural-model.md;docs/decisions/0042-feed-process-and-material-state-axes.md,No reviewed grinding result or governed presentation-form assertion. No reviewed drying process or material-specific moisture evidence. No reviewed product-role evidence in this structural cohort.
AOM_006015,Enterolobium cyclocarpum Leaves,Forage Plants,false,false,false,not_in_form_cohort,,not_in_moisture_cohort,,not_in_role_cohort,,docs/decisions/0041-feed-material-structural-model.md;docs/decisions/0042-feed-process-and-material-state-axes.md,No reviewed grinding result or governed presentation-form assertion. No reviewed drying process or material-specific moisture evidence. No reviewed product-role evidence in this structural cohort.
AOM_006016,Acacia auriculiformis Leaves Dried Ground,Forage Plants,true,true,false,approved_comminuted_form,Comminuted particle form,approved_dried_from_process,Dried moisture condition,not_in_role_cohort,,docs/decisions/0041-feed-material-structural-model.md;docs/decisions/0042-feed-process-and-material-state-axes.md,"Approved Grinding process supports broad comminuted-particle presentation; bulk consistency, moisture, particle size, and meal/powder subtype remain unspecified. Approved Drying process supports dried moisture condition without implying one presentation form. No reviewed product-role evidence in this structural cohort."
AOM_006017,Acacia brevispica Leaves Crushed Dried,Forage Plants,false,true,false,not_in_form_cohort,,approved_dried_from_process,Dried moisture condition,not_in_role_cohort,,docs/decisions/0041-feed-material-structural-model.md;docs/decisions/0042-feed-process-and-material-state-axes.md,No reviewed grinding result or governed presentation-form assertion. Approved Drying process supports dried moisture condition without implying one presentation form. No reviewed product-role evidence in this structural cohort.
AOM_006018,Acacia karroo Leaves Dried,Forage Plants,false,true,false,not_in_form_cohort,,approved_dried_from_process,Dried moisture condition,not_in_role_cohort,,docs/decisions/0041-feed-material-structural-model.md;docs/decisions/0042-feed-process-and-material-state-axes.md,No reviewed grinding result or governed presentation-form assertion. Approved Drying process supports dried moisture condition without implying one presentation form. No reviewed product-role evidence in this structural cohort.
AOM_006019,Adansonia digitata Seed Dried Fermented Ground,Forage Plants,true,true,false,approved_comminuted_form,Comminuted particle form,approved_dried_from_process,Dried moisture condition,not_in_role_cohort,,docs/decisions/0041-feed-material-structural-model.md;docs/decisions/0042-feed-process-and-material-state-axes.md,"Approved Grinding process supports broad comminuted-particle presentation; bulk consistency, moisture, particle size, and meal/powder subtype remain unspecified. Approved Drying process supports dried moisture condition without implying one presentation form. No reviewed product-role evidence in this structural cohort."
AOM_006020,Alchornea cordifolia,Forage Plants,false,false,false,not_in_form_cohort,,not_in_moisture_cohort,,not_in_role_cohort,,docs/decisions/0041-feed-material-structural-model.md;docs/decisions/0042-feed-process-and-material-state-axes.md,No reviewed grinding result or governed presentation-form assertion. No reviewed drying process or material-specific moisture evidence. No reviewed product-role evidence in this structural cohort.
AOM_006021,Andropogon tectorum,Forage Plants,false,false,false,not_in_form_cohort,,not_in_moisture_cohort,,not_in_role_cohort,,docs/decisions/0041-feed-material-structural-model.md;docs/decisions/0042-feed-process-and-material-state-axes.md,No reviewed grinding result or governed presentation-form assertion. No reviewed drying process or material-specific moisture evidence. No reviewed product-role evidence in this structural cohort.
AOM_006022,Spirulina Ground,Forage Plants,true,false,false,approved_comminuted_form,Comminuted particle form,not_in_moisture_cohort,,not_in_role_cohort,,docs/decisions/0041-feed-material-structural-model.md;docs/decisions/0042-feed-process-and-material-state-axes.md,"Approved Grinding process supports broad comminuted-particle presentation; bulk consistency, moisture, particle size, and meal/powder subtype remain unspecified. No reviewed drying process or material-specific moisture evidence. No reviewed product-role evidence in this structural cohort."
AOM_006023,Atella Dried,Crop Byproduct,false,true,false,not_in_form_cohort,,approved_dried_from_process,Dried moisture condition,approved_branch_to_role_translation,By-product role,docs/decisions/0041-feed-material-structural-model.md;docs/decisions/0042-feed-process-and-material-state-axes.md,No reviewed grinding result or governed presentation-form assertion. Approved Drying process supports dried moisture condition without implying one presentation form. Canonical legacy by-product branch classification translated to explicit productRole; compatibility hierarchy retained.
AOM_006024,Atriplex halimus Ensiled,Forage Plants,false,false,false,not_in_form_cohort,,not_in_moisture_cohort,,not_in_role_cohort,,docs/decisions/0041-feed-material-structural-model.md;docs/decisions/0042-feed-process-and-material-state-axes.md,No reviewed grinding result or governed presentation-form assertion. No reviewed drying process or material-specific moisture evidence. No reviewed product-role evidence in this structural cohort.
AOM_006025,Azadirachta indica Leaves Wilted,Forage Plants,false,false,false,not_in_form_cohort,,not_in_moisture_cohort,,not_in_role_cohort,,docs/decisions/0041-feed-material-structural-model.md;docs/decisions/0042-feed-process-and-material-state-axes.md,No reviewed grinding result or governed presentation-form assertion. No reviewed drying process or material-specific moisture evidence. No reviewed product-role evidence in this structural cohort.
AOM_006026,Balanites aegyptiaca Leaves Ground,Forage Plants,true,false,false,approved_comminuted_form,Comminuted particle form,not_in_moisture_cohort,,not_in_role_cohort,,docs/decisions/0041-feed-material-structural-model.md;docs/decisions/0042-feed-process-and-material-state-axes.md,"Approved Grinding process supports broad comminuted-particle presentation; bulk consistency, moisture, particle size, and meal/powder subtype remain unspecified. No reviewed drying process or material-specific moisture evidence. No reviewed product-role evidence in this structural cohort."
AOM_006027,Bambara Groundnut Offal Ground,Crop Byproduct,true,false,false,approved_comminuted_form,Comminuted particle form,not_in_moisture_cohort,,approved_branch_to_role_translation,By-product role,docs/decisions/0041-feed-material-structural-model.md;docs/decisions/0042-feed-process-and-material-state-axes.md,"Approved Grinding process supports broad comminuted-particle presentation; bulk consistency, moisture, particle size, and meal/powder subtype remain unspecified. No reviewed drying process or material-specific moisture evidence. Canonical legacy by-product branch classification translated to explicit productRole; compatibility hierarchy retained."
AOM_006028,Bamboo Leaves Dried,Forage Plants,false,true,false,not_in_form_cohort,,approved_dried_from_process,Dried moisture condition,not_in_role_cohort,,docs/decisions/0041-feed-material-structural-model.md;docs/decisions/0042-feed-process-and-material-state-axes.md,No reviewed grinding result or governed presentation-form assertion. Approved Drying process supports dried moisture condition without implying one presentation form. No reviewed product-role evidence in this structural cohort.
AOM_006029,Bamboo Leaves Wilted,Forage Plants,false,false,false,not_in_form_cohort,,not_in_moisture_cohort,,not_in_role_cohort,,docs/decisions/0041-feed-material-structural-model.md;docs/decisions/0042-feed-process-and-material-state-axes.md,No reviewed grinding result or governed presentation-form assertion. No reviewed drying process or material-specific moisture evidence. No reviewed product-role evidence in this structural cohort.
AOM_006030,Bambusa balcooa Leaves Dried,Forage Plants,false,true,false,not_in_form_cohort,,approved_dried_from_process,Dried moisture condition,not_in_role_cohort,,docs/decisions/0041-feed-material-structural-model.md;docs/decisions/0042-feed-process-and-material-state-axes.md,No reviewed grinding result or governed presentation-form assertion. Approved Drying process supports dried moisture condition without implying one presentation form. No reviewed product-role evidence in this structural cohort.
AOM_006031,Bambusa vulgaris,Forage Plants,false,false,false,not_in_form_cohort,,not_in_moisture_cohort,,not_in_role_cohort,,docs/decisions/0041-feed-material-structural-model.md;docs/decisions/0042-feed-process-and-material-state-axes.md,No reviewed grinding result or governed presentation-form assertion. No reviewed drying process or material-specific moisture evidence. No reviewed product-role evidence in this structural cohort.
AOM_006032,Banana Leaves Dried,Crop Byproduct,false,true,false,not_in_form_cohort,,approved_dried_from_process,Dried moisture condition,approved_branch_to_role_translation,By-product role,docs/decisions/0041-feed-material-structural-model.md;docs/decisions/0042-feed-process-and-material-state-axes.md,No reviewed grinding result or governed presentation-form assertion. Approved Drying process supports dried moisture condition without implying one presentation form. Canonical legacy by-product branch classification translated to explicit productRole; compatibility hierarchy retained.
AOM_006033,Barley Grain,Crop Product,false,false,false,not_in_form_cohort,,not_in_moisture_cohort,,not_in_role_cohort,,docs/decisions/0041-feed-material-structural-model.md;docs/decisions/0042-feed-process-and-material-state-axes.md,No reviewed grinding result or governed presentation-form assertion. No reviewed drying process or material-specific moisture evidence. No reviewed product-role evidence in this structural cohort.
AOM_006034,Barley Sprouted Grain,Crop Product,false,false,false,not_in_form_cohort,,not_in_moisture_cohort,,not_in_role_cohort,,docs/decisions/0041-feed-material-structural-model.md;docs/decisions/0042-feed-process-and-material-state-axes.md,No reviewed grinding result or governed presentation-form assertion. No reviewed drying process or material-specific moisture evidence. No reviewed product-role evidence in this structural cohort.
AOM_006035,Barley Straw Fermented,Crop Byproduct,false,false,false,not_in_form_cohort,,not_in_moisture_cohort,,approved_branch_to_role_translation,By-product role,docs/decisions/0041-feed-material-structural-model.md;docs/decisions/0042-feed-process-and-material-state-axes.md,No reviewed grinding result or governed presentation-form assertion. No reviewed drying process or material-specific moisture evidence. Canonical legacy by-product branch classification translated to explicit productRole; compatibility hierarchy retained.
AOM_006036,Acacia senegal Leaves Wilted,Forage Plants,false,false,false,not_in_form_cohort,,not_in_moisture_cohort,,not_in_role_cohort,,docs/decisions/0041-feed-material-structural-model.md;docs/decisions/0042-feed-process-and-material-state-axes.md,No reviewed grinding result or governed presentation-form assertion. No reviewed drying process or material-specific moisture evidence. No reviewed product-role evidence in this structural cohort.
AOM_006037,Acacia seyal Wilted,Forage Plants,false,false,false,not_in_form_cohort,,not_in_moisture_cohort,,not_in_role_cohort,,docs/decisions/0041-feed-material-structural-model.md;docs/decisions/0042-feed-process-and-material-state-axes.md,No reviewed grinding result or governed presentation-form assertion. No reviewed drying process or material-specific moisture evidence. No reviewed product-role evidence in this structural cohort.
AOM_006038,Acacia tortilis Leaves Wilted,Forage Plants,false,false,false,not_in_form_cohort,,not_in_moisture_cohort,,not_in_role_cohort,,docs/decisions/0041-feed-material-structural-model.md;docs/decisions/0042-feed-process-and-material-state-axes.md,No reviewed grinding result or governed presentation-form assertion. No reviewed drying process or material-specific moisture evidence. No reviewed product-role evidence in this structural cohort.
AOM_006039,Andropogon Dried,Forage Plants,false,true,false,not_in_form_cohort,,approved_dried_from_process,Dried moisture condition,not_in_role_cohort,,docs/decisions/0041-feed-material-structural-model.md;docs/decisions/0042-feed-process-and-material-state-axes.md,No reviewed grinding result or governed presentation-form assertion. Approved Drying process supports dried moisture condition without implying one presentation form. No reviewed product-role evidence in this structural cohort.
AOM_006040,Barley Straw Dried,Crop Byproduct,false,true,false,not_in_form_cohort,,approved_dried_from_process,Dried moisture condition,approved_branch_to_role_translation,By-product role,docs/decisions/0041-feed-material-structural-model.md;docs/decisions/0042-feed-process-and-material-state-axes.md,No reviewed grinding result or governed presentation-form assertion. Approved Drying process supports dried moisture condition without implying one presentation form. Canonical legacy by-product branch classification translated to explicit productRole; compatibility hierarchy retained.
AOM_006041,Berchemia discolor Leaves Crushed Dried,Forage Plants,false,true,false,not_in_form_cohort,,approved_dried_from_process,Dried moisture condition,not_in_role_cohort,,docs/decisions/0041-feed-material-structural-model.md;docs/decisions/0042-feed-process-and-material-state-axes.md,No reviewed grinding result or governed presentation-form assertion. Approved Drying process supports dried moisture condition without implying one presentation form. No reviewed product-role evidence in this structural cohort.
AOM_006042,Trifolium alexandrinum Straw Dried,Forage Plants,false,true,false,not_in_form_cohort,,approved_dried_from_process,Dried moisture condition,not_in_role_cohort,,docs/decisions/0041-feed-material-structural-model.md;docs/decisions/0042-feed-process-and-material-state-axes.md,No reviewed grinding result or governed presentation-form assertion. Approved Drying process supports dried moisture condition without implying one presentation form. No reviewed product-role evidence in this structural cohort.
AOM_006043,Black Soldier Fly Larvae,Animal,false,false,false,not_in_form_cohort,,not_in_moisture_cohort,,not_in_role_cohort,,docs/decisions/0041-feed-material-structural-model.md;docs/decisions/0042-feed-process-and-material-state-axes.md,No reviewed grinding result or governed presentation-form assertion. No reviewed drying process or material-specific moisture evidence. No reviewed product-role evidence in this structural cohort.
AOM_006044,Bracharia decumbens Dried,Forage Plants,false,true,false,not_in_form_cohort,,approved_dried_from_process,Dried moisture condition,not_in_role_cohort,,docs/decisions/0041-feed-material-structural-model.md;docs/decisions/0042-feed-process-and-material-state-axes.md,No reviewed grinding result or governed presentation-form assertion. Approved Drying process supports dried moisture condition without implying one presentation form. No reviewed product-role evidence in this structural cohort.
AOM_006045,Bracharia Dried Ground,Forage Plants,true,true,true,approved_comminuted_form,Comminuted particle form,approved_dried_from_process,Dried moisture condition,not_in_role_cohort,,docs/decisions/0041-feed-material-structural-model.md;docs/decisions/0042-feed-process-and-material-state-axes.md,"Approved Grinding process supports broad comminuted-particle presentation; bulk consistency, moisture, particle size, and meal/powder subtype remain unspecified. Approved Drying process supports dried moisture condition without implying one presentation form. No reviewed product-role evidence in this structural cohort."
AOM_006046,Brachiaria brizantha Dried,Forage Plants,false,true,false,not_in_form_cohort,,approved_dried_from_process,Dried moisture condition,not_in_role_cohort,,docs/decisions/0041-feed-material-structural-model.md;docs/decisions/0042-feed-process-and-material-state-axes.md,No reviewed grinding result or governed presentation-form assertion. Approved Drying process supports dried moisture condition without implying one presentation form. No reviewed product-role evidence in this structural cohort.
AOM_006047,Brachiaria ruziziensis Dried,Forage Plants,false,true,false,not_in_form_cohort,,approved_dried_from_process,Dried moisture condition,not_in_role_cohort,,docs/decisions/0041-feed-material-structural-model.md;docs/decisions/0042-feed-process-and-material-state-axes.md,No reviewed grinding result or governed presentation-form assertion. Approved Drying process supports dried moisture condition without implying one presentation form. No reviewed product-role evidence in this structural cohort.
AOM_006048,Calliandra calothyrsus Leaves Dried,Forage Plants,false,true,false,not_in_form_cohort,,approved_dried_from_process,Dried moisture condition,not_in_role_cohort,,docs/decisions/0041-feed-material-structural-model.md;docs/decisions/0042-feed-process-and-material-state-axes.md,No reviewed grinding result or governed presentation-form assertion. Approved Drying process supports dried moisture condition without implying one presentation form. No reviewed product-role evidence in this structural cohort.
AOM_006049,Cashew Shell Crushed Dried,Crop Byproduct,false,true,false,not_in_form_cohort,,approved_dried_from_process,Dried moisture condition,approved_branch_to_role_translation,By-product role,docs/decisions/0041-feed-material-structural-model.md;docs/decisions/0042-feed-process-and-material-state-axes.md,No reviewed grinding result or governed presentation-form assertion. Approved Drying process supports dried moisture condition without implying one presentation form. Canonical legacy by-product branch classification translated to explicit productRole; compatibility hierarchy retained.
AOM_006050,Cashew Shell Ground,Crop Byproduct,true,false,false,approved_comminuted_form,Comminuted particle form,not_in_moisture_cohort,,approved_branch_to_role_translation,By-product role,docs/decisions/0041-feed-material-structural-model.md;docs/decisions/0042-feed-process-and-material-state-axes.md,"Approved Grinding process supports broad comminuted-particle presentation; bulk consistency, moisture, particle size, and meal/powder subtype remain unspecified. No reviewed drying process or material-specific moisture evidence. Canonical legacy by-product branch classification translated to explicit productRole; compatibility hierarchy retained."
AOM_006052,Cashew Shell Boiled Crushed,Crop Byproduct,false,false,false,not_in_form_cohort,,not_in_moisture_cohort,,approved_branch_to_role_translation,By-product role,docs/decisions/0041-feed-material-structural-model.md;docs/decisions/0042-feed-process-and-material-state-axes.md,No reviewed grinding result or governed presentation-form assertion. No reviewed drying process or material-specific moisture evidence. Canonical legacy by-product branch classification translated to explicit productRole; compatibility hierarchy retained.
AOM_006053,Cassava Leaves and Twigs Dried,Crop Byproduct,false,true,false,not_in_form_cohort,,approved_dried_from_process,Dried moisture condition,approved_branch_to_role_translation,By-product role,docs/decisions/0041-feed-material-structural-model.md;docs/decisions/0042-feed-process-and-material-state-axes.md,No reviewed grinding result or governed presentation-form assertion. Approved Drying process supports dried moisture condition without implying one presentation form. Canonical legacy by-product branch classification translated to explicit productRole; compatibility hierarchy retained.
AOM_006054,Cassava Peel Ensiled,Crop Byproduct,false,false,false,not_in_form_cohort,,not_in_moisture_cohort,,approved_branch_to_role_translation,By-product role,docs/decisions/0041-feed-material-structural-model.md;docs/decisions/0042-feed-process-and-material-state-axes.md,No reviewed grinding result or governed presentation-form assertion. No reviewed drying process or material-specific moisture evidence. Canonical legacy by-product branch classification translated to explicit productRole; compatibility hierarchy retained.
AOM_006055,Cassava Peel Crushed Dried,Crop Byproduct,false,true,false,not_in_form_cohort,,approved_dried_from_process,Dried moisture condition,approved_branch_to_role_translation,By-product role,docs/decisions/0041-feed-material-structural-model.md;docs/decisions/0042-feed-process-and-material-state-axes.md,No reviewed grinding result or governed presentation-form assertion. Approved Drying process supports dried moisture condition without implying one presentation form. Canonical legacy by-product branch classification translated to explicit productRole; compatibility hierarchy retained.
AOM_006056,Cassava Peel Dried Wilted,Crop Byproduct,false,true,false,not_in_form_cohort,,approved_dried_from_process,Dried moisture condition,approved_branch_to_role_translation,By-product role,docs/decisions/0041-feed-material-structural-model.md;docs/decisions/0042-feed-process-and-material-state-axes.md,No reviewed grinding result or governed presentation-form assertion. Approved Drying process supports dried moisture condition without implying one presentation form. Canonical legacy by-product branch classification translated to explicit productRole; compatibility hierarchy retained.
AOM_006057,Cassava Peel Grated Pressed,Crop Byproduct,false,false,false,not_in_form_cohort,,not_in_moisture_cohort,,approved_branch_to_role_translation,By-product role,docs/decisions/0041-feed-material-structural-model.md;docs/decisions/0042-feed-process-and-material-state-axes.md,No reviewed grinding result or governed presentation-form assertion. No reviewed drying process or material-specific moisture evidence. Canonical legacy by-product branch classification translated to explicit productRole; compatibility hierarchy retained.
AOM_006058,Cassava Peel Dried Ensiled Wilted,Crop Byproduct,false,true,false,not_in_form_cohort,,approved_dried_from_process,Dried moisture condition,approved_branch_to_role_translation,By-product role,docs/decisions/0041-feed-material-structural-model.md;docs/decisions/0042-feed-process-and-material-state-axes.md,No reviewed grinding result or governed presentation-form assertion. Approved Drying process supports dried moisture condition without implying one presentation form. Canonical legacy by-product branch classification translated to explicit productRole; compatibility hierarchy retained.
AOM_006059,Cassava Tuber Dried Ground,Crop Byproduct,true,true,true,approved_comminuted_form,Comminuted particle form,approved_dried_from_process,Dried moisture condition,approved_branch_to_role_translation,By-product role,docs/decisions/0041-feed-material-structural-model.md;docs/decisions/0042-feed-process-and-material-state-axes.md,"Approved Grinding process supports broad comminuted-particle presentation; bulk consistency, moisture, particle size, and meal/powder subtype remain unspecified. Approved Drying process supports dried moisture condition without implying one presentation form. Canonical legacy by-product branch classification translated to explicit productRole; compatibility hierarchy retained."
AOM_006060,Cassava Tuber Ground,Crop Product,true,false,false,approved_comminuted_form,Comminuted particle form,not_in_moisture_cohort,,not_in_role_cohort,,docs/decisions/0041-feed-material-structural-model.md;docs/decisions/0042-feed-process-and-material-state-axes.md,"Approved Grinding process supports broad comminuted-particle presentation; bulk consistency, moisture, particle size, and meal/powder subtype remain unspecified. No reviewed drying process or material-specific moisture evidence. No reviewed product-role evidence in this structural cohort."
AOM_006061,Centrosema pubescens Leaves Dried Ground,Forage Plants,true,true,false,approved_comminuted_form,Comminuted particle form,approved_dried_from_process,Dried moisture condition,not_in_role_cohort,,docs/decisions/0041-feed-material-structural-model.md;docs/decisions/0042-feed-process-and-material-state-axes.md,"Approved Grinding process supports broad comminuted-particle presentation; bulk consistency, moisture, particle size, and meal/powder subtype remain unspecified. Approved Drying process supports dried moisture condition without implying one presentation form. No reviewed product-role evidence in this structural cohort."
AOM_006062,Centrosema pubescens Dried,Forage Plants,false,true,false,not_in_form_cohort,,approved_dried_from_process,Dried moisture condition,not_in_role_cohort,,docs/decisions/0041-feed-material-structural-model.md;docs/decisions/0042-feed-process-and-material-state-axes.md,No reviewed grinding result or governed presentation-form assertion. Approved Drying process supports dried moisture condition without implying one presentation form. No reviewed product-role evidence in this structural cohort.
AOM_006063,Ceratonia siliqua Ground,Forage Plants,true,false,false,approved_comminuted_form,Comminuted particle form,not_in_moisture_cohort,,not_in_role_cohort,,docs/decisions/0041-feed-material-structural-model.md;docs/decisions/0042-feed-process-and-material-state-axes.md,"Approved Grinding process supports broad comminuted-particle presentation; bulk consistency, moisture, particle size, and meal/powder subtype remain unspecified. No reviewed drying process or material-specific moisture evidence. No reviewed product-role evidence in this structural cohort."
AOM_006064,Cereal Spent Grain Ground,Crop Byproduct,true,false,false,approved_comminuted_form,Comminuted particle form,not_in_moisture_cohort,,approved_branch_to_role_translation,By-product role,docs/decisions/0041-feed-material-structural-model.md;docs/decisions/0042-feed-process-and-material-state-axes.md,"Approved Grinding process supports broad comminuted-particle presentation; bulk consistency, moisture, particle size, and meal/powder subtype remain unspecified. No reviewed drying process or material-specific moisture evidence. Canonical legacy by-product branch classification translated to explicit productRole; compatibility hierarchy retained."
AOM_006065,Chloris gayana Crushed Dried,Forage Plants,false,true,false,not_in_form_cohort,,approved_dried_from_process,Dried moisture condition,not_in_role_cohort,,docs/decisions/0041-feed-material-structural-model.md;docs/decisions/0042-feed-process-and-material-state-axes.md,No reviewed grinding result or governed presentation-form assertion. Approved Drying process supports dried moisture condition without implying one presentation form. No reviewed product-role evidence in this structural cohort.
AOM_006066,Citrus aurantifolia Dried Ground,Forage Plants,true,true,false,approved_comminuted_form,Comminuted particle form,approved_dried_from_process,Dried moisture condition,not_in_role_cohort,,docs/decisions/0041-feed-material-structural-model.md;docs/decisions/0042-feed-process-and-material-state-axes.md,"Approved Grinding process supports broad comminuted-particle presentation; bulk consistency, moisture, particle size, and meal/powder subtype remain unspecified. Approved Drying process supports dried moisture condition without implying one presentation form. No reviewed product-role evidence in this structural cohort."
AOM_006067,Cocoa Pods Husk Ensiled Dried Urea Treated,Crop Byproduct,false,true,false,not_in_form_cohort,,approved_dried_from_process,Dried moisture condition,approved_branch_to_role_translation,By-product role,docs/decisions/0041-feed-material-structural-model.md;docs/decisions/0042-feed-process-and-material-state-axes.md,No reviewed grinding result or governed presentation-form assertion. Approved Drying process supports dried moisture condition without implying one presentation form. Canonical legacy by-product branch classification translated to explicit productRole; compatibility hierarchy retained.
AOM_006068,Coffee Leaves Dried,Crop Byproduct,false,true,false,not_in_form_cohort,,approved_dried_from_process,Dried moisture condition,approved_branch_to_role_translation,By-product role,docs/decisions/0041-feed-material-structural-model.md;docs/decisions/0042-feed-process-and-material-state-axes.md,No reviewed grinding result or governed presentation-form assertion. Approved Drying process supports dried moisture condition without implying one presentation form. Canonical legacy by-product branch classification translated to explicit productRole; compatibility hierarchy retained.
AOM_006069,Commelina benghalensis Dried,Forage Plants,false,true,false,not_in_form_cohort,,approved_dried_from_process,Dried moisture condition,not_in_role_cohort,,docs/decisions/0041-feed-material-structural-model.md;docs/decisions/0042-feed-process-and-material-state-axes.md,No reviewed grinding result or governed presentation-form assertion. Approved Drying process supports dried moisture condition without implying one presentation form. No reviewed product-role evidence in this structural cohort.
AOM_006070,Commelina imberbis Dried,Forage Plants,false,true,false,not_in_form_cohort,,approved_dried_from_process,Dried moisture condition,not_in_role_cohort,,docs/decisions/0041-feed-material-structural-model.md;docs/decisions/0042-feed-process-and-material-state-axes.md,No reviewed grinding result or governed presentation-form assertion. Approved Drying process supports dried moisture condition without implying one presentation form. No reviewed product-role evidence in this structural cohort.
AOM_006071,Maize Cob Ground,Crop Byproduct,true,false,true,approved_comminuted_form,Comminuted particle form,not_in_moisture_cohort,,approved_branch_to_role_translation,By-product role,docs/decisions/0041-feed-material-structural-model.md;docs/decisions/0042-feed-process-and-material-state-axes.md,"Approved Grinding process supports broad comminuted-particle presentation; bulk consistency, moisture, particle size, and meal/powder subtype remain unspecified. No reviewed drying process or material-specific moisture evidence. Canonical legacy by-product branch classification translated to explicit productRole; compatibility hierarchy retained."
AOM_006072,Maize Whole Ensiled,Crop Product,false,false,false,not_in_form_cohort,,not_in_moisture_cohort,,not_in_role_cohort,,docs/decisions/0041-feed-material-structural-model.md;docs/decisions/0042-feed-process-and-material-state-axes.md,No reviewed grinding result or governed presentation-form assertion. No reviewed drying process or material-specific moisture evidence. No reviewed product-role evidence in this structural cohort.
AOM_006073,Cotton Seed Cake Decorticated,Crop Byproduct,false,false,false,not_in_form_cohort,,not_in_moisture_cohort,,approved_branch_to_role_translation,By-product role,docs/decisions/0041-feed-material-structural-model.md;docs/decisions/0042-feed-process-and-material-state-axes.md,No reviewed grinding result or governed presentation-form assertion. No reviewed drying process or material-specific moisture evidence. Canonical legacy by-product branch classification translated to explicit productRole; compatibility hierarchy retained.
AOM_006074,Cynodon nlemfuensis Dried,Forage Plants,false,true,false,not_in_form_cohort,,approved_dried_from_process,Dried moisture condition,not_in_role_cohort,,docs/decisions/0041-feed-material-structural-model.md;docs/decisions/0042-feed-process-and-material-state-axes.md,No reviewed grinding result or governed presentation-form assertion. Approved Drying process supports dried moisture condition without implying one presentation form. No reviewed product-role evidence in this structural cohort.
AOM_006075,Cynodon Dried,Forage Plants,false,true,false,not_in_form_cohort,,approved_dried_from_process,Dried moisture condition,not_in_role_cohort,,docs/decisions/0041-feed-material-structural-model.md;docs/decisions/0042-feed-process-and-material-state-axes.md,No reviewed grinding result or governed presentation-form assertion. Approved Drying process supports dried moisture condition without implying one presentation form. No reviewed product-role evidence in this structural cohort.
AOM_006076,Maize Stover Ensiled,Crop Byproduct,false,false,false,not_in_form_cohort,,not_in_moisture_cohort,,approved_branch_to_role_translation,By-product role,docs/decisions/0041-feed-material-structural-model.md;docs/decisions/0042-feed-process-and-material-state-axes.md,No reviewed grinding result or governed presentation-form assertion. No reviewed drying process or material-specific moisture evidence. Canonical legacy by-product branch classification translated to explicit productRole; compatibility hierarchy retained.
AOM_006077,Daniellia oliveri Leaves Dried Ground,Forage Plants,true,true,false,approved_comminuted_form,Comminuted particle form,approved_dried_from_process,Dried moisture condition,not_in_role_cohort,,docs/decisions/0041-feed-material-structural-model.md;docs/decisions/0042-feed-process-and-material-state-axes.md,"Approved Grinding process supports broad comminuted-particle presentation; bulk consistency, moisture, particle size, and meal/powder subtype remain unspecified. Approved Drying process supports dried moisture condition without implying one presentation form. No reviewed product-role evidence in this structural cohort."
AOM_006078,Cowpea Haulm Crushed,Crop Byproduct,false,false,false,not_in_form_cohort,,not_in_moisture_cohort,,approved_branch_to_role_translation,By-product role,docs/decisions/0041-feed-material-structural-model.md;docs/decisions/0042-feed-process-and-material-state-axes.md,No reviewed grinding result or governed presentation-form assertion. No reviewed drying process or material-specific moisture evidence. Canonical legacy by-product branch classification translated to explicit productRole; compatibility hierarchy retained.
AOM_006079,Cowpea Husk Crushed,Crop Byproduct,false,false,false,not_in_form_cohort,,not_in_moisture_cohort,,approved_branch_to_role_translation,By-product role,docs/decisions/0041-feed-material-structural-model.md;docs/decisions/0042-feed-process-and-material-state-axes.md,No reviewed grinding result or governed presentation-form assertion. No reviewed drying process or material-specific moisture evidence. Canonical legacy by-product branch classification translated to explicit productRole; compatibility hierarchy retained.
AOM_006080,Date Palm Fronds Ground,Crop Byproduct,true,false,false,approved_comminuted_form,Comminuted particle form,not_in_moisture_cohort,,approved_branch_to_role_translation,By-product role,docs/decisions/0041-feed-material-structural-model.md;docs/decisions/0042-feed-process-and-material-state-axes.md,"Approved Grinding process supports broad comminuted-particle presentation; bulk consistency, moisture, particle size, and meal/powder subtype remain unspecified. No reviewed drying process or material-specific moisture evidence. Canonical legacy by-product branch classification translated to explicit productRole; compatibility hierarchy retained."
AOM_006081,Delonix regia Seed Ground,Forage Plants,true,false,true,approved_comminuted_form,Comminuted particle form,not_in_moisture_cohort,,not_in_role_cohort,,docs/decisions/0041-feed-material-structural-model.md;docs/decisions/0042-feed-process-and-material-state-axes.md,"Approved Grinding process supports broad comminuted-particle presentation; bulk consistency, moisture, particle size, and meal/powder subtype remain unspecified. No reviewed drying process or material-specific moisture evidence. No reviewed product-role evidence in this structural cohort."
AOM_006082,Delonix regia Seed Ground Roasted,Forage Plants,true,false,true,approved_comminuted_form,Comminuted particle form,not_in_moisture_cohort,,not_in_role_cohort,,docs/decisions/0041-feed-material-structural-model.md;docs/decisions/0042-feed-process-and-material-state-axes.md,"Approved Grinding process supports broad comminuted-particle presentation; bulk consistency, moisture, particle size, and meal/powder subtype remain unspecified. No reviewed drying process or material-specific moisture evidence. No reviewed product-role evidence in this structural cohort."
AOM_006083,Delonix regia Seed Dried Ground Roasted,Forage Plants,true,true,true,approved_comminuted_form,Comminuted particle form,approved_dried_from_process,Dried moisture condition,not_in_role_cohort,,docs/decisions/0041-feed-material-structural-model.md;docs/decisions/0042-feed-process-and-material-state-axes.md,"Approved Grinding process supports broad comminuted-particle presentation; bulk consistency, moisture, particle size, and meal/powder subtype remain unspecified. Approved Drying process supports dried moisture condition without implying one presentation form. No reviewed product-role evidence in this structural cohort."
AOM_006084,Dendrocalamus giganteus,Forage Plants,false,false,false,not_in_form_cohort,,not_in_moisture_cohort,,not_in_role_cohort,,docs/decisions/0041-feed-material-structural-model.md;docs/decisions/0042-feed-process-and-material-state-axes.md,No reviewed grinding result or governed presentation-form assertion. No reviewed drying process or material-specific moisture evidence. No reviewed product-role evidence in this structural cohort.
AOM_006085,Desmodium tortuosom Dried,Forage Plants,false,true,false,not_in_form_cohort,,approved_dried_from_process,Dried moisture condition,not_in_role_cohort,,docs/decisions/0041-feed-material-structural-model.md;docs/decisions/0042-feed-process-and-material-state-axes.md,No reviewed grinding result or governed presentation-form assertion. Approved Drying process supports dried moisture condition without implying one presentation form. No reviewed product-role evidence in this structural cohort.
AOM_006086,Date Discards,Crop Byproduct,false,false,false,not_in_form_cohort,,not_in_moisture_cohort,,approved_existing_role,Discard role,docs/decisions/0041-feed-material-structural-model.md;docs/decisions/0042-feed-process-and-material-state-axes.md,No reviewed grinding result or governed presentation-form assertion. No reviewed drying process or material-specific moisture evidence. Existing reviewed product-role assertion remains authoritative.
AOM_006087,Lablab purpureus Ensiled,Forage Plants,false,false,false,not_in_form_cohort,,not_in_moisture_cohort,,not_in_role_cohort,,docs/decisions/0041-feed-material-structural-model.md;docs/decisions/0042-feed-process-and-material-state-axes.md,No reviewed grinding result or governed presentation-form assertion. No reviewed drying process or material-specific moisture evidence. No reviewed product-role evidence in this structural cohort.
AOM_006088,Eclipta alba Leaves Dried,Forage Plants,false,true,false,not_in_form_cohort,,approved_dried_from_process,Dried moisture condition,not_in_role_cohort,,docs/decisions/0041-feed-material-structural-model.md;docs/decisions/0042-feed-process-and-material-state-axes.md,No reviewed grinding result or governed presentation-form assertion. Approved Drying process supports dried moisture condition without implying one presentation form. No reviewed product-role evidence in this structural cohort.
AOM_006089,Trifolium alexandrinum Ensiled,Forage Plants,false,false,false,not_in_form_cohort,,not_in_moisture_cohort,,not_in_role_cohort,,docs/decisions/0041-feed-material-structural-model.md;docs/decisions/0042-feed-process-and-material-state-axes.md,No reviewed grinding result or governed presentation-form assertion. No reviewed drying process or material-specific moisture evidence. No reviewed product-role evidence in this structural cohort.
AOM_006090,Enterolobium cyclocarpum Crushed Wilted,Forage Plants,false,false,false,not_in_form_cohort,,not_in_moisture_cohort,,not_in_role_cohort,,docs/decisions/0041-feed-material-structural-model.md;docs/decisions/0042-feed-process-and-material-state-axes.md,No reviewed grinding result or governed presentation-form assertion. No reviewed drying process or material-specific moisture evidence. No reviewed product-role evidence in this structural cohort.
AOM_006091,Eragotris tremula Dried,Forage Plants,false,true,false,not_in_form_cohort,,approved_dried_from_process,Dried moisture condition,not_in_role_cohort,,docs/decisions/0041-feed-material-structural-model.md;docs/decisions/0042-feed-process-and-material-state-axes.md,No reviewed grinding result or governed presentation-form assertion. Approved Drying process supports dried moisture condition without implying one presentation form. No reviewed product-role evidence in this structural cohort.
AOM_006092,Digitaria smutsii Dried,Forage Plants,false,true,false,not_in_form_cohort,,approved_dried_from_process,Dried moisture condition,not_in_role_cohort,,docs/decisions/0041-feed-material-structural-model.md;docs/decisions/0042-feed-process-and-material-state-axes.md,No reviewed grinding result or governed presentation-form assertion. Approved Drying process supports dried moisture condition without implying one presentation form. No reviewed product-role evidence in this structural cohort.
AOM_006093,Eragrostis curvula Ground,Forage Plants,true,false,true,approved_comminuted_form,Comminuted particle form,not_in_moisture_cohort,,not_in_role_cohort,,docs/decisions/0041-feed-material-structural-model.md;docs/decisions/0042-feed-process-and-material-state-axes.md,"Approved Grinding process supports broad comminuted-particle presentation; bulk consistency, moisture, particle size, and meal/powder subtype remain unspecified. No reviewed drying process or material-specific moisture evidence. No reviewed product-role evidence in this structural cohort."
AOM_006094,Eragrostis racemosa,Forage Plants,false,false,false,not_in_form_cohort,,not_in_moisture_cohort,,not_in_role_cohort,,docs/decisions/0041-feed-material-structural-model.md;docs/decisions/0042-feed-process-and-material-state-axes.md,No reviewed grinding result or governed presentation-form assertion. No reviewed drying process or material-specific moisture evidence. No reviewed product-role evidence in this structural cohort.
AOM_006095,Teff Ground,Crop Byproduct,true,false,false,approved_comminuted_form,Comminuted particle form,not_in_moisture_cohort,,approved_branch_to_role_translation,By-product role,docs/decisions/0041-feed-material-structural-model.md;docs/decisions/0042-feed-process-and-material-state-axes.md,"Approved Grinding process supports broad comminuted-particle presentation; bulk consistency, moisture, particle size, and meal/powder subtype remain unspecified. No reviewed drying process or material-specific moisture evidence. Canonical legacy by-product branch classification translated to explicit productRole; compatibility hierarchy retained."
AOM_006096,Euphorbia heterophylla Dried,Forage Plants,false,true,false,not_in_form_cohort,,approved_dried_from_process,Dried moisture condition,not_in_role_cohort,,docs/decisions/0041-feed-material-structural-model.md;docs/decisions/0042-feed-process-and-material-state-axes.md,No reviewed grinding result or governed presentation-form assertion. Approved Drying process supports dried moisture condition without implying one presentation form. No reviewed product-role evidence in this structural cohort.
AOM_006097,Festuca ovina,Forage Plants,false,false,false,not_in_form_cohort,,not_in_moisture_cohort,,not_in_role_cohort,,docs/decisions/0041-feed-material-structural-model.md;docs/decisions/0042-feed-process-and-material-state-axes.md,No reviewed grinding result or governed presentation-form assertion. No reviewed drying process or material-specific moisture evidence. No reviewed product-role evidence in this structural cohort.
AOM_006098,Ficus exasperata Dried Ground,Forage Plants,true,true,false,approved_comminuted_form,Comminuted particle form,approved_dried_from_process,Dried moisture condition,not_in_role_cohort,,docs/decisions/0041-feed-material-structural-model.md;docs/decisions/0042-feed-process-and-material-state-axes.md,"Approved Grinding process supports broad comminuted-particle presentation; bulk consistency, moisture, particle size, and meal/powder subtype remain unspecified. Approved Drying process supports dried moisture condition without implying one presentation form. No reviewed product-role evidence in this structural cohort."
AOM_006099,Ficus sur Fruits Crushed Dried,Crop Product,false,true,false,not_in_form_cohort,,approved_dried_from_process,Dried moisture condition,not_in_role_cohort,,docs/decisions/0041-feed-material-structural-model.md;docs/decisions/0042-feed-process-and-material-state-axes.md,No reviewed grinding result or governed presentation-form assertion. Approved Drying process supports dried moisture condition without implying one presentation form. No reviewed product-role evidence in this structural cohort.
AOM_006100,Fish Offal Ground,Animal Byproduct,true,false,false,approved_comminuted_form,Comminuted particle form,not_in_moisture_cohort,,approved_branch_to_role_translation,By-product role,docs/decisions/0041-feed-material-structural-model.md;docs/decisions/0042-feed-process-and-material-state-axes.md,"Approved Grinding process supports broad comminuted-particle presentation; bulk consistency, moisture, particle size, and meal/powder subtype remain unspecified. No reviewed drying process or material-specific moisture evidence. Canonical legacy by-product branch classification translated to explicit productRole; compatibility hierarchy retained."
AOM_006101,Food Waste Dried,Other Ingredients,false,true,false,not_in_form_cohort,,approved_dried_from_process,Dried moisture condition,not_in_role_cohort,,docs/decisions/0041-feed-material-structural-model.md;docs/decisions/0042-feed-process-and-material-state-axes.md,No reviewed grinding result or governed presentation-form assertion. Approved Drying process supports dried moisture condition without implying one presentation form. No reviewed product-role evidence in this structural cohort.
AOM_006103,Andropogon gayanus Ensiled Wilted,Forage Plants,false,false,false,not_in_form_cohort,,not_in_moisture_cohort,,not_in_role_cohort,,docs/decisions/0041-feed-material-structural-model.md;docs/decisions/0042-feed-process-and-material-state-axes.md,No reviewed grinding result or governed presentation-form assertion. No reviewed drying process or material-specific moisture evidence. No reviewed product-role evidence in this structural cohort.
AOM_006104,Garcinia kola Seeds Dried Ground,Forage Plants,true,true,false,approved_comminuted_form,Comminuted particle form,approved_dried_from_process,Dried moisture condition,not_in_role_cohort,,docs/decisions/0041-feed-material-structural-model.md;docs/decisions/0042-feed-process-and-material-state-axes.md,"Approved Grinding process supports broad comminuted-particle presentation; bulk consistency, moisture, particle size, and meal/powder subtype remain unspecified. Approved Drying process supports dried moisture condition without implying one presentation form. No reviewed product-role evidence in this structural cohort."
AOM_006105,Gmelina arborea Leaves Dried Ground,Forage Plants,true,true,false,approved_comminuted_form,Comminuted particle form,approved_dried_from_process,Dried moisture condition,not_in_role_cohort,,docs/decisions/0041-feed-material-structural-model.md;docs/decisions/0042-feed-process-and-material-state-axes.md,"Approved Grinding process supports broad comminuted-particle presentation; bulk consistency, moisture, particle size, and meal/powder subtype remain unspecified. Approved Drying process supports dried moisture condition without implying one presentation form. No reviewed product-role evidence in this structural cohort."
AOM_006106,Gmelina arborea Leaves Wilted,Forage Plants,false,false,false,not_in_form_cohort,,not_in_moisture_cohort,,not_in_role_cohort,,docs/decisions/0041-feed-material-structural-model.md;docs/decisions/0042-feed-process-and-material-state-axes.md,No reviewed grinding result or governed presentation-form assertion. No reviewed drying process or material-specific moisture evidence. No reviewed product-role evidence in this structural cohort.
AOM_006107,Gmelina arborea Dried,Forage Plants,false,true,false,not_in_form_cohort,,approved_dried_from_process,Dried moisture condition,not_in_role_cohort,,docs/decisions/0041-feed-material-structural-model.md;docs/decisions/0042-feed-process-and-material-state-axes.md,No reviewed grinding result or governed presentation-form assertion. Approved Drying process supports dried moisture condition without implying one presentation form. No reviewed product-role evidence in this structural cohort.
AOM_006108,Green Bean Vine Dried,Crop Byproduct,false,true,false,not_in_form_cohort,,approved_dried_from_process,Dried moisture condition,approved_branch_to_role_translation,By-product role,docs/decisions/0041-feed-material-structural-model.md;docs/decisions/0042-feed-process-and-material-state-axes.md,No reviewed grinding result or governed presentation-form assertion. Approved Drying process supports dried moisture condition without implying one presentation form. Canonical legacy by-product branch classification translated to explicit productRole; compatibility hierarchy retained.
AOM_006109,Grewia spp. Dried,Forage Plants,false,true,false,not_in_form_cohort,,approved_dried_from_process,Dried moisture condition,not_in_role_cohort,,docs/decisions/0041-feed-material-structural-model.md;docs/decisions/0042-feed-process-and-material-state-axes.md,No reviewed grinding result or governed presentation-form assertion. Approved Drying process supports dried moisture condition without implying one presentation form. No reviewed product-role evidence in this structural cohort.
AOM_006110,Groundnut Haulm Crushed,Crop Byproduct,false,false,false,not_in_form_cohort,,not_in_moisture_cohort,,approved_branch_to_role_translation,By-product role,docs/decisions/0041-feed-material-structural-model.md;docs/decisions/0042-feed-process-and-material-state-axes.md,No reviewed grinding result or governed presentation-form assertion. No reviewed drying process or material-specific moisture evidence. Canonical legacy by-product branch classification translated to explicit productRole; compatibility hierarchy retained.
AOM_006111,Groundnut Haulm Dried,Crop Byproduct,false,true,false,not_in_form_cohort,,approved_dried_from_process,Dried moisture condition,approved_branch_to_role_translation,By-product role,docs/decisions/0041-feed-material-structural-model.md;docs/decisions/0042-feed-process-and-material-state-axes.md,No reviewed grinding result or governed presentation-form assertion. Approved Drying process supports dried moisture condition without implying one presentation form. Canonical legacy by-product branch classification translated to explicit productRole; compatibility hierarchy retained.
AOM_006112,Groundnut Haulm Ensiled,Crop Byproduct,false,false,false,not_in_form_cohort,,not_in_moisture_cohort,,approved_branch_to_role_translation,By-product role,docs/decisions/0041-feed-material-structural-model.md;docs/decisions/0042-feed-process-and-material-state-axes.md,No reviewed grinding result or governed presentation-form assertion. No reviewed drying process or material-specific moisture evidence. Canonical legacy by-product branch classification translated to explicit productRole; compatibility hierarchy retained.
AOM_006113,Groundnut Hull Crushed Dried,Crop Byproduct,false,true,false,not_in_form_cohort,,approved_dried_from_process,Dried moisture condition,approved_branch_to_role_translation,By-product role,docs/decisions/0041-feed-material-structural-model.md;docs/decisions/0042-feed-process-and-material-state-axes.md,No reviewed grinding result or governed presentation-form assertion. Approved Drying process supports dried moisture condition without implying one presentation form. Canonical legacy by-product branch classification translated to explicit productRole; compatibility hierarchy retained.
AOM_006114,Phytase Ground,Supplement,true,false,false,approved_comminuted_form,Comminuted particle form,not_in_moisture_cohort,,not_in_role_cohort,,docs/decisions/0041-feed-material-structural-model.md;docs/decisions/0042-feed-process-and-material-state-axes.md,"Approved Grinding process supports broad comminuted-particle presentation; bulk consistency, moisture, particle size, and meal/powder subtype remain unspecified. No reviewed drying process or material-specific moisture evidence. No reviewed product-role evidence in this structural cohort."
AOM_006115,Megathyrsus maximus Wilted,Forage Plants,false,false,false,not_in_form_cohort,,not_in_moisture_cohort,,not_in_role_cohort,,docs/decisions/0041-feed-material-structural-model.md;docs/decisions/0042-feed-process-and-material-state-axes.md,No reviewed grinding result or governed presentation-form assertion. No reviewed drying process or material-specific moisture evidence. No reviewed product-role evidence in this structural cohort.
AOM_006116,Hermosa sidoides Dried,Forage Plants,false,true,false,not_in_form_cohort,,approved_dried_from_process,Dried moisture condition,not_in_role_cohort,,docs/decisions/0041-feed-material-structural-model.md;docs/decisions/0042-feed-process-and-material-state-axes.md,No reviewed grinding result or governed presentation-form assertion. Approved Drying process supports dried moisture condition without implying one presentation form. No reviewed product-role evidence in this structural cohort.
AOM_006117,Heteropogon contortus Ground,Forage Plants,true,false,false,approved_comminuted_form,Comminuted particle form,not_in_moisture_cohort,,not_in_role_cohort,,docs/decisions/0041-feed-material-structural-model.md;docs/decisions/0042-feed-process-and-material-state-axes.md,"Approved Grinding process supports broad comminuted-particle presentation; bulk consistency, moisture, particle size, and meal/powder subtype remain unspecified. No reviewed drying process or material-specific moisture evidence. No reviewed product-role evidence in this structural cohort."
AOM_006118,Hevea brasiliensis Seed,Forage Plants,false,false,false,not_in_form_cohort,,not_in_moisture_cohort,,not_in_role_cohort,,docs/decisions/0041-feed-material-structural-model.md;docs/decisions/0042-feed-process-and-material-state-axes.md,No reviewed grinding result or governed presentation-form assertion. No reviewed drying process or material-specific moisture evidence. No reviewed product-role evidence in this structural cohort.
AOM_006119,Hyparrhenia hirta,Forage Plants,false,false,false,not_in_form_cohort,,not_in_moisture_cohort,,not_in_role_cohort,,docs/decisions/0041-feed-material-structural-model.md;docs/decisions/0042-feed-process-and-material-state-axes.md,No reviewed grinding result or governed presentation-form assertion. No reviewed drying process or material-specific moisture evidence. No reviewed product-role evidence in this structural cohort.
AOM_006120,Indigofera atriceps Dried,Forage Plants,false,true,false,not_in_form_cohort,,approved_dried_from_process,Dried moisture condition,not_in_role_cohort,,docs/decisions/0041-feed-material-structural-model.md;docs/decisions/0042-feed-process-and-material-state-axes.md,No reviewed grinding result or governed presentation-form assertion. Approved Drying process supports dried moisture condition without implying one presentation form. No reviewed product-role evidence in this structural cohort.
AOM_006121,Jatropha curcas Leaves Dried Ground,Forage Plants,true,true,false,approved_comminuted_form,Comminuted particle form,approved_dried_from_process,Dried moisture condition,not_in_role_cohort,,docs/decisions/0041-feed-material-structural-model.md;docs/decisions/0042-feed-process-and-material-state-axes.md,"Approved Grinding process supports broad comminuted-particle presentation; bulk consistency, moisture, particle size, and meal/powder subtype remain unspecified. Approved Drying process supports dried moisture condition without implying one presentation form. No reviewed product-role evidence in this structural cohort."
AOM_006122,Lantana camara Leaves Dried Ground,Forage Plants,true,true,false,approved_comminuted_form,Comminuted particle form,approved_dried_from_process,Dried moisture condition,not_in_role_cohort,,docs/decisions/0041-feed-material-structural-model.md;docs/decisions/0042-feed-process-and-material-state-axes.md,"Approved Grinding process supports broad comminuted-particle presentation; bulk consistency, moisture, particle size, and meal/powder subtype remain unspecified. Approved Drying process supports dried moisture condition without implying one presentation form. No reviewed product-role evidence in this structural cohort."
AOM_006124,Calcium Carbonate Ground,Supplement,true,false,false,approved_comminuted_form,Comminuted particle form,not_in_moisture_cohort,,not_in_role_cohort,,docs/decisions/0041-feed-material-structural-model.md;docs/decisions/0042-feed-process-and-material-state-axes.md,"Approved Grinding process supports broad comminuted-particle presentation; bulk consistency, moisture, particle size, and meal/powder subtype remain unspecified. No reviewed drying process or material-specific moisture evidence. No reviewed product-role evidence in this structural cohort."
AOM_006125,Magnesium Sulfate,Supplement,false,false,false,not_in_form_cohort,,not_in_moisture_cohort,,not_in_role_cohort,,docs/decisions/0041-feed-material-structural-model.md;docs/decisions/0042-feed-process-and-material-state-axes.md,No reviewed grinding result or governed presentation-form assertion. No reviewed drying process or material-specific moisture evidence. No reviewed product-role evidence in this structural cohort.
AOM_006126,Maize Bran Dried,Crop Byproduct,false,true,false,not_in_form_cohort,,approved_dried_from_process,Dried moisture condition,approved_branch_to_role_translation,By-product role,docs/decisions/0041-feed-material-structural-model.md;docs/decisions/0042-feed-process-and-material-state-axes.md,No reviewed grinding result or governed presentation-form assertion. Approved Drying process supports dried moisture condition without implying one presentation form. Canonical legacy by-product branch classification translated to explicit productRole; compatibility hierarchy retained.
AOM_006127,Maize Offal Dried,Crop Byproduct,false,true,false,not_in_form_cohort,,approved_dried_from_process,Dried moisture condition,approved_branch_to_role_translation,By-product role,docs/decisions/0041-feed-material-structural-model.md;docs/decisions/0042-feed-process-and-material-state-axes.md,No reviewed grinding result or governed presentation-form assertion. Approved Drying process supports dried moisture condition without implying one presentation form. Canonical legacy by-product branch classification translated to explicit productRole; compatibility hierarchy retained.
AOM_006128,Maize Offal Ground,Crop Byproduct,true,false,true,approved_comminuted_form,Comminuted particle form,not_in_moisture_cohort,,approved_branch_to_role_translation,By-product role,docs/decisions/0041-feed-material-structural-model.md;docs/decisions/0042-feed-process-and-material-state-axes.md,"Approved Grinding process supports broad comminuted-particle presentation; bulk consistency, moisture, particle size, and meal/powder subtype remain unspecified. No reviewed drying process or material-specific moisture evidence. Canonical legacy by-product branch classification translated to explicit productRole; compatibility hierarchy retained."
AOM_006129,Maize Offal Dried Ground,Crop Byproduct,true,true,true,approved_comminuted_form,Comminuted particle form,approved_dried_from_process,Dried moisture condition,approved_branch_to_role_translation,By-product role,docs/decisions/0041-feed-material-structural-model.md;docs/decisions/0042-feed-process-and-material-state-axes.md,"Approved Grinding process supports broad comminuted-particle presentation; bulk consistency, moisture, particle size, and meal/powder subtype remain unspecified. Approved Drying process supports dried moisture condition without implying one presentation form. Canonical legacy by-product branch classification translated to explicit productRole; compatibility hierarchy retained."
AOM_006130,Melon Seed Husk Ground,Crop Byproduct,true,false,false,approved_comminuted_form,Comminuted particle form,not_in_moisture_cohort,,approved_branch_to_role_translation,By-product role,docs/decisions/0041-feed-material-structural-model.md;docs/decisions/0042-feed-process-and-material-state-axes.md,"Approved Grinding process supports broad comminuted-particle presentation; bulk consistency, moisture, particle size, and meal/powder subtype remain unspecified. No reviewed drying process or material-specific moisture evidence. Canonical legacy by-product branch classification translated to explicit productRole; compatibility hierarchy retained."
AOM_006133,Millet Straw Ensiled Urea Treated,Crop Byproduct,false,false,false,not_in_form_cohort,,not_in_moisture_cohort,,approved_branch_to_role_translation,By-product role,docs/decisions/0041-feed-material-structural-model.md;docs/decisions/0042-feed-process-and-material-state-axes.md,No reviewed grinding result or governed presentation-form assertion. No reviewed drying process or material-specific moisture evidence. Canonical legacy by-product branch classification translated to explicit productRole; compatibility hierarchy retained.
AOM_006135,Millettia ferruginea Wilted,Forage Plants,false,false,false,not_in_form_cohort,,not_in_moisture_cohort,,not_in_role_cohort,,docs/decisions/0041-feed-material-structural-model.md;docs/decisions/0042-feed-process-and-material-state-axes.md,No reviewed grinding result or governed presentation-form assertion. No reviewed drying process or material-specific moisture evidence. No reviewed product-role evidence in this structural cohort.
AOM_006136,Moringa oleifera Seed Dried Ground,Forage Plants,true,true,false,approved_comminuted_form,Comminuted particle form,approved_dried_from_process,Dried moisture condition,not_in_role_cohort,,docs/decisions/0041-feed-material-structural-model.md;docs/decisions/0042-feed-process-and-material-state-axes.md,"Approved Grinding process supports broad comminuted-particle presentation; bulk consistency, moisture, particle size, and meal/powder subtype remain unspecified. Approved Drying process supports dried moisture condition without implying one presentation form. No reviewed product-role evidence in this structural cohort."
AOM_006137,Moringa stenopetala Leaves Dried,Forage Plants,false,true,false,not_in_form_cohort,,approved_dried_from_process,Dried moisture condition,not_in_role_cohort,,docs/decisions/0041-feed-material-structural-model.md;docs/decisions/0042-feed-process-and-material-state-axes.md,No reviewed grinding result or governed presentation-form assertion. Approved Drying process supports dried moisture condition without implying one presentation form. No reviewed product-role evidence in this structural cohort.
AOM_006138,Morus alba Leaves Crushed Dried,Forage Plants,false,true,false,not_in_form_cohort,,approved_dried_from_process,Dried moisture condition,not_in_role_cohort,,docs/decisions/0041-feed-material-structural-model.md;docs/decisions/0042-feed-process-and-material-state-axes.md,No reviewed grinding result or governed presentation-form assertion. Approved Drying process supports dried moisture condition without implying one presentation form. No reviewed product-role evidence in this structural cohort.
AOM_006139,Morus indica Leaves Crushed Dried,Forage Plants,false,true,false,not_in_form_cohort,,approved_dried_from_process,Dried moisture condition,not_in_role_cohort,,docs/decisions/0041-feed-material-structural-model.md;docs/decisions/0042-feed-process-and-material-state-axes.md,No reviewed grinding result or governed presentation-form assertion. Approved Drying process supports dried moisture condition without implying one presentation form. No reviewed product-role evidence in this structural cohort.
AOM_006140,Myrtus communis Leaves Dried Ground,Forage Plants,true,true,false,approved_comminuted_form,Comminuted particle form,approved_dried_from_process,Dried moisture condition,not_in_role_cohort,,docs/decisions/0041-feed-material-structural-model.md;docs/decisions/0042-feed-process-and-material-state-axes.md,"Approved Grinding process supports broad comminuted-particle presentation; bulk consistency, moisture, particle size, and meal/powder subtype remain unspecified. Approved Drying process supports dried moisture condition without implying one presentation form. No reviewed product-role evidence in this structural cohort."
AOM_006141,Pennisetum purpureum Wilted,Forage Plants,false,false,false,not_in_form_cohort,,not_in_moisture_cohort,,not_in_role_cohort,,docs/decisions/0041-feed-material-structural-model.md;docs/decisions/0042-feed-process-and-material-state-axes.md,No reviewed grinding result or governed presentation-form assertion. No reviewed drying process or material-specific moisture evidence. No reviewed product-role evidence in this structural cohort.
AOM_006142,Oat Straw Dried,Crop Byproduct,false,true,false,not_in_form_cohort,,approved_dried_from_process,Dried moisture condition,approved_branch_to_role_translation,By-product role,docs/decisions/0041-feed-material-structural-model.md;docs/decisions/0042-feed-process-and-material-state-axes.md,No reviewed grinding result or governed presentation-form assertion. Approved Drying process supports dried moisture condition without implying one presentation form. Canonical legacy by-product branch classification translated to explicit productRole; compatibility hierarchy retained.
AOM_006143,Oat Dried,Crop Byproduct,false,true,false,not_in_form_cohort,,approved_dried_from_process,Dried moisture condition,approved_branch_to_role_translation,By-product role,docs/decisions/0041-feed-material-structural-model.md;docs/decisions/0042-feed-process-and-material-state-axes.md,No reviewed grinding result or governed presentation-form assertion. Approved Drying process supports dried moisture condition without implying one presentation form. Canonical legacy by-product branch classification translated to explicit productRole; compatibility hierarchy retained.
AOM_006144,Occicum gatissimum Dried Ground,Forage Plants,true,true,false,approved_comminuted_form,Comminuted particle form,approved_dried_from_process,Dried moisture condition,not_in_role_cohort,,docs/decisions/0041-feed-material-structural-model.md;docs/decisions/0042-feed-process-and-material-state-axes.md,"Approved Grinding process supports broad comminuted-particle presentation; bulk consistency, moisture, particle size, and meal/powder subtype remain unspecified. Approved Drying process supports dried moisture condition without implying one presentation form. No reviewed product-role evidence in this structural cohort."
AOM_006145,Olive Cake Dried,Crop Byproduct,false,true,false,not_in_form_cohort,,approved_dried_from_process,Dried moisture condition,approved_branch_to_role_translation,By-product role,docs/decisions/0041-feed-material-structural-model.md;docs/decisions/0042-feed-process-and-material-state-axes.md,No reviewed grinding result or governed presentation-form assertion. Approved Drying process supports dried moisture condition without implying one presentation form. Canonical legacy by-product branch classification translated to explicit productRole; compatibility hierarchy retained.
AOM_006146,Olive Cake Ensiled,Crop Byproduct,false,false,false,not_in_form_cohort,,not_in_moisture_cohort,,approved_branch_to_role_translation,By-product role,docs/decisions/0041-feed-material-structural-model.md;docs/decisions/0042-feed-process-and-material-state-axes.md,No reviewed grinding result or governed presentation-form assertion. No reviewed drying process or material-specific moisture evidence. Canonical legacy by-product branch classification translated to explicit productRole; compatibility hierarchy retained.
AOM_006147,Opuntia ficus indica Fruits Dried Ground,Forage Plants,true,true,true,approved_comminuted_form,Comminuted particle form,approved_dried_from_process,Dried moisture condition,not_in_role_cohort,,docs/decisions/0041-feed-material-structural-model.md;docs/decisions/0042-feed-process-and-material-state-axes.md,"Approved Grinding process supports broad comminuted-particle presentation; bulk consistency, moisture, particle size, and meal/powder subtype remain unspecified. Approved Drying process supports dried moisture condition without implying one presentation form. No reviewed product-role evidence in this structural cohort."
AOM_006148,Orange Peels Fermented,Crop Byproduct,false,false,false,not_in_form_cohort,,not_in_moisture_cohort,,approved_branch_to_role_translation,By-product role,docs/decisions/0041-feed-material-structural-model.md;docs/decisions/0042-feed-process-and-material-state-axes.md,No reviewed grinding result or governed presentation-form assertion. No reviewed drying process or material-specific moisture evidence. Canonical legacy by-product branch classification translated to explicit productRole; compatibility hierarchy retained.
AOM_006149,Oxytenanthera abyssinica Leaves Dried,Forage Plants,false,true,false,not_in_form_cohort,,approved_dried_from_process,Dried moisture condition,not_in_role_cohort,,docs/decisions/0041-feed-material-structural-model.md;docs/decisions/0042-feed-process-and-material-state-axes.md,No reviewed grinding result or governed presentation-form assertion. Approved Drying process supports dried moisture condition without implying one presentation form. No reviewed product-role evidence in this structural cohort.
AOM_006151,Palm Kernel Cake Dried Ground,Crop Byproduct,true,true,true,approved_comminuted_form,Comminuted particle form,approved_dried_from_process,Dried moisture condition,approved_branch_to_role_translation,By-product role,docs/decisions/0041-feed-material-structural-model.md;docs/decisions/0042-feed-process-and-material-state-axes.md,"Approved Grinding process supports broad comminuted-particle presentation; bulk consistency, moisture, particle size, and meal/powder subtype remain unspecified. Approved Drying process supports dried moisture condition without implying one presentation form. Canonical legacy by-product branch classification translated to explicit productRole; compatibility hierarchy retained."
AOM_006154,Prime Gluten 60 Ground,Preformulated Feed,true,false,false,approved_comminuted_form,Comminuted particle form,not_in_moisture_cohort,,not_in_role_cohort,,docs/decisions/0041-feed-material-structural-model.md;docs/decisions/0042-feed-process-and-material-state-axes.md,"Approved Grinding process supports broad comminuted-particle presentation; bulk consistency, moisture, particle size, and meal/powder subtype remain unspecified. No reviewed drying process or material-specific moisture evidence. No reviewed product-role evidence in this structural cohort."
AOM_006155,Quercus ilex,Forage Plants,false,false,false,not_in_form_cohort,,not_in_moisture_cohort,,not_in_role_cohort,,docs/decisions/0041-feed-material-structural-model.md;docs/decisions/0042-feed-process-and-material-state-axes.md,No reviewed grinding result or governed presentation-form assertion. No reviewed drying process or material-specific moisture evidence. No reviewed product-role evidence in this structural cohort.
AOM_006156,Rice Grain Ground,Crop Product,true,false,false,approved_comminuted_form,Comminuted particle form,not_in_moisture_cohort,,not_in_role_cohort,,docs/decisions/0041-feed-material-structural-model.md;docs/decisions/0042-feed-process-and-material-state-axes.md,"Approved Grinding process supports broad comminuted-particle presentation; bulk consistency, moisture, particle size, and meal/powder subtype remain unspecified. No reviewed drying process or material-specific moisture evidence. No reviewed product-role evidence in this structural cohort."
AOM_006158,Black Cumin Seed Cake Crushed Dried,Crop Product,false,true,false,not_in_form_cohort,,approved_dried_from_process,Dried moisture condition,not_in_role_cohort,,docs/decisions/0041-feed-material-structural-model.md;docs/decisions/0042-feed-process-and-material-state-axes.md,No reviewed grinding result or governed presentation-form assertion. Approved Drying process supports dried moisture condition without implying one presentation form. No reviewed product-role evidence in this structural cohort.
AOM_006159,Brachiaria hybrid Dried,Forage Plants,false,true,false,not_in_form_cohort,,approved_dried_from_process,Dried moisture condition,not_in_role_cohort,,docs/decisions/0041-feed-material-structural-model.md;docs/decisions/0042-feed-process-and-material-state-axes.md,No reviewed grinding result or governed presentation-form assertion. Approved Drying process supports dried moisture condition without implying one presentation form. No reviewed product-role evidence in this structural cohort.
AOM_006160,Brewers By-Product,Crop Byproduct,false,false,false,not_in_form_cohort,,not_in_moisture_cohort,,approved_branch_to_role_translation,By-product role,docs/decisions/0041-feed-material-structural-model.md;docs/decisions/0042-feed-process-and-material-state-axes.md,No reviewed grinding result or governed presentation-form assertion. No reviewed drying process or material-specific moisture evidence. Canonical legacy by-product branch classification translated to explicit productRole; compatibility hierarchy retained.
AOM_006161,Brewers By-Product Dried Ground,Crop Byproduct,true,true,false,approved_comminuted_form,Comminuted particle form,approved_dried_from_process,Dried moisture condition,approved_branch_to_role_translation,By-product role,docs/decisions/0041-feed-material-structural-model.md;docs/decisions/0042-feed-process-and-material-state-axes.md,"Approved Grinding process supports broad comminuted-particle presentation; bulk consistency, moisture, particle size, and meal/powder subtype remain unspecified. Approved Drying process supports dried moisture condition without implying one presentation form. Canonical legacy by-product branch classification translated to explicit productRole; compatibility hierarchy retained."
AOM_006162,Cassava Sieviate Dried Fermented Ground,Crop Byproduct,true,true,false,approved_comminuted_form,Comminuted particle form,approved_dried_from_process,Dried moisture condition,approved_branch_to_role_translation,By-product role,docs/decisions/0041-feed-material-structural-model.md;docs/decisions/0042-feed-process-and-material-state-axes.md,"Approved Grinding process supports broad comminuted-particle presentation; bulk consistency, moisture, particle size, and meal/powder subtype remain unspecified. Approved Drying process supports dried moisture condition without implying one presentation form. Canonical legacy by-product branch classification translated to explicit productRole; compatibility hierarchy retained."
AOM_006163,Cassava Starch Residue Dried Fermented Ground,Crop Byproduct,true,true,false,approved_comminuted_form,Comminuted particle form,approved_dried_from_process,Dried moisture condition,approved_branch_to_role_translation,By-product role,docs/decisions/0041-feed-material-structural-model.md;docs/decisions/0042-feed-process-and-material-state-axes.md,"Approved Grinding process supports broad comminuted-particle presentation; bulk consistency, moisture, particle size, and meal/powder subtype remain unspecified. Approved Drying process supports dried moisture condition without implying one presentation form. Canonical legacy by-product branch classification translated to explicit productRole; compatibility hierarchy retained."
AOM_006164,Maize Grain Crushed,Crop Product,false,false,false,not_in_form_cohort,,not_in_moisture_cohort,,not_in_role_cohort,,docs/decisions/0041-feed-material-structural-model.md;docs/decisions/0042-feed-process-and-material-state-axes.md,No reviewed grinding result or governed presentation-form assertion. No reviewed drying process or material-specific moisture evidence. No reviewed product-role evidence in this structural cohort.
AOM_006165,Maize Straw Ensiled Urea Treated Wilted,Crop Byproduct,false,false,false,not_in_form_cohort,,not_in_moisture_cohort,,approved_branch_to_role_translation,By-product role,docs/decisions/0041-feed-material-structural-model.md;docs/decisions/0042-feed-process-and-material-state-axes.md,No reviewed grinding result or governed presentation-form assertion. No reviewed drying process or material-specific moisture evidence. Canonical legacy by-product branch classification translated to explicit productRole; compatibility hierarchy retained.
AOM_006166,Cotton Seed Decorticated Dried,Crop Byproduct,false,true,false,not_in_form_cohort,,approved_dried_from_process,Dried moisture condition,approved_branch_to_role_translation,By-product role,docs/decisions/0041-feed-material-structural-model.md;docs/decisions/0042-feed-process-and-material-state-axes.md,No reviewed grinding result or governed presentation-form assertion. Approved Drying process supports dried moisture condition without implying one presentation form. Canonical legacy by-product branch classification translated to explicit productRole; compatibility hierarchy retained.
AOM_006167,Fish Processing Waste Ground,Animal Byproduct,true,false,true,approved_comminuted_form,Comminuted particle form,not_in_moisture_cohort,,approved_branch_to_role_translation,By-product role,docs/decisions/0041-feed-material-structural-model.md;docs/decisions/0042-feed-process-and-material-state-axes.md,"Approved Grinding process supports broad comminuted-particle presentation; bulk consistency, moisture, particle size, and meal/powder subtype remain unspecified. No reviewed drying process or material-specific moisture evidence. Canonical legacy by-product branch classification translated to explicit productRole; compatibility hierarchy retained."
AOM_006169,Groundnut Residue,Crop Byproduct,false,false,false,not_in_form_cohort,,not_in_moisture_cohort,,approved_existing_role,Residue role,docs/decisions/0041-feed-material-structural-model.md;docs/decisions/0042-feed-process-and-material-state-axes.md,No reviewed grinding result or governed presentation-form assertion. No reviewed drying process or material-specific moisture evidence. Existing reviewed product-role assertion remains authoritative.
AOM_006170,Noug Dried,Crop Byproduct,false,true,false,not_in_form_cohort,,approved_dried_from_process,Dried moisture condition,approved_branch_to_role_translation,By-product role,docs/decisions/0041-feed-material-structural-model.md;docs/decisions/0042-feed-process-and-material-state-axes.md,No reviewed grinding result or governed presentation-form assertion. Approved Drying process supports dried moisture condition without implying one presentation form. Canonical legacy by-product branch classification translated to explicit productRole; compatibility hierarchy retained.
AOM_006171,Jackfruit Seed Dried Ground,Crop Byproduct,true,true,false,approved_comminuted_form,Comminuted particle form,approved_dried_from_process,Dried moisture condition,approved_branch_to_role_translation,By-product role,docs/decisions/0041-feed-material-structural-model.md;docs/decisions/0042-feed-process-and-material-state-axes.md,"Approved Grinding process supports broad comminuted-particle presentation; bulk consistency, moisture, particle size, and meal/powder subtype remain unspecified. Approved Drying process supports dried moisture condition without implying one presentation form. Canonical legacy by-product branch classification translated to explicit productRole; compatibility hierarchy retained."
AOM_006172,Jackfruit Seed Dried Fermented Ground,Crop Byproduct,true,true,false,approved_comminuted_form,Comminuted particle form,approved_dried_from_process,Dried moisture condition,approved_branch_to_role_translation,By-product role,docs/decisions/0041-feed-material-structural-model.md;docs/decisions/0042-feed-process-and-material-state-axes.md,"Approved Grinding process supports broad comminuted-particle presentation; bulk consistency, moisture, particle size, and meal/powder subtype remain unspecified. Approved Drying process supports dried moisture condition without implying one presentation form. Canonical legacy by-product branch classification translated to explicit productRole; compatibility hierarchy retained."
AOM_006173,Hibiscus Seed Ground,Crop Byproduct,true,false,true,approved_comminuted_form,Comminuted particle form,not_in_moisture_cohort,,approved_branch_to_role_translation,By-product role,docs/decisions/0041-feed-material-structural-model.md;docs/decisions/0042-feed-process-and-material-state-axes.md,"Approved Grinding process supports broad comminuted-particle presentation; bulk consistency, moisture, particle size, and meal/powder subtype remain unspecified. No reviewed drying process or material-specific moisture evidence. Canonical legacy by-product branch classification translated to explicit productRole; compatibility hierarchy retained."
AOM_006174,Lablab purpureus Dried Ground,Forage Plants,true,true,true,approved_comminuted_form,Comminuted particle form,approved_dried_from_process,Dried moisture condition,not_in_role_cohort,,docs/decisions/0041-feed-material-structural-model.md;docs/decisions/0042-feed-process-and-material-state-axes.md,"Approved Grinding process supports broad comminuted-particle presentation; bulk consistency, moisture, particle size, and meal/powder subtype remain unspecified. Approved Drying process supports dried moisture condition without implying one presentation form. No reviewed product-role evidence in this structural cohort."
AOM_006175,Maize Straw Ensiled Fermented,Crop Byproduct,false,false,false,not_in_form_cohort,,not_in_moisture_cohort,,approved_branch_to_role_translation,By-product role,docs/decisions/0041-feed-material-structural-model.md;docs/decisions/0042-feed-process-and-material-state-axes.md,No reviewed grinding result or governed presentation-form assertion. No reviewed drying process or material-specific moisture evidence. Canonical legacy by-product branch classification translated to explicit productRole; compatibility hierarchy retained.
AOM_006176,Mango Seed Crushed Dried,Crop Byproduct,false,true,false,not_in_form_cohort,,approved_dried_from_process,Dried moisture condition,approved_branch_to_role_translation,By-product role,docs/decisions/0041-feed-material-structural-model.md;docs/decisions/0042-feed-process-and-material-state-axes.md,No reviewed grinding result or governed presentation-form assertion. Approved Drying process supports dried moisture condition without implying one presentation form. Canonical legacy by-product branch classification translated to explicit productRole; compatibility hierarchy retained.
AOM_006177,Ziziphus jujube Leaves Dried,Forage Plants,false,true,false,not_in_form_cohort,,approved_dried_from_process,Dried moisture condition,not_in_role_cohort,,docs/decisions/0041-feed-material-structural-model.md;docs/decisions/0042-feed-process-and-material-state-axes.md,No reviewed grinding result or governed presentation-form assertion. Approved Drying process supports dried moisture condition without implying one presentation form. No reviewed product-role evidence in this structural cohort.
AOM_006178,Citrus Pulp Ensiled,Crop Byproduct,false,false,false,not_in_form_cohort,,not_in_moisture_cohort,,approved_branch_to_role_translation,By-product role,docs/decisions/0041-feed-material-structural-model.md;docs/decisions/0042-feed-process-and-material-state-axes.md,No reviewed grinding result or governed presentation-form assertion. No reviewed drying process or material-specific moisture evidence. Canonical legacy by-product branch classification translated to explicit productRole; compatibility hierarchy retained.
AOM_006179,Wood Ash Ground,Other Ingredients,true,false,false,approved_comminuted_form,Comminuted particle form,not_in_moisture_cohort,,not_in_role_cohort,,docs/decisions/0041-feed-material-structural-model.md;docs/decisions/0042-feed-process-and-material-state-axes.md,"Approved Grinding process supports broad comminuted-particle presentation; bulk consistency, moisture, particle size, and meal/powder subtype remain unspecified. No reviewed drying process or material-specific moisture evidence. No reviewed product-role evidence in this structural cohort."
AOM_006180,Tamarind,Crop Product,false,false,false,not_in_form_cohort,,not_in_moisture_cohort,,not_in_role_cohort,,docs/decisions/0041-feed-material-structural-model.md;docs/decisions/0042-feed-process-and-material-state-axes.md,No reviewed grinding result or governed presentation-form assertion. No reviewed drying process or material-specific moisture evidence. No reviewed product-role evidence in this structural cohort.
AOM_006181,Wheat Straw Ensiled,Crop Byproduct,false,false,false,not_in_form_cohort,,not_in_moisture_cohort,,approved_branch_to_role_translation,By-product role,docs/decisions/0041-feed-material-structural-model.md;docs/decisions/0042-feed-process-and-material-state-axes.md,No reviewed grinding result or governed presentation-form assertion. No reviewed drying process or material-specific moisture evidence. Canonical legacy by-product branch classification translated to explicit productRole; compatibility hierarchy retained.
AOM_006182,Watermelon Vine Dried,Crop Byproduct,false,true,false,not_in_form_cohort,,approved_dried_from_process,Dried moisture condition,approved_branch_to_role_translation,By-product role,docs/decisions/0041-feed-material-structural-model.md;docs/decisions/0042-feed-process-and-material-state-axes.md,No reviewed grinding result or governed presentation-form assertion. Approved Drying process supports dried moisture condition without implying one presentation form. Canonical legacy by-product branch classification translated to explicit productRole; compatibility hierarchy retained.
AOM_006183,Watermelon Vine Dried Fermented,Crop Byproduct,false,true,false,not_in_form_cohort,,approved_dried_from_process,Dried moisture condition,approved_branch_to_role_translation,By-product role,docs/decisions/0041-feed-material-structural-model.md;docs/decisions/0042-feed-process-and-material-state-axes.md,No reviewed grinding result or governed presentation-form assertion. Approved Drying process supports dried moisture condition without implying one presentation form. Canonical legacy by-product branch classification translated to explicit productRole; compatibility hierarchy retained.
AOM_006184,Vitex doniana Ground Wilted,Forage Plants,true,false,false,approved_comminuted_form,Comminuted particle form,not_in_moisture_cohort,,not_in_role_cohort,,docs/decisions/0041-feed-material-structural-model.md;docs/decisions/0042-feed-process-and-material-state-axes.md,"Approved Grinding process supports broad comminuted-particle presentation; bulk consistency, moisture, particle size, and meal/powder subtype remain unspecified. No reviewed drying process or material-specific moisture evidence. No reviewed product-role evidence in this structural cohort."
AOM_006185,Vitex doniana Leaves Dried Ground,Forage Plants,true,true,false,approved_comminuted_form,Comminuted particle form,approved_dried_from_process,Dried moisture condition,not_in_role_cohort,,docs/decisions/0041-feed-material-structural-model.md;docs/decisions/0042-feed-process-and-material-state-axes.md,"Approved Grinding process supports broad comminuted-particle presentation; bulk consistency, moisture, particle size, and meal/powder subtype remain unspecified. Approved Drying process supports dried moisture condition without implying one presentation form. No reviewed product-role evidence in this structural cohort."
AOM_006186,Viscum album Dried Ground,Forage Plants,true,true,false,approved_comminuted_form,Comminuted particle form,approved_dried_from_process,Dried moisture condition,not_in_role_cohort,,docs/decisions/0041-feed-material-structural-model.md;docs/decisions/0042-feed-process-and-material-state-axes.md,"Approved Grinding process supports broad comminuted-particle presentation; bulk consistency, moisture, particle size, and meal/powder subtype remain unspecified. Approved Drying process supports dried moisture condition without implying one presentation form. No reviewed product-role evidence in this structural cohort."
AOM_006187,Rice Husk Ensiled,Crop Byproduct,false,false,false,not_in_form_cohort,,not_in_moisture_cohort,,approved_branch_to_role_translation,By-product role,docs/decisions/0041-feed-material-structural-model.md;docs/decisions/0042-feed-process-and-material-state-axes.md,No reviewed grinding result or governed presentation-form assertion. No reviewed drying process or material-specific moisture evidence. Canonical legacy by-product branch classification translated to explicit productRole; compatibility hierarchy retained.
AOM_006188,Rice Husk Fermented,Crop Byproduct,false,false,false,not_in_form_cohort,,not_in_moisture_cohort,,approved_branch_to_role_translation,By-product role,docs/decisions/0041-feed-material-structural-model.md;docs/decisions/0042-feed-process-and-material-state-axes.md,No reviewed grinding result or governed presentation-form assertion. No reviewed drying process or material-specific moisture evidence. Canonical legacy by-product branch classification translated to explicit productRole; compatibility hierarchy retained.
AOM_006190,Rice Straw Ground,Crop Byproduct,true,false,false,approved_comminuted_form,Comminuted particle form,not_in_moisture_cohort,,approved_branch_to_role_translation,By-product role,docs/decisions/0041-feed-material-structural-model.md;docs/decisions/0042-feed-process-and-material-state-axes.md,"Approved Grinding process supports broad comminuted-particle presentation; bulk consistency, moisture, particle size, and meal/powder subtype remain unspecified. No reviewed drying process or material-specific moisture evidence. Canonical legacy by-product branch classification translated to explicit productRole; compatibility hierarchy retained."
AOM_006191,Rice Straw Dried,Crop Byproduct,false,true,false,not_in_form_cohort,,approved_dried_from_process,Dried moisture condition,approved_branch_to_role_translation,By-product role,docs/decisions/0041-feed-material-structural-model.md;docs/decisions/0042-feed-process-and-material-state-axes.md,No reviewed grinding result or governed presentation-form assertion. Approved Drying process supports dried moisture condition without implying one presentation form. Canonical legacy by-product branch classification translated to explicit productRole; compatibility hierarchy retained.
AOM_006192,Rice Straw Dried Ensiled Urea Treated,Crop Byproduct,false,true,false,not_in_form_cohort,,approved_dried_from_process,Dried moisture condition,approved_branch_to_role_translation,By-product role,docs/decisions/0041-feed-material-structural-model.md;docs/decisions/0042-feed-process-and-material-state-axes.md,No reviewed grinding result or governed presentation-form assertion. Approved Drying process supports dried moisture condition without implying one presentation form. Canonical legacy by-product branch classification translated to explicit productRole; compatibility hierarchy retained.
AOM_006194,Shell Ground,Animal Byproduct,true,false,true,approved_comminuted_form,Comminuted particle form,not_in_moisture_cohort,,approved_branch_to_role_translation,By-product role,docs/decisions/0041-feed-material-structural-model.md;docs/decisions/0042-feed-process-and-material-state-axes.md,"Approved Grinding process supports broad comminuted-particle presentation; bulk consistency, moisture, particle size, and meal/powder subtype remain unspecified. No reviewed drying process or material-specific moisture evidence. Canonical legacy by-product branch classification translated to explicit productRole; compatibility hierarchy retained."
AOM_006196,Adansonia digitata Seed Cake Decorticated Ground,Forage Plants,true,false,true,approved_comminuted_form,Comminuted particle form,not_in_moisture_cohort,,not_in_role_cohort,,docs/decisions/0041-feed-material-structural-model.md;docs/decisions/0042-feed-process-and-material-state-axes.md,"Approved Grinding process supports broad comminuted-particle presentation; bulk consistency, moisture, particle size, and meal/powder subtype remain unspecified. No reviewed drying process or material-specific moisture evidence. No reviewed product-role evidence in this structural cohort."
AOM_006198,Cochlospermum planchonii Rhizomes Dried Ground,Forage Plants,true,true,false,approved_comminuted_form,Comminuted particle form,approved_dried_from_process,Dried moisture condition,not_in_role_cohort,,docs/decisions/0041-feed-material-structural-model.md;docs/decisions/0042-feed-process-and-material-state-axes.md,"Approved Grinding process supports broad comminuted-particle presentation; bulk consistency, moisture, particle size, and meal/powder subtype remain unspecified. Approved Drying process supports dried moisture condition without implying one presentation form. No reviewed product-role evidence in this structural cohort."
AOM_006199,Teff,Crop Byproduct,false,false,false,not_in_form_cohort,,not_in_moisture_cohort,,approved_branch_to_role_translation,By-product role,docs/decisions/0041-feed-material-structural-model.md;docs/decisions/0042-feed-process-and-material-state-axes.md,No reviewed grinding result or governed presentation-form assertion. No reviewed drying process or material-specific moisture evidence. Canonical legacy by-product branch classification translated to explicit productRole; compatibility hierarchy retained.
AOM_006200,Garlic Oil,Crop Product,false,false,false,not_in_form_cohort,,not_in_moisture_cohort,,not_in_role_cohort,,docs/decisions/0041-feed-material-structural-model.md;docs/decisions/0042-feed-process-and-material-state-axes.md,No reviewed grinding result or governed presentation-form assertion. No reviewed drying process or material-specific moisture evidence. No reviewed product-role evidence in this structural cohort.
AOM_006201,Khat Leftover Crushed Dried,Crop Byproduct,false,true,false,not_in_form_cohort,,approved_dried_from_process,Dried moisture condition,approved_branch_to_role_translation,By-product role,docs/decisions/0041-feed-material-structural-model.md;docs/decisions/0042-feed-process-and-material-state-axes.md,No reviewed grinding result or governed presentation-form assertion. Approved Drying process supports dried moisture condition without implying one presentation form. Canonical legacy by-product branch classification translated to explicit productRole; compatibility hierarchy retained.
AOM_006203,Opuntia ficus indica Peel,Forage Plants,false,false,false,not_in_form_cohort,,not_in_moisture_cohort,,not_in_role_cohort,,docs/decisions/0041-feed-material-structural-model.md;docs/decisions/0042-feed-process-and-material-state-axes.md,No reviewed grinding result or governed presentation-form assertion. No reviewed drying process or material-specific moisture evidence. No reviewed product-role evidence in this structural cohort.
AOM_006204,Moringa oleifera Ground,Forage Plants,true,false,false,approved_comminuted_form,Comminuted particle form,not_in_moisture_cohort,,not_in_role_cohort,,docs/decisions/0041-feed-material-structural-model.md;docs/decisions/0042-feed-process-and-material-state-axes.md,"Approved Grinding process supports broad comminuted-particle presentation; bulk consistency, moisture, particle size, and meal/powder subtype remain unspecified. No reviewed drying process or material-specific moisture evidence. No reviewed product-role evidence in this structural cohort."
AOM_006205,Opuntia ficus indica Cladode Crushed,Forage Plants,false,false,false,not_in_form_cohort,,not_in_moisture_cohort,,not_in_role_cohort,,docs/decisions/0041-feed-material-structural-model.md;docs/decisions/0042-feed-process-and-material-state-axes.md,No reviewed grinding result or governed presentation-form assertion. No reviewed drying process or material-specific moisture evidence. No reviewed product-role evidence in this structural cohort.
AOM_006206,Wheat Straw Ensiled Fermented,Crop Byproduct,false,false,false,not_in_form_cohort,,not_in_moisture_cohort,,approved_branch_to_role_translation,By-product role,docs/decisions/0041-feed-material-structural-model.md;docs/decisions/0042-feed-process-and-material-state-axes.md,No reviewed grinding result or governed presentation-form assertion. No reviewed drying process or material-specific moisture evidence. Canonical legacy by-product branch classification translated to explicit productRole; compatibility hierarchy retained.
AOM_006207,Vernonia amygdalina Ground,Forage Plants,true,false,false,approved_comminuted_form,Comminuted particle form,not_in_moisture_cohort,,not_in_role_cohort,,docs/decisions/0041-feed-material-structural-model.md;docs/decisions/0042-feed-process-and-material-state-axes.md,"Approved Grinding process supports broad comminuted-particle presentation; bulk consistency, moisture, particle size, and meal/powder subtype remain unspecified. No reviewed drying process or material-specific moisture evidence. No reviewed product-role evidence in this structural cohort."
AOM_006208,Vernonia amygdalina Dried Ground,Forage Plants,true,true,false,approved_comminuted_form,Comminuted particle form,approved_dried_from_process,Dried moisture condition,not_in_role_cohort,,docs/decisions/0041-feed-material-structural-model.md;docs/decisions/0042-feed-process-and-material-state-axes.md,"Approved Grinding process supports broad comminuted-particle presentation; bulk consistency, moisture, particle size, and meal/powder subtype remain unspecified. Approved Drying process supports dried moisture condition without implying one presentation form. No reviewed product-role evidence in this structural cohort."
AOM_006209,Vernonia amygdalina Leaves Dried,Forage Plants,false,true,false,not_in_form_cohort,,approved_dried_from_process,Dried moisture condition,not_in_role_cohort,,docs/decisions/0041-feed-material-structural-model.md;docs/decisions/0042-feed-process-and-material-state-axes.md,No reviewed grinding result or governed presentation-form assertion. Approved Drying process supports dried moisture condition without implying one presentation form. No reviewed product-role evidence in this structural cohort.
AOM_006210,Vernonia amygdalina Leaves Crushed Dried,Forage Plants,false,true,false,not_in_form_cohort,,approved_dried_from_process,Dried moisture condition,not_in_role_cohort,,docs/decisions/0041-feed-material-structural-model.md;docs/decisions/0042-feed-process-and-material-state-axes.md,No reviewed grinding result or governed presentation-form assertion. Approved Drying process supports dried moisture condition without implying one presentation form. No reviewed product-role evidence in this structural cohort.
AOM_006211,Vernonia amygdalina Wilted,Forage Plants,false,false,false,not_in_form_cohort,,not_in_moisture_cohort,,not_in_role_cohort,,docs/decisions/0041-feed-material-structural-model.md;docs/decisions/0042-feed-process-and-material-state-axes.md,No reviewed grinding result or governed presentation-form assertion. No reviewed drying process or material-specific moisture evidence. No reviewed product-role evidence in this structural cohort.
AOM_006212,Vachellia polyacantha Leaves Ground,Forage Plants,true,false,false,approved_comminuted_form,Comminuted particle form,not_in_moisture_cohort,,not_in_role_cohort,,docs/decisions/0041-feed-material-structural-model.md;docs/decisions/0042-feed-process-and-material-state-axes.md,"Approved Grinding process supports broad comminuted-particle presentation; bulk consistency, moisture, particle size, and meal/powder subtype remain unspecified. No reviewed drying process or material-specific moisture evidence. No reviewed product-role evidence in this structural cohort."
AOM_006213,Bamboo Leaves Dried Ensiled Molasse Treated Urea Treated,Forage Plants,false,true,false,not_in_form_cohort,,approved_dried_from_process,Dried moisture condition,not_in_role_cohort,,docs/decisions/0041-feed-material-structural-model.md;docs/decisions/0042-feed-process-and-material-state-axes.md,No reviewed grinding result or governed presentation-form assertion. Approved Drying process supports dried moisture condition without implying one presentation form. No reviewed product-role evidence in this structural cohort.
AOM_006214,Cassava Peel Grated Pressed Urea Treated,Crop Byproduct,false,false,false,not_in_form_cohort,,not_in_moisture_cohort,,approved_branch_to_role_translation,By-product role,docs/decisions/0041-feed-material-structural-model.md;docs/decisions/0042-feed-process-and-material-state-axes.md,No reviewed grinding result or governed presentation-form assertion. No reviewed drying process or material-specific moisture evidence. Canonical legacy by-product branch classification translated to explicit productRole; compatibility hierarchy retained.
AOM_006215,Cassava Peel Enzyme Treated Ground,Crop Byproduct,true,false,false,approved_comminuted_form,Comminuted particle form,not_in_moisture_cohort,,approved_branch_to_role_translation,By-product role,docs/decisions/0041-feed-material-structural-model.md;docs/decisions/0042-feed-process-and-material-state-axes.md,"Approved Grinding process supports broad comminuted-particle presentation; bulk consistency, moisture, particle size, and meal/powder subtype remain unspecified. No reviewed drying process or material-specific moisture evidence. Canonical legacy by-product branch classification translated to explicit productRole; compatibility hierarchy retained."
AOM_006216,Cassava Peel Urea Treated,Crop Byproduct,false,false,false,not_in_form_cohort,,not_in_moisture_cohort,,approved_branch_to_role_translation,By-product role,docs/decisions/0041-feed-material-structural-model.md;docs/decisions/0042-feed-process-and-material-state-axes.md,No reviewed grinding result or governed presentation-form assertion. No reviewed drying process or material-specific moisture evidence. Canonical legacy by-product branch classification translated to explicit productRole; compatibility hierarchy retained.
AOM_006217,Citrus Pulp Alkali Treated Dried Fermented,Crop Byproduct,false,true,false,not_in_form_cohort,,approved_dried_from_process,Dried moisture condition,approved_branch_to_role_translation,By-product role,docs/decisions/0041-feed-material-structural-model.md;docs/decisions/0042-feed-process-and-material-state-axes.md,No reviewed grinding result or governed presentation-form assertion. Approved Drying process supports dried moisture condition without implying one presentation form. Canonical legacy by-product branch classification translated to explicit productRole; compatibility hierarchy retained.
AOM_006218,Maize Cob Enzyme Treated Ground,Crop Byproduct,true,false,false,approved_comminuted_form,Comminuted particle form,not_in_moisture_cohort,,approved_branch_to_role_translation,By-product role,docs/decisions/0041-feed-material-structural-model.md;docs/decisions/0042-feed-process-and-material-state-axes.md,"Approved Grinding process supports broad comminuted-particle presentation; bulk consistency, moisture, particle size, and meal/powder subtype remain unspecified. No reviewed drying process or material-specific moisture evidence. Canonical legacy by-product branch classification translated to explicit productRole; compatibility hierarchy retained."
AOM_006219,Delonix regia Seed Alkali Treated Dried Fermented Ground,Forage Plants,true,true,true,approved_comminuted_form,Comminuted particle form,approved_dried_from_process,Dried moisture condition,not_in_role_cohort,,docs/decisions/0041-feed-material-structural-model.md;docs/decisions/0042-feed-process-and-material-state-axes.md,"Approved Grinding process supports broad comminuted-particle presentation; bulk consistency, moisture, particle size, and meal/powder subtype remain unspecified. Approved Drying process supports dried moisture condition without implying one presentation form. No reviewed product-role evidence in this structural cohort."
AOM_006220,Distillers Grain Dried,Crop Byproduct,false,true,false,not_in_form_cohort,,approved_dried_from_process,Dried moisture condition,approved_branch_to_role_translation,By-product role,docs/decisions/0041-feed-material-structural-model.md;docs/decisions/0042-feed-process-and-material-state-axes.md,No reviewed grinding result or governed presentation-form assertion. Approved Drying process supports dried moisture condition without implying one presentation form. Canonical legacy by-product branch classification translated to explicit productRole; compatibility hierarchy retained.
AOM_006221,Beet Fodder Ensiled,Crop Byproduct,false,false,false,not_in_form_cohort,,not_in_moisture_cohort,,approved_branch_to_role_translation,By-product role,docs/decisions/0041-feed-material-structural-model.md;docs/decisions/0042-feed-process-and-material-state-axes.md,No reviewed grinding result or governed presentation-form assertion. No reviewed drying process or material-specific moisture evidence. Canonical legacy by-product branch classification translated to explicit productRole; compatibility hierarchy retained.
AOM_006222,Unspecified Forage,Crop Byproduct,false,false,false,not_in_form_cohort,,not_in_moisture_cohort,,approved_branch_to_role_translation,By-product role,docs/decisions/0041-feed-material-structural-model.md;docs/decisions/0042-feed-process-and-material-state-axes.md,No reviewed grinding result or governed presentation-form assertion. No reviewed drying process or material-specific moisture evidence. Canonical legacy by-product branch classification translated to explicit productRole; compatibility hierarchy retained.
AOM_006223,Lablab purpureus Haulm Dried,Forage Plants,false,true,false,not_in_form_cohort,,approved_dried_from_process,Dried moisture condition,not_in_role_cohort,,docs/decisions/0041-feed-material-structural-model.md;docs/decisions/0042-feed-process-and-material-state-axes.md,No reviewed grinding result or governed presentation-form assertion. Approved Drying process supports dried moisture condition without implying one presentation form. No reviewed product-role evidence in this structural cohort.
AOM_006224,Lima Bean Vein Dried,Crop Byproduct,false,true,false,not_in_form_cohort,,approved_dried_from_process,Dried moisture condition,approved_branch_to_role_translation,By-product role,docs/decisions/0041-feed-material-structural-model.md;docs/decisions/0042-feed-process-and-material-state-axes.md,No reviewed grinding result or governed presentation-form assertion. Approved Drying process supports dried moisture condition without implying one presentation form. Canonical legacy by-product branch classification translated to explicit productRole; compatibility hierarchy retained.
AOM_006226,Maize Bran Alkali Treated Ground,Crop Byproduct,true,false,false,approved_comminuted_form,Comminuted particle form,not_in_moisture_cohort,,approved_branch_to_role_translation,By-product role,docs/decisions/0041-feed-material-structural-model.md;docs/decisions/0042-feed-process-and-material-state-axes.md,"Approved Grinding process supports broad comminuted-particle presentation; bulk consistency, moisture, particle size, and meal/powder subtype remain unspecified. No reviewed drying process or material-specific moisture evidence. Canonical legacy by-product branch classification translated to explicit productRole; compatibility hierarchy retained."
AOM_006227,Moringa oleifera Leaves Extract Dried Ground,Forage Plants,true,true,false,approved_comminuted_form,Comminuted particle form,approved_dried_from_process,Dried moisture condition,not_in_role_cohort,,docs/decisions/0041-feed-material-structural-model.md;docs/decisions/0042-feed-process-and-material-state-axes.md,"Approved Grinding process supports broad comminuted-particle presentation; bulk consistency, moisture, particle size, and meal/powder subtype remain unspecified. Approved Drying process supports dried moisture condition without implying one presentation form. No reviewed product-role evidence in this structural cohort."
AOM_006229,Mucuna pruriens Seed Alkali Treated Boiled Ground,Forage Plants,true,false,false,approved_comminuted_form,Comminuted particle form,not_in_moisture_cohort,,not_in_role_cohort,,docs/decisions/0041-feed-material-structural-model.md;docs/decisions/0042-feed-process-and-material-state-axes.md,"Approved Grinding process supports broad comminuted-particle presentation; bulk consistency, moisture, particle size, and meal/powder subtype remain unspecified. No reviewed drying process or material-specific moisture evidence. No reviewed product-role evidence in this structural cohort."
AOM_006230,Mucuna pruriens Seed Alkali Treated Boiled Decorticated Dried Ground,Forage Plants,true,true,false,approved_comminuted_form,Comminuted particle form,approved_dried_from_process,Dried moisture condition,not_in_role_cohort,,docs/decisions/0041-feed-material-structural-model.md;docs/decisions/0042-feed-process-and-material-state-axes.md,"Approved Grinding process supports broad comminuted-particle presentation; bulk consistency, moisture, particle size, and meal/powder subtype remain unspecified. Approved Drying process supports dried moisture condition without implying one presentation form. No reviewed product-role evidence in this structural cohort."
AOM_006231,Mucuna pruriens Seed Boiled Dried Ground,Forage Plants,true,true,false,approved_comminuted_form,Comminuted particle form,approved_dried_from_process,Dried moisture condition,not_in_role_cohort,,docs/decisions/0041-feed-material-structural-model.md;docs/decisions/0042-feed-process-and-material-state-axes.md,"Approved Grinding process supports broad comminuted-particle presentation; bulk consistency, moisture, particle size, and meal/powder subtype remain unspecified. Approved Drying process supports dried moisture condition without implying one presentation form. No reviewed product-role evidence in this structural cohort."
AOM_006232,Mucuna pruriens Protein Isolate Alkali Treated Boiled Ground,Forage Plants,true,false,false,approved_comminuted_form,Comminuted particle form,not_in_moisture_cohort,,not_in_role_cohort,,docs/decisions/0041-feed-material-structural-model.md;docs/decisions/0042-feed-process-and-material-state-axes.md,"Approved Grinding process supports broad comminuted-particle presentation; bulk consistency, moisture, particle size, and meal/powder subtype remain unspecified. No reviewed drying process or material-specific moisture evidence. No reviewed product-role evidence in this structural cohort."
AOM_006233,Mucuna pruriens Protein Isolate Alkali Treated Dried Ground,Forage Plants,true,true,false,approved_comminuted_form,Comminuted particle form,approved_dried_from_process,Dried moisture condition,not_in_role_cohort,,docs/decisions/0041-feed-material-structural-model.md;docs/decisions/0042-feed-process-and-material-state-axes.md,"Approved Grinding process supports broad comminuted-particle presentation; bulk consistency, moisture, particle size, and meal/powder subtype remain unspecified. Approved Drying process supports dried moisture condition without implying one presentation form. No reviewed product-role evidence in this structural cohort."
AOM_006234,Mucuna pruriens Ground,Forage Plants,true,false,true,approved_comminuted_form,Comminuted particle form,not_in_moisture_cohort,,not_in_role_cohort,,docs/decisions/0041-feed-material-structural-model.md;docs/decisions/0042-feed-process-and-material-state-axes.md,"Approved Grinding process supports broad comminuted-particle presentation; bulk consistency, moisture, particle size, and meal/powder subtype remain unspecified. No reviewed drying process or material-specific moisture evidence. No reviewed product-role evidence in this structural cohort."
AOM_006236,Nassella Trichotoma,Forage Plants,false,false,false,not_in_form_cohort,,not_in_moisture_cohort,,not_in_role_cohort,,docs/decisions/0041-feed-material-structural-model.md;docs/decisions/0042-feed-process-and-material-state-axes.md,No reviewed grinding result or governed presentation-form assertion. No reviewed drying process or material-specific moisture evidence. No reviewed product-role evidence in this structural cohort.
AOM_006237,Olive Cake Ensiled Enzyme Treated,Crop Byproduct,false,false,false,not_in_form_cohort,,not_in_moisture_cohort,,approved_branch_to_role_translation,By-product role,docs/decisions/0041-feed-material-structural-model.md;docs/decisions/0042-feed-process-and-material-state-axes.md,No reviewed grinding result or governed presentation-form assertion. No reviewed drying process or material-specific moisture evidence. Canonical legacy by-product branch classification translated to explicit productRole; compatibility hierarchy retained.
AOM_006238,Onion Veins Ensiled,Crop Product,false,false,false,not_in_form_cohort,,not_in_moisture_cohort,,not_in_role_cohort,,docs/decisions/0041-feed-material-structural-model.md;docs/decisions/0042-feed-process-and-material-state-axes.md,No reviewed grinding result or governed presentation-form assertion. No reviewed drying process or material-specific moisture evidence. No reviewed product-role evidence in this structural cohort.
AOM_006239,Untreated Organic Waste Ground,Other Ingredients,true,false,false,approved_comminuted_form,Comminuted particle form,not_in_moisture_cohort,,not_in_role_cohort,,docs/decisions/0041-feed-material-structural-model.md;docs/decisions/0042-feed-process-and-material-state-axes.md,"Approved Grinding process supports broad comminuted-particle presentation; bulk consistency, moisture, particle size, and meal/powder subtype remain unspecified. No reviewed drying process or material-specific moisture evidence. No reviewed product-role evidence in this structural cohort."
AOM_006240,Untreated Organic Waste Dried Fermented Ground,Other Ingredients,true,true,false,approved_comminuted_form,Comminuted particle form,approved_dried_from_process,Dried moisture condition,not_in_role_cohort,,docs/decisions/0041-feed-material-structural-model.md;docs/decisions/0042-feed-process-and-material-state-axes.md,"Approved Grinding process supports broad comminuted-particle presentation; bulk consistency, moisture, particle size, and meal/powder subtype remain unspecified. Approved Drying process supports dried moisture condition without implying one presentation form. No reviewed product-role evidence in this structural cohort."
AOM_006241,Unspecified Yeast,Other Ingredients,false,false,false,not_in_form_cohort,,not_in_moisture_cohort,,not_in_role_cohort,,docs/decisions/0041-feed-material-structural-model.md;docs/decisions/0042-feed-process-and-material-state-axes.md,No reviewed grinding result or governed presentation-form assertion. No reviewed drying process or material-specific moisture evidence. No reviewed product-role evidence in this structural cohort.
AOM_006242,Unspecified Grass Urea Treated,Forage Plants,false,false,false,not_in_form_cohort,,not_in_moisture_cohort,,not_in_role_cohort,,docs/decisions/0041-feed-material-structural-model.md;docs/decisions/0042-feed-process-and-material-state-axes.md,No reviewed grinding result or governed presentation-form assertion. No reviewed drying process or material-specific moisture evidence. No reviewed product-role evidence in this structural cohort.
AOM_006244,Unspecified Straw Ground,Crop Byproduct,true,false,false,approved_comminuted_form,Comminuted particle form,not_in_moisture_cohort,,approved_branch_to_role_translation,By-product role,docs/decisions/0041-feed-material-structural-model.md;docs/decisions/0042-feed-process-and-material-state-axes.md,"Approved Grinding process supports broad comminuted-particle presentation; bulk consistency, moisture, particle size, and meal/powder subtype remain unspecified. No reviewed drying process or material-specific moisture evidence. Canonical legacy by-product branch classification translated to explicit productRole; compatibility hierarchy retained."
AOM_006250,Typha domingensis Ensiled Wilted,Forage Plants,false,false,false,not_in_form_cohort,,not_in_moisture_cohort,,not_in_role_cohort,,docs/decisions/0041-feed-material-structural-model.md;docs/decisions/0042-feed-process-and-material-state-axes.md,No reviewed grinding result or governed presentation-form assertion. No reviewed drying process or material-specific moisture evidence. No reviewed product-role evidence in this structural cohort.
AOM_006251,Tristachya leucothrix Ground,Forage Plants,true,false,false,approved_comminuted_form,Comminuted particle form,not_in_moisture_cohort,,not_in_role_cohort,,docs/decisions/0041-feed-material-structural-model.md;docs/decisions/0042-feed-process-and-material-state-axes.md,"Approved Grinding process supports broad comminuted-particle presentation; bulk consistency, moisture, particle size, and meal/powder subtype remain unspecified. No reviewed drying process or material-specific moisture evidence. No reviewed product-role evidence in this structural cohort."
AOM_006252,Unspecified Grass Urea Treated Dried,Forage Plants,false,true,false,not_in_form_cohort,,approved_dried_from_process,Dried moisture condition,not_in_role_cohort,,docs/decisions/0041-feed-material-structural-model.md;docs/decisions/0042-feed-process-and-material-state-axes.md,No reviewed grinding result or governed presentation-form assertion. Approved Drying process supports dried moisture condition without implying one presentation form. No reviewed product-role evidence in this structural cohort.
AOM_006253,Trifolium Dried,Forage Plants,false,true,false,not_in_form_cohort,,approved_dried_from_process,Dried moisture condition,not_in_role_cohort,,docs/decisions/0041-feed-material-structural-model.md;docs/decisions/0042-feed-process-and-material-state-axes.md,No reviewed grinding result or governed presentation-form assertion. Approved Drying process supports dried moisture condition without implying one presentation form. No reviewed product-role evidence in this structural cohort.
AOM_006254,Trifolium repens Dried,Forage Plants,false,true,false,not_in_form_cohort,,approved_dried_from_process,Dried moisture condition,not_in_role_cohort,,docs/decisions/0041-feed-material-structural-model.md;docs/decisions/0042-feed-process-and-material-state-axes.md,No reviewed grinding result or governed presentation-form assertion. Approved Drying process supports dried moisture condition without implying one presentation form. No reviewed product-role evidence in this structural cohort.
AOM_006255,Tithonia diversifolia Ensiled Wilted,Forage Plants,false,false,false,not_in_form_cohort,,not_in_moisture_cohort,,not_in_role_cohort,,docs/decisions/0041-feed-material-structural-model.md;docs/decisions/0042-feed-process-and-material-state-axes.md,No reviewed grinding result or governed presentation-form assertion. No reviewed drying process or material-specific moisture evidence. No reviewed product-role evidence in this structural cohort.
AOM_006256,Themeda triandra Ground,Forage Plants,true,false,true,approved_comminuted_form,Comminuted particle form,not_in_moisture_cohort,,not_in_role_cohort,,docs/decisions/0041-feed-material-structural-model.md;docs/decisions/0042-feed-process-and-material-state-axes.md,"Approved Grinding process supports broad comminuted-particle presentation; bulk consistency, moisture, particle size, and meal/powder subtype remain unspecified. No reviewed drying process or material-specific moisture evidence. No reviewed product-role evidence in this structural cohort."
AOM_006257,Themeda triandra Dried Ground,Forage Plants,true,true,false,approved_comminuted_form,Comminuted particle form,approved_dried_from_process,Dried moisture condition,not_in_role_cohort,,docs/decisions/0041-feed-material-structural-model.md;docs/decisions/0042-feed-process-and-material-state-axes.md,"Approved Grinding process supports broad comminuted-particle presentation; bulk consistency, moisture, particle size, and meal/powder subtype remain unspecified. Approved Drying process supports dried moisture condition without implying one presentation form. No reviewed product-role evidence in this structural cohort."
AOM_006258,Tephrosia polystachyum Dried,Forage Plants,false,true,false,not_in_form_cohort,,approved_dried_from_process,Dried moisture condition,not_in_role_cohort,,docs/decisions/0041-feed-material-structural-model.md;docs/decisions/0042-feed-process-and-material-state-axes.md,No reviewed grinding result or governed presentation-form assertion. Approved Drying process supports dried moisture condition without implying one presentation form. No reviewed product-role evidence in this structural cohort.
AOM_006259,Teff Straw Ensiled Fermented Urea Treated,Crop Byproduct,false,false,false,not_in_form_cohort,,not_in_moisture_cohort,,approved_branch_to_role_translation,By-product role,docs/decisions/0041-feed-material-structural-model.md;docs/decisions/0042-feed-process-and-material-state-axes.md,No reviewed grinding result or governed presentation-form assertion. No reviewed drying process or material-specific moisture evidence. Canonical legacy by-product branch classification translated to explicit productRole; compatibility hierarchy retained.
AOM_006260,Teff Straw Dried,Crop Byproduct,false,true,false,not_in_form_cohort,,approved_dried_from_process,Dried moisture condition,approved_branch_to_role_translation,By-product role,docs/decisions/0041-feed-material-structural-model.md;docs/decisions/0042-feed-process-and-material-state-axes.md,No reviewed grinding result or governed presentation-form assertion. Approved Drying process supports dried moisture condition without implying one presentation form. Canonical legacy by-product branch classification translated to explicit productRole; compatibility hierarchy retained.
AOM_006261,Tectona grandis Leaves Wilted,Forage Plants,false,false,false,not_in_form_cohort,,not_in_moisture_cohort,,not_in_role_cohort,,docs/decisions/0041-feed-material-structural-model.md;docs/decisions/0042-feed-process-and-material-state-axes.md,No reviewed grinding result or governed presentation-form assertion. No reviewed drying process or material-specific moisture evidence. No reviewed product-role evidence in this structural cohort.
AOM_006262,Taro Root Dried Ground,Crop Byproduct,true,true,false,approved_comminuted_form,Comminuted particle form,approved_dried_from_process,Dried moisture condition,approved_branch_to_role_translation,By-product role,docs/decisions/0041-feed-material-structural-model.md;docs/decisions/0042-feed-process-and-material-state-axes.md,"Approved Grinding process supports broad comminuted-particle presentation; bulk consistency, moisture, particle size, and meal/powder subtype remain unspecified. Approved Drying process supports dried moisture condition without implying one presentation form. Canonical legacy by-product branch classification translated to explicit productRole; compatibility hierarchy retained."
AOM_006263,Sweet Potato Peels Dried,Crop Byproduct,false,true,false,not_in_form_cohort,,approved_dried_from_process,Dried moisture condition,approved_branch_to_role_translation,By-product role,docs/decisions/0041-feed-material-structural-model.md;docs/decisions/0042-feed-process-and-material-state-axes.md,No reviewed grinding result or governed presentation-form assertion. Approved Drying process supports dried moisture condition without implying one presentation form. Canonical legacy by-product branch classification translated to explicit productRole; compatibility hierarchy retained.
AOM_006264,Sugarcane Peel Dried Ground,Crop Byproduct,true,true,false,approved_comminuted_form,Comminuted particle form,approved_dried_from_process,Dried moisture condition,approved_branch_to_role_translation,By-product role,docs/decisions/0041-feed-material-structural-model.md;docs/decisions/0042-feed-process-and-material-state-axes.md,"Approved Grinding process supports broad comminuted-particle presentation; bulk consistency, moisture, particle size, and meal/powder subtype remain unspecified. Approved Drying process supports dried moisture condition without implying one presentation form. Canonical legacy by-product branch classification translated to explicit productRole; compatibility hierarchy retained."
AOM_006266,Sugarcane Bagasse Ensiled,Crop Byproduct,false,false,false,not_in_form_cohort,,not_in_moisture_cohort,,approved_branch_to_role_translation,By-product role,docs/decisions/0041-feed-material-structural-model.md;docs/decisions/0042-feed-process-and-material-state-axes.md,No reviewed grinding result or governed presentation-form assertion. No reviewed drying process or material-specific moisture evidence. Canonical legacy by-product branch classification translated to explicit productRole; compatibility hierarchy retained.
AOM_006267,Sugarcane Bagasse Enzyme Treated,Crop Byproduct,false,false,false,not_in_form_cohort,,not_in_moisture_cohort,,approved_branch_to_role_translation,By-product role,docs/decisions/0041-feed-material-structural-model.md;docs/decisions/0042-feed-process-and-material-state-axes.md,No reviewed grinding result or governed presentation-form assertion. No reviewed drying process or material-specific moisture evidence. Canonical legacy by-product branch classification translated to explicit productRole; compatibility hierarchy retained.
AOM_006268,Sugarcane Bagasse Fermented,Crop Byproduct,false,false,false,not_in_form_cohort,,not_in_moisture_cohort,,approved_branch_to_role_translation,By-product role,docs/decisions/0041-feed-material-structural-model.md;docs/decisions/0042-feed-process-and-material-state-axes.md,No reviewed grinding result or governed presentation-form assertion. No reviewed drying process or material-specific moisture evidence. Canonical legacy by-product branch classification translated to explicit productRole; compatibility hierarchy retained.
AOM_006269,Sugarcane Bagasse Ground,Crop Byproduct,true,false,false,approved_comminuted_form,Comminuted particle form,not_in_moisture_cohort,,approved_branch_to_role_translation,By-product role,docs/decisions/0041-feed-material-structural-model.md;docs/decisions/0042-feed-process-and-material-state-axes.md,"Approved Grinding process supports broad comminuted-particle presentation; bulk consistency, moisture, particle size, and meal/powder subtype remain unspecified. No reviewed drying process or material-specific moisture evidence. Canonical legacy by-product branch classification translated to explicit productRole; compatibility hierarchy retained."
AOM_006270,Sugar Beet Crushed,Crop Byproduct,false,false,false,not_in_form_cohort,,not_in_moisture_cohort,,approved_branch_to_role_translation,By-product role,docs/decisions/0041-feed-material-structural-model.md;docs/decisions/0042-feed-process-and-material-state-axes.md,No reviewed grinding result or governed presentation-form assertion. No reviewed drying process or material-specific moisture evidence. Canonical legacy by-product branch classification translated to explicit productRole; compatibility hierarchy retained.
AOM_006271,Sugar Beet Pulp Dried,Crop Byproduct,false,true,false,not_in_form_cohort,,approved_dried_from_process,Dried moisture condition,approved_branch_to_role_translation,By-product role,docs/decisions/0041-feed-material-structural-model.md;docs/decisions/0042-feed-process-and-material-state-axes.md,No reviewed grinding result or governed presentation-form assertion. Approved Drying process supports dried moisture condition without implying one presentation form. Canonical legacy by-product branch classification translated to explicit productRole; compatibility hierarchy retained.
AOM_006272,Sporobolus natalensis Dried,Forage Plants,false,true,false,not_in_form_cohort,,approved_dried_from_process,Dried moisture condition,not_in_role_cohort,,docs/decisions/0041-feed-material-structural-model.md;docs/decisions/0042-feed-process-and-material-state-axes.md,No reviewed grinding result or governed presentation-form assertion. Approved Drying process supports dried moisture condition without implying one presentation form. No reviewed product-role evidence in this structural cohort.
AOM_006275,Panicum antidotale Dried,Forage Plants,false,true,false,not_in_form_cohort,,approved_dried_from_process,Dried moisture condition,not_in_role_cohort,,docs/decisions/0041-feed-material-structural-model.md;docs/decisions/0042-feed-process-and-material-state-axes.md,No reviewed grinding result or governed presentation-form assertion. Approved Drying process supports dried moisture condition without implying one presentation form. No reviewed product-role evidence in this structural cohort.
AOM_006276,Panicum maximum Ensiled Wilted,Forage Plants,false,false,false,not_in_form_cohort,,not_in_moisture_cohort,,not_in_role_cohort,,docs/decisions/0041-feed-material-structural-model.md;docs/decisions/0042-feed-process-and-material-state-axes.md,No reviewed grinding result or governed presentation-form assertion. No reviewed drying process or material-specific moisture evidence. No reviewed product-role evidence in this structural cohort.
AOM_006277,Panicum Dried,Forage Plants,false,true,false,not_in_form_cohort,,approved_dried_from_process,Dried moisture condition,not_in_role_cohort,,docs/decisions/0041-feed-material-structural-model.md;docs/decisions/0042-feed-process-and-material-state-axes.md,No reviewed grinding result or governed presentation-form assertion. Approved Drying process supports dried moisture condition without implying one presentation form. No reviewed product-role evidence in this structural cohort.
AOM_006278,Groundnut Veins Dried,Crop Byproduct,false,true,false,not_in_form_cohort,,approved_dried_from_process,Dried moisture condition,approved_branch_to_role_translation,By-product role,docs/decisions/0041-feed-material-structural-model.md;docs/decisions/0042-feed-process-and-material-state-axes.md,No reviewed grinding result or governed presentation-form assertion. Approved Drying process supports dried moisture condition without implying one presentation form. Canonical legacy by-product branch classification translated to explicit productRole; compatibility hierarchy retained.
AOM_006279,Pennisetum purpureum Ensiled,Forage Plants,false,false,false,not_in_form_cohort,,not_in_moisture_cohort,,not_in_role_cohort,,docs/decisions/0041-feed-material-structural-model.md;docs/decisions/0042-feed-process-and-material-state-axes.md,No reviewed grinding result or governed presentation-form assertion. No reviewed drying process or material-specific moisture evidence. No reviewed product-role evidence in this structural cohort.
AOM_006280,Pennisetum Dried,Forage Plants,false,true,false,not_in_form_cohort,,approved_dried_from_process,Dried moisture condition,not_in_role_cohort,,docs/decisions/0041-feed-material-structural-model.md;docs/decisions/0042-feed-process-and-material-state-axes.md,No reviewed grinding result or governed presentation-form assertion. Approved Drying process supports dried moisture condition without implying one presentation form. No reviewed product-role evidence in this structural cohort.
AOM_006281,Date Leaves Dried,Crop Byproduct,false,true,false,not_in_form_cohort,,approved_dried_from_process,Dried moisture condition,approved_branch_to_role_translation,By-product role,docs/decisions/0041-feed-material-structural-model.md;docs/decisions/0042-feed-process-and-material-state-axes.md,No reviewed grinding result or governed presentation-form assertion. Approved Drying process supports dried moisture condition without implying one presentation form. Canonical legacy by-product branch classification translated to explicit productRole; compatibility hierarchy retained.
AOM_006282,Date Leaves Wilted,Crop Byproduct,false,false,false,not_in_form_cohort,,not_in_moisture_cohort,,approved_branch_to_role_translation,By-product role,docs/decisions/0041-feed-material-structural-model.md;docs/decisions/0042-feed-process-and-material-state-axes.md,No reviewed grinding result or governed presentation-form assertion. No reviewed drying process or material-specific moisture evidence. Canonical legacy by-product branch classification translated to explicit productRole; compatibility hierarchy retained.
AOM_006283,Date Leaves Ensiled Wilted,Crop Byproduct,false,false,false,not_in_form_cohort,,not_in_moisture_cohort,,approved_branch_to_role_translation,By-product role,docs/decisions/0041-feed-material-structural-model.md;docs/decisions/0042-feed-process-and-material-state-axes.md,No reviewed grinding result or governed presentation-form assertion. No reviewed drying process or material-specific moisture evidence. Canonical legacy by-product branch classification translated to explicit productRole; compatibility hierarchy retained.
AOM_006284,Date Leaves Dried Enzyme Treated,Crop Byproduct,false,true,false,not_in_form_cohort,,approved_dried_from_process,Dried moisture condition,approved_branch_to_role_translation,By-product role,docs/decisions/0041-feed-material-structural-model.md;docs/decisions/0042-feed-process-and-material-state-axes.md,No reviewed grinding result or governed presentation-form assertion. Approved Drying process supports dried moisture condition without implying one presentation form. Canonical legacy by-product branch classification translated to explicit productRole; compatibility hierarchy retained.
AOM_006285,Date Leaves Ensiled Sprouted Wilted,Crop Byproduct,false,false,false,not_in_form_cohort,,not_in_moisture_cohort,,approved_branch_to_role_translation,By-product role,docs/decisions/0041-feed-material-structural-model.md;docs/decisions/0042-feed-process-and-material-state-axes.md,No reviewed grinding result or governed presentation-form assertion. No reviewed drying process or material-specific moisture evidence. Canonical legacy by-product branch classification translated to explicit productRole; compatibility hierarchy retained.
AOM_006290,Phyllanthus amarus Dried Ground,Forage Plants,true,true,false,approved_comminuted_form,Comminuted particle form,approved_dried_from_process,Dried moisture condition,not_in_role_cohort,,docs/decisions/0041-feed-material-structural-model.md;docs/decisions/0042-feed-process-and-material-state-axes.md,"Approved Grinding process supports broad comminuted-particle presentation; bulk consistency, moisture, particle size, and meal/powder subtype remain unspecified. Approved Drying process supports dried moisture condition without implying one presentation form. No reviewed product-role evidence in this structural cohort."
AOM_006292,Piliostigma thonningii pods Crushed,Forage Plants,false,false,false,not_in_form_cohort,,not_in_moisture_cohort,,not_in_role_cohort,,docs/decisions/0041-feed-material-structural-model.md;docs/decisions/0042-feed-process-and-material-state-axes.md,No reviewed grinding result or governed presentation-form assertion. No reviewed drying process or material-specific moisture evidence. No reviewed product-role evidence in this structural cohort.
AOM_006293,Polyalthia longifolia Leaves Dried,Forage Plants,false,true,false,not_in_form_cohort,,approved_dried_from_process,Dried moisture condition,not_in_role_cohort,,docs/decisions/0041-feed-material-structural-model.md;docs/decisions/0042-feed-process-and-material-state-axes.md,No reviewed grinding result or governed presentation-form assertion. Approved Drying process supports dried moisture condition without implying one presentation form. No reviewed product-role evidence in this structural cohort.
AOM_006295,Prosopis juliflora Pods Dried Ground,Forage Plants,true,true,false,approved_comminuted_form,Comminuted particle form,approved_dried_from_process,Dried moisture condition,not_in_role_cohort,,docs/decisions/0041-feed-material-structural-model.md;docs/decisions/0042-feed-process-and-material-state-axes.md,"Approved Grinding process supports broad comminuted-particle presentation; bulk consistency, moisture, particle size, and meal/powder subtype remain unspecified. Approved Drying process supports dried moisture condition without implying one presentation form. No reviewed product-role evidence in this structural cohort."
AOM_006296,Prosopis juliflora Pods Dried Fermented Ground,Forage Plants,true,true,false,approved_comminuted_form,Comminuted particle form,approved_dried_from_process,Dried moisture condition,not_in_role_cohort,,docs/decisions/0041-feed-material-structural-model.md;docs/decisions/0042-feed-process-and-material-state-axes.md,"Approved Grinding process supports broad comminuted-particle presentation; bulk consistency, moisture, particle size, and meal/powder subtype remain unspecified. Approved Drying process supports dried moisture condition without implying one presentation form. No reviewed product-role evidence in this structural cohort."
AOM_006297,Prosopis juliflora Dried,Forage Plants,false,true,false,not_in_form_cohort,,approved_dried_from_process,Dried moisture condition,not_in_role_cohort,,docs/decisions/0041-feed-material-structural-model.md;docs/decisions/0042-feed-process-and-material-state-axes.md,No reviewed grinding result or governed presentation-form assertion. Approved Drying process supports dried moisture condition without implying one presentation form. No reviewed product-role evidence in this structural cohort.
AOM_006299,Rice Husk Enzyme Treated,Crop Byproduct,false,false,false,not_in_form_cohort,,not_in_moisture_cohort,,approved_branch_to_role_translation,By-product role,docs/decisions/0041-feed-material-structural-model.md;docs/decisions/0042-feed-process-and-material-state-axes.md,No reviewed grinding result or governed presentation-form assertion. No reviewed drying process or material-specific moisture evidence. Canonical legacy by-product branch classification translated to explicit productRole; compatibility hierarchy retained.
AOM_006300,Rice Offal Ground,Crop Byproduct,true,false,false,approved_comminuted_form,Comminuted particle form,not_in_moisture_cohort,,approved_branch_to_role_translation,By-product role,docs/decisions/0041-feed-material-structural-model.md;docs/decisions/0042-feed-process-and-material-state-axes.md,"Approved Grinding process supports broad comminuted-particle presentation; bulk consistency, moisture, particle size, and meal/powder subtype remain unspecified. No reviewed drying process or material-specific moisture evidence. Canonical legacy by-product branch classification translated to explicit productRole; compatibility hierarchy retained."
AOM_006301,Rice Straw Ensiled Urea Treated,Crop Byproduct,false,false,false,not_in_form_cohort,,not_in_moisture_cohort,,approved_branch_to_role_translation,By-product role,docs/decisions/0041-feed-material-structural-model.md;docs/decisions/0042-feed-process-and-material-state-axes.md,No reviewed grinding result or governed presentation-form assertion. No reviewed drying process or material-specific moisture evidence. Canonical legacy by-product branch classification translated to explicit productRole; compatibility hierarchy retained.
AOM_006302,Rice Straw Urea Treated,Crop Byproduct,false,false,false,not_in_form_cohort,,not_in_moisture_cohort,,approved_branch_to_role_translation,By-product role,docs/decisions/0041-feed-material-structural-model.md;docs/decisions/0042-feed-process-and-material-state-axes.md,No reviewed grinding result or governed presentation-form assertion. No reviewed drying process or material-specific moisture evidence. Canonical legacy by-product branch classification translated to explicit productRole; compatibility hierarchy retained.
AOM_006303,Rice Straw Dried Urea Treated,Crop Byproduct,false,true,false,not_in_form_cohort,,approved_dried_from_process,Dried moisture condition,approved_branch_to_role_translation,By-product role,docs/decisions/0041-feed-material-structural-model.md;docs/decisions/0042-feed-process-and-material-state-axes.md,No reviewed grinding result or governed presentation-form assertion. Approved Drying process supports dried moisture condition without implying one presentation form. Canonical legacy by-product branch classification translated to explicit productRole; compatibility hierarchy retained.
AOM_006304,Rice Straw Fermented Ground,Crop Byproduct,true,false,false,approved_comminuted_form,Comminuted particle form,not_in_moisture_cohort,,approved_branch_to_role_translation,By-product role,docs/decisions/0041-feed-material-structural-model.md;docs/decisions/0042-feed-process-and-material-state-axes.md,"Approved Grinding process supports broad comminuted-particle presentation; bulk consistency, moisture, particle size, and meal/powder subtype remain unspecified. No reviewed drying process or material-specific moisture evidence. Canonical legacy by-product branch classification translated to explicit productRole; compatibility hierarchy retained."
AOM_006305,Samanea saman Dried Ground,Forage Plants,true,true,false,approved_comminuted_form,Comminuted particle form,approved_dried_from_process,Dried moisture condition,not_in_role_cohort,,docs/decisions/0041-feed-material-structural-model.md;docs/decisions/0042-feed-process-and-material-state-axes.md,"Approved Grinding process supports broad comminuted-particle presentation; bulk consistency, moisture, particle size, and meal/powder subtype remain unspecified. Approved Drying process supports dried moisture condition without implying one presentation form. No reviewed product-role evidence in this structural cohort."
AOM_006306,Samanea saman Wilted,Forage Plants,false,false,false,not_in_form_cohort,,not_in_moisture_cohort,,not_in_role_cohort,,docs/decisions/0041-feed-material-structural-model.md;docs/decisions/0042-feed-process-and-material-state-axes.md,No reviewed grinding result or governed presentation-form assertion. No reviewed drying process or material-specific moisture evidence. No reviewed product-role evidence in this structural cohort.
AOM_006307,Sesame Seed Cake Ground,Crop Byproduct,true,false,false,approved_comminuted_form,Comminuted particle form,not_in_moisture_cohort,,approved_branch_to_role_translation,By-product role,docs/decisions/0041-feed-material-structural-model.md;docs/decisions/0042-feed-process-and-material-state-axes.md,"Approved Grinding process supports broad comminuted-particle presentation; bulk consistency, moisture, particle size, and meal/powder subtype remain unspecified. No reviewed drying process or material-specific moisture evidence. Canonical legacy by-product branch classification translated to explicit productRole; compatibility hierarchy retained."
AOM_006308,Sesbania sesban Leaves Dried Ground,Forage Plants,true,true,false,approved_comminuted_form,Comminuted particle form,approved_dried_from_process,Dried moisture condition,not_in_role_cohort,,docs/decisions/0041-feed-material-structural-model.md;docs/decisions/0042-feed-process-and-material-state-axes.md,"Approved Grinding process supports broad comminuted-particle presentation; bulk consistency, moisture, particle size, and meal/powder subtype remain unspecified. Approved Drying process supports dried moisture condition without implying one presentation form. No reviewed product-role evidence in this structural cohort."
AOM_006309,Sesbania sesban Seed Roasted,Forage Plants,false,false,false,not_in_form_cohort,,not_in_moisture_cohort,,not_in_role_cohort,,docs/decisions/0041-feed-material-structural-model.md;docs/decisions/0042-feed-process-and-material-state-axes.md,No reviewed grinding result or governed presentation-form assertion. No reviewed drying process or material-specific moisture evidence. No reviewed product-role evidence in this structural cohort.
AOM_006310,Sesbania sesban Ensiled,Forage Plants,false,false,false,not_in_form_cohort,,not_in_moisture_cohort,,not_in_role_cohort,,docs/decisions/0041-feed-material-structural-model.md;docs/decisions/0042-feed-process-and-material-state-axes.md,No reviewed grinding result or governed presentation-form assertion. No reviewed drying process or material-specific moisture evidence. No reviewed product-role evidence in this structural cohort.
AOM_006311,Sheanut Cake Ground,Crop Byproduct,true,false,false,approved_comminuted_form,Comminuted particle form,not_in_moisture_cohort,,approved_branch_to_role_translation,By-product role,docs/decisions/0041-feed-material-structural-model.md;docs/decisions/0042-feed-process-and-material-state-axes.md,"Approved Grinding process supports broad comminuted-particle presentation; bulk consistency, moisture, particle size, and meal/powder subtype remain unspecified. No reviewed drying process or material-specific moisture evidence. Canonical legacy by-product branch classification translated to explicit productRole; compatibility hierarchy retained."
AOM_006312,Sorghum Husk Urea Treated,Crop Byproduct,false,false,false,not_in_form_cohort,,not_in_moisture_cohort,,approved_branch_to_role_translation,By-product role,docs/decisions/0041-feed-material-structural-model.md;docs/decisions/0042-feed-process-and-material-state-axes.md,No reviewed grinding result or governed presentation-form assertion. No reviewed drying process or material-specific moisture evidence. Canonical legacy by-product branch classification translated to explicit productRole; compatibility hierarchy retained.
AOM_006313,Sorghum Straw Crushed,Crop Byproduct,false,false,false,not_in_form_cohort,,not_in_moisture_cohort,,approved_branch_to_role_translation,By-product role,docs/decisions/0041-feed-material-structural-model.md;docs/decisions/0042-feed-process-and-material-state-axes.md,No reviewed grinding result or governed presentation-form assertion. No reviewed drying process or material-specific moisture evidence. Canonical legacy by-product branch classification translated to explicit productRole; compatibility hierarchy retained.
AOM_006314,Sorghum Straw Crushed Dried Fermented,Crop Byproduct,false,true,false,not_in_form_cohort,,approved_dried_from_process,Dried moisture condition,approved_branch_to_role_translation,By-product role,docs/decisions/0041-feed-material-structural-model.md;docs/decisions/0042-feed-process-and-material-state-axes.md,No reviewed grinding result or governed presentation-form assertion. Approved Drying process supports dried moisture condition without implying one presentation form. Canonical legacy by-product branch classification translated to explicit productRole; compatibility hierarchy retained.
AOM_006315,Sorghum sudanense Dried,Forage Plants,false,true,false,not_in_form_cohort,,approved_dried_from_process,Dried moisture condition,not_in_role_cohort,,docs/decisions/0041-feed-material-structural-model.md;docs/decisions/0042-feed-process-and-material-state-axes.md,No reviewed grinding result or governed presentation-form assertion. Approved Drying process supports dried moisture condition without implying one presentation form. No reviewed product-role evidence in this structural cohort.
AOM_006316,Sorghum Dried,Crop Byproduct,false,true,false,not_in_form_cohort,,approved_dried_from_process,Dried moisture condition,approved_branch_to_role_translation,By-product role,docs/decisions/0041-feed-material-structural-model.md;docs/decisions/0042-feed-process-and-material-state-axes.md,No reviewed grinding result or governed presentation-form assertion. Approved Drying process supports dried moisture condition without implying one presentation form. Canonical legacy by-product branch classification translated to explicit productRole; compatibility hierarchy retained.
AOM_006317,Soybean Cheese Waste Crushed Ensiled,Crop Byproduct,false,false,false,not_in_form_cohort,,not_in_moisture_cohort,,approved_branch_to_role_translation,By-product role,docs/decisions/0041-feed-material-structural-model.md;docs/decisions/0042-feed-process-and-material-state-axes.md,No reviewed grinding result or governed presentation-form assertion. No reviewed drying process or material-specific moisture evidence. Canonical legacy by-product branch classification translated to explicit productRole; compatibility hierarchy retained.
AOM_006319,Soybean Straw Dried,Crop Byproduct,false,true,false,not_in_form_cohort,,approved_dried_from_process,Dried moisture condition,approved_branch_to_role_translation,By-product role,docs/decisions/0041-feed-material-structural-model.md;docs/decisions/0042-feed-process-and-material-state-axes.md,No reviewed grinding result or governed presentation-form assertion. Approved Drying process supports dried moisture condition without implying one presentation form. Canonical legacy by-product branch classification translated to explicit productRole; compatibility hierarchy retained.
AOM_006320,African Yam Bean Dried Ground,Crop Byproduct,true,true,true,approved_comminuted_form,Comminuted particle form,approved_dried_from_process,Dried moisture condition,approved_branch_to_role_translation,By-product role,docs/decisions/0041-feed-material-structural-model.md;docs/decisions/0042-feed-process-and-material-state-axes.md,"Approved Grinding process supports broad comminuted-particle presentation; bulk consistency, moisture, particle size, and meal/powder subtype remain unspecified. Approved Drying process supports dried moisture condition without implying one presentation form. Canonical legacy by-product branch classification translated to explicit productRole; compatibility hierarchy retained."
AOM_006321,Trifolium alexandrinum Straw Urea Treated,Forage Plants,false,false,false,not_in_form_cohort,,not_in_moisture_cohort,,not_in_role_cohort,,docs/decisions/0041-feed-material-structural-model.md;docs/decisions/0042-feed-process-and-material-state-axes.md,No reviewed grinding result or governed presentation-form assertion. No reviewed drying process or material-specific moisture evidence. No reviewed product-role evidence in this structural cohort.
AOM_006323,Chamomile Flower By Product,Supplement,false,false,false,not_in_form_cohort,,not_in_moisture_cohort,,approved_existing_role,By-product role,docs/decisions/0041-feed-material-structural-model.md;docs/decisions/0042-feed-process-and-material-state-axes.md,No reviewed grinding result or governed presentation-form assertion. No reviewed drying process or material-specific moisture evidence. Existing reviewed product-role assertion remains authoritative.
AOM_006325,Flaxseed Oil Cold pressed,Crop Byproduct,false,false,false,not_in_form_cohort,,not_in_moisture_cohort,,approved_branch_to_role_translation,By-product role,docs/decisions/0041-feed-material-structural-model.md;docs/decisions/0042-feed-process-and-material-state-axes.md,No reviewed grinding result or governed presentation-form assertion. No reviewed drying process or material-specific moisture evidence. Canonical legacy by-product branch classification translated to explicit productRole; compatibility hierarchy retained.
AOM_006326,Piliostigma reticulatum pods Crushed Dried,Forage Plants,false,true,false,not_in_form_cohort,,approved_dried_from_process,Dried moisture condition,not_in_role_cohort,,docs/decisions/0041-feed-material-structural-model.md;docs/decisions/0042-feed-process-and-material-state-axes.md,No reviewed grinding result or governed presentation-form assertion. Approved Drying process supports dried moisture condition without implying one presentation form. No reviewed product-role evidence in this structural cohort.
AOM_006327,Rosemary Residues Dried Ground,Crop Product,true,true,false,approved_comminuted_form,Comminuted particle form,approved_dried_from_process,Dried moisture condition,not_in_role_cohort,,docs/decisions/0041-feed-material-structural-model.md;docs/decisions/0042-feed-process-and-material-state-axes.md,"Approved Grinding process supports broad comminuted-particle presentation; bulk consistency, moisture, particle size, and meal/powder subtype remain unspecified. Approved Drying process supports dried moisture condition without implying one presentation form. No reviewed product-role evidence in this structural cohort."
AOM_006328,Sorghum Straw Dried Ground,Crop Byproduct,true,true,false,approved_comminuted_form,Comminuted particle form,approved_dried_from_process,Dried moisture condition,approved_branch_to_role_translation,By-product role,docs/decisions/0041-feed-material-structural-model.md;docs/decisions/0042-feed-process-and-material-state-axes.md,"Approved Grinding process supports broad comminuted-particle presentation; bulk consistency, moisture, particle size, and meal/powder subtype remain unspecified. Approved Drying process supports dried moisture condition without implying one presentation form. Canonical legacy by-product branch classification translated to explicit productRole; compatibility hierarchy retained."
AOM_006329,Soybean Residue Dried,Crop Byproduct,false,true,false,not_in_form_cohort,,approved_dried_from_process,Dried moisture condition,approved_branch_to_role_translation,By-product role,docs/decisions/0041-feed-material-structural-model.md;docs/decisions/0042-feed-process-and-material-state-axes.md,No reviewed grinding result or governed presentation-form assertion. Approved Drying process supports dried moisture condition without implying one presentation form. Canonical legacy by-product branch classification translated to explicit productRole; compatibility hierarchy retained.
AOM_006331,Agrivate,Supplement,false,false,false,not_in_form_cohort,,not_in_moisture_cohort,,not_in_role_cohort,,docs/decisions/0041-feed-material-structural-model.md;docs/decisions/0042-feed-process-and-material-state-axes.md,No reviewed grinding result or governed presentation-form assertion. No reviewed drying process or material-specific moisture evidence. No reviewed product-role evidence in this structural cohort.
AOM_006334,Rumen-protected fat feed materials,Supplement,false,false,false,not_in_form_cohort,,not_in_moisture_cohort,,not_in_role_cohort,,docs/decisions/0041-feed-material-structural-model.md;docs/decisions/0042-feed-process-and-material-state-axes.md,No reviewed grinding result or governed presentation-form assertion. No reviewed drying process or material-specific moisture evidence. No reviewed product-role evidence in this structural cohort.
AOM_006335,Rice Offal Dried,Crop Byproduct,false,true,false,not_in_form_cohort,,approved_dried_from_process,Dried moisture condition,approved_branch_to_role_translation,By-product role,docs/decisions/0041-feed-material-structural-model.md;docs/decisions/0042-feed-process-and-material-state-axes.md,No reviewed grinding result or governed presentation-form assertion. Approved Drying process supports dried moisture condition without implying one presentation form. Canonical legacy by-product branch classification translated to explicit productRole; compatibility hierarchy retained.
AOM_006336,Rice Straw Dried Ground,Crop Byproduct,true,true,false,approved_comminuted_form,Comminuted particle form,approved_dried_from_process,Dried moisture condition,approved_branch_to_role_translation,By-product role,docs/decisions/0041-feed-material-structural-model.md;docs/decisions/0042-feed-process-and-material-state-axes.md,"Approved Grinding process supports broad comminuted-particle presentation; bulk consistency, moisture, particle size, and meal/powder subtype remain unspecified. Approved Drying process supports dried moisture condition without implying one presentation form. Canonical legacy by-product branch classification translated to explicit productRole; compatibility hierarchy retained."
AOM_006337,Rice Straw Dried Fermented Ground,Crop Byproduct,true,true,false,approved_comminuted_form,Comminuted particle form,approved_dried_from_process,Dried moisture condition,approved_branch_to_role_translation,By-product role,docs/decisions/0041-feed-material-structural-model.md;docs/decisions/0042-feed-process-and-material-state-axes.md,"Approved Grinding process supports broad comminuted-particle presentation; bulk consistency, moisture, particle size, and meal/powder subtype remain unspecified. Approved Drying process supports dried moisture condition without implying one presentation form. Canonical legacy by-product branch classification translated to explicit productRole; compatibility hierarchy retained."
AOM_006338,Sweet Basil By Product,Supplement,false,false,false,not_in_form_cohort,,not_in_moisture_cohort,,approved_existing_role,By-product role,docs/decisions/0041-feed-material-structural-model.md;docs/decisions/0042-feed-process-and-material-state-axes.md,No reviewed grinding result or governed presentation-form assertion. No reviewed drying process or material-specific moisture evidence. Existing reviewed product-role assertion remains authoritative.
AOM_006339,Anti fungi,Supplement,false,false,false,not_in_form_cohort,,not_in_moisture_cohort,,not_in_role_cohort,,docs/decisions/0041-feed-material-structural-model.md;docs/decisions/0042-feed-process-and-material-state-axes.md,No reviewed grinding result or governed presentation-form assertion. No reviewed drying process or material-specific moisture evidence. No reviewed product-role evidence in this structural cohort.
AOM_006340,Propionibacterium freudenreinchi,Probiotic,false,false,false,not_in_form_cohort,,not_in_moisture_cohort,,not_in_role_cohort,,docs/decisions/0041-feed-material-structural-model.md;docs/decisions/0042-feed-process-and-material-state-axes.md,No reviewed grinding result or governed presentation-form assertion. No reviewed drying process or material-specific moisture evidence. No reviewed product-role evidence in this structural cohort.
AOM_006341,Moringa oleifera Seed Oil,Forage Plants,false,false,false,not_in_form_cohort,,not_in_moisture_cohort,,not_in_role_cohort,,docs/decisions/0041-feed-material-structural-model.md;docs/decisions/0042-feed-process-and-material-state-axes.md,No reviewed grinding result or governed presentation-form assertion. No reviewed drying process or material-specific moisture evidence. No reviewed product-role evidence in this structural cohort.
AOM_006343,Moringa oleifera Seed Cake Ground,Forage Plants,true,false,false,approved_comminuted_form,Comminuted particle form,not_in_moisture_cohort,,not_in_role_cohort,,docs/decisions/0041-feed-material-structural-model.md;docs/decisions/0042-feed-process-and-material-state-axes.md,"Approved Grinding process supports broad comminuted-particle presentation; bulk consistency, moisture, particle size, and meal/powder subtype remain unspecified. No reviewed drying process or material-specific moisture evidence. No reviewed product-role evidence in this structural cohort."
AOM_006344,Trifolium quartinianum Dried,Forage Plants,false,true,false,not_in_form_cohort,,approved_dried_from_process,Dried moisture condition,not_in_role_cohort,,docs/decisions/0041-feed-material-structural-model.md;docs/decisions/0042-feed-process-and-material-state-axes.md,No reviewed grinding result or governed presentation-form assertion. Approved Drying process supports dried moisture condition without implying one presentation form. No reviewed product-role evidence in this structural cohort.
AOM_006345,Soybean Straw Dried Urea Treated,Crop Byproduct,false,true,false,not_in_form_cohort,,approved_dried_from_process,Dried moisture condition,approved_branch_to_role_translation,By-product role,docs/decisions/0041-feed-material-structural-model.md;docs/decisions/0042-feed-process-and-material-state-axes.md,No reviewed grinding result or governed presentation-form assertion. Approved Drying process supports dried moisture condition without implying one presentation form. Canonical legacy by-product branch classification translated to explicit productRole; compatibility hierarchy retained.
AOM_006346,Marula Kernel Cake,Crop Byproduct,false,false,false,not_in_form_cohort,,not_in_moisture_cohort,,approved_branch_to_role_translation,By-product role,docs/decisions/0041-feed-material-structural-model.md;docs/decisions/0042-feed-process-and-material-state-axes.md,No reviewed grinding result or governed presentation-form assertion. No reviewed drying process or material-specific moisture evidence. Canonical legacy by-product branch classification translated to explicit productRole; compatibility hierarchy retained.
AOM_006347,Marula Seed Cake Ground,Crop Byproduct,true,false,false,approved_comminuted_form,Comminuted particle form,not_in_moisture_cohort,,approved_branch_to_role_translation,By-product role,docs/decisions/0041-feed-material-structural-model.md;docs/decisions/0042-feed-process-and-material-state-axes.md,"Approved Grinding process supports broad comminuted-particle presentation; bulk consistency, moisture, particle size, and meal/powder subtype remain unspecified. No reviewed drying process or material-specific moisture evidence. Canonical legacy by-product branch classification translated to explicit productRole; compatibility hierarchy retained."
AOM_006348,Orange Waste Ensiled,Crop Byproduct,false,false,false,not_in_form_cohort,,not_in_moisture_cohort,,approved_branch_to_role_translation,By-product role,docs/decisions/0041-feed-material-structural-model.md;docs/decisions/0042-feed-process-and-material-state-axes.md,No reviewed grinding result or governed presentation-form assertion. No reviewed drying process or material-specific moisture evidence. Canonical legacy by-product branch classification translated to explicit productRole; compatibility hierarchy retained.
AOM_006349,Pleurotus ostreatus,Other Ingredients,false,false,false,not_in_form_cohort,,not_in_moisture_cohort,,not_in_role_cohort,,docs/decisions/0041-feed-material-structural-model.md;docs/decisions/0042-feed-process-and-material-state-axes.md,No reviewed grinding result or governed presentation-form assertion. No reviewed drying process or material-specific moisture evidence. No reviewed product-role evidence in this structural cohort.
AOM_006350,Bambusa bambos,Forage Plants,false,false,false,not_in_form_cohort,,not_in_moisture_cohort,,not_in_role_cohort,,docs/decisions/0041-feed-material-structural-model.md;docs/decisions/0042-feed-process-and-material-state-axes.md,No reviewed grinding result or governed presentation-form assertion. No reviewed drying process or material-specific moisture evidence. No reviewed product-role evidence in this structural cohort.
AOM_006351,Bambusa tulda,Forage Plants,false,false,false,not_in_form_cohort,,not_in_moisture_cohort,,not_in_role_cohort,,docs/decisions/0041-feed-material-structural-model.md;docs/decisions/0042-feed-process-and-material-state-axes.md,No reviewed grinding result or governed presentation-form assertion. No reviewed drying process or material-specific moisture evidence. No reviewed product-role evidence in this structural cohort.
AOM_006352,Cassava Peel Crushed,Crop Byproduct,false,false,false,not_in_form_cohort,,not_in_moisture_cohort,,approved_branch_to_role_translation,By-product role,docs/decisions/0041-feed-material-structural-model.md;docs/decisions/0042-feed-process-and-material-state-axes.md,No reviewed grinding result or governed presentation-form assertion. No reviewed drying process or material-specific moisture evidence. Canonical legacy by-product branch classification translated to explicit productRole; compatibility hierarchy retained.
AOM_006353,Cassava Peel Crushed Urea Treated,Crop Byproduct,false,false,false,not_in_form_cohort,,not_in_moisture_cohort,,approved_branch_to_role_translation,By-product role,docs/decisions/0041-feed-material-structural-model.md;docs/decisions/0042-feed-process-and-material-state-axes.md,No reviewed grinding result or governed presentation-form assertion. No reviewed drying process or material-specific moisture evidence. Canonical legacy by-product branch classification translated to explicit productRole; compatibility hierarchy retained.
AOM_006354,Dendrocalamus asper,Forage Plants,false,false,false,not_in_form_cohort,,not_in_moisture_cohort,,not_in_role_cohort,,docs/decisions/0041-feed-material-structural-model.md;docs/decisions/0042-feed-process-and-material-state-axes.md,No reviewed grinding result or governed presentation-form assertion. No reviewed drying process or material-specific moisture evidence. No reviewed product-role evidence in this structural cohort.
AOM_006355,Dendrocalamus strictus,Forage Plants,false,false,false,not_in_form_cohort,,not_in_moisture_cohort,,not_in_role_cohort,,docs/decisions/0041-feed-material-structural-model.md;docs/decisions/0042-feed-process-and-material-state-axes.md,No reviewed grinding result or governed presentation-form assertion. No reviewed drying process or material-specific moisture evidence. No reviewed product-role evidence in this structural cohort.
AOM_006356,Acacia mearnsii Dried,Forage Plants,false,true,false,not_in_form_cohort,,approved_dried_from_process,Dried moisture condition,not_in_role_cohort,,docs/decisions/0041-feed-material-structural-model.md;docs/decisions/0042-feed-process-and-material-state-axes.md,No reviewed grinding result or governed presentation-form assertion. Approved Drying process supports dried moisture condition without implying one presentation form. No reviewed product-role evidence in this structural cohort.
AOM_006357,Acacia mearnsii Dried Ground,Forage Plants,true,true,false,approved_comminuted_form,Comminuted particle form,approved_dried_from_process,Dried moisture condition,not_in_role_cohort,,docs/decisions/0041-feed-material-structural-model.md;docs/decisions/0042-feed-process-and-material-state-axes.md,"Approved Grinding process supports broad comminuted-particle presentation; bulk consistency, moisture, particle size, and meal/powder subtype remain unspecified. Approved Drying process supports dried moisture condition without implying one presentation form. No reviewed product-role evidence in this structural cohort."
AOM_006358,Acacia saligna Leaves and Soft Twig Dried,Forage Plants,false,true,false,not_in_form_cohort,,approved_dried_from_process,Dried moisture condition,not_in_role_cohort,,docs/decisions/0041-feed-material-structural-model.md;docs/decisions/0042-feed-process-and-material-state-axes.md,No reviewed grinding result or governed presentation-form assertion. Approved Drying process supports dried moisture condition without implying one presentation form. No reviewed product-role evidence in this structural cohort.
AOM_006359,Afzelia africana Leaves and Twigs,Forage Plants,false,false,false,not_in_form_cohort,,not_in_moisture_cohort,,not_in_role_cohort,,docs/decisions/0041-feed-material-structural-model.md;docs/decisions/0042-feed-process-and-material-state-axes.md,No reviewed grinding result or governed presentation-form assertion. No reviewed drying process or material-specific moisture evidence. No reviewed product-role evidence in this structural cohort.
AOM_006360,Annona senegalensis Leaves and Twigs Wilted,Forage Plants,false,false,false,not_in_form_cohort,,not_in_moisture_cohort,,not_in_role_cohort,,docs/decisions/0041-feed-material-structural-model.md;docs/decisions/0042-feed-process-and-material-state-axes.md,No reviewed grinding result or governed presentation-form assertion. No reviewed drying process or material-specific moisture evidence. No reviewed product-role evidence in this structural cohort.
AOM_006361,Baby Corn Stalk Ensiled,Crop Byproduct,false,false,false,not_in_form_cohort,,not_in_moisture_cohort,,approved_branch_to_role_translation,By-product role,docs/decisions/0041-feed-material-structural-model.md;docs/decisions/0042-feed-process-and-material-state-axes.md,No reviewed grinding result or governed presentation-form assertion. No reviewed drying process or material-specific moisture evidence. Canonical legacy by-product branch classification translated to explicit productRole; compatibility hierarchy retained.
AOM_006362,Balanites aegyptiaca Dried,Forage Plants,false,true,false,not_in_form_cohort,,approved_dried_from_process,Dried moisture condition,not_in_role_cohort,,docs/decisions/0041-feed-material-structural-model.md;docs/decisions/0042-feed-process-and-material-state-axes.md,No reviewed grinding result or governed presentation-form assertion. Approved Drying process supports dried moisture condition without implying one presentation form. No reviewed product-role evidence in this structural cohort.
AOM_006363,Bone Crushed,Animal Byproduct,false,false,false,not_in_form_cohort,,not_in_moisture_cohort,,approved_branch_to_role_translation,By-product role,docs/decisions/0041-feed-material-structural-model.md;docs/decisions/0042-feed-process-and-material-state-axes.md,No reviewed grinding result or governed presentation-form assertion. No reviewed drying process or material-specific moisture evidence. Canonical legacy by-product branch classification translated to explicit productRole; compatibility hierarchy retained.
AOM_006364,Bread Waste Dried,Other Ingredients,false,true,false,not_in_form_cohort,,approved_dried_from_process,Dried moisture condition,not_in_role_cohort,,docs/decisions/0041-feed-material-structural-model.md;docs/decisions/0042-feed-process-and-material-state-axes.md,No reviewed grinding result or governed presentation-form assertion. Approved Drying process supports dried moisture condition without implying one presentation form. No reviewed product-role evidence in this structural cohort.
AOM_006366,Dichrostachys cinerea Dried Ground,Forage Plants,true,true,false,approved_comminuted_form,Comminuted particle form,approved_dried_from_process,Dried moisture condition,not_in_role_cohort,,docs/decisions/0041-feed-material-structural-model.md;docs/decisions/0042-feed-process-and-material-state-axes.md,"Approved Grinding process supports broad comminuted-particle presentation; bulk consistency, moisture, particle size, and meal/powder subtype remain unspecified. Approved Drying process supports dried moisture condition without implying one presentation form. No reviewed product-role evidence in this structural cohort."
AOM_006368,Eragrostis curvula Dried Ground,Forage Plants,true,true,true,approved_comminuted_form,Comminuted particle form,approved_dried_from_process,Dried moisture condition,not_in_role_cohort,,docs/decisions/0041-feed-material-structural-model.md;docs/decisions/0042-feed-process-and-material-state-axes.md,"Approved Grinding process supports broad comminuted-particle presentation; bulk consistency, moisture, particle size, and meal/powder subtype remain unspecified. Approved Drying process supports dried moisture condition without implying one presentation form. No reviewed product-role evidence in this structural cohort."
AOM_006369,Hyparrhenia,Forage Plants,false,false,false,not_in_form_cohort,,not_in_moisture_cohort,,not_in_role_cohort,,docs/decisions/0041-feed-material-structural-model.md;docs/decisions/0042-feed-process-and-material-state-axes.md,No reviewed grinding result or governed presentation-form assertion. No reviewed drying process or material-specific moisture evidence. No reviewed product-role evidence in this structural cohort.
AOM_006370,Euphorbia hirta,Forage Plants,false,false,false,not_in_form_cohort,,not_in_moisture_cohort,,not_in_role_cohort,,docs/decisions/0041-feed-material-structural-model.md;docs/decisions/0042-feed-process-and-material-state-axes.md,No reviewed grinding result or governed presentation-form assertion. No reviewed drying process or material-specific moisture evidence. No reviewed product-role evidence in this structural cohort.
AOM_006371,Faidherbia albida Dried,Forage Plants,false,true,false,not_in_form_cohort,,approved_dried_from_process,Dried moisture condition,not_in_role_cohort,,docs/decisions/0041-feed-material-structural-model.md;docs/decisions/0042-feed-process-and-material-state-axes.md,No reviewed grinding result or governed presentation-form assertion. Approved Drying process supports dried moisture condition without implying one presentation form. No reviewed product-role evidence in this structural cohort.
AOM_006373,Ficus exasperata leaves and twigs,Forage Plants,false,false,false,not_in_form_cohort,,not_in_moisture_cohort,,not_in_role_cohort,,docs/decisions/0041-feed-material-structural-model.md;docs/decisions/0042-feed-process-and-material-state-axes.md,No reviewed grinding result or governed presentation-form assertion. No reviewed drying process or material-specific moisture evidence. No reviewed product-role evidence in this structural cohort.
AOM_006374,Finger Millet Straw Ensiled Urea Treated,Crop Byproduct,false,false,false,not_in_form_cohort,,not_in_moisture_cohort,,approved_branch_to_role_translation,By-product role,docs/decisions/0041-feed-material-structural-model.md;docs/decisions/0042-feed-process-and-material-state-axes.md,No reviewed grinding result or governed presentation-form assertion. No reviewed drying process or material-specific moisture evidence. Canonical legacy by-product branch classification translated to explicit productRole; compatibility hierarchy retained.
AOM_006375,Gigantochloa pseudoarundinacea,Forage Plants,false,false,false,not_in_form_cohort,,not_in_moisture_cohort,,not_in_role_cohort,,docs/decisions/0041-feed-material-structural-model.md;docs/decisions/0042-feed-process-and-material-state-axes.md,No reviewed grinding result or governed presentation-form assertion. No reviewed drying process or material-specific moisture evidence. No reviewed product-role evidence in this structural cohort.
AOM_006376,Gliciridia sepium Leaves Wilted,Forage Plants,false,false,false,not_in_form_cohort,,not_in_moisture_cohort,,not_in_role_cohort,,docs/decisions/0041-feed-material-structural-model.md;docs/decisions/0042-feed-process-and-material-state-axes.md,No reviewed grinding result or governed presentation-form assertion. No reviewed drying process or material-specific moisture evidence. No reviewed product-role evidence in this structural cohort.
AOM_006380,Jojoba Enzyme Treated Ground,Crop Byproduct,true,false,false,approved_comminuted_form,Comminuted particle form,not_in_moisture_cohort,,approved_branch_to_role_translation,By-product role,docs/decisions/0041-feed-material-structural-model.md;docs/decisions/0042-feed-process-and-material-state-axes.md,"Approved Grinding process supports broad comminuted-particle presentation; bulk consistency, moisture, particle size, and meal/powder subtype remain unspecified. No reviewed drying process or material-specific moisture evidence. Canonical legacy by-product branch classification translated to explicit productRole; compatibility hierarchy retained."
AOM_006381,Leucaena leucocephala Leaves Wilted,Forage Plants,false,false,false,not_in_form_cohort,,not_in_moisture_cohort,,not_in_role_cohort,,docs/decisions/0041-feed-material-structural-model.md;docs/decisions/0042-feed-process-and-material-state-axes.md,No reviewed grinding result or governed presentation-form assertion. No reviewed drying process or material-specific moisture evidence. No reviewed product-role evidence in this structural cohort.
AOM_006385,Pericopis laxiflora Leaves and Twigs,Forage Plants,false,false,false,not_in_form_cohort,,not_in_moisture_cohort,,not_in_role_cohort,,docs/decisions/0041-feed-material-structural-model.md;docs/decisions/0042-feed-process-and-material-state-axes.md,No reviewed grinding result or governed presentation-form assertion. No reviewed drying process or material-specific moisture evidence. No reviewed product-role evidence in this structural cohort.
AOM_006387,Phyllostachys aurea,Forage Plants,false,false,false,not_in_form_cohort,,not_in_moisture_cohort,,not_in_role_cohort,,docs/decisions/0041-feed-material-structural-model.md;docs/decisions/0042-feed-process-and-material-state-axes.md,No reviewed grinding result or governed presentation-form assertion. No reviewed drying process or material-specific moisture evidence. No reviewed product-role evidence in this structural cohort.
AOM_006389,Organic Acid,Organic Acid,false,false,false,not_in_form_cohort,,not_in_moisture_cohort,,not_in_role_cohort,,docs/decisions/0041-feed-material-structural-model.md;docs/decisions/0042-feed-process-and-material-state-axes.md,No reviewed grinding result or governed presentation-form assertion. No reviewed drying process or material-specific moisture evidence. No reviewed product-role evidence in this structural cohort.
AOM_006395,Tectona grandis Wilted,Forage Plants,false,false,false,not_in_form_cohort,,not_in_moisture_cohort,,not_in_role_cohort,,docs/decisions/0041-feed-material-structural-model.md;docs/decisions/0042-feed-process-and-material-state-axes.md,No reviewed grinding result or governed presentation-form assertion. No reviewed drying process or material-specific moisture evidence. No reviewed product-role evidence in this structural cohort.
AOM_006396,Soybean Straw Dried Molasses Treated Urea Treated,Crop Byproduct,false,true,false,not_in_form_cohort,,approved_dried_from_process,Dried moisture condition,approved_branch_to_role_translation,By-product role,docs/decisions/0041-feed-material-structural-model.md;docs/decisions/0042-feed-process-and-material-state-axes.md,No reviewed grinding result or governed presentation-form assertion. Approved Drying process supports dried moisture condition without implying one presentation form. Canonical legacy by-product branch classification translated to explicit productRole; compatibility hierarchy retained.
AOM_006397,Maize Straw Molasses Treated Urea Treated,Crop Byproduct,false,false,false,not_in_form_cohort,,not_in_moisture_cohort,,approved_branch_to_role_translation,By-product role,docs/decisions/0041-feed-material-structural-model.md;docs/decisions/0042-feed-process-and-material-state-axes.md,No reviewed grinding result or governed presentation-form assertion. No reviewed drying process or material-specific moisture evidence. Canonical legacy by-product branch classification translated to explicit productRole; compatibility hierarchy retained.
AOM_006399,Mucuna pruriens Seed Alkali Treated Boiled Dried Ground,Forage Plants,true,true,false,approved_comminuted_form,Comminuted particle form,approved_dried_from_process,Dried moisture condition,not_in_role_cohort,,docs/decisions/0041-feed-material-structural-model.md;docs/decisions/0042-feed-process-and-material-state-axes.md,"Approved Grinding process supports broad comminuted-particle presentation; bulk consistency, moisture, particle size, and meal/powder subtype remain unspecified. Approved Drying process supports dried moisture condition without implying one presentation form. No reviewed product-role evidence in this structural cohort."
AOM_006400,Mucuna pruriens Protein Isolate Alkali Treated Boiled Decorticated Ground,Forage Plants,true,false,false,approved_comminuted_form,Comminuted particle form,not_in_moisture_cohort,,not_in_role_cohort,,docs/decisions/0041-feed-material-structural-model.md;docs/decisions/0042-feed-process-and-material-state-axes.md,"Approved Grinding process supports broad comminuted-particle presentation; bulk consistency, moisture, particle size, and meal/powder subtype remain unspecified. No reviewed drying process or material-specific moisture evidence. No reviewed product-role evidence in this structural cohort."
AOM_006402,Cassava Waste Dried Fermented,Crop Byproduct,false,true,false,not_in_form_cohort,,approved_dried_from_process,Dried moisture condition,approved_branch_to_role_translation,By-product role,docs/decisions/0041-feed-material-structural-model.md;docs/decisions/0042-feed-process-and-material-state-axes.md,No reviewed grinding result or governed presentation-form assertion. Approved Drying process supports dried moisture condition without implying one presentation form. Canonical legacy by-product branch classification translated to explicit productRole; compatibility hierarchy retained.
AOM_006403,Sweet Potato Vine Ensiled Wilted,Crop Byproduct,false,false,false,not_in_form_cohort,,not_in_moisture_cohort,,approved_branch_to_role_translation,By-product role,docs/decisions/0041-feed-material-structural-model.md;docs/decisions/0042-feed-process-and-material-state-axes.md,No reviewed grinding result or governed presentation-form assertion. No reviewed drying process or material-specific moisture evidence. Canonical legacy by-product branch classification translated to explicit productRole; compatibility hierarchy retained.
AOM_006404,Cassava Sieviate Dried Ground,Crop Byproduct,true,true,false,approved_comminuted_form,Comminuted particle form,approved_dried_from_process,Dried moisture condition,approved_branch_to_role_translation,By-product role,docs/decisions/0041-feed-material-structural-model.md;docs/decisions/0042-feed-process-and-material-state-axes.md,"Approved Grinding process supports broad comminuted-particle presentation; bulk consistency, moisture, particle size, and meal/powder subtype remain unspecified. Approved Drying process supports dried moisture condition without implying one presentation form. Canonical legacy by-product branch classification translated to explicit productRole; compatibility hierarchy retained."
AOM_006406,Citrus aurantifolia,Forage Plants,false,false,false,not_in_form_cohort,,not_in_moisture_cohort,,not_in_role_cohort,,docs/decisions/0041-feed-material-structural-model.md;docs/decisions/0042-feed-process-and-material-state-axes.md,No reviewed grinding result or governed presentation-form assertion. No reviewed drying process or material-specific moisture evidence. No reviewed product-role evidence in this structural cohort.
AOM_006407,Enterolobium cyclocarpum,Forage Plants,false,false,false,not_in_form_cohort,,not_in_moisture_cohort,,not_in_role_cohort,,docs/decisions/0041-feed-material-structural-model.md;docs/decisions/0042-feed-process-and-material-state-axes.md,No reviewed grinding result or governed presentation-form assertion. No reviewed drying process or material-specific moisture evidence. No reviewed product-role evidence in this structural cohort.
AOM_006408,Linseed Ground,Crop Byproduct,true,false,false,approved_comminuted_form,Comminuted particle form,not_in_moisture_cohort,,approved_branch_to_role_translation,By-product role,docs/decisions/0041-feed-material-structural-model.md;docs/decisions/0042-feed-process-and-material-state-axes.md,"Approved Grinding process supports broad comminuted-particle presentation; bulk consistency, moisture, particle size, and meal/powder subtype remain unspecified. No reviewed drying process or material-specific moisture evidence. Canonical legacy by-product branch classification translated to explicit productRole; compatibility hierarchy retained."
AOM_006410,Occicum gatissimum,Forage Plants,false,false,false,not_in_form_cohort,,not_in_moisture_cohort,,not_in_role_cohort,,docs/decisions/0041-feed-material-structural-model.md;docs/decisions/0042-feed-process-and-material-state-axes.md,No reviewed grinding result or governed presentation-form assertion. No reviewed drying process or material-specific moisture evidence. No reviewed product-role evidence in this structural cohort.
AOM_006411,Palm Kernel Cake Dried,Crop Byproduct,false,true,false,not_in_form_cohort,,approved_dried_from_process,Dried moisture condition,approved_branch_to_role_translation,By-product role,docs/decisions/0041-feed-material-structural-model.md;docs/decisions/0042-feed-process-and-material-state-axes.md,No reviewed grinding result or governed presentation-form assertion. Approved Drying process supports dried moisture condition without implying one presentation form. Canonical legacy by-product branch classification translated to explicit productRole; compatibility hierarchy retained.
AOM_006413,Rice Straw Ensiled,Crop Byproduct,false,false,false,not_in_form_cohort,,not_in_moisture_cohort,,approved_branch_to_role_translation,By-product role,docs/decisions/0041-feed-material-structural-model.md;docs/decisions/0042-feed-process-and-material-state-axes.md,No reviewed grinding result or governed presentation-form assertion. No reviewed drying process or material-specific moisture evidence. Canonical legacy by-product branch classification translated to explicit productRole; compatibility hierarchy retained.
AOM_006500,Mucuna pruriens Seed Boiled Decorticated Dried Ground Soaked,Forage Plants,true,true,false,approved_comminuted_form,Comminuted particle form,approved_dried_from_process,Dried moisture condition,not_in_role_cohort,,docs/decisions/0041-feed-material-structural-model.md;docs/decisions/0042-feed-process-and-material-state-axes.md,"Approved Grinding process supports broad comminuted-particle presentation; bulk consistency, moisture, particle size, and meal/powder subtype remain unspecified. Approved Drying process supports dried moisture condition without implying one presentation form. No reviewed product-role evidence in this structural cohort."
AOM_00672,Sugar Beet Leaves Ensiled Wilted,Crop Byproduct,false,false,false,not_in_form_cohort,,not_in_moisture_cohort,,approved_branch_to_role_translation,By-product role,docs/decisions/0041-feed-material-structural-model.md;docs/decisions/0042-feed-process-and-material-state-axes.md,No reviewed grinding result or governed presentation-form assertion. No reviewed drying process or material-specific moisture evidence. Canonical legacy by-product branch classification translated to explicit productRole; compatibility hierarchy retained.
AOM_012120,White Lupin Grain Roasted,Crop Product,false,false,false,not_in_form_cohort,,not_in_moisture_cohort,,not_in_role_cohort,,docs/decisions/0041-feed-material-structural-model.md;docs/decisions/0042-feed-process-and-material-state-axes.md,No reviewed grinding result or governed presentation-form assertion. No reviewed drying process or material-specific moisture evidence. No reviewed product-role evidence in this structural cohort.
