source,target,edge_type,status
AOM_000847,AOM_000846,broader,derived-from-levels
AOM_000849,AOM_000847,broader,derived-from-levels
AOM_000885,AOM_000849,broader,derived-from-levels
AOM_000886,AOM_000885,broader,derived-from-levels
AOM_000888,AOM_000886,broader,derived-from-levels
AOM_000887,AOM_000886,broader,derived-from-levels
AOM_000889,AOM_000885,broader,derived-from-levels
AOM_000890,AOM_000889,broader,derived-from-levels
AOM_000891,AOM_000890,broader,derived-from-levels
AOM_000892,AOM_000890,broader,derived-from-levels
AOM_000855,AOM_000849,broader,derived-from-levels
AOM_000856,AOM_000855,broader,derived-from-levels
AOM_000857,AOM_000855,broader,derived-from-levels
AOM_000858,AOM_000855,broader,derived-from-levels
AOM_000859,AOM_000858,broader,derived-from-levels
AOM_000860,AOM_000858,broader,derived-from-levels
AOM_000861,AOM_000855,broader,derived-from-levels
AOM_000862,AOM_000855,broader,derived-from-levels
AOM_000863,AOM_000862,broader,derived-from-levels
AOM_000865,AOM_000849,broader,derived-from-levels
AOM_000866,AOM_000865,broader,derived-from-levels
AOM_000867,AOM_000865,broader,derived-from-levels
AOM_000868,AOM_000867,broader,derived-from-levels
AOM_000869,AOM_000865,broader,derived-from-levels
AOM_000870,AOM_000869,broader,derived-from-levels
AOM_000871,AOM_000869,broader,derived-from-levels
AOM_000872,AOM_000865,broader,derived-from-levels
AOM_000873,AOM_000865,broader,derived-from-levels
AOM_000893,AOM_000849,broader,derived-from-levels
AOM_000894,AOM_000893,broader,derived-from-levels
AOM_000895,AOM_000894,broader,derived-from-levels
AOM_000896,AOM_000894,broader,derived-from-levels
AOM_000897,AOM_000893,broader,derived-from-levels
AOM_000898,AOM_000897,broader,derived-from-levels
AOM_000899,AOM_000898,broader,derived-from-levels
AOM_003052,AOM_000893,broader,derived-from-levels
AOM_000928,AOM_000847,broader,derived-from-levels
AOM_000929,AOM_000928,broader,derived-from-levels
AOM_000930,AOM_000929,broader,derived-from-levels
AOM_000931,AOM_000929,broader,derived-from-levels
AOM_000848,AOM_000847,broader,derived-from-levels
AOM_000932,AOM_000848,broader,derived-from-levels
AOM_000933,AOM_000932,broader,derived-from-levels
AOM_000934,AOM_000932,broader,derived-from-levels
AOM_000935,AOM_000932,broader,derived-from-levels
AOM_000900,AOM_000848,broader,derived-from-levels
AOM_003029,AOM_003027,broader,derived-from-levels
AOM_003028,AOM_003027,broader,derived-from-levels
AOM_003200,AOM_003027,broader,derived-from-levels
AOM_000905,AOM_003027,broader,derived-from-levels
AOM_000908,AOM_000905,broader,derived-from-levels
AOM_000906,AOM_000905,broader,derived-from-levels
AOM_000907,AOM_000905,broader,derived-from-levels
AOM_003027,AOM_003026,broader,derived-from-levels
AOM_003030,AOM_003026,broader,derived-from-levels
AOM_000914,AOM_003026,broader,derived-from-levels
AOM_003031,AOM_003026,broader,derived-from-levels
AOM_003032,AOM_003026,broader,derived-from-levels
AOM_003051,AOM_003026,broader,derived-from-levels
AOM_000901,AOM_003022,broader,derived-from-levels
AOM_000902,AOM_003022,broader,derived-from-levels
AOM_000903,AOM_000902,broader,derived-from-levels
AOM_000904,AOM_000903,broader,derived-from-levels
AOM_003024,AOM_003023,broader,derived-from-levels
AOM_003023,AOM_000902,broader,derived-from-levels
AOM_000909,AOM_000902,broader,derived-from-levels
AOM_000910,AOM_000909,broader,derived-from-levels
AOM_000911,AOM_000909,broader,derived-from-levels
AOM_000913,AOM_000909,broader,derived-from-levels
AOM_003025,AOM_000902,broader,derived-from-levels
AOM_000915,AOM_003022,broader,derived-from-levels
AOM_000917,AOM_000915,broader,derived-from-levels
AOM_000916,AOM_000915,broader,derived-from-levels
AOM_000918,AOM_003022,broader,derived-from-levels
AOM_003085,AOM_000918,broader,derived-from-levels
AOM_000919,AOM_003022,broader,derived-from-levels
AOM_000920,AOM_003022,broader,derived-from-levels
AOM_000921,AOM_000920,broader,derived-from-levels
AOM_003050,AOM_003022,broader,derived-from-levels
AOM_003022,AOM_000900,broader,derived-from-levels
AOM_000850,AOM_000848,broader,derived-from-levels
AOM_000851,AOM_000850,broader,derived-from-levels
AOM_000852,AOM_000850,broader,derived-from-levels
AOM_000853,AOM_000850,broader,derived-from-levels
AOM_000874,AOM_000848,broader,derived-from-levels
AOM_000875,AOM_000874,broader,derived-from-levels
AOM_000876,AOM_000874,broader,derived-from-levels
AOM_000877,AOM_000876,broader,derived-from-levels
AOM_000878,AOM_000874,broader,derived-from-levels
AOM_000879,AOM_000878,broader,derived-from-levels
AOM_000880,AOM_000878,broader,derived-from-levels
AOM_000881,AOM_000874,broader,derived-from-levels
AOM_000882,AOM_000874,broader,derived-from-levels
AOM_000883,AOM_000874,broader,derived-from-levels
AOM_000884,AOM_000874,broader,derived-from-levels
AOM_000922,AOM_000848,broader,derived-from-levels
AOM_000923,AOM_000922,broader,derived-from-levels
AOM_000924,AOM_000923,broader,derived-from-levels
AOM_000925,AOM_000923,broader,derived-from-levels
AOM_000926,AOM_000922,broader,derived-from-levels
AOM_000927,AOM_000926,broader,derived-from-levels
AOM_000107,AOM_000106,broader,derived-from-levels
AOM_000356,AOM_000107,broader,derived-from-levels
AOM_000328,AOM_000107,broader,derived-from-levels
AOM_000196,AOM_000328,broader,derived-from-levels
AOM_000197,AOM_000196,broader,derived-from-levels
AOM_000198,AOM_000196,broader,derived-from-levels
AOM_000199,AOM_000196,broader,derived-from-levels
AOM_000200,AOM_000199,broader,derived-from-levels
AOM_000201,AOM_000199,broader,derived-from-levels
AOM_000202,AOM_000199,broader,derived-from-levels
AOM_000203,AOM_000199,broader,derived-from-levels
AOM_000204,AOM_000199,broader,derived-from-levels
AOM_000205,AOM_000199,broader,derived-from-levels
AOM_000206,AOM_000199,broader,derived-from-levels
AOM_000207,AOM_000199,broader,derived-from-levels
AOM_000208,AOM_000199,broader,derived-from-levels
AOM_000209,AOM_000199,broader,derived-from-levels
AOM_000210,AOM_000199,broader,derived-from-levels
AOM_000211,AOM_000199,broader,derived-from-levels
AOM_000212,AOM_000199,broader,derived-from-levels
AOM_000213,AOM_000199,broader,derived-from-levels
AOM_000214,AOM_000199,broader,derived-from-levels
AOM_000215,AOM_000199,broader,derived-from-levels
AOM_000216,AOM_000199,broader,derived-from-levels
AOM_000217,AOM_000199,broader,derived-from-levels
AOM_000218,AOM_000199,broader,derived-from-levels
AOM_000219,AOM_000199,broader,derived-from-levels
AOM_000220,AOM_000199,broader,derived-from-levels
AOM_000221,AOM_000199,broader,derived-from-levels
AOM_000222,AOM_000199,broader,derived-from-levels
AOM_000223,AOM_000199,broader,derived-from-levels
AOM_000225,AOM_000196,broader,derived-from-levels
AOM_000226,AOM_000196,broader,derived-from-levels
AOM_000228,AOM_000196,broader,derived-from-levels
AOM_000229,AOM_000196,broader,derived-from-levels
AOM_000230,AOM_000196,broader,derived-from-levels
AOM_000231,AOM_000196,broader,derived-from-levels
AOM_000232,AOM_000196,broader,derived-from-levels
AOM_000233,AOM_000196,broader,derived-from-levels
AOM_000235,AOM_000196,broader,derived-from-levels
AOM_000237,AOM_000196,broader,derived-from-levels
AOM_000238,AOM_000196,broader,derived-from-levels
AOM_000239,AOM_000196,broader,derived-from-levels
AOM_000240,AOM_000196,broader,derived-from-levels
AOM_000244,AOM_000196,broader,derived-from-levels
AOM_000241,AOM_000244,broader,derived-from-levels
AOM_000242,AOM_000244,broader,derived-from-levels
AOM_000243,AOM_000244,broader,derived-from-levels
AOM_000245,AOM_000196,broader,derived-from-levels
AOM_000246,AOM_000196,broader,derived-from-levels
AOM_000247,AOM_000196,broader,derived-from-levels
AOM_000248,AOM_000196,broader,derived-from-levels
AOM_000249,AOM_000196,broader,derived-from-levels
AOM_000252,AOM_000196,broader,derived-from-levels
AOM_000190,AOM_000196,broader,derived-from-levels
AOM_000187,AOM_000190,broader,derived-from-levels
AOM_000188,AOM_000190,broader,derived-from-levels
AOM_000189,AOM_000190,broader,derived-from-levels
AOM_000255,AOM_000196,broader,derived-from-levels
AOM_000256,AOM_000196,broader,derived-from-levels
AOM_000257,AOM_000196,broader,derived-from-levels
AOM_000258,AOM_000196,broader,derived-from-levels
AOM_000259,AOM_000196,broader,derived-from-levels
AOM_000260,AOM_000196,broader,derived-from-levels
AOM_002555,AOM_000196,broader,derived-from-levels
AOM_000261,AOM_000196,broader,derived-from-levels
AOM_002211,AOM_000196,broader,derived-from-levels
AOM_000262,AOM_000196,broader,derived-from-levels
AOM_000263,AOM_000196,broader,derived-from-levels
AOM_002214,AOM_000196,broader,derived-from-levels
AOM_002212,AOM_000196,broader,derived-from-levels
AOM_000267,AOM_000196,broader,derived-from-levels
AOM_000268,AOM_000196,broader,derived-from-levels
AOM_000269,AOM_000196,broader,derived-from-levels
AOM_000270,AOM_000196,broader,derived-from-levels
AOM_000271,AOM_000196,broader,derived-from-levels
AOM_000283,AOM_000196,broader,derived-from-levels
AOM_000272,AOM_000283,broader,derived-from-levels
AOM_000273,AOM_000283,broader,derived-from-levels
AOM_000274,AOM_000283,broader,derived-from-levels
AOM_000275,AOM_000283,broader,derived-from-levels
AOM_002213,AOM_000283,broader,derived-from-levels
AOM_000276,AOM_000283,broader,derived-from-levels
AOM_000277,AOM_000283,broader,derived-from-levels
AOM_000278,AOM_000283,broader,derived-from-levels
AOM_000279,AOM_000283,broader,derived-from-levels
AOM_000280,AOM_000283,broader,derived-from-levels
AOM_000281,AOM_000283,broader,derived-from-levels
AOM_000282,AOM_000283,broader,derived-from-levels
AOM_001616,AOM_000559,broader,derived-from-levels
AOM_000537,AOM_001616,broader,derived-from-levels
AOM_000536,AOM_001616,broader,derived-from-levels
AOM_000542,AOM_000559,broader,derived-from-levels
AOM_001924,AOM_001923,broader,derived-from-levels
AOM_000549,AOM_000559,broader,derived-from-levels
AOM_001878,AOM_001877,broader,derived-from-levels
AOM_001877,AOM_000549,broader,derived-from-levels
AOM_001880,AOM_001879,broader,derived-from-levels
AOM_001879,AOM_000549,broader,derived-from-levels
AOM_001925,AOM_000549,broader,derived-from-levels
AOM_001098,AOM_000549,broader,derived-from-levels
AOM_001103,AOM_000549,broader,derived-from-levels
AOM_001101,AOM_000549,broader,derived-from-levels
AOM_001658,AOM_000549,broader,derived-from-levels
AOM_002006,AOM_000549,broader,derived-from-levels
AOM_000543,AOM_000549,broader,derived-from-levels
AOM_001100,AOM_000549,broader,derived-from-levels
AOM_000544,AOM_000549,broader,derived-from-levels
AOM_002008,AOM_000544,broader,derived-from-levels
AOM_002007,AOM_000544,broader,derived-from-levels
AOM_001881,AOM_001882,broader,derived-from-levels
AOM_001882,AOM_000549,broader,derived-from-levels
AOM_000547,AOM_000549,broader,derived-from-levels
AOM_002242,AOM_002241,broader,derived-from-levels
AOM_002241,AOM_001927,broader,derived-from-levels
AOM_001927,AOM_000549,broader,derived-from-levels
AOM_001110,AOM_000549,broader,derived-from-levels
AOM_001929,AOM_002243,broader,derived-from-levels
AOM_002243,AOM_000549,broader,derived-from-levels
AOM_001115,AOM_000549,broader,derived-from-levels
AOM_002244,AOM_001115,broader,derived-from-levels
AOM_002245,AOM_001930,broader,derived-from-levels
AOM_001930,AOM_001115,broader,derived-from-levels
AOM_001931,AOM_002246,broader,derived-from-levels
AOM_001116,AOM_002246,broader,derived-from-levels
AOM_002246,AOM_000549,broader,derived-from-levels
AOM_000554,AOM_000559,broader,derived-from-levels
AOM_001805,AOM_000554,broader,derived-from-levels
AOM_001605,AOM_001805,broader,derived-from-levels
AOM_000550,AOM_001805,broader,derived-from-levels
AOM_006043,AOM_000554,broader,derived-from-levels
AOM_000551,AOM_006043,broader,derived-from-levels
AOM_000552,AOM_002247,broader,derived-from-levels
AOM_002247,AOM_000554,broader,derived-from-levels
AOM_001933,AOM_002248,broader,derived-from-levels
AOM_001111,AOM_002248,broader,derived-from-levels
AOM_001934,AOM_002248,broader,derived-from-levels
AOM_000553,AOM_002248,broader,derived-from-levels
AOM_002248,AOM_000554,broader,derived-from-levels
AOM_000556,AOM_000559,broader,derived-from-levels
AOM_003980,AOM_000556,broader,derived-from-levels
AOM_002077,AOM_000556,broader,derived-from-levels
AOM_001935,AOM_000556,broader,derived-from-levels
AOM_000555,AOM_000556,broader,derived-from-levels
AOM_001937,AOM_001936,broader,derived-from-levels
AOM_001113,AOM_001936,broader,derived-from-levels
AOM_001936,AOM_001114,broader,derived-from-levels
AOM_001114,AOM_000559,broader,derived-from-levels
AOM_000538,AOM_000540,broader,derived-from-levels
AOM_006363,AOM_000540,broader,derived-from-levels
AOM_000539,AOM_000540,broader,derived-from-levels
AOM_001939,AOM_001811,broader,derived-from-levels
AOM_002079,AOM_002078,broader,derived-from-levels
AOM_006100,AOM_002192,broader,derived-from-levels
AOM_001104,AOM_000545,broader,derived-from-levels
AOM_006167,AOM_000545,broader,derived-from-levels
AOM_001107,AOM_001106,broader,derived-from-levels
AOM_001105,AOM_000558,broader,derived-from-levels
AOM_000557,AOM_000558,broader,derived-from-levels
AOM_001610,AOM_000557,broader,derived-from-levels
AOM_006194,AOM_000558,broader,derived-from-levels
AOM_001094,AOM_006008,broader,derived-from-levels
AOM_001940,AOM_006008,broader,derived-from-levels
AOM_002120,AOM_001146,broader,derived-from-levels
AOM_002123,AOM_001146,broader,derived-from-levels
AOM_001109,AOM_001146,broader,derived-from-levels
AOM_001941,AOM_001146,broader,derived-from-levels
AOM_003690,AOM_001146,broader,derived-from-levels
AOM_002011,AOM_000617,broader,derived-from-levels
AOM_002012,AOM_001183,broader,derived-from-levels
AOM_006067,AOM_001183,broader,derived-from-levels
AOM_001184,AOM_001183,broader,derived-from-levels
AOM_006068,AOM_001186,broader,derived-from-levels
AOM_006201,AOM_003646,broader,derived-from-levels
AOM_000594,AOM_001916,broader,derived-from-levels
AOM_006023,AOM_001876,broader,derived-from-levels
AOM_001611,AOM_001876,broader,derived-from-levels
AOM_001876,AOM_000594,broader,derived-from-levels
AOM_001843,AOM_001675,broader,derived-from-levels
AOM_006361,AOM_001675,broader,derived-from-levels
AOM_006040,AOM_000584,broader,derived-from-levels
AOM_006035,AOM_000584,broader,derived-from-levels
AOM_006161,AOM_006160,broader,derived-from-levels
AOM_006160,AOM_000594,broader,derived-from-levels
AOM_000564,AOM_000594,broader,derived-from-levels
AOM_001884,AOM_000594,broader,derived-from-levels
AOM_000565,AOM_000594,broader,derived-from-levels
AOM_006064,AOM_003565,broader,derived-from-levels
AOM_003565,AOM_000594,broader,derived-from-levels
AOM_006374,AOM_004005,broader,derived-from-levels
AOM_000567,AOM_001434,broader,derived-from-levels
AOM_006226,AOM_001614,broader,derived-from-levels
AOM_006126,AOM_001614,broader,derived-from-levels
AOM_002016,AOM_001614,broader,derived-from-levels
AOM_001844,AOM_001614,broader,derived-from-levels
AOM_001943,AOM_000569,broader,derived-from-levels
AOM_002083,AOM_000569,broader,derived-from-levels
AOM_006218,AOM_000569,broader,derived-from-levels
AOM_006071,AOM_000569,broader,derived-from-levels
AOM_001295,AOM_001294,broader,derived-from-levels
AOM_001293,AOM_001292,broader,derived-from-levels
AOM_001942,AOM_001299,broader,derived-from-levels
AOM_001944,AOM_001298,broader,derived-from-levels
AOM_006127,AOM_000571,broader,derived-from-levels
AOM_006129,AOM_000571,broader,derived-from-levels
AOM_006128,AOM_000571,broader,derived-from-levels
AOM_001615,AOM_001297,broader,derived-from-levels
AOM_006076,AOM_006001,broader,derived-from-levels
AOM_006002,AOM_006001,broader,derived-from-levels
AOM_001686,AOM_000572,broader,derived-from-levels
AOM_001684,AOM_000572,broader,derived-from-levels
AOM_001617,AOM_000572,broader,derived-from-levels
AOM_006175,AOM_000572,broader,derived-from-levels
AOM_001885,AOM_000572,broader,derived-from-levels
AOM_006165,AOM_000572,broader,derived-from-levels
AOM_001682,AOM_000572,broader,derived-from-levels
AOM_001688,AOM_000572,broader,derived-from-levels
AOM_006397,AOM_000572,broader,derived-from-levels
AOM_001687,AOM_000572,broader,derived-from-levels
AOM_001845,AOM_000594,broader,derived-from-levels
AOM_006133,AOM_001291,broader,derived-from-levels
AOM_006142,AOM_001835,broader,derived-from-levels
AOM_001846,AOM_000594,broader,derived-from-levels
AOM_002114,AOM_000575,broader,derived-from-levels
AOM_001619,AOM_000576,broader,derived-from-levels
AOM_006187,AOM_000576,broader,derived-from-levels
AOM_006299,AOM_000576,broader,derived-from-levels
AOM_006188,AOM_000576,broader,derived-from-levels
AOM_006335,AOM_000577,broader,derived-from-levels
AOM_006300,AOM_000577,broader,derived-from-levels
AOM_006191,AOM_000579,broader,derived-from-levels
AOM_006192,AOM_000579,broader,derived-from-levels
AOM_006337,AOM_000579,broader,derived-from-levels
AOM_006336,AOM_000579,broader,derived-from-levels
AOM_006303,AOM_000579,broader,derived-from-levels
AOM_006413,AOM_000579,broader,derived-from-levels
AOM_006301,AOM_000579,broader,derived-from-levels
AOM_006304,AOM_000579,broader,derived-from-levels
AOM_006190,AOM_000579,broader,derived-from-levels
AOM_003692,AOM_000579,broader,derived-from-levels
AOM_006302,AOM_000579,broader,derived-from-levels
AOM_002084,AOM_000579,broader,derived-from-levels
AOM_001814,AOM_001813,broader,derived-from-levels
AOM_001945,AOM_001813,broader,derived-from-levels
AOM_006005,AOM_001813,broader,derived-from-levels
AOM_006312,AOM_002339,broader,derived-from-levels
AOM_002117,AOM_000581,broader,derived-from-levels
AOM_006313,AOM_000581,broader,derived-from-levels
AOM_006314,AOM_000581,broader,derived-from-levels
AOM_006328,AOM_000581,broader,derived-from-levels
AOM_001621,AOM_006006,broader,derived-from-levels
AOM_006006,AOM_000594,broader,derived-from-levels
AOM_006095,AOM_006199,broader,derived-from-levels
AOM_001197,AOM_003102,broader,derived-from-levels
AOM_006260,AOM_003102,broader,derived-from-levels
AOM_006259,AOM_003102,broader,derived-from-levels
AOM_003102,AOM_006199,broader,derived-from-levels
AOM_006199,AOM_000594,broader,derived-from-levels
AOM_000563,AOM_000594,broader,derived-from-levels
AOM_002015,AOM_000563,broader,derived-from-levels
AOM_001883,AOM_000563,broader,derived-from-levels
AOM_006222,AOM_000594,broader,derived-from-levels
AOM_001807,AOM_000594,broader,derived-from-levels
AOM_000582,AOM_000594,broader,derived-from-levels
AOM_006244,AOM_000582,broader,derived-from-levels
AOM_001622,AOM_000585,broader,derived-from-levels
AOM_000586,AOM_000585,broader,derived-from-levels
AOM_001623,AOM_000589,broader,derived-from-levels
AOM_001262,AOM_001887,broader,derived-from-levels
AOM_006181,AOM_001887,broader,derived-from-levels
AOM_006206,AOM_001887,broader,derived-from-levels
AOM_001750,AOM_001887,broader,derived-from-levels
AOM_001624,AOM_001887,broader,derived-from-levels
AOM_001751,AOM_001887,broader,derived-from-levels
AOM_002017,AOM_001318,broader,derived-from-levels
AOM_006032,AOM_000595,broader,derived-from-levels
AOM_006217,AOM_003885,broader,derived-from-levels
AOM_006178,AOM_003885,broader,derived-from-levels
AOM_001816,AOM_001815,broader,derived-from-levels
AOM_006281,AOM_002348,broader,derived-from-levels
AOM_006284,AOM_002348,broader,derived-from-levels
AOM_006285,AOM_002348,broader,derived-from-levels
AOM_006283,AOM_002348,broader,derived-from-levels
AOM_006282,AOM_002348,broader,derived-from-levels
AOM_006176,AOM_001196,broader,derived-from-levels
AOM_001693,AOM_001196,broader,derived-from-levels
AOM_001625,AOM_001196,broader,derived-from-levels
AOM_001888,AOM_001196,broader,derived-from-levels
AOM_006130,AOM_002233,broader,derived-from-levels
AOM_001947,AOM_001889,broader,derived-from-levels
AOM_006148,AOM_001889,broader,derived-from-levels
AOM_001946,AOM_001283,broader,derived-from-levels
AOM_006182,AOM_003933,broader,derived-from-levels
AOM_006183,AOM_003933,broader,derived-from-levels
AOM_000615,AOM_001916,broader,derived-from-levels
AOM_006027,AOM_003208,broader,derived-from-levels
AOM_003208,AOM_003207,broader,derived-from-levels
AOM_003207,AOM_000615,broader,derived-from-levels
AOM_001948,AOM_001258,broader,derived-from-levels
AOM_006078,AOM_000601,broader,derived-from-levels
AOM_001754,AOM_000601,broader,derived-from-levels
AOM_002018,AOM_000601,broader,derived-from-levels
AOM_006079,AOM_000602,broader,derived-from-levels
AOM_002019,AOM_000602,broader,derived-from-levels
AOM_003210,AOM_003209,broader,derived-from-levels
AOM_003209,AOM_000615,broader,derived-from-levels
AOM_006108,AOM_003960,broader,derived-from-levels
AOM_001660,AOM_001254,broader,derived-from-levels
AOM_006110,AOM_000604,broader,derived-from-levels
AOM_006111,AOM_000604,broader,derived-from-levels
AOM_006112,AOM_000604,broader,derived-from-levels
AOM_006113,AOM_000605,broader,derived-from-levels
AOM_006278,AOM_003858,broader,derived-from-levels
AOM_006224,AOM_003929,broader,derived-from-levels
AOM_002218,AOM_002217,broader,derived-from-levels
AOM_002217,AOM_000615,broader,derived-from-levels
AOM_001629,AOM_000609,broader,derived-from-levels
AOM_006317,AOM_003930,broader,derived-from-levels
AOM_002122,AOM_001361,broader,derived-from-levels
AOM_002121,AOM_001361,broader,derived-from-levels
AOM_001949,AOM_001361,broader,derived-from-levels
AOM_001362,AOM_001361,broader,derived-from-levels
AOM_006329,AOM_000614,broader,derived-from-levels
AOM_006319,AOM_001271,broader,derived-from-levels
AOM_006396,AOM_001271,broader,derived-from-levels
AOM_006345,AOM_001271,broader,derived-from-levels
AOM_001632,AOM_001314,broader,derived-from-levels
AOM_000628,AOM_001916,broader,derived-from-levels
AOM_006052,AOM_002225,broader,derived-from-levels
AOM_006049,AOM_002225,broader,derived-from-levels
AOM_006050,AOM_002225,broader,derived-from-levels
AOM_002103,AOM_002102,broader,derived-from-levels
AOM_000620,AOM_003973,broader,derived-from-levels
AOM_006073,AOM_003973,broader,derived-from-levels
AOM_001641,AOM_003973,broader,derived-from-levels
AOM_001253,AOM_003973,broader,derived-from-levels
AOM_001644,AOM_003973,broader,derived-from-levels
AOM_006166,AOM_003973,broader,derived-from-levels
AOM_001642,AOM_003973,broader,derived-from-levels
AOM_001643,AOM_003973,broader,derived-from-levels
AOM_001187,AOM_003973,broader,derived-from-levels
AOM_006325,AOM_001255,broader,derived-from-levels
AOM_001255,AOM_004255,broader,derived-from-levels
AOM_004255,AOM_000628,broader,derived-from-levels
AOM_006173,AOM_001893,broader,derived-from-levels
AOM_006170,AOM_001190,broader,derived-from-levels
AOM_001304,AOM_001190,broader,derived-from-levels
AOM_002000,AOM_001190,broader,derived-from-levels
AOM_001191,AOM_001190,broader,derived-from-levels
AOM_001190,AOM_000628,broader,derived-from-levels
AOM_006145,AOM_001192,broader,derived-from-levels
AOM_006146,AOM_001192,broader,derived-from-levels
AOM_006237,AOM_001192,broader,derived-from-levels
AOM_001277,AOM_001440,broader,derived-from-levels
AOM_001951,AOM_001440,broader,derived-from-levels
AOM_006307,AOM_001440,broader,derived-from-levels
AOM_001279,AOM_001440,broader,derived-from-levels
AOM_002128,AOM_001440,broader,derived-from-levels
AOM_001336,AOM_001440,broader,derived-from-levels
AOM_006311,AOM_001278,broader,derived-from-levels
AOM_002093,AOM_002092,broader,derived-from-levels
AOM_000641,AOM_001916,broader,derived-from-levels
AOM_000633,AOM_001836,broader,derived-from-levels
AOM_001952,AOM_001439,broader,derived-from-levels
AOM_001626,AOM_000635,broader,derived-from-levels
AOM_001647,AOM_000635,broader,derived-from-levels
AOM_002026,AOM_000635,broader,derived-from-levels
AOM_006053,AOM_003972,broader,derived-from-levels
AOM_006352,AOM_002112,broader,derived-from-levels
AOM_006055,AOM_002112,broader,derived-from-levels
AOM_006353,AOM_002112,broader,derived-from-levels
AOM_001627,AOM_002112,broader,derived-from-levels
AOM_006058,AOM_002112,broader,derived-from-levels
AOM_001803,AOM_002112,broader,derived-from-levels
AOM_006056,AOM_002112,broader,derived-from-levels
AOM_006054,AOM_002112,broader,derived-from-levels
AOM_006215,AOM_002112,broader,derived-from-levels
AOM_006057,AOM_002112,broader,derived-from-levels
AOM_006214,AOM_002112,broader,derived-from-levels
AOM_002027,AOM_002112,broader,derived-from-levels
AOM_006216,AOM_002112,broader,derived-from-levels
AOM_002029,AOM_000638,broader,derived-from-levels
AOM_006162,AOM_003911,broader,derived-from-levels
AOM_006404,AOM_003911,broader,derived-from-levels
AOM_006163,AOM_003978,broader,derived-from-levels
AOM_006402,AOM_001251,broader,derived-from-levels
AOM_000639,AOM_000641,broader,derived-from-levels
AOM_001953,AOM_001281,broader,derived-from-levels
AOM_006263,AOM_002101,broader,derived-from-levels
AOM_003853,AOM_001267,broader,derived-from-levels
AOM_001954,AOM_001267,broader,derived-from-levels
AOM_006403,AOM_001267,broader,derived-from-levels
AOM_001268,AOM_001267,broader,derived-from-levels
AOM_001650,AOM_001266,broader,derived-from-levels
AOM_006262,AOM_003266,broader,derived-from-levels
AOM_001651,AOM_000640,broader,derived-from-levels
AOM_002030,AOM_000640,broader,derived-from-levels
AOM_000644,AOM_001916,broader,derived-from-levels
AOM_006270,AOM_003482,broader,derived-from-levels
AOM_00672,AOM_003492,broader,derived-from-levels
AOM_006271,AOM_001483,broader,derived-from-levels
AOM_006266,AOM_002166,broader,derived-from-levels
AOM_006267,AOM_002166,broader,derived-from-levels
AOM_006268,AOM_002166,broader,derived-from-levels
AOM_006269,AOM_002166,broader,derived-from-levels
AOM_006264,AOM_002344,broader,derived-from-levels
AOM_006004,AOM_006003,broader,derived-from-levels
AOM_006003,AOM_000644,broader,derived-from-levels
AOM_001274,AOM_001916,broader,derived-from-levels
AOM_001273,AOM_001916,broader,derived-from-levels
AOM_001955,AOM_001842,broader,derived-from-levels
AOM_001957,AOM_001956,broader,derived-from-levels
AOM_000647,AOM_006033,broader,derived-from-levels
AOM_006033,AOM_001202,broader,derived-from-levels
AOM_001613,AOM_001202,broader,derived-from-levels
AOM_006034,AOM_001202,broader,derived-from-levels
AOM_001202,AOM_000662,broader,derived-from-levels
AOM_000648,AOM_000662,broader,derived-from-levels
AOM_002108,AOM_000648,broader,derived-from-levels
AOM_002119,AOM_000648,broader,derived-from-levels
AOM_001326,AOM_000648,broader,derived-from-levels
AOM_000570,AOM_000648,broader,derived-from-levels
AOM_001656,AOM_000649,broader,derived-from-levels
AOM_002031,AOM_000649,broader,derived-from-levels
AOM_006164,AOM_000649,broader,derived-from-levels
AOM_001679,AOM_000649,broader,derived-from-levels
AOM_000649,AOM_000648,broader,derived-from-levels
AOM_001674,AOM_000648,broader,derived-from-levels
AOM_000651,AOM_000648,broader,derived-from-levels
AOM_001289,AOM_000648,broader,derived-from-levels
AOM_006072,AOM_001313,broader,derived-from-levels
AOM_001324,AOM_001313,broader,derived-from-levels
AOM_001313,AOM_000648,broader,derived-from-levels
AOM_004003,AOM_004002,broader,derived-from-levels
AOM_004002,AOM_000662,broader,derived-from-levels
AOM_000654,AOM_000662,broader,derived-from-levels
AOM_001355,AOM_001895,broader,derived-from-levels
AOM_001959,AOM_001331,broader,derived-from-levels
AOM_001331,AOM_001895,broader,derived-from-levels
AOM_001332,AOM_001895,broader,derived-from-levels
AOM_001895,AOM_000662,broader,derived-from-levels
AOM_001334,AOM_000662,broader,derived-from-levels
AOM_006156,AOM_000655,broader,derived-from-levels
AOM_001339,AOM_001316,broader,derived-from-levels
AOM_000657,AOM_001316,broader,derived-from-levels
AOM_001365,AOM_001316,broader,derived-from-levels
AOM_001316,AOM_000662,broader,derived-from-levels
AOM_002124,AOM_001319,broader,derived-from-levels
AOM_001346,AOM_001319,broader,derived-from-levels
AOM_000660,AOM_001319,broader,derived-from-levels
AOM_001319,AOM_000662,broader,derived-from-levels
AOM_000664,AOM_001201,broader,derived-from-levels
AOM_001201,AOM_000665,broader,derived-from-levels
AOM_002032,AOM_001199,broader,derived-from-levels
AOM_001200,AOM_001199,broader,derived-from-levels
AOM_001199,AOM_000665,broader,derived-from-levels
AOM_006099,AOM_001848,broader,derived-from-levels
AOM_001849,AOM_001848,broader,derived-from-levels
AOM_001848,AOM_001847,broader,derived-from-levels
AOM_001907,AOM_001896,broader,derived-from-levels
AOM_001906,AOM_001896,broader,derived-from-levels
AOM_002228,AOM_000667,broader,derived-from-levels
AOM_000607,AOM_003072,broader,derived-from-levels
AOM_001193,AOM_003072,broader,derived-from-levels
AOM_003072,AOM_000667,broader,derived-from-levels
AOM_002226,AOM_000667,broader,derived-from-levels
AOM_001582,AOM_000667,broader,derived-from-levels
AOM_001583,AOM_001582,broader,derived-from-levels
AOM_002129,AOM_001582,broader,derived-from-levels
AOM_002033,AOM_001317,broader,derived-from-levels
AOM_001317,AOM_001582,broader,derived-from-levels
AOM_001960,AOM_001582,broader,derived-from-levels
AOM_001364,AOM_001582,broader,derived-from-levels
AOM_000613,AOM_001582,broader,derived-from-levels
AOM_000668,AOM_001582,broader,derived-from-levels
AOM_001586,AOM_001582,broader,derived-from-levels
AOM_001779,AOM_001778,broader,derived-from-levels
AOM_001778,AOM_001582,broader,derived-from-levels
AOM_000670,AOM_001582,broader,derived-from-levels
AOM_002219,AOM_006180,broader,derived-from-levels
AOM_006180,AOM_000667,broader,derived-from-levels
AOM_002125,AOM_002116,broader,derived-from-levels
AOM_002126,AOM_002116,broader,derived-from-levels
AOM_012120,AOM_002116,broader,derived-from-levels
AOM_002116,AOM_002115,broader,derived-from-levels
AOM_002115,AOM_000667,broader,derived-from-levels
AOM_001347,AOM_001752,broader,derived-from-levels
AOM_001348,AOM_001752,broader,derived-from-levels
AOM_001309,AOM_000677,broader,derived-from-levels
AOM_001308,AOM_001309,broader,derived-from-levels
AOM_001185,AOM_000677,broader,derived-from-levels
AOM_001333,AOM_000677,broader,derived-from-levels
AOM_001961,AOM_000672,broader,derived-from-levels
AOM_001897,AOM_000677,broader,derived-from-levels
AOM_000673,AOM_000677,broader,derived-from-levels
AOM_000674,AOM_000673,broader,derived-from-levels
AOM_000675,AOM_002208,broader,derived-from-levels
AOM_002208,AOM_000673,broader,derived-from-levels
AOM_000676,AOM_000677,broader,derived-from-levels
AOM_002035,AOM_000679,broader,derived-from-levels
AOM_002034,AOM_000679,broader,derived-from-levels
AOM_006060,AOM_000679,broader,derived-from-levels
AOM_001282,AOM_000681,broader,derived-from-levels
AOM_000680,AOM_000681,broader,derived-from-levels
AOM_001840,AOM_000680,broader,derived-from-levels
AOM_001909,AOM_001357,broader,derived-from-levels
AOM_001782,AOM_001781,broader,derived-from-levels
AOM_001781,AOM_001780,broader,derived-from-levels
AOM_006327,AOM_003887,broader,derived-from-levels
AOM_002036,AOM_001256,broader,derived-from-levels
AOM_001270,AOM_001256,broader,derived-from-levels
AOM_001257,AOM_001256,broader,derived-from-levels
AOM_001661,AOM_001359,broader,derived-from-levels
AOM_006238,AOM_003359,broader,derived-from-levels
AOM_001784,AOM_001783,broader,derived-from-levels
AOM_001783,AOM_001360,broader,derived-from-levels
AOM_001662,AOM_001360,broader,derived-from-levels
AOM_000683,AOM_000735,broader,derived-from-levels
AOM_002037,AOM_001556,broader,derived-from-levels
AOM_001556,AOM_000683,broader,derived-from-levels
AOM_001557,AOM_000683,broader,derived-from-levels
AOM_001962,AOM_001559,broader,derived-from-levels
AOM_001559,AOM_001558,broader,derived-from-levels
AOM_001963,AOM_001560,broader,derived-from-levels
AOM_001560,AOM_001558,broader,derived-from-levels
AOM_001558,AOM_000683,broader,derived-from-levels
AOM_001851,AOM_000683,broader,derived-from-levels
AOM_001964,AOM_001851,broader,derived-from-levels
AOM_006022,AOM_001851,broader,derived-from-levels
AOM_001562,AOM_000683,broader,derived-from-levels
AOM_001561,AOM_000683,broader,derived-from-levels
AOM_001664,AOM_001563,broader,derived-from-levels
AOM_001564,AOM_001563,broader,derived-from-levels
AOM_001563,AOM_000683,broader,derived-from-levels
AOM_001565,AOM_000683,broader,derived-from-levels
AOM_000682,AOM_000683,broader,derived-from-levels
AOM_002131,AOM_000682,broader,derived-from-levels
AOM_001852,AOM_000682,broader,derived-from-levels
AOM_001552,AOM_000682,broader,derived-from-levels
AOM_001554,AOM_000682,broader,derived-from-levels
AOM_001555,AOM_000682,broader,derived-from-levels
AOM_000701,AOM_000735,broader,derived-from-levels
AOM_006039,AOM_001379,broader,derived-from-levels
AOM_001379,AOM_000701,broader,derived-from-levels
AOM_001382,AOM_000701,broader,derived-from-levels
AOM_002216,AOM_000701,broader,derived-from-levels
AOM_001581,AOM_001380,broader,derived-from-levels
AOM_001381,AOM_001380,broader,derived-from-levels
AOM_006103,AOM_001380,broader,derived-from-levels
AOM_001380,AOM_000701,broader,derived-from-levels
AOM_001383,AOM_000701,broader,derived-from-levels
AOM_006021,AOM_000701,broader,derived-from-levels
AOM_001456,AOM_000701,broader,derived-from-levels
AOM_001457,AOM_000701,broader,derived-from-levels
AOM_001459,AOM_001458,broader,derived-from-levels
AOM_001458,AOM_000701,broader,derived-from-levels
AOM_001460,AOM_000701,broader,derived-from-levels
AOM_001396,AOM_001395,broader,derived-from-levels
AOM_006045,AOM_001395,broader,derived-from-levels
AOM_001395,AOM_000701,broader,derived-from-levels
AOM_006044,AOM_001397,broader,derived-from-levels
AOM_001620,AOM_001397,broader,derived-from-levels
AOM_001397,AOM_000701,broader,derived-from-levels
AOM_006046,AOM_001385,broader,derived-from-levels
AOM_001385,AOM_000701,broader,derived-from-levels
AOM_006159,AOM_003385,broader,derived-from-levels
AOM_003385,AOM_000701,broader,derived-from-levels
AOM_006047,AOM_001398,broader,derived-from-levels
AOM_001398,AOM_000701,broader,derived-from-levels
AOM_001399,AOM_000701,broader,derived-from-levels
AOM_000686,AOM_000701,broader,derived-from-levels
AOM_001400,AOM_000686,broader,derived-from-levels
AOM_001401,AOM_000701,broader,derived-from-levels
AOM_006065,AOM_001402,broader,derived-from-levels
AOM_001635,AOM_001633,broader,derived-from-levels
AOM_001633,AOM_001402,broader,derived-from-levels
AOM_001634,AOM_001402,broader,derived-from-levels
AOM_001402,AOM_000701,broader,derived-from-levels
AOM_002038,AOM_000701,broader,derived-from-levels
AOM_001649,AOM_001462,broader,derived-from-levels
AOM_001462,AOM_000701,broader,derived-from-levels
AOM_001464,AOM_000701,broader,derived-from-levels
AOM_006075,AOM_001461,broader,derived-from-levels
AOM_001461,AOM_000701,broader,derived-from-levels
AOM_006074,AOM_001465,broader,derived-from-levels
AOM_001465,AOM_000701,broader,derived-from-levels
AOM_003103,AOM_000701,broader,derived-from-levels
AOM_000687,AOM_000701,broader,derived-from-levels
AOM_002229,AOM_000701,broader,derived-from-levels
AOM_000688,AOM_003916,broader,derived-from-levels
AOM_003916,AOM_000701,broader,derived-from-levels
AOM_001388,AOM_000701,broader,derived-from-levels
AOM_001389,AOM_000701,broader,derived-from-levels
AOM_001390,AOM_000701,broader,derived-from-levels
AOM_006092,AOM_001391,broader,derived-from-levels
AOM_001391,AOM_000701,broader,derived-from-levels
AOM_001392,AOM_000701,broader,derived-from-levels
AOM_001466,AOM_000701,broader,derived-from-levels
AOM_006088,AOM_002238,broader,derived-from-levels
AOM_002238,AOM_000701,broader,derived-from-levels
AOM_001467,AOM_000701,broader,derived-from-levels
AOM_001785,AOM_000701,broader,derived-from-levels
AOM_006091,AOM_001786,broader,derived-from-levels
AOM_001786,AOM_000701,broader,derived-from-levels
AOM_001468,AOM_000701,broader,derived-from-levels
AOM_001787,AOM_001393,broader,derived-from-levels
AOM_006368,AOM_001393,broader,derived-from-levels
AOM_006093,AOM_001393,broader,derived-from-levels
AOM_001393,AOM_000701,broader,derived-from-levels
AOM_001469,AOM_000701,broader,derived-from-levels
AOM_006094,AOM_000701,broader,derived-from-levels
AOM_001470,AOM_000701,broader,derived-from-levels
AOM_006097,AOM_000701,broader,derived-from-levels
AOM_003907,AOM_000701,broader,derived-from-levels
AOM_001965,AOM_001809,broader,derived-from-levels
AOM_000692,AOM_001809,broader,derived-from-levels
AOM_001809,AOM_000701,broader,derived-from-levels
AOM_000693,AOM_000701,broader,derived-from-levels
AOM_001471,AOM_000701,broader,derived-from-levels
AOM_006117,AOM_001472,broader,derived-from-levels
AOM_001472,AOM_000701,broader,derived-from-levels
AOM_001404,AOM_006369,broader,derived-from-levels
AOM_006369,AOM_000701,broader,derived-from-levels
AOM_001473,AOM_000701,broader,derived-from-levels
AOM_006119,AOM_000701,broader,derived-from-levels
AOM_001663,AOM_001405,broader,derived-from-levels
AOM_001405,AOM_000701,broader,derived-from-levels
AOM_001474,AOM_000701,broader,derived-from-levels
AOM_001788,AOM_000701,broader,derived-from-levels
AOM_001853,AOM_000701,broader,derived-from-levels
AOM_002234,AOM_000701,broader,derived-from-levels
AOM_001475,AOM_000701,broader,derived-from-levels
AOM_001476,AOM_000701,broader,derived-from-levels
AOM_001477,AOM_000701,broader,derived-from-levels
AOM_001478,AOM_000701,broader,derived-from-levels
AOM_000695,AOM_000701,broader,derived-from-levels
AOM_002039,AOM_001479,broader,derived-from-levels
AOM_001676,AOM_001479,broader,derived-from-levels
AOM_003912,AOM_001479,broader,derived-from-levels
AOM_006115,AOM_001479,broader,derived-from-levels
AOM_001479,AOM_000701,broader,derived-from-levels
AOM_001481,AOM_000701,broader,derived-from-levels
AOM_001513,AOM_000701,broader,derived-from-levels
AOM_006236,AOM_000701,broader,derived-from-levels
AOM_006277,AOM_003677,broader,derived-from-levels
AOM_003677,AOM_000701,broader,derived-from-levels
AOM_001677,AOM_001407,broader,derived-from-levels
AOM_006276,AOM_001407,broader,derived-from-levels
AOM_001408,AOM_001407,broader,derived-from-levels
AOM_001709,AOM_001407,broader,derived-from-levels
AOM_001407,AOM_000701,broader,derived-from-levels
AOM_000697,AOM_001789,broader,derived-from-levels
AOM_000698,AOM_000697,broader,derived-from-levels
AOM_001789,AOM_000701,broader,derived-from-levels
AOM_006280,AOM_001443,broader,derived-from-levels
AOM_001443,AOM_000701,broader,derived-from-levels
AOM_001713,AOM_001409,broader,derived-from-levels
AOM_001714,AOM_001409,broader,derived-from-levels
AOM_001410,AOM_001409,broader,derived-from-levels
AOM_001411,AOM_001409,broader,derived-from-levels
AOM_001966,AOM_002040,broader,derived-from-levels
AOM_002040,AOM_001409,broader,derived-from-levels
AOM_001409,AOM_000701,broader,derived-from-levels
AOM_001412,AOM_000701,broader,derived-from-levels
AOM_001717,AOM_001413,broader,derived-from-levels
AOM_001718,AOM_001413,broader,derived-from-levels
AOM_001413,AOM_000701,broader,derived-from-levels
AOM_001441,AOM_000701,broader,derived-from-levels
AOM_000689,AOM_000701,broader,derived-from-levels
AOM_001721,AOM_000689,broader,derived-from-levels
AOM_001681,AOM_000689,broader,derived-from-levels
AOM_006279,AOM_000689,broader,derived-from-levels
AOM_001720,AOM_000689,broader,derived-from-levels
AOM_006141,AOM_000689,broader,derived-from-levels
AOM_001444,AOM_000701,broader,derived-from-levels
AOM_001445,AOM_000701,broader,derived-from-levels
AOM_001854,AOM_000701,broader,derived-from-levels
AOM_001855,AOM_000701,broader,derived-from-levels
AOM_001514,AOM_000701,broader,derived-from-levels
AOM_002132,AOM_000701,broader,derived-from-levels
AOM_001689,AOM_001516,broader,derived-from-levels
AOM_001516,AOM_000701,broader,derived-from-levels
AOM_001517,AOM_000701,broader,derived-from-levels
AOM_001692,AOM_001518,broader,derived-from-levels
AOM_001518,AOM_000701,broader,derived-from-levels
AOM_006315,AOM_001446,broader,derived-from-levels
AOM_001446,AOM_000701,broader,derived-from-levels
AOM_006272,AOM_001448,broader,derived-from-levels
AOM_001448,AOM_000701,broader,derived-from-levels
AOM_001449,AOM_000701,broader,derived-from-levels
AOM_001900,AOM_000701,broader,derived-from-levels
AOM_001520,AOM_000701,broader,derived-from-levels
AOM_001743,AOM_001521,broader,derived-from-levels
AOM_001521,AOM_000701,broader,derived-from-levels
AOM_006257,AOM_001450,broader,derived-from-levels
AOM_006256,AOM_001450,broader,derived-from-levels
AOM_001450,AOM_000701,broader,derived-from-levels
AOM_001522,AOM_000701,broader,derived-from-levels
AOM_001523,AOM_000701,broader,derived-from-levels
AOM_006251,AOM_003104,broader,derived-from-levels
AOM_003104,AOM_000701,broader,derived-from-levels
AOM_001452,AOM_000701,broader,derived-from-levels
AOM_001455,AOM_000701,broader,derived-from-levels
AOM_006250,AOM_003931,broader,derived-from-levels
AOM_003931,AOM_000701,broader,derived-from-levels
AOM_001912,AOM_000701,broader,derived-from-levels
AOM_001911,AOM_001912,broader,derived-from-levels
AOM_001910,AOM_001912,broader,derived-from-levels
AOM_006242,AOM_001912,broader,derived-from-levels
AOM_006252,AOM_001912,broader,derived-from-levels
AOM_000700,AOM_000701,broader,derived-from-levels
AOM_001454,AOM_001453,broader,derived-from-levels
AOM_001453,AOM_000701,broader,derived-from-levels
AOM_000718,AOM_000735,broader,derived-from-levels
AOM_002207,AOM_002206,broader,derived-from-levels
AOM_002206,AOM_000718,broader,derived-from-levels
AOM_001590,AOM_000703,broader,derived-from-levels
AOM_001592,AOM_001591,broader,derived-from-levels
AOM_001591,AOM_000703,broader,derived-from-levels
AOM_000703,AOM_000718,broader,derived-from-levels
AOM_006016,AOM_003703,broader,derived-from-levels
AOM_001755,AOM_000718,broader,derived-from-levels
AOM_006017,AOM_001756,broader,derived-from-levels
AOM_001757,AOM_001756,broader,derived-from-levels
AOM_001756,AOM_001755,broader,derived-from-levels
AOM_001759,AOM_001758,broader,derived-from-levels
AOM_001758,AOM_001755,broader,derived-from-levels
AOM_001118,AOM_000718,broader,derived-from-levels
AOM_002202,AOM_002201,broader,derived-from-levels
AOM_002201,AOM_000718,broader,derived-from-levels
AOM_001762,AOM_001761,broader,derived-from-levels
AOM_001761,AOM_001760,broader,derived-from-levels
AOM_001760,AOM_000718,broader,derived-from-levels
AOM_006018,AOM_001764,broader,derived-from-levels
AOM_001765,AOM_001764,broader,derived-from-levels
AOM_001764,AOM_001763,broader,derived-from-levels
AOM_001763,AOM_000718,broader,derived-from-levels
AOM_006356,AOM_003105,broader,derived-from-levels
AOM_006357,AOM_003105,broader,derived-from-levels
AOM_003105,AOM_000718,broader,derived-from-levels
AOM_003106,AOM_003105,broader,derived-from-levels
AOM_000704,AOM_000718,broader,derived-from-levels
AOM_001594,AOM_001593,broader,derived-from-levels
AOM_001804,AOM_001593,broader,derived-from-levels
AOM_001593,AOM_000704,broader,derived-from-levels
AOM_001596,AOM_001595,broader,derived-from-levels
AOM_001595,AOM_000704,broader,derived-from-levels
AOM_001767,AOM_001766,broader,derived-from-levels
AOM_001768,AOM_001767,broader,derived-from-levels
AOM_001766,AOM_000718,broader,derived-from-levels
AOM_001857,AOM_001119,broader,derived-from-levels
AOM_006358,AOM_001120,broader,derived-from-levels
AOM_001120,AOM_001119,broader,derived-from-levels
AOM_001119,AOM_000718,broader,derived-from-levels
AOM_001597,AOM_001123,broader,derived-from-levels
AOM_006036,AOM_001123,broader,derived-from-levels
AOM_001123,AOM_001121,broader,derived-from-levels
AOM_001598,AOM_001122,broader,derived-from-levels
AOM_001122,AOM_001121,broader,derived-from-levels
AOM_001121,AOM_000718,broader,derived-from-levels
AOM_006037,AOM_003908,broader,derived-from-levels
AOM_000705,AOM_000718,broader,derived-from-levels
AOM_001599,AOM_000705,broader,derived-from-levels
AOM_002042,AOM_002041,broader,derived-from-levels
AOM_002043,AOM_002041,broader,derived-from-levels
AOM_002041,AOM_000705,broader,derived-from-levels
AOM_000706,AOM_000718,broader,derived-from-levels
AOM_001604,AOM_001603,broader,derived-from-levels
AOM_001603,AOM_000706,broader,derived-from-levels
AOM_002044,AOM_001125,broader,derived-from-levels
AOM_006038,AOM_001125,broader,derived-from-levels
AOM_001125,AOM_000706,broader,derived-from-levels
AOM_001602,AOM_003961,broader,derived-from-levels
AOM_001601,AOM_003961,broader,derived-from-levels
AOM_003961,AOM_000706,broader,derived-from-levels
AOM_006196,AOM_001790,broader,derived-from-levels
AOM_003970,AOM_001790,broader,derived-from-levels
AOM_006019,AOM_001790,broader,derived-from-levels
AOM_002346,AOM_001790,broader,derived-from-levels
AOM_001790,AOM_001567,broader,derived-from-levels
AOM_001568,AOM_001567,broader,derived-from-levels
AOM_001567,AOM_000718,broader,derived-from-levels
AOM_002046,AOM_001126,broader,derived-from-levels
AOM_001127,AOM_001699,broader,derived-from-levels
AOM_001699,AOM_001126,broader,derived-from-levels
AOM_006359,AOM_001126,broader,derived-from-levels
AOM_001126,AOM_000718,broader,derived-from-levels
AOM_002062,AOM_002061,broader,derived-from-levels
AOM_002061,AOM_000718,broader,derived-from-levels
AOM_001794,AOM_001793,broader,derived-from-levels
AOM_001793,AOM_000718,broader,derived-from-levels
AOM_002065,AOM_002064,broader,derived-from-levels
AOM_002064,AOM_002063,broader,derived-from-levels
AOM_002063,AOM_000718,broader,derived-from-levels
AOM_006020,AOM_000718,broader,derived-from-levels
AOM_003082,AOM_003081,broader,derived-from-levels
AOM_003582,AOM_003081,broader,derived-from-levels
AOM_003081,AOM_000718,broader,derived-from-levels
AOM_001609,AOM_001129,broader,derived-from-levels
AOM_001129,AOM_001128,broader,derived-from-levels
AOM_001128,AOM_000718,broader,derived-from-levels
AOM_001859,AOM_001901,broader,derived-from-levels
AOM_002047,AOM_001901,broader,derived-from-levels
AOM_001858,AOM_001901,broader,derived-from-levels
AOM_002345,AOM_001901,broader,derived-from-levels
AOM_001901,AOM_000718,broader,derived-from-levels
AOM_001612,AOM_001132,broader,derived-from-levels
AOM_006025,AOM_001132,broader,derived-from-levels
AOM_001132,AOM_001131,broader,derived-from-levels
AOM_001131,AOM_000718,broader,derived-from-levels
AOM_006362,AOM_003075,broader,derived-from-levels
AOM_006026,AOM_003275,broader,derived-from-levels
AOM_003275,AOM_003075,broader,derived-from-levels
AOM_003075,AOM_000718,broader,derived-from-levels
AOM_006041,AOM_001861,broader,derived-from-levels
AOM_001862,AOM_001861,broader,derived-from-levels
AOM_001861,AOM_001860,broader,derived-from-levels
AOM_001860,AOM_000718,broader,derived-from-levels
AOM_006048,AOM_001134,broader,derived-from-levels
AOM_002048,AOM_001134,broader,derived-from-levels
AOM_001701,AOM_001134,broader,derived-from-levels
AOM_001134,AOM_001133,broader,derived-from-levels
AOM_001133,AOM_000718,broader,derived-from-levels
AOM_001135,AOM_000718,broader,derived-from-levels
AOM_001136,AOM_000718,broader,derived-from-levels
AOM_001703,AOM_001137,broader,derived-from-levels
AOM_001631,AOM_001630,broader,derived-from-levels
AOM_001630,AOM_001137,broader,derived-from-levels
AOM_001137,AOM_000718,broader,derived-from-levels
AOM_006066,AOM_006406,broader,derived-from-levels
AOM_003900,AOM_006406,broader,derived-from-levels
AOM_006406,AOM_000718,broader,derived-from-levels
AOM_001138,AOM_000718,broader,derived-from-levels
AOM_006077,AOM_001140,broader,derived-from-levels
AOM_001704,AOM_001140,broader,derived-from-levels
AOM_001140,AOM_001139,broader,derived-from-levels
AOM_001139,AOM_000718,broader,derived-from-levels
AOM_006219,AOM_003919,broader,derived-from-levels
AOM_006083,AOM_003919,broader,derived-from-levels
AOM_006081,AOM_003919,broader,derived-from-levels
AOM_006082,AOM_003919,broader,derived-from-levels
AOM_006366,AOM_001141,broader,derived-from-levels
AOM_001655,AOM_001654,broader,derived-from-levels
AOM_001654,AOM_001141,broader,derived-from-levels
AOM_001141,AOM_000718,broader,derived-from-levels
AOM_006090,AOM_006407,broader,derived-from-levels
AOM_006015,AOM_006407,broader,derived-from-levels
AOM_006407,AOM_000718,broader,derived-from-levels
AOM_001796,AOM_001795,broader,derived-from-levels
AOM_001795,AOM_000718,broader,derived-from-levels
AOM_001705,AOM_001143,broader,derived-from-levels
AOM_001143,AOM_001142,broader,derived-from-levels
AOM_001142,AOM_000718,broader,derived-from-levels
AOM_002224,AOM_000718,broader,derived-from-levels
AOM_001144,AOM_000718,broader,derived-from-levels
AOM_006371,AOM_001145,broader,derived-from-levels
AOM_002051,AOM_002049,broader,derived-from-levels
AOM_002050,AOM_002049,broader,derived-from-levels
AOM_002049,AOM_001145,broader,derived-from-levels
AOM_001145,AOM_000718,broader,derived-from-levels
AOM_001588,AOM_000718,broader,derived-from-levels
AOM_006098,AOM_003898,broader,derived-from-levels
AOM_003898,AOM_000718,broader,derived-from-levels
AOM_002052,AOM_000718,broader,derived-from-levels
AOM_002053,AOM_000718,broader,derived-from-levels
AOM_002054,AOM_000718,broader,derived-from-levels
AOM_000708,AOM_001148,broader,derived-from-levels
AOM_001657,AOM_001148,broader,derived-from-levels
AOM_001147,AOM_000718,broader,derived-from-levels
AOM_001148,AOM_001147,broader,derived-from-levels
AOM_001799,AOM_001797,broader,derived-from-levels
AOM_001801,AOM_001800,broader,derived-from-levels
AOM_001986,AOM_001800,broader,derived-from-levels
AOM_001988,AOM_001800,broader,derived-from-levels
AOM_006376,AOM_001800,broader,derived-from-levels
AOM_001800,AOM_001797,broader,derived-from-levels
AOM_001798,AOM_001797,broader,derived-from-levels
AOM_001797,AOM_000718,broader,derived-from-levels
AOM_001150,AOM_001149,broader,derived-from-levels
AOM_001149,AOM_000718,broader,derived-from-levels
AOM_006107,AOM_001151,broader,derived-from-levels
AOM_006105,AOM_003083,broader,derived-from-levels
AOM_000709,AOM_003083,broader,derived-from-levels
AOM_006106,AOM_003083,broader,derived-from-levels
AOM_003083,AOM_001151,broader,derived-from-levels
AOM_001151,AOM_000718,broader,derived-from-levels
AOM_006109,AOM_001967,broader,derived-from-levels
AOM_001967,AOM_000718,broader,derived-from-levels
AOM_006116,AOM_003921,broader,derived-from-levels
AOM_003921,AOM_000718,broader,derived-from-levels
AOM_003920,AOM_006118,broader,derived-from-levels
AOM_001153,AOM_000718,broader,derived-from-levels
AOM_001969,AOM_001154,broader,derived-from-levels
AOM_001155,AOM_001154,broader,derived-from-levels
AOM_006121,AOM_003954,broader,derived-from-levels
AOM_001971,AOM_001156,broader,derived-from-levels
AOM_001157,AOM_001156,broader,derived-from-levels
AOM_001158,AOM_001810,broader,derived-from-levels
AOM_002100,AOM_001810,broader,derived-from-levels
AOM_006007,AOM_001810,broader,derived-from-levels
AOM_001810,AOM_000718,broader,derived-from-levels
AOM_000710,AOM_000718,broader,derived-from-levels
AOM_001667,AOM_000710,broader,derived-from-levels
AOM_001669,AOM_000710,broader,derived-from-levels
AOM_001710,AOM_001672,broader,derived-from-levels
AOM_001671,AOM_001672,broader,derived-from-levels
AOM_001974,AOM_001672,broader,derived-from-levels
AOM_001973,AOM_001672,broader,derived-from-levels
AOM_006381,AOM_001672,broader,derived-from-levels
AOM_001672,AOM_000710,broader,derived-from-levels
AOM_001668,AOM_000710,broader,derived-from-levels
AOM_001771,AOM_000718,broader,derived-from-levels
AOM_001775,AOM_001771,broader,derived-from-levels
AOM_001770,AOM_001769,broader,derived-from-levels
AOM_001769,AOM_001771,broader,derived-from-levels
AOM_006135,AOM_003909,broader,derived-from-levels
AOM_003909,AOM_000718,broader,derived-from-levels
AOM_001696,AOM_001152,broader,derived-from-levels
AOM_001976,AOM_001152,broader,derived-from-levels
AOM_001711,AOM_001152,broader,derived-from-levels
AOM_006204,AOM_001152,broader,derived-from-levels
AOM_003903,AOM_001152,broader,derived-from-levels
AOM_001913,AOM_003903,broader,derived-from-levels
AOM_000711,AOM_003903,broader,derived-from-levels
AOM_006227,AOM_001979,broader,derived-from-levels
AOM_001979,AOM_001152,broader,derived-from-levels
AOM_006343,AOM_003971,broader,derived-from-levels
AOM_006136,AOM_003971,broader,derived-from-levels
AOM_006341,AOM_003971,broader,derived-from-levels
AOM_003971,AOM_001152,broader,derived-from-levels
AOM_001152,AOM_000718,broader,derived-from-levels
AOM_001792,AOM_001791,broader,derived-from-levels
AOM_001791,AOM_000718,broader,derived-from-levels
AOM_006138,AOM_002251,broader,derived-from-levels
AOM_002251,AOM_002250,broader,derived-from-levels
AOM_002250,AOM_000718,broader,derived-from-levels
AOM_006139,AOM_002236,broader,derived-from-levels
AOM_006140,AOM_003989,broader,derived-from-levels
AOM_006144,AOM_006410,broader,derived-from-levels
AOM_003901,AOM_006410,broader,derived-from-levels
AOM_006410,AOM_000718,broader,derived-from-levels
AOM_001706,AOM_000730,broader,derived-from-levels
AOM_006205,AOM_001914,broader,derived-from-levels
AOM_001715,AOM_001914,broader,derived-from-levels
AOM_002057,AOM_001914,broader,derived-from-levels
AOM_001915,AOM_001914,broader,derived-from-levels
AOM_002118,AOM_001914,broader,derived-from-levels
AOM_002056,AOM_001914,broader,derived-from-levels
AOM_001914,AOM_001166,broader,derived-from-levels
AOM_001981,AOM_001166,broader,derived-from-levels
AOM_006147,AOM_002111,broader,derived-from-levels
AOM_002111,AOM_001166,broader,derived-from-levels
AOM_001168,AOM_001166,broader,derived-from-levels
AOM_001167,AOM_001166,broader,derived-from-levels
AOM_006203,AOM_001166,broader,derived-from-levels
AOM_001166,AOM_000718,broader,derived-from-levels
AOM_002154,AOM_002153,broader,derived-from-levels
AOM_002153,AOM_000718,broader,derived-from-levels
AOM_006149,AOM_003915,broader,derived-from-levels
AOM_006385,AOM_003987,broader,derived-from-levels
AOM_003987,AOM_000718,broader,derived-from-levels
AOM_006326,AOM_002151,broader,derived-from-levels
AOM_002151,AOM_002150,broader,derived-from-levels
AOM_002150,AOM_000718,broader,derived-from-levels
AOM_001719,AOM_001525,broader,derived-from-levels
AOM_001525,AOM_001524,broader,derived-from-levels
AOM_006292,AOM_002203,broader,derived-from-levels
AOM_002203,AOM_001524,broader,derived-from-levels
AOM_001524,AOM_000718,broader,derived-from-levels
AOM_001722,AOM_001170,broader,derived-from-levels
AOM_001170,AOM_001169,broader,derived-from-levels
AOM_001169,AOM_000718,broader,derived-from-levels
AOM_002239,AOM_000718,broader,derived-from-levels
AOM_001983,AOM_001982,broader,derived-from-levels
AOM_001982,AOM_001171,broader,derived-from-levels
AOM_001171,AOM_000718,broader,derived-from-levels
AOM_000712,AOM_000718,broader,derived-from-levels
AOM_006297,AOM_000712,broader,derived-from-levels
AOM_000714,AOM_000712,broader,derived-from-levels
AOM_006296,AOM_000713,broader,derived-from-levels
AOM_006295,AOM_000713,broader,derived-from-levels
AOM_001730,AOM_000713,broader,derived-from-levels
AOM_000713,AOM_000712,broader,derived-from-levels
AOM_003071,AOM_000718,broader,derived-from-levels
AOM_003691,AOM_001802,broader,derived-from-levels
AOM_001802,AOM_000718,broader,derived-from-levels
AOM_006010,AOM_006009,broader,derived-from-levels
AOM_006009,AOM_006013,broader,derived-from-levels
AOM_006012,AOM_006011,broader,derived-from-levels
AOM_006011,AOM_006013,broader,derived-from-levels
AOM_006013,AOM_000718,broader,derived-from-levels
AOM_003906,AOM_006155,broader,derived-from-levels
AOM_006155,AOM_000718,broader,derived-from-levels
AOM_006305,AOM_002230,broader,derived-from-levels
AOM_006306,AOM_002230,broader,derived-from-levels
AOM_002230,AOM_000718,broader,derived-from-levels
AOM_002221,AOM_000718,broader,derived-from-levels
AOM_002222,AOM_000718,broader,derived-from-levels
AOM_001725,AOM_001174,broader,derived-from-levels
AOM_001174,AOM_000718,broader,derived-from-levels
AOM_001229,AOM_003079,broader,derived-from-levels
AOM_006310,AOM_003079,broader,derived-from-levels
AOM_001902,AOM_001740,broader,derived-from-levels
AOM_006308,AOM_001740,broader,derived-from-levels
AOM_001724,AOM_001740,broader,derived-from-levels
AOM_001740,AOM_003079,broader,derived-from-levels
AOM_001984,AOM_001230,broader,derived-from-levels
AOM_001230,AOM_003079,broader,derived-from-levels
AOM_006309,AOM_003080,broader,derived-from-levels
AOM_003080,AOM_003079,broader,derived-from-levels
AOM_003079,AOM_000718,broader,derived-from-levels
AOM_002168,AOM_003899,broader,derived-from-levels
AOM_003899,AOM_000718,broader,derived-from-levels
AOM_002058,AOM_000718,broader,derived-from-levels
AOM_006261,AOM_002232,broader,derived-from-levels
AOM_002232,AOM_002220,broader,derived-from-levels
AOM_006395,AOM_002220,broader,derived-from-levels
AOM_002220,AOM_000718,broader,derived-from-levels
AOM_001821,AOM_000718,broader,derived-from-levels
AOM_001823,AOM_001822,broader,derived-from-levels
AOM_001822,AOM_001821,broader,derived-from-levels
AOM_002059,AOM_000718,broader,derived-from-levels
AOM_000716,AOM_000718,broader,derived-from-levels
AOM_001726,AOM_000716,broader,derived-from-levels
AOM_006255,AOM_000716,broader,derived-from-levels
AOM_001175,AOM_000718,broader,derived-from-levels
AOM_003694,AOM_000718,broader,derived-from-levels
AOM_006212,AOM_001600,broader,derived-from-levels
AOM_001600,AOM_003693,broader,derived-from-levels
AOM_003693,AOM_000718,broader,derived-from-levels
AOM_006208,AOM_004614,broader,derived-from-levels
AOM_006207,AOM_004614,broader,derived-from-levels
AOM_006210,AOM_003902,broader,derived-from-levels
AOM_006209,AOM_003902,broader,derived-from-levels
AOM_003902,AOM_004614,broader,derived-from-levels
AOM_006211,AOM_004614,broader,derived-from-levels
AOM_004614,AOM_000718,broader,derived-from-levels
AOM_006186,AOM_003984,broader,derived-from-levels
AOM_003999,AOM_003984,broader,derived-from-levels
AOM_003984,AOM_000718,broader,derived-from-levels
AOM_006185,AOM_003926,broader,derived-from-levels
AOM_003950,AOM_003926,broader,derived-from-levels
AOM_002060,AOM_000718,broader,derived-from-levels
AOM_006177,AOM_003981,broader,derived-from-levels
AOM_000726,AOM_000735,broader,derived-from-levels
AOM_001205,AOM_000726,broader,derived-from-levels
AOM_001203,AOM_000719,broader,derived-from-levels
AOM_001774,AOM_000719,broader,derived-from-levels
AOM_002134,AOM_000719,broader,derived-from-levels
AOM_002089,AOM_002088,broader,derived-from-levels
AOM_002088,AOM_000719,broader,derived-from-levels
AOM_000719,AOM_000726,broader,derived-from-levels
AOM_001206,AOM_000726,broader,derived-from-levels
AOM_001207,AOM_000726,broader,derived-from-levels
AOM_001528,AOM_001527,broader,derived-from-levels
AOM_001527,AOM_000726,broader,derived-from-levels
AOM_002066,AOM_001208,broader,derived-from-levels
AOM_001727,AOM_001208,broader,derived-from-levels
AOM_006062,AOM_003549,broader,derived-from-levels
AOM_006061,AOM_003549,broader,derived-from-levels
AOM_003549,AOM_001208,broader,derived-from-levels
AOM_001208,AOM_000726,broader,derived-from-levels
AOM_001728,AOM_001575,broader,derived-from-levels
AOM_001575,AOM_000726,broader,derived-from-levels
AOM_001210,AOM_001209,broader,derived-from-levels
AOM_001209,AOM_000726,broader,derived-from-levels
AOM_001211,AOM_000726,broader,derived-from-levels
AOM_001729,AOM_001212,broader,derived-from-levels
AOM_001212,AOM_000726,broader,derived-from-levels
AOM_006085,AOM_003962,broader,derived-from-levels
AOM_003962,AOM_000726,broader,derived-from-levels
AOM_006120,AOM_003216,broader,derived-from-levels
AOM_003216,AOM_000726,broader,derived-from-levels
AOM_001216,AOM_000726,broader,derived-from-levels
AOM_001666,AOM_002204,broader,derived-from-levels
AOM_001732,AOM_002204,broader,derived-from-levels
AOM_006174,AOM_002204,broader,derived-from-levels
AOM_001665,AOM_002204,broader,derived-from-levels
AOM_006087,AOM_002204,broader,derived-from-levels
AOM_001731,AOM_001215,broader,derived-from-levels
AOM_001215,AOM_002204,broader,derived-from-levels
AOM_001219,AOM_002204,broader,derived-from-levels
AOM_002204,AOM_000726,broader,derived-from-levels
AOM_003910,AOM_000726,broader,derived-from-levels
AOM_001526,AOM_000726,broader,derived-from-levels
AOM_001991,AOM_001221,broader,derived-from-levels
AOM_001734,AOM_001221,broader,derived-from-levels
AOM_001221,AOM_000726,broader,derived-from-levels
AOM_001735,AOM_001222,broader,derived-from-levels
AOM_001222,AOM_000726,broader,derived-from-levels
AOM_001225,AOM_001224,broader,derived-from-levels
AOM_001224,AOM_000726,broader,derived-from-levels
AOM_001226,AOM_000726,broader,derived-from-levels
AOM_001697,AOM_001227,broader,derived-from-levels
AOM_006234,AOM_001227,broader,derived-from-levels
AOM_006230,AOM_001164,broader,derived-from-levels
AOM_006399,AOM_001164,broader,derived-from-levels
AOM_006229,AOM_001164,broader,derived-from-levels
AOM_006500,AOM_001164,broader,derived-from-levels
AOM_006231,AOM_001164,broader,derived-from-levels
AOM_001698,AOM_001164,broader,derived-from-levels
AOM_001164,AOM_001227,broader,derived-from-levels
AOM_001227,AOM_000726,broader,derived-from-levels
AOM_001531,AOM_001530,broader,derived-from-levels
AOM_001530,AOM_000726,broader,derived-from-levels
AOM_001232,AOM_001231,broader,derived-from-levels
AOM_001231,AOM_000726,broader,derived-from-levels
AOM_001532,AOM_000726,broader,derived-from-levels
AOM_001744,AOM_001233,broader,derived-from-levels
AOM_001736,AOM_001233,broader,derived-from-levels
AOM_001235,AOM_001233,broader,derived-from-levels
AOM_001233,AOM_000726,broader,derived-from-levels
AOM_001737,AOM_001236,broader,derived-from-levels
AOM_001236,AOM_000726,broader,derived-from-levels
AOM_001238,AOM_001237,broader,derived-from-levels
AOM_001237,AOM_000726,broader,derived-from-levels
AOM_001239,AOM_000726,broader,derived-from-levels
AOM_006258,AOM_003239,broader,derived-from-levels
AOM_003239,AOM_000726,broader,derived-from-levels
AOM_003069,AOM_000726,broader,derived-from-levels
AOM_006253,AOM_001529,broader,derived-from-levels
AOM_001841,AOM_001529,broader,derived-from-levels
AOM_001529,AOM_000726,broader,derived-from-levels
AOM_001738,AOM_001240,broader,derived-from-levels
AOM_006089,AOM_001240,broader,derived-from-levels
AOM_006042,AOM_001241,broader,derived-from-levels
AOM_006321,AOM_001241,broader,derived-from-levels
AOM_001241,AOM_001240,broader,derived-from-levels
AOM_001240,AOM_000726,broader,derived-from-levels
AOM_006254,AOM_001548,broader,derived-from-levels
AOM_001548,AOM_000726,broader,derived-from-levels
AOM_000725,AOM_001242,broader,derived-from-levels
AOM_001993,AOM_001242,broader,derived-from-levels
AOM_001242,AOM_000726,broader,derived-from-levels
AOM_001243,AOM_000726,broader,derived-from-levels
AOM_000734,AOM_000735,broader,derived-from-levels
AOM_003063,AOM_000734,broader,derived-from-levels
AOM_001533,AOM_000734,broader,derived-from-levels
AOM_003545,AOM_003064,broader,derived-from-levels
AOM_003064,AOM_000734,broader,derived-from-levels
AOM_001569,AOM_000734,broader,derived-from-levels
AOM_001570,AOM_000734,broader,derived-from-levels
AOM_001535,AOM_000734,broader,derived-from-levels
AOM_006028,AOM_002169,broader,derived-from-levels
AOM_006213,AOM_002169,broader,derived-from-levels
AOM_006029,AOM_002169,broader,derived-from-levels
AOM_006030,AOM_003914,broader,derived-from-levels
AOM_003914,AOM_003893,broader,derived-from-levels
AOM_003893,AOM_000734,broader,derived-from-levels
AOM_006350,AOM_000734,broader,derived-from-levels
AOM_006351,AOM_000734,broader,derived-from-levels
AOM_003895,AOM_006031,broader,derived-from-levels
AOM_006031,AOM_000734,broader,derived-from-levels
AOM_002305,AOM_000734,broader,derived-from-levels
AOM_003062,AOM_000734,broader,derived-from-levels
AOM_001628,AOM_001574,broader,derived-from-levels
AOM_001741,AOM_001574,broader,derived-from-levels
AOM_001574,AOM_001573,broader,derived-from-levels
AOM_001573,AOM_000734,broader,derived-from-levels
AOM_001637,AOM_001636,broader,derived-from-levels
AOM_001863,AOM_001636,broader,derived-from-levels
AOM_001636,AOM_001536,broader,derived-from-levels
AOM_001536,AOM_000734,broader,derived-from-levels
AOM_006198,AOM_003879,broader,derived-from-levels
AOM_006069,AOM_001537,broader,derived-from-levels
AOM_001537,AOM_000734,broader,derived-from-levels
AOM_006070,AOM_003077,broader,derived-from-levels
AOM_003077,AOM_000734,broader,derived-from-levels
AOM_001538,AOM_000734,broader,derived-from-levels
AOM_001539,AOM_000734,broader,derived-from-levels
AOM_001540,AOM_000734,broader,derived-from-levels
AOM_001541,AOM_000734,broader,derived-from-levels
AOM_006354,AOM_000734,broader,derived-from-levels
AOM_006084,AOM_000734,broader,derived-from-levels
AOM_003896,AOM_006084,broader,derived-from-levels
AOM_006355,AOM_000734,broader,derived-from-levels
AOM_002069,AOM_000734,broader,derived-from-levels
AOM_006096,AOM_001542,broader,derived-from-levels
AOM_001542,AOM_000734,broader,derived-from-levels
AOM_006370,AOM_000734,broader,derived-from-levels
AOM_001543,AOM_000734,broader,derived-from-levels
AOM_001864,AOM_000734,broader,derived-from-levels
AOM_006375,AOM_000734,broader,derived-from-levels
AOM_003061,AOM_000734,broader,derived-from-levels
AOM_006122,AOM_002190,broader,derived-from-levels
AOM_006290,AOM_003068,broader,derived-from-levels
AOM_003668,AOM_003068,broader,derived-from-levels
AOM_003068,AOM_000734,broader,derived-from-levels
AOM_006387,AOM_000734,broader,derived-from-levels
AOM_000733,AOM_000734,broader,derived-from-levels
AOM_003067,AOM_000734,broader,derived-from-levels
AOM_003065,AOM_000734,broader,derived-from-levels
AOM_001550,AOM_001549,broader,derived-from-levels
AOM_001549,AOM_000734,broader,derived-from-levels
AOM_001551,AOM_000734,broader,derived-from-levels
AOM_003977,AOM_000734,broader,derived-from-levels
AOM_000808,AOM_006389,broader,derived-from-levels
AOM_000782,AOM_000781,broader,derived-from-levels
AOM_000753,AOM_000781,broader,derived-from-levels
AOM_000745,AOM_000781,broader,derived-from-levels
AOM_001423,AOM_000745,broader,derived-from-levels
AOM_000743,AOM_000745,broader,derived-from-levels
AOM_001994,AOM_000743,broader,derived-from-levels
AOM_002091,AOM_000745,broader,derived-from-levels
AOM_001373,AOM_000745,broader,derived-from-levels
AOM_002071,AOM_001373,broader,derived-from-levels
AOM_002070,AOM_001373,broader,derived-from-levels
AOM_000744,AOM_000745,broader,derived-from-levels
AOM_001826,AOM_000745,broader,derived-from-levels
AOM_001374,AOM_000745,broader,derived-from-levels
AOM_001486,AOM_000745,broader,derived-from-levels
AOM_001503,AOM_000745,broader,derived-from-levels
AOM_001504,AOM_000745,broader,derived-from-levels
AOM_001490,AOM_000745,broader,derived-from-levels
AOM_000747,AOM_000781,broader,derived-from-levels
AOM_000746,AOM_000747,broader,derived-from-levels
AOM_002072,AOM_000746,broader,derived-from-levels
AOM_006101,AOM_003172,broader,derived-from-levels
AOM_001865,AOM_000781,broader,derived-from-levels
AOM_001866,AOM_000781,broader,derived-from-levels
AOM_000780,AOM_000781,broader,derived-from-levels
AOM_003084,AOM_000772,broader,derived-from-levels
AOM_003201,AOM_000772,broader,derived-from-levels
AOM_000783,AOM_000781,broader,derived-from-levels
AOM_001825,AOM_000781,broader,derived-from-levels
AOM_006349,AOM_000781,broader,derived-from-levels
AOM_001830,AOM_001838,broader,derived-from-levels
AOM_001829,AOM_001838,broader,derived-from-levels
AOM_006364,AOM_003829,broader,derived-from-levels
AOM_001867,AOM_000781,broader,derived-from-levels
AOM_001832,AOM_000781,broader,derived-from-levels
AOM_001868,AOM_000781,broader,derived-from-levels
AOM_001997,AOM_001868,broader,derived-from-levels
AOM_001507,AOM_000781,broader,derived-from-levels
AOM_001917,AOM_000781,broader,derived-from-levels
AOM_006241,AOM_000781,broader,derived-from-levels
AOM_001921,AOM_000781,broader,derived-from-levels
AOM_001869,AOM_000781,broader,derived-from-levels
AOM_001922,AOM_000781,broader,derived-from-levels
AOM_006179,AOM_003203,broader,derived-from-levels
AOM_003203,AOM_000781,broader,derived-from-levels
AOM_001824,AOM_000781,broader,derived-from-levels
AOM_001508,AOM_000807,broader,derived-from-levels
AOM_001500,AOM_001491,broader,derived-from-levels
AOM_001501,AOM_001491,broader,derived-from-levels
AOM_000798,AOM_001491,broader,derived-from-levels
AOM_002110,AOM_001491,broader,derived-from-levels
AOM_000799,AOM_001491,broader,derived-from-levels
AOM_000800,AOM_001491,broader,derived-from-levels
AOM_001493,AOM_000800,broader,derived-from-levels
AOM_000805,AOM_000800,broader,derived-from-levels
AOM_000803,AOM_000800,broader,derived-from-levels
AOM_001492,AOM_000800,broader,derived-from-levels
AOM_000801,AOM_001491,broader,derived-from-levels
AOM_001579,AOM_001491,broader,derived-from-levels
AOM_001494,AOM_001491,broader,derived-from-levels
AOM_002097,AOM_001491,broader,derived-from-levels
AOM_001495,AOM_001491,broader,derived-from-levels
AOM_003495,AOM_001491,broader,derived-from-levels
AOM_003995,AOM_001491,broader,derived-from-levels
AOM_002109,AOM_001491,broader,derived-from-levels
AOM_001497,AOM_001491,broader,derived-from-levels
AOM_002098,AOM_001491,broader,derived-from-levels
AOM_001870,AOM_001491,broader,derived-from-levels
AOM_006154,AOM_001870,broader,derived-from-levels
AOM_003870,AOM_001491,broader,derived-from-levels
AOM_003991,AOM_001491,broader,derived-from-levels
AOM_001498,AOM_001491,broader,derived-from-levels
AOM_001496,AOM_001491,broader,derived-from-levels
AOM_001502,AOM_001491,broader,derived-from-levels
AOM_000804,AOM_001491,broader,derived-from-levels
AOM_006340,AOM_003076,broader,derived-from-levels
AOM_001420,AOM_003076,broader,derived-from-levels
AOM_001419,AOM_003076,broader,derived-from-levels
AOM_001421,AOM_003076,broader,derived-from-levels
AOM_001422,AOM_003076,broader,derived-from-levels
AOM_000737,AOM_000736,broader,derived-from-levels
AOM_003878,AOM_000737,broader,derived-from-levels
AOM_000739,AOM_000737,broader,derived-from-levels
AOM_000740,AOM_000737,broader,derived-from-levels
AOM_001377,AOM_000737,broader,derived-from-levels
AOM_000738,AOM_000737,broader,derived-from-levels
AOM_001433,AOM_000737,broader,derived-from-levels
AOM_006339,AOM_000736,broader,derived-from-levels
AOM_004433,AOM_000736,broader,derived-from-levels
AOM_001091,AOM_000736,broader,derived-from-levels
AOM_003889,AOM_000736,broader,derived-from-levels
AOM_001578,AOM_001577,broader,derived-from-levels
AOM_001577,AOM_000736,broader,derived-from-levels
AOM_003577,AOM_000736,broader,derived-from-levels
AOM_000751,AOM_000736,broader,derived-from-levels
AOM_000748,AOM_000751,broader,derived-from-levels
AOM_000749,AOM_000751,broader,derived-from-levels
AOM_003747,AOM_000751,broader,derived-from-levels
AOM_003749,AOM_000751,broader,derived-from-levels
AOM_000750,AOM_000751,broader,derived-from-levels
AOM_006114,AOM_000750,broader,derived-from-levels
AOM_003994,AOM_000751,broader,derived-from-levels
AOM_006323,AOM_000752,broader,derived-from-levels
AOM_002001,AOM_003997,broader,derived-from-levels
AOM_006338,AOM_003996,broader,derived-from-levels
AOM_002002,AOM_001871,broader,derived-from-levels
AOM_000779,AOM_000736,broader,derived-from-levels
AOM_006331,AOM_000779,broader,derived-from-levels
AOM_001872,AOM_000779,broader,derived-from-levels
AOM_001367,AOM_000779,broader,derived-from-levels
AOM_001368,AOM_000779,broader,derived-from-levels
AOM_000754,AOM_000779,broader,derived-from-levels
AOM_001369,AOM_000779,broader,derived-from-levels
AOM_001370,AOM_000779,broader,derived-from-levels
AOM_006124,AOM_001370,broader,derived-from-levels
AOM_001371,AOM_000779,broader,derived-from-levels
AOM_001372,AOM_000779,broader,derived-from-levels
AOM_000755,AOM_000779,broader,derived-from-levels
AOM_001066,AOM_000779,broader,derived-from-levels
AOM_000756,AOM_000779,broader,derived-from-levels
AOM_001067,AOM_000756,broader,derived-from-levels
AOM_000757,AOM_000779,broader,derived-from-levels
AOM_001746,AOM_000757,broader,derived-from-levels
AOM_002074,AOM_000757,broader,derived-from-levels
AOM_000758,AOM_000779,broader,derived-from-levels
AOM_000759,AOM_000779,broader,derived-from-levels
AOM_001506,AOM_000779,broader,derived-from-levels
AOM_003760,AOM_000760,broader,derived-from-levels
AOM_000760,AOM_000779,broader,derived-from-levels
AOM_001378,AOM_000779,broader,derived-from-levels
AOM_006125,AOM_000779,broader,derived-from-levels
AOM_000763,AOM_000779,broader,derived-from-levels
AOM_000764,AOM_000779,broader,derived-from-levels
AOM_000765,AOM_000764,broader,derived-from-levels
AOM_000766,AOM_000779,broader,derived-from-levels
AOM_001773,AOM_001415,broader,derived-from-levels
AOM_001415,AOM_000779,broader,derived-from-levels
AOM_000768,AOM_000779,broader,derived-from-levels
AOM_000770,AOM_000779,broader,derived-from-levels
AOM_001427,AOM_000779,broader,derived-from-levels
AOM_001509,AOM_000779,broader,derived-from-levels
AOM_000774,AOM_000779,broader,derived-from-levels
AOM_001487,AOM_000779,broader,derived-from-levels
AOM_000776,AOM_000779,broader,derived-from-levels
AOM_000777,AOM_000779,broader,derived-from-levels
AOM_000778,AOM_000779,broader,derived-from-levels
AOM_001417,AOM_000779,broader,derived-from-levels
AOM_001418,AOM_000779,broader,derived-from-levels
AOM_000795,AOM_000736,broader,derived-from-levels
AOM_001428,AOM_000795,broader,derived-from-levels
AOM_001431,AOM_000795,broader,derived-from-levels
AOM_000794,AOM_000795,broader,derived-from-levels
AOM_006334,AOM_000736,broader,derived-from-levels
AOM_001572,AOM_001571,broader,derived-from-levels
AOM_001571,AOM_000736,broader,derived-from-levels
AOM_001068,AOM_000736,broader,derived-from-levels
AOM_001069,AOM_001068,broader,derived-from-levels
AOM_001749,AOM_000736,broader,derived-from-levels
AOM_000793,AOM_000736,broader,derived-from-levels
AOM_000787,AOM_000793,broader,derived-from-levels
AOM_001375,AOM_000793,broader,derived-from-levels
AOM_001376,AOM_000793,broader,derived-from-levels
AOM_001505,AOM_000793,broader,derived-from-levels
AOM_001839,AOM_000793,broader,derived-from-levels
AOM_000788,AOM_000793,broader,derived-from-levels
AOM_000789,AOM_000793,broader,derived-from-levels
AOM_001834,AOM_000793,broader,derived-from-levels
AOM_000790,AOM_000793,broader,derived-from-levels
AOM_000791,AOM_000793,broader,derived-from-levels
AOM_001062,AOM_000328,broader,derived-from-levels
AOM_000300,AOM_001062,broader,derived-from-levels
AOM_004006,AOM_000300,broader,derived-from-levels
AOM_000287,AOM_000300,broader,derived-from-levels
AOM_004007,AOM_000300,broader,derived-from-levels
AOM_004008,AOM_000300,broader,derived-from-levels
AOM_004009,AOM_000300,broader,derived-from-levels
AOM_000289,AOM_000300,broader,derived-from-levels
AOM_000290,AOM_000300,broader,derived-from-levels
AOM_001063,AOM_000300,broader,derived-from-levels
AOM_000292,AOM_001063,broader,derived-from-levels
AOM_004010,AOM_001063,broader,derived-from-levels
AOM_000291,AOM_001063,broader,derived-from-levels
AOM_000294,AOM_001063,broader,derived-from-levels
AOM_000299,AOM_001063,broader,derived-from-levels
AOM_001064,AOM_000300,broader,derived-from-levels
AOM_000288,AOM_001064,broader,derived-from-levels
AOM_000295,AOM_001064,broader,derived-from-levels
AOM_000298,AOM_001064,broader,derived-from-levels
AOM_000296,AOM_000298,broader,derived-from-levels
AOM_000297,AOM_000298,broader,derived-from-levels
AOM_001065,AOM_001062,broader,derived-from-levels
AOM_000285,AOM_001065,broader,derived-from-levels
AOM_000302,AOM_001062,broader,derived-from-levels
AOM_000301,AOM_001062,broader,derived-from-levels
AOM_002557,AOM_001062,broader,derived-from-levels
AOM_000303,AOM_001062,broader,derived-from-levels
AOM_000304,AOM_001062,broader,derived-from-levels
AOM_000305,AOM_001062,broader,derived-from-levels
AOM_000306,AOM_001062,broader,derived-from-levels
AOM_000307,AOM_001062,broader,derived-from-levels
AOM_000308,AOM_001062,broader,derived-from-levels
AOM_000309,AOM_001062,broader,derived-from-levels
AOM_000318,AOM_001062,broader,derived-from-levels
AOM_000310,AOM_001062,broader,derived-from-levels
AOM_000311,AOM_001062,broader,derived-from-levels
AOM_000312,AOM_001062,broader,derived-from-levels
AOM_000313,AOM_001062,broader,derived-from-levels
AOM_000314,AOM_001062,broader,derived-from-levels
AOM_000315,AOM_001062,broader,derived-from-levels
AOM_000319,AOM_001062,broader,derived-from-levels
AOM_002556,AOM_001062,broader,derived-from-levels
AOM_000316,AOM_001062,broader,derived-from-levels
AOM_000317,AOM_001062,broader,derived-from-levels
AOM_000320,AOM_001062,broader,derived-from-levels
AOM_000321,AOM_000328,broader,derived-from-levels
AOM_000326,AOM_000328,broader,derived-from-levels
AOM_000322,AOM_000326,broader,derived-from-levels
AOM_000323,AOM_000326,broader,derived-from-levels
AOM_000324,AOM_000326,broader,derived-from-levels
AOM_000325,AOM_000326,broader,derived-from-levels
AOM_000327,AOM_000328,broader,derived-from-levels
AOM_000845,AOM_000328,broader,derived-from-levels
AOM_006824,AOM_000820,broader,derived-from-levels
AOM_000824,AOM_000820,broader,derived-from-levels
AOM_000821,AOM_006824,broader,derived-from-levels
AOM_000822,AOM_006824,broader,derived-from-levels
AOM_000825,AOM_000820,broader,derived-from-levels
AOM_000823,AOM_000820,broader,derived-from-levels
AOM_000831,AOM_000830,broader,derived-from-levels
AOM_000817,AOM_000819,broader,derived-from-levels
AOM_100848,AOM_000819,broader,derived-from-levels
AOM_000842,AOM_000845,broader,derived-from-levels
AOM_000843,AOM_000842,broader,derived-from-levels
AOM_001510,AOM_000842,broader,derived-from-levels
AOM_000844,AOM_000842,broader,derived-from-levels
AOM_000837,AOM_000845,broader,derived-from-levels
AOM_000834,AOM_000837,broader,derived-from-levels
AOM_000835,AOM_000837,broader,derived-from-levels
AOM_003097,AOM_000837,broader,derived-from-levels
AOM_000841,AOM_000837,broader,derived-from-levels
AOM_000836,AOM_000837,broader,derived-from-levels
AOM_000839,AOM_000836,broader,derived-from-levels
AOM_000838,AOM_000837,broader,derived-from-levels
AOM_000840,AOM_000837,broader,derived-from-levels
AOM_000826,AOM_000845,broader,derived-from-levels
AOM_000827,AOM_000826,broader,derived-from-levels
AOM_000828,AOM_000827,broader,derived-from-levels
AOM_000829,AOM_000827,broader,derived-from-levels
AOM_000833,AOM_000826,broader,derived-from-levels
AOM_000832,AOM_000826,broader,derived-from-levels
AOM_000108,AOM_000107,broader,derived-from-levels
AOM_000109,AOM_000108,broader,derived-from-levels
AOM_000135,AOM_000109,broader,derived-from-levels
AOM_000140,AOM_000109,broader,derived-from-levels
AOM_000138,AOM_000109,broader,derived-from-levels
AOM_000139,AOM_000109,broader,derived-from-levels
AOM_000137,AOM_000109,broader,derived-from-levels
AOM_000143,AOM_000109,broader,derived-from-levels
AOM_000145,AOM_000143,broader,derived-from-levels
AOM_000146,AOM_000145,broader,derived-from-levels
AOM_000147,AOM_000145,broader,derived-from-levels
AOM_000149,AOM_000143,broader,derived-from-levels
AOM_000144,AOM_000143,broader,derived-from-levels
AOM_000150,AOM_000143,broader,derived-from-levels
AOM_000148,AOM_000143,broader,derived-from-levels
AOM_000112,AOM_000109,broader,derived-from-levels
AOM_000110,AOM_000109,broader,derived-from-levels
AOM_000111,AOM_000109,broader,derived-from-levels
AOM_000113,AOM_000109,broader,derived-from-levels
AOM_000136,AOM_000109,broader,derived-from-levels
AOM_000114,AOM_000109,broader,derived-from-levels
AOM_000116,AOM_000114,broader,derived-from-levels
AOM_000115,AOM_000114,broader,derived-from-levels
AOM_000118,AOM_000109,broader,derived-from-levels
AOM_000119,AOM_000109,broader,derived-from-levels
AOM_000120,AOM_000109,broader,derived-from-levels
AOM_000124,AOM_000120,broader,derived-from-levels
AOM_000125,AOM_000120,broader,derived-from-levels
AOM_000127,AOM_000125,broader,derived-from-levels
AOM_000129,AOM_000125,broader,derived-from-levels
AOM_000128,AOM_000125,broader,derived-from-levels
AOM_000126,AOM_000125,broader,derived-from-levels
AOM_000132,AOM_000120,broader,derived-from-levels
AOM_000123,AOM_000120,broader,derived-from-levels
AOM_000122,AOM_000120,broader,derived-from-levels
AOM_000133,AOM_000120,broader,derived-from-levels
AOM_000131,AOM_000120,broader,derived-from-levels
AOM_000130,AOM_000120,broader,derived-from-levels
AOM_000134,AOM_000120,broader,derived-from-levels
AOM_000121,AOM_000120,broader,derived-from-levels
AOM_000117,AOM_000109,broader,derived-from-levels
AOM_000151,AOM_000107,broader,derived-from-levels
AOM_000177,AOM_000173,broader,derived-from-levels
AOM_000176,AOM_000173,broader,derived-from-levels
AOM_000174,AOM_000173,broader,derived-from-levels
AOM_000175,AOM_000173,broader,derived-from-levels
AOM_000152,AOM_000151,broader,derived-from-levels
AOM_000155,AOM_000152,broader,derived-from-levels
AOM_000154,AOM_000152,broader,derived-from-levels
AOM_000156,AOM_000154,broader,derived-from-levels
AOM_000153,AOM_000152,broader,derived-from-levels
AOM_000939,AOM_000938,broader,derived-from-levels
AOM_000157,AOM_000107,broader,derived-from-levels
AOM_000158,AOM_000157,broader,derived-from-levels
AOM_000159,AOM_000157,broader,derived-from-levels
AOM_000160,AOM_000157,broader,derived-from-levels
AOM_000161,AOM_000157,broader,derived-from-levels
AOM_000163,AOM_000168,broader,derived-from-levels
AOM_000166,AOM_000164,broader,derived-from-levels
AOM_000167,AOM_000164,broader,derived-from-levels
AOM_000165,AOM_000164,broader,derived-from-levels
AOM_000329,AOM_000107,broader,derived-from-levels
AOM_000346,AOM_000329,broader,derived-from-levels
AOM_000347,AOM_000346,broader,derived-from-levels
AOM_000348,AOM_000346,broader,derived-from-levels
AOM_000350,AOM_000346,broader,derived-from-levels
AOM_000351,AOM_000350,broader,derived-from-levels
AOM_000352,AOM_000350,broader,derived-from-levels
AOM_000353,AOM_000350,broader,derived-from-levels
AOM_000354,AOM_000350,broader,derived-from-levels
AOM_000349,AOM_000346,broader,derived-from-levels
AOM_000330,AOM_000329,broader,derived-from-levels
AOM_000331,AOM_000330,broader,derived-from-levels
AOM_000336,AOM_000331,broader,derived-from-levels
AOM_000333,AOM_000331,broader,derived-from-levels
AOM_000334,AOM_000333,broader,derived-from-levels
AOM_000335,AOM_000333,broader,derived-from-levels
AOM_000338,AOM_000331,broader,derived-from-levels
AOM_000339,AOM_000338,broader,derived-from-levels
AOM_000340,AOM_000338,broader,derived-from-levels
AOM_000341,AOM_000338,broader,derived-from-levels
AOM_000342,AOM_000338,broader,derived-from-levels
AOM_000343,AOM_000331,broader,derived-from-levels
AOM_000345,AOM_000343,broader,derived-from-levels
AOM_000344,AOM_000343,broader,derived-from-levels
AOM_000355,AOM_000329,broader,derived-from-levels
AOM_000956,AOM_000955,broader,derived-from-levels
AOM_000957,AOM_000956,broader,derived-from-levels
AOM_000958,AOM_000957,broader,derived-from-levels
AOM_002510,AOM_000958,broader,derived-from-levels
AOM_000959,AOM_000957,broader,derived-from-levels
AOM_002511,AOM_000959,broader,derived-from-levels
AOM_000960,AOM_000956,broader,derived-from-levels
AOM_000961,AOM_000955,broader,derived-from-levels
AOM_000976,AOM_000961,broader,derived-from-levels
AOM_000980,AOM_000976,broader,derived-from-levels
AOM_000981,AOM_000980,broader,derived-from-levels
AOM_000982,AOM_000980,broader,derived-from-levels
AOM_000977,AOM_000976,broader,derived-from-levels
AOM_000978,AOM_000977,broader,derived-from-levels
AOM_000979,AOM_000977,broader,derived-from-levels
AOM_002500,AOM_000976,broader,derived-from-levels
AOM_003060,AOM_000976,broader,derived-from-levels
AOM_000963,AOM_000961,broader,derived-from-levels
AOM_000966,AOM_000963,broader,derived-from-levels
AOM_000975,AOM_000963,broader,derived-from-levels
AOM_000973,AOM_000975,broader,derived-from-levels
AOM_000970,AOM_000975,broader,derived-from-levels
AOM_000962,AOM_000961,broader,derived-from-levels
AOM_000965,AOM_000962,broader,derived-from-levels
AOM_000974,AOM_000962,broader,derived-from-levels
AOM_000972,AOM_000974,broader,derived-from-levels
AOM_000969,AOM_000974,broader,derived-from-levels
AOM_000964,AOM_000961,broader,derived-from-levels
AOM_000967,AOM_000961,broader,derived-from-levels
AOM_000971,AOM_000967,broader,derived-from-levels
AOM_000968,AOM_000967,broader,derived-from-levels
AOM_001044,AOM_001039,broader,derived-from-levels
AOM_001045,AOM_001044,broader,derived-from-levels
AOM_001046,AOM_001045,broader,derived-from-levels
AOM_001047,AOM_001044,broader,derived-from-levels
AOM_002509,AOM_001039,broader,derived-from-levels
AOM_002508,AOM_001039,broader,derived-from-levels
AOM_001043,AOM_001042,broader,derived-from-levels
AOM_001059,AOM_001048,broader,derived-from-levels
AOM_001061,AOM_001059,broader,derived-from-levels
AOM_001060,AOM_001059,broader,derived-from-levels
AOM_001056,AOM_001050,broader,derived-from-levels
AOM_001053,AOM_001050,broader,derived-from-levels
AOM_001057,AOM_001051,broader,derived-from-levels
AOM_001054,AOM_001051,broader,derived-from-levels
AOM_001058,AOM_001052,broader,derived-from-levels
AOM_001055,AOM_001052,broader,derived-from-levels
AOM_001001,AOM_001000,broader,derived-from-levels
AOM_001002,AOM_001001,broader,derived-from-levels
AOM_001003,AOM_001002,broader,derived-from-levels
AOM_001004,AOM_001002,broader,derived-from-levels
AOM_001005,AOM_001001,broader,derived-from-levels
AOM_001006,AOM_001000,broader,derived-from-levels
AOM_001007,AOM_001006,broader,derived-from-levels
AOM_001008,AOM_001007,broader,derived-from-levels
AOM_001009,AOM_001007,broader,derived-from-levels
AOM_001011,AOM_001009,broader,derived-from-levels
AOM_001010,AOM_001009,broader,derived-from-levels
AOM_001012,AOM_001006,broader,derived-from-levels
AOM_001013,AOM_001012,broader,derived-from-levels
AOM_001014,AOM_001012,broader,derived-from-levels
AOM_001016,AOM_001014,broader,derived-from-levels
AOM_001015,AOM_001014,broader,derived-from-levels
AOM_001018,AOM_001017,broader,derived-from-levels
AOM_001019,AOM_001018,broader,derived-from-levels
AOM_001020,AOM_001019,broader,derived-from-levels
AOM_001021,AOM_001019,broader,derived-from-levels
AOM_001022,AOM_001018,broader,derived-from-levels
AOM_001023,AOM_001022,broader,derived-from-levels
AOM_001024,AOM_001017,broader,derived-from-levels
AOM_001026,AOM_001024,broader,derived-from-levels
AOM_001035,AOM_001026,broader,derived-from-levels
AOM_001030,AOM_001026,broader,derived-from-levels
AOM_001032,AOM_001030,broader,derived-from-levels
AOM_001025,AOM_001024,broader,derived-from-levels
AOM_001034,AOM_001025,broader,derived-from-levels
AOM_001029,AOM_001025,broader,derived-from-levels
AOM_001031,AOM_001029,broader,derived-from-levels
AOM_001036,AOM_001024,broader,derived-from-levels
AOM_001037,AOM_001036,broader,derived-from-levels
AOM_001038,AOM_001036,broader,derived-from-levels
AOM_001033,AOM_001024,broader,derived-from-levels
AOM_001027,AOM_001024,broader,derived-from-levels
AOM_001028,AOM_001027,broader,derived-from-levels
AOM_000984,AOM_000983,broader,derived-from-levels
AOM_000985,AOM_000984,broader,derived-from-levels
AOM_000986,AOM_000985,broader,derived-from-levels
AOM_000987,AOM_000985,broader,derived-from-levels
AOM_000988,AOM_000984,broader,derived-from-levels
AOM_000989,AOM_000983,broader,derived-from-levels
AOM_000990,AOM_000989,broader,derived-from-levels
AOM_000991,AOM_000990,broader,derived-from-levels
AOM_000992,AOM_000990,broader,derived-from-levels
AOM_000994,AOM_000992,broader,derived-from-levels
AOM_000993,AOM_000992,broader,derived-from-levels
AOM_000995,AOM_000989,broader,derived-from-levels
AOM_000996,AOM_000995,broader,derived-from-levels
AOM_000997,AOM_000995,broader,derived-from-levels
AOM_000999,AOM_000997,broader,derived-from-levels
AOM_000998,AOM_000997,broader,derived-from-levels
AOM_003006,AOM_003003,broader,derived-from-levels
AOM_003008,AOM_003003,broader,derived-from-levels
AOM_003009,AOM_003008,broader,derived-from-levels
AOM_003007,AOM_003003,broader,derived-from-levels
AOM_003005,AOM_003003,broader,derived-from-levels
AOM_003010,AOM_003003,broader,derived-from-levels
AOM_003016,AOM_003011,broader,derived-from-levels
AOM_003018,AOM_003011,broader,derived-from-levels
AOM_003019,AOM_003018,broader,derived-from-levels
AOM_003017,AOM_003011,broader,derived-from-levels
AOM_003012,AOM_003011,broader,derived-from-levels
AOM_003013,AOM_003011,broader,derived-from-levels
AOM_003014,AOM_003011,broader,derived-from-levels
AOM_003015,AOM_003011,broader,derived-from-levels
AOM_003020,AOM_003011,broader,derived-from-levels
AOM_000499,AOM_000358,broader,derived-from-levels
AOM_000512,AOM_000499,broader,derived-from-levels
AOM_001089,AOM_000512,broader,derived-from-levels
AOM_000514,AOM_001089,broader,derived-from-levels
AOM_000513,AOM_001089,broader,derived-from-levels
AOM_003107,AOM_000512,broader,derived-from-levels
AOM_001090,AOM_000512,broader,derived-from-levels
AOM_000516,AOM_001090,broader,derived-from-levels
AOM_000515,AOM_001090,broader,derived-from-levels
AOM_000501,AOM_000499,broader,derived-from-levels
AOM_000502,AOM_000501,broader,derived-from-levels
AOM_000503,AOM_000502,broader,derived-from-levels
AOM_000505,AOM_000503,broader,derived-from-levels
AOM_000504,AOM_000503,broader,derived-from-levels
AOM_000506,AOM_000502,broader,derived-from-levels
AOM_000508,AOM_000506,broader,derived-from-levels
AOM_000507,AOM_000506,broader,derived-from-levels
AOM_000510,AOM_000501,broader,derived-from-levels
AOM_000511,AOM_000499,broader,derived-from-levels
AOM_000500,AOM_000499,broader,derived-from-levels
AOM_000475,AOM_000358,broader,derived-from-levels
AOM_000476,AOM_000475,broader,derived-from-levels
AOM_000478,AOM_000477,broader,derived-from-levels
AOM_000477,AOM_000476,broader,derived-from-levels
AOM_000479,AOM_000475,broader,derived-from-levels
AOM_000480,AOM_000479,broader,derived-from-levels
AOM_000495,AOM_000480,broader,derived-from-levels
AOM_000493,AOM_000480,broader,derived-from-levels
AOM_000494,AOM_000480,broader,derived-from-levels
AOM_000481,AOM_000480,broader,derived-from-levels
AOM_000492,AOM_000480,broader,derived-from-levels
AOM_000482,AOM_000480,broader,derived-from-levels
AOM_000488,AOM_000480,broader,derived-from-levels
AOM_000491,AOM_000480,broader,derived-from-levels
AOM_000490,AOM_000480,broader,derived-from-levels
AOM_000486,AOM_000480,broader,derived-from-levels
AOM_000489,AOM_000480,broader,derived-from-levels
AOM_000484,AOM_000480,broader,derived-from-levels
AOM_000485,AOM_000480,broader,derived-from-levels
AOM_000483,AOM_000480,broader,derived-from-levels
AOM_000487,AOM_000480,broader,derived-from-levels
AOM_000359,AOM_000358,broader,derived-from-levels
AOM_000519,AOM_000358,broader,derived-from-levels
AOM_000526,AOM_000519,broader,derived-from-levels
AOM_000529,AOM_000526,broader,derived-from-levels
AOM_000530,AOM_000526,broader,derived-from-levels
AOM_000527,AOM_000526,broader,derived-from-levels
AOM_000528,AOM_000526,broader,derived-from-levels
AOM_000520,AOM_000519,broader,derived-from-levels
AOM_000524,AOM_000520,broader,derived-from-levels
AOM_000521,AOM_000520,broader,derived-from-levels
AOM_000525,AOM_000520,broader,derived-from-levels
AOM_000522,AOM_000520,broader,derived-from-levels
AOM_000523,AOM_000520,broader,derived-from-levels
AOM_000360,AOM_000358,broader,derived-from-levels
AOM_001088,AOM_000360,broader,derived-from-levels
AOM_000498,AOM_001088,broader,derived-from-levels
AOM_000497,AOM_001088,broader,derived-from-levels
AOM_000397,AOM_000360,broader,derived-from-levels
AOM_000403,AOM_000397,broader,derived-from-levels
AOM_000408,AOM_000403,broader,derived-from-levels
AOM_000409,AOM_000408,broader,derived-from-levels
AOM_000412,AOM_000408,broader,derived-from-levels
AOM_000411,AOM_000408,broader,derived-from-levels
AOM_000410,AOM_000408,broader,derived-from-levels
AOM_000413,AOM_000408,broader,derived-from-levels
AOM_000404,AOM_000403,broader,derived-from-levels
AOM_000415,AOM_003090,broader,derived-from-levels
AOM_000425,AOM_000422,broader,derived-from-levels
AOM_000424,AOM_000422,broader,derived-from-levels
AOM_000429,AOM_000427,broader,derived-from-levels
AOM_000428,AOM_000427,broader,derived-from-levels
AOM_000419,AOM_000418,broader,derived-from-levels
AOM_000421,AOM_000418,broader,derived-from-levels
AOM_000416,AOM_000415,broader,derived-from-levels
AOM_000417,AOM_000415,broader,derived-from-levels
AOM_000420,AOM_003090,broader,derived-from-levels
AOM_000423,AOM_000422,broader,derived-from-levels
AOM_000439,AOM_003110,broader,derived-from-levels
AOM_000440,AOM_000439,broader,derived-from-levels
AOM_000443,AOM_000439,broader,derived-from-levels
AOM_000444,AOM_003110,broader,derived-from-levels
AOM_000446,AOM_003110,broader,derived-from-levels
AOM_000445,AOM_003110,broader,derived-from-levels
AOM_000447,AOM_003110,broader,derived-from-levels
AOM_000433,AOM_003110,broader,derived-from-levels
AOM_001072,AOM_003110,broader,derived-from-levels
AOM_000437,AOM_003110,broader,derived-from-levels
AOM_000438,AOM_003110,broader,derived-from-levels
AOM_001073,AOM_003110,broader,derived-from-levels
AOM_000436,AOM_003110,broader,derived-from-levels
AOM_003110,AOM_000403,broader,derived-from-levels
AOM_000464,AOM_000397,broader,derived-from-levels
AOM_003101,AOM_000464,broader,derived-from-levels
AOM_000465,AOM_000464,broader,derived-from-levels
AOM_000466,AOM_000464,broader,derived-from-levels
AOM_000467,AOM_000464,broader,derived-from-levels
AOM_000468,AOM_000464,broader,derived-from-levels
AOM_000469,AOM_000464,broader,derived-from-levels
AOM_000473,AOM_000464,broader,derived-from-levels
AOM_000474,AOM_000464,broader,derived-from-levels
AOM_000470,AOM_000464,broader,derived-from-levels
AOM_000471,AOM_000464,broader,derived-from-levels
AOM_000472,AOM_000464,broader,derived-from-levels
AOM_000398,AOM_000397,broader,derived-from-levels
AOM_000401,AOM_000398,broader,derived-from-levels
AOM_000399,AOM_000398,broader,derived-from-levels
AOM_000400,AOM_000398,broader,derived-from-levels
AOM_000402,AOM_000398,broader,derived-from-levels
AOM_001074,AOM_000397,broader,derived-from-levels
AOM_001076,AOM_001074,broader,derived-from-levels
AOM_001075,AOM_001074,broader,derived-from-levels
AOM_000395,AOM_000393,broader,derived-from-levels
AOM_000394,AOM_000393,broader,derived-from-levels
AOM_000361,AOM_000360,broader,derived-from-levels
AOM_000362,AOM_000361,broader,derived-from-levels
AOM_000366,AOM_000362,broader,derived-from-levels
AOM_003095,AOM_000366,broader,derived-from-levels
AOM_000383,AOM_000366,broader,derived-from-levels
AOM_000369,AOM_000366,broader,derived-from-levels
AOM_000370,AOM_000369,broader,derived-from-levels
AOM_000371,AOM_000369,broader,derived-from-levels
AOM_000372,AOM_000369,broader,derived-from-levels
AOM_000373,AOM_000369,broader,derived-from-levels
AOM_000374,AOM_000369,broader,derived-from-levels
AOM_000375,AOM_000369,broader,derived-from-levels
AOM_000376,AOM_000369,broader,derived-from-levels
AOM_000377,AOM_000369,broader,derived-from-levels
AOM_000378,AOM_000369,broader,derived-from-levels
AOM_000379,AOM_000369,broader,derived-from-levels
AOM_001070,AOM_000366,broader,derived-from-levels
AOM_000380,AOM_000366,broader,derived-from-levels
AOM_000385,AOM_000366,broader,derived-from-levels
AOM_000386,AOM_000366,broader,derived-from-levels
AOM_000388,AOM_000386,broader,derived-from-levels
AOM_000389,AOM_000388,broader,derived-from-levels
AOM_000390,AOM_000388,broader,derived-from-levels
AOM_000387,AOM_000386,broader,derived-from-levels
AOM_000391,AOM_000386,broader,derived-from-levels
AOM_000392,AOM_000386,broader,derived-from-levels
AOM_000368,AOM_000366,broader,derived-from-levels
AOM_000367,AOM_000366,broader,derived-from-levels
AOM_000384,AOM_000366,broader,derived-from-levels
AOM_000365,AOM_000362,broader,derived-from-levels
AOM_000363,AOM_000362,broader,derived-from-levels
AOM_000364,AOM_000363,broader,derived-from-levels
AOM_000002,AOM_000001,broader,derived-from-levels
AOM_000032,AOM_000002,broader,derived-from-levels
AOM_000034,AOM_000032,broader,derived-from-levels
AOM_000048,AOM_000034,broader,derived-from-levels
AOM_000050,AOM_000034,broader,derived-from-levels
AOM_000041,AOM_000034,broader,derived-from-levels
AOM_000052,AOM_000034,broader,derived-from-levels
AOM_000040,AOM_000034,broader,derived-from-levels
AOM_000051,AOM_000034,broader,derived-from-levels
AOM_000045,AOM_000034,broader,derived-from-levels
AOM_000044,AOM_000034,broader,derived-from-levels
AOM_000042,AOM_000034,broader,derived-from-levels
AOM_000047,AOM_000034,broader,derived-from-levels
AOM_000043,AOM_000034,broader,derived-from-levels
AOM_000046,AOM_000034,broader,derived-from-levels
AOM_000049,AOM_000034,broader,derived-from-levels
AOM_000035,AOM_000032,broader,derived-from-levels
AOM_000033,AOM_000035,broader,derived-from-levels
AOM_000053,AOM_000033,broader,derived-from-levels
AOM_000037,AOM_000035,broader,derived-from-levels
AOM_000039,AOM_000037,broader,derived-from-levels
AOM_000038,AOM_000037,broader,derived-from-levels
AOM_000054,AOM_000038,broader,derived-from-levels
AOM_000003,AOM_000002,broader,derived-from-levels
AOM_000004,AOM_000003,broader,derived-from-levels
AOM_000005,AOM_000004,broader,derived-from-levels
AOM_000009,AOM_000005,broader,derived-from-levels
AOM_000015,AOM_000005,broader,derived-from-levels
AOM_000014,AOM_000015,broader,derived-from-levels
AOM_000012,AOM_000015,broader,derived-from-levels
AOM_000013,AOM_000015,broader,derived-from-levels
AOM_000011,AOM_000004,broader,derived-from-levels
AOM_000010,AOM_000011,broader,derived-from-levels
AOM_000006,AOM_000004,broader,derived-from-levels
AOM_000016,AOM_000006,broader,derived-from-levels
AOM_000019,AOM_000006,broader,derived-from-levels
AOM_000008,AOM_000004,broader,derived-from-levels
AOM_000021,AOM_000008,broader,derived-from-levels
AOM_000020,AOM_000008,broader,derived-from-levels
AOM_000022,AOM_000008,broader,derived-from-levels
AOM_000007,AOM_000004,broader,derived-from-levels
AOM_000023,AOM_000007,broader,derived-from-levels
AOM_000018,AOM_000007,broader,derived-from-levels
AOM_000024,AOM_000003,broader,derived-from-levels
AOM_000025,AOM_000024,broader,derived-from-levels
AOM_003002,AOM_000025,broader,derived-from-levels
AOM_003001,AOM_000025,broader,derived-from-levels
AOM_003000,AOM_000025,broader,derived-from-levels
AOM_000026,AOM_000024,broader,derived-from-levels
AOM_000027,AOM_000024,broader,derived-from-levels
AOM_000029,AOM_000024,broader,derived-from-levels
AOM_000031,AOM_000024,broader,derived-from-levels
AOM_000030,AOM_000024,broader,derived-from-levels
AOM_000028,AOM_000024,broader,derived-from-levels
AOM_000055,AOM_000001,broader,derived-from-levels
AOM_000056,AOM_000055,broader,derived-from-levels
AOM_000062,AOM_000056,broader,derived-from-levels
AOM_000078,AOM_000062,broader,derived-from-levels
AOM_000058,AOM_000056,broader,derived-from-levels
AOM_001875,AOM_000104,broader,derived-from-levels
AOM_000104,AOM_000058,broader,derived-from-levels
AOM_000066,AOM_000058,broader,derived-from-levels
AOM_000064,AOM_000058,broader,derived-from-levels
AOM_000065,AOM_000058,broader,derived-from-levels
AOM_000067,AOM_000058,broader,derived-from-levels
AOM_000090,AOM_000058,broader,derived-from-levels
AOM_000068,AOM_000058,broader,derived-from-levels
AOM_000069,AOM_000058,broader,derived-from-levels
AOM_000089,AOM_000058,broader,derived-from-levels
AOM_000086,AOM_000058,broader,derived-from-levels
AOM_000091,AOM_000058,broader,derived-from-levels
AOM_000092,AOM_000058,broader,derived-from-levels
AOM_000085,AOM_000058,broader,derived-from-levels
AOM_000071,AOM_000058,broader,derived-from-levels
AOM_000063,AOM_000058,broader,derived-from-levels
AOM_000075,AOM_000058,broader,derived-from-levels
AOM_000082,AOM_000058,broader,derived-from-levels
AOM_000073,AOM_000058,broader,derived-from-levels
AOM_000080,AOM_000058,broader,derived-from-levels
AOM_000070,AOM_000058,broader,derived-from-levels
AOM_000081,AOM_000058,broader,derived-from-levels
AOM_000096,AOM_000058,broader,derived-from-levels
AOM_000079,AOM_000058,broader,derived-from-levels
AOM_000072,AOM_000058,broader,derived-from-levels
AOM_000059,AOM_000056,broader,derived-from-levels
AOM_000100,AOM_000059,broader,derived-from-levels
AOM_000087,AOM_000059,broader,derived-from-levels
AOM_000076,AOM_000059,broader,derived-from-levels
AOM_000098,AOM_000059,broader,derived-from-levels
AOM_000084,AOM_000059,broader,derived-from-levels
AOM_000097,AOM_000059,broader,derived-from-levels
AOM_000101,AOM_000059,broader,derived-from-levels
AOM_000105,AOM_000059,broader,derived-from-levels
AOM_000074,AOM_000059,broader,derived-from-levels
AOM_000077,AOM_000059,broader,derived-from-levels
AOM_000099,AOM_000059,broader,derived-from-levels
AOM_000083,AOM_000059,broader,derived-from-levels
AOM_000094,AOM_000059,broader,derived-from-levels
AOM_000093,AOM_000059,broader,derived-from-levels
AOM_000088,AOM_000059,broader,derived-from-levels
AOM_000095,AOM_000059,broader,derived-from-levels
AOM_000102,AOM_000059,broader,derived-from-levels
AOM_000103,AOM_000059,broader,derived-from-levels
AOM_000061,AOM_000056,broader,derived-from-levels
AOM_000057,AOM_000056,broader,derived-from-levels
AOM_000060,AOM_000056,broader,derived-from-levels
AOM_006072,AOM_001326,replaced_by,reviewed
AOM_001884,AOM_000564,replaced_by,reviewed
AOM_004000,AOM_003960,replaced_by,reviewed
AOM_001898,AOM_001459,replaced_by,reviewed
AOM_000338,AOM_000350,replaced_by,reviewed
AOM_000339,AOM_000351,replaced_by,reviewed
AOM_000340,AOM_000352,replaced_by,reviewed
AOM_000341,AOM_000353,replaced_by,reviewed
AOM_000342,AOM_000354,replaced_by,reviewed
AOM_000949,AOM_000935,replaced_by,reviewed
AOM_100849,AOM_000196,broader,reviewed
AOM_000227,AOM_100849,broader,reviewed
AOM_000234,AOM_100849,broader,reviewed
AOM_000236,AOM_100849,broader,reviewed
AOM_000250,AOM_100849,broader,reviewed
AOM_000251,AOM_100849,broader,reviewed
AOM_000253,AOM_100849,broader,reviewed
AOM_000254,AOM_100849,broader,reviewed
AOM_000264,AOM_100849,broader,reviewed
AOM_000265,AOM_100849,broader,reviewed
AOM_000266,AOM_100849,broader,reviewed
AOM_000284,AOM_100849,broader,reviewed
AOM_002210,AOM_100849,broader,reviewed
AOM_002299,AOM_100849,broader,reviewed
AOM_100850,AOM_000328,broader,reviewed
AOM_000531,AOM_100850,broader,reviewed
AOM_000532,AOM_100850,broader,reviewed
AOM_000533,AOM_100850,broader,reviewed
AOM_000534,AOM_100850,broader,reviewed
AOM_000535,AOM_100850,broader,reviewed
AOM_000559,AOM_100850,broader,reviewed
AOM_000561,AOM_100850,broader,reviewed
AOM_000735,AOM_100850,broader,reviewed
AOM_000736,AOM_100850,broader,reviewed
AOM_000781,AOM_100850,broader,reviewed
AOM_000807,AOM_100850,broader,reviewed
AOM_000809,AOM_100850,broader,reviewed
AOM_000811,AOM_100850,broader,reviewed
AOM_001491,AOM_100850,broader,reviewed
AOM_001916,AOM_100850,broader,reviewed
AOM_003076,AOM_100850,broader,reviewed
AOM_003100,AOM_100850,broader,reviewed
AOM_006389,AOM_100850,broader,reviewed
AOM_100851,AOM_000594,broader,reviewed
AOM_000569,AOM_100851,broader,reviewed
AOM_000571,AOM_100851,broader,reviewed
AOM_000572,AOM_100851,broader,reviewed
AOM_001292,AOM_100851,broader,reviewed
AOM_001294,AOM_100851,broader,reviewed
AOM_001297,AOM_100851,broader,reviewed
AOM_001298,AOM_100851,broader,reviewed
AOM_001299,AOM_100851,broader,reviewed
AOM_001434,AOM_100851,broader,reviewed
AOM_001614,AOM_100851,broader,reviewed
AOM_003297,AOM_100851,broader,reviewed
AOM_006001,AOM_100851,broader,reviewed
AOM_100852,AOM_000615,broader,reviewed
AOM_000610,AOM_100852,broader,reviewed
AOM_000611,AOM_100852,broader,reviewed
AOM_000612,AOM_100852,broader,reviewed
AOM_000614,AOM_100852,broader,reviewed
AOM_001271,AOM_100852,broader,reviewed
AOM_001272,AOM_100852,broader,reviewed
AOM_001361,AOM_100852,broader,reviewed
AOM_001891,AOM_100852,broader,reviewed
AOM_002020,AOM_100852,broader,reviewed
AOM_002021,AOM_100852,broader,reviewed
AOM_00205,AOM_100852,broader,reviewed
AOM_003930,AOM_100852,broader,reviewed
AOM_100853,AOM_000107,broader,reviewed
AOM_000936,AOM_100853,broader,reviewed
AOM_000944,AOM_100853,broader,reviewed
AOM_000945,AOM_100853,broader,reviewed
AOM_000946,AOM_100853,broader,reviewed
AOM_000947,AOM_100853,broader,reviewed
AOM_000948,AOM_100853,broader,reviewed
AOM_000949,AOM_100853,broader,reviewed
AOM_000950,AOM_100853,broader,reviewed
AOM_000951,AOM_100853,broader,reviewed
AOM_000954,AOM_100853,broader,reviewed
AOM_100854,AOM_003110,broader,reviewed
AOM_000459,AOM_100854,broader,reviewed
AOM_000460,AOM_100854,broader,reviewed
AOM_000461,AOM_100854,broader,reviewed
AOM_000462,AOM_100854,broader,reviewed
AOM_000463,AOM_100854,broader,reviewed
AOM_001077,AOM_100854,broader,reviewed
AOM_001078,AOM_100854,broader,reviewed
AOM_001079,AOM_100854,broader,reviewed
AOM_001080,AOM_100854,broader,reviewed
AOM_001081,AOM_100854,broader,reviewed
AOM_001082,AOM_100854,broader,reviewed
AOM_001083,AOM_100854,broader,reviewed
AOM_100855,AOM_000594,broader,reviewed
AOM_001675,AOM_100855,broader,reviewed
AOM_100856,AOM_000594,broader,reviewed
AOM_000584,AOM_100856,broader,reviewed
AOM_001178,AOM_100856,broader,reviewed
AOM_001806,AOM_100856,broader,reviewed
AOM_002013,AOM_100856,broader,reviewed
AOM_100857,AOM_000594,broader,reviewed
AOM_003567,AOM_100857,broader,reviewed
AOM_100858,AOM_000594,broader,reviewed
AOM_004005,AOM_100858,broader,reviewed
AOM_100859,AOM_000594,broader,reviewed
AOM_001290,AOM_100859,broader,reviewed
AOM_001291,AOM_100859,broader,reviewed
AOM_100860,AOM_000594,broader,reviewed
AOM_001618,AOM_100860,broader,reviewed
AOM_001835,AOM_100860,broader,reviewed
AOM_006143,AOM_100860,broader,reviewed
AOM_100861,AOM_000594,broader,reviewed
AOM_000575,AOM_100861,broader,reviewed
AOM_000576,AOM_100861,broader,reviewed
AOM_000577,AOM_100861,broader,reviewed
AOM_000578,AOM_100861,broader,reviewed
AOM_000579,AOM_100861,broader,reviewed
AOM_001280,AOM_100861,broader,reviewed
AOM_003854,AOM_100861,broader,reviewed
AOM_100862,AOM_000594,broader,reviewed
AOM_000580,AOM_100862,broader,reviewed
AOM_100863,AOM_000594,broader,reviewed
AOM_000581,AOM_100863,broader,reviewed
AOM_001276,AOM_100863,broader,reviewed
AOM_001772,AOM_100863,broader,reviewed
AOM_001813,AOM_100863,broader,reviewed
AOM_001892,AOM_100863,broader,reviewed
AOM_002339,AOM_100863,broader,reviewed
AOM_006316,AOM_100863,broader,reviewed
AOM_100864,AOM_000594,broader,reviewed
AOM_000585,AOM_100864,broader,reviewed
AOM_000587,AOM_100864,broader,reviewed
AOM_000589,AOM_100864,broader,reviewed
AOM_000591,AOM_100864,broader,reviewed
AOM_001887,AOM_100864,broader,reviewed
AOM_100865,AOM_000615,broader,reviewed
AOM_001181,AOM_100865,broader,reviewed
AOM_100866,AOM_000615,broader,reviewed
AOM_001179,AOM_100866,broader,reviewed
AOM_001180,AOM_100866,broader,reviewed
AOM_001258,AOM_100866,broader,reviewed
AOM_100867,AOM_000615,broader,reviewed
AOM_000601,AOM_100867,broader,reviewed
AOM_000602,AOM_100867,broader,reviewed
AOM_001189,AOM_100867,broader,reviewed
AOM_001263,AOM_100867,broader,reviewed
AOM_001646,AOM_100867,broader,reviewed
AOM_003927,AOM_100867,broader,reviewed
AOM_100868,AOM_000615,broader,reviewed
AOM_000603,AOM_100868,broader,reviewed
AOM_100869,AOM_000615,broader,reviewed
AOM_000604,AOM_100869,broader,reviewed
AOM_000605,AOM_100869,broader,reviewed
AOM_001254,AOM_100869,broader,reviewed
AOM_001890,AOM_100869,broader,reviewed
AOM_002249,AOM_100869,broader,reviewed
AOM_003858,AOM_100869,broader,reviewed
AOM_006169,AOM_100869,broader,reviewed
AOM_100870,AOM_000615,broader,reviewed
AOM_001366,AOM_100870,broader,reviewed
AOM_100871,AOM_000615,broader,reviewed
AOM_004111,AOM_100871,broader,reviewed
AOM_100872,AOM_000615,broader,reviewed
AOM_003929,AOM_100872,broader,reviewed
AOM_100873,AOM_000615,broader,reviewed
AOM_000608,AOM_100873,broader,reviewed
AOM_001285,AOM_100873,broader,reviewed
AOM_100874,AOM_000615,broader,reviewed
AOM_000609,AOM_100874,broader,reviewed
AOM_100875,AOM_001916,broader,reviewed
AOM_003894,AOM_100875,broader,reviewed
AOM_100876,AOM_001916,broader,reviewed
AOM_000617,AOM_100876,broader,reviewed
AOM_001183,AOM_100876,broader,reviewed
AOM_100877,AOM_001916,broader,reviewed
AOM_001186,AOM_100877,broader,reviewed
AOM_003546,AOM_100877,broader,reviewed
AOM_100878,AOM_001916,broader,reviewed
AOM_003646,AOM_100878,broader,reviewed
AOM_100879,AOM_001916,broader,reviewed
AOM_000595,AOM_100879,broader,reviewed
AOM_001176,AOM_100879,broader,reviewed
AOM_001177,AOM_100879,broader,reviewed
AOM_100880,AOM_001916,broader,reviewed
AOM_003885,AOM_100880,broader,reviewed
AOM_100881,AOM_001916,broader,reviewed
AOM_000596,AOM_100881,broader,reviewed
AOM_001815,AOM_100881,broader,reviewed
AOM_002348,AOM_100881,broader,reviewed
AOM_006086,AOM_100881,broader,reviewed
AOM_100882,AOM_001916,broader,reviewed
AOM_003596,AOM_100882,broader,reviewed
AOM_100883,AOM_001916,broader,reviewed
AOM_006171,AOM_100883,broader,reviewed
AOM_006172,AOM_100883,broader,reviewed
AOM_100884,AOM_001916,broader,reviewed
AOM_001195,AOM_100884,broader,reviewed
AOM_001196,AOM_100884,broader,reviewed
AOM_100885,AOM_001916,broader,reviewed
AOM_006346,AOM_100885,broader,reviewed
AOM_100886,AOM_001916,broader,reviewed
AOM_002233,AOM_100886,broader,reviewed
AOM_100887,AOM_001916,broader,reviewed
AOM_001745,AOM_100887,broader,reviewed
AOM_001889,AOM_100887,broader,reviewed
AOM_003891,AOM_100887,broader,reviewed
AOM_100888,AOM_001916,broader,reviewed
AOM_001286,AOM_100888,broader,reviewed
AOM_100889,AOM_001916,broader,reviewed
AOM_001283,AOM_100889,broader,reviewed
AOM_100890,AOM_001916,broader,reviewed
AOM_000600,AOM_100890,broader,reviewed
AOM_003933,AOM_100890,broader,reviewed
AOM_100891,AOM_000628,broader,reviewed
AOM_003892,AOM_100891,broader,reviewed
AOM_100892,AOM_000628,broader,reviewed
AOM_000616,AOM_100892,broader,reviewed
AOM_001307,AOM_100892,broader,reviewed
AOM_100893,AOM_000628,broader,reviewed
AOM_002225,AOM_100893,broader,reviewed
AOM_100894,AOM_000628,broader,reviewed
AOM_001306,AOM_100894,broader,reviewed
AOM_002102,AOM_100894,broader,reviewed
AOM_100895,AOM_000628,broader,reviewed
AOM_003973,AOM_100895,broader,reviewed
AOM_100896,AOM_000628,broader,reviewed
AOM_001893,AOM_100896,broader,reviewed
AOM_100897,AOM_000628,broader,reviewed
AOM_003897,AOM_100897,broader,reviewed
AOM_006380,AOM_100897,broader,reviewed
AOM_100898,AOM_000628,broader,reviewed
AOM_001301,AOM_100898,broader,reviewed
AOM_002136,AOM_100898,broader,reviewed
AOM_006408,AOM_100898,broader,reviewed
AOM_100899,AOM_000628,broader,reviewed
AOM_001303,AOM_100899,broader,reviewed
AOM_100900,AOM_000628,broader,reviewed
AOM_001192,AOM_100900,broader,reviewed
AOM_100901,AOM_000628,broader,reviewed
AOM_000625,AOM_100901,broader,reviewed
AOM_001638,AOM_100901,broader,reviewed
AOM_001708,AOM_100901,broader,reviewed
AOM_002104,AOM_100901,broader,reviewed
AOM_002105,AOM_100901,broader,reviewed
AOM_006151,AOM_100901,broader,reviewed
AOM_006411,AOM_100901,broader,reviewed
AOM_100902,AOM_000628,broader,reviewed
AOM_001335,AOM_100902,broader,reviewed
AOM_001440,AOM_100902,broader,reviewed
AOM_001776,AOM_100902,broader,reviewed
AOM_003928,AOM_100902,broader,reviewed
AOM_100903,AOM_000628,broader,reviewed
AOM_001278,AOM_100903,broader,reviewed
AOM_001645,AOM_100903,broader,reviewed
AOM_100904,AOM_000628,broader,reviewed
AOM_001337,AOM_100904,broader,reviewed
AOM_100905,AOM_000628,broader,reviewed
AOM_002092,AOM_100905,broader,reviewed
AOM_100906,AOM_001916,broader,reviewed
AOM_000632,AOM_100906,broader,reviewed
AOM_100907,AOM_000615,broader,reviewed
AOM_003918,AOM_100907,broader,reviewed
AOM_006320,AOM_100907,broader,reviewed
AOM_100908,AOM_000641,broader,reviewed
AOM_001836,AOM_100908,broader,reviewed
AOM_100909,AOM_000641,broader,reviewed
AOM_001439,AOM_100909,broader,reviewed
AOM_100910,AOM_000641,broader,reviewed
AOM_000634,AOM_100910,broader,reviewed
AOM_000635,AOM_100910,broader,reviewed
AOM_000638,AOM_100910,broader,reviewed
AOM_001251,AOM_100910,broader,reviewed
AOM_002112,AOM_100910,broader,reviewed
AOM_003911,AOM_100910,broader,reviewed
AOM_003917,AOM_100910,broader,reviewed
AOM_003972,AOM_100910,broader,reviewed
AOM_003978,AOM_100910,broader,reviewed
AOM_100911,AOM_000641,broader,reviewed
AOM_001281,AOM_100911,broader,reviewed
AOM_001777,AOM_100911,broader,reviewed
AOM_100912,AOM_000641,broader,reviewed
AOM_001267,AOM_100912,broader,reviewed
AOM_002101,AOM_100912,broader,reviewed
AOM_100913,AOM_000641,broader,reviewed
AOM_001266,AOM_100913,broader,reviewed
AOM_003266,AOM_100913,broader,reviewed
AOM_100914,AOM_000641,broader,reviewed
AOM_000640,AOM_100914,broader,reviewed
AOM_100915,AOM_000644,broader,reviewed
AOM_001482,AOM_100915,broader,reviewed
AOM_001483,AOM_100915,broader,reviewed
AOM_003482,AOM_100915,broader,reviewed
AOM_003492,AOM_100915,broader,reviewed
AOM_100916,AOM_000644,broader,reviewed
AOM_000642,AOM_100916,broader,reviewed
AOM_002166,AOM_100916,broader,reviewed
AOM_002344,AOM_100916,broader,reviewed
AOM_100917,AOM_001916,broader,reviewed
AOM_001300,AOM_100917,broader,reviewed
AOM_100918,AOM_001916,broader,reviewed
AOM_001842,AOM_100918,broader,reviewed
AOM_100919,AOM_001916,broader,reviewed
AOM_002167,AOM_100919,broader,reviewed
AOM_100920,AOM_001916,broader,reviewed
AOM_001436,AOM_100920,broader,reviewed
AOM_001956,AOM_100920,broader,reviewed
AOM_100921,AOM_100850,broader,reviewed
AOM_000662,AOM_100921,broader,reviewed
AOM_000665,AOM_100921,broader,reviewed
AOM_000667,AOM_100921,broader,reviewed
AOM_000677,AOM_100921,broader,reviewed
AOM_000681,AOM_100921,broader,reviewed
AOM_100922,AOM_100921,broader,reviewed
AOM_003323,AOM_100922,broader,reviewed
AOM_100923,AOM_100921,broader,reviewed
AOM_001354,AOM_100923,broader,reviewed
AOM_001780,AOM_100923,broader,reviewed
AOM_100924,AOM_100921,broader,reviewed
AOM_001360,AOM_100924,broader,reviewed
AOM_001850,AOM_100924,broader,reviewed
AOM_003066,AOM_100924,broader,reviewed
AOM_003070,AOM_100924,broader,reviewed
AOM_100925,AOM_100922,broader,reviewed
AOM_002106,AOM_100925,broader,reviewed
AOM_002107,AOM_100925,broader,reviewed
AOM_100926,AOM_100922,broader,reviewed
AOM_001323,AOM_100926,broader,reviewed
AOM_100927,AOM_000662,broader,reviewed
AOM_000655,AOM_100927,broader,reviewed
AOM_000656,AOM_100927,broader,reviewed
AOM_100928,AOM_000665,broader,reviewed
AOM_001259,AOM_100928,broader,reviewed
AOM_100929,AOM_000665,broader,reviewed
AOM_002137,AOM_100929,broader,reviewed
AOM_100930,AOM_000667,broader,reviewed
AOM_001117,AOM_100930,broader,reviewed
AOM_001351,AOM_100930,broader,reviewed
AOM_001896,AOM_100930,broader,reviewed
AOM_100931,AOM_000667,broader,reviewed
AOM_001320,AOM_100931,broader,reviewed
AOM_100932,AOM_000667,broader,reviewed
AOM_001752,AOM_100932,broader,reviewed
AOM_100933,AOM_000677,broader,reviewed
AOM_003700,AOM_100933,broader,reviewed
AOM_100934,AOM_000677,broader,reviewed
AOM_000671,AOM_100934,broader,reviewed
AOM_000672,AOM_100934,broader,reviewed
AOM_001837,AOM_100934,broader,reviewed
AOM_100935,AOM_000677,broader,reviewed
AOM_001321,AOM_100935,broader,reviewed
AOM_002209,AOM_100935,broader,reviewed
AOM_100936,AOM_000681,broader,reviewed
AOM_000678,AOM_100936,broader,reviewed
AOM_000679,AOM_100936,broader,reviewed
AOM_001322,AOM_100936,broader,reviewed
AOM_100937,AOM_000681,broader,reviewed
AOM_001819,AOM_100937,broader,reviewed
AOM_100938,AOM_000681,broader,reviewed
AOM_001820,AOM_100938,broader,reviewed
AOM_100939,AOM_001916,broader,reviewed
AOM_002215,AOM_100939,broader,reviewed
AOM_006158,AOM_100939,broader,reviewed
AOM_100940,AOM_100923,broader,reviewed
AOM_001357,AOM_100940,broader,reviewed
AOM_001358,AOM_100940,broader,reviewed
AOM_100941,AOM_100923,broader,reviewed
AOM_001344,AOM_100941,broader,reviewed
AOM_001345,AOM_100941,broader,reviewed
AOM_003887,AOM_100941,broader,reviewed
AOM_100942,AOM_100924,broader,reviewed
AOM_001256,AOM_100942,broader,reviewed
AOM_100943,AOM_100924,broader,reviewed
AOM_006200,AOM_100943,broader,reviewed
AOM_100944,AOM_100924,broader,reviewed
AOM_001359,AOM_100944,broader,reviewed
AOM_003359,AOM_100944,broader,reviewed
AOM_100945,AOM_000701,broader,reviewed
AOM_001898,AOM_100945,broader,reviewed
AOM_100946,AOM_000701,broader,reviewed
AOM_001386,AOM_100946,broader,reviewed
AOM_100947,AOM_000718,broader,reviewed
AOM_003703,AOM_100947,broader,reviewed
AOM_100948,AOM_000718,broader,reviewed
AOM_003558,AOM_100948,broader,reviewed
AOM_100949,AOM_000718,broader,reviewed
AOM_003913,AOM_100949,broader,reviewed
AOM_100950,AOM_000718,broader,reviewed
AOM_006063,AOM_100950,broader,reviewed
AOM_100951,AOM_000718,broader,reviewed
AOM_002067,AOM_100951,broader,reviewed
AOM_100952,AOM_000718,broader,reviewed
AOM_003919,AOM_100952,broader,reviewed
AOM_100953,AOM_000718,broader,reviewed
AOM_006104,AOM_100953,broader,reviewed
AOM_100954,AOM_000718,broader,reviewed
AOM_001968,AOM_100954,broader,reviewed
AOM_100955,AOM_000718,broader,reviewed
AOM_002090,AOM_100955,broader,reviewed
AOM_100956,AOM_000718,broader,reviewed
AOM_006118,AOM_100956,broader,reviewed
AOM_100957,AOM_000718,broader,reviewed
AOM_001154,AOM_100957,broader,reviewed
AOM_001156,AOM_100957,broader,reviewed
AOM_003954,AOM_100957,broader,reviewed
AOM_100958,AOM_100957,broader,reviewed
AOM_001970,AOM_100958,broader,reviewed
AOM_002055,AOM_100958,broader,reviewed
AOM_002130,AOM_100958,broader,reviewed
AOM_002133,AOM_100958,broader,reviewed
AOM_100959,AOM_000718,broader,reviewed
AOM_001919,AOM_100959,broader,reviewed
AOM_100960,AOM_000718,broader,reviewed
AOM_002236,AOM_100960,broader,reviewed
AOM_100961,AOM_000718,broader,reviewed
AOM_003989,AOM_100961,broader,reviewed
AOM_100962,AOM_000718,broader,reviewed
AOM_000730,AOM_100962,broader,reviewed
AOM_100963,AOM_000718,broader,reviewed
AOM_003915,AOM_100963,broader,reviewed
AOM_100964,AOM_000718,broader,reviewed
AOM_002087,AOM_100964,broader,reviewed
AOM_100965,AOM_000718,broader,reviewed
AOM_001918,AOM_100965,broader,reviewed
AOM_100966,AOM_000718,broader,reviewed
AOM_003926,AOM_100966,broader,reviewed
AOM_006184,AOM_100966,broader,reviewed
AOM_100967,AOM_000718,broader,reviewed
AOM_003981,AOM_100967,broader,reviewed
AOM_100968,AOM_001227,broader,reviewed
AOM_003697,AOM_100968,broader,reviewed
AOM_006232,AOM_100968,broader,reviewed
AOM_006233,AOM_100968,broader,reviewed
AOM_006400,AOM_100968,broader,reviewed
AOM_100969,AOM_000726,broader,reviewed
AOM_006344,AOM_100969,broader,reviewed
AOM_100970,AOM_000734,broader,reviewed
AOM_002169,AOM_100970,broader,reviewed
AOM_100971,AOM_000734,broader,reviewed
AOM_003879,AOM_100971,broader,reviewed
AOM_100972,AOM_000734,broader,reviewed
AOM_002190,AOM_100972,broader,reviewed
AOM_100973,AOM_000734,broader,reviewed
AOM_003553,AOM_100973,broader,reviewed
AOM_003683,AOM_100973,broader,reviewed
AOM_100974,AOM_000734,broader,reviewed
AOM_003905,AOM_100974,broader,reviewed
AOM_100975,AOM_000701,broader,reviewed
AOM_006275,AOM_100975,broader,reviewed
AOM_100976,AOM_100850,broader,reviewed
AOM_000540,AOM_100976,broader,reviewed
AOM_000558,AOM_100976,broader,reviewed
AOM_001106,AOM_100976,broader,reviewed
AOM_002078,AOM_100976,broader,reviewed
AOM_003206,AOM_100976,broader,reviewed
AOM_100977,AOM_000542,broader,reviewed
AOM_001112,AOM_100977,broader,reviewed
AOM_001923,AOM_100977,broader,reviewed
AOM_100978,AOM_000549,broader,reviewed
AOM_002240,AOM_100978,broader,reviewed
AOM_100979,AOM_000549,broader,reviewed
AOM_002005,AOM_100979,broader,reviewed
AOM_100980,AOM_000549,broader,reviewed
AOM_001926,AOM_100980,broader,reviewed
AOM_100981,AOM_000554,broader,reviewed
AOM_001932,AOM_100981,broader,reviewed
AOM_100982,AOM_000554,broader,reviewed
AOM_001108,AOM_100982,broader,reviewed
AOM_100983,AOM_000559,broader,reviewed
AOM_001096,AOM_100983,broader,reviewed
AOM_100984,AOM_100976,broader,reviewed
AOM_001099,AOM_100984,broader,reviewed
AOM_002009,AOM_100984,broader,reviewed
AOM_100985,AOM_100976,broader,reviewed
AOM_000545,AOM_100985,broader,reviewed
AOM_002192,AOM_100985,broader,reviewed
AOM_100986,AOM_100976,broader,reviewed
AOM_002081,AOM_100986,broader,reviewed
AOM_002082,AOM_100986,broader,reviewed
AOM_100987,AOM_000781,broader,reviewed
AOM_001827,AOM_100987,broader,reviewed
AOM_001831,AOM_100987,broader,reviewed
AOM_001838,AOM_100987,broader,reviewed
AOM_003829,AOM_100987,broader,reviewed
AOM_100988,AOM_000781,broader,reviewed
AOM_006239,AOM_100988,broader,reviewed
AOM_006240,AOM_100988,broader,reviewed
AOM_100989,AOM_000736,broader,reviewed
AOM_002200,AOM_100989,broader,reviewed
AOM_100990,AOM_000845,broader,reviewed
AOM_000820,AOM_100990,broader,reviewed
AOM_000830,AOM_100990,broader,reviewed
AOM_003098,AOM_100990,broader,reviewed
AOM_004500,AOM_100990,broader,reviewed
AOM_100991,AOM_000845,broader,reviewed
AOM_000818,AOM_100991,broader,reviewed
AOM_000819,AOM_100991,broader,reviewed
AOM_003202,AOM_100991,broader,reviewed
AOM_100992,AOM_000108,broader,reviewed
AOM_000141,AOM_100992,broader,reviewed
AOM_000142,AOM_100992,broader,reviewed
AOM_100993,AOM_000900,broader,reviewed
AOM_003026,AOM_100993,broader,reviewed
AOM_100994,AOM_000850,broader,reviewed
AOM_000854,AOM_100994,broader,reviewed
AOM_100995,AOM_100853,broader,reviewed
AOM_000952,AOM_100995,broader,reviewed
AOM_000953,AOM_100995,broader,reviewed
AOM_100996,AOM_000107,broader,reviewed
AOM_000941,AOM_100996,broader,reviewed
AOM_000942,AOM_100996,broader,reviewed
AOM_000943,AOM_100996,broader,reviewed
AOM_100997,AOM_000151,broader,reviewed
AOM_000173,AOM_100997,broader,reviewed
AOM_000180,AOM_100997,broader,reviewed
AOM_100998,AOM_000107,broader,reviewed
AOM_000937,AOM_100998,broader,reviewed
AOM_000938,AOM_100998,broader,reviewed
AOM_000940,AOM_100998,broader,reviewed
AOM_100999,AOM_000107,broader,reviewed
AOM_002501,AOM_100999,broader,reviewed
AOM_002502,AOM_100999,broader,reviewed
AOM_002503,AOM_100999,broader,reviewed
AOM_002504,AOM_100999,broader,reviewed
AOM_002505,AOM_100999,broader,reviewed
AOM_002506,AOM_100999,broader,reviewed
AOM_002507,AOM_100999,broader,reviewed
AOM_101000,AOM_000107,broader,reviewed
AOM_000162,AOM_101000,broader,reviewed
AOM_000164,AOM_101000,broader,reviewed
AOM_000168,AOM_101000,broader,reviewed
AOM_000169,AOM_101000,broader,reviewed
AOM_000171,AOM_101000,broader,reviewed
AOM_000172,AOM_101000,broader,reviewed
AOM_000179,AOM_101000,broader,reviewed
AOM_101001,AOM_101000,broader,reviewed
AOM_000181,AOM_101001,broader,reviewed
AOM_000182,AOM_101001,broader,reviewed
AOM_000183,AOM_101001,broader,reviewed
AOM_101002,AOM_000107,broader,reviewed
AOM_000955,AOM_101002,broader,reviewed
AOM_000983,AOM_101002,broader,reviewed
AOM_001000,AOM_101002,broader,reviewed
AOM_001017,AOM_101002,broader,reviewed
AOM_001039,AOM_101002,broader,reviewed
AOM_001048,AOM_101002,broader,reviewed
AOM_101003,AOM_001039,broader,reviewed
AOM_001040,AOM_101003,broader,reviewed
AOM_001041,AOM_101003,broader,reviewed
AOM_001042,AOM_101003,broader,reviewed
AOM_101004,AOM_001048,broader,reviewed
AOM_001049,AOM_101004,broader,reviewed
AOM_001050,AOM_101004,broader,reviewed
AOM_001051,AOM_101004,broader,reviewed
AOM_001052,AOM_101004,broader,reviewed
AOM_101005,AOM_000403,broader,reviewed
AOM_000448,AOM_101005,broader,reviewed
AOM_000449,AOM_101005,broader,reviewed
AOM_000450,AOM_101005,broader,reviewed
AOM_101006,AOM_000404,broader,reviewed
AOM_000405,AOM_101006,broader,reviewed
AOM_000406,AOM_101006,broader,reviewed
AOM_101007,AOM_000403,broader,reviewed
AOM_000407,AOM_101007,broader,reviewed
AOM_101008,AOM_003110,broader,reviewed
AOM_000418,AOM_101008,broader,reviewed
AOM_000427,AOM_101008,broader,reviewed
AOM_003090,AOM_101008,broader,reviewed
AOM_101009,AOM_101008,broader,reviewed
AOM_000422,AOM_101009,broader,reviewed
AOM_000426,AOM_101009,broader,reviewed
AOM_101010,AOM_000439,broader,reviewed
AOM_000441,AOM_101010,broader,reviewed
AOM_000442,AOM_101010,broader,reviewed
AOM_101011,AOM_000397,broader,reviewed
AOM_000451,AOM_101011,broader,reviewed
AOM_000452,AOM_101011,broader,reviewed
AOM_000453,AOM_101011,broader,reviewed
AOM_101012,AOM_000397,broader,reviewed
AOM_000454,AOM_101012,broader,reviewed
AOM_000455,AOM_101012,broader,reviewed
AOM_000456,AOM_101012,broader,reviewed
AOM_101013,AOM_000397,broader,reviewed
AOM_000457,AOM_101013,broader,reviewed
AOM_000458,AOM_101013,broader,reviewed
AOM_101014,AOM_000360,broader,reviewed
AOM_000393,AOM_101014,broader,reviewed
AOM_000396,AOM_101014,broader,reviewed
AOM_101015,AOM_000366,broader,reviewed
AOM_000381,AOM_101015,broader,reviewed
AOM_000382,AOM_101015,broader,reviewed
AOM_101016,AOM_000358,broader,reviewed
AOM_000517,AOM_101016,broader,reviewed
AOM_000518,AOM_101016,broader,reviewed
AOM_101017,AOM_000032,broader,reviewed
AOM_000036,AOM_101017,broader,reviewed
AOM_101018,AOM_000004,broader,reviewed
AOM_000017,AOM_101018,broader,reviewed
AOM_101019,AOM_000328,broader,reviewed
AOM_101020,AOM_000328,broader,reviewed
AOM_101021,AOM_000328,broader,reviewed
AOM_101022,AOM_000328,broader,reviewed
AOM_101023,AOM_000328,broader,reviewed
AOM_101024,AOM_101019,broader,reviewed
AOM_101025,AOM_101019,broader,reviewed
AOM_101026,AOM_101019,broader,reviewed
AOM_101027,AOM_101019,broader,reviewed
AOM_101028,AOM_101019,broader,reviewed
AOM_101029,AOM_101019,broader,reviewed
AOM_101030,AOM_101019,broader,reviewed
AOM_101031,AOM_101019,broader,reviewed
AOM_101032,AOM_101019,broader,reviewed
AOM_101033,AOM_101019,broader,reviewed
AOM_101034,AOM_101019,broader,reviewed
AOM_101035,AOM_101019,broader,reviewed
AOM_101036,AOM_101019,broader,reviewed
AOM_101037,AOM_101019,broader,reviewed
AOM_101038,AOM_101019,broader,reviewed
AOM_101039,AOM_101019,broader,reviewed
AOM_101040,AOM_101019,broader,reviewed
AOM_101041,AOM_101019,broader,reviewed
AOM_101042,AOM_101019,broader,reviewed
AOM_101043,AOM_101019,broader,reviewed
AOM_101044,AOM_101019,broader,reviewed
AOM_101045,AOM_101019,broader,reviewed
AOM_101046,AOM_101019,broader,reviewed
AOM_101047,AOM_101019,broader,reviewed
AOM_101048,AOM_101019,broader,reviewed
AOM_101049,AOM_101020,broader,reviewed
AOM_101050,AOM_101020,broader,reviewed
AOM_101051,AOM_101020,broader,reviewed
AOM_101052,AOM_101020,broader,reviewed
AOM_101053,AOM_101020,broader,reviewed
AOM_101054,AOM_101020,broader,reviewed
AOM_101055,AOM_101022,broader,reviewed
AOM_101056,AOM_101022,broader,reviewed
AOM_101057,AOM_101022,broader,reviewed
AOM_101058,AOM_101022,broader,reviewed
AOM_101059,AOM_101022,broader,reviewed
AOM_101060,AOM_101022,broader,reviewed
AOM_101061,AOM_101022,broader,reviewed
AOM_101062,AOM_101022,broader,reviewed
AOM_101063,AOM_101022,broader,reviewed
AOM_101064,AOM_101023,broader,reviewed
AOM_101065,AOM_101023,broader,reviewed
AOM_101066,AOM_101023,broader,reviewed
AOM_101067,AOM_101023,broader,reviewed
AOM_101068,AOM_101021,broader,reviewed
AOM_101069,AOM_101021,broader,reviewed
AOM_101070,AOM_101021,broader,reviewed
AOM_101071,AOM_101021,broader,reviewed
AOM_101072,AOM_101021,broader,reviewed
AOM_101073,AOM_101021,broader,reviewed
AOM_101074,AOM_101019,broader,reviewed
AOM_101075,AOM_101020,broader,reviewed
AOM_101076,AOM_101020,broader,reviewed
AOM_101077,AOM_101020,broader,reviewed
AOM_101078,AOM_101020,broader,reviewed
AOM_101079,AOM_101022,broader,reviewed
AOM_101080,AOM_101023,broader,reviewed
AOM_101081,AOM_101023,broader,reviewed
AOM_101082,AOM_101021,broader,reviewed
AOM_101083,AOM_101021,broader,reviewed
AOM_101084,AOM_101021,broader,reviewed
AOM_101085,AOM_000328,broader,reviewed
AOM_101086,AOM_101085,broader,reviewed
AOM_101087,AOM_101021,broader,reviewed
AOM_101088,AOM_101021,broader,reviewed
AOM_101089,AOM_101021,broader,reviewed
AOM_101090,AOM_101021,broader,reviewed
AOM_101091,AOM_101021,broader,reviewed
AOM_101092,AOM_101021,broader,reviewed
AOM_101093,AOM_101021,broader,reviewed
AOM_101094,AOM_101021,broader,reviewed
AOM_101095,AOM_101021,broader,reviewed
AOM_101096,AOM_101021,broader,reviewed
AOM_101097,AOM_101021,broader,reviewed
AOM_101098,AOM_101021,broader,reviewed
AOM_101099,AOM_101021,broader,reviewed
AOM_101100,AOM_101021,broader,reviewed
AOM_101101,AOM_101021,broader,reviewed
AOM_101102,AOM_101021,broader,reviewed
AOM_101103,AOM_101019,broader,reviewed
AOM_101104,AOM_101019,broader,reviewed
AOM_101105,AOM_101019,broader,reviewed
AOM_101106,AOM_101019,broader,reviewed
AOM_101107,AOM_101019,broader,reviewed
AOM_101108,AOM_101020,broader,reviewed
AOM_101109,AOM_000328,broader,reviewed
AOM_101110,AOM_101109,broader,reviewed
AOM_101111,AOM_000328,broader,reviewed
AOM_101112,AOM_101111,broader,reviewed
AOM_101113,AOM_101111,broader,reviewed
AOM_101114,AOM_101111,broader,reviewed
AOM_101115,AOM_000328,broader,reviewed
AOM_101116,AOM_101115,broader,reviewed
AOM_101117,AOM_101019,broader,reviewed
AOM_101118,AOM_101020,broader,reviewed
AOM_101119,AOM_101021,broader,reviewed
AOM_101120,AOM_101023,broader,reviewed
AOM_101121,AOM_101019,broader,reviewed
AOM_101122,AOM_101019,broader,reviewed
AOM_101123,AOM_101021,broader,reviewed
AOM_101124,AOM_101021,broader,reviewed
AOM_006220,AOM_000594,broader,reviewed
AOM_000574,AOM_100860,broader,reviewed
AOM_001702,AOM_100860,broader,reviewed
AOM_002086,AOM_100863,broader,reviewed
AOM_001261,AOM_100864,broader,reviewed
AOM_003960,AOM_100866,broader,reviewed
AOM_000606,AOM_100869,broader,reviewed
AOM_004000,AOM_100866,broader,reviewed
AOM_003815,AOM_100881,broader,reviewed
AOM_006080,AOM_100881,broader,reviewed
AOM_001694,AOM_100884,broader,reviewed
AOM_001695,AOM_100884,broader,reviewed
AOM_006347,AOM_100885,broader,reviewed
AOM_006348,AOM_100887,broader,reviewed
AOM_003890,AOM_100891,broader,reviewed
AOM_001338,AOM_100904,broader,reviewed
AOM_001894,AOM_100904,broader,reviewed
AOM_006221,AOM_100908,broader,reviewed
AOM_006059,AOM_100910,broader,reviewed
AOM_001318,AOM_001319,broader,reviewed
AOM_001311,AOM_100921,broader,reviewed
AOM_001314,AOM_000667,broader,reviewed
AOM_001817,AOM_000667,broader,reviewed
AOM_001312,AOM_000677,broader,reviewed
AOM_002353,AOM_001311,broader,reviewed
AOM_000663,AOM_000665,broader,reviewed
AOM_001265,AOM_000665,broader,reviewed
AOM_001435,AOM_000665,broader,reviewed
AOM_001847,AOM_000665,broader,reviewed
AOM_001700,AOM_001190,broader,reviewed
AOM_001818,AOM_100937,broader,reviewed
AOM_003908,AOM_000718,broader,reviewed
AOM_006360,AOM_001128,broader,reviewed
AOM_002347,AOM_001535,broader,reviewed
AOM_006024,AOM_001535,broader,reviewed
AOM_006373,AOM_000718,broader,reviewed
AOM_001978,AOM_001152,broader,reviewed
AOM_001977,AOM_001152,broader,reviewed
AOM_001980,AOM_001791,broader,reviewed
AOM_006137,AOM_001791,broader,reviewed
AOM_006293,AOM_002239,broader,reviewed
AOM_001723,AOM_001531,broader,reviewed
AOM_001992,AOM_001802,broader,reviewed
AOM_001739,AOM_001174,broader,reviewed
AOM_001985,AOM_003079,broader,reviewed
AOM_006223,AOM_002204,broader,reviewed
AOM_001990,AOM_001221,broader,reviewed
AOM_002231,AOM_006180,broader,reviewed
AOM_001534,AOM_001533,broader,reviewed
AOM_001928,AOM_001927,broader,reviewed
AOM_001938,AOM_100983,broader,reviewed
AOM_001811,AOM_100976,broader,reviewed
AOM_002080,AOM_100976,broader,reviewed
AOM_001095,AOM_000561,broader,reviewed
AOM_006008,AOM_000561,broader,reviewed
AOM_001097,AOM_000561,broader,reviewed
AOM_001146,AOM_000561,broader,reviewed
AOM_003172,AOM_000781,broader,reviewed
AOM_002191,AOM_000781,broader,reviewed
AOM_000772,AOM_000779,broader,reviewed
AOM_001871,AOM_000811,broader,reviewed
AOM_001903,AOM_000811,broader,reviewed
AOM_003996,AOM_000811,broader,reviewed
AOM_003997,AOM_000811,broader,reviewed
AOM_000752,AOM_000811,broader,reviewed
AOM_000864,AOM_000862,broader,reviewed
AOM_000912,AOM_000911,broader,reviewed
AOM_000170,AOM_000107,broader,reviewed
AOM_000178,AOM_000108,broader,reviewed
AOM_003003,AOM_000108,broader,reviewed
AOM_003011,AOM_000108,broader,reviewed
AOM_003021,AOM_000108,broader,reviewed
AOM_003004,AOM_003014,broader,reviewed
AOM_000509,AOM_000502,broader,reviewed
AOM_000432,AOM_003110,broader,reviewed
AOM_001087,AOM_003110,broader,reviewed
AOM_001084,AOM_101008,broader,reviewed
AOM_001085,AOM_101008,broader,reviewed
AOM_001086,AOM_101008,broader,reviewed
AOM_000496,AOM_000361,broader,reviewed
AOM_100851,AOM_000648,related,reviewed
AOM_100852,AOM_001582,related,reviewed
AOM_100856,AOM_001202,related,reviewed
AOM_100859,AOM_000654,related,reviewed
AOM_100860,AOM_001895,related,reviewed
AOM_100863,AOM_001316,related,reviewed
AOM_100864,AOM_001319,related,reviewed
AOM_100868,AOM_002228,related,reviewed
AOM_100869,AOM_003072,related,reviewed
AOM_100873,AOM_002226,related,reviewed
AOM_100874,AOM_001314,related,reviewed
AOM_100881,AOM_001311,related,reviewed
AOM_100883,AOM_000663,related,reviewed
AOM_100884,AOM_001435,related,reviewed
AOM_100892,AOM_001309,related,reviewed
AOM_100898,AOM_001185,related,reviewed
AOM_100903,AOM_001897,related,reviewed
AOM_100904,AOM_000673,related,reviewed
AOM_100910,AOM_000679,related,reviewed
AOM_100912,AOM_000680,related,reviewed
AOM_100969,AOM_000102,related,reviewed
