source_row,raw_unit,canonical_label,raw_occurrences,distinct_nonblank_corrections,mapping_status,canonical_unit_uri,external_mapping_status,recommended_disposition
2,0.04,,1,0,unresolved,"",not-reviewed,Preserve raw label and hold canonical mapping until unit meaning is reviewed.
3,$,USD,1,1,normalized-label,"",not-reviewed,Validate normalization or conversion semantics and review canonical identifier plus quantity kind.
4,$/100kg,USD/100kg,1,1,normalized-label,"",not-reviewed,Validate normalization or conversion semantics and review canonical identifier plus quantity kind.
5,$/animal,USD/individual,1,1,normalized-label,"",not-reviewed,Validate normalization or conversion semantics and review canonical identifier plus quantity kind.
6,$/day,USD/d,1,1,normalized-label,"",not-reviewed,Validate normalization or conversion semantics and review canonical identifier plus quantity kind.
7,$/ha,USD/ha,1,1,normalized-label,"",not-reviewed,Validate normalization or conversion semantics and review canonical identifier plus quantity kind.
8,$/kg,USD/kg,1,1,normalized-label,"",not-reviewed,Validate normalization or conversion semantics and review canonical identifier plus quantity kind.
9,%,%,1,1,identity-label,"",not-reviewed,Retain label mapping and review canonical identifier plus quantity kind.
10,% (0 MPa),% (0 MPa),1,1,identity-label,"",not-reviewed,Retain label mapping and review canonical identifier plus quantity kind.
11,% (0.003MPa),% (0.003 MPa),1,1,normalized-label,"",not-reviewed,Validate normalization or conversion semantics and review canonical identifier plus quantity kind.
12,% (0.006MPa),% (0.006 MPa),1,1,normalized-label,"",not-reviewed,Validate normalization or conversion semantics and review canonical identifier plus quantity kind.
13,% (0.01MPa),% (0.01 MPa),1,1,normalized-label,"",not-reviewed,Validate normalization or conversion semantics and review canonical identifier plus quantity kind.
14,% (0.03 MPa),% (0.03 MPa),1,1,identity-label,"",not-reviewed,Retain label mapping and review canonical identifier plus quantity kind.
15,% (0.1 MPa),% (0.1 MPa),1,1,identity-label,"",not-reviewed,Retain label mapping and review canonical identifier plus quantity kind.
16,% (0.1MPa),% (0.1MPa),1,1,identity-label,"",not-reviewed,Retain label mapping and review canonical identifier plus quantity kind.
17,% (0.3 bar),% (0.3 bar),1,1,identity-label,"",not-reviewed,Retain label mapping and review canonical identifier plus quantity kind.
18,% (0.5 MPa),% (0.5 MPa),1,1,identity-label,"",not-reviewed,Retain label mapping and review canonical identifier plus quantity kind.
19,% (0.5MPa),% (0.5 MPa),1,1,normalized-label,"",not-reviewed,Validate normalization or conversion semantics and review canonical identifier plus quantity kind.
20,% (0MPa),% (0 MPa),1,1,normalized-label,"",not-reviewed,Validate normalization or conversion semantics and review canonical identifier plus quantity kind.
21,% (1.5 MPa),% (1.5 MPa),1,1,identity-label,"",not-reviewed,Retain label mapping and review canonical identifier plus quantity kind.
22,% (1.5MPa),% (1.5 MPa),1,1,normalized-label,"",not-reviewed,Validate normalization or conversion semantics and review canonical identifier plus quantity kind.
23,% (15bar),% (15 bar),1,1,normalized-label,"",not-reviewed,Validate normalization or conversion semantics and review canonical identifier plus quantity kind.
24,% (3WAS),% (3 WAS),1,1,normalized-label,"",not-reviewed,Validate normalization or conversion semantics and review canonical identifier plus quantity kind.
25,% (5 WAS),% (5 WAS),1,1,identity-label,"",not-reviewed,Retain label mapping and review canonical identifier plus quantity kind.
26,% (5-1500kPa),% (5-1500 kPa),1,1,normalized-label,"",not-reviewed,Validate normalization or conversion semantics and review canonical identifier plus quantity kind.
27,% (5-33kPa),% (5-33 kPa),1,1,normalized-label,"",not-reviewed,Validate normalization or conversion semantics and review canonical identifier plus quantity kind.
28,% (7WAS),% (7 WAS),1,1,normalized-label,"",not-reviewed,Validate normalization or conversion semantics and review canonical identifier plus quantity kind.
29,% (9WAS),% (9 WAS),1,1,normalized-label,"",not-reviewed,Validate normalization or conversion semantics and review canonical identifier plus quantity kind.
30,% (beyond 33kPa),% (beyond 33kPa),1,1,identity-label,"",not-reviewed,Retain label mapping and review canonical identifier plus quantity kind.
31,% (v/v 0 bars),% (v/v 0 bars),1,1,identity-label,"",not-reviewed,Retain label mapping and review canonical identifier plus quantity kind.
32,% (v/v 0.01 bars),% (v/v 0.01 bars),1,1,identity-label,"",not-reviewed,Retain label mapping and review canonical identifier plus quantity kind.
33,% (v/v 0.1 bars),% (v/v 0.1 bars),1,1,identity-label,"",not-reviewed,Retain label mapping and review canonical identifier plus quantity kind.
34,% (v/v 0.5 bars),% (v/v 0.5 bars),1,1,identity-label,"",not-reviewed,Retain label mapping and review canonical identifier plus quantity kind.
35,% (v/v 1 bars),% (v/v 1 bars),1,1,identity-label,"",not-reviewed,Retain label mapping and review canonical identifier plus quantity kind.
36,% (v/v 15 bars),% (v/v 15 bars),1,1,identity-label,"",not-reviewed,Retain label mapping and review canonical identifier plus quantity kind.
37,% (v/v 5 bars),% (v/v 5 bars),1,1,identity-label,"",not-reviewed,Retain label mapping and review canonical identifier plus quantity kind.
38,% (v/v),% (v/v),1,1,identity-label,"",not-reviewed,Retain label mapping and review canonical identifier plus quantity kind.
39,% (w/w 0 MPa),% (w/w 0 MPa),1,1,identity-label,"",not-reviewed,Retain label mapping and review canonical identifier plus quantity kind.
40,% (w/w 0.003 MPa),% (w/w 0.003 MPa),1,1,identity-label,"",not-reviewed,Retain label mapping and review canonical identifier plus quantity kind.
41,% (w/w 0.01 MPa),% (w/w 0.01 MPa),1,1,identity-label,"",not-reviewed,Retain label mapping and review canonical identifier plus quantity kind.
42,% (w/w 0.05 MPa),% (w/w 0.05 MPa),1,1,identity-label,"",not-reviewed,Retain label mapping and review canonical identifier plus quantity kind.
43,% (w/w 0.1 MPa),% (w/w 0.1 MPa),1,1,identity-label,"",not-reviewed,Retain label mapping and review canonical identifier plus quantity kind.
44,% (w/w 0.5 MPa),% (w/w 0.5 MPa),1,1,identity-label,"",not-reviewed,Retain label mapping and review canonical identifier plus quantity kind.
45,% (w/w 1.5 MPa),% (w/w 1.5 MPa),1,1,identity-label,"",not-reviewed,Retain label mapping and review canonical identifier plus quantity kind.
46,% (w/w),% (w/w),1,1,identity-label,"",not-reviewed,Retain label mapping and review canonical identifier plus quantity kind.
47,% annual,% annual,1,1,identity-label,"",not-reviewed,Retain label mapping and review canonical identifier plus quantity kind.
48,% area covered fusarium spp.,% area covered fusarium spp.,1,1,identity-label,"",not-reviewed,Retain label mapping and review canonical identifier plus quantity kind.
49,% Aspergiilus candidus fungi,% Aspergillus candidus,1,1,normalized-label,"",not-reviewed,Validate normalization or conversion semantics and review canonical identifier plus quantity kind.
50,% Aspergillus clavatus fungi,% Aspergillus clavatus,1,1,normalized-label,"",not-reviewed,Validate normalization or conversion semantics and review canonical identifier plus quantity kind.
51,% Aspergillus flavus fungi,% Aspergillus flavus,1,1,normalized-label,"",not-reviewed,Validate normalization or conversion semantics and review canonical identifier plus quantity kind.
52,% Aspergillus glaucus fungi,% Aspergillus glaucus,1,1,normalized-label,"",not-reviewed,Validate normalization or conversion semantics and review canonical identifier plus quantity kind.
53,% Aspergillus niger fungi,% Aspergillus niger,1,1,normalized-label,"",not-reviewed,Validate normalization or conversion semantics and review canonical identifier plus quantity kind.
54,% Aspergillus ochraceus fungi,% Aspergillus ochraceus,1,1,normalized-label,"",not-reviewed,Validate normalization or conversion semantics and review canonical identifier plus quantity kind.
55,% aspergillus spp.,% Aspergillus spp.,1,1,normalized-label,"",not-reviewed,Validate normalization or conversion semantics and review canonical identifier plus quantity kind.
56,% Aspergillus terreus fungi,% Aspergillus terreus,1,1,normalized-label,"",not-reviewed,Validate normalization or conversion semantics and review canonical identifier plus quantity kind.
57,% Blosyrus damaged,% damage (Blosyrus),1,1,normalized-label,"",not-reviewed,Validate normalization or conversion semantics and review canonical identifier plus quantity kind.
58,% broken grains,% broken grains,1,1,identity-label,"",not-reviewed,Retain label mapping and review canonical identifier plus quantity kind.
59,% Callosobruchus maculatus survival,% Callosobruchus maculatus survival,1,1,identity-label,"",not-reviewed,Retain label mapping and review canonical identifier plus quantity kind.
60,% change,% change,1,1,identity-label,"",not-reviewed,Retain label mapping and review canonical identifier plus quantity kind.
61,% Cylas damaged,% damage (Cylas),1,1,normalized-label,"",not-reviewed,Validate normalization or conversion semantics and review canonical identifier plus quantity kind.
62,% damage by  Acanthoscelides obtectus,% damage (Acanthoscelides obtectus),1,1,normalized-label,"",not-reviewed,Validate normalization or conversion semantics and review canonical identifier plus quantity kind.
63,% damage by  Callosobruchus maculatus,% damage (Callosobruchus maculatus),1,1,normalized-label,"",not-reviewed,Validate normalization or conversion semantics and review canonical identifier plus quantity kind.
64,% damage by Callosobruchus maculatus,% damage (Callosobruchus maculatus),1,1,normalized-label,"",not-reviewed,Validate normalization or conversion semantics and review canonical identifier plus quantity kind.
65,% decay,% decay,1,1,identity-label,"",not-reviewed,Retain label mapping and review canonical identifier plus quantity kind.
66,% dry weight loss,% dry weight loss,1,1,identity-label,"",not-reviewed,Retain label mapping and review canonical identifier plus quantity kind.
67,% from mold,% from mold,1,1,identity-label,"",not-reviewed,Retain label mapping and review canonical identifier plus quantity kind.
68,% fruit decay,% fruit rot,1,1,normalized-label,"",not-reviewed,Validate normalization or conversion semantics and review canonical identifier plus quantity kind.
69,% Fruit rot,% fruit rot,1,1,normalized-label,"",not-reviewed,Validate normalization or conversion semantics and review canonical identifier plus quantity kind.
70,% fusarium spp,% Fusarium spp,1,1,normalized-label,"",not-reviewed,Validate normalization or conversion semantics and review canonical identifier plus quantity kind.
71,% grain damage by Penicillium,% grain damage (Penicillium),1,1,normalized-label,"",not-reviewed,Validate normalization or conversion semantics and review canonical identifier plus quantity kind.
72,% grain damage of grains,% grain damage,1,1,normalized-label,"",not-reviewed,Validate normalization or conversion semantics and review canonical identifier plus quantity kind.
73,% grain damaged,% grain damage,1,1,normalized-label,"",not-reviewed,Validate normalization or conversion semantics and review canonical identifier plus quantity kind.
74,% grain perforation,% grain damage,1,1,normalized-label,"",not-reviewed,Validate normalization or conversion semantics and review canonical identifier plus quantity kind.
75,% hen-day production,% hen-d production,1,1,normalized-label,"",not-reviewed,Validate normalization or conversion semantics and review canonical identifier plus quantity kind.
76,% insect,% insect,1,1,identity-label,"",not-reviewed,Retain label mapping and review canonical identifier plus quantity kind.
77,% live birth rate,% live birth rate,1,1,identity-label,"",not-reviewed,Retain label mapping and review canonical identifier plus quantity kind.
78,% loss,% loss,1,1,identity-label,"",not-reviewed,Retain label mapping and review canonical identifier plus quantity kind.
79,% mean weight loss,% mean weight loss,1,1,identity-label,"",not-reviewed,Retain label mapping and review canonical identifier plus quantity kind.
80,% millepede damaged,% damage (millepede),1,1,normalized-label,"",not-reviewed,Validate normalization or conversion semantics and review canonical identifier plus quantity kind.
81,% monthly,% monthly,1,1,identity-label,"",not-reviewed,Retain label mapping and review canonical identifier plus quantity kind.
82,% nematode damaged,% damage (nematode),1,1,normalized-label,"",not-reviewed,Validate normalization or conversion semantics and review canonical identifier plus quantity kind.
83,% of Aspergillus,% Aspergillus,1,1,normalized-label,"",not-reviewed,Validate normalization or conversion semantics and review canonical identifier plus quantity kind.
84,% of Fusarium,% Fusarium,1,1,normalized-label,"",not-reviewed,Validate normalization or conversion semantics and review canonical identifier plus quantity kind.
85,% of seeds,% seed,1,1,normalized-label,"",not-reviewed,Validate normalization or conversion semantics and review canonical identifier plus quantity kind.
86,% of total bacteria,% total bacteria,1,1,normalized-label,"",not-reviewed,Validate normalization or conversion semantics and review canonical identifier plus quantity kind.
87,% penicillium spp.,% penicillium spp.,1,1,identity-label,"",not-reviewed,Retain label mapping and review canonical identifier plus quantity kind.
88,% production,% production,1,1,identity-label,"",not-reviewed,Retain label mapping and review canonical identifier plus quantity kind.
89,% rainfall,% rainfall,1,1,identity-label,"",not-reviewed,Retain label mapping and review canonical identifier plus quantity kind.
90,% rot severity,% rot severity,1,1,identity-label,"",not-reviewed,Retain label mapping and review canonical identifier plus quantity kind.
91,% Seed damage,% seed damage,1,1,normalized-label,"",not-reviewed,Validate normalization or conversion semantics and review canonical identifier plus quantity kind.
92,% weight damaged,% weight damaged,1,1,identity-label,"",not-reviewed,Retain label mapping and review canonical identifier plus quantity kind.
93,% weight gain/day,% weight gain/d,1,1,normalized-label,"",not-reviewed,Validate normalization or conversion semantics and review canonical identifier plus quantity kind.
94,% weight loss,% weight loss,1,1,identity-label,"",not-reviewed,Retain label mapping and review canonical identifier plus quantity kind.
95,% WFPS,% WFPS,1,1,identity-label,"",not-reviewed,Retain label mapping and review canonical identifier plus quantity kind.
96,"%, w/w",% (w/w),1,1,normalized-label,"",not-reviewed,Validate normalization or conversion semantics and review canonical identifier plus quantity kind.
97,%/1000kg,%/t,1,1,normalized-label,"",not-reviewed,Validate normalization or conversion semantics and review canonical identifier plus quantity kind.
98,%/animal,%/animal,1,1,identity-label,"",not-reviewed,Retain label mapping and review canonical identifier plus quantity kind.
99,%/d/individual,%/d/individual,1,1,identity-label,"",not-reviewed,Retain label mapping and review canonical identifier plus quantity kind.
100,%/day,%/d,1,1,normalized-label,"",not-reviewed,Validate normalization or conversion semantics and review canonical identifier plus quantity kind.
101,%/day/individual,%/d/individual,1,1,normalized-label,"",not-reviewed,Validate normalization or conversion semantics and review canonical identifier plus quantity kind.
102,%/individual/day,%/d/individual,1,1,normalized-label,"",not-reviewed,Validate normalization or conversion semantics and review canonical identifier plus quantity kind.
103,%v/v,% (v/v),1,1,normalized-label,"",not-reviewed,Validate normalization or conversion semantics and review canonical identifier plus quantity kind.
104,(d),d,1,1,normalized-label,"",not-reviewed,Validate normalization or conversion semantics and review canonical identifier plus quantity kind.
105,(g/g),g/g,1,1,normalized-label,"",not-reviewed,Validate normalization or conversion semantics and review canonical identifier plus quantity kind.
106,(g/kg)/individual,g/kg/individual,1,1,normalized-label,"",not-reviewed,Validate normalization or conversion semantics and review canonical identifier plus quantity kind.
107,(H’),Shannon-Weaver Index (H'),1,1,normalized-label,"",not-reviewed,Validate normalization or conversion semantics and review canonical identifier plus quantity kind.
108,(J’),Pielou Evenness Index (J’),1,1,normalized-label,"",not-reviewed,Validate normalization or conversion semantics and review canonical identifier plus quantity kind.
109,(kg grain/mm rainfall)/ha,kg/mm/ha,1,1,normalized-label,"",not-reviewed,Validate normalization or conversion semantics and review canonical identifier plus quantity kind.
110,(kg/ha)/mm,kg/ha/mm,1,1,normalized-label,"",not-reviewed,Validate normalization or conversion semantics and review canonical identifier plus quantity kind.
111,(kg/kg)/year,kg/kg/yr,1,1,normalized-label,"",not-reviewed,Validate normalization or conversion semantics and review canonical identifier plus quantity kind.
112,(ml/cm3)/hour,ml/cm3/h,1,1,normalized-label,"",not-reviewed,Validate normalization or conversion semantics and review canonical identifier plus quantity kind.
113,(S),Species Richness (S),1,1,normalized-label,"",not-reviewed,Validate normalization or conversion semantics and review canonical identifier plus quantity kind.
114,/individual/day,,1,0,unresolved,"",not-reviewed,Preserve raw label and hold canonical mapping until unit meaning is reviewed.
115,`kg/ha,kg/ha,1,1,normalized-label,"",not-reviewed,Validate normalization or conversion semantics and review canonical identifier plus quantity kind.
116,€/ha,EUR/ha,1,1,normalized-label,"",not-reviewed,Validate normalization or conversion semantics and review canonical identifier plus quantity kind.
117,µg /m3 (black carbon),µg black carbon/m3,1,1,normalized-label,"",not-reviewed,Validate normalization or conversion semantics and review canonical identifier plus quantity kind.
118,µg /m3 (Particulate matter 2.5),µg PM2.5/m3,1,1,normalized-label,"",not-reviewed,Validate normalization or conversion semantics and review canonical identifier plus quantity kind.
119,µg 15 N/m2/d,µg 15 N/m2/d,1,1,identity-label,"",not-reviewed,Retain label mapping and review canonical identifier plus quantity kind.
120,µg CO2/g soil microbes,µg CO2/g soil microbes,1,1,identity-label,"",not-reviewed,Retain label mapping and review canonical identifier plus quantity kind.
121,µg CO2-C/g,µg CO2-C/g,1,1,identity-label,"",not-reviewed,Retain label mapping and review canonical identifier plus quantity kind.
122,µg CO2-C/g/h,µg CO2-C/g/h,1,1,identity-label,"",not-reviewed,Retain label mapping and review canonical identifier plus quantity kind.
123,µg CO2-C/g/hr,µg CO2-C/g/hr,1,1,identity-label,"",not-reviewed,Retain label mapping and review canonical identifier plus quantity kind.
124,µg N2O-N/g/hr,µg N2O-N/g/hr,1,1,identity-label,"",not-reviewed,Retain label mapping and review canonical identifier plus quantity kind.
125,µg/g,µg/g,1,1,identity-label,"",not-reviewed,Retain label mapping and review canonical identifier plus quantity kind.
126,µg/g(mineral),µg/g(mineral),1,1,identity-label,"",not-reviewed,Retain label mapping and review canonical identifier plus quantity kind.
127,µg/g(NH4),µg/g(NH4),1,1,identity-label,"",not-reviewed,Retain label mapping and review canonical identifier plus quantity kind.
128,µg/g(NO3),µg/g(NO3),1,1,identity-label,"",not-reviewed,Retain label mapping and review canonical identifier plus quantity kind.
129,µg/kg,µg/kg,1,1,identity-label,"",not-reviewed,Retain label mapping and review canonical identifier plus quantity kind.
130,µg/kg(mineral),µg/kg(mineral),1,1,identity-label,"",not-reviewed,Retain label mapping and review canonical identifier plus quantity kind.
131,µg/kg(NH4),µg/kg(NH4),1,1,identity-label,"",not-reviewed,Retain label mapping and review canonical identifier plus quantity kind.
132,µg/kg(NO3),µg/kg(NO3),1,1,identity-label,"",not-reviewed,Retain label mapping and review canonical identifier plus quantity kind.
133,µm/s,µm/s,1,1,identity-label,"",not-reviewed,Retain label mapping and review canonical identifier plus quantity kind.
134,100/g,100/g,1,1,identity-label,"",not-reviewed,Retain label mapping and review canonical identifier plus quantity kind.
135,1000 grain mass g,1000 seed weight g,1,1,normalized-label,"",not-reviewed,Validate normalization or conversion semantics and review canonical identifier plus quantity kind.
136,1000 XOF,1000 XOF,1,1,identity-label,"",not-reviewed,Retain label mapping and review canonical identifier plus quantity kind.
137,100cm2/individual/day,100cm2/d/individual,1,1,normalized-label,"",not-reviewed,Validate normalization or conversion semantics and review canonical identifier plus quantity kind.
138,3k/NGN/individual,,1,0,unresolved,"",not-reviewed,Preserve raw label and hold canonical mapping until unit meaning is reviewed.
139,6hour day,6h/d,1,1,normalized-label,"",not-reviewed,Validate normalization or conversion semantics and review canonical identifier plus quantity kind.
140,Abacetus spp log(x+1.5),Abacetus spp log(x+1.5),1,1,identity-label,"",not-reviewed,Retain label mapping and review canonical identifier plus quantity kind.
141,Abundance (no m−2),n/m2,1,1,normalized-label,"",not-reviewed,Validate normalization or conversion semantics and review canonical identifier plus quantity kind.
142,Actinomycetes CFU/g soil,Actinomycetes CFU/g soil,1,1,identity-label,"",not-reviewed,Retain label mapping and review canonical identifier plus quantity kind.
143,AEP,AEP,1,1,identity-label,"",not-reviewed,Retain label mapping and review canonical identifier plus quantity kind.
144,Anchophthalmus oncotipes log(x+1.5),Anchophthalmus oncotipes log(x+1.5),1,1,identity-label,"",not-reviewed,Retain label mapping and review canonical identifier plus quantity kind.
145,animals,individuals,1,1,normalized-label,"",not-reviewed,Validate normalization or conversion semantics and review canonical identifier plus quantity kind.
146,Bacteria CFU/g soil,cacteria CFU/g soil,1,1,normalized-label,"",not-reviewed,Validate normalization or conversion semantics and review canonical identifier plus quantity kind.
147,bacteria cfu/ml at 08.00hrs,bacteria CFU/ml,1,1,normalized-label,"",not-reviewed,Validate normalization or conversion semantics and review canonical identifier plus quantity kind.
148,bacteria cfu/ml at 18.00hrs,bacteria CFU/ml,1,1,normalized-label,"",not-reviewed,Validate normalization or conversion semantics and review canonical identifier plus quantity kind.
149,bags,bags,1,1,identity-label,"",not-reviewed,Retain label mapping and review canonical identifier plus quantity kind.
150,bags/ha,bags/ha,1,1,identity-label,"",not-reviewed,Retain label mapping and review canonical identifier plus quantity kind.
151,baskets/ha,baskets/ha,1,1,identity-label,"",not-reviewed,Retain label mapping and review canonical identifier plus quantity kind.
152,BIF/ha,BIF/ha,1,1,identity-label,"",not-reviewed,Retain label mapping and review canonical identifier plus quantity kind.
153,BIF/ha (Discount rate= 20%),BIF/ha (discount rate= 20%),1,1,normalized-label,"",not-reviewed,Validate normalization or conversion semantics and review canonical identifier plus quantity kind.
154,Biomass Carbon,,1,0,unresolved,"",not-reviewed,Preserve raw label and hold canonical mapping until unit meaning is reviewed.
155,Birr/year,ETB/yr,1,1,normalized-label,"",not-reviewed,Validate normalization or conversion semantics and review canonical identifier plus quantity kind.
156,body,,1,0,unresolved,"",not-reviewed,Preserve raw label and hold canonical mapping until unit meaning is reviewed.
157,born/doe,offspring/female,1,1,normalized-label,"",not-reviewed,Validate normalization or conversion semantics and review canonical identifier plus quantity kind.
158,born/does,offspring/female,1,1,normalized-label,"",not-reviewed,Validate normalization or conversion semantics and review canonical identifier plus quantity kind.
159,BRL/ha,BRL/ha,1,1,identity-label,"",not-reviewed,Retain label mapping and review canonical identifier plus quantity kind.
160,bunch/ha,bunch/ha,1,1,identity-label,"",not-reviewed,Retain label mapping and review canonical identifier plus quantity kind.
161,bundles/month,bundles/month,1,1,identity-label,"",not-reviewed,Retain label mapping and review canonical identifier plus quantity kind.
162,BW,,1,0,unresolved,"",not-reviewed,Preserve raw label and hold canonical mapping until unit meaning is reviewed.
163,BWP/ha,BWP/ha,1,1,identity-label,"",not-reviewed,Retain label mapping and review canonical identifier plus quantity kind.
164,c molc/kg soil,cmolc/kg,1,1,normalized-label,"",not-reviewed,Validate normalization or conversion semantics and review canonical identifier plus quantity kind.
165,Calving,,1,0,unresolved,"",not-reviewed,Preserve raw label and hold canonical mapping until unit meaning is reviewed.
166,carbonecous particles,carbonecous particles,1,1,identity-label,"",not-reviewed,Retain label mapping and review canonical identifier plus quantity kind.
167,Carcass %,% carcass,1,1,normalized-label,"",not-reviewed,Validate normalization or conversion semantics and review canonical identifier plus quantity kind.
168,CCO2 kg/ha/year,CO2-C kg/ha/year,1,1,normalized-label,"",not-reviewed,Validate normalization or conversion semantics and review canonical identifier plus quantity kind.
169,CFU,CFU,1,1,identity-label,"",not-reviewed,Retain label mapping and review canonical identifier plus quantity kind.
170,CH4 g C/ha,g CH4-C/ha,1,1,normalized-label,"",not-reviewed,Validate normalization or conversion semantics and review canonical identifier plus quantity kind.
171,CH4 microg C/(m2 h),CH4 microganism C/m2/h,1,1,normalized-label,"",not-reviewed,Validate normalization or conversion semantics and review canonical identifier plus quantity kind.
172,clean,,1,0,unresolved,"",not-reviewed,Preserve raw label and hold canonical mapping until unit meaning is reviewed.
173,cm,cm,1,1,identity-label,"",not-reviewed,Retain label mapping and review canonical identifier plus quantity kind.
174,cm/10 min,cm/10 min,1,1,identity-label,"",not-reviewed,Retain label mapping and review canonical identifier plus quantity kind.
175,cm/150 min,cm/150 min,1,1,identity-label,"",not-reviewed,Retain label mapping and review canonical identifier plus quantity kind.
176,cm/15cm,cm/15 cm,1,1,normalized-label,"",not-reviewed,Validate normalization or conversion semantics and review canonical identifier plus quantity kind.
177,cm/160 min,cm/160 min,1,1,identity-label,"",not-reviewed,Retain label mapping and review canonical identifier plus quantity kind.
178,cm/180 min,cm/180 min,1,1,identity-label,"",not-reviewed,Retain label mapping and review canonical identifier plus quantity kind.
179,cm/3 hr,cm/3 hr,1,1,identity-label,"",not-reviewed,Retain label mapping and review canonical identifier plus quantity kind.
180,cm/5 min,cm/5 min,1,1,identity-label,"",not-reviewed,Retain label mapping and review canonical identifier plus quantity kind.
181,cm/50 min,cm/50 min,1,1,identity-label,"",not-reviewed,Retain label mapping and review canonical identifier plus quantity kind.
182,cm/90 min,cm/90 min,1,1,identity-label,"",not-reviewed,Retain label mapping and review canonical identifier plus quantity kind.
183,cm/cm,cm/cm,1,1,identity-label,"",not-reviewed,Retain label mapping and review canonical identifier plus quantity kind.
184,cm/day,cm/d,1,1,normalized-label,"",not-reviewed,Validate normalization or conversion semantics and review canonical identifier plus quantity kind.
185,cm/h,cm/h,1,1,identity-label,"",not-reviewed,Retain label mapping and review canonical identifier plus quantity kind.
186,cm/hour,cm/h,1,1,normalized-label,"",not-reviewed,Validate normalization or conversion semantics and review canonical identifier plus quantity kind.
187,cm/hr,cm/h,1,1,normalized-label,"",not-reviewed,Validate normalization or conversion semantics and review canonical identifier plus quantity kind.
188,cm/m,cm/m,1,1,identity-label,"",not-reviewed,Retain label mapping and review canonical identifier plus quantity kind.
189,cm/min,cm/min,1,1,identity-label,"",not-reviewed,Retain label mapping and review canonical identifier plus quantity kind.
190,cm/s,cm/s,1,1,identity-label,"",not-reviewed,Retain label mapping and review canonical identifier plus quantity kind.
191,cm/yr,cm/yr,1,1,identity-label,"",not-reviewed,Retain label mapping and review canonical identifier plus quantity kind.
192,cm²/individual/day,cm2/d/individual,1,1,normalized-label,"",not-reviewed,Validate normalization or conversion semantics and review canonical identifier plus quantity kind.
193,cm3/cm2,cm3/cm2,1,1,identity-label,"",not-reviewed,Retain label mapping and review canonical identifier plus quantity kind.
194,cm3/cm3,cm3/cm3,1,1,identity-label,"",not-reviewed,Retain label mapping and review canonical identifier plus quantity kind.
195,cm3/cm3 (available),cm3/cm3 (available),1,1,identity-label,"",not-reviewed,Retain label mapping and review canonical identifier plus quantity kind.
196,cmol,cmol,1,1,identity-label,"",not-reviewed,Retain label mapping and review canonical identifier plus quantity kind.
197,cmol (p+) /kg,cmol/kg,1,1,normalized-label,"",not-reviewed,Validate normalization or conversion semantics and review canonical identifier plus quantity kind.
198,cmol / kg,cmol/kg,1,1,normalized-label,"",not-reviewed,Validate normalization or conversion semantics and review canonical identifier plus quantity kind.
199,cmol /kg,cmol/kg,1,1,normalized-label,"",not-reviewed,Validate normalization or conversion semantics and review canonical identifier plus quantity kind.
200,cmol c/kg,cmolc/kg,1,1,normalized-label,"",not-reviewed,Validate normalization or conversion semantics and review canonical identifier plus quantity kind.
201,cmol(+)/kg,cmol/kg,1,1,normalized-label,"",not-reviewed,Validate normalization or conversion semantics and review canonical identifier plus quantity kind.
202,cmol(p)/kg,cmol/kg,1,1,normalized-label,"",not-reviewed,Validate normalization or conversion semantics and review canonical identifier plus quantity kind.
203,cmol(P+)/kg,cmol/kg,1,1,normalized-label,"",not-reviewed,Validate normalization or conversion semantics and review canonical identifier plus quantity kind.
204,cmol/ kg,cmol/kg,1,1,normalized-label,"",not-reviewed,Validate normalization or conversion semantics and review canonical identifier plus quantity kind.
205,cmol/100g,cmol/100 g,1,1,normalized-label,"",not-reviewed,Validate normalization or conversion semantics and review canonical identifier plus quantity kind.
206,cmol/dm3,cmol/dm3,1,1,identity-label,"",not-reviewed,Retain label mapping and review canonical identifier plus quantity kind.
207,cmol/ka,cmol/ka,1,1,identity-label,"",not-reviewed,Retain label mapping and review canonical identifier plus quantity kind.
208,cmol/kg,cmol/kg,1,1,identity-label,"",not-reviewed,Retain label mapping and review canonical identifier plus quantity kind.
209,cmol+/ kg,cmol/kg,1,1,normalized-label,"",not-reviewed,Validate normalization or conversion semantics and review canonical identifier plus quantity kind.
210,cmolc dm-3,cmolc/dm3,1,1,normalized-label,"",not-reviewed,Validate normalization or conversion semantics and review canonical identifier plus quantity kind.
211,cmolc kg-1,cmolc/kg,1,1,normalized-label,"",not-reviewed,Validate normalization or conversion semantics and review canonical identifier plus quantity kind.
212,cmolc/ kg,cmolc/kg,1,1,normalized-label,"",not-reviewed,Validate normalization or conversion semantics and review canonical identifier plus quantity kind.
213,cmolc/dm3,cmolc/dm3,1,1,identity-label,"",not-reviewed,Retain label mapping and review canonical identifier plus quantity kind.
214,cmolc/kg,cmolc/kg,1,1,identity-label,"",not-reviewed,Retain label mapping and review canonical identifier plus quantity kind.
215,cmole/kg,cmolc/kg,1,1,normalized-label,"",not-reviewed,Validate normalization or conversion semantics and review canonical identifier plus quantity kind.
216,CO (ppm),CO (ppm),1,1,identity-label,"",not-reviewed,Retain label mapping and review canonical identifier plus quantity kind.
217,CO2/g soil/hr,CO2/g soil/hr,1,1,identity-label,"",not-reviewed,Retain label mapping and review canonical identifier plus quantity kind.
218,CO2-C mg/kg/day,CO2-C mg/kg/d,1,1,normalized-label,"",not-reviewed,Validate normalization or conversion semantics and review canonical identifier plus quantity kind.
219,CO2-C/MBC/hr,CO2-C/MBC/hr,1,1,identity-label,"",not-reviewed,Retain label mapping and review canonical identifier plus quantity kind.
220,Cold carcass %,% cold carcass,1,1,normalized-label,"",not-reviewed,Validate normalization or conversion semantics and review canonical identifier plus quantity kind.
221,Cold carcass g/kg body weight,g cold carcass/kg body weight,1,1,normalized-label,"",not-reviewed,Validate normalization or conversion semantics and review canonical identifier plus quantity kind.
222,colonies Atta cephalotes/ha,Atta cephalotes colonies/ha,1,1,normalized-label,"",not-reviewed,Validate normalization or conversion semantics and review canonical identifier plus quantity kind.
223,concentrate,,1,0,unresolved,"",not-reviewed,Preserve raw label and hold canonical mapping until unit meaning is reviewed.
224,count,n,1,1,normalized-label,"",not-reviewed,Validate normalization or conversion semantics and review canonical identifier plus quantity kind.
225,count/Kg,n/kg,1,1,normalized-label,"",not-reviewed,Validate normalization or conversion semantics and review canonical identifier plus quantity kind.
226,counts/kg,n/kg,1,1,normalized-label,"",not-reviewed,Validate normalization or conversion semantics and review canonical identifier plus quantity kind.
227,counts/m2,n/m2,1,1,normalized-label,"",not-reviewed,Validate normalization or conversion semantics and review canonical identifier plus quantity kind.
228,d,d,1,1,identity-label,"",not-reviewed,Retain label mapping and review canonical identifier plus quantity kind.
229,day/ha,d/ha,1,1,normalized-label,"",not-reviewed,Validate normalization or conversion semantics and review canonical identifier plus quantity kind.
230,days/ha,d/ha,1,1,normalized-label,"",not-reviewed,Validate normalization or conversion semantics and review canonical identifier plus quantity kind.
231,days/year,d/yr,1,1,normalized-label,"",not-reviewed,Validate normalization or conversion semantics and review canonical identifier plus quantity kind.
232,degraded,,1,0,unresolved,"",not-reviewed,Preserve raw label and hold canonical mapping until unit meaning is reviewed.
233,DM,,1,0,unresolved,"",not-reviewed,Preserve raw label and hold canonical mapping until unit meaning is reviewed.
234,DM/day,,1,0,unresolved,"",not-reviewed,Preserve raw label and hold canonical mapping until unit meaning is reviewed.
235,DM/ha,,1,0,unresolved,"",not-reviewed,Preserve raw label and hold canonical mapping until unit meaning is reviewed.
236,Dressing %,% dressing,1,1,normalized-label,"",not-reviewed,Validate normalization or conversion semantics and review canonical identifier plus quantity kind.
237,Dromica limpompoipana log(x+1.5),Dromica limpompoipana log(x+1.5),1,1,identity-label,"",not-reviewed,Retain label mapping and review canonical identifier plus quantity kind.
238,dS/m,dS/m,1,1,identity-label,"",not-reviewed,Retain label mapping and review canonical identifier plus quantity kind.
239,Earthworm toxonomic richness (S),earthworm toxonomic richness (S),1,1,normalized-label,"",not-reviewed,Validate normalization or conversion semantics and review canonical identifier plus quantity kind.
240,EBT/ha,EBT/ha,1,1,identity-label,"",not-reviewed,Retain label mapping and review canonical identifier plus quantity kind.
241,egg/hen,eggs/individual,1,1,normalized-label,"",not-reviewed,Validate normalization or conversion semantics and review canonical identifier plus quantity kind.
242,egg/individual/day,eggs/d/individual,1,1,normalized-label,"",not-reviewed,Validate normalization or conversion semantics and review canonical identifier plus quantity kind.
243,eggs,eggs,1,1,identity-label,"",not-reviewed,Retain label mapping and review canonical identifier plus quantity kind.
244,Eggs/Hen/Day,eggs/d/individual,1,1,normalized-label,"",not-reviewed,Validate normalization or conversion semantics and review canonical identifier plus quantity kind.
245,eggs/hen/day,eggs/d/individual,1,1,normalized-label,"",not-reviewed,Validate normalization or conversion semantics and review canonical identifier plus quantity kind.
246,eggs/individual.day,eggs/d/individual,1,1,normalized-label,"",not-reviewed,Validate normalization or conversion semantics and review canonical identifier plus quantity kind.
247,eggs/individual/day,eggs/d/individual,1,1,normalized-label,"",not-reviewed,Validate normalization or conversion semantics and review canonical identifier plus quantity kind.
248,EGP/day,EGP/d,1,1,normalized-label,"",not-reviewed,Validate normalization or conversion semantics and review canonical identifier plus quantity kind.
249,EGP/goat,EGP/goat,1,1,identity-label,"",not-reviewed,Retain label mapping and review canonical identifier plus quantity kind.
250,EGP/ha,EGP/ha,1,1,identity-label,"",not-reviewed,Retain label mapping and review canonical identifier plus quantity kind.
251,EGP/individual,EGP/individual,1,1,identity-label,"",not-reviewed,Retain label mapping and review canonical identifier plus quantity kind.
252,EGP/individual/day,EGP/d/individual,1,1,normalized-label,"",not-reviewed,Validate normalization or conversion semantics and review canonical identifier plus quantity kind.
253,EGP/kg,EGP/kg,1,1,identity-label,"",not-reviewed,Retain label mapping and review canonical identifier plus quantity kind.
254,EGP/m3,EGP/m3,1,1,identity-label,"",not-reviewed,Retain label mapping and review canonical identifier plus quantity kind.
255,EGP/replicate,EGP/replicate,1,1,identity-label,"",not-reviewed,Retain label mapping and review canonical identifier plus quantity kind.
256,ETA/ha,,1,0,unresolved,"",not-reviewed,Preserve raw label and hold canonical mapping until unit meaning is reviewed.
257,ETB,ETB,1,1,identity-label,"",not-reviewed,Retain label mapping and review canonical identifier plus quantity kind.
258,ETB/day,ETB/d,1,1,normalized-label,"",not-reviewed,Validate normalization or conversion semantics and review canonical identifier plus quantity kind.
259,ETB/ha,ETB/ha,1,1,identity-label,"",not-reviewed,Retain label mapping and review canonical identifier plus quantity kind.
260,ETB/head,ETB/individual,1,1,normalized-label,"",not-reviewed,Validate normalization or conversion semantics and review canonical identifier plus quantity kind.
261,ETB/individual,ETB/individual,1,1,identity-label,"",not-reviewed,Retain label mapping and review canonical identifier plus quantity kind.
262,ETB/individual/day,ETB/d/individual,1,1,normalized-label,"",not-reviewed,Validate normalization or conversion semantics and review canonical identifier plus quantity kind.
263,ETB/sheep,ETB/sheep,1,1,identity-label,"",not-reviewed,Retain label mapping and review canonical identifier plus quantity kind.
264,ETD/head,ETB/individual,1,1,normalized-label,"",not-reviewed,Validate normalization or conversion semantics and review canonical identifier plus quantity kind.
265,ETH/ha,,1,0,unresolved,"",not-reviewed,Preserve raw label and hold canonical mapping until unit meaning is reviewed.
266,EUR/ha,EUR/ha,1,1,identity-label,"",not-reviewed,Retain label mapping and review canonical identifier plus quantity kind.
267,Evenness,Evenness,1,1,identity-label,"",not-reviewed,Retain label mapping and review canonical identifier plus quantity kind.
268,Evenness Index,Evenness Index,1,1,identity-label,"",not-reviewed,Retain label mapping and review canonical identifier plus quantity kind.
269,Eviscerated %,Eviscerated %,1,1,identity-label,"",not-reviewed,Retain label mapping and review canonical identifier plus quantity kind.
270,excreta,,1,0,unresolved,"",not-reviewed,Preserve raw label and hold canonical mapping until unit meaning is reviewed.
271,F CFA/kg,XOF/kg,1,1,normalized-label,"",not-reviewed,Validate normalization or conversion semantics and review canonical identifier plus quantity kind.
272,FCFA,XOF,1,1,normalized-label,"",not-reviewed,Validate normalization or conversion semantics and review canonical identifier plus quantity kind.
273,FCFA/kg live weight gain,XOF/kg live weight gain,1,1,normalized-label,"",not-reviewed,Validate normalization or conversion semantics and review canonical identifier plus quantity kind.
274,FCM,,1,0,unresolved,"",not-reviewed,Preserve raw label and hold canonical mapping until unit meaning is reviewed.
275,Fecundity,,1,0,unresolved,"",not-reviewed,Preserve raw label and hold canonical mapping until unit meaning is reviewed.
276,feed,,1,0,unresolved,"",not-reviewed,Preserve raw label and hold canonical mapping until unit meaning is reviewed.
277,forage,,1,0,unresolved,"",not-reviewed,Preserve raw label and hold canonical mapping until unit meaning is reviewed.
278,FRF/ha,FRF/ha,1,1,identity-label,"",not-reviewed,Retain label mapping and review canonical identifier plus quantity kind.
279,Fruits/plant,fruits/plant,1,1,normalized-label,"",not-reviewed,Validate normalization or conversion semantics and review canonical identifier plus quantity kind.
280,Fungi CFU/g soil,fungi CFU/g soil,1,1,normalized-label,"",not-reviewed,Validate normalization or conversion semantics and review canonical identifier plus quantity kind.
281,g,g,1,1,identity-label,"",not-reviewed,Retain label mapping and review canonical identifier plus quantity kind.
282,g  /kg,g/kg,1,1,normalized-label,"",not-reviewed,Validate normalization or conversion semantics and review canonical identifier plus quantity kind.
283,g /individual/day,g/d/individual,1,1,normalized-label,"",not-reviewed,Validate normalization or conversion semantics and review canonical identifier plus quantity kind.
284,g /kg,g/kg,1,1,normalized-label,"",not-reviewed,Validate normalization or conversion semantics and review canonical identifier plus quantity kind.
285,g biomass /kg,g biomass/kg,1,1,normalized-label,"",not-reviewed,Validate normalization or conversion semantics and review canonical identifier plus quantity kind.
286,g biomass/kg transpired,g biomass/kg transpired,1,1,identity-label,"",not-reviewed,Retain label mapping and review canonical identifier plus quantity kind.
287,g C/(ha d),g C/kg,1,1,normalized-label,"",not-reviewed,Validate normalization or conversion semantics and review canonical identifier plus quantity kind.
288,g C/kg,g C/kg,1,1,identity-label,"",not-reviewed,Retain label mapping and review canonical identifier plus quantity kind.
289,g Carcass,g carcass,1,1,normalized-label,"",not-reviewed,Validate normalization or conversion semantics and review canonical identifier plus quantity kind.
290,g C-CO2m2/day,g CO2-C/m2/d,1,1,normalized-label,"",not-reviewed,Validate normalization or conversion semantics and review canonical identifier plus quantity kind.
291,g CH4-C/ha,g CH4-C/ha,1,1,identity-label,"",not-reviewed,Retain label mapping and review canonical identifier plus quantity kind.
292,g CH4-C/ha total over 14 days,g CH4-C/ha/14 d,1,1,normalized-label,"",not-reviewed,Validate normalization or conversion semantics and review canonical identifier plus quantity kind.
293,g CO2-C/day,g CO2-C/d,1,1,normalized-label,"",not-reviewed,Validate normalization or conversion semantics and review canonical identifier plus quantity kind.
294,g CO2-C/g C,g CO2-C/g C,1,1,identity-label,"",not-reviewed,Retain label mapping and review canonical identifier plus quantity kind.
295,g CO2-C/ha,g CO2-C/ha,1,1,identity-label,"",not-reviewed,Retain label mapping and review canonical identifier plus quantity kind.
296,g CO2-C/ha total over 14 days,g CO2-C/ha/14 d,1,1,normalized-label,"",not-reviewed,Validate normalization or conversion semantics and review canonical identifier plus quantity kind.
297,g CO2-C/m2/day,g CO2-C/m2/d,1,1,normalized-label,"",not-reviewed,Validate normalization or conversion semantics and review canonical identifier plus quantity kind.
298,g CO-C/m2/day,g CO-C/m2/d,1,1,normalized-label,"",not-reviewed,Validate normalization or conversion semantics and review canonical identifier plus quantity kind.
299,g Cold Carcass,g cold carcass,1,1,normalized-label,"",not-reviewed,Validate normalization or conversion semantics and review canonical identifier plus quantity kind.
300,g Defeathered,g defeathered,1,1,normalized-label,"",not-reviewed,Validate normalization or conversion semantics and review canonical identifier plus quantity kind.
301,g DM  per square m,g DM/m2,1,1,normalized-label,"",not-reviewed,Validate normalization or conversion semantics and review canonical identifier plus quantity kind.
302,g dm-3,d/dm3,1,1,normalized-label,"",not-reviewed,Validate normalization or conversion semantics and review canonical identifier plus quantity kind.
303,g Dressed,g dressed,1,1,normalized-label,"",not-reviewed,Validate normalization or conversion semantics and review canonical identifier plus quantity kind.
304,g dry matter/kg transpired,g DM/kg transpired,1,1,normalized-label,"",not-reviewed,Validate normalization or conversion semantics and review canonical identifier plus quantity kind.
305,g firewood/g ingredient,g firewood/g ingredient,1,1,identity-label,"",not-reviewed,Retain label mapping and review canonical identifier plus quantity kind.
306,g g/N,,1,0,unresolved,"",not-reviewed,Preserve raw label and hold canonical mapping until unit meaning is reviewed.
307,g Hot Carcass,g hot carcass,1,1,normalized-label,"",not-reviewed,Validate normalization or conversion semantics and review canonical identifier plus quantity kind.
308,g kg-3,g/kg,1,1,normalized-label,"",not-reviewed,Validate normalization or conversion semantics and review canonical identifier plus quantity kind.
309,g N/(ha d),g N/ha/d,1,1,normalized-label,"",not-reviewed,Validate normalization or conversion semantics and review canonical identifier plus quantity kind.
310,g N2O-N/ha,g N2O-N/ha,1,1,identity-label,"",not-reviewed,Retain label mapping and review canonical identifier plus quantity kind.
311,g N2O-N/ha total over 14 days,g N2O-N/ha/14 d,1,1,normalized-label,"",not-reviewed,Validate normalization or conversion semantics and review canonical identifier plus quantity kind.
312,g N2O-N/ha/day,g N2O-N/ha/d,1,1,normalized-label,"",not-reviewed,Validate normalization or conversion semantics and review canonical identifier plus quantity kind.
313,g N2O-N/ha/year,g N2O-N/ha/yr,1,1,normalized-label,"",not-reviewed,Validate normalization or conversion semantics and review canonical identifier plus quantity kind.
314,g N2O-N/kg,g N2O-N/kg,1,1,identity-label,"",not-reviewed,Retain label mapping and review canonical identifier plus quantity kind.
315,g N-N2O/ha,g N2O-N/ha,1,1,normalized-label,"",not-reviewed,Validate normalization or conversion semantics and review canonical identifier plus quantity kind.
316,g of C /day,g C/d,1,1,normalized-label,"",not-reviewed,Validate normalization or conversion semantics and review canonical identifier plus quantity kind.
317,g of C in CO2 equiv/day,g CO2-C eq/d,1,1,normalized-label,"",not-reviewed,Validate normalization or conversion semantics and review canonical identifier plus quantity kind.
318,g of C/day,g C/d,1,1,normalized-label,"",not-reviewed,Validate normalization or conversion semantics and review canonical identifier plus quantity kind.
319,g of CO/day,g CO/d,1,1,normalized-label,"",not-reviewed,Validate normalization or conversion semantics and review canonical identifier plus quantity kind.
320,g Slaughter Carcass,g slaughter carcass,1,1,normalized-label,"",not-reviewed,Validate normalization or conversion semantics and review canonical identifier plus quantity kind.
321,g water/g dry soil,g water/g dry soil,1,1,identity-label,"",not-reviewed,Retain label mapping and review canonical identifier plus quantity kind.
322,g.kg,g/kg,1,1,normalized-label,"",not-reviewed,Validate normalization or conversion semantics and review canonical identifier plus quantity kind.
323,g/ individual/day,g/d/individual,1,1,normalized-label,"",not-reviewed,Validate normalization or conversion semantics and review canonical identifier plus quantity kind.
324,g/(m2 mm),g/m2/mm,1,1,normalized-label,"",not-reviewed,Validate normalization or conversion semantics and review canonical identifier plus quantity kind.
325,g/100 g,g/100 g,1,1,identity-label,"",not-reviewed,Retain label mapping and review canonical identifier plus quantity kind.
326,g/100g,g/100 g,1,1,normalized-label,"",not-reviewed,Validate normalization or conversion semantics and review canonical identifier plus quantity kind.
327,g/2.5l,g/2.5 l,1,1,normalized-label,"",not-reviewed,Validate normalization or conversion semantics and review canonical identifier plus quantity kind.
328,g/21days,g/21 d,1,1,normalized-label,"",not-reviewed,Validate normalization or conversion semantics and review canonical identifier plus quantity kind.
329,g/234,,1,0,unresolved,"",not-reviewed,Preserve raw label and hold canonical mapping until unit meaning is reviewed.
330,g/3 plants,g/3 plants,1,1,identity-label,"",not-reviewed,Retain label mapping and review canonical identifier plus quantity kind.
331,g/cm,g/cm,1,1,identity-label,"",not-reviewed,Retain label mapping and review canonical identifier plus quantity kind.
332,g/cm3,g/cm3,1,1,identity-label,"",not-reviewed,Retain label mapping and review canonical identifier plus quantity kind.
333,g/cob,g/cob,1,1,identity-label,"",not-reviewed,Retain label mapping and review canonical identifier plus quantity kind.
334,g/day,g/d,1,1,normalized-label,"",not-reviewed,Validate normalization or conversion semantics and review canonical identifier plus quantity kind.
335,g/day/animal,g/d/individual,1,1,normalized-label,"",not-reviewed,Validate normalization or conversion semantics and review canonical identifier plus quantity kind.
336,g/day/fish,g/d/individual,1,1,normalized-label,"",not-reviewed,Validate normalization or conversion semantics and review canonical identifier plus quantity kind.
337,g/day/individual,g/d/individual,1,1,normalized-label,"",not-reviewed,Validate normalization or conversion semantics and review canonical identifier plus quantity kind.
338,g/dindividual/day,g/d/individual,1,1,normalized-label,"",not-reviewed,Validate normalization or conversion semantics and review canonical identifier plus quantity kind.
339,g/dm3,g/dm3,1,1,identity-label,"",not-reviewed,Retain label mapping and review canonical identifier plus quantity kind.
340,g/dozen,g/dozen,1,1,identity-label,"",not-reviewed,Retain label mapping and review canonical identifier plus quantity kind.
341,g/fish,g/individual,1,1,normalized-label,"",not-reviewed,Validate normalization or conversion semantics and review canonical identifier plus quantity kind.
342,g/g,g/g,1,1,identity-label,"",not-reviewed,Retain label mapping and review canonical identifier plus quantity kind.
343,g/g N,g/g N,1,1,identity-label,"",not-reviewed,Retain label mapping and review canonical identifier plus quantity kind.
344,g/goat/day,g/d/goat,1,1,normalized-label,"",not-reviewed,Validate normalization or conversion semantics and review canonical identifier plus quantity kind.
345,g/ha,g/ha,1,1,identity-label,"",not-reviewed,Retain label mapping and review canonical identifier plus quantity kind.
346,g/ha/day,g/ha/d,1,1,normalized-label,"",not-reviewed,Validate normalization or conversion semantics and review canonical identifier plus quantity kind.
347,g/head/day,g/d/individual,1,1,normalized-label,"",not-reviewed,Validate normalization or conversion semantics and review canonical identifier plus quantity kind.
348,g/Individual,g/individual,1,1,normalized-label,"",not-reviewed,Validate normalization or conversion semantics and review canonical identifier plus quantity kind.
349,g/individual.day,g/d/individual,1,1,normalized-label,"",not-reviewed,Validate normalization or conversion semantics and review canonical identifier plus quantity kind.
350,g/individual/d,g/d/individual,1,1,normalized-label,"",not-reviewed,Validate normalization or conversion semantics and review canonical identifier plus quantity kind.
351,g/Individual/day,g/d/individual,1,1,normalized-label,"",not-reviewed,Validate normalization or conversion semantics and review canonical identifier plus quantity kind.
352,g/individual/day,g/d/individual,1,1,normalized-label,"",not-reviewed,Validate normalization or conversion semantics and review canonical identifier plus quantity kind.
353,g/indivividual/day,g/d/individual,1,1,normalized-label,"",not-reviewed,Validate normalization or conversion semantics and review canonical identifier plus quantity kind.
354,g/ka,,1,0,unresolved,"",not-reviewed,Preserve raw label and hold canonical mapping until unit meaning is reviewed.
355,g/Kg,g/kg,1,1,normalized-label,"",not-reviewed,Validate normalization or conversion semantics and review canonical identifier plus quantity kind.
356,g/kg fuel,g/kg fuel,1,1,identity-label,"",not-reviewed,Retain label mapping and review canonical identifier plus quantity kind.
357,g/l,g/l,1,1,identity-label,"",not-reviewed,Retain label mapping and review canonical identifier plus quantity kind.
358,g/l charcoal,g/l charcoal,1,1,identity-label,"",not-reviewed,Retain label mapping and review canonical identifier plus quantity kind.
359,g/l firewood,g/l firewood,1,1,identity-label,"",not-reviewed,Retain label mapping and review canonical identifier plus quantity kind.
360,g/m/s,g/m/s,1,1,identity-label,"",not-reviewed,Retain label mapping and review canonical identifier plus quantity kind.
361,g/m2,g/m2,1,1,identity-label,"",not-reviewed,Retain label mapping and review canonical identifier plus quantity kind.
362,g/m2 DM,g DM/m2,1,1,normalized-label,"",not-reviewed,Validate normalization or conversion semantics and review canonical identifier plus quantity kind.
363,g/m3,g/m3,1,1,identity-label,"",not-reviewed,Retain label mapping and review canonical identifier plus quantity kind.
364,g/m3/day,g/m3/d,1,1,normalized-label,"",not-reviewed,Validate normalization or conversion semantics and review canonical identifier plus quantity kind.
365,g/MJ,g/MJ,1,1,identity-label,"",not-reviewed,Retain label mapping and review canonical identifier plus quantity kind.
366,g/mm,g/mm,1,1,identity-label,"",not-reviewed,Retain label mapping and review canonical identifier plus quantity kind.
367,g/ndividual/day,g/d/individual,1,1,normalized-label,"",not-reviewed,Validate normalization or conversion semantics and review canonical identifier plus quantity kind.
368,g/piece,g/piece,1,1,identity-label,"",not-reviewed,Retain label mapping and review canonical identifier plus quantity kind.
369,g/plant,g/plant,1,1,identity-label,"",not-reviewed,Retain label mapping and review canonical identifier plus quantity kind.
370,g/tree,g/tree,1,1,identity-label,"",not-reviewed,Retain label mapping and review canonical identifier plus quantity kind.
371,g/tree/year,g/tree/year,1,1,identity-label,"",not-reviewed,Retain label mapping and review canonical identifier plus quantity kind.
372,g/vine,g/vine,1,1,identity-label,"",not-reviewed,Retain label mapping and review canonical identifier plus quantity kind.
373,g/week,g/week,1,1,identity-label,"",not-reviewed,Retain label mapping and review canonical identifier plus quantity kind.
374,g/year,g/year,1,1,identity-label,"",not-reviewed,Retain label mapping and review canonical identifier plus quantity kind.
375,gain/feed,,1,0,unresolved,"",not-reviewed,Preserve raw label and hold canonical mapping until unit meaning is reviewed.
376,gain/protein,,1,0,unresolved,"",not-reviewed,Preserve raw label and hold canonical mapping until unit meaning is reviewed.
377,gained,,1,0,unresolved,"",not-reviewed,Preserve raw label and hold canonical mapping until unit meaning is reviewed.
378,GHC,GHC,1,1,identity-label,"",not-reviewed,Retain label mapping and review canonical identifier plus quantity kind.
379,GHC/ha,GHS/ha,1,1,normalized-label,"",not-reviewed,Validate normalization or conversion semantics and review canonical identifier plus quantity kind.
380,GHC/person-day,GHC/person-day,1,1,identity-label,"",not-reviewed,Retain label mapping and review canonical identifier plus quantity kind.
381,GHS,GHS,1,1,identity-label,"",not-reviewed,Retain label mapping and review canonical identifier plus quantity kind.
382,GHS/acre,GHS/acre,1,1,identity-label,"",not-reviewed,Retain label mapping and review canonical identifier plus quantity kind.
383,GHS/ha,GHS/ha,1,1,identity-label,"",not-reviewed,Retain label mapping and review canonical identifier plus quantity kind.
384,GMD/ha,GMD/ha,1,1,identity-label,"",not-reviewed,Retain label mapping and review canonical identifier plus quantity kind.
385,group richness,group richness,1,1,identity-label,"",not-reviewed,Retain label mapping and review canonical identifier plus quantity kind.
386,h,h,1,1,identity-label,"",not-reviewed,Retain label mapping and review canonical identifier plus quantity kind.
387,H,Shannon-Weaver Index (H'),1,1,normalized-label,"",not-reviewed,Validate normalization or conversion semantics and review canonical identifier plus quantity kind.
388,H',Shannon-Weaver Index (H'),1,1,normalized-label,"",not-reviewed,Validate normalization or conversion semantics and review canonical identifier plus quantity kind.
389,h/day,hr/d,1,1,normalized-label,"",not-reviewed,Validate normalization or conversion semantics and review canonical identifier plus quantity kind.
390,h/year,hr/yr,1,1,normalized-label,"",not-reviewed,Validate normalization or conversion semantics and review canonical identifier plus quantity kind.
391,H’,Shannon-Weaver Index (H'),1,1,normalized-label,"",not-reviewed,Validate normalization or conversion semantics and review canonical identifier plus quantity kind.
392,H′,Shannon-Weaver Index (H'),1,1,normalized-label,"",not-reviewed,Validate normalization or conversion semantics and review canonical identifier plus quantity kind.
393,ha/h,ha/hr,1,1,normalized-label,"",not-reviewed,Validate normalization or conversion semantics and review canonical identifier plus quantity kind.
394,hg/ha,kg/ha,1,1,normalized-label,"",not-reviewed,Validate normalization or conversion semantics and review canonical identifier plus quantity kind.
395,Hot carcass %,hot carcass %,1,1,normalized-label,"",not-reviewed,Validate normalization or conversion semantics and review canonical identifier plus quantity kind.
396,Hot carcass g/kg body weight,hot carcass g/kg body weight,1,1,normalized-label,"",not-reviewed,Validate normalization or conversion semantics and review canonical identifier plus quantity kind.
397,hours,hrs,1,1,normalized-label,"",not-reviewed,Validate normalization or conversion semantics and review canonical identifier plus quantity kind.
398,hours (collecting firewood),hrs (collecting firewood),1,1,normalized-label,"",not-reviewed,Validate normalization or conversion semantics and review canonical identifier plus quantity kind.
399,hours/ha,hr/ha,1,1,normalized-label,"",not-reviewed,Validate normalization or conversion semantics and review canonical identifier plus quantity kind.
400,hours/week (cooking),hr/week (cooking),1,1,normalized-label,"",not-reviewed,Validate normalization or conversion semantics and review canonical identifier plus quantity kind.
401,hours/week (firewood preparation),hr/week (firewood preparation),1,1,normalized-label,"",not-reviewed,Validate normalization or conversion semantics and review canonical identifier plus quantity kind.
402,hours/week (fuel collection),hr/week (fuel collection),1,1,normalized-label,"",not-reviewed,Validate normalization or conversion semantics and review canonical identifier plus quantity kind.
403,hr/ha,hr/ha,1,1,identity-label,"",not-reviewed,Retain label mapping and review canonical identifier plus quantity kind.
404,IBW/individual,IBW/individual,1,1,identity-label,"",not-reviewed,Retain label mapping and review canonical identifier plus quantity kind.
405,in,,1,0,unresolved,"",not-reviewed,Preserve raw label and hold canonical mapping until unit meaning is reviewed.
406,Index,,1,0,unresolved,"",not-reviewed,Preserve raw label and hold canonical mapping until unit meaning is reviewed.
407,Individuals,n,1,1,normalized-label,"",not-reviewed,Validate normalization or conversion semantics and review canonical identifier plus quantity kind.
408,individuals/100g dry soil,n/100 g dry soil,1,1,normalized-label,"",not-reviewed,Validate normalization or conversion semantics and review canonical identifier plus quantity kind.
409,Individuals/m2,n/m2,1,1,normalized-label,"",not-reviewed,Validate normalization or conversion semantics and review canonical identifier plus quantity kind.
410,INR/ha,INR/ha,1,1,identity-label,"",not-reviewed,Retain label mapping and review canonical identifier plus quantity kind.
411,insects/100g,n/100 g,1,1,normalized-label,"",not-reviewed,Validate normalization or conversion semantics and review canonical identifier plus quantity kind.
412,insects/500g,n/500 g,1,1,normalized-label,"",not-reviewed,Validate normalization or conversion semantics and review canonical identifier plus quantity kind.
413,intake,,1,0,unresolved,"",not-reviewed,Preserve raw label and hold canonical mapping until unit meaning is reviewed.
414,KES,KES,1,1,identity-label,"",not-reviewed,Retain label mapping and review canonical identifier plus quantity kind.
415,KES/100kg,KES/100 kg,1,1,normalized-label,"",not-reviewed,Validate normalization or conversion semantics and review canonical identifier plus quantity kind.
416,KES/ha,KES/ha,1,1,identity-label,"",not-reviewed,Retain label mapping and review canonical identifier plus quantity kind.
417,KES/kg,KES/kg,1,1,identity-label,"",not-reviewed,Retain label mapping and review canonical identifier plus quantity kind.
418,Kg,kg,1,1,normalized-label,"",not-reviewed,Validate normalization or conversion semantics and review canonical identifier plus quantity kind.
419,kg,kg,1,1,identity-label,"",not-reviewed,Retain label mapping and review canonical identifier plus quantity kind.
420,kg /ha,kg/ha,1,1,normalized-label,"",not-reviewed,Validate normalization or conversion semantics and review canonical identifier plus quantity kind.
421,kg /ha/mm,kg/ha/mm,1,1,normalized-label,"",not-reviewed,Validate normalization or conversion semantics and review canonical identifier plus quantity kind.
422,kg attacked,kg attacked,1,1,identity-label,"",not-reviewed,Retain label mapping and review canonical identifier plus quantity kind.
423,kg biomass/(ha/mm rainfall),kg biomass/ha/mm,1,1,normalized-label,"",not-reviewed,Validate normalization or conversion semantics and review canonical identifier plus quantity kind.
424,kg biomass/ha/mm,kg biomass/ha/mm,1,1,identity-label,"",not-reviewed,Retain label mapping and review canonical identifier plus quantity kind.
425,kg biomass/kg P applied,kg biomass/kg P,1,1,normalized-label,"",not-reviewed,Validate normalization or conversion semantics and review canonical identifier plus quantity kind.
426,kg biomass/mm,kg biomass/mm,1,1,identity-label,"",not-reviewed,Retain label mapping and review canonical identifier plus quantity kind.
427,kg C /ha/ yr,kg C/ha/yr,1,1,normalized-label,"",not-reviewed,Validate normalization or conversion semantics and review canonical identifier plus quantity kind.
428,kg C/(ha d),kg C/ha/d,1,1,normalized-label,"",not-reviewed,Validate normalization or conversion semantics and review canonical identifier plus quantity kind.
429,kg C/m3,kg C/m3,1,1,identity-label,"",not-reviewed,Retain label mapping and review canonical identifier plus quantity kind.
430,kg Carcass,kg carcass,1,1,normalized-label,"",not-reviewed,Validate normalization or conversion semantics and review canonical identifier plus quantity kind.
431,kg CH4 C /ha/yr,kg CH4-C/ha/yr,1,1,normalized-label,"",not-reviewed,Validate normalization or conversion semantics and review canonical identifier plus quantity kind.
432,kg CH4-C/ha,kg CH4-C/ha,1,1,identity-label,"",not-reviewed,Retain label mapping and review canonical identifier plus quantity kind.
433,kg clean wool,kg clean wool,1,1,identity-label,"",not-reviewed,Retain label mapping and review canonical identifier plus quantity kind.
434,kg CO2eq/kg,kg CO2eq/kg,1,1,identity-label,"",not-reviewed,Retain label mapping and review canonical identifier plus quantity kind.
435,kg Cold carcass,kg cold carcass,1,1,normalized-label,"",not-reviewed,Validate normalization or conversion semantics and review canonical identifier plus quantity kind.
436,kg DM/ha,kg DM/ha,1,1,identity-label,"",not-reviewed,Retain label mapping and review canonical identifier plus quantity kind.
437,kg DM/ha/mm,kg DM/ha/mm,1,1,identity-label,"",not-reviewed,Retain label mapping and review canonical identifier plus quantity kind.
438,kg Dressed,kg dressed,1,1,normalized-label,"",not-reviewed,Validate normalization or conversion semantics and review canonical identifier plus quantity kind.
439,kg dry matter/(ha mm),kg DM/ha/mm,1,1,normalized-label,"",not-reviewed,Validate normalization or conversion semantics and review canonical identifier plus quantity kind.
440,kg dry matter/ha/mm,kg DM/ha/mm,1,1,normalized-label,"",not-reviewed,Validate normalization or conversion semantics and review canonical identifier plus quantity kind.
441,kg dry matter/kg N,kg DM/kg N,1,1,normalized-label,"",not-reviewed,Validate normalization or conversion semantics and review canonical identifier plus quantity kind.
442,kg dry matter/m3,kg DM/m3,1,1,normalized-label,"",not-reviewed,Validate normalization or conversion semantics and review canonical identifier plus quantity kind.
443,kg DW/mm,kg DW/mm,1,1,identity-label,"",not-reviewed,Retain label mapping and review canonical identifier plus quantity kind.
444,kg eq/MJ,kg eq/MJ,1,1,identity-label,"",not-reviewed,Retain label mapping and review canonical identifier plus quantity kind.
445,kg equivalent yield/kg N applied,kg equivalent yield/kg N,1,1,normalized-label,"",not-reviewed,Validate normalization or conversion semantics and review canonical identifier plus quantity kind.
446,kg equivalent yield/kg P applied,kg equivalent yield/kg P,1,1,normalized-label,"",not-reviewed,Validate normalization or conversion semantics and review canonical identifier plus quantity kind.
447,kg Eviscerated,kg eviscerated,1,1,normalized-label,"",not-reviewed,Validate normalization or conversion semantics and review canonical identifier plus quantity kind.
448,kg fuelwood/kg cooked food,kg fuelwood/kg food cooked,1,1,normalized-label,"",not-reviewed,Validate normalization or conversion semantics and review canonical identifier plus quantity kind.
449,kg fuelwood/kg food cooked,kg fuelwood/kg food cooked,1,1,identity-label,"",not-reviewed,Retain label mapping and review canonical identifier plus quantity kind.
450,kg gain/m3 precipitation,kg grain/m3 rain,1,1,normalized-label,"",not-reviewed,Validate normalization or conversion semantics and review canonical identifier plus quantity kind.
451,kg garin/ kg k applied,kg grain/kg K,1,1,normalized-label,"",not-reviewed,Validate normalization or conversion semantics and review canonical identifier plus quantity kind.
452,kg garin/ kg P applied,kg grain/kg P,1,1,normalized-label,"",not-reviewed,Validate normalization or conversion semantics and review canonical identifier plus quantity kind.
453,kg grain /m3,kg grain/m3,1,1,normalized-label,"",not-reviewed,Validate normalization or conversion semantics and review canonical identifier plus quantity kind.
454,Kg grain kg/N applied,kg grain/kg N,1,1,normalized-label,"",not-reviewed,Validate normalization or conversion semantics and review canonical identifier plus quantity kind.
455,kg grain per kg N applied,kg grain/kg N,1,1,normalized-label,"",not-reviewed,Validate normalization or conversion semantics and review canonical identifier plus quantity kind.
456,kg grain/kg,kg grain/kg,1,1,identity-label,"",not-reviewed,Retain label mapping and review canonical identifier plus quantity kind.
457,kg grain/kg K,kg grain/kg K,1,1,identity-label,"",not-reviewed,Retain label mapping and review canonical identifier plus quantity kind.
458,kg grain/kg N,kg grain/kg N,1,1,identity-label,"",not-reviewed,Retain label mapping and review canonical identifier plus quantity kind.
459,kg grain/kg N applied,kg grain/kg N,1,1,normalized-label,"",not-reviewed,Validate normalization or conversion semantics and review canonical identifier plus quantity kind.
460,kg grain/kg NPK,kg grain/kg NPK,1,1,identity-label,"",not-reviewed,Retain label mapping and review canonical identifier plus quantity kind.
461,kg grain/kg of N,kg grain/kg N,1,1,normalized-label,"",not-reviewed,Validate normalization or conversion semantics and review canonical identifier plus quantity kind.
462,kg grain/kg P,kg grain/kg P,1,1,identity-label,"",not-reviewed,Retain label mapping and review canonical identifier plus quantity kind.
463,kg grain/kg P applied,kg grain/kg P,1,1,normalized-label,"",not-reviewed,Validate normalization or conversion semantics and review canonical identifier plus quantity kind.
464,kg grain/kg P ha applied,kg grain/kg P/ha,1,1,normalized-label,"",not-reviewed,Validate normalization or conversion semantics and review canonical identifier plus quantity kind.
465,kg grain/kgN,kg grain/kg N,1,1,normalized-label,"",not-reviewed,Validate normalization or conversion semantics and review canonical identifier plus quantity kind.
466,kg grain/N applied,kg grain/kg N,1,1,normalized-label,"",not-reviewed,Validate normalization or conversion semantics and review canonical identifier plus quantity kind.
467,Kg grains/kg,kg grain/kg,1,1,normalized-label,"",not-reviewed,Validate normalization or conversion semantics and review canonical identifier plus quantity kind.
468,kg greasy wool/year,kg greasy wool/yr,1,1,normalized-label,"",not-reviewed,Validate normalization or conversion semantics and review canonical identifier plus quantity kind.
469,kg Hot carcass,kg hot carcass,1,1,normalized-label,"",not-reviewed,Validate normalization or conversion semantics and review canonical identifier plus quantity kind.
470,kg K uptake/kg K applied,kg K uptake/kg K,1,1,normalized-label,"",not-reviewed,Validate normalization or conversion semantics and review canonical identifier plus quantity kind.
471,kg K used/kg K applied,kg K used/kg K,1,1,normalized-label,"",not-reviewed,Validate normalization or conversion semantics and review canonical identifier plus quantity kind.
472,kg marketable yield/ha/cm,kg marketable yield/ha/cm,1,1,identity-label,"",not-reviewed,Retain label mapping and review canonical identifier plus quantity kind.
473,kg N uptake/ kg N applied,kg N uptake/kg N,1,1,normalized-label,"",not-reviewed,Validate normalization or conversion semantics and review canonical identifier plus quantity kind.
474,kg N uptake/kg N applied,kg N uptake/kg N,1,1,normalized-label,"",not-reviewed,Validate normalization or conversion semantics and review canonical identifier plus quantity kind.
475,kg N used/kg N applied,kg N used/kg N,1,1,normalized-label,"",not-reviewed,Validate normalization or conversion semantics and review canonical identifier plus quantity kind.
476,kg N/ ha/yr,kg N/ha/yr,1,1,normalized-label,"",not-reviewed,Validate normalization or conversion semantics and review canonical identifier plus quantity kind.
477,kg N/ha,kg N/ha,1,1,identity-label,"",not-reviewed,Retain label mapping and review canonical identifier plus quantity kind.
478,kg N/ha/yr,kg N/ha/yr,1,1,identity-label,"",not-reviewed,Retain label mapping and review canonical identifier plus quantity kind.
479,Kg N/kg grain,kg N/kg grain,1,1,normalized-label,"",not-reviewed,Validate normalization or conversion semantics and review canonical identifier plus quantity kind.
480,kg N/kg N,kg N/kg N,1,1,identity-label,"",not-reviewed,Retain label mapping and review canonical identifier plus quantity kind.
481,kg N/kg N applied,kg N/kg N,1,1,normalized-label,"",not-reviewed,Validate normalization or conversion semantics and review canonical identifier plus quantity kind.
482,kg N15/ha,kg N15/ha,1,1,identity-label,"",not-reviewed,Retain label mapping and review canonical identifier plus quantity kind.
483,kg N2O-N/ha,kg N2O-N/ha,1,1,identity-label,"",not-reviewed,Retain label mapping and review canonical identifier plus quantity kind.
484,kg N2O‐Nha‐1,kg N2O-N/ha,1,1,normalized-label,"",not-reviewed,Validate normalization or conversion semantics and review canonical identifier plus quantity kind.
485,kg N-uptake/kg N applied,kg N uptake/kg N,1,1,normalized-label,"",not-reviewed,Validate normalization or conversion semantics and review canonical identifier plus quantity kind.
486,Kg of Grain/Kg N,kg grain/kg N,1,1,normalized-label,"",not-reviewed,Validate normalization or conversion semantics and review canonical identifier plus quantity kind.
487,kg P uptake/kg P applied,kg P uptake/kg P,1,1,normalized-label,"",not-reviewed,Validate normalization or conversion semantics and review canonical identifier plus quantity kind.
488,kg P used/kg P applied,kg P uptake/kg P,1,1,normalized-label,"",not-reviewed,Validate normalization or conversion semantics and review canonical identifier plus quantity kind.
489,kg P/kg P applied,kg P/kg P,1,1,normalized-label,"",not-reviewed,Validate normalization or conversion semantics and review canonical identifier plus quantity kind.
490,kg person/day,kg person/d,1,1,normalized-label,"",not-reviewed,Validate normalization or conversion semantics and review canonical identifier plus quantity kind.
491,kg Slaughter,kg slaughter,1,1,normalized-label,"",not-reviewed,Validate normalization or conversion semantics and review canonical identifier plus quantity kind.
492,kg tuber yield/ha/mm,kg/ha/mm,1,1,normalized-label,"",not-reviewed,Validate normalization or conversion semantics and review canonical identifier plus quantity kind.
493,kg yield/ha/cm,kg/ha/cm,1,1,normalized-label,"",not-reviewed,Validate normalization or conversion semantics and review canonical identifier plus quantity kind.
494,kg yield/ha/m3,kg/ha/m3,1,1,normalized-label,"",not-reviewed,Validate normalization or conversion semantics and review canonical identifier plus quantity kind.
495,kg yield/ha/mm,kg/ha/mm,1,1,normalized-label,"",not-reviewed,Validate normalization or conversion semantics and review canonical identifier plus quantity kind.
496,kg yield/ha/mm irrigation,kg/ha/mm,1,1,normalized-label,"",not-reviewed,Validate normalization or conversion semantics and review canonical identifier plus quantity kind.
497,kg yield/kg,kg/kg,1,1,normalized-label,"",not-reviewed,Validate normalization or conversion semantics and review canonical identifier plus quantity kind.
498,kg yield/kg fertilizer,kg/kg,1,1,normalized-label,"",not-reviewed,Validate normalization or conversion semantics and review canonical identifier plus quantity kind.
499,kg yield/kg N,kg/kg N,1,1,normalized-label,"",not-reviewed,Validate normalization or conversion semantics and review canonical identifier plus quantity kind.
500,kg yield/m3,kg/m3,1,1,normalized-label,"",not-reviewed,Validate normalization or conversion semantics and review canonical identifier plus quantity kind.
501,kg yield/mm,kg/mm,1,1,normalized-label,"",not-reviewed,Validate normalization or conversion semantics and review canonical identifier plus quantity kind.
502,kg/ N2ON/ ha,kg N2O-N/ha,1,1,normalized-label,"",not-reviewed,Validate normalization or conversion semantics and review canonical identifier plus quantity kind.
503,kg/(ha d),kg/ha/d,1,1,normalized-label,"",not-reviewed,Validate normalization or conversion semantics and review canonical identifier plus quantity kind.
504,kg/(ha mm),kg/ha/mm,1,1,normalized-label,"",not-reviewed,Validate normalization or conversion semantics and review canonical identifier plus quantity kind.
505,kg/10 days,kg/10 d,1,1,normalized-label,"",not-reviewed,Validate normalization or conversion semantics and review canonical identifier plus quantity kind.
506,kg/48 hours,kg/48 hr,1,1,normalized-label,"",not-reviewed,Validate normalization or conversion semantics and review canonical identifier plus quantity kind.
507,kg/4m2,kg/4 m2,1,1,normalized-label,"",not-reviewed,Validate normalization or conversion semantics and review canonical identifier plus quantity kind.
508,kg/5days,kg/5 d,1,1,normalized-label,"",not-reviewed,Validate normalization or conversion semantics and review canonical identifier plus quantity kind.
509,kg/a,kg/ha,1,1,normalized-label,"",not-reviewed,Validate normalization or conversion semantics and review canonical identifier plus quantity kind.
510,Kg/acre,kg/acre,1,1,normalized-label,"",not-reviewed,Validate normalization or conversion semantics and review canonical identifier plus quantity kind.
511,kg/capita/day,kg/capita/d,1,1,normalized-label,"",not-reviewed,Validate normalization or conversion semantics and review canonical identifier plus quantity kind.
512,kg/capita/year,kg/capita/yr,1,1,normalized-label,"",not-reviewed,Validate normalization or conversion semantics and review canonical identifier plus quantity kind.
513,kg/d,kg/d,1,1,identity-label,"",not-reviewed,Retain label mapping and review canonical identifier plus quantity kind.
514,kg/d/individual,kg/d/individual,1,1,identity-label,"",not-reviewed,Retain label mapping and review canonical identifier plus quantity kind.
515,kg/day,kg/d,1,1,normalized-label,"",not-reviewed,Validate normalization or conversion semantics and review canonical identifier plus quantity kind.
516,kg/day/cow,kg/d/individual,1,1,normalized-label,"",not-reviewed,Validate normalization or conversion semantics and review canonical identifier plus quantity kind.
517,kg/day/individual,kg/d/individual,1,1,normalized-label,"",not-reviewed,Validate normalization or conversion semantics and review canonical identifier plus quantity kind.
518,kg/DM/m3,kg DM/m3,1,1,normalized-label,"",not-reviewed,Validate normalization or conversion semantics and review canonical identifier plus quantity kind.
519,kg/dm3,kg/dm3,1,1,identity-label,"",not-reviewed,Retain label mapping and review canonical identifier plus quantity kind.
520,kg/fed,kg/fed,1,1,identity-label,"",not-reviewed,Retain label mapping and review canonical identifier plus quantity kind.
521,kg/fedan,kg/fed,1,1,normalized-label,"",not-reviewed,Validate normalization or conversion semantics and review canonical identifier plus quantity kind.
522,kg/feddan,kg/fed,1,1,normalized-label,"",not-reviewed,Validate normalization or conversion semantics and review canonical identifier plus quantity kind.
523,Kg/ha,kg/ha,1,1,normalized-label,"",not-reviewed,Validate normalization or conversion semantics and review canonical identifier plus quantity kind.
524,kg/ha,kg/ha,1,1,identity-label,"",not-reviewed,Retain label mapping and review canonical identifier plus quantity kind.
525,kg/ha DM,kg DM/ha,1,1,normalized-label,"",not-reviewed,Validate normalization or conversion semantics and review canonical identifier plus quantity kind.
526,kg/ha mm,kg/ha/mm,1,1,normalized-label,"",not-reviewed,Validate normalization or conversion semantics and review canonical identifier plus quantity kind.
527,kg/ha(mineral),kg/ha(mineral),1,1,identity-label,"",not-reviewed,Retain label mapping and review canonical identifier plus quantity kind.
528,kg/ha(NH4),kg/ha(NH4),1,1,identity-label,"",not-reviewed,Retain label mapping and review canonical identifier plus quantity kind.
529,kg/ha(NO3),kg/ha(NO3),1,1,identity-label,"",not-reviewed,Retain label mapping and review canonical identifier plus quantity kind.
530,kg/ha/cm2,kg/ha/cm2,1,1,identity-label,"",not-reviewed,Retain label mapping and review canonical identifier plus quantity kind.
531,kg/ha/day,kg/ha/d,1,1,normalized-label,"",not-reviewed,Validate normalization or conversion semantics and review canonical identifier plus quantity kind.
532,kg/ha/mm,kg/ha/mm,1,1,identity-label,"",not-reviewed,Retain label mapping and review canonical identifier plus quantity kind.
533,kg/ha/mm transpired,kg/ha/mm transpired,1,1,identity-label,"",not-reviewed,Retain label mapping and review canonical identifier plus quantity kind.
534,kg/ha/rain,kg/ha/mm,1,1,normalized-label,"",not-reviewed,Validate normalization or conversion semantics and review canonical identifier plus quantity kind.
535,kg/ha/year,kg/ha/yr,1,1,normalized-label,"",not-reviewed,Validate normalization or conversion semantics and review canonical identifier plus quantity kind.
536,kg/ha/yr,kg/ha/yr,1,1,identity-label,"",not-reviewed,Retain label mapping and review canonical identifier plus quantity kind.
537,kg/household/day,kg/d/household,1,1,normalized-label,"",not-reviewed,Validate normalization or conversion semantics and review canonical identifier plus quantity kind.
538,kg/individual,kg/individual,1,1,identity-label,"",not-reviewed,Retain label mapping and review canonical identifier plus quantity kind.
539,kg/Individual,kg/individual,1,1,normalized-label,"",not-reviewed,Validate normalization or conversion semantics and review canonical identifier plus quantity kind.
540,kg/individual/d,kg/d/individual,1,1,normalized-label,"",not-reviewed,Validate normalization or conversion semantics and review canonical identifier plus quantity kind.
541,kg/individual/day,kg/d/individual,1,1,normalized-label,"",not-reviewed,Validate normalization or conversion semantics and review canonical identifier plus quantity kind.
542,kg/individual/year,kg/yr/individual,1,1,normalized-label,"",not-reviewed,Validate normalization or conversion semantics and review canonical identifier plus quantity kind.
543,kg/indivual/day,kg/d/individual,1,1,normalized-label,"",not-reviewed,Validate normalization or conversion semantics and review canonical identifier plus quantity kind.
544,Kg/Kg,kg/kg,1,1,normalized-label,"",not-reviewed,Validate normalization or conversion semantics and review canonical identifier plus quantity kind.
545,kg/kg K,kg/kg K,1,1,identity-label,"",not-reviewed,Retain label mapping and review canonical identifier plus quantity kind.
546,kg/kg N applied,kg/kg N,1,1,normalized-label,"",not-reviewed,Validate normalization or conversion semantics and review canonical identifier plus quantity kind.
547,kg/kg P,kg/kg P,1,1,identity-label,"",not-reviewed,Retain label mapping and review canonical identifier plus quantity kind.
548,kg/kg P2O5,kg/kg P2O5,1,1,identity-label,"",not-reviewed,Retain label mapping and review canonical identifier plus quantity kind.
549,kg/KgN,kg/kg N,1,1,normalized-label,"",not-reviewed,Validate normalization or conversion semantics and review canonical identifier plus quantity kind.
550,kg/litre,kg/l,1,1,normalized-label,"",not-reviewed,Validate normalization or conversion semantics and review canonical identifier plus quantity kind.
551,Kg/m2,kg/m2,1,1,normalized-label,"",not-reviewed,Validate normalization or conversion semantics and review canonical identifier plus quantity kind.
552,kg/m3,kg/m3,1,1,identity-label,"",not-reviewed,Retain label mapping and review canonical identifier plus quantity kind.
553,kg/m3/ha,kg/m3/ha,1,1,identity-label,"",not-reviewed,Retain label mapping and review canonical identifier plus quantity kind.
554,kg/mm,kg/mm,1,1,identity-label,"",not-reviewed,Retain label mapping and review canonical identifier plus quantity kind.
555,kg/person,kg/person,1,1,identity-label,"",not-reviewed,Retain label mapping and review canonical identifier plus quantity kind.
556,kg/person/day,kg/person/d,1,1,normalized-label,"",not-reviewed,Validate normalization or conversion semantics and review canonical identifier plus quantity kind.
557,kg/plant,kg/plant,1,1,identity-label,"",not-reviewed,Retain label mapping and review canonical identifier plus quantity kind.
558,kg/pond,kg/pond,1,1,identity-label,"",not-reviewed,Retain label mapping and review canonical identifier plus quantity kind.
559,kg/tree,kg/tree,1,1,identity-label,"",not-reviewed,Retain label mapping and review canonical identifier plus quantity kind.
560,kg/week,kg/week,1,1,identity-label,"",not-reviewed,Retain label mapping and review canonical identifier plus quantity kind.
561,kg/year,kg/yr,1,1,normalized-label,"",not-reviewed,Validate normalization or conversion semantics and review canonical identifier plus quantity kind.
562,kg/yr,kg/yr,1,1,identity-label,"",not-reviewed,Retain label mapping and review canonical identifier plus quantity kind.
563,kg/yr (production),kg/yr (production),1,1,identity-label,"",not-reviewed,Retain label mapping and review canonical identifier plus quantity kind.
564,kg/yr (use),kg/yr (use),1,1,identity-label,"",not-reviewed,Retain label mapping and review canonical identifier plus quantity kind.
565,kgDW/kgN,kg DM/kg N,1,1,normalized-label,"",not-reviewed,Validate normalization or conversion semantics and review canonical identifier plus quantity kind.
566,kgN.ha-1,kg N/ha,1,1,normalized-label,"",not-reviewed,Validate normalization or conversion semantics and review canonical identifier plus quantity kind.
567,kgN20-N/ha,kg N2O-N/ha,1,1,normalized-label,"",not-reviewed,Validate normalization or conversion semantics and review canonical identifier plus quantity kind.
568,kgt/individual,,1,0,unresolved,"",not-reviewed,Preserve raw label and hold canonical mapping until unit meaning is reviewed.
569,kgyield/ha,kg/ha,1,1,normalized-label,"",not-reviewed,Validate normalization or conversion semantics and review canonical identifier plus quantity kind.
570,kidding,,1,0,unresolved,"",not-reviewed,Preserve raw label and hold canonical mapping until unit meaning is reviewed.
571,kids,,1,0,unresolved,"",not-reviewed,Preserve raw label and hold canonical mapping until unit meaning is reviewed.
572,kids/all,,1,0,unresolved,"",not-reviewed,Preserve raw label and hold canonical mapping until unit meaning is reviewed.
573,KSH,KES,1,1,normalized-label,"",not-reviewed,Validate normalization or conversion semantics and review canonical identifier plus quantity kind.
574,KSH/day,KES/d,1,1,normalized-label,"",not-reviewed,Validate normalization or conversion semantics and review canonical identifier plus quantity kind.
575,KSH/ha,KES/ha,1,1,normalized-label,"",not-reviewed,Validate normalization or conversion semantics and review canonical identifier plus quantity kind.
576,KSH/ha/2year,KES/ha/2 yr,1,1,normalized-label,"",not-reviewed,Validate normalization or conversion semantics and review canonical identifier plus quantity kind.
577,KSH/ha/year,KES/ha/yr,1,1,normalized-label,"",not-reviewed,Validate normalization or conversion semantics and review canonical identifier plus quantity kind.
578,KSH/kg,KES/kg,1,1,normalized-label,"",not-reviewed,Validate normalization or conversion semantics and review canonical identifier plus quantity kind.
579,Ksh/kg,KES/kg,1,1,normalized-label,"",not-reviewed,Validate normalization or conversion semantics and review canonical identifier plus quantity kind.
580,l,l,1,1,identity-label,"",not-reviewed,Retain label mapping and review canonical identifier plus quantity kind.
581,l/cow/day,l/d/individual,1,1,normalized-label,"",not-reviewed,Validate normalization or conversion semantics and review canonical identifier plus quantity kind.
582,l/d,l/d,1,1,identity-label,"",not-reviewed,Retain label mapping and review canonical identifier plus quantity kind.
583,l/day,l/d,1,1,normalized-label,"",not-reviewed,Validate normalization or conversion semantics and review canonical identifier plus quantity kind.
584,L/day/individual,l/d/individual,1,1,normalized-label,"",not-reviewed,Validate normalization or conversion semantics and review canonical identifier plus quantity kind.
585,l/Iindividual/day,l/d/individual,1,1,normalized-label,"",not-reviewed,Validate normalization or conversion semantics and review canonical identifier plus quantity kind.
586,l/individual/day,l/d/individual,1,1,normalized-label,"",not-reviewed,Validate normalization or conversion semantics and review canonical identifier plus quantity kind.
587,l/kg,l/kg,1,1,identity-label,"",not-reviewed,Retain label mapping and review canonical identifier plus quantity kind.
588,L/kg daily gain,l/kg daily gain,1,1,normalized-label,"",not-reviewed,Validate normalization or conversion semantics and review canonical identifier plus quantity kind.
589,L/kg digestible organic matter,l/kg digestible organic matter,1,1,normalized-label,"",not-reviewed,Validate normalization or conversion semantics and review canonical identifier plus quantity kind.
590,L/m2,l/m2,1,1,normalized-label,"",not-reviewed,Validate normalization or conversion semantics and review canonical identifier plus quantity kind.
591,l/tree,l/tree,1,1,identity-label,"",not-reviewed,Retain label mapping and review canonical identifier plus quantity kind.
592,L/year,l/yr,1,1,normalized-label,"",not-reviewed,Validate normalization or conversion semantics and review canonical identifier plus quantity kind.
593,labour days/ha,labour d/ha,1,1,normalized-label,"",not-reviewed,Validate normalization or conversion semantics and review canonical identifier plus quantity kind.
594,labour hours/ha/season,labour hr/ha/season,1,1,normalized-label,"",not-reviewed,Validate normalization or conversion semantics and review canonical identifier plus quantity kind.
595,lambs/ewe/year,offspring/individual/yr,1,1,normalized-label,"",not-reviewed,Validate normalization or conversion semantics and review canonical identifier plus quantity kind.
596,Land Equivalent Ratio,LER,1,1,normalized-label,"",not-reviewed,Validate normalization or conversion semantics and review canonical identifier plus quantity kind.
597,larval/100 seeds,individuals/100 seed,1,1,normalized-label,"",not-reviewed,Validate normalization or conversion semantics and review canonical identifier plus quantity kind.
598,LE pounds,EGP,1,1,normalized-label,"",not-reviewed,Validate normalization or conversion semantics and review canonical identifier plus quantity kind.
599,LER,LER,1,1,identity-label,"",not-reviewed,Retain label mapping and review canonical identifier plus quantity kind.
600,Litre,l,1,1,normalized-label,"",not-reviewed,Validate normalization or conversion semantics and review canonical identifier plus quantity kind.
601,Litre/Cow/day,l/d/individual,1,1,normalized-label,"",not-reviewed,Validate normalization or conversion semantics and review canonical identifier plus quantity kind.
602,litres,l,1,1,normalized-label,"",not-reviewed,Validate normalization or conversion semantics and review canonical identifier plus quantity kind.
603,litres/individual/day,l/d/individual,1,1,normalized-label,"",not-reviewed,Validate normalization or conversion semantics and review canonical identifier plus quantity kind.
604,litres/kg,l/kg,1,1,normalized-label,"",not-reviewed,Validate normalization or conversion semantics and review canonical identifier plus quantity kind.
605,Live,,1,0,unresolved,"",not-reviewed,Preserve raw label and hold canonical mapping until unit meaning is reviewed.
606,living adults/ 500g seed,living adults/500g seed,1,1,normalized-label,"",not-reviewed,Validate normalization or conversion semantics and review canonical identifier plus quantity kind.
607,Log (CFU/g dry soil),log (CFU/g dru soil),1,1,normalized-label,"",not-reviewed,Validate normalization or conversion semantics and review canonical identifier plus quantity kind.
608,log 16S copies/g,log(16S copies/g),1,1,normalized-label,"",not-reviewed,Validate normalization or conversion semantics and review canonical identifier plus quantity kind.
609,log ammonia oxidizing archaea copies/g,log(ammonia oxidizing Archaea copies/g),1,1,normalized-label,"",not-reviewed,Validate normalization or conversion semantics and review canonical identifier plus quantity kind.
610,log ammonia oxidizing bacteria copies/g,log(ammonia oxidizing Bacteria copies/g),1,1,normalized-label,"",not-reviewed,Validate normalization or conversion semantics and review canonical identifier plus quantity kind.
611,log Nxra copies/g,log(nxra copies/g),1,1,normalized-label,"",not-reviewed,Validate normalization or conversion semantics and review canonical identifier plus quantity kind.
612,m/day,m/d,1,1,normalized-label,"",not-reviewed,Validate normalization or conversion semantics and review canonical identifier plus quantity kind.
613,m/g  truly degraded organic matter (24hrs),m/g truly degraded organic matter (d),1,1,normalized-label,"",not-reviewed,Validate normalization or conversion semantics and review canonical identifier plus quantity kind.
614,m3,m3,1,1,identity-label,"",not-reviewed,Retain label mapping and review canonical identifier plus quantity kind.
615,m3/cm3,m3/cm3,1,1,identity-label,"",not-reviewed,Retain label mapping and review canonical identifier plus quantity kind.
616,m3/cm3 (1.3 kPa),m3/cm3 (1.3 kPa),1,1,identity-label,"",not-reviewed,Retain label mapping and review canonical identifier plus quantity kind.
617,m3/cm3 (1.52 kPa),m3/cm3 (1.52 kPa),1,1,identity-label,"",not-reviewed,Retain label mapping and review canonical identifier plus quantity kind.
618,m3/cm3 (1.6 kPa),m3/cm3 (1.6 kPa),1,1,identity-label,"",not-reviewed,Retain label mapping and review canonical identifier plus quantity kind.
619,m3/cm3 (1.78 kPa),m3/cm3 (1.78 kPa),1,1,identity-label,"",not-reviewed,Retain label mapping and review canonical identifier plus quantity kind.
620,m3/cm3 (1kPa),m3/cm3 (1 kPa),1,1,normalized-label,"",not-reviewed,Validate normalization or conversion semantics and review canonical identifier plus quantity kind.
621,m3/cm3 (2 kPa),m3/cm3 (2 kPa),1,1,identity-label,"",not-reviewed,Retain label mapping and review canonical identifier plus quantity kind.
622,m3/cm3 (2.18 kPa),m3/cm3 (2.18 kPa),1,1,identity-label,"",not-reviewed,Retain label mapping and review canonical identifier plus quantity kind.
623,m3/cm3 (2.3 kPa),m3/cm3 (2.3 kPa),1,1,identity-label,"",not-reviewed,Retain label mapping and review canonical identifier plus quantity kind.
624,m3/cm3 (2.48 kPa),m3/cm3 (2.48 kPa),1,1,identity-label,"",not-reviewed,Retain label mapping and review canonical identifier plus quantity kind.
625,m3/cm3 (2.7 kPa),m3/cm3 (2.7 kPa),1,1,identity-label,"",not-reviewed,Retain label mapping and review canonical identifier plus quantity kind.
626,m3/cm3 (2.85 kPa),m3/cm3 (2.85 kPa),1,1,identity-label,"",not-reviewed,Retain label mapping and review canonical identifier plus quantity kind.
627,m3/cm3 (3 kPa),m3/cm3 (3 kPa),1,1,identity-label,"",not-reviewed,Retain label mapping and review canonical identifier plus quantity kind.
628,m3/cm3 (3.18 kPa),m3/cm3 (3.18 kPa),1,1,identity-label,"",not-reviewed,Retain label mapping and review canonical identifier plus quantity kind.
629,m3/fed,m3/fed,1,1,identity-label,"",not-reviewed,Retain label mapping and review canonical identifier plus quantity kind.
630,m3/ha,m3/ha,1,1,identity-label,"",not-reviewed,Retain label mapping and review canonical identifier plus quantity kind.
631,m3/ha/year,m3/ha/yr,1,1,normalized-label,"",not-reviewed,Validate normalization or conversion semantics and review canonical identifier plus quantity kind.
632,m3/kg,m3/kg,1,1,identity-label,"",not-reviewed,Retain label mapping and review canonical identifier plus quantity kind.
633,m3/m3,m3/m3,1,1,identity-label,"",not-reviewed,Retain label mapping and review canonical identifier plus quantity kind.
634,m3/m3 (0 kpa),m3/m3 (0 kpa),1,1,identity-label,"",not-reviewed,Retain label mapping and review canonical identifier plus quantity kind.
635,m3/m3 (0.01 MPa),m3/m3 (0.01 MPa),1,1,identity-label,"",not-reviewed,Retain label mapping and review canonical identifier plus quantity kind.
636,m3/m3 (-1 kpa),m3/m3 (-1 kpa),1,1,identity-label,"",not-reviewed,Retain label mapping and review canonical identifier plus quantity kind.
637,m3/m3 (1.5 MPa),m3/m3 (1.5 MPa),1,1,identity-label,"",not-reviewed,Retain label mapping and review canonical identifier plus quantity kind.
638,m3/m3 (-10 kpa),m3/m3 (-10 kpa),1,1,identity-label,"",not-reviewed,Retain label mapping and review canonical identifier plus quantity kind.
639,m3/m3 (-100 kpa),m3/m3 (-100 kpa),1,1,identity-label,"",not-reviewed,Retain label mapping and review canonical identifier plus quantity kind.
640,m3/m3 (-1000 kpa),m3/m3 (-1000 kpa),1,1,identity-label,"",not-reviewed,Retain label mapping and review canonical identifier plus quantity kind.
641,m3/m3 (-10000 kpa),m3/m3 (-10000 kpa),1,1,identity-label,"",not-reviewed,Retain label mapping and review canonical identifier plus quantity kind.
642,m3/m4,m3/m3,1,1,normalized-label,"",not-reviewed,Validate normalization or conversion semantics and review canonical identifier plus quantity kind.
643,m3/m5,m3/m3,1,1,normalized-label,"",not-reviewed,Validate normalization or conversion semantics and review canonical identifier plus quantity kind.
644,m3/m6,m3/m3,1,1,normalized-label,"",not-reviewed,Validate normalization or conversion semantics and review canonical identifier plus quantity kind.
645,m3/m7,m3/m3,1,1,normalized-label,"",not-reviewed,Validate normalization or conversion semantics and review canonical identifier plus quantity kind.
646,m3/m8,m3/m3,1,1,normalized-label,"",not-reviewed,Validate normalization or conversion semantics and review canonical identifier plus quantity kind.
647,m3/m9,m3/m3,1,1,normalized-label,"",not-reviewed,Validate normalization or conversion semantics and review canonical identifier plus quantity kind.
648,Macrofauna group No.,,1,0,unresolved,"",not-reviewed,Preserve raw label and hold canonical mapping until unit meaning is reviewed.
649,MAD/ha,MAD/ha,1,1,identity-label,"",not-reviewed,Retain label mapping and review canonical identifier plus quantity kind.
650,MAD/ha/year,MAD/ha/yr,1,1,normalized-label,"",not-reviewed,Validate normalization or conversion semantics and review canonical identifier plus quantity kind.
651,male days/ha,person-d/ha,1,1,normalized-label,"",not-reviewed,Validate normalization or conversion semantics and review canonical identifier plus quantity kind.
652,man days/ha,person-d/ha,1,1,normalized-label,"",not-reviewed,Validate normalization or conversion semantics and review canonical identifier plus quantity kind.
653,man hours/ha,person-hr/ha,1,1,normalized-label,"",not-reviewed,Validate normalization or conversion semantics and review canonical identifier plus quantity kind.
654,man-days,person-d,1,1,normalized-label,"",not-reviewed,Validate normalization or conversion semantics and review canonical identifier plus quantity kind.
655,manure/day,,1,0,unresolved,"",not-reviewed,Preserve raw label and hold canonical mapping until unit meaning is reviewed.
656,matter/day,,1,0,unresolved,"",not-reviewed,Preserve raw label and hold canonical mapping until unit meaning is reviewed.
657,mean number of individual/m2,n/m2,1,1,normalized-label,"",not-reviewed,Validate normalization or conversion semantics and review canonical identifier plus quantity kind.
658,mean total insect/ kg sample,n/kg,1,1,normalized-label,"",not-reviewed,Validate normalization or conversion semantics and review canonical identifier plus quantity kind.
659,meq,mEq,1,1,normalized-label,"",not-reviewed,Validate normalization or conversion semantics and review canonical identifier plus quantity kind.
660,meq 100 g−1,mEq/100 g,1,1,normalized-label,"",not-reviewed,Validate normalization or conversion semantics and review canonical identifier plus quantity kind.
661,meq/100 g,mEq/100 g,1,1,normalized-label,"",not-reviewed,Validate normalization or conversion semantics and review canonical identifier plus quantity kind.
662,meq/100 g soil,mEq/100 g,1,1,normalized-label,"",not-reviewed,Validate normalization or conversion semantics and review canonical identifier plus quantity kind.
663,meq/100g,mEq/100 g,1,1,normalized-label,"",not-reviewed,Validate normalization or conversion semantics and review canonical identifier plus quantity kind.
664,meq/g,mEq/g,1,1,normalized-label,"",not-reviewed,Validate normalization or conversion semantics and review canonical identifier plus quantity kind.
665,Mesofauna group No.,,1,0,unresolved,"",not-reviewed,Preserve raw label and hold canonical mapping until unit meaning is reviewed.
666,metabolic,,1,0,unresolved,"",not-reviewed,Preserve raw label and hold canonical mapping until unit meaning is reviewed.
667,mg C / ha,,1,0,unresolved,"",not-reviewed,Preserve raw label and hold canonical mapping until unit meaning is reviewed.
668,mg C /g,mg C/g,1,1,normalized-label,"",not-reviewed,Validate normalization or conversion semantics and review canonical identifier plus quantity kind.
669,Mg C /ha,Mg C/ha,1,1,normalized-label,"",not-reviewed,Validate normalization or conversion semantics and review canonical identifier plus quantity kind.
670,mg C /kg,mg C/g,1,1,normalized-label,"",not-reviewed,Validate normalization or conversion semantics and review canonical identifier plus quantity kind.
671,mg C g/soil,mg C/g,1,1,normalized-label,"",not-reviewed,Validate normalization or conversion semantics and review canonical identifier plus quantity kind.
672,mg C/g,mg C/g,1,1,identity-label,"",not-reviewed,Retain label mapping and review canonical identifier plus quantity kind.
673,mg C/g soil,mg C/g,1,1,normalized-label,"",not-reviewed,Validate normalization or conversion semantics and review canonical identifier plus quantity kind.
674,Mg C/ha,Mg C/ha,1,1,identity-label,"",not-reviewed,Retain label mapping and review canonical identifier plus quantity kind.
675,mg CO2 eq/ha,mg CO2 eq/ha,1,1,identity-label,"",not-reviewed,Retain label mapping and review canonical identifier plus quantity kind.
676,mg CO2/ha,mg CO2/ha,1,1,identity-label,"",not-reviewed,Retain label mapping and review canonical identifier plus quantity kind.
677,mg CO2-C/g Corg,mg CO2-C/g Corg,1,1,identity-label,"",not-reviewed,Retain label mapping and review canonical identifier plus quantity kind.
678,Mg CO2-C/ha,Mg CO2-C/ha,1,1,identity-label,"",not-reviewed,Retain label mapping and review canonical identifier plus quantity kind.
679,mg CO2-C/ha/yr,mg CO2-C/ha/yr,1,1,identity-label,"",not-reviewed,Retain label mapping and review canonical identifier plus quantity kind.
680,mg CO2-C/kg,mg CO2-C/kg,1,1,identity-label,"",not-reviewed,Retain label mapping and review canonical identifier plus quantity kind.
681,mg CO2-C/m2/hr,mg CO2-C/m2/h,1,1,normalized-label,"",not-reviewed,Validate normalization or conversion semantics and review canonical identifier plus quantity kind.
682,Mg DM/ha,Mg DM/ha,1,1,identity-label,"",not-reviewed,Retain label mapping and review canonical identifier plus quantity kind.
683,Mg Dry matter/ha,Mg DM/ha,1,1,normalized-label,"",not-reviewed,Validate normalization or conversion semantics and review canonical identifier plus quantity kind.
684,mg g/ soil,mg/g,1,1,normalized-label,"",not-reviewed,Validate normalization or conversion semantics and review canonical identifier plus quantity kind.
685,Mg ha−1,Mg/ha,1,1,normalized-label,"",not-reviewed,Validate normalization or conversion semantics and review canonical identifier plus quantity kind.
686,mg N m-2 /ha,mg N/m2/ha,1,1,normalized-label,"",not-reviewed,Validate normalization or conversion semantics and review canonical identifier plus quantity kind.
687,mg N/g,mg N/g,1,1,identity-label,"",not-reviewed,Retain label mapping and review canonical identifier plus quantity kind.
688,mg N/g soil,mg N/g,1,1,normalized-label,"",not-reviewed,Validate normalization or conversion semantics and review canonical identifier plus quantity kind.
689,mg N/kg,mg N/kg,1,1,identity-label,"",not-reviewed,Retain label mapping and review canonical identifier plus quantity kind.
690,mg N/kg soil,mg N/kg,1,1,normalized-label,"",not-reviewed,Validate normalization or conversion semantics and review canonical identifier plus quantity kind.
691,mg N/m2/h,mg N/m2/h,1,1,identity-label,"",not-reviewed,Retain label mapping and review canonical identifier plus quantity kind.
692,mg N2O-N/kg soil,mg N2O-N/kg soil,1,1,identity-label,"",not-reviewed,Retain label mapping and review canonical identifier plus quantity kind.
693,mg/100,,1,0,unresolved,"",not-reviewed,Preserve raw label and hold canonical mapping until unit meaning is reviewed.
694,mg/100 cm2/day,mg/100 cm2/d,1,1,normalized-label,"",not-reviewed,Validate normalization or conversion semantics and review canonical identifier plus quantity kind.
695,Mg/100g,Mg/100 g,1,1,normalized-label,"",not-reviewed,Validate normalization or conversion semantics and review canonical identifier plus quantity kind.
696,mg/234,,1,0,unresolved,"",not-reviewed,Preserve raw label and hold canonical mapping until unit meaning is reviewed.
697,mg/animal/day,mg/d/individual,1,1,normalized-label,"",not-reviewed,Validate normalization or conversion semantics and review canonical identifier plus quantity kind.
698,mg/day,mg/d,1,1,normalized-label,"",not-reviewed,Validate normalization or conversion semantics and review canonical identifier plus quantity kind.
699,Mg/fed,Mg/fed,1,1,identity-label,"",not-reviewed,Retain label mapping and review canonical identifier plus quantity kind.
700,mg/g,mg/g,1,1,identity-label,"",not-reviewed,Retain label mapping and review canonical identifier plus quantity kind.
701,Mg/ha,Mg/ha,1,1,identity-label,"",not-reviewed,Retain label mapping and review canonical identifier plus quantity kind.
702,Mg/ha DM,Mg DM/ha,1,1,normalized-label,"",not-reviewed,Validate normalization or conversion semantics and review canonical identifier plus quantity kind.
703,Mg/ha/year,Mg/ha/yr,1,1,normalized-label,"",not-reviewed,Validate normalization or conversion semantics and review canonical identifier plus quantity kind.
704,mg/individual/day,mg/d/individual,1,1,normalized-label,"",not-reviewed,Validate normalization or conversion semantics and review canonical identifier plus quantity kind.
705,Mg/kg,Mg/kg,1,1,identity-label,"",not-reviewed,Retain label mapping and review canonical identifier plus quantity kind.
706,mg/kg,mg/kg,1,1,identity-label,"",not-reviewed,Retain label mapping and review canonical identifier plus quantity kind.
707,mg/kg(mineral),mg/kg(mineral),1,1,identity-label,"",not-reviewed,Retain label mapping and review canonical identifier plus quantity kind.
708,mg/kg(NH4),mg/kg NH4,1,1,normalized-label,"",not-reviewed,Validate normalization or conversion semantics and review canonical identifier plus quantity kind.
709,mg/kg(NO3),mg/kg NO3,1,1,normalized-label,"",not-reviewed,Validate normalization or conversion semantics and review canonical identifier plus quantity kind.
710,mg/m3,mg/m3,1,1,identity-label,"",not-reviewed,Retain label mapping and review canonical identifier plus quantity kind.
711,mg/m3 (Particle matter),mg/m3 (particulate matter),1,1,normalized-label,"",not-reviewed,Validate normalization or conversion semantics and review canonical identifier plus quantity kind.
712,mg/m3 particulate matter,mg/m3 (particulate matter),1,1,normalized-label,"",not-reviewed,Validate normalization or conversion semantics and review canonical identifier plus quantity kind.
713,mg/mg,mg/mg,1,1,identity-label,"",not-reviewed,Retain label mapping and review canonical identifier plus quantity kind.
714,mg/min,mg/min,1,1,identity-label,"",not-reviewed,Retain label mapping and review canonical identifier plus quantity kind.
715,mg/N/m2/d,mg N/m2/d,1,1,normalized-label,"",not-reviewed,Validate normalization or conversion semantics and review canonical identifier plus quantity kind.
716,mg/plant,mg/plant,1,1,identity-label,"",not-reviewed,Retain label mapping and review canonical identifier plus quantity kind.
717,mgC/g,mg C/g,1,1,normalized-label,"",not-reviewed,Validate normalization or conversion semantics and review canonical identifier plus quantity kind.
718,MgC/ha,Mg C/ha,1,1,normalized-label,"",not-reviewed,Validate normalization or conversion semantics and review canonical identifier plus quantity kind.
719,mgC/kg/day,mg C/kg/d,1,1,normalized-label,"",not-reviewed,Validate normalization or conversion semantics and review canonical identifier plus quantity kind.
720,mgC-CO2/g/day,mg C-CO2/g/d,1,1,normalized-label,"",not-reviewed,Validate normalization or conversion semantics and review canonical identifier plus quantity kind.
721,mgN/g,mg N/g,1,1,normalized-label,"",not-reviewed,Validate normalization or conversion semantics and review canonical identifier plus quantity kind.
722,mgN/kg/day,mg N/kg/d,1,1,normalized-label,"",not-reviewed,Validate normalization or conversion semantics and review canonical identifier plus quantity kind.
723,mgNH4-N /g soil,mg NH4-N/g,1,1,normalized-label,"",not-reviewed,Validate normalization or conversion semantics and review canonical identifier plus quantity kind.
724,mgNO3-N /g soil,mg NO3-N/g,1,1,normalized-label,"",not-reviewed,Validate normalization or conversion semantics and review canonical identifier plus quantity kind.
725,Microfauna Abundance,n,1,1,normalized-label,"",not-reviewed,Validate normalization or conversion semantics and review canonical identifier plus quantity kind.
726,microg/m2/h,microrganisms/m2/h,1,1,normalized-label,"",not-reviewed,Validate normalization or conversion semantics and review canonical identifier plus quantity kind.
727,milk,,1,0,unresolved,"",not-reviewed,Preserve raw label and hold canonical mapping until unit meaning is reviewed.
728,min/day,min/d,1,1,normalized-label,"",not-reviewed,Validate normalization or conversion semantics and review canonical identifier plus quantity kind.
729,min/day/household (collecting conventional fuel),min/d/household (collecting conventional fuel),1,1,normalized-label,"",not-reviewed,Validate normalization or conversion semantics and review canonical identifier plus quantity kind.
730,min/day/household (feeding bio-digester),min/d/household (feeding bio-digester),1,1,normalized-label,"",not-reviewed,Validate normalization or conversion semantics and review canonical identifier plus quantity kind.
731,min/day/household (manure management),min/d/household (manure management),1,1,normalized-label,"",not-reviewed,Validate normalization or conversion semantics and review canonical identifier plus quantity kind.
732,min/day/household (preparing conventioanl fuel),min/d/household (preparing conventional fuel),1,1,normalized-label,"",not-reviewed,Validate normalization or conversion semantics and review canonical identifier plus quantity kind.
733,min/m2,min/m2,1,1,identity-label,"",not-reviewed,Retain label mapping and review canonical identifier plus quantity kind.
734,Minutes,min,1,1,normalized-label,"",not-reviewed,Validate normalization or conversion semantics and review canonical identifier plus quantity kind.
735,Mj/capita,Mj/capita,1,1,identity-label,"",not-reviewed,Retain label mapping and review canonical identifier plus quantity kind.
736,Mj/day,Mj/d,1,1,normalized-label,"",not-reviewed,Validate normalization or conversion semantics and review canonical identifier plus quantity kind.
737,MJ/min/l,MJ/min/l,1,1,identity-label,"",not-reviewed,Retain label mapping and review canonical identifier plus quantity kind.
738,Ml,Ml,1,1,identity-label,"",not-reviewed,Retain label mapping and review canonical identifier plus quantity kind.
739,mL,ml,1,1,normalized-label,"",not-reviewed,Validate normalization or conversion semantics and review canonical identifier plus quantity kind.
740,ml/day,ml/d,1,1,normalized-label,"",not-reviewed,Validate normalization or conversion semantics and review canonical identifier plus quantity kind.
741,ml/g,ml/g,1,1,identity-label,"",not-reviewed,Retain label mapping and review canonical identifier plus quantity kind.
742,ml/g Dry matter,ml/g DM,1,1,normalized-label,"",not-reviewed,Validate normalization or conversion semantics and review canonical identifier plus quantity kind.
743,ml/individual/day,ml/d/individual,1,1,normalized-label,"",not-reviewed,Validate normalization or conversion semantics and review canonical identifier plus quantity kind.
744,ml/plant,ml/plant,1,1,identity-label,"",not-reviewed,Retain label mapping and review canonical identifier plus quantity kind.
745,mm,mm,1,1,identity-label,"",not-reviewed,Retain label mapping and review canonical identifier plus quantity kind.
746,mm (available),mm (available),1,1,identity-label,"",not-reviewed,Retain label mapping and review canonical identifier plus quantity kind.
747,mm applied,mm,1,1,normalized-label,"",not-reviewed,Validate normalization or conversion semantics and review canonical identifier plus quantity kind.
748,mm/150mm,mm/150 mm,1,1,normalized-label,"",not-reviewed,Validate normalization or conversion semantics and review canonical identifier plus quantity kind.
749,mm/2 hr,mm/2 hr,1,1,identity-label,"",not-reviewed,Retain label mapping and review canonical identifier plus quantity kind.
750,mm/3 hr,mm/3 hr,1,1,identity-label,"",not-reviewed,Retain label mapping and review canonical identifier plus quantity kind.
751,mm/30 min,mm/30 min,1,1,identity-label,"",not-reviewed,Retain label mapping and review canonical identifier plus quantity kind.
752,mm/day,mm/d,1,1,normalized-label,"",not-reviewed,Validate normalization or conversion semantics and review canonical identifier plus quantity kind.
753,mm/event,mm/event,1,1,identity-label,"",not-reviewed,Retain label mapping and review canonical identifier plus quantity kind.
754,mm/h,mm/h,1,1,identity-label,"",not-reviewed,Retain label mapping and review canonical identifier plus quantity kind.
755,mm/ha,mm/ha,1,1,identity-label,"",not-reviewed,Retain label mapping and review canonical identifier plus quantity kind.
756,mm/ha/year,mm/ha/yr,1,1,normalized-label,"",not-reviewed,Validate normalization or conversion semantics and review canonical identifier plus quantity kind.
757,mm/ha/yr,mm/ha/yr,1,1,identity-label,"",not-reviewed,Retain label mapping and review canonical identifier plus quantity kind.
758,mm/hr,mm/h,1,1,normalized-label,"",not-reviewed,Validate normalization or conversion semantics and review canonical identifier plus quantity kind.
759,mm/kg feddan,mm/kg/fed,1,1,normalized-label,"",not-reviewed,Validate normalization or conversion semantics and review canonical identifier plus quantity kind.
760,mm/m,mm/m,1,1,identity-label,"",not-reviewed,Retain label mapping and review canonical identifier plus quantity kind.
761,mm/min,mm/min,1,1,identity-label,"",not-reviewed,Retain label mapping and review canonical identifier plus quantity kind.
762,mm/mm,mm/mm,1,1,identity-label,"",not-reviewed,Retain label mapping and review canonical identifier plus quantity kind.
763,mm/s,mm/s,1,1,identity-label,"",not-reviewed,Retain label mapping and review canonical identifier plus quantity kind.
764,mm/year,mm/yr,1,1,normalized-label,"",not-reviewed,Validate normalization or conversion semantics and review canonical identifier plus quantity kind.
765,mm/yr,mm/yr,1,1,identity-label,"",not-reviewed,Retain label mapping and review canonical identifier plus quantity kind.
766,mm3/mm3 (0 kpa),mm3/mm3 (0 kpa),1,1,identity-label,"",not-reviewed,Retain label mapping and review canonical identifier plus quantity kind.
767,mm3/mm3 (-100 kpa),mm3/mm3 (-100 kpa),1,1,identity-label,"",not-reviewed,Retain label mapping and review canonical identifier plus quantity kind.
768,mm3/mm3 (-1500 kpa),mm3/mm3 (-1500 kpa),1,1,identity-label,"",not-reviewed,Retain label mapping and review canonical identifier plus quantity kind.
769,mm3/mm3(-10 kpa),mm3/mm3(-10 kpa),1,1,identity-label,"",not-reviewed,Retain label mapping and review canonical identifier plus quantity kind.
770,mmol/kg,mmol/kg,1,1,identity-label,"",not-reviewed,Retain label mapping and review canonical identifier plus quantity kind.
771,mmol/l,mmol/l,1,1,identity-label,"",not-reviewed,Retain label mapping and review canonical identifier plus quantity kind.
772,mmolc dm-3,mmolc/dm3,1,1,normalized-label,"",not-reviewed,Validate normalization or conversion semantics and review canonical identifier plus quantity kind.
773,mmolc/dm3,mmolc/dm3,1,1,identity-label,"",not-reviewed,Retain label mapping and review canonical identifier plus quantity kind.
774,mmolc/kg,mmolc/kg,1,1,identity-label,"",not-reviewed,Retain label mapping and review canonical identifier plus quantity kind.
775,mol c /kg,mol C/kg,1,1,normalized-label,"",not-reviewed,Validate normalization or conversion semantics and review canonical identifier plus quantity kind.
776,mol co2/mol water,mol CO2/mol H2O,1,1,normalized-label,"",not-reviewed,Validate normalization or conversion semantics and review canonical identifier plus quantity kind.
777,Mortality,,1,0,unresolved,"",not-reviewed,Preserve raw label and hold canonical mapping until unit meaning is reviewed.
778,MRR,MRR,1,1,identity-label,"",not-reviewed,Retain label mapping and review canonical identifier plus quantity kind.
779,ms/cm,,1,0,unresolved,"",not-reviewed,Preserve raw label and hold canonical mapping until unit meaning is reviewed.
780,mS/m,mS/m,1,1,identity-label,"",not-reviewed,Retain label mapping and review canonical identifier plus quantity kind.
781,Mt/ha,Mt/ha,1,1,identity-label,"",not-reviewed,Retain label mapping and review canonical identifier plus quantity kind.
782,MWK,MWK,1,1,identity-label,"",not-reviewed,Retain label mapping and review canonical identifier plus quantity kind.
783,MWK/ha,MWK/ha,1,1,identity-label,"",not-reviewed,Retain label mapping and review canonical identifier plus quantity kind.
784,MWK/ha/year,MWK/ha/yr,1,1,normalized-label,"",not-reviewed,Validate normalization or conversion semantics and review canonical identifier plus quantity kind.
785,MXN/ha,MXN/ha,1,1,identity-label,"",not-reviewed,Retain label mapping and review canonical identifier plus quantity kind.
786,MZN/ha,MZN/ha,1,1,identity-label,"",not-reviewed,Retain label mapping and review canonical identifier plus quantity kind.
787,N,n,1,1,normalized-label,"",not-reviewed,Validate normalization or conversion semantics and review canonical identifier plus quantity kind.
788,N (C. quadricollis),n C.quadricollis,1,1,normalized-label,"",not-reviewed,Validate normalization or conversion semantics and review canonical identifier plus quantity kind.
789,N (S. zeamais),n S.zeamais,1,1,normalized-label,"",not-reviewed,Validate normalization or conversion semantics and review canonical identifier plus quantity kind.
790,N (T. confusum),n T.confusum,1,1,normalized-label,"",not-reviewed,Validate normalization or conversion semantics and review canonical identifier plus quantity kind.
791,N (weevils),n weevils,1,1,normalized-label,"",not-reviewed,Validate normalization or conversion semantics and review canonical identifier plus quantity kind.
792,N /100g (holes),n holes/100 grains,1,1,normalized-label,"",not-reviewed,Validate normalization or conversion semantics and review canonical identifier plus quantity kind.
793,N A.obtectus adults,n A.obtectus adults,1,1,normalized-label,"",not-reviewed,Validate normalization or conversion semantics and review canonical identifier plus quantity kind.
794,N ants/m2,n ants/m2,1,1,normalized-label,"",not-reviewed,Validate normalization or conversion semantics and review canonical identifier plus quantity kind.
795,N araneae/m2,n araneae/m2,1,1,normalized-label,"",not-reviewed,Validate normalization or conversion semantics and review canonical identifier plus quantity kind.
796,N bacterial-feeding nematodes/100 kg soil,n bacterial-feeding nematodes/100 kg soil,1,1,normalized-label,"",not-reviewed,Validate normalization or conversion semantics and review canonical identifier plus quantity kind.
797,N beetle/m2,n beetle/m2,1,1,normalized-label,"",not-reviewed,Validate normalization or conversion semantics and review canonical identifier plus quantity kind.
798,N C. maculatus adults/500g,n Callosobruchus maculatus adults/500 g,1,1,normalized-label,"",not-reviewed,Validate normalization or conversion semantics and review canonical identifier plus quantity kind.
799,N C. maculatus alive,n Callosobruchus maculatus alive,1,1,normalized-label,"",not-reviewed,Validate normalization or conversion semantics and review canonical identifier plus quantity kind.
800,N C. maculatus layers,n Callosobruchus maculatus layers,1,1,normalized-label,"",not-reviewed,Validate normalization or conversion semantics and review canonical identifier plus quantity kind.
801,N C. quadricollis,n C.quadricollis,1,1,normalized-label,"",not-reviewed,Validate normalization or conversion semantics and review canonical identifier plus quantity kind.
802,N Callosobruchus maculatus,n Callosobruchus maculatus,1,1,normalized-label,"",not-reviewed,Validate normalization or conversion semantics and review canonical identifier plus quantity kind.
803,N Callosobruchus maculatus eggs,n Callosobruchus maculatus eggs,1,1,normalized-label,"",not-reviewed,Validate normalization or conversion semantics and review canonical identifier plus quantity kind.
804,N carabidae/m2,n Carabidae/m2,1,1,normalized-label,"",not-reviewed,Validate normalization or conversion semantics and review canonical identifier plus quantity kind.
805,N Carpophilus sp,n Carpophilus sp,1,1,normalized-label,"",not-reviewed,Validate normalization or conversion semantics and review canonical identifier plus quantity kind.
806,N centipedes/m2,n centipedes/m2,1,1,normalized-label,"",not-reviewed,Validate normalization or conversion semantics and review canonical identifier plus quantity kind.
807,N coleoptera larvae/m2,n Coleoptera larvae/m2,1,1,normalized-label,"",not-reviewed,Validate normalization or conversion semantics and review canonical identifier plus quantity kind.
808,N cryptolestes ferrugineous insects/kg,n Cryptolestes ferrugineous/kg,1,1,normalized-label,"",not-reviewed,Validate normalization or conversion semantics and review canonical identifier plus quantity kind.
809,N Earthworm/m2,n earthworm/m2,1,1,normalized-label,"",not-reviewed,Validate normalization or conversion semantics and review canonical identifier plus quantity kind.
810,N Formicidae/m2,n Formicidae/m2,1,1,normalized-label,"",not-reviewed,Validate normalization or conversion semantics and review canonical identifier plus quantity kind.
811,N fungal-feeding nematodes/100 kg soil,n fungal feeding nematodes/100 kg soil,1,1,normalized-label,"",not-reviewed,Validate normalization or conversion semantics and review canonical identifier plus quantity kind.
812,N Grass species,n grass species,1,1,normalized-label,"",not-reviewed,Validate normalization or conversion semantics and review canonical identifier plus quantity kind.
813,N infected(P. truncatus.S. zeamais),"n infected (P. truncatus, S. zeamais)",1,1,normalized-label,"",not-reviewed,Validate normalization or conversion semantics and review canonical identifier plus quantity kind.
814,N Japygidae/m2,n Japygidae/m2,1,1,normalized-label,"",not-reviewed,Validate normalization or conversion semantics and review canonical identifier plus quantity kind.
815,N Julidae/m2,n Julidae/m2,1,1,normalized-label,"",not-reviewed,Validate normalization or conversion semantics and review canonical identifier plus quantity kind.
816,N Larger grain borer/450g,n large grain borer/450 g,1,1,normalized-label,"",not-reviewed,Validate normalization or conversion semantics and review canonical identifier plus quantity kind.
817,N Lepismatidae/m2,n Lepismatidae/m2,1,1,normalized-label,"",not-reviewed,Validate normalization or conversion semantics and review canonical identifier plus quantity kind.
818,N live births,n live births,1,1,normalized-label,"",not-reviewed,Validate normalization or conversion semantics and review canonical identifier plus quantity kind.
819,N Lumbricidae/m2,n Lumbricidae/m2,1,1,normalized-label,"",not-reviewed,Validate normalization or conversion semantics and review canonical identifier plus quantity kind.
820,N macrofauna/m2,n macrofauna/m2,1,1,normalized-label,"",not-reviewed,Validate normalization or conversion semantics and review canonical identifier plus quantity kind.
821,N mg/kg,n mg/kg,1,1,normalized-label,"",not-reviewed,Validate normalization or conversion semantics and review canonical identifier plus quantity kind.
822,N mussidia nigrivenella,n mussidia nigrivenella,1,1,normalized-label,"",not-reviewed,Validate normalization or conversion semantics and review canonical identifier plus quantity kind.
823,N non-C. maculatus alive,n non-Callosobruchus maculatus alive,1,1,normalized-label,"",not-reviewed,Validate normalization or conversion semantics and review canonical identifier plus quantity kind.
824,N non-S. oryzae,n non-S.oryzae,1,1,normalized-label,"",not-reviewed,Validate normalization or conversion semantics and review canonical identifier plus quantity kind.
825,N of live weevils/450g,n live weevils/450g,1,1,normalized-label,"",not-reviewed,Validate normalization or conversion semantics and review canonical identifier plus quantity kind.
826,N of species macrofauna,n macrofauna species,1,1,normalized-label,"",not-reviewed,Validate normalization or conversion semantics and review canonical identifier plus quantity kind.
827,N of species tree/shrub,n tree/shrub species,1,1,normalized-label,"",not-reviewed,Validate normalization or conversion semantics and review canonical identifier plus quantity kind.
828,N other organisms/m2,n other organisms/m2,1,1,normalized-label,"",not-reviewed,Validate normalization or conversion semantics and review canonical identifier plus quantity kind.
829,N P.truncatus,n Prostephanus truncatus,1,1,normalized-label,"",not-reviewed,Validate normalization or conversion semantics and review canonical identifier plus quantity kind.
830,N Polydesmidae/m2,n Polydesmidae/m2,1,1,normalized-label,"",not-reviewed,Validate normalization or conversion semantics and review canonical identifier plus quantity kind.
831,N Porcellionidae/m2,n Porcellionidae/m2,1,1,normalized-label,"",not-reviewed,Validate normalization or conversion semantics and review canonical identifier plus quantity kind.
832,N Prostephanus truncatus,n Prostephanus truncatus,1,1,normalized-label,"",not-reviewed,Validate normalization or conversion semantics and review canonical identifier plus quantity kind.
833,N Pyrrhocoridae/m2,n Pyrrhocoridae/m2,1,1,normalized-label,"",not-reviewed,Validate normalization or conversion semantics and review canonical identifier plus quantity kind.
834,N Rhyzopertha dominica insects/kg,n Rhyzopertha dominica insects/kg,1,1,normalized-label,"",not-reviewed,Validate normalization or conversion semantics and review canonical identifier plus quantity kind.
835,N S. oryzae,n S.oryzae,1,1,normalized-label,"",not-reviewed,Validate normalization or conversion semantics and review canonical identifier plus quantity kind.
836,N S. zeamais,n S.zeamais,1,1,normalized-label,"",not-reviewed,Validate normalization or conversion semantics and review canonical identifier plus quantity kind.
837,N S.zeamais,n S.zeamais,1,1,normalized-label,"",not-reviewed,Validate normalization or conversion semantics and review canonical identifier plus quantity kind.
838,N Scolopendridae/m2,n Scolopendridae/m2,1,1,normalized-label,"",not-reviewed,Validate normalization or conversion semantics and review canonical identifier plus quantity kind.
839,N Sitophilus grananus insects/kg,n Sitophilus grananus insects/kg,1,1,normalized-label,"",not-reviewed,Validate normalization or conversion semantics and review canonical identifier plus quantity kind.
840,N soil macrofauna/0.0156 m3 of soil,n soil macrofauna/0.0156 m3 soil,1,1,normalized-label,"",not-reviewed,Validate normalization or conversion semantics and review canonical identifier plus quantity kind.
841,N species,species richness (S),1,1,normalized-label,"",not-reviewed,Validate normalization or conversion semantics and review canonical identifier plus quantity kind.
842,N Staphylinidae/m2,n Staphylinidae/m2,1,1,normalized-label,"",not-reviewed,Validate normalization or conversion semantics and review canonical identifier plus quantity kind.
843,N T. nigrescens,n T.nigrescens,1,1,normalized-label,"",not-reviewed,Validate normalization or conversion semantics and review canonical identifier plus quantity kind.
844,N T.nigrescents,n T.nigrescens,1,1,normalized-label,"",not-reviewed,Validate normalization or conversion semantics and review canonical identifier plus quantity kind.
845,N termites/m2,n termites/m2,1,1,normalized-label,"",not-reviewed,Validate normalization or conversion semantics and review canonical identifier plus quantity kind.
846,N tribolium castenoum insects/kg,n Tribolium casteneum/kg,1,1,normalized-label,"",not-reviewed,Validate normalization or conversion semantics and review canonical identifier plus quantity kind.
847,N Woody species,n woody species,1,1,normalized-label,"",not-reviewed,Validate normalization or conversion semantics and review canonical identifier plus quantity kind.
848,N/10 bird/day,n/10 birds/d,1,1,normalized-label,"",not-reviewed,Validate normalization or conversion semantics and review canonical identifier plus quantity kind.
849,N/100 cows,n/100 cows,1,1,normalized-label,"",not-reviewed,Validate normalization or conversion semantics and review canonical identifier plus quantity kind.
850,N/100g,n/100 g,1,1,normalized-label,"",not-reviewed,Validate normalization or conversion semantics and review canonical identifier plus quantity kind.
851,N/200g soil,n/200 g soil,1,1,normalized-label,"",not-reviewed,Validate normalization or conversion semantics and review canonical identifier plus quantity kind.
852,N/A,,1,0,unresolved,"",not-reviewed,Preserve raw label and hold canonical mapping until unit meaning is reviewed.
853,n/kg,n/kg,1,1,identity-label,"",not-reviewed,Retain label mapping and review canonical identifier plus quantity kind.
854,N/kg feed,N/kg feed,1,1,identity-label,"",not-reviewed,Retain label mapping and review canonical identifier plus quantity kind.
855,N/kg soil,N/kg soil,1,1,identity-label,"",not-reviewed,Retain label mapping and review canonical identifier plus quantity kind.
856,N/m2,N/m2,1,1,identity-label,"",not-reviewed,Retain label mapping and review canonical identifier plus quantity kind.
857,N/plant,N/plant,1,1,identity-label,"",not-reviewed,Retain label mapping and review canonical identifier plus quantity kind.
858,N/week,n/week,1,1,normalized-label,"",not-reviewed,Validate normalization or conversion semantics and review canonical identifier plus quantity kind.
859,N2O-N kg/ha,N2O-N kg/ha,1,1,identity-label,"",not-reviewed,Retain label mapping and review canonical identifier plus quantity kind.
860,NA,,1,0,unresolved,"",not-reviewed,Preserve raw label and hold canonical mapping until unit meaning is reviewed.
861,Naira/day,NGN/d,1,1,normalized-label,"",not-reviewed,Validate normalization or conversion semantics and review canonical identifier plus quantity kind.
862,new colonies Atta cephalotes/ha,Atta cephalotes colonies/ha,1,1,normalized-label,"",not-reviewed,Validate normalization or conversion semantics and review canonical identifier plus quantity kind.
863,NGN,NGN,1,1,identity-label,"",not-reviewed,Retain label mapping and review canonical identifier plus quantity kind.
864,NGN/100g,NGN/100 g,1,1,normalized-label,"",not-reviewed,Validate normalization or conversion semantics and review canonical identifier plus quantity kind.
865,NGN/100kg,NGN/100 kg,1,1,normalized-label,"",not-reviewed,Validate normalization or conversion semantics and review canonical identifier plus quantity kind.
866,NGN/bird,NGN/bird,1,1,identity-label,"",not-reviewed,Retain label mapping and review canonical identifier plus quantity kind.
867,NGN/day,NGN/d,1,1,normalized-label,"",not-reviewed,Validate normalization or conversion semantics and review canonical identifier plus quantity kind.
868,NGN/ha,NGN/ha,1,1,identity-label,"",not-reviewed,Retain label mapping and review canonical identifier plus quantity kind.
869,NGN/ha(Discount rate=22.8%),NGN/ha(discount rate=22.8%),1,1,normalized-label,"",not-reviewed,Validate normalization or conversion semantics and review canonical identifier plus quantity kind.
870,NGN/head,NGN/head,1,1,identity-label,"",not-reviewed,Retain label mapping and review canonical identifier plus quantity kind.
871,NGN/individual,NGN/individual,1,1,identity-label,"",not-reviewed,Retain label mapping and review canonical identifier plus quantity kind.
872,NGN/kg,NGN/kg,1,1,identity-label,"",not-reviewed,Retain label mapping and review canonical identifier plus quantity kind.
873,NGN/Litre,NGN/l,1,1,normalized-label,"",not-reviewed,Validate normalization or conversion semantics and review canonical identifier plus quantity kind.
874,NGN/NGN,NGN/NGN,1,1,identity-label,"",not-reviewed,Retain label mapping and review canonical identifier plus quantity kind.
875,nmol/g/hr,nmol/g/hr,1,1,identity-label,"",not-reviewed,Retain label mapping and review canonical identifier plus quantity kind.
876,No.,n,1,1,normalized-label,"",not-reviewed,Validate normalization or conversion semantics and review canonical identifier plus quantity kind.
877,no/day,n/d,1,1,normalized-label,"",not-reviewed,Validate normalization or conversion semantics and review canonical identifier plus quantity kind.
878,Nod/plant,nodules/plant,1,1,normalized-label,"",not-reviewed,Validate normalization or conversion semantics and review canonical identifier plus quantity kind.
879,Nodules/plant,nodules/plant,1,1,normalized-label,"",not-reviewed,Validate normalization or conversion semantics and review canonical identifier plus quantity kind.
880,Number,n,1,1,normalized-label,"",not-reviewed,Validate normalization or conversion semantics and review canonical identifier plus quantity kind.
881,Number casts/3m2,casts/3 m2,1,1,normalized-label,"",not-reviewed,Validate normalization or conversion semantics and review canonical identifier plus quantity kind.
882,Number damaged seeds per 100g,n damaged seed/100g,1,1,normalized-label,"",not-reviewed,Validate normalization or conversion semantics and review canonical identifier plus quantity kind.
883,number of users,n users,1,1,normalized-label,"",not-reviewed,Validate normalization or conversion semantics and review canonical identifier plus quantity kind.
884,number/100 grains,n/100 grains,1,1,normalized-label,"",not-reviewed,Validate normalization or conversion semantics and review canonical identifier plus quantity kind.
885,number/125g,n/125 g,1,1,normalized-label,"",not-reviewed,Validate normalization or conversion semantics and review canonical identifier plus quantity kind.
886,number/500g,n/500 g,1,1,normalized-label,"",not-reviewed,Validate normalization or conversion semantics and review canonical identifier plus quantity kind.
887,number/50kg,n/50 kg,1,1,normalized-label,"",not-reviewed,Validate normalization or conversion semantics and review canonical identifier plus quantity kind.
888,number/individual/day,n/d/individual,1,1,normalized-label,"",not-reviewed,Validate normalization or conversion semantics and review canonical identifier plus quantity kind.
889,number/m2,n/m2,1,1,normalized-label,"",not-reviewed,Validate normalization or conversion semantics and review canonical identifier plus quantity kind.
890,number/plant,n/plant,1,1,normalized-label,"",not-reviewed,Validate normalization or conversion semantics and review canonical identifier plus quantity kind.
891,of,,1,0,unresolved,"",not-reviewed,Preserve raw label and hold canonical mapping until unit meaning is reviewed.
892,organic,,1,0,unresolved,"",not-reviewed,Preserve raw label and hold canonical mapping until unit meaning is reviewed.
893,per USD,,1,0,unresolved,"",not-reviewed,Preserve raw label and hold canonical mapping until unit meaning is reviewed.
894,person days,person-d,1,1,normalized-label,"",not-reviewed,Validate normalization or conversion semantics and review canonical identifier plus quantity kind.
895,person days/ha,person-d/ha,1,1,normalized-label,"",not-reviewed,Validate normalization or conversion semantics and review canonical identifier plus quantity kind.
896,person-day/ha,person-d/ha,1,1,normalized-label,"",not-reviewed,Validate normalization or conversion semantics and review canonical identifier plus quantity kind.
897,person-day/ha/year,person-d/ha/yr,1,1,normalized-label,"",not-reviewed,Validate normalization or conversion semantics and review canonical identifier plus quantity kind.
898,person-days/ha,person-d/ha,1,1,normalized-label,"",not-reviewed,Validate normalization or conversion semantics and review canonical identifier plus quantity kind.
899,person-hours/ha,person-hr/ha,1,1,normalized-label,"",not-reviewed,Validate normalization or conversion semantics and review canonical identifier plus quantity kind.
900,pods/plant,pods/plant,1,1,identity-label,"",not-reviewed,Retain label mapping and review canonical identifier plus quantity kind.
901,population density/100cm3 soil,n/100cm3 soil,1,1,normalized-label,"",not-reviewed,Validate normalization or conversion semantics and review canonical identifier plus quantity kind.
902,ppm,ppm,1,1,identity-label,"",not-reviewed,Retain label mapping and review canonical identifier plus quantity kind.
903,ppm(NH4),ppm(NH4),1,1,identity-label,"",not-reviewed,Retain label mapping and review canonical identifier plus quantity kind.
904,ppm(NO3),ppm(NO3),1,1,identity-label,"",not-reviewed,Retain label mapping and review canonical identifier plus quantity kind.
905,production,,1,0,unresolved,"",not-reviewed,Preserve raw label and hold canonical mapping until unit meaning is reviewed.
906,Prolificacy,,1,0,unresolved,"",not-reviewed,Preserve raw label and hold canonical mapping until unit meaning is reviewed.
907,proportion,proportion,1,1,identity-label,"",not-reviewed,Retain label mapping and review canonical identifier plus quantity kind.
908,pt/cm3 (Particle matter),pt/cm3 (particulate matter),1,1,normalized-label,"",not-reviewed,Validate normalization or conversion semantics and review canonical identifier plus quantity kind.
909,PUE,PUE,1,1,identity-label,"",not-reviewed,Retain label mapping and review canonical identifier plus quantity kind.
910,q/ha,q/ha,1,1,identity-label,"",not-reviewed,Retain label mapping and review canonical identifier plus quantity kind.
911,quintal/ha,quintal/ha,1,1,identity-label,"",not-reviewed,Retain label mapping and review canonical identifier plus quantity kind.
912,R$,R$,1,1,identity-label,"",not-reviewed,Retain label mapping and review canonical identifier plus quantity kind.
913,rate,,1,0,unresolved,"",not-reviewed,Preserve raw label and hold canonical mapping until unit meaning is reviewed.
914,Rate,,1,0,unresolved,"",not-reviewed,Preserve raw label and hold canonical mapping until unit meaning is reviewed.
915,ratio,ratio,1,1,identity-label,"",not-reviewed,Retain label mapping and review canonical identifier plus quantity kind.
916,Relative land equivalent ratio,RLER,1,1,normalized-label,"",not-reviewed,Validate normalization or conversion semantics and review canonical identifier plus quantity kind.
917,Relative soil flux %,% relative soil flux,1,1,normalized-label,"",not-reviewed,Validate normalization or conversion semantics and review canonical identifier plus quantity kind.
918,Renatiella reculata log(x+1.5),Renatiella reculata log(x+1.5),1,1,identity-label,"",not-reviewed,Retain label mapping and review canonical identifier plus quantity kind.
919,replicate,,1,0,unresolved,"",not-reviewed,Preserve raw label and hold canonical mapping until unit meaning is reviewed.
920,Rhizobia CFU/g soil,Rhizobia CFU/g soil,1,1,identity-label,"",not-reviewed,Retain label mapping and review canonical identifier plus quantity kind.
921,Rhizosphere bacteria CFU/g,Rhizosphere bacteria CFU/g,1,1,identity-label,"",not-reviewed,Retain label mapping and review canonical identifier plus quantity kind.
922,Richness,Species Richness (S),1,1,normalized-label,"",not-reviewed,Validate normalization or conversion semantics and review canonical identifier plus quantity kind.
923,RMB/ha,RMB/ha,1,1,identity-label,"",not-reviewed,Retain label mapping and review canonical identifier plus quantity kind.
924,roots/plant,roots/plant,1,1,identity-label,"",not-reviewed,Retain label mapping and review canonical identifier plus quantity kind.
925,s,Species Richness (S),1,1,normalized-label,"",not-reviewed,Validate normalization or conversion semantics and review canonical identifier plus quantity kind.
926,S,Species Richness (S),1,1,normalized-label,"",not-reviewed,Validate normalization or conversion semantics and review canonical identifier plus quantity kind.
927,SDG,SDG,1,1,identity-label,"",not-reviewed,Retain label mapping and review canonical identifier plus quantity kind.
928,SDG/ha,SDG/ha,1,1,identity-label,"",not-reviewed,Retain label mapping and review canonical identifier plus quantity kind.
929,SDP,SDP,1,1,identity-label,"",not-reviewed,Retain label mapping and review canonical identifier plus quantity kind.
930,SDP/ha,SDP/ha,1,1,identity-label,"",not-reviewed,Retain label mapping and review canonical identifier plus quantity kind.
931,seeds with living N C. maculatus/100g,n C. maculatus adults/100g seed,1,1,normalized-label,"",not-reviewed,Validate normalization or conversion semantics and review canonical identifier plus quantity kind.
932,seeds with N C. maculatus eggs/100g,n C. maculatus eggs/100g seed,1,1,normalized-label,"",not-reviewed,Validate normalization or conversion semantics and review canonical identifier plus quantity kind.
933,seeds with N C. maculatus larvae/100g,n C. maculatus larvae/100g seed,1,1,normalized-label,"",not-reviewed,Validate normalization or conversion semantics and review canonical identifier plus quantity kind.
934,SGR,SGR,1,1,identity-label,"",not-reviewed,Retain label mapping and review canonical identifier plus quantity kind.
935,SGR %/individual/day,% SGR/d/individual,1,1,normalized-label,"",not-reviewed,Validate normalization or conversion semantics and review canonical identifier plus quantity kind.
936,SGR(%/individual/day),% SGR/d/individual,1,1,normalized-label,"",not-reviewed,Validate normalization or conversion semantics and review canonical identifier plus quantity kind.
937,Shannon,Shannon-Weaver Index (H'),1,1,normalized-label,"",not-reviewed,Validate normalization or conversion semantics and review canonical identifier plus quantity kind.
938,Shannon diversity index,Shannon-Weaver Index (H'),1,1,normalized-label,"",not-reviewed,Validate normalization or conversion semantics and review canonical identifier plus quantity kind.
939,Shannon H',Shannon-Weaver Index (H'),1,1,normalized-label,"",not-reviewed,Validate normalization or conversion semantics and review canonical identifier plus quantity kind.
940,Shannon Index,Shannon-Weaver Index (H'),1,1,normalized-label,"",not-reviewed,Validate normalization or conversion semantics and review canonical identifier plus quantity kind.
941,Shannon index (Microbial Diversity),Shannon-Weaver Index (H') - Microbial Diversity,1,1,normalized-label,"",not-reviewed,Validate normalization or conversion semantics and review canonical identifier plus quantity kind.
942,Shannon index macrofauna,Shannon-Weaver Index (H') - Macrofauna,1,1,normalized-label,"",not-reviewed,Validate normalization or conversion semantics and review canonical identifier plus quantity kind.
943,Shannon index tree/shrub,Shannon-Weaver Index (H') - Trees and Shrubs,1,1,normalized-label,"",not-reviewed,Validate normalization or conversion semantics and review canonical identifier plus quantity kind.
944,Shannon's entropy,Shannon's entropy,1,1,identity-label,"",not-reviewed,Retain label mapping and review canonical identifier plus quantity kind.
945,Shannon-Weaver Index,Shannon-Weaver Index (H'),1,1,normalized-label,"",not-reviewed,Validate normalization or conversion semantics and review canonical identifier plus quantity kind.
946,Shannon-Weaver Index (bacterial (16S rDNA DGGE) communities),Shannon-Weaver Index (H')- Bacterial (16S rDNA DGGE) communities,1,1,normalized-label,"",not-reviewed,Validate normalization or conversion semantics and review canonical identifier plus quantity kind.
947,Shannon-Weaver Index (fungal (ITS))\nDGGE) communities,Shannon-Weaver Index (H') - Fungal (ITS DGGE) communities,1,1,normalized-label,"",not-reviewed,Validate normalization or conversion semantics and review canonical identifier plus quantity kind.
948,Shannon-Weiner,Shannon-Weaver Index (H'),1,1,normalized-label,"",not-reviewed,Validate normalization or conversion semantics and review canonical identifier plus quantity kind.
949,Shannon–Weiner index,Shannon-Weaver Index (H'),1,1,normalized-label,"",not-reviewed,Validate normalization or conversion semantics and review canonical identifier plus quantity kind.
950,Shannon–Wiener Index,Shannon-Weaver Index (H'),1,1,normalized-label,"",not-reviewed,Validate normalization or conversion semantics and review canonical identifier plus quantity kind.
951,Shanon index,Shannon-Weaver Index (H'),1,1,normalized-label,"",not-reviewed,Validate normalization or conversion semantics and review canonical identifier plus quantity kind.
952,Simpson's diversity index,Simpson's diversity index,1,1,identity-label,"",not-reviewed,Retain label mapping and review canonical identifier plus quantity kind.
953,Species,Species Richness (S),1,1,normalized-label,"",not-reviewed,Validate normalization or conversion semantics and review canonical identifier plus quantity kind.
954,species/50 g of soil,species/50 g soil,1,1,normalized-label,"",not-reviewed,Validate normalization or conversion semantics and review canonical identifier plus quantity kind.
955,spore abundance/100g of dry spoil,spores/100 g dry soil,1,1,normalized-label,"",not-reviewed,Validate normalization or conversion semantics and review canonical identifier plus quantity kind.
956,spore/kg of soil,spores/kg soil,1,1,normalized-label,"",not-reviewed,Validate normalization or conversion semantics and review canonical identifier plus quantity kind.
957,stalk/ha,stalks/ha,1,1,normalized-label,"",not-reviewed,Validate normalization or conversion semantics and review canonical identifier plus quantity kind.
958,survival,,1,0,unresolved,"",not-reviewed,Preserve raw label and hold canonical mapping until unit meaning is reviewed.
959,SZL/ha,SZL/ha,1,1,identity-label,"",not-reviewed,Retain label mapping and review canonical identifier plus quantity kind.
960,t,Mg,1,1,normalized-label,"",not-reviewed,Validate normalization or conversion semantics and review canonical identifier plus quantity kind.
961,t /ha,Mg/ha,1,1,normalized-label,"",not-reviewed,Validate normalization or conversion semantics and review canonical identifier plus quantity kind.
962,t C/ha,Mg C/ha,1,1,normalized-label,"",not-reviewed,Validate normalization or conversion semantics and review canonical identifier plus quantity kind.
963,t C/ha/yr,Mg C/ha/yr,1,1,normalized-label,"",not-reviewed,Validate normalization or conversion semantics and review canonical identifier plus quantity kind.
964,t CO2 eq/t grain/yr,Mg CO2 eq/t grain/yr,1,1,normalized-label,"",not-reviewed,Validate normalization or conversion semantics and review canonical identifier plus quantity kind.
965,t DM/ha,Mg DM/ha,1,1,normalized-label,"",not-reviewed,Validate normalization or conversion semantics and review canonical identifier plus quantity kind.
966,t fresh yield/ha,Mg fresh/ha,1,1,normalized-label,"",not-reviewed,Validate normalization or conversion semantics and review canonical identifier plus quantity kind.
967,t N/ha,Mg N/ha,1,1,normalized-label,"",not-reviewed,Validate normalization or conversion semantics and review canonical identifier plus quantity kind.
968,t yield/ha/cm,Mg/ha/cm,1,1,normalized-label,"",not-reviewed,Validate normalization or conversion semantics and review canonical identifier plus quantity kind.
969,t yield/ha/mm,Mg/ha/mm,1,1,normalized-label,"",not-reviewed,Validate normalization or conversion semantics and review canonical identifier plus quantity kind.
970,t.ha,Mg/ha,1,1,normalized-label,"",not-reviewed,Validate normalization or conversion semantics and review canonical identifier plus quantity kind.
971,t/ ha,Mg/ha,1,1,normalized-label,"",not-reviewed,Validate normalization or conversion semantics and review canonical identifier plus quantity kind.
972,t/(ha day),Mg/ha/d,1,1,normalized-label,"",not-reviewed,Validate normalization or conversion semantics and review canonical identifier plus quantity kind.
973,t/acre,Mg/acre,1,1,normalized-label,"",not-reviewed,Validate normalization or conversion semantics and review canonical identifier plus quantity kind.
974,t/fad,Mg/fed,1,1,normalized-label,"",not-reviewed,Validate normalization or conversion semantics and review canonical identifier plus quantity kind.
975,t/fd,Mg/fed,1,1,normalized-label,"",not-reviewed,Validate normalization or conversion semantics and review canonical identifier plus quantity kind.
976,t/fed,Mg/fed,1,1,normalized-label,"",not-reviewed,Validate normalization or conversion semantics and review canonical identifier plus quantity kind.
977,t/fedan,Mg/fed,1,1,normalized-label,"",not-reviewed,Validate normalization or conversion semantics and review canonical identifier plus quantity kind.
978,t/ha,Mg/ha,1,1,normalized-label,"",not-reviewed,Validate normalization or conversion semantics and review canonical identifier plus quantity kind.
979,t/ha DM,Mg DM/ha,1,1,normalized-label,"",not-reviewed,Validate normalization or conversion semantics and review canonical identifier plus quantity kind.
980,t/ha dry matter,Mg DM/ha,1,1,normalized-label,"",not-reviewed,Validate normalization or conversion semantics and review canonical identifier plus quantity kind.
981,t/ha FM,Mg fresh/ha,1,1,normalized-label,"",not-reviewed,Validate normalization or conversion semantics and review canonical identifier plus quantity kind.
982,t/ha freshh matter,Mg fresh/ha,1,1,normalized-label,"",not-reviewed,Validate normalization or conversion semantics and review canonical identifier plus quantity kind.
983,t/ha/mm,Mg/ha/mm,1,1,normalized-label,"",not-reviewed,Validate normalization or conversion semantics and review canonical identifier plus quantity kind.
984,t/ha/season,Mg/ha/season,1,1,normalized-label,"",not-reviewed,Validate normalization or conversion semantics and review canonical identifier plus quantity kind.
985,t/ha/year,Mg/ha/yr,1,1,normalized-label,"",not-reviewed,Validate normalization or conversion semantics and review canonical identifier plus quantity kind.
986,t/ha/yr,Mg/ha/yr,1,1,normalized-label,"",not-reviewed,Validate normalization or conversion semantics and review canonical identifier plus quantity kind.
987,t/t,Mg/Mg,1,1,normalized-label,"",not-reviewed,Validate normalization or conversion semantics and review canonical identifier plus quantity kind.
988,t/year,Mg/yr,1,1,normalized-label,"",not-reviewed,Validate normalization or conversion semantics and review canonical identifier plus quantity kind.
989,t\ha,Mg/ha,1,1,normalized-label,"",not-reviewed,Validate normalization or conversion semantics and review canonical identifier plus quantity kind.
990,Taxonomic richness (S),taxonomic richness (S),1,1,normalized-label,"",not-reviewed,Validate normalization or conversion semantics and review canonical identifier plus quantity kind.
991,tC/ha,Mg C/ha,1,1,normalized-label,"",not-reviewed,Validate normalization or conversion semantics and review canonical identifier plus quantity kind.
992,tDM/ha,Mg DM/ha,1,1,normalized-label,"",not-reviewed,Validate normalization or conversion semantics and review canonical identifier plus quantity kind.
993,the,,1,0,unresolved,"",not-reviewed,Preserve raw label and hold canonical mapping until unit meaning is reviewed.
994,tn/ha,Mg/ha,1,1,normalized-label,"",not-reviewed,Validate normalization or conversion semantics and review canonical identifier plus quantity kind.
995,TND/ha,TND/ha,1,1,identity-label,"",not-reviewed,Retain label mapping and review canonical identifier plus quantity kind.
996,ton/feddan,Mg/fed,1,1,normalized-label,"",not-reviewed,Validate normalization or conversion semantics and review canonical identifier plus quantity kind.
997,ton/ha,Mg/ha,1,1,normalized-label,"",not-reviewed,Validate normalization or conversion semantics and review canonical identifier plus quantity kind.
998,ton/ha/season,Mg/ha/season,1,1,normalized-label,"",not-reviewed,Validate normalization or conversion semantics and review canonical identifier plus quantity kind.
999,ton/m3,Mg/m3,1,1,normalized-label,"",not-reviewed,Validate normalization or conversion semantics and review canonical identifier plus quantity kind.
1000,tons/ha,Mg/ha,1,1,normalized-label,"",not-reviewed,Validate normalization or conversion semantics and review canonical identifier plus quantity kind.
1001,total insects/kg of grain,n/kg grain,1,1,normalized-label,"",not-reviewed,Validate normalization or conversion semantics and review canonical identifier plus quantity kind.
1002,truly,,1,0,unresolved,"",not-reviewed,Preserve raw label and hold canonical mapping until unit meaning is reviewed.
1003,TZS,TZS,1,1,identity-label,"",not-reviewed,Retain label mapping and review canonical identifier plus quantity kind.
1004,TZS/day,TZS/d,1,1,normalized-label,"",not-reviewed,Validate normalization or conversion semantics and review canonical identifier plus quantity kind.
1005,TZS/individual,TZS/individual,1,1,identity-label,"",not-reviewed,Retain label mapping and review canonical identifier plus quantity kind.
1006,TZS/individual/day,TZS/d/individual,1,1,normalized-label,"",not-reviewed,Validate normalization or conversion semantics and review canonical identifier plus quantity kind.
1007,TZS/month,TZS/month,1,1,identity-label,"",not-reviewed,Retain label mapping and review canonical identifier plus quantity kind.
1008,ug N/g,ug N/g,1,1,identity-label,"",not-reviewed,Retain label mapping and review canonical identifier plus quantity kind.
1009,ug/m2/h,µg/m2/h,1,1,normalized-label,"",not-reviewed,Validate normalization or conversion semantics and review canonical identifier plus quantity kind.
1010,UGX/ha,UGX/ha,1,1,identity-label,"",not-reviewed,Retain label mapping and review canonical identifier plus quantity kind.
1011,urine/day,,2,0,unresolved,"",not-reviewed,Preserve raw label and hold canonical mapping until unit meaning is reviewed.
1012,urine/day,,2,0,unresolved,"",not-reviewed,Preserve raw label and hold canonical mapping until unit meaning is reviewed.
1013,US$,USD,1,1,normalized-label,"",not-reviewed,Validate normalization or conversion semantics and review canonical identifier plus quantity kind.
1014,US$/ha,USD/ha,1,1,normalized-label,"",not-reviewed,Validate normalization or conversion semantics and review canonical identifier plus quantity kind.
1015,USD,USD,1,1,identity-label,"",not-reviewed,Retain label mapping and review canonical identifier plus quantity kind.
1016,USD /ha,USD/ha,1,1,normalized-label,"",not-reviewed,Validate normalization or conversion semantics and review canonical identifier plus quantity kind.
1017,USD(15% discount rate),USD/ha (discount rate = 15%),1,1,normalized-label,"",not-reviewed,Validate normalization or conversion semantics and review canonical identifier plus quantity kind.
1018,USD(35% discount rate),USD/ha (discount rate = 35%),1,1,normalized-label,"",not-reviewed,Validate normalization or conversion semantics and review canonical identifier plus quantity kind.
1019,USD/(man day),USD/person-d,1,1,normalized-label,"",not-reviewed,Validate normalization or conversion semantics and review canonical identifier plus quantity kind.
1020,USD/100kg,USD/100 kg,1,1,normalized-label,"",not-reviewed,Validate normalization or conversion semantics and review canonical identifier plus quantity kind.
1021,USD/90 kg,USD/90 kg,1,1,identity-label,"",not-reviewed,Retain label mapping and review canonical identifier plus quantity kind.
1022,USD/acre,USD/acre,1,1,identity-label,"",not-reviewed,Retain label mapping and review canonical identifier plus quantity kind.
1023,USD/acre/cow,USD/acre/individual,1,1,normalized-label,"",not-reviewed,Validate normalization or conversion semantics and review canonical identifier plus quantity kind.
1024,USD/animal,USD/individual,1,1,normalized-label,"",not-reviewed,Validate normalization or conversion semantics and review canonical identifier plus quantity kind.
1025,USD/bird,USD/bird,1,1,identity-label,"",not-reviewed,Retain label mapping and review canonical identifier plus quantity kind.
1026,USD/cow,USD/cow,1,1,identity-label,"",not-reviewed,Retain label mapping and review canonical identifier plus quantity kind.
1027,USD/crib,USD/crib,1,1,identity-label,"",not-reviewed,Retain label mapping and review canonical identifier plus quantity kind.
1028,USD/day,USD/d,1,1,normalized-label,"",not-reviewed,Validate normalization or conversion semantics and review canonical identifier plus quantity kind.
1029,USD/day/ha,USD/ha/d,1,1,normalized-label,"",not-reviewed,Validate normalization or conversion semantics and review canonical identifier plus quantity kind.
1030,USD/fed,USD/fed,1,1,identity-label,"",not-reviewed,Retain label mapping and review canonical identifier plus quantity kind.
1031,USD/fish,USD/fish,1,1,identity-label,"",not-reviewed,Retain label mapping and review canonical identifier plus quantity kind.
1032,USD/goat,USD/goat,1,1,identity-label,"",not-reviewed,Retain label mapping and review canonical identifier plus quantity kind.
1033,USD/ha,USD/ha,1,1,identity-label,"",not-reviewed,Retain label mapping and review canonical identifier plus quantity kind.
1034,USD/ha (discount rate= 15%),USD/ha (discount rate = 15%),1,1,normalized-label,"",not-reviewed,Validate normalization or conversion semantics and review canonical identifier plus quantity kind.
1035,USD/ha (discount rate= 20%),USD/ha (discount rate = 20%),1,1,normalized-label,"",not-reviewed,Validate normalization or conversion semantics and review canonical identifier plus quantity kind.
1036,USD/ha (discount rate= 30%),USD/ha (discount rate = 30%),1,1,normalized-label,"",not-reviewed,Validate normalization or conversion semantics and review canonical identifier plus quantity kind.
1037,USD/ha (discount rate=10%),USD/ha (discount rate = 10%),1,1,normalized-label,"",not-reviewed,Validate normalization or conversion semantics and review canonical identifier plus quantity kind.
1038,USD/ha (discount rate=5%),USD/ha (discount rate = 5%),1,1,normalized-label,"",not-reviewed,Validate normalization or conversion semantics and review canonical identifier plus quantity kind.
1039,USD/ha (Discount rate=8%),USD/ha (discount rate = 8%),1,1,normalized-label,"",not-reviewed,Validate normalization or conversion semantics and review canonical identifier plus quantity kind.
1040,USD/ha(10% discount rate),USD/ha (discount rate = 10%),1,1,normalized-label,"",not-reviewed,Validate normalization or conversion semantics and review canonical identifier plus quantity kind.
1041,USD/ha),USD/ha,1,1,normalized-label,"",not-reviewed,Validate normalization or conversion semantics and review canonical identifier plus quantity kind.
1042,USD/ha/labour,USD/ha/labour,1,1,identity-label,"",not-reviewed,Retain label mapping and review canonical identifier plus quantity kind.
1043,USD/ha/year,USD/ha/yr,1,1,normalized-label,"",not-reviewed,Validate normalization or conversion semantics and review canonical identifier plus quantity kind.
1044,USD/ha/yr,USD/ha/yr,1,1,identity-label,"",not-reviewed,Retain label mapping and review canonical identifier plus quantity kind.
1045,USD/head/day,USD/head/d,1,1,normalized-label,"",not-reviewed,Validate normalization or conversion semantics and review canonical identifier plus quantity kind.
1046,USD/head/month,USD/head/month,1,1,identity-label,"",not-reviewed,Retain label mapping and review canonical identifier plus quantity kind.
1047,USD/individual/day,USD/d/individual,1,1,normalized-label,"",not-reviewed,Validate normalization or conversion semantics and review canonical identifier plus quantity kind.
1048,USD/kg,USD/kg,1,1,identity-label,"",not-reviewed,Retain label mapping and review canonical identifier plus quantity kind.
1049,USD/kg of P,USD/kg/d,1,1,normalized-label,"",not-reviewed,Validate normalization or conversion semantics and review canonical identifier plus quantity kind.
1050,USD/kg/day,USD/kg/d,1,1,normalized-label,"",not-reviewed,Validate normalization or conversion semantics and review canonical identifier plus quantity kind.
1051,USD/l,USD/L,1,1,normalized-label,"",not-reviewed,Validate normalization or conversion semantics and review canonical identifier plus quantity kind.
1052,USD/labor-hour,USD/hr labor,1,1,normalized-label,"",not-reviewed,Validate normalization or conversion semantics and review canonical identifier plus quantity kind.
1053,USD/litre,USD/l,1,1,normalized-label,"",not-reviewed,Validate normalization or conversion semantics and review canonical identifier plus quantity kind.
1054,USD/man/day,USD/man/d,1,1,normalized-label,"",not-reviewed,Validate normalization or conversion semantics and review canonical identifier plus quantity kind.
1055,USD/person/day,USD/person/d,1,1,normalized-label,"",not-reviewed,Validate normalization or conversion semantics and review canonical identifier plus quantity kind.
1056,USD/person-day,USD/person d,1,1,normalized-label,"",not-reviewed,Validate normalization or conversion semantics and review canonical identifier plus quantity kind.
1057,USD/plot,USD/plot,1,1,identity-label,"",not-reviewed,Retain label mapping and review canonical identifier plus quantity kind.
1058,USD/sack,USD/sack,1,1,identity-label,"",not-reviewed,Retain label mapping and review canonical identifier plus quantity kind.
1059,USD/t,USD/t,1,1,identity-label,"",not-reviewed,Retain label mapping and review canonical identifier plus quantity kind.
1060,USD/tonne,,1,0,unresolved,"",not-reviewed,Preserve raw label and hold canonical mapping until unit meaning is reviewed.
1061,USD/USD,USD/USD,1,1,identity-label,"",not-reviewed,Retain label mapping and review canonical identifier plus quantity kind.
1062,USD/USD (discount rate= 15%),USD/USD (discount rate= 15%),1,1,identity-label,"",not-reviewed,Retain label mapping and review canonical identifier plus quantity kind.
1063,USD/USD (discount rate= 30%),USD/USD (discount rate= 30%),1,1,identity-label,"",not-reviewed,Retain label mapping and review canonical identifier plus quantity kind.
1064,USD/year,USD/yr,1,1,normalized-label,"",not-reviewed,Validate normalization or conversion semantics and review canonical identifier plus quantity kind.
1065,USD/yr/cattle unit,USD/yr/individual,1,1,normalized-label,"",not-reviewed,Validate normalization or conversion semantics and review canonical identifier plus quantity kind.
1066,USD/yr/farm,USD/yr/Farm,1,1,normalized-label,"",not-reviewed,Validate normalization or conversion semantics and review canonical identifier plus quantity kind.
1067,USH,UGX,1,1,normalized-label,"",not-reviewed,Validate normalization or conversion semantics and review canonical identifier plus quantity kind.
1068,v/v,v/v,1,1,identity-label,"",not-reviewed,Retain label mapping and review canonical identifier plus quantity kind.
1069,v:v,v/v,1,1,normalized-label,"",not-reviewed,Validate normalization or conversion semantics and review canonical identifier plus quantity kind.
1070,volume/volume,v/v,1,1,normalized-label,"",not-reviewed,Validate normalization or conversion semantics and review canonical identifier plus quantity kind.
1071,w/w,w/w,1,1,identity-label,"",not-reviewed,Retain label mapping and review canonical identifier plus quantity kind.
1072,weight,,1,0,unresolved,"",not-reviewed,Preserve raw label and hold canonical mapping until unit meaning is reviewed.
1073,wool,,1,0,unresolved,"",not-reviewed,Preserve raw label and hold canonical mapping until unit meaning is reviewed.
1074,Wool,,1,0,unresolved,"",not-reviewed,Preserve raw label and hold canonical mapping until unit meaning is reviewed.
1075,work days/ha,person-d/ha,1,1,normalized-label,"",not-reviewed,Validate normalization or conversion semantics and review canonical identifier plus quantity kind.
1076,working days/ha,person-d/ha,1,1,normalized-label,"",not-reviewed,Validate normalization or conversion semantics and review canonical identifier plus quantity kind.
1077,XAF,XAF,1,1,identity-label,"",not-reviewed,Retain label mapping and review canonical identifier plus quantity kind.
1078,XAF/egg,XAF/egg,1,1,identity-label,"",not-reviewed,Retain label mapping and review canonical identifier plus quantity kind.
1079,XAF/individual,XAF/individual,1,1,identity-label,"",not-reviewed,Retain label mapping and review canonical identifier plus quantity kind.
1080,XAF/kg,XAF/kg,1,1,identity-label,"",not-reviewed,Retain label mapping and review canonical identifier plus quantity kind.
1081,XAF/pig,XAF/pig,1,1,identity-label,"",not-reviewed,Retain label mapping and review canonical identifier plus quantity kind.
1082,XAF/sheep,XAF/sheep,1,1,identity-label,"",not-reviewed,Retain label mapping and review canonical identifier plus quantity kind.
1083,XOF,XOF,1,1,identity-label,"",not-reviewed,Retain label mapping and review canonical identifier plus quantity kind.
1084,XOF/cattle,XOF/individual,1,1,normalized-label,"",not-reviewed,Validate normalization or conversion semantics and review canonical identifier plus quantity kind.
1085,XOF/ha,XOF/ha,1,1,identity-label,"",not-reviewed,Retain label mapping and review canonical identifier plus quantity kind.
1086,XOF/kg/ha,XOF/kg/ha,1,1,identity-label,"",not-reviewed,Retain label mapping and review canonical identifier plus quantity kind.
1087,XOF/XOF,XOF/XOF,1,1,identity-label,"",not-reviewed,Retain label mapping and review canonical identifier plus quantity kind.
1088,year,yr,1,1,normalized-label,"",not-reviewed,Validate normalization or conversion semantics and review canonical identifier plus quantity kind.
1089,year(15% discount rate),yr(15% discount rate),1,1,normalized-label,"",not-reviewed,Validate normalization or conversion semantics and review canonical identifier plus quantity kind.
1090,year(35% discount rate),yr(35% discount rate),1,1,normalized-label,"",not-reviewed,Validate normalization or conversion semantics and review canonical identifier plus quantity kind.
1091,years,yr,1,1,normalized-label,"",not-reviewed,Validate normalization or conversion semantics and review canonical identifier plus quantity kind.
1092,ZAR,ZAR,1,1,identity-label,"",not-reviewed,Retain label mapping and review canonical identifier plus quantity kind.
1093,ZAR/ha,ZAR/ha,1,1,identity-label,"",not-reviewed,Retain label mapping and review canonical identifier plus quantity kind.
1094,ZAR/kg,ZAR/kg,1,1,identity-label,"",not-reviewed,Retain label mapping and review canonical identifier plus quantity kind.
1095,ZMK,ZMK,1,1,identity-label,"",not-reviewed,Retain label mapping and review canonical identifier plus quantity kind.
1096,ZMK/ha,ZMK/ha,2,2,conflicting-canonical-label,"",not-reviewed,Resolve contextual or temporal distinction; never choose one correction silently.
1097,ZMK/ha,ZMW/ha,2,2,conflicting-canonical-label,"",not-reviewed,Resolve contextual or temporal distinction; never choose one correction silently.
1098,ZMK/kg N,ZMK/kg N,1,1,identity-label,"",not-reviewed,Retain label mapping and review canonical identifier plus quantity kind.
1099,ZMK/person-day,ZMK/person-d,1,1,normalized-label,"",not-reviewed,Validate normalization or conversion semantics and review canonical identifier plus quantity kind.
1100,ZMW,ZMW,1,1,identity-label,"",not-reviewed,Retain label mapping and review canonical identifier plus quantity kind.
1101,ZMW/ha,ZMW/ha,1,1,identity-label,"",not-reviewed,Retain label mapping and review canonical identifier plus quantity kind.
1102,ZWD/ha,ZWD/ha,1,1,identity-label,"",not-reviewed,Retain label mapping and review canonical identifier plus quantity kind.
1103,"ZWD/ha(d.r. y1 = 1, y2 = 1/1.23)","ZWD/ha(d.r. y1 = 1, y2 = 1/1.23)",1,1,identity-label,"",not-reviewed,Retain label mapping and review canonical identifier plus quantity kind.
1104,ZWL/ha,ZWL/ha,1,1,identity-label,"",not-reviewed,Retain label mapping and review canonical identifier plus quantity kind.
1105,μg C/(m*s),μg C/(m*s),1,1,identity-label,"",not-reviewed,Retain label mapping and review canonical identifier plus quantity kind.
1106,μg N/(m*s),μg N/(m*s),1,1,identity-label,"",not-reviewed,Retain label mapping and review canonical identifier plus quantity kind.
