feed_material_id,old_property,old_target_id,implementation_action,new_property,new_target_id,review_status,reviewer,implementation_date,decision_record,rationale
AOM_001326,aom:compositionState,AOM_101086,migrated-to-component-retention-property,aom:componentRetentionState,AOM_101086,approved,Pete Steward,2026-08-20,docs/decisions/0048-chemical-identity-composition-and-component-model.md,Canonical occurrences and public feed authorities identify maize silage as whole-crop material.
AOM_000656,aom:compositionState,AOM_101110,migrated-to-component-retention-property,aom:componentRetentionState,AOM_101110,approved,Pete Steward,2026-08-20,docs/decisions/0048-chemical-identity-composition-and-component-model.md,Whole rice retains grain fractions while grinding remains an independent process.
AOM_000660,aom:compositionState,AOM_101110,migrated-to-component-retention-property,aom:componentRetentionState,AOM_101110,approved,Pete Steward,2026-08-20,docs/decisions/0048-chemical-identity-composition-and-component-model.md,Whole wheat retains grain fractions while grinding remains an independent process.
AOM_001313,aom:compositionState,AOM_101110,migrated-to-component-retention-property,aom:componentRetentionState,AOM_101110,approved,Pete Steward,2026-08-20,docs/decisions/0048-chemical-identity-composition-and-component-model.md,Crop-product context distinguishes whole-grain maize from source maize and whole-crop silage.
AOM_001324,aom:compositionState,AOM_101110,migrated-to-component-retention-property,aom:componentRetentionState,AOM_101110,approved,Pete Steward,2026-08-20,docs/decisions/0048-chemical-identity-composition-and-component-model.md,Whole-grain integrity and grinding are independent assertions.
AOM_000555,aom:compositionState,AOM_101116,retained-reviewed-assertion,aom:compositionState,AOM_101116,held,Pete Steward,2026-08-20,docs/decisions/0048-chemical-identity-composition-and-component-model.md,Whole milk denotes composition rather than physical wholeness.
AOM_000611,aom:compositionState,AOM_101134,retained-reviewed-assertion,aom:compositionState,AOM_101134,held,Pete Steward,2026-08-20,docs/decisions/0048-chemical-identity-composition-and-component-model.md,Explicit descriptor “full fat” mapped through hard-tail decision AOM_000611; assertion 1.
AOM_001317,aom:compositionState,AOM_101134,retained-reviewed-assertion,aom:compositionState,AOM_101134,held,Pete Steward,2026-08-20,docs/decisions/0048-chemical-identity-composition-and-component-model.md,Explicit descriptor “full fat” mapped through hard-tail decision AOM_001317; assertion 1.
AOM_001359,aom:ingredientPart,AOM_101024,retained-reviewed-assertion,aom:ingredientPart,AOM_101024,approved,Pete Steward,2026-08-20,docs/decisions/0048-chemical-identity-composition-and-component-model.md,Explicit descriptor “bulb” mapped through hard-tail decision AOM_001359; assertion 1.
AOM_001914,aom:ingredientPart,AOM_101025,retained-reviewed-assertion,aom:ingredientPart,AOM_101025,approved,Pete Steward,2026-08-20,docs/decisions/0048-chemical-identity-composition-and-component-model.md,Explicit descriptor “cladode” mapped through hard-tail decision AOM_001914; assertion 1.
AOM_002154,aom:ingredientPart,AOM_101025,retained-reviewed-assertion,aom:ingredientPart,AOM_101025,approved,Pete Steward,2026-08-20,docs/decisions/0048-chemical-identity-composition-and-component-model.md,Explicit descriptor “cladode” mapped through hard-tail decision AOM_002154; assertion 1.
AOM_000569,aom:ingredientPart,AOM_101026,retained-generated-assertion,aom:ingredientPart,AOM_101026,approved,Pete Steward,2026-08-20,docs/decisions/0048-chemical-identity-composition-and-component-model.md,Generated from approved rule under recorded guard; legacy material identity preserved.
AOM_001943,aom:ingredientPart,AOM_101026,retained-generated-assertion,aom:ingredientPart,AOM_101026,approved,Pete Steward,2026-08-20,docs/decisions/0048-chemical-identity-composition-and-component-model.md,Generated from approved rule under recorded guard; legacy material identity preserved.
AOM_002083,aom:ingredientPart,AOM_101026,retained-generated-assertion,aom:ingredientPart,AOM_101026,approved,Pete Steward,2026-08-20,docs/decisions/0048-chemical-identity-composition-and-component-model.md,Generated from approved rule under recorded guard; legacy material identity preserved.
AOM_006071,aom:ingredientPart,AOM_101026,retained-generated-assertion,aom:ingredientPart,AOM_101026,approved,Pete Steward,2026-08-20,docs/decisions/0048-chemical-identity-composition-and-component-model.md,Generated from approved rule under recorded guard; legacy material identity preserved.
AOM_006218,aom:ingredientPart,AOM_101026,retained-generated-assertion,aom:ingredientPart,AOM_101026,approved,Pete Steward,2026-08-20,docs/decisions/0048-chemical-identity-composition-and-component-model.md,Generated from approved rule under recorded guard; legacy material identity preserved.
AOM_001818,aom:ingredientPart,AOM_101027,retained-reviewed-assertion,aom:ingredientPart,AOM_101027,approved,Pete Steward,2026-08-20,docs/decisions/0048-chemical-identity-composition-and-component-model.md,Explicit descriptor “corm” mapped through hard-tail decision AOM_001818; assertion 1.
AOM_000664,aom:ingredientPart,AOM_101028,retained-reviewed-assertion,aom:ingredientPart,AOM_101028,approved,Pete Steward,2026-08-20,docs/decisions/0048-chemical-identity-composition-and-component-model.md,Explicit descriptor “avocado” mapped through hard-tail decision AOM_000664; assertion 1.
AOM_001603,aom:ingredientPart,AOM_101028,retained-reviewed-assertion,aom:ingredientPart,AOM_101028,approved,Pete Steward,2026-08-20,docs/decisions/0048-chemical-identity-composition-and-component-model.md,Explicit descriptor “fruits” mapped through hard-tail decision AOM_001603; assertion 1.
AOM_001654,aom:ingredientPart,AOM_101028,retained-reviewed-assertion,aom:ingredientPart,AOM_101028,approved,Pete Steward,2026-08-20,docs/decisions/0048-chemical-identity-composition-and-component-model.md,Explicit descriptor “fruits” mapped through hard-tail decision AOM_001654; assertion 1.
AOM_001761,aom:ingredientPart,AOM_101028,retained-reviewed-assertion,aom:ingredientPart,AOM_101028,approved,Pete Steward,2026-08-20,docs/decisions/0048-chemical-identity-composition-and-component-model.md,Explicit descriptor “fruits” mapped through hard-tail decision AOM_001761; assertion 1.
AOM_001848,aom:ingredientPart,AOM_101028,retained-reviewed-assertion,aom:ingredientPart,AOM_101028,approved,Pete Steward,2026-08-20,docs/decisions/0048-chemical-identity-composition-and-component-model.md,Explicit descriptor “fruits” mapped through hard-tail decision AOM_001848; assertion 1.
AOM_002111,aom:ingredientPart,AOM_101028,retained-reviewed-assertion,aom:ingredientPart,AOM_101028,approved,Pete Steward,2026-08-20,docs/decisions/0048-chemical-identity-composition-and-component-model.md,Explicit descriptor “fruits” mapped through hard-tail decision AOM_002111; assertion 1.
AOM_000605,aom:ingredientPart,AOM_101030,retained-reviewed-assertion,aom:ingredientPart,AOM_101030,held,Pete Steward,2026-08-20,docs/decisions/0048-chemical-identity-composition-and-component-model.md,Explicit descriptor “hull” mapped through hard-tail decision AOM_000605; assertion 1.
AOM_000576,aom:ingredientPart,AOM_101031,retained-generated-assertion,aom:ingredientPart,AOM_101031,held,Pete Steward,2026-08-20,docs/decisions/0048-chemical-identity-composition-and-component-model.md,Generated from approved rule under recorded guard; legacy material identity preserved.
AOM_000602,aom:ingredientPart,AOM_101031,retained-generated-assertion,aom:ingredientPart,AOM_101031,held,Pete Steward,2026-08-20,docs/decisions/0048-chemical-identity-composition-and-component-model.md,Generated from approved rule under recorded guard; legacy material identity preserved.
AOM_000606,aom:ingredientPart,AOM_101031,retained-generated-assertion,aom:ingredientPart,AOM_101031,held,Pete Steward,2026-08-20,docs/decisions/0048-chemical-identity-composition-and-component-model.md,Generated from approved rule under recorded guard; legacy material identity preserved.
AOM_001183,aom:ingredientPart,AOM_101031,retained-generated-assertion,aom:ingredientPart,AOM_101031,held,Pete Steward,2026-08-20,docs/decisions/0048-chemical-identity-composition-and-component-model.md,Generated from approved rule under recorded guard; legacy material identity preserved.
AOM_001184,aom:ingredientPart,AOM_101031,retained-generated-assertion,aom:ingredientPart,AOM_101031,held,Pete Steward,2026-08-20,docs/decisions/0048-chemical-identity-composition-and-component-model.md,Generated from approved rule under recorded guard; legacy material identity preserved.
AOM_001299,aom:ingredientPart,AOM_101031,retained-generated-assertion,aom:ingredientPart,AOM_101031,held,Pete Steward,2026-08-20,docs/decisions/0048-chemical-identity-composition-and-component-model.md,Generated from approved rule under recorded guard; legacy material identity preserved.
AOM_001619,aom:ingredientPart,AOM_101031,retained-generated-assertion,aom:ingredientPart,AOM_101031,held,Pete Steward,2026-08-20,docs/decisions/0048-chemical-identity-composition-and-component-model.md,Generated from approved rule under recorded guard; legacy material identity preserved.
AOM_001942,aom:ingredientPart,AOM_101031,retained-generated-assertion,aom:ingredientPart,AOM_101031,held,Pete Steward,2026-08-20,docs/decisions/0048-chemical-identity-composition-and-component-model.md,Generated from approved rule under recorded guard; legacy material identity preserved.
AOM_002012,aom:ingredientPart,AOM_101031,retained-generated-assertion,aom:ingredientPart,AOM_101031,held,Pete Steward,2026-08-20,docs/decisions/0048-chemical-identity-composition-and-component-model.md,Generated from approved rule under recorded guard; legacy material identity preserved.
AOM_002019,aom:ingredientPart,AOM_101031,retained-generated-assertion,aom:ingredientPart,AOM_101031,held,Pete Steward,2026-08-20,docs/decisions/0048-chemical-identity-composition-and-component-model.md,Generated from approved rule under recorded guard; legacy material identity preserved.
AOM_002233,aom:ingredientPart,AOM_101031,retained-generated-assertion,aom:ingredientPart,AOM_101031,held,Pete Steward,2026-08-20,docs/decisions/0048-chemical-identity-composition-and-component-model.md,Generated from approved rule under recorded guard; legacy material identity preserved.
AOM_002339,aom:ingredientPart,AOM_101031,retained-generated-assertion,aom:ingredientPart,AOM_101031,held,Pete Steward,2026-08-20,docs/decisions/0048-chemical-identity-composition-and-component-model.md,Generated from approved rule under recorded guard; legacy material identity preserved.
AOM_006067,aom:ingredientPart,AOM_101031,retained-generated-assertion,aom:ingredientPart,AOM_101031,held,Pete Steward,2026-08-20,docs/decisions/0048-chemical-identity-composition-and-component-model.md,Generated from approved rule under recorded guard; legacy material identity preserved.
AOM_006079,aom:ingredientPart,AOM_101031,retained-generated-assertion,aom:ingredientPart,AOM_101031,held,Pete Steward,2026-08-20,docs/decisions/0048-chemical-identity-composition-and-component-model.md,Generated from approved rule under recorded guard; legacy material identity preserved.
AOM_006130,aom:ingredientPart,AOM_101031,retained-generated-assertion,aom:ingredientPart,AOM_101031,held,Pete Steward,2026-08-20,docs/decisions/0048-chemical-identity-composition-and-component-model.md,Generated from approved rule under recorded guard; legacy material identity preserved.
AOM_006187,aom:ingredientPart,AOM_101031,retained-generated-assertion,aom:ingredientPart,AOM_101031,held,Pete Steward,2026-08-20,docs/decisions/0048-chemical-identity-composition-and-component-model.md,Generated from approved rule under recorded guard; legacy material identity preserved.
AOM_006188,aom:ingredientPart,AOM_101031,retained-generated-assertion,aom:ingredientPart,AOM_101031,held,Pete Steward,2026-08-20,docs/decisions/0048-chemical-identity-composition-and-component-model.md,Generated from approved rule under recorded guard; legacy material identity preserved.
AOM_006299,aom:ingredientPart,AOM_101031,retained-generated-assertion,aom:ingredientPart,AOM_101031,held,Pete Steward,2026-08-20,docs/decisions/0048-chemical-identity-composition-and-component-model.md,Generated from approved rule under recorded guard; legacy material identity preserved.
AOM_006312,aom:ingredientPart,AOM_101031,retained-generated-assertion,aom:ingredientPart,AOM_101031,held,Pete Steward,2026-08-20,docs/decisions/0048-chemical-identity-composition-and-component-model.md,Generated from approved rule under recorded guard; legacy material identity preserved.
AOM_000625,aom:ingredientPart,AOM_101032,retained-generated-assertion,aom:ingredientPart,AOM_101032,held,Pete Steward,2026-08-20,docs/decisions/0048-chemical-identity-composition-and-component-model.md,Generated from approved rule under recorded guard; legacy material identity preserved.
AOM_001154,aom:ingredientPart,AOM_101032,retained-generated-assertion,aom:ingredientPart,AOM_101032,held,Pete Steward,2026-08-20,docs/decisions/0048-chemical-identity-composition-and-component-model.md,Generated from approved rule under recorded guard; legacy material identity preserved.
AOM_001155,aom:ingredientPart,AOM_101032,retained-generated-assertion,aom:ingredientPart,AOM_101032,held,Pete Steward,2026-08-20,docs/decisions/0048-chemical-identity-composition-and-component-model.md,Generated from approved rule under recorded guard; legacy material identity preserved.
AOM_001625,aom:ingredientPart,AOM_101032,retained-generated-assertion,aom:ingredientPart,AOM_101032,held,Pete Steward,2026-08-20,docs/decisions/0048-chemical-identity-composition-and-component-model.md,Generated from approved rule under recorded guard; legacy material identity preserved.
AOM_001638,aom:ingredientPart,AOM_101032,retained-generated-assertion,aom:ingredientPart,AOM_101032,held,Pete Steward,2026-08-20,docs/decisions/0048-chemical-identity-composition-and-component-model.md,Generated from approved rule under recorded guard; legacy material identity preserved.
AOM_001694,aom:ingredientPart,AOM_101032,retained-generated-assertion,aom:ingredientPart,AOM_101032,held,Pete Steward,2026-08-20,docs/decisions/0048-chemical-identity-composition-and-component-model.md,Generated from approved rule under recorded guard; legacy material identity preserved.
AOM_001695,aom:ingredientPart,AOM_101032,retained-generated-assertion,aom:ingredientPart,AOM_101032,held,Pete Steward,2026-08-20,docs/decisions/0048-chemical-identity-composition-and-component-model.md,Generated from approved rule under recorded guard; legacy material identity preserved.
AOM_001708,aom:ingredientPart,AOM_101032,retained-generated-assertion,aom:ingredientPart,AOM_101032,held,Pete Steward,2026-08-20,docs/decisions/0048-chemical-identity-composition-and-component-model.md,Generated from approved rule under recorded guard; legacy material identity preserved.
AOM_001888,aom:ingredientPart,AOM_101032,retained-generated-assertion,aom:ingredientPart,AOM_101032,held,Pete Steward,2026-08-20,docs/decisions/0048-chemical-identity-composition-and-component-model.md,Generated from approved rule under recorded guard; legacy material identity preserved.
AOM_001969,aom:ingredientPart,AOM_101032,retained-generated-assertion,aom:ingredientPart,AOM_101032,held,Pete Steward,2026-08-20,docs/decisions/0048-chemical-identity-composition-and-component-model.md,Generated from approved rule under recorded guard; legacy material identity preserved.
AOM_002104,aom:ingredientPart,AOM_101032,retained-generated-assertion,aom:ingredientPart,AOM_101032,held,Pete Steward,2026-08-20,docs/decisions/0048-chemical-identity-composition-and-component-model.md,Generated from approved rule under recorded guard; legacy material identity preserved.
AOM_002105,aom:ingredientPart,AOM_101032,retained-generated-assertion,aom:ingredientPart,AOM_101032,held,Pete Steward,2026-08-20,docs/decisions/0048-chemical-identity-composition-and-component-model.md,Generated from approved rule under recorded guard; legacy material identity preserved.
AOM_006151,aom:ingredientPart,AOM_101032,retained-generated-assertion,aom:ingredientPart,AOM_101032,held,Pete Steward,2026-08-20,docs/decisions/0048-chemical-identity-composition-and-component-model.md,Generated from approved rule under recorded guard; legacy material identity preserved.
AOM_006346,aom:ingredientPart,AOM_101032,retained-generated-assertion,aom:ingredientPart,AOM_101032,held,Pete Steward,2026-08-20,docs/decisions/0048-chemical-identity-composition-and-component-model.md,Generated from approved rule under recorded guard; legacy material identity preserved.
AOM_006411,aom:ingredientPart,AOM_101032,retained-generated-assertion,aom:ingredientPart,AOM_101032,held,Pete Steward,2026-08-20,docs/decisions/0048-chemical-identity-composition-and-component-model.md,Generated from approved rule under recorded guard; legacy material identity preserved.
AOM_000574,aom:ingredientPart,AOM_101033,retained-generated-assertion,aom:ingredientPart,AOM_101033,approved,Pete Steward,2026-08-20,docs/decisions/0048-chemical-identity-composition-and-component-model.md,Generated from approved rule under recorded guard; legacy material identity preserved.
AOM_000595,aom:ingredientPart,AOM_101033,retained-generated-assertion,aom:ingredientPart,AOM_101033,approved,Pete Steward,2026-08-20,docs/decisions/0048-chemical-identity-composition-and-component-model.md,Generated from approved rule under recorded guard; legacy material identity preserved.
AOM_000601,aom:ingredientPart,AOM_101033,retained-reviewed-assertion,aom:ingredientPart,AOM_101033,approved,Pete Steward,2026-08-20,docs/decisions/0048-chemical-identity-composition-and-component-model.md,Explicit descriptor “haulm” mapped through hard-tail decision AOM_000601; assertion 2.
AOM_000603,aom:ingredientPart,AOM_101033,retained-reviewed-assertion,aom:ingredientPart,AOM_101033,approved,Pete Steward,2026-08-20,docs/decisions/0048-chemical-identity-composition-and-component-model.md,Explicit descriptor “haulm” mapped through hard-tail decision AOM_000603; assertion 2.
AOM_000604,aom:ingredientPart,AOM_101033,retained-reviewed-assertion,aom:ingredientPart,AOM_101033,approved,Pete Steward,2026-08-20,docs/decisions/0048-chemical-identity-composition-and-component-model.md,Explicit descriptor “haulm” mapped through hard-tail decision AOM_000604; assertion 2.
AOM_000609,aom:ingredientPart,AOM_101033,retained-generated-assertion,aom:ingredientPart,AOM_101033,approved,Pete Steward,2026-08-20,docs/decisions/0048-chemical-identity-composition-and-component-model.md,Generated from approved rule under recorded guard; legacy material identity preserved.
AOM_000635,aom:ingredientPart,AOM_101033,retained-generated-assertion,aom:ingredientPart,AOM_101033,approved,Pete Steward,2026-08-20,docs/decisions/0048-chemical-identity-composition-and-component-model.md,Generated from approved rule under recorded guard; legacy material identity preserved.
AOM_000708,aom:ingredientPart,AOM_101033,retained-generated-assertion,aom:ingredientPart,AOM_101033,approved,Pete Steward,2026-08-20,docs/decisions/0048-chemical-identity-composition-and-component-model.md,Generated from approved rule under recorded guard; legacy material identity preserved.
AOM_000709,aom:ingredientPart,AOM_101033,retained-generated-assertion,aom:ingredientPart,AOM_101033,approved,Pete Steward,2026-08-20,docs/decisions/0048-chemical-identity-composition-and-component-model.md,Generated from approved rule under recorded guard; legacy material identity preserved.
AOM_000711,aom:ingredientPart,AOM_101033,retained-generated-assertion,aom:ingredientPart,AOM_101033,approved,Pete Steward,2026-08-20,docs/decisions/0048-chemical-identity-composition-and-component-model.md,Generated from approved rule under recorded guard; legacy material identity preserved.
AOM_000730,aom:ingredientPart,AOM_101033,retained-generated-assertion,aom:ingredientPart,AOM_101033,approved,Pete Steward,2026-08-20,docs/decisions/0048-chemical-identity-composition-and-component-model.md,Generated from approved rule under recorded guard; legacy material identity preserved.
AOM_000733,aom:ingredientPart,AOM_101033,retained-generated-assertion,aom:ingredientPart,AOM_101033,approved,Pete Steward,2026-08-20,docs/decisions/0048-chemical-identity-composition-and-component-model.md,Generated from approved rule under recorded guard; legacy material identity preserved.
AOM_001120,aom:ingredientPart,AOM_101033,retained-generated-assertion,aom:ingredientPart,AOM_101033,approved,Pete Steward,2026-08-20,docs/decisions/0048-chemical-identity-composition-and-component-model.md,Generated from approved rule under recorded guard; legacy material identity preserved.
AOM_001123,aom:ingredientPart,AOM_101033,retained-generated-assertion,aom:ingredientPart,AOM_101033,approved,Pete Steward,2026-08-20,docs/decisions/0048-chemical-identity-composition-and-component-model.md,Generated from approved rule under recorded guard; legacy material identity preserved.
AOM_001125,aom:ingredientPart,AOM_101033,retained-generated-assertion,aom:ingredientPart,AOM_101033,approved,Pete Steward,2026-08-20,docs/decisions/0048-chemical-identity-composition-and-component-model.md,Generated from approved rule under recorded guard; legacy material identity preserved.
AOM_001127,aom:ingredientPart,AOM_101033,retained-generated-assertion,aom:ingredientPart,AOM_101033,approved,Pete Steward,2026-08-20,docs/decisions/0048-chemical-identity-composition-and-component-model.md,Generated from approved rule under recorded guard; legacy material identity preserved.
AOM_001129,aom:ingredientPart,AOM_101033,retained-generated-assertion,aom:ingredientPart,AOM_101033,approved,Pete Steward,2026-08-20,docs/decisions/0048-chemical-identity-composition-and-component-model.md,Generated from approved rule under recorded guard; legacy material identity preserved.
AOM_001132,aom:ingredientPart,AOM_101033,retained-generated-assertion,aom:ingredientPart,AOM_101033,approved,Pete Steward,2026-08-20,docs/decisions/0048-chemical-identity-composition-and-component-model.md,Generated from approved rule under recorded guard; legacy material identity preserved.
AOM_001134,aom:ingredientPart,AOM_101033,retained-generated-assertion,aom:ingredientPart,AOM_101033,approved,Pete Steward,2026-08-20,docs/decisions/0048-chemical-identity-composition-and-component-model.md,Generated from approved rule under recorded guard; legacy material identity preserved.
AOM_001140,aom:ingredientPart,AOM_101033,retained-generated-assertion,aom:ingredientPart,AOM_101033,approved,Pete Steward,2026-08-20,docs/decisions/0048-chemical-identity-composition-and-component-model.md,Generated from approved rule under recorded guard; legacy material identity preserved.
AOM_001143,aom:ingredientPart,AOM_101033,retained-generated-assertion,aom:ingredientPart,AOM_101033,approved,Pete Steward,2026-08-20,docs/decisions/0048-chemical-identity-composition-and-component-model.md,Generated from approved rule under recorded guard; legacy material identity preserved.
AOM_001148,aom:ingredientPart,AOM_101033,retained-generated-assertion,aom:ingredientPart,AOM_101033,approved,Pete Steward,2026-08-20,docs/decisions/0048-chemical-identity-composition-and-component-model.md,Generated from approved rule under recorded guard; legacy material identity preserved.
AOM_001150,aom:ingredientPart,AOM_101033,retained-generated-assertion,aom:ingredientPart,AOM_101033,approved,Pete Steward,2026-08-20,docs/decisions/0048-chemical-identity-composition-and-component-model.md,Generated from approved rule under recorded guard; legacy material identity preserved.
AOM_001170,aom:ingredientPart,AOM_101033,retained-generated-assertion,aom:ingredientPart,AOM_101033,approved,Pete Steward,2026-08-20,docs/decisions/0048-chemical-identity-composition-and-component-model.md,Generated from approved rule under recorded guard; legacy material identity preserved.
AOM_001181,aom:ingredientPart,AOM_101033,retained-reviewed-assertion,aom:ingredientPart,AOM_101033,approved,Pete Steward,2026-08-20,docs/decisions/0048-chemical-identity-composition-and-component-model.md,Explicit descriptor “haulm” mapped through hard-tail decision AOM_001181; assertion 2.
AOM_001186,aom:ingredientPart,AOM_101033,retained-generated-assertion,aom:ingredientPart,AOM_101033,approved,Pete Steward,2026-08-20,docs/decisions/0048-chemical-identity-composition-and-component-model.md,Generated from approved rule under recorded guard; legacy material identity preserved.
AOM_001215,aom:ingredientPart,AOM_101033,retained-generated-assertion,aom:ingredientPart,AOM_101033,approved,Pete Steward,2026-08-20,docs/decisions/0048-chemical-identity-composition-and-component-model.md,Generated from approved rule under recorded guard; legacy material identity preserved.
AOM_001230,aom:ingredientPart,AOM_101033,retained-generated-assertion,aom:ingredientPart,AOM_101033,approved,Pete Steward,2026-08-20,docs/decisions/0048-chemical-identity-composition-and-component-model.md,Generated from approved rule under recorded guard; legacy material identity preserved.
AOM_001232,aom:ingredientPart,AOM_101033,retained-generated-assertion,aom:ingredientPart,AOM_101033,approved,Pete Steward,2026-08-20,docs/decisions/0048-chemical-identity-composition-and-component-model.md,Generated from approved rule under recorded guard; legacy material identity preserved.
AOM_001235,aom:ingredientPart,AOM_101033,retained-generated-assertion,aom:ingredientPart,AOM_101033,approved,Pete Steward,2026-08-20,docs/decisions/0048-chemical-identity-composition-and-component-model.md,Generated from approved rule under recorded guard; legacy material identity preserved.
AOM_001256,aom:ingredientPart,AOM_101033,retained-generated-assertion,aom:ingredientPart,AOM_101033,approved,Pete Steward,2026-08-20,docs/decisions/0048-chemical-identity-composition-and-component-model.md,Generated from approved rule under recorded guard; legacy material identity preserved.
AOM_001257,aom:ingredientPart,AOM_101033,retained-generated-assertion,aom:ingredientPart,AOM_101033,approved,Pete Steward,2026-08-20,docs/decisions/0048-chemical-identity-composition-and-component-model.md,Generated from approved rule under recorded guard; legacy material identity preserved.
AOM_001258,aom:ingredientPart,AOM_101033,retained-reviewed-assertion,aom:ingredientPart,AOM_101033,approved,Pete Steward,2026-08-20,docs/decisions/0048-chemical-identity-composition-and-component-model.md,Explicit descriptor “haulm” mapped through hard-tail decision AOM_001258; assertion 2.
AOM_001263,aom:ingredientPart,AOM_101033,retained-generated-assertion,aom:ingredientPart,AOM_101033,approved,Pete Steward,2026-08-20,docs/decisions/0048-chemical-identity-composition-and-component-model.md,Generated from approved rule under recorded guard; legacy material identity preserved.
AOM_001266,aom:ingredientPart,AOM_101033,retained-generated-assertion,aom:ingredientPart,AOM_101033,approved,Pete Steward,2026-08-20,docs/decisions/0048-chemical-identity-composition-and-component-model.md,Generated from approved rule under recorded guard; legacy material identity preserved.
AOM_001270,aom:ingredientPart,AOM_101033,retained-generated-assertion,aom:ingredientPart,AOM_101033,approved,Pete Steward,2026-08-20,docs/decisions/0048-chemical-identity-composition-and-component-model.md,Generated from approved rule under recorded guard; legacy material identity preserved.
AOM_001286,aom:ingredientPart,AOM_101033,retained-generated-assertion,aom:ingredientPart,AOM_101033,approved,Pete Steward,2026-08-20,docs/decisions/0048-chemical-identity-composition-and-component-model.md,Generated from approved rule under recorded guard; legacy material identity preserved.
AOM_001298,aom:ingredientPart,AOM_101033,retained-generated-assertion,aom:ingredientPart,AOM_101033,approved,Pete Steward,2026-08-20,docs/decisions/0048-chemical-identity-composition-and-component-model.md,Generated from approved rule under recorded guard; legacy material identity preserved.
AOM_001345,aom:ingredientPart,AOM_101033,retained-generated-assertion,aom:ingredientPart,AOM_101033,approved,Pete Steward,2026-08-20,docs/decisions/0048-chemical-identity-composition-and-component-model.md,Generated from approved rule under recorded guard; legacy material identity preserved.
AOM_001525,aom:ingredientPart,AOM_101033,retained-generated-assertion,aom:ingredientPart,AOM_101033,approved,Pete Steward,2026-08-20,docs/decisions/0048-chemical-identity-composition-and-component-model.md,Generated from approved rule under recorded guard; legacy material identity preserved.
AOM_001528,aom:ingredientPart,AOM_101033,retained-generated-assertion,aom:ingredientPart,AOM_101033,approved,Pete Steward,2026-08-20,docs/decisions/0048-chemical-identity-composition-and-component-model.md,Generated from approved rule under recorded guard; legacy material identity preserved.
AOM_001531,aom:ingredientPart,AOM_101033,retained-generated-assertion,aom:ingredientPart,AOM_101033,approved,Pete Steward,2026-08-20,docs/decisions/0048-chemical-identity-composition-and-component-model.md,Generated from approved rule under recorded guard; legacy material identity preserved.
AOM_001534,aom:ingredientPart,AOM_101033,retained-generated-assertion,aom:ingredientPart,AOM_101033,approved,Pete Steward,2026-08-20,docs/decisions/0048-chemical-identity-composition-and-component-model.md,Generated from approved rule under recorded guard; legacy material identity preserved.
AOM_001550,aom:ingredientPart,AOM_101033,retained-generated-assertion,aom:ingredientPart,AOM_101033,approved,Pete Steward,2026-08-20,docs/decisions/0048-chemical-identity-composition-and-component-model.md,Generated from approved rule under recorded guard; legacy material identity preserved.
AOM_001559,aom:ingredientPart,AOM_101033,retained-generated-assertion,aom:ingredientPart,AOM_101033,approved,Pete Steward,2026-08-20,docs/decisions/0048-chemical-identity-composition-and-component-model.md,Generated from approved rule under recorded guard; legacy material identity preserved.
AOM_001591,aom:ingredientPart,AOM_101033,retained-generated-assertion,aom:ingredientPart,AOM_101033,approved,Pete Steward,2026-08-20,docs/decisions/0048-chemical-identity-composition-and-component-model.md,Generated from approved rule under recorded guard; legacy material identity preserved.
AOM_001592,aom:ingredientPart,AOM_101033,retained-generated-assertion,aom:ingredientPart,AOM_101033,approved,Pete Steward,2026-08-20,docs/decisions/0048-chemical-identity-composition-and-component-model.md,Generated from approved rule under recorded guard; legacy material identity preserved.
AOM_001593,aom:ingredientPart,AOM_101033,retained-generated-assertion,aom:ingredientPart,AOM_101033,approved,Pete Steward,2026-08-20,docs/decisions/0048-chemical-identity-composition-and-component-model.md,Generated from approved rule under recorded guard; legacy material identity preserved.
AOM_001594,aom:ingredientPart,AOM_101033,retained-generated-assertion,aom:ingredientPart,AOM_101033,approved,Pete Steward,2026-08-20,docs/decisions/0048-chemical-identity-composition-and-component-model.md,Generated from approved rule under recorded guard; legacy material identity preserved.
AOM_001597,aom:ingredientPart,AOM_101033,retained-generated-assertion,aom:ingredientPart,AOM_101033,approved,Pete Steward,2026-08-20,docs/decisions/0048-chemical-identity-composition-and-component-model.md,Generated from approved rule under recorded guard; legacy material identity preserved.
AOM_001600,aom:ingredientPart,AOM_101033,retained-generated-assertion,aom:ingredientPart,AOM_101033,approved,Pete Steward,2026-08-20,docs/decisions/0048-chemical-identity-composition-and-component-model.md,Generated from approved rule under recorded guard; legacy material identity preserved.
AOM_001609,aom:ingredientPart,AOM_101033,retained-generated-assertion,aom:ingredientPart,AOM_101033,approved,Pete Steward,2026-08-20,docs/decisions/0048-chemical-identity-composition-and-component-model.md,Generated from approved rule under recorded guard; legacy material identity preserved.
AOM_001612,aom:ingredientPart,AOM_101033,retained-generated-assertion,aom:ingredientPart,AOM_101033,approved,Pete Steward,2026-08-20,docs/decisions/0048-chemical-identity-composition-and-component-model.md,Generated from approved rule under recorded guard; legacy material identity preserved.
AOM_001626,aom:ingredientPart,AOM_101033,retained-generated-assertion,aom:ingredientPart,AOM_101033,approved,Pete Steward,2026-08-20,docs/decisions/0048-chemical-identity-composition-and-component-model.md,Generated from approved rule under recorded guard; legacy material identity preserved.
AOM_001629,aom:ingredientPart,AOM_101033,retained-generated-assertion,aom:ingredientPart,AOM_101033,approved,Pete Steward,2026-08-20,docs/decisions/0048-chemical-identity-composition-and-component-model.md,Generated from approved rule under recorded guard; legacy material identity preserved.
AOM_001630,aom:ingredientPart,AOM_101033,retained-generated-assertion,aom:ingredientPart,AOM_101033,approved,Pete Steward,2026-08-20,docs/decisions/0048-chemical-identity-composition-and-component-model.md,Generated from approved rule under recorded guard; legacy material identity preserved.
AOM_001631,aom:ingredientPart,AOM_101033,retained-generated-assertion,aom:ingredientPart,AOM_101033,approved,Pete Steward,2026-08-20,docs/decisions/0048-chemical-identity-composition-and-component-model.md,Generated from approved rule under recorded guard; legacy material identity preserved.
AOM_001636,aom:ingredientPart,AOM_101033,retained-generated-assertion,aom:ingredientPart,AOM_101033,approved,Pete Steward,2026-08-20,docs/decisions/0048-chemical-identity-composition-and-component-model.md,Generated from approved rule under recorded guard; legacy material identity preserved.
AOM_001637,aom:ingredientPart,AOM_101033,retained-generated-assertion,aom:ingredientPart,AOM_101033,approved,Pete Steward,2026-08-20,docs/decisions/0048-chemical-identity-composition-and-component-model.md,Generated from approved rule under recorded guard; legacy material identity preserved.
AOM_001647,aom:ingredientPart,AOM_101033,retained-generated-assertion,aom:ingredientPart,AOM_101033,approved,Pete Steward,2026-08-20,docs/decisions/0048-chemical-identity-composition-and-component-model.md,Generated from approved rule under recorded guard; legacy material identity preserved.
AOM_001650,aom:ingredientPart,AOM_101033,retained-generated-assertion,aom:ingredientPart,AOM_101033,approved,Pete Steward,2026-08-20,docs/decisions/0048-chemical-identity-composition-and-component-model.md,Generated from approved rule under recorded guard; legacy material identity preserved.
AOM_001657,aom:ingredientPart,AOM_101033,retained-generated-assertion,aom:ingredientPart,AOM_101033,approved,Pete Steward,2026-08-20,docs/decisions/0048-chemical-identity-composition-and-component-model.md,Generated from approved rule under recorded guard; legacy material identity preserved.
AOM_001671,aom:ingredientPart,AOM_101033,retained-generated-assertion,aom:ingredientPart,AOM_101033,approved,Pete Steward,2026-08-20,docs/decisions/0048-chemical-identity-composition-and-component-model.md,Generated from approved rule under recorded guard; legacy material identity preserved.
AOM_001672,aom:ingredientPart,AOM_101033,retained-generated-assertion,aom:ingredientPart,AOM_101033,approved,Pete Steward,2026-08-20,docs/decisions/0048-chemical-identity-composition-and-component-model.md,Generated from approved rule under recorded guard; legacy material identity preserved.
AOM_001699,aom:ingredientPart,AOM_101033,retained-generated-assertion,aom:ingredientPart,AOM_101033,approved,Pete Steward,2026-08-20,docs/decisions/0048-chemical-identity-composition-and-component-model.md,Generated from approved rule under recorded guard; legacy material identity preserved.
AOM_001701,aom:ingredientPart,AOM_101033,retained-generated-assertion,aom:ingredientPart,AOM_101033,approved,Pete Steward,2026-08-20,docs/decisions/0048-chemical-identity-composition-and-component-model.md,Generated from approved rule under recorded guard; legacy material identity preserved.
AOM_001702,aom:ingredientPart,AOM_101033,retained-generated-assertion,aom:ingredientPart,AOM_101033,approved,Pete Steward,2026-08-20,docs/decisions/0048-chemical-identity-composition-and-component-model.md,Generated from approved rule under recorded guard; legacy material identity preserved.
AOM_001704,aom:ingredientPart,AOM_101033,retained-generated-assertion,aom:ingredientPart,AOM_101033,approved,Pete Steward,2026-08-20,docs/decisions/0048-chemical-identity-composition-and-component-model.md,Generated from approved rule under recorded guard; legacy material identity preserved.
AOM_001705,aom:ingredientPart,AOM_101033,retained-generated-assertion,aom:ingredientPart,AOM_101033,approved,Pete Steward,2026-08-20,docs/decisions/0048-chemical-identity-composition-and-component-model.md,Generated from approved rule under recorded guard; legacy material identity preserved.
AOM_001706,aom:ingredientPart,AOM_101033,retained-generated-assertion,aom:ingredientPart,AOM_101033,approved,Pete Steward,2026-08-20,docs/decisions/0048-chemical-identity-composition-and-component-model.md,Generated from approved rule under recorded guard; legacy material identity preserved.
AOM_001710,aom:ingredientPart,AOM_101033,retained-generated-assertion,aom:ingredientPart,AOM_101033,approved,Pete Steward,2026-08-20,docs/decisions/0048-chemical-identity-composition-and-component-model.md,Generated from approved rule under recorded guard; legacy material identity preserved.
AOM_001719,aom:ingredientPart,AOM_101033,retained-generated-assertion,aom:ingredientPart,AOM_101033,approved,Pete Steward,2026-08-20,docs/decisions/0048-chemical-identity-composition-and-component-model.md,Generated from approved rule under recorded guard; legacy material identity preserved.
AOM_001722,aom:ingredientPart,AOM_101033,retained-generated-assertion,aom:ingredientPart,AOM_101033,approved,Pete Steward,2026-08-20,docs/decisions/0048-chemical-identity-composition-and-component-model.md,Generated from approved rule under recorded guard; legacy material identity preserved.
AOM_001723,aom:ingredientPart,AOM_101033,retained-generated-assertion,aom:ingredientPart,AOM_101033,approved,Pete Steward,2026-08-20,docs/decisions/0048-chemical-identity-composition-and-component-model.md,Generated from approved rule under recorded guard; legacy material identity preserved.
AOM_001724,aom:ingredientPart,AOM_101033,retained-generated-assertion,aom:ingredientPart,AOM_101033,approved,Pete Steward,2026-08-20,docs/decisions/0048-chemical-identity-composition-and-component-model.md,Generated from approved rule under recorded guard; legacy material identity preserved.
AOM_001731,aom:ingredientPart,AOM_101033,retained-generated-assertion,aom:ingredientPart,AOM_101033,approved,Pete Steward,2026-08-20,docs/decisions/0048-chemical-identity-composition-and-component-model.md,Generated from approved rule under recorded guard; legacy material identity preserved.
AOM_001739,aom:ingredientPart,AOM_101033,retained-generated-assertion,aom:ingredientPart,AOM_101033,approved,Pete Steward,2026-08-20,docs/decisions/0048-chemical-identity-composition-and-component-model.md,Generated from approved rule under recorded guard; legacy material identity preserved.
AOM_001740,aom:ingredientPart,AOM_101033,retained-generated-assertion,aom:ingredientPart,AOM_101033,approved,Pete Steward,2026-08-20,docs/decisions/0048-chemical-identity-composition-and-component-model.md,Generated from approved rule under recorded guard; legacy material identity preserved.
AOM_001756,aom:ingredientPart,AOM_101033,retained-generated-assertion,aom:ingredientPart,AOM_101033,approved,Pete Steward,2026-08-20,docs/decisions/0048-chemical-identity-composition-and-component-model.md,Generated from approved rule under recorded guard; legacy material identity preserved.
AOM_001757,aom:ingredientPart,AOM_101033,retained-generated-assertion,aom:ingredientPart,AOM_101033,approved,Pete Steward,2026-08-20,docs/decisions/0048-chemical-identity-composition-and-component-model.md,Generated from approved rule under recorded guard; legacy material identity preserved.
AOM_001764,aom:ingredientPart,AOM_101033,retained-generated-assertion,aom:ingredientPart,AOM_101033,approved,Pete Steward,2026-08-20,docs/decisions/0048-chemical-identity-composition-and-component-model.md,Generated from approved rule under recorded guard; legacy material identity preserved.
AOM_001765,aom:ingredientPart,AOM_101033,retained-generated-assertion,aom:ingredientPart,AOM_101033,approved,Pete Steward,2026-08-20,docs/decisions/0048-chemical-identity-composition-and-component-model.md,Generated from approved rule under recorded guard; legacy material identity preserved.
AOM_001767,aom:ingredientPart,AOM_101033,retained-generated-assertion,aom:ingredientPart,AOM_101033,approved,Pete Steward,2026-08-20,docs/decisions/0048-chemical-identity-composition-and-component-model.md,Generated from approved rule under recorded guard; legacy material identity preserved.
AOM_001768,aom:ingredientPart,AOM_101033,retained-generated-assertion,aom:ingredientPart,AOM_101033,approved,Pete Steward,2026-08-20,docs/decisions/0048-chemical-identity-composition-and-component-model.md,Generated from approved rule under recorded guard; legacy material identity preserved.
AOM_001769,aom:ingredientPart,AOM_101033,retained-generated-assertion,aom:ingredientPart,AOM_101033,approved,Pete Steward,2026-08-20,docs/decisions/0048-chemical-identity-composition-and-component-model.md,Generated from approved rule under recorded guard; legacy material identity preserved.
AOM_001770,aom:ingredientPart,AOM_101033,retained-generated-assertion,aom:ingredientPart,AOM_101033,approved,Pete Steward,2026-08-20,docs/decisions/0048-chemical-identity-composition-and-component-model.md,Generated from approved rule under recorded guard; legacy material identity preserved.
AOM_001781,aom:ingredientPart,AOM_101033,retained-generated-assertion,aom:ingredientPart,AOM_101033,approved,Pete Steward,2026-08-20,docs/decisions/0048-chemical-identity-composition-and-component-model.md,Generated from approved rule under recorded guard; legacy material identity preserved.
AOM_001782,aom:ingredientPart,AOM_101033,retained-generated-assertion,aom:ingredientPart,AOM_101033,approved,Pete Steward,2026-08-20,docs/decisions/0048-chemical-identity-composition-and-component-model.md,Generated from approved rule under recorded guard; legacy material identity preserved.
AOM_001800,aom:ingredientPart,AOM_101033,retained-generated-assertion,aom:ingredientPart,AOM_101033,approved,Pete Steward,2026-08-20,docs/decisions/0048-chemical-identity-composition-and-component-model.md,Generated from approved rule under recorded guard; legacy material identity preserved.
AOM_001801,aom:ingredientPart,AOM_101033,retained-generated-assertion,aom:ingredientPart,AOM_101033,approved,Pete Steward,2026-08-20,docs/decisions/0048-chemical-identity-composition-and-component-model.md,Generated from approved rule under recorded guard; legacy material identity preserved.
AOM_001804,aom:ingredientPart,AOM_101033,retained-generated-assertion,aom:ingredientPart,AOM_101033,approved,Pete Steward,2026-08-20,docs/decisions/0048-chemical-identity-composition-and-component-model.md,Generated from approved rule under recorded guard; legacy material identity preserved.
AOM_001819,aom:ingredientPart,AOM_101033,retained-generated-assertion,aom:ingredientPart,AOM_101033,approved,Pete Steward,2026-08-20,docs/decisions/0048-chemical-identity-composition-and-component-model.md,Generated from approved rule under recorded guard; legacy material identity preserved.
AOM_001822,aom:ingredientPart,AOM_101033,retained-generated-assertion,aom:ingredientPart,AOM_101033,approved,Pete Steward,2026-08-20,docs/decisions/0048-chemical-identity-composition-and-component-model.md,Generated from approved rule under recorded guard; legacy material identity preserved.
AOM_001823,aom:ingredientPart,AOM_101033,retained-generated-assertion,aom:ingredientPart,AOM_101033,approved,Pete Steward,2026-08-20,docs/decisions/0048-chemical-identity-composition-and-component-model.md,Generated from approved rule under recorded guard; legacy material identity preserved.
AOM_001858,aom:ingredientPart,AOM_101033,retained-generated-assertion,aom:ingredientPart,AOM_101033,approved,Pete Steward,2026-08-20,docs/decisions/0048-chemical-identity-composition-and-component-model.md,Generated from approved rule under recorded guard; legacy material identity preserved.
AOM_001861,aom:ingredientPart,AOM_101033,retained-generated-assertion,aom:ingredientPart,AOM_101033,approved,Pete Steward,2026-08-20,docs/decisions/0048-chemical-identity-composition-and-component-model.md,Generated from approved rule under recorded guard; legacy material identity preserved.
AOM_001862,aom:ingredientPart,AOM_101033,retained-generated-assertion,aom:ingredientPart,AOM_101033,approved,Pete Steward,2026-08-20,docs/decisions/0048-chemical-identity-composition-and-component-model.md,Generated from approved rule under recorded guard; legacy material identity preserved.
AOM_001863,aom:ingredientPart,AOM_101033,retained-generated-assertion,aom:ingredientPart,AOM_101033,approved,Pete Steward,2026-08-20,docs/decisions/0048-chemical-identity-composition-and-component-model.md,Generated from approved rule under recorded guard; legacy material identity preserved.
AOM_001902,aom:ingredientPart,AOM_101033,retained-generated-assertion,aom:ingredientPart,AOM_101033,approved,Pete Steward,2026-08-20,docs/decisions/0048-chemical-identity-composition-and-component-model.md,Generated from approved rule under recorded guard; legacy material identity preserved.
AOM_001913,aom:ingredientPart,AOM_101033,retained-generated-assertion,aom:ingredientPart,AOM_101033,approved,Pete Steward,2026-08-20,docs/decisions/0048-chemical-identity-composition-and-component-model.md,Generated from approved rule under recorded guard; legacy material identity preserved.
AOM_001919,aom:ingredientPart,AOM_101033,retained-generated-assertion,aom:ingredientPart,AOM_101033,approved,Pete Steward,2026-08-20,docs/decisions/0048-chemical-identity-composition-and-component-model.md,Generated from approved rule under recorded guard; legacy material identity preserved.
AOM_001944,aom:ingredientPart,AOM_101033,retained-generated-assertion,aom:ingredientPart,AOM_101033,approved,Pete Steward,2026-08-20,docs/decisions/0048-chemical-identity-composition-and-component-model.md,Generated from approved rule under recorded guard; legacy material identity preserved.
AOM_001962,aom:ingredientPart,AOM_101033,retained-generated-assertion,aom:ingredientPart,AOM_101033,approved,Pete Steward,2026-08-20,docs/decisions/0048-chemical-identity-composition-and-component-model.md,Generated from approved rule under recorded guard; legacy material identity preserved.
AOM_001966,aom:ingredientPart,AOM_101033,retained-generated-assertion,aom:ingredientPart,AOM_101033,approved,Pete Steward,2026-08-20,docs/decisions/0048-chemical-identity-composition-and-component-model.md,Generated from approved rule under recorded guard; legacy material identity preserved.
AOM_001973,aom:ingredientPart,AOM_101033,retained-generated-assertion,aom:ingredientPart,AOM_101033,approved,Pete Steward,2026-08-20,docs/decisions/0048-chemical-identity-composition-and-component-model.md,Generated from approved rule under recorded guard; legacy material identity preserved.
AOM_001974,aom:ingredientPart,AOM_101033,retained-generated-assertion,aom:ingredientPart,AOM_101033,approved,Pete Steward,2026-08-20,docs/decisions/0048-chemical-identity-composition-and-component-model.md,Generated from approved rule under recorded guard; legacy material identity preserved.
AOM_001979,aom:ingredientPart,AOM_101033,retained-generated-assertion,aom:ingredientPart,AOM_101033,approved,Pete Steward,2026-08-20,docs/decisions/0048-chemical-identity-composition-and-component-model.md,Generated from approved rule under recorded guard; legacy material identity preserved.
AOM_001980,aom:ingredientPart,AOM_101033,retained-generated-assertion,aom:ingredientPart,AOM_101033,approved,Pete Steward,2026-08-20,docs/decisions/0048-chemical-identity-composition-and-component-model.md,Generated from approved rule under recorded guard; legacy material identity preserved.
AOM_001984,aom:ingredientPart,AOM_101033,retained-generated-assertion,aom:ingredientPart,AOM_101033,approved,Pete Steward,2026-08-20,docs/decisions/0048-chemical-identity-composition-and-component-model.md,Generated from approved rule under recorded guard; legacy material identity preserved.
AOM_001986,aom:ingredientPart,AOM_101033,retained-generated-assertion,aom:ingredientPart,AOM_101033,approved,Pete Steward,2026-08-20,docs/decisions/0048-chemical-identity-composition-and-component-model.md,Generated from approved rule under recorded guard; legacy material identity preserved.
AOM_001988,aom:ingredientPart,AOM_101033,retained-generated-assertion,aom:ingredientPart,AOM_101033,approved,Pete Steward,2026-08-20,docs/decisions/0048-chemical-identity-composition-and-component-model.md,Generated from approved rule under recorded guard; legacy material identity preserved.
AOM_001990,aom:ingredientPart,AOM_101033,retained-generated-assertion,aom:ingredientPart,AOM_101033,approved,Pete Steward,2026-08-20,docs/decisions/0048-chemical-identity-composition-and-component-model.md,Generated from approved rule under recorded guard; legacy material identity preserved.
AOM_001992,aom:ingredientPart,AOM_101033,retained-generated-assertion,aom:ingredientPart,AOM_101033,approved,Pete Steward,2026-08-20,docs/decisions/0048-chemical-identity-composition-and-component-model.md,Generated from approved rule under recorded guard; legacy material identity preserved.
AOM_002001,aom:ingredientPart,AOM_101033,retained-generated-assertion,aom:ingredientPart,AOM_101033,approved,Pete Steward,2026-08-20,docs/decisions/0048-chemical-identity-composition-and-component-model.md,Generated from approved rule under recorded guard; legacy material identity preserved.
AOM_002026,aom:ingredientPart,AOM_101033,retained-generated-assertion,aom:ingredientPart,AOM_101033,approved,Pete Steward,2026-08-20,docs/decisions/0048-chemical-identity-composition-and-component-model.md,Generated from approved rule under recorded guard; legacy material identity preserved.
AOM_002036,aom:ingredientPart,AOM_101033,retained-generated-assertion,aom:ingredientPart,AOM_101033,approved,Pete Steward,2026-08-20,docs/decisions/0048-chemical-identity-composition-and-component-model.md,Generated from approved rule under recorded guard; legacy material identity preserved.
AOM_002040,aom:ingredientPart,AOM_101033,retained-generated-assertion,aom:ingredientPart,AOM_101033,approved,Pete Steward,2026-08-20,docs/decisions/0048-chemical-identity-composition-and-component-model.md,Generated from approved rule under recorded guard; legacy material identity preserved.
AOM_002044,aom:ingredientPart,AOM_101033,retained-generated-assertion,aom:ingredientPart,AOM_101033,approved,Pete Steward,2026-08-20,docs/decisions/0048-chemical-identity-composition-and-component-model.md,Generated from approved rule under recorded guard; legacy material identity preserved.
AOM_002048,aom:ingredientPart,AOM_101033,retained-generated-assertion,aom:ingredientPart,AOM_101033,approved,Pete Steward,2026-08-20,docs/decisions/0048-chemical-identity-composition-and-component-model.md,Generated from approved rule under recorded guard; legacy material identity preserved.
AOM_00205,aom:ingredientPart,AOM_101033,retained-reviewed-assertion,aom:ingredientPart,AOM_101033,approved,Pete Steward,2026-08-20,docs/decisions/0048-chemical-identity-composition-and-component-model.md,Explicit descriptor “haulm” mapped through hard-tail decision AOM_00205; assertion 2.
AOM_002053,aom:ingredientPart,AOM_101033,retained-generated-assertion,aom:ingredientPart,AOM_101033,approved,Pete Steward,2026-08-20,docs/decisions/0048-chemical-identity-composition-and-component-model.md,Generated from approved rule under recorded guard; legacy material identity preserved.
AOM_002064,aom:ingredientPart,AOM_101033,retained-generated-assertion,aom:ingredientPart,AOM_101033,approved,Pete Steward,2026-08-20,docs/decisions/0048-chemical-identity-composition-and-component-model.md,Generated from approved rule under recorded guard; legacy material identity preserved.
AOM_002065,aom:ingredientPart,AOM_101033,retained-generated-assertion,aom:ingredientPart,AOM_101033,approved,Pete Steward,2026-08-20,docs/decisions/0048-chemical-identity-composition-and-component-model.md,Generated from approved rule under recorded guard; legacy material identity preserved.
AOM_002090,aom:ingredientPart,AOM_101033,retained-generated-assertion,aom:ingredientPart,AOM_101033,approved,Pete Steward,2026-08-20,docs/decisions/0048-chemical-identity-composition-and-component-model.md,Generated from approved rule under recorded guard; legacy material identity preserved.
AOM_002092,aom:ingredientPart,AOM_101033,retained-generated-assertion,aom:ingredientPart,AOM_101033,approved,Pete Steward,2026-08-20,docs/decisions/0048-chemical-identity-composition-and-component-model.md,Generated from approved rule under recorded guard; legacy material identity preserved.
AOM_002093,aom:ingredientPart,AOM_101033,retained-generated-assertion,aom:ingredientPart,AOM_101033,approved,Pete Steward,2026-08-20,docs/decisions/0048-chemical-identity-composition-and-component-model.md,Generated from approved rule under recorded guard; legacy material identity preserved.
AOM_002100,aom:ingredientPart,AOM_101033,retained-generated-assertion,aom:ingredientPart,AOM_101033,approved,Pete Steward,2026-08-20,docs/decisions/0048-chemical-identity-composition-and-component-model.md,Generated from approved rule under recorded guard; legacy material identity preserved.
AOM_002168,aom:ingredientPart,AOM_101033,retained-generated-assertion,aom:ingredientPart,AOM_101033,approved,Pete Steward,2026-08-20,docs/decisions/0048-chemical-identity-composition-and-component-model.md,Generated from approved rule under recorded guard; legacy material identity preserved.
AOM_002169,aom:ingredientPart,AOM_101033,retained-generated-assertion,aom:ingredientPart,AOM_101033,approved,Pete Steward,2026-08-20,docs/decisions/0048-chemical-identity-composition-and-component-model.md,Generated from approved rule under recorded guard; legacy material identity preserved.
AOM_002190,aom:ingredientPart,AOM_101033,retained-generated-assertion,aom:ingredientPart,AOM_101033,approved,Pete Steward,2026-08-20,docs/decisions/0048-chemical-identity-composition-and-component-model.md,Generated from approved rule under recorded guard; legacy material identity preserved.
AOM_002202,aom:ingredientPart,AOM_101033,retained-generated-assertion,aom:ingredientPart,AOM_101033,approved,Pete Steward,2026-08-20,docs/decisions/0048-chemical-identity-composition-and-component-model.md,Generated from approved rule under recorded guard; legacy material identity preserved.
AOM_002207,aom:ingredientPart,AOM_101033,retained-generated-assertion,aom:ingredientPart,AOM_101033,approved,Pete Steward,2026-08-20,docs/decisions/0048-chemical-identity-composition-and-component-model.md,Generated from approved rule under recorded guard; legacy material identity preserved.
AOM_002218,aom:ingredientPart,AOM_101033,retained-reviewed-assertion,aom:ingredientPart,AOM_101033,approved,Pete Steward,2026-08-20,docs/decisions/0048-chemical-identity-composition-and-component-model.md,Explicit descriptor “haulm” mapped through hard-tail decision AOM_002218; assertion 2.
AOM_002231,aom:ingredientPart,AOM_101033,retained-generated-assertion,aom:ingredientPart,AOM_101033,approved,Pete Steward,2026-08-20,docs/decisions/0048-chemical-identity-composition-and-component-model.md,Generated from approved rule under recorded guard; legacy material identity preserved.
AOM_002232,aom:ingredientPart,AOM_101033,retained-generated-assertion,aom:ingredientPart,AOM_101033,approved,Pete Steward,2026-08-20,docs/decisions/0048-chemical-identity-composition-and-component-model.md,Generated from approved rule under recorded guard; legacy material identity preserved.
AOM_002236,aom:ingredientPart,AOM_101033,retained-generated-assertion,aom:ingredientPart,AOM_101033,approved,Pete Steward,2026-08-20,docs/decisions/0048-chemical-identity-composition-and-component-model.md,Generated from approved rule under recorded guard; legacy material identity preserved.
AOM_002251,aom:ingredientPart,AOM_101033,retained-generated-assertion,aom:ingredientPart,AOM_101033,approved,Pete Steward,2026-08-20,docs/decisions/0048-chemical-identity-composition-and-component-model.md,Generated from approved rule under recorded guard; legacy material identity preserved.
AOM_002345,aom:ingredientPart,AOM_101033,retained-generated-assertion,aom:ingredientPart,AOM_101033,approved,Pete Steward,2026-08-20,docs/decisions/0048-chemical-identity-composition-and-component-model.md,Generated from approved rule under recorded guard; legacy material identity preserved.
AOM_002347,aom:ingredientPart,AOM_101033,retained-generated-assertion,aom:ingredientPart,AOM_101033,approved,Pete Steward,2026-08-20,docs/decisions/0048-chemical-identity-composition-and-component-model.md,Generated from approved rule under recorded guard; legacy material identity preserved.
AOM_002348,aom:ingredientPart,AOM_101033,retained-generated-assertion,aom:ingredientPart,AOM_101033,approved,Pete Steward,2026-08-20,docs/decisions/0048-chemical-identity-composition-and-component-model.md,Generated from approved rule under recorded guard; legacy material identity preserved.
AOM_003082,aom:ingredientPart,AOM_101033,retained-generated-assertion,aom:ingredientPart,AOM_101033,approved,Pete Steward,2026-08-20,docs/decisions/0048-chemical-identity-composition-and-component-model.md,Generated from approved rule under recorded guard; legacy material identity preserved.
AOM_003083,aom:ingredientPart,AOM_101033,retained-generated-assertion,aom:ingredientPart,AOM_101033,approved,Pete Steward,2026-08-20,docs/decisions/0048-chemical-identity-composition-and-component-model.md,Generated from approved rule under recorded guard; legacy material identity preserved.
AOM_003106,aom:ingredientPart,AOM_101033,retained-generated-assertion,aom:ingredientPart,AOM_101033,approved,Pete Steward,2026-08-20,docs/decisions/0048-chemical-identity-composition-and-component-model.md,Generated from approved rule under recorded guard; legacy material identity preserved.
AOM_003210,aom:ingredientPart,AOM_101033,retained-reviewed-assertion,aom:ingredientPart,AOM_101033,approved,Pete Steward,2026-08-20,docs/decisions/0048-chemical-identity-composition-and-component-model.md,Explicit descriptor “haulm” mapped through hard-tail decision AOM_003210; assertion 2.
AOM_003275,aom:ingredientPart,AOM_101033,retained-generated-assertion,aom:ingredientPart,AOM_101033,approved,Pete Steward,2026-08-20,docs/decisions/0048-chemical-identity-composition-and-component-model.md,Generated from approved rule under recorded guard; legacy material identity preserved.
AOM_003492,aom:ingredientPart,AOM_101033,retained-generated-assertion,aom:ingredientPart,AOM_101033,approved,Pete Steward,2026-08-20,docs/decisions/0048-chemical-identity-composition-and-component-model.md,Generated from approved rule under recorded guard; legacy material identity preserved.
AOM_003545,aom:ingredientPart,AOM_101033,retained-generated-assertion,aom:ingredientPart,AOM_101033,approved,Pete Steward,2026-08-20,docs/decisions/0048-chemical-identity-composition-and-component-model.md,Generated from approved rule under recorded guard; legacy material identity preserved.
AOM_003549,aom:ingredientPart,AOM_101033,retained-generated-assertion,aom:ingredientPart,AOM_101033,approved,Pete Steward,2026-08-20,docs/decisions/0048-chemical-identity-composition-and-component-model.md,Generated from approved rule under recorded guard; legacy material identity preserved.
AOM_003553,aom:ingredientPart,AOM_101033,retained-generated-assertion,aom:ingredientPart,AOM_101033,approved,Pete Steward,2026-08-20,docs/decisions/0048-chemical-identity-composition-and-component-model.md,Generated from approved rule under recorded guard; legacy material identity preserved.
AOM_003558,aom:ingredientPart,AOM_101033,retained-generated-assertion,aom:ingredientPart,AOM_101033,approved,Pete Steward,2026-08-20,docs/decisions/0048-chemical-identity-composition-and-component-model.md,Generated from approved rule under recorded guard; legacy material identity preserved.
AOM_003582,aom:ingredientPart,AOM_101033,retained-generated-assertion,aom:ingredientPart,AOM_101033,approved,Pete Steward,2026-08-20,docs/decisions/0048-chemical-identity-composition-and-component-model.md,Generated from approved rule under recorded guard; legacy material identity preserved.
AOM_003668,aom:ingredientPart,AOM_101033,retained-generated-assertion,aom:ingredientPart,AOM_101033,approved,Pete Steward,2026-08-20,docs/decisions/0048-chemical-identity-composition-and-component-model.md,Generated from approved rule under recorded guard; legacy material identity preserved.
AOM_003683,aom:ingredientPart,AOM_101033,retained-generated-assertion,aom:ingredientPart,AOM_101033,approved,Pete Steward,2026-08-20,docs/decisions/0048-chemical-identity-composition-and-component-model.md,Generated from approved rule under recorded guard; legacy material identity preserved.
AOM_003691,aom:ingredientPart,AOM_101033,retained-generated-assertion,aom:ingredientPart,AOM_101033,approved,Pete Steward,2026-08-20,docs/decisions/0048-chemical-identity-composition-and-component-model.md,Generated from approved rule under recorded guard; legacy material identity preserved.
AOM_003703,aom:ingredientPart,AOM_101033,retained-generated-assertion,aom:ingredientPart,AOM_101033,approved,Pete Steward,2026-08-20,docs/decisions/0048-chemical-identity-composition-and-component-model.md,Generated from approved rule under recorded guard; legacy material identity preserved.
AOM_003895,aom:ingredientPart,AOM_101033,retained-generated-assertion,aom:ingredientPart,AOM_101033,approved,Pete Steward,2026-08-20,docs/decisions/0048-chemical-identity-composition-and-component-model.md,Generated from approved rule under recorded guard; legacy material identity preserved.
AOM_003896,aom:ingredientPart,AOM_101033,retained-generated-assertion,aom:ingredientPart,AOM_101033,approved,Pete Steward,2026-08-20,docs/decisions/0048-chemical-identity-composition-and-component-model.md,Generated from approved rule under recorded guard; legacy material identity preserved.
AOM_003900,aom:ingredientPart,AOM_101033,retained-generated-assertion,aom:ingredientPart,AOM_101033,approved,Pete Steward,2026-08-20,docs/decisions/0048-chemical-identity-composition-and-component-model.md,Generated from approved rule under recorded guard; legacy material identity preserved.
AOM_003901,aom:ingredientPart,AOM_101033,retained-generated-assertion,aom:ingredientPart,AOM_101033,approved,Pete Steward,2026-08-20,docs/decisions/0048-chemical-identity-composition-and-component-model.md,Generated from approved rule under recorded guard; legacy material identity preserved.
AOM_003902,aom:ingredientPart,AOM_101033,retained-generated-assertion,aom:ingredientPart,AOM_101033,approved,Pete Steward,2026-08-20,docs/decisions/0048-chemical-identity-composition-and-component-model.md,Generated from approved rule under recorded guard; legacy material identity preserved.
AOM_003903,aom:ingredientPart,AOM_101033,retained-generated-assertion,aom:ingredientPart,AOM_101033,approved,Pete Steward,2026-08-20,docs/decisions/0048-chemical-identity-composition-and-component-model.md,Generated from approved rule under recorded guard; legacy material identity preserved.
AOM_003912,aom:ingredientPart,AOM_101033,retained-generated-assertion,aom:ingredientPart,AOM_101033,approved,Pete Steward,2026-08-20,docs/decisions/0048-chemical-identity-composition-and-component-model.md,Generated from approved rule under recorded guard; legacy material identity preserved.
AOM_003913,aom:ingredientPart,AOM_101033,retained-generated-assertion,aom:ingredientPart,AOM_101033,approved,Pete Steward,2026-08-20,docs/decisions/0048-chemical-identity-composition-and-component-model.md,Generated from approved rule under recorded guard; legacy material identity preserved.
AOM_003914,aom:ingredientPart,AOM_101033,retained-generated-assertion,aom:ingredientPart,AOM_101033,approved,Pete Steward,2026-08-20,docs/decisions/0048-chemical-identity-composition-and-component-model.md,Generated from approved rule under recorded guard; legacy material identity preserved.
AOM_003915,aom:ingredientPart,AOM_101033,retained-generated-assertion,aom:ingredientPart,AOM_101033,approved,Pete Steward,2026-08-20,docs/decisions/0048-chemical-identity-composition-and-component-model.md,Generated from approved rule under recorded guard; legacy material identity preserved.
AOM_003926,aom:ingredientPart,AOM_101033,retained-generated-assertion,aom:ingredientPart,AOM_101033,approved,Pete Steward,2026-08-20,docs/decisions/0048-chemical-identity-composition-and-component-model.md,Generated from approved rule under recorded guard; legacy material identity preserved.
AOM_003950,aom:ingredientPart,AOM_101033,retained-generated-assertion,aom:ingredientPart,AOM_101033,approved,Pete Steward,2026-08-20,docs/decisions/0048-chemical-identity-composition-and-component-model.md,Generated from approved rule under recorded guard; legacy material identity preserved.
AOM_003954,aom:ingredientPart,AOM_101033,retained-generated-assertion,aom:ingredientPart,AOM_101033,approved,Pete Steward,2026-08-20,docs/decisions/0048-chemical-identity-composition-and-component-model.md,Generated from approved rule under recorded guard; legacy material identity preserved.
AOM_003972,aom:ingredientPart,AOM_101033,retained-generated-assertion,aom:ingredientPart,AOM_101033,approved,Pete Steward,2026-08-20,docs/decisions/0048-chemical-identity-composition-and-component-model.md,Generated from approved rule under recorded guard; legacy material identity preserved.
AOM_003981,aom:ingredientPart,AOM_101033,retained-generated-assertion,aom:ingredientPart,AOM_101033,approved,Pete Steward,2026-08-20,docs/decisions/0048-chemical-identity-composition-and-component-model.md,Generated from approved rule under recorded guard; legacy material identity preserved.
AOM_003989,aom:ingredientPart,AOM_101033,retained-generated-assertion,aom:ingredientPart,AOM_101033,approved,Pete Steward,2026-08-20,docs/decisions/0048-chemical-identity-composition-and-component-model.md,Generated from approved rule under recorded guard; legacy material identity preserved.
AOM_003997,aom:ingredientPart,AOM_101033,retained-generated-assertion,aom:ingredientPart,AOM_101033,approved,Pete Steward,2026-08-20,docs/decisions/0048-chemical-identity-composition-and-component-model.md,Generated from approved rule under recorded guard; legacy material identity preserved.
AOM_003999,aom:ingredientPart,AOM_101033,retained-generated-assertion,aom:ingredientPart,AOM_101033,approved,Pete Steward,2026-08-20,docs/decisions/0048-chemical-identity-composition-and-component-model.md,Generated from approved rule under recorded guard; legacy material identity preserved.
AOM_006007,aom:ingredientPart,AOM_101033,retained-generated-assertion,aom:ingredientPart,AOM_101033,approved,Pete Steward,2026-08-20,docs/decisions/0048-chemical-identity-composition-and-component-model.md,Generated from approved rule under recorded guard; legacy material identity preserved.
AOM_006009,aom:ingredientPart,AOM_101033,retained-generated-assertion,aom:ingredientPart,AOM_101033,approved,Pete Steward,2026-08-20,docs/decisions/0048-chemical-identity-composition-and-component-model.md,Generated from approved rule under recorded guard; legacy material identity preserved.
AOM_006010,aom:ingredientPart,AOM_101033,retained-generated-assertion,aom:ingredientPart,AOM_101033,approved,Pete Steward,2026-08-20,docs/decisions/0048-chemical-identity-composition-and-component-model.md,Generated from approved rule under recorded guard; legacy material identity preserved.
AOM_006015,aom:ingredientPart,AOM_101033,retained-generated-assertion,aom:ingredientPart,AOM_101033,approved,Pete Steward,2026-08-20,docs/decisions/0048-chemical-identity-composition-and-component-model.md,Generated from approved rule under recorded guard; legacy material identity preserved.
AOM_006016,aom:ingredientPart,AOM_101033,retained-generated-assertion,aom:ingredientPart,AOM_101033,approved,Pete Steward,2026-08-20,docs/decisions/0048-chemical-identity-composition-and-component-model.md,Generated from approved rule under recorded guard; legacy material identity preserved.
AOM_006017,aom:ingredientPart,AOM_101033,retained-generated-assertion,aom:ingredientPart,AOM_101033,approved,Pete Steward,2026-08-20,docs/decisions/0048-chemical-identity-composition-and-component-model.md,Generated from approved rule under recorded guard; legacy material identity preserved.
AOM_006018,aom:ingredientPart,AOM_101033,retained-generated-assertion,aom:ingredientPart,AOM_101033,approved,Pete Steward,2026-08-20,docs/decisions/0048-chemical-identity-composition-and-component-model.md,Generated from approved rule under recorded guard; legacy material identity preserved.
AOM_006025,aom:ingredientPart,AOM_101033,retained-generated-assertion,aom:ingredientPart,AOM_101033,approved,Pete Steward,2026-08-20,docs/decisions/0048-chemical-identity-composition-and-component-model.md,Generated from approved rule under recorded guard; legacy material identity preserved.
AOM_006026,aom:ingredientPart,AOM_101033,retained-generated-assertion,aom:ingredientPart,AOM_101033,approved,Pete Steward,2026-08-20,docs/decisions/0048-chemical-identity-composition-and-component-model.md,Generated from approved rule under recorded guard; legacy material identity preserved.
AOM_006028,aom:ingredientPart,AOM_101033,retained-generated-assertion,aom:ingredientPart,AOM_101033,approved,Pete Steward,2026-08-20,docs/decisions/0048-chemical-identity-composition-and-component-model.md,Generated from approved rule under recorded guard; legacy material identity preserved.
AOM_006029,aom:ingredientPart,AOM_101033,retained-generated-assertion,aom:ingredientPart,AOM_101033,approved,Pete Steward,2026-08-20,docs/decisions/0048-chemical-identity-composition-and-component-model.md,Generated from approved rule under recorded guard; legacy material identity preserved.
AOM_006030,aom:ingredientPart,AOM_101033,retained-generated-assertion,aom:ingredientPart,AOM_101033,approved,Pete Steward,2026-08-20,docs/decisions/0048-chemical-identity-composition-and-component-model.md,Generated from approved rule under recorded guard; legacy material identity preserved.
AOM_006032,aom:ingredientPart,AOM_101033,retained-generated-assertion,aom:ingredientPart,AOM_101033,approved,Pete Steward,2026-08-20,docs/decisions/0048-chemical-identity-composition-and-component-model.md,Generated from approved rule under recorded guard; legacy material identity preserved.
AOM_006036,aom:ingredientPart,AOM_101033,retained-generated-assertion,aom:ingredientPart,AOM_101033,approved,Pete Steward,2026-08-20,docs/decisions/0048-chemical-identity-composition-and-component-model.md,Generated from approved rule under recorded guard; legacy material identity preserved.
AOM_006038,aom:ingredientPart,AOM_101033,retained-generated-assertion,aom:ingredientPart,AOM_101033,approved,Pete Steward,2026-08-20,docs/decisions/0048-chemical-identity-composition-and-component-model.md,Generated from approved rule under recorded guard; legacy material identity preserved.
AOM_006041,aom:ingredientPart,AOM_101033,retained-generated-assertion,aom:ingredientPart,AOM_101033,approved,Pete Steward,2026-08-20,docs/decisions/0048-chemical-identity-composition-and-component-model.md,Generated from approved rule under recorded guard; legacy material identity preserved.
AOM_006048,aom:ingredientPart,AOM_101033,retained-generated-assertion,aom:ingredientPart,AOM_101033,approved,Pete Steward,2026-08-20,docs/decisions/0048-chemical-identity-composition-and-component-model.md,Generated from approved rule under recorded guard; legacy material identity preserved.
AOM_006053,aom:ingredientPart,AOM_101033,retained-generated-assertion,aom:ingredientPart,AOM_101033,approved,Pete Steward,2026-08-20,docs/decisions/0048-chemical-identity-composition-and-component-model.md,Generated from approved rule under recorded guard; legacy material identity preserved.
AOM_006061,aom:ingredientPart,AOM_101033,retained-generated-assertion,aom:ingredientPart,AOM_101033,approved,Pete Steward,2026-08-20,docs/decisions/0048-chemical-identity-composition-and-component-model.md,Generated from approved rule under recorded guard; legacy material identity preserved.
AOM_006068,aom:ingredientPart,AOM_101033,retained-generated-assertion,aom:ingredientPart,AOM_101033,approved,Pete Steward,2026-08-20,docs/decisions/0048-chemical-identity-composition-and-component-model.md,Generated from approved rule under recorded guard; legacy material identity preserved.
AOM_006077,aom:ingredientPart,AOM_101033,retained-generated-assertion,aom:ingredientPart,AOM_101033,approved,Pete Steward,2026-08-20,docs/decisions/0048-chemical-identity-composition-and-component-model.md,Generated from approved rule under recorded guard; legacy material identity preserved.
AOM_006088,aom:ingredientPart,AOM_101033,retained-generated-assertion,aom:ingredientPart,AOM_101033,approved,Pete Steward,2026-08-20,docs/decisions/0048-chemical-identity-composition-and-component-model.md,Generated from approved rule under recorded guard; legacy material identity preserved.
AOM_006105,aom:ingredientPart,AOM_101033,retained-generated-assertion,aom:ingredientPart,AOM_101033,approved,Pete Steward,2026-08-20,docs/decisions/0048-chemical-identity-composition-and-component-model.md,Generated from approved rule under recorded guard; legacy material identity preserved.
AOM_006106,aom:ingredientPart,AOM_101033,retained-generated-assertion,aom:ingredientPart,AOM_101033,approved,Pete Steward,2026-08-20,docs/decisions/0048-chemical-identity-composition-and-component-model.md,Generated from approved rule under recorded guard; legacy material identity preserved.
AOM_006121,aom:ingredientPart,AOM_101033,retained-generated-assertion,aom:ingredientPart,AOM_101033,approved,Pete Steward,2026-08-20,docs/decisions/0048-chemical-identity-composition-and-component-model.md,Generated from approved rule under recorded guard; legacy material identity preserved.
AOM_006122,aom:ingredientPart,AOM_101033,retained-generated-assertion,aom:ingredientPart,AOM_101033,approved,Pete Steward,2026-08-20,docs/decisions/0048-chemical-identity-composition-and-component-model.md,Generated from approved rule under recorded guard; legacy material identity preserved.
AOM_006137,aom:ingredientPart,AOM_101033,retained-generated-assertion,aom:ingredientPart,AOM_101033,approved,Pete Steward,2026-08-20,docs/decisions/0048-chemical-identity-composition-and-component-model.md,Generated from approved rule under recorded guard; legacy material identity preserved.
AOM_006138,aom:ingredientPart,AOM_101033,retained-generated-assertion,aom:ingredientPart,AOM_101033,approved,Pete Steward,2026-08-20,docs/decisions/0048-chemical-identity-composition-and-component-model.md,Generated from approved rule under recorded guard; legacy material identity preserved.
AOM_006139,aom:ingredientPart,AOM_101033,retained-generated-assertion,aom:ingredientPart,AOM_101033,approved,Pete Steward,2026-08-20,docs/decisions/0048-chemical-identity-composition-and-component-model.md,Generated from approved rule under recorded guard; legacy material identity preserved.
AOM_006140,aom:ingredientPart,AOM_101033,retained-generated-assertion,aom:ingredientPart,AOM_101033,approved,Pete Steward,2026-08-20,docs/decisions/0048-chemical-identity-composition-and-component-model.md,Generated from approved rule under recorded guard; legacy material identity preserved.
AOM_006149,aom:ingredientPart,AOM_101033,retained-generated-assertion,aom:ingredientPart,AOM_101033,approved,Pete Steward,2026-08-20,docs/decisions/0048-chemical-identity-composition-and-component-model.md,Generated from approved rule under recorded guard; legacy material identity preserved.
AOM_006177,aom:ingredientPart,AOM_101033,retained-generated-assertion,aom:ingredientPart,AOM_101033,approved,Pete Steward,2026-08-20,docs/decisions/0048-chemical-identity-composition-and-component-model.md,Generated from approved rule under recorded guard; legacy material identity preserved.
AOM_006185,aom:ingredientPart,AOM_101033,retained-generated-assertion,aom:ingredientPart,AOM_101033,approved,Pete Steward,2026-08-20,docs/decisions/0048-chemical-identity-composition-and-component-model.md,Generated from approved rule under recorded guard; legacy material identity preserved.
AOM_006209,aom:ingredientPart,AOM_101033,retained-generated-assertion,aom:ingredientPart,AOM_101033,approved,Pete Steward,2026-08-20,docs/decisions/0048-chemical-identity-composition-and-component-model.md,Generated from approved rule under recorded guard; legacy material identity preserved.
AOM_006210,aom:ingredientPart,AOM_101033,retained-generated-assertion,aom:ingredientPart,AOM_101033,approved,Pete Steward,2026-08-20,docs/decisions/0048-chemical-identity-composition-and-component-model.md,Generated from approved rule under recorded guard; legacy material identity preserved.
AOM_006212,aom:ingredientPart,AOM_101033,retained-generated-assertion,aom:ingredientPart,AOM_101033,approved,Pete Steward,2026-08-20,docs/decisions/0048-chemical-identity-composition-and-component-model.md,Generated from approved rule under recorded guard; legacy material identity preserved.
AOM_006213,aom:ingredientPart,AOM_101033,retained-generated-assertion,aom:ingredientPart,AOM_101033,approved,Pete Steward,2026-08-20,docs/decisions/0048-chemical-identity-composition-and-component-model.md,Generated from approved rule under recorded guard; legacy material identity preserved.
AOM_006227,aom:ingredientPart,AOM_101033,retained-generated-assertion,aom:ingredientPart,AOM_101033,approved,Pete Steward,2026-08-20,docs/decisions/0048-chemical-identity-composition-and-component-model.md,Generated from approved rule under recorded guard; legacy material identity preserved.
AOM_006261,aom:ingredientPart,AOM_101033,retained-generated-assertion,aom:ingredientPart,AOM_101033,approved,Pete Steward,2026-08-20,docs/decisions/0048-chemical-identity-composition-and-component-model.md,Generated from approved rule under recorded guard; legacy material identity preserved.
AOM_006281,aom:ingredientPart,AOM_101033,retained-generated-assertion,aom:ingredientPart,AOM_101033,approved,Pete Steward,2026-08-20,docs/decisions/0048-chemical-identity-composition-and-component-model.md,Generated from approved rule under recorded guard; legacy material identity preserved.
AOM_006282,aom:ingredientPart,AOM_101033,retained-generated-assertion,aom:ingredientPart,AOM_101033,approved,Pete Steward,2026-08-20,docs/decisions/0048-chemical-identity-composition-and-component-model.md,Generated from approved rule under recorded guard; legacy material identity preserved.
AOM_006283,aom:ingredientPart,AOM_101033,retained-generated-assertion,aom:ingredientPart,AOM_101033,approved,Pete Steward,2026-08-20,docs/decisions/0048-chemical-identity-composition-and-component-model.md,Generated from approved rule under recorded guard; legacy material identity preserved.
AOM_006284,aom:ingredientPart,AOM_101033,retained-generated-assertion,aom:ingredientPart,AOM_101033,approved,Pete Steward,2026-08-20,docs/decisions/0048-chemical-identity-composition-and-component-model.md,Generated from approved rule under recorded guard; legacy material identity preserved.
AOM_006285,aom:ingredientPart,AOM_101033,retained-generated-assertion,aom:ingredientPart,AOM_101033,approved,Pete Steward,2026-08-20,docs/decisions/0048-chemical-identity-composition-and-component-model.md,Generated from approved rule under recorded guard; legacy material identity preserved.
AOM_006293,aom:ingredientPart,AOM_101033,retained-generated-assertion,aom:ingredientPart,AOM_101033,approved,Pete Steward,2026-08-20,docs/decisions/0048-chemical-identity-composition-and-component-model.md,Generated from approved rule under recorded guard; legacy material identity preserved.
AOM_006308,aom:ingredientPart,AOM_101033,retained-generated-assertion,aom:ingredientPart,AOM_101033,approved,Pete Steward,2026-08-20,docs/decisions/0048-chemical-identity-composition-and-component-model.md,Generated from approved rule under recorded guard; legacy material identity preserved.
AOM_006358,aom:ingredientPart,AOM_101033,retained-generated-assertion,aom:ingredientPart,AOM_101033,approved,Pete Steward,2026-08-20,docs/decisions/0048-chemical-identity-composition-and-component-model.md,Generated from approved rule under recorded guard; legacy material identity preserved.
AOM_006359,aom:ingredientPart,AOM_101033,retained-generated-assertion,aom:ingredientPart,AOM_101033,approved,Pete Steward,2026-08-20,docs/decisions/0048-chemical-identity-composition-and-component-model.md,Generated from approved rule under recorded guard; legacy material identity preserved.
AOM_006360,aom:ingredientPart,AOM_101033,retained-generated-assertion,aom:ingredientPart,AOM_101033,approved,Pete Steward,2026-08-20,docs/decisions/0048-chemical-identity-composition-and-component-model.md,Generated from approved rule under recorded guard; legacy material identity preserved.
AOM_006373,aom:ingredientPart,AOM_101033,retained-generated-assertion,aom:ingredientPart,AOM_101033,approved,Pete Steward,2026-08-20,docs/decisions/0048-chemical-identity-composition-and-component-model.md,Generated from approved rule under recorded guard; legacy material identity preserved.
AOM_006376,aom:ingredientPart,AOM_101033,retained-generated-assertion,aom:ingredientPart,AOM_101033,approved,Pete Steward,2026-08-20,docs/decisions/0048-chemical-identity-composition-and-component-model.md,Generated from approved rule under recorded guard; legacy material identity preserved.
AOM_006381,aom:ingredientPart,AOM_101033,retained-generated-assertion,aom:ingredientPart,AOM_101033,approved,Pete Steward,2026-08-20,docs/decisions/0048-chemical-identity-composition-and-component-model.md,Generated from approved rule under recorded guard; legacy material identity preserved.
AOM_006385,aom:ingredientPart,AOM_101033,retained-generated-assertion,aom:ingredientPart,AOM_101033,approved,Pete Steward,2026-08-20,docs/decisions/0048-chemical-identity-composition-and-component-model.md,Generated from approved rule under recorded guard; legacy material identity preserved.
AOM_00672,aom:ingredientPart,AOM_101033,retained-generated-assertion,aom:ingredientPart,AOM_101033,approved,Pete Steward,2026-08-20,docs/decisions/0048-chemical-identity-composition-and-component-model.md,Generated from approved rule under recorded guard; legacy material identity preserved.
AOM_000640,aom:ingredientPart,AOM_101034,retained-reviewed-assertion,aom:ingredientPart,AOM_101034,held,Pete Steward,2026-08-20,docs/decisions/0048-chemical-identity-composition-and-component-model.md,Explicit descriptor “peels” mapped through hard-tail decision AOM_000640; assertion 1.
AOM_001176,aom:ingredientPart,AOM_101034,retained-generated-assertion,aom:ingredientPart,AOM_101034,held,Pete Steward,2026-08-20,docs/decisions/0048-chemical-identity-composition-and-component-model.md,Generated from approved rule under recorded guard; legacy material identity preserved.
AOM_001195,aom:ingredientPart,AOM_101034,retained-generated-assertion,aom:ingredientPart,AOM_101034,held,Pete Steward,2026-08-20,docs/decisions/0048-chemical-identity-composition-and-component-model.md,Generated from approved rule under recorded guard; legacy material identity preserved.
AOM_001259,aom:ingredientPart,AOM_101034,retained-generated-assertion,aom:ingredientPart,AOM_101034,held,Pete Steward,2026-08-20,docs/decisions/0048-chemical-identity-composition-and-component-model.md,Generated from approved rule under recorded guard; legacy material identity preserved.
AOM_001283,aom:ingredientPart,AOM_101034,retained-generated-assertion,aom:ingredientPart,AOM_101034,held,Pete Steward,2026-08-20,docs/decisions/0048-chemical-identity-composition-and-component-model.md,Generated from approved rule under recorded guard; legacy material identity preserved.
AOM_001627,aom:ingredientPart,AOM_101034,retained-generated-assertion,aom:ingredientPart,AOM_101034,held,Pete Steward,2026-08-20,docs/decisions/0048-chemical-identity-composition-and-component-model.md,Generated from approved rule under recorded guard; legacy material identity preserved.
AOM_001803,aom:ingredientPart,AOM_101034,retained-generated-assertion,aom:ingredientPart,AOM_101034,held,Pete Steward,2026-08-20,docs/decisions/0048-chemical-identity-composition-and-component-model.md,Generated from approved rule under recorded guard; legacy material identity preserved.
AOM_001946,aom:ingredientPart,AOM_101034,retained-generated-assertion,aom:ingredientPart,AOM_101034,held,Pete Steward,2026-08-20,docs/decisions/0048-chemical-identity-composition-and-component-model.md,Generated from approved rule under recorded guard; legacy material identity preserved.
AOM_002027,aom:ingredientPart,AOM_101034,retained-generated-assertion,aom:ingredientPart,AOM_101034,held,Pete Steward,2026-08-20,docs/decisions/0048-chemical-identity-composition-and-component-model.md,Generated from approved rule under recorded guard; legacy material identity preserved.
AOM_002101,aom:ingredientPart,AOM_101034,retained-reviewed-assertion,aom:ingredientPart,AOM_101034,held,Pete Steward,2026-08-20,docs/decisions/0048-chemical-identity-composition-and-component-model.md,Explicit descriptor “peels” mapped through hard-tail decision AOM_002101; assertion 1.
AOM_002112,aom:ingredientPart,AOM_101034,retained-generated-assertion,aom:ingredientPart,AOM_101034,held,Pete Steward,2026-08-20,docs/decisions/0048-chemical-identity-composition-and-component-model.md,Generated from approved rule under recorded guard; legacy material identity preserved.
AOM_002344,aom:ingredientPart,AOM_101034,retained-generated-assertion,aom:ingredientPart,AOM_101034,held,Pete Steward,2026-08-20,docs/decisions/0048-chemical-identity-composition-and-component-model.md,Generated from approved rule under recorded guard; legacy material identity preserved.
AOM_006054,aom:ingredientPart,AOM_101034,retained-generated-assertion,aom:ingredientPart,AOM_101034,held,Pete Steward,2026-08-20,docs/decisions/0048-chemical-identity-composition-and-component-model.md,Generated from approved rule under recorded guard; legacy material identity preserved.
AOM_006055,aom:ingredientPart,AOM_101034,retained-generated-assertion,aom:ingredientPart,AOM_101034,held,Pete Steward,2026-08-20,docs/decisions/0048-chemical-identity-composition-and-component-model.md,Generated from approved rule under recorded guard; legacy material identity preserved.
AOM_006056,aom:ingredientPart,AOM_101034,retained-generated-assertion,aom:ingredientPart,AOM_101034,held,Pete Steward,2026-08-20,docs/decisions/0048-chemical-identity-composition-and-component-model.md,Generated from approved rule under recorded guard; legacy material identity preserved.
AOM_006057,aom:ingredientPart,AOM_101034,retained-generated-assertion,aom:ingredientPart,AOM_101034,held,Pete Steward,2026-08-20,docs/decisions/0048-chemical-identity-composition-and-component-model.md,Generated from approved rule under recorded guard; legacy material identity preserved.
AOM_006058,aom:ingredientPart,AOM_101034,retained-generated-assertion,aom:ingredientPart,AOM_101034,held,Pete Steward,2026-08-20,docs/decisions/0048-chemical-identity-composition-and-component-model.md,Generated from approved rule under recorded guard; legacy material identity preserved.
AOM_006203,aom:ingredientPart,AOM_101034,retained-generated-assertion,aom:ingredientPart,AOM_101034,held,Pete Steward,2026-08-20,docs/decisions/0048-chemical-identity-composition-and-component-model.md,Generated from approved rule under recorded guard; legacy material identity preserved.
AOM_006214,aom:ingredientPart,AOM_101034,retained-generated-assertion,aom:ingredientPart,AOM_101034,held,Pete Steward,2026-08-20,docs/decisions/0048-chemical-identity-composition-and-component-model.md,Generated from approved rule under recorded guard; legacy material identity preserved.
AOM_006215,aom:ingredientPart,AOM_101034,retained-generated-assertion,aom:ingredientPart,AOM_101034,held,Pete Steward,2026-08-20,docs/decisions/0048-chemical-identity-composition-and-component-model.md,Generated from approved rule under recorded guard; legacy material identity preserved.
AOM_006216,aom:ingredientPart,AOM_101034,retained-generated-assertion,aom:ingredientPart,AOM_101034,held,Pete Steward,2026-08-20,docs/decisions/0048-chemical-identity-composition-and-component-model.md,Generated from approved rule under recorded guard; legacy material identity preserved.
AOM_006264,aom:ingredientPart,AOM_101034,retained-generated-assertion,aom:ingredientPart,AOM_101034,held,Pete Steward,2026-08-20,docs/decisions/0048-chemical-identity-composition-and-component-model.md,Generated from approved rule under recorded guard; legacy material identity preserved.
AOM_006352,aom:ingredientPart,AOM_101034,retained-generated-assertion,aom:ingredientPart,AOM_101034,held,Pete Steward,2026-08-20,docs/decisions/0048-chemical-identity-composition-and-component-model.md,Generated from approved rule under recorded guard; legacy material identity preserved.
AOM_006353,aom:ingredientPart,AOM_101034,retained-generated-assertion,aom:ingredientPart,AOM_101034,held,Pete Steward,2026-08-20,docs/decisions/0048-chemical-identity-composition-and-component-model.md,Generated from approved rule under recorded guard; legacy material identity preserved.
AOM_000713,aom:ingredientPart,AOM_101035,retained-generated-assertion,aom:ingredientPart,AOM_101035,approved,Pete Steward,2026-08-20,docs/decisions/0048-chemical-identity-composition-and-component-model.md,Generated from approved rule under recorded guard; legacy material identity preserved.
AOM_001122,aom:ingredientPart,AOM_101035,retained-generated-assertion,aom:ingredientPart,AOM_101035,approved,Pete Steward,2026-08-20,docs/decisions/0048-chemical-identity-composition-and-component-model.md,Generated from approved rule under recorded guard; legacy material identity preserved.
AOM_001183,aom:ingredientPart,AOM_101035,retained-generated-assertion,aom:ingredientPart,AOM_101035,approved,Pete Steward,2026-08-20,docs/decisions/0048-chemical-identity-composition-and-component-model.md,Generated from approved rule under recorded guard; legacy material identity preserved.
AOM_001184,aom:ingredientPart,AOM_101035,retained-generated-assertion,aom:ingredientPart,AOM_101035,approved,Pete Steward,2026-08-20,docs/decisions/0048-chemical-identity-composition-and-component-model.md,Generated from approved rule under recorded guard; legacy material identity preserved.
AOM_001225,aom:ingredientPart,AOM_101035,retained-generated-assertion,aom:ingredientPart,AOM_101035,approved,Pete Steward,2026-08-20,docs/decisions/0048-chemical-identity-composition-and-component-model.md,Generated from approved rule under recorded guard; legacy material identity preserved.
AOM_001560,aom:ingredientPart,AOM_101035,retained-generated-assertion,aom:ingredientPart,AOM_101035,approved,Pete Steward,2026-08-20,docs/decisions/0048-chemical-identity-composition-and-component-model.md,Generated from approved rule under recorded guard; legacy material identity preserved.
AOM_001595,aom:ingredientPart,AOM_101035,retained-generated-assertion,aom:ingredientPart,AOM_101035,approved,Pete Steward,2026-08-20,docs/decisions/0048-chemical-identity-composition-and-component-model.md,Generated from approved rule under recorded guard; legacy material identity preserved.
AOM_001596,aom:ingredientPart,AOM_101035,retained-generated-assertion,aom:ingredientPart,AOM_101035,approved,Pete Steward,2026-08-20,docs/decisions/0048-chemical-identity-composition-and-component-model.md,Generated from approved rule under recorded guard; legacy material identity preserved.
AOM_001598,aom:ingredientPart,AOM_101035,retained-generated-assertion,aom:ingredientPart,AOM_101035,approved,Pete Steward,2026-08-20,docs/decisions/0048-chemical-identity-composition-and-component-model.md,Generated from approved rule under recorded guard; legacy material identity preserved.
AOM_001601,aom:ingredientPart,AOM_101035,retained-generated-assertion,aom:ingredientPart,AOM_101035,approved,Pete Steward,2026-08-20,docs/decisions/0048-chemical-identity-composition-and-component-model.md,Generated from approved rule under recorded guard; legacy material identity preserved.
AOM_001602,aom:ingredientPart,AOM_101035,retained-generated-assertion,aom:ingredientPart,AOM_101035,approved,Pete Steward,2026-08-20,docs/decisions/0048-chemical-identity-composition-and-component-model.md,Generated from approved rule under recorded guard; legacy material identity preserved.
AOM_001730,aom:ingredientPart,AOM_101035,retained-generated-assertion,aom:ingredientPart,AOM_101035,approved,Pete Steward,2026-08-20,docs/decisions/0048-chemical-identity-composition-and-component-model.md,Generated from approved rule under recorded guard; legacy material identity preserved.
AOM_001758,aom:ingredientPart,AOM_101035,retained-generated-assertion,aom:ingredientPart,AOM_101035,approved,Pete Steward,2026-08-20,docs/decisions/0048-chemical-identity-composition-and-component-model.md,Generated from approved rule under recorded guard; legacy material identity preserved.
AOM_001759,aom:ingredientPart,AOM_101035,retained-generated-assertion,aom:ingredientPart,AOM_101035,approved,Pete Steward,2026-08-20,docs/decisions/0048-chemical-identity-composition-and-component-model.md,Generated from approved rule under recorded guard; legacy material identity preserved.
AOM_001963,aom:ingredientPart,AOM_101035,retained-generated-assertion,aom:ingredientPart,AOM_101035,approved,Pete Steward,2026-08-20,docs/decisions/0048-chemical-identity-composition-and-component-model.md,Generated from approved rule under recorded guard; legacy material identity preserved.
AOM_002012,aom:ingredientPart,AOM_101035,retained-generated-assertion,aom:ingredientPart,AOM_101035,approved,Pete Steward,2026-08-20,docs/decisions/0048-chemical-identity-composition-and-component-model.md,Generated from approved rule under recorded guard; legacy material identity preserved.
AOM_002041,aom:ingredientPart,AOM_101035,retained-generated-assertion,aom:ingredientPart,AOM_101035,approved,Pete Steward,2026-08-20,docs/decisions/0048-chemical-identity-composition-and-component-model.md,Generated from approved rule under recorded guard; legacy material identity preserved.
AOM_002042,aom:ingredientPart,AOM_101035,retained-generated-assertion,aom:ingredientPart,AOM_101035,approved,Pete Steward,2026-08-20,docs/decisions/0048-chemical-identity-composition-and-component-model.md,Generated from approved rule under recorded guard; legacy material identity preserved.
AOM_002043,aom:ingredientPart,AOM_101035,retained-generated-assertion,aom:ingredientPart,AOM_101035,approved,Pete Steward,2026-08-20,docs/decisions/0048-chemical-identity-composition-and-component-model.md,Generated from approved rule under recorded guard; legacy material identity preserved.
AOM_002049,aom:ingredientPart,AOM_101035,retained-generated-assertion,aom:ingredientPart,AOM_101035,approved,Pete Steward,2026-08-20,docs/decisions/0048-chemical-identity-composition-and-component-model.md,Generated from approved rule under recorded guard; legacy material identity preserved.
AOM_002050,aom:ingredientPart,AOM_101035,retained-generated-assertion,aom:ingredientPart,AOM_101035,approved,Pete Steward,2026-08-20,docs/decisions/0048-chemical-identity-composition-and-component-model.md,Generated from approved rule under recorded guard; legacy material identity preserved.
AOM_002051,aom:ingredientPart,AOM_101035,retained-generated-assertion,aom:ingredientPart,AOM_101035,approved,Pete Steward,2026-08-20,docs/decisions/0048-chemical-identity-composition-and-component-model.md,Generated from approved rule under recorded guard; legacy material identity preserved.
AOM_002087,aom:ingredientPart,AOM_101035,retained-generated-assertion,aom:ingredientPart,AOM_101035,approved,Pete Steward,2026-08-20,docs/decisions/0048-chemical-identity-composition-and-component-model.md,Generated from approved rule under recorded guard; legacy material identity preserved.
AOM_002088,aom:ingredientPart,AOM_101035,retained-generated-assertion,aom:ingredientPart,AOM_101035,approved,Pete Steward,2026-08-20,docs/decisions/0048-chemical-identity-composition-and-component-model.md,Generated from approved rule under recorded guard; legacy material identity preserved.
AOM_002089,aom:ingredientPart,AOM_101035,retained-generated-assertion,aom:ingredientPart,AOM_101035,approved,Pete Steward,2026-08-20,docs/decisions/0048-chemical-identity-composition-and-component-model.md,Generated from approved rule under recorded guard; legacy material identity preserved.
AOM_002151,aom:ingredientPart,AOM_101035,retained-generated-assertion,aom:ingredientPart,AOM_101035,approved,Pete Steward,2026-08-20,docs/decisions/0048-chemical-identity-composition-and-component-model.md,Generated from approved rule under recorded guard; legacy material identity preserved.
AOM_002203,aom:ingredientPart,AOM_101035,retained-generated-assertion,aom:ingredientPart,AOM_101035,approved,Pete Steward,2026-08-20,docs/decisions/0048-chemical-identity-composition-and-component-model.md,Generated from approved rule under recorded guard; legacy material identity preserved.
AOM_003961,aom:ingredientPart,AOM_101035,retained-generated-assertion,aom:ingredientPart,AOM_101035,approved,Pete Steward,2026-08-20,docs/decisions/0048-chemical-identity-composition-and-component-model.md,Generated from approved rule under recorded guard; legacy material identity preserved.
AOM_006011,aom:ingredientPart,AOM_101035,retained-generated-assertion,aom:ingredientPart,AOM_101035,approved,Pete Steward,2026-08-20,docs/decisions/0048-chemical-identity-composition-and-component-model.md,Generated from approved rule under recorded guard; legacy material identity preserved.
AOM_006012,aom:ingredientPart,AOM_101035,retained-generated-assertion,aom:ingredientPart,AOM_101035,approved,Pete Steward,2026-08-20,docs/decisions/0048-chemical-identity-composition-and-component-model.md,Generated from approved rule under recorded guard; legacy material identity preserved.
AOM_006067,aom:ingredientPart,AOM_101035,retained-generated-assertion,aom:ingredientPart,AOM_101035,approved,Pete Steward,2026-08-20,docs/decisions/0048-chemical-identity-composition-and-component-model.md,Generated from approved rule under recorded guard; legacy material identity preserved.
AOM_006292,aom:ingredientPart,AOM_101035,retained-generated-assertion,aom:ingredientPart,AOM_101035,approved,Pete Steward,2026-08-20,docs/decisions/0048-chemical-identity-composition-and-component-model.md,Generated from approved rule under recorded guard; legacy material identity preserved.
AOM_006295,aom:ingredientPart,AOM_101035,retained-generated-assertion,aom:ingredientPart,AOM_101035,approved,Pete Steward,2026-08-20,docs/decisions/0048-chemical-identity-composition-and-component-model.md,Generated from approved rule under recorded guard; legacy material identity preserved.
AOM_006296,aom:ingredientPart,AOM_101035,retained-generated-assertion,aom:ingredientPart,AOM_101035,approved,Pete Steward,2026-08-20,docs/decisions/0048-chemical-identity-composition-and-component-model.md,Generated from approved rule under recorded guard; legacy material identity preserved.
AOM_006326,aom:ingredientPart,AOM_101035,retained-generated-assertion,aom:ingredientPart,AOM_101035,approved,Pete Steward,2026-08-20,docs/decisions/0048-chemical-identity-composition-and-component-model.md,Generated from approved rule under recorded guard; legacy material identity preserved.
AOM_001978,aom:ingredientPart,AOM_101037,retained-generated-assertion,aom:ingredientPart,AOM_101037,approved,Pete Steward,2026-08-20,docs/decisions/0048-chemical-identity-composition-and-component-model.md,Generated from approved rule under recorded guard; legacy material identity preserved.
AOM_003266,aom:ingredientPart,AOM_101037,retained-generated-assertion,aom:ingredientPart,AOM_101037,approved,Pete Steward,2026-08-20,docs/decisions/0048-chemical-identity-composition-and-component-model.md,Generated from approved rule under recorded guard; legacy material identity preserved.
AOM_003482,aom:ingredientPart,AOM_101037,retained-reviewed-assertion,aom:ingredientPart,AOM_101037,approved,Pete Steward,2026-08-20,docs/decisions/0048-chemical-identity-composition-and-component-model.md,Explicit descriptor “sugar beet” mapped through hard-tail decision AOM_003482; assertion 1.
AOM_006262,aom:ingredientPart,AOM_101037,retained-generated-assertion,aom:ingredientPart,AOM_101037,approved,Pete Steward,2026-08-20,docs/decisions/0048-chemical-identity-composition-and-component-model.md,Generated from approved rule under recorded guard; legacy material identity preserved.
AOM_000596,aom:ingredientPart,AOM_101038,retained-generated-assertion,aom:ingredientPart,AOM_101038,approved,Pete Steward,2026-08-20,docs/decisions/0048-chemical-identity-composition-and-component-model.md,Generated from approved rule under recorded guard; legacy material identity preserved.
AOM_000600,aom:ingredientPart,AOM_101038,retained-generated-assertion,aom:ingredientPart,AOM_101038,approved,Pete Steward,2026-08-20,docs/decisions/0048-chemical-identity-composition-and-component-model.md,Generated from approved rule under recorded guard; legacy material identity preserved.
AOM_000608,aom:ingredientPart,AOM_101038,retained-generated-assertion,aom:ingredientPart,AOM_101038,approved,Pete Steward,2026-08-20,docs/decisions/0048-chemical-identity-composition-and-component-model.md,Generated from approved rule under recorded guard; legacy material identity preserved.
AOM_000620,aom:ingredientPart,AOM_101038,retained-generated-assertion,aom:ingredientPart,AOM_101038,approved,Pete Steward,2026-08-20,docs/decisions/0048-chemical-identity-composition-and-component-model.md,Generated from approved rule under recorded guard; legacy material identity preserved.
AOM_000675,aom:ingredientPart,AOM_101038,retained-generated-assertion,aom:ingredientPart,AOM_101038,approved,Pete Steward,2026-08-20,docs/decisions/0048-chemical-identity-composition-and-component-model.md,Generated from approved rule under recorded guard; legacy material identity preserved.
AOM_001156,aom:ingredientPart,AOM_101038,retained-generated-assertion,aom:ingredientPart,AOM_101038,approved,Pete Steward,2026-08-20,docs/decisions/0048-chemical-identity-composition-and-component-model.md,Generated from approved rule under recorded guard; legacy material identity preserved.
AOM_001157,aom:ingredientPart,AOM_101038,retained-generated-assertion,aom:ingredientPart,AOM_101038,approved,Pete Steward,2026-08-20,docs/decisions/0048-chemical-identity-composition-and-component-model.md,Generated from approved rule under recorded guard; legacy material identity preserved.
AOM_001164,aom:ingredientPart,AOM_101038,retained-generated-assertion,aom:ingredientPart,AOM_101038,approved,Pete Steward,2026-08-20,docs/decisions/0048-chemical-identity-composition-and-component-model.md,Generated from approved rule under recorded guard; legacy material identity preserved.
AOM_001187,aom:ingredientPart,AOM_101038,retained-generated-assertion,aom:ingredientPart,AOM_101038,approved,Pete Steward,2026-08-20,docs/decisions/0048-chemical-identity-composition-and-component-model.md,Generated from approved rule under recorded guard; legacy material identity preserved.
AOM_001191,aom:ingredientPart,AOM_101038,retained-generated-assertion,aom:ingredientPart,AOM_101038,approved,Pete Steward,2026-08-20,docs/decisions/0048-chemical-identity-composition-and-component-model.md,Generated from approved rule under recorded guard; legacy material identity preserved.
AOM_001196,aom:ingredientPart,AOM_101038,retained-generated-assertion,aom:ingredientPart,AOM_101038,approved,Pete Steward,2026-08-20,docs/decisions/0048-chemical-identity-composition-and-component-model.md,Generated from approved rule under recorded guard; legacy material identity preserved.
AOM_001253,aom:ingredientPart,AOM_101038,retained-generated-assertion,aom:ingredientPart,AOM_101038,approved,Pete Steward,2026-08-20,docs/decisions/0048-chemical-identity-composition-and-component-model.md,Generated from approved rule under recorded guard; legacy material identity preserved.
AOM_001277,aom:ingredientPart,AOM_101038,retained-generated-assertion,aom:ingredientPart,AOM_101038,approved,Pete Steward,2026-08-20,docs/decisions/0048-chemical-identity-composition-and-component-model.md,Generated from approved rule under recorded guard; legacy material identity preserved.
AOM_001279,aom:ingredientPart,AOM_101038,retained-generated-assertion,aom:ingredientPart,AOM_101038,approved,Pete Steward,2026-08-20,docs/decisions/0048-chemical-identity-composition-and-component-model.md,Generated from approved rule under recorded guard; legacy material identity preserved.
AOM_001300,aom:ingredientPart,AOM_101038,retained-generated-assertion,aom:ingredientPart,AOM_101038,approved,Pete Steward,2026-08-20,docs/decisions/0048-chemical-identity-composition-and-component-model.md,Generated from approved rule under recorded guard; legacy material identity preserved.
AOM_001312,aom:ingredientPart,AOM_101038,retained-generated-assertion,aom:ingredientPart,AOM_101038,approved,Pete Steward,2026-08-20,docs/decisions/0048-chemical-identity-composition-and-component-model.md,Generated from approved rule under recorded guard; legacy material identity preserved.
AOM_001334,aom:ingredientPart,AOM_101038,retained-reviewed-assertion,aom:ingredientPart,AOM_101038,approved,Pete Steward,2026-08-20,docs/decisions/0048-chemical-identity-composition-and-component-model.md,Explicit descriptor “grain” mapped through hard-tail decision AOM_001334; assertion 1.
AOM_001336,aom:ingredientPart,AOM_101038,retained-generated-assertion,aom:ingredientPart,AOM_101038,approved,Pete Steward,2026-08-20,docs/decisions/0048-chemical-identity-composition-and-component-model.md,Generated from approved rule under recorded guard; legacy material identity preserved.
AOM_001338,aom:ingredientPart,AOM_101038,retained-generated-assertion,aom:ingredientPart,AOM_101038,approved,Pete Steward,2026-08-20,docs/decisions/0048-chemical-identity-composition-and-component-model.md,Generated from approved rule under recorded guard; legacy material identity preserved.
AOM_001357,aom:ingredientPart,AOM_101038,retained-generated-assertion,aom:ingredientPart,AOM_101038,approved,Pete Steward,2026-08-20,docs/decisions/0048-chemical-identity-composition-and-component-model.md,Generated from approved rule under recorded guard; legacy material identity preserved.
AOM_001436,aom:ingredientPart,AOM_101038,retained-generated-assertion,aom:ingredientPart,AOM_101038,approved,Pete Steward,2026-08-20,docs/decisions/0048-chemical-identity-composition-and-component-model.md,Generated from approved rule under recorded guard; legacy material identity preserved.
AOM_001440,aom:ingredientPart,AOM_101038,retained-generated-assertion,aom:ingredientPart,AOM_101038,approved,Pete Steward,2026-08-20,docs/decisions/0048-chemical-identity-composition-and-component-model.md,Generated from approved rule under recorded guard; legacy material identity preserved.
AOM_001568,aom:ingredientPart,AOM_101038,retained-generated-assertion,aom:ingredientPart,AOM_101038,approved,Pete Steward,2026-08-20,docs/decisions/0048-chemical-identity-composition-and-component-model.md,Generated from approved rule under recorded guard; legacy material identity preserved.
AOM_001625,aom:ingredientPart,AOM_101038,retained-generated-assertion,aom:ingredientPart,AOM_101038,approved,Pete Steward,2026-08-20,docs/decisions/0048-chemical-identity-composition-and-component-model.md,Generated from approved rule under recorded guard; legacy material identity preserved.
AOM_001641,aom:ingredientPart,AOM_101038,retained-generated-assertion,aom:ingredientPart,AOM_101038,approved,Pete Steward,2026-08-20,docs/decisions/0048-chemical-identity-composition-and-component-model.md,Generated from approved rule under recorded guard; legacy material identity preserved.
AOM_001642,aom:ingredientPart,AOM_101038,retained-generated-assertion,aom:ingredientPart,AOM_101038,approved,Pete Steward,2026-08-20,docs/decisions/0048-chemical-identity-composition-and-component-model.md,Generated from approved rule under recorded guard; legacy material identity preserved.
AOM_001643,aom:ingredientPart,AOM_101038,retained-generated-assertion,aom:ingredientPart,AOM_101038,approved,Pete Steward,2026-08-20,docs/decisions/0048-chemical-identity-composition-and-component-model.md,Generated from approved rule under recorded guard; legacy material identity preserved.
AOM_001644,aom:ingredientPart,AOM_101038,retained-generated-assertion,aom:ingredientPart,AOM_101038,approved,Pete Steward,2026-08-20,docs/decisions/0048-chemical-identity-composition-and-component-model.md,Generated from approved rule under recorded guard; legacy material identity preserved.
AOM_001693,aom:ingredientPart,AOM_101038,retained-generated-assertion,aom:ingredientPart,AOM_101038,approved,Pete Steward,2026-08-20,docs/decisions/0048-chemical-identity-composition-and-component-model.md,Generated from approved rule under recorded guard; legacy material identity preserved.
AOM_001694,aom:ingredientPart,AOM_101038,retained-generated-assertion,aom:ingredientPart,AOM_101038,approved,Pete Steward,2026-08-20,docs/decisions/0048-chemical-identity-composition-and-component-model.md,Generated from approved rule under recorded guard; legacy material identity preserved.
AOM_001695,aom:ingredientPart,AOM_101038,retained-generated-assertion,aom:ingredientPart,AOM_101038,approved,Pete Steward,2026-08-20,docs/decisions/0048-chemical-identity-composition-and-component-model.md,Generated from approved rule under recorded guard; legacy material identity preserved.
AOM_001698,aom:ingredientPart,AOM_101038,retained-generated-assertion,aom:ingredientPart,AOM_101038,approved,Pete Steward,2026-08-20,docs/decisions/0048-chemical-identity-composition-and-component-model.md,Generated from approved rule under recorded guard; legacy material identity preserved.
AOM_001790,aom:ingredientPart,AOM_101038,retained-generated-assertion,aom:ingredientPart,AOM_101038,approved,Pete Steward,2026-08-20,docs/decisions/0048-chemical-identity-composition-and-component-model.md,Generated from approved rule under recorded guard; legacy material identity preserved.
AOM_001888,aom:ingredientPart,AOM_101038,retained-generated-assertion,aom:ingredientPart,AOM_101038,approved,Pete Steward,2026-08-20,docs/decisions/0048-chemical-identity-composition-and-component-model.md,Generated from approved rule under recorded guard; legacy material identity preserved.
AOM_001893,aom:ingredientPart,AOM_101038,retained-generated-assertion,aom:ingredientPart,AOM_101038,approved,Pete Steward,2026-08-20,docs/decisions/0048-chemical-identity-composition-and-component-model.md,Generated from approved rule under recorded guard; legacy material identity preserved.
AOM_001894,aom:ingredientPart,AOM_101038,retained-generated-assertion,aom:ingredientPart,AOM_101038,approved,Pete Steward,2026-08-20,docs/decisions/0048-chemical-identity-composition-and-component-model.md,Generated from approved rule under recorded guard; legacy material identity preserved.
AOM_001909,aom:ingredientPart,AOM_101038,retained-generated-assertion,aom:ingredientPart,AOM_101038,approved,Pete Steward,2026-08-20,docs/decisions/0048-chemical-identity-composition-and-component-model.md,Generated from approved rule under recorded guard; legacy material identity preserved.
AOM_001951,aom:ingredientPart,AOM_101038,retained-generated-assertion,aom:ingredientPart,AOM_101038,approved,Pete Steward,2026-08-20,docs/decisions/0048-chemical-identity-composition-and-component-model.md,Generated from approved rule under recorded guard; legacy material identity preserved.
AOM_001971,aom:ingredientPart,AOM_101038,retained-generated-assertion,aom:ingredientPart,AOM_101038,approved,Pete Steward,2026-08-20,docs/decisions/0048-chemical-identity-composition-and-component-model.md,Generated from approved rule under recorded guard; legacy material identity preserved.
AOM_001982,aom:ingredientPart,AOM_101038,retained-generated-assertion,aom:ingredientPart,AOM_101038,approved,Pete Steward,2026-08-20,docs/decisions/0048-chemical-identity-composition-and-component-model.md,Generated from approved rule under recorded guard; legacy material identity preserved.
AOM_001983,aom:ingredientPart,AOM_101038,retained-generated-assertion,aom:ingredientPart,AOM_101038,approved,Pete Steward,2026-08-20,docs/decisions/0048-chemical-identity-composition-and-component-model.md,Generated from approved rule under recorded guard; legacy material identity preserved.
AOM_002000,aom:ingredientPart,AOM_101038,retained-generated-assertion,aom:ingredientPart,AOM_101038,approved,Pete Steward,2026-08-20,docs/decisions/0048-chemical-identity-composition-and-component-model.md,Generated from approved rule under recorded guard; legacy material identity preserved.
AOM_002107,aom:ingredientPart,AOM_101038,retained-reviewed-assertion,aom:ingredientPart,AOM_101038,approved,Pete Steward,2026-08-20,docs/decisions/0048-chemical-identity-composition-and-component-model.md,Explicit descriptor “bean” mapped through hard-tail decision AOM_002107; assertion 1.
AOM_002128,aom:ingredientPart,AOM_101038,retained-generated-assertion,aom:ingredientPart,AOM_101038,approved,Pete Steward,2026-08-20,docs/decisions/0048-chemical-identity-composition-and-component-model.md,Generated from approved rule under recorded guard; legacy material identity preserved.
AOM_002208,aom:ingredientPart,AOM_101038,retained-generated-assertion,aom:ingredientPart,AOM_101038,approved,Pete Steward,2026-08-20,docs/decisions/0048-chemical-identity-composition-and-component-model.md,Generated from approved rule under recorded guard; legacy material identity preserved.
AOM_002209,aom:ingredientPart,AOM_101038,retained-generated-assertion,aom:ingredientPart,AOM_101038,approved,Pete Steward,2026-08-20,docs/decisions/0048-chemical-identity-composition-and-component-model.md,Generated from approved rule under recorded guard; legacy material identity preserved.
AOM_002215,aom:ingredientPart,AOM_101038,retained-generated-assertion,aom:ingredientPart,AOM_101038,approved,Pete Steward,2026-08-20,docs/decisions/0048-chemical-identity-composition-and-component-model.md,Generated from approved rule under recorded guard; legacy material identity preserved.
AOM_002233,aom:ingredientPart,AOM_101038,retained-generated-assertion,aom:ingredientPart,AOM_101038,approved,Pete Steward,2026-08-20,docs/decisions/0048-chemical-identity-composition-and-component-model.md,Generated from approved rule under recorded guard; legacy material identity preserved.
AOM_002346,aom:ingredientPart,AOM_101038,retained-generated-assertion,aom:ingredientPart,AOM_101038,approved,Pete Steward,2026-08-20,docs/decisions/0048-chemical-identity-composition-and-component-model.md,Generated from approved rule under recorded guard; legacy material identity preserved.
AOM_003072,aom:ingredientPart,AOM_101038,retained-reviewed-assertion,aom:ingredientPart,AOM_101038,approved,Pete Steward,2026-08-20,docs/decisions/0048-chemical-identity-composition-and-component-model.md,Explicit descriptor “groundnut” mapped through hard-tail decision AOM_003072; assertion 1.
AOM_003080,aom:ingredientPart,AOM_101038,retained-generated-assertion,aom:ingredientPart,AOM_101038,approved,Pete Steward,2026-08-20,docs/decisions/0048-chemical-identity-composition-and-component-model.md,Generated from approved rule under recorded guard; legacy material identity preserved.
AOM_003596,aom:ingredientPart,AOM_101038,retained-reviewed-assertion,aom:ingredientPart,AOM_101038,approved,Pete Steward,2026-08-20,docs/decisions/0048-chemical-identity-composition-and-component-model.md,Grape identifies source and seeds identify anatomical part.
AOM_003890,aom:ingredientPart,AOM_101038,retained-generated-assertion,aom:ingredientPart,AOM_101038,approved,Pete Steward,2026-08-20,docs/decisions/0048-chemical-identity-composition-and-component-model.md,Generated from approved rule under recorded guard; legacy material identity preserved.
AOM_003905,aom:ingredientPart,AOM_101038,retained-generated-assertion,aom:ingredientPart,AOM_101038,approved,Pete Steward,2026-08-20,docs/decisions/0048-chemical-identity-composition-and-component-model.md,Generated from approved rule under recorded guard; legacy material identity preserved.
AOM_003906,aom:ingredientPart,AOM_101038,retained-reviewed-assertion,aom:ingredientPart,AOM_101038,approved,Pete Steward,2026-08-20,docs/decisions/0048-chemical-identity-composition-and-component-model.md,Explicit descriptor “nut” mapped through hard-tail decision AOM_003906; assertion 1.
AOM_003919,aom:ingredientPart,AOM_101038,retained-generated-assertion,aom:ingredientPart,AOM_101038,approved,Pete Steward,2026-08-20,docs/decisions/0048-chemical-identity-composition-and-component-model.md,Generated from approved rule under recorded guard; legacy material identity preserved.
AOM_003920,aom:ingredientPart,AOM_101038,retained-generated-assertion,aom:ingredientPart,AOM_101038,approved,Pete Steward,2026-08-20,docs/decisions/0048-chemical-identity-composition-and-component-model.md,Generated from approved rule under recorded guard; legacy material identity preserved.
AOM_003970,aom:ingredientPart,AOM_101038,retained-generated-assertion,aom:ingredientPart,AOM_101038,approved,Pete Steward,2026-08-20,docs/decisions/0048-chemical-identity-composition-and-component-model.md,Generated from approved rule under recorded guard; legacy material identity preserved.
AOM_003971,aom:ingredientPart,AOM_101038,retained-generated-assertion,aom:ingredientPart,AOM_101038,approved,Pete Steward,2026-08-20,docs/decisions/0048-chemical-identity-composition-and-component-model.md,Generated from approved rule under recorded guard; legacy material identity preserved.
AOM_003973,aom:ingredientPart,AOM_101038,retained-generated-assertion,aom:ingredientPart,AOM_101038,approved,Pete Steward,2026-08-20,docs/decisions/0048-chemical-identity-composition-and-component-model.md,Generated from approved rule under recorded guard; legacy material identity preserved.
AOM_004255,aom:ingredientPart,AOM_101038,retained-reviewed-assertion,aom:ingredientPart,AOM_101038,approved,Pete Steward,2026-08-20,docs/decisions/0048-chemical-identity-composition-and-component-model.md,Explicit descriptor “seed” mapped through hard-tail decision AOM_004255; assertion 1.
AOM_006019,aom:ingredientPart,AOM_101038,retained-generated-assertion,aom:ingredientPart,AOM_101038,approved,Pete Steward,2026-08-20,docs/decisions/0048-chemical-identity-composition-and-component-model.md,Generated from approved rule under recorded guard; legacy material identity preserved.
AOM_006073,aom:ingredientPart,AOM_101038,retained-generated-assertion,aom:ingredientPart,AOM_101038,approved,Pete Steward,2026-08-20,docs/decisions/0048-chemical-identity-composition-and-component-model.md,Generated from approved rule under recorded guard; legacy material identity preserved.
AOM_006081,aom:ingredientPart,AOM_101038,retained-generated-assertion,aom:ingredientPart,AOM_101038,approved,Pete Steward,2026-08-20,docs/decisions/0048-chemical-identity-composition-and-component-model.md,Generated from approved rule under recorded guard; legacy material identity preserved.
AOM_006082,aom:ingredientPart,AOM_101038,retained-generated-assertion,aom:ingredientPart,AOM_101038,approved,Pete Steward,2026-08-20,docs/decisions/0048-chemical-identity-composition-and-component-model.md,Generated from approved rule under recorded guard; legacy material identity preserved.
AOM_006083,aom:ingredientPart,AOM_101038,retained-generated-assertion,aom:ingredientPart,AOM_101038,approved,Pete Steward,2026-08-20,docs/decisions/0048-chemical-identity-composition-and-component-model.md,Generated from approved rule under recorded guard; legacy material identity preserved.
AOM_006118,aom:ingredientPart,AOM_101038,retained-generated-assertion,aom:ingredientPart,AOM_101038,approved,Pete Steward,2026-08-20,docs/decisions/0048-chemical-identity-composition-and-component-model.md,Generated from approved rule under recorded guard; legacy material identity preserved.
AOM_006130,aom:ingredientPart,AOM_101038,retained-generated-assertion,aom:ingredientPart,AOM_101038,approved,Pete Steward,2026-08-20,docs/decisions/0048-chemical-identity-composition-and-component-model.md,Generated from approved rule under recorded guard; legacy material identity preserved.
AOM_006136,aom:ingredientPart,AOM_101038,retained-generated-assertion,aom:ingredientPart,AOM_101038,approved,Pete Steward,2026-08-20,docs/decisions/0048-chemical-identity-composition-and-component-model.md,Generated from approved rule under recorded guard; legacy material identity preserved.
AOM_006158,aom:ingredientPart,AOM_101038,retained-generated-assertion,aom:ingredientPart,AOM_101038,approved,Pete Steward,2026-08-20,docs/decisions/0048-chemical-identity-composition-and-component-model.md,Generated from approved rule under recorded guard; legacy material identity preserved.
AOM_006166,aom:ingredientPart,AOM_101038,retained-generated-assertion,aom:ingredientPart,AOM_101038,approved,Pete Steward,2026-08-20,docs/decisions/0048-chemical-identity-composition-and-component-model.md,Generated from approved rule under recorded guard; legacy material identity preserved.
AOM_006171,aom:ingredientPart,AOM_101038,retained-generated-assertion,aom:ingredientPart,AOM_101038,approved,Pete Steward,2026-08-20,docs/decisions/0048-chemical-identity-composition-and-component-model.md,Generated from approved rule under recorded guard; legacy material identity preserved.
AOM_006172,aom:ingredientPart,AOM_101038,retained-generated-assertion,aom:ingredientPart,AOM_101038,approved,Pete Steward,2026-08-20,docs/decisions/0048-chemical-identity-composition-and-component-model.md,Generated from approved rule under recorded guard; legacy material identity preserved.
AOM_006173,aom:ingredientPart,AOM_101038,retained-generated-assertion,aom:ingredientPart,AOM_101038,approved,Pete Steward,2026-08-20,docs/decisions/0048-chemical-identity-composition-and-component-model.md,Generated from approved rule under recorded guard; legacy material identity preserved.
AOM_006176,aom:ingredientPart,AOM_101038,retained-generated-assertion,aom:ingredientPart,AOM_101038,approved,Pete Steward,2026-08-20,docs/decisions/0048-chemical-identity-composition-and-component-model.md,Generated from approved rule under recorded guard; legacy material identity preserved.
AOM_006196,aom:ingredientPart,AOM_101038,retained-generated-assertion,aom:ingredientPart,AOM_101038,approved,Pete Steward,2026-08-20,docs/decisions/0048-chemical-identity-composition-and-component-model.md,Generated from approved rule under recorded guard; legacy material identity preserved.
AOM_006219,aom:ingredientPart,AOM_101038,retained-generated-assertion,aom:ingredientPart,AOM_101038,approved,Pete Steward,2026-08-20,docs/decisions/0048-chemical-identity-composition-and-component-model.md,Generated from approved rule under recorded guard; legacy material identity preserved.
AOM_006229,aom:ingredientPart,AOM_101038,retained-generated-assertion,aom:ingredientPart,AOM_101038,approved,Pete Steward,2026-08-20,docs/decisions/0048-chemical-identity-composition-and-component-model.md,Generated from approved rule under recorded guard; legacy material identity preserved.
AOM_006230,aom:ingredientPart,AOM_101038,retained-generated-assertion,aom:ingredientPart,AOM_101038,approved,Pete Steward,2026-08-20,docs/decisions/0048-chemical-identity-composition-and-component-model.md,Generated from approved rule under recorded guard; legacy material identity preserved.
AOM_006231,aom:ingredientPart,AOM_101038,retained-generated-assertion,aom:ingredientPart,AOM_101038,approved,Pete Steward,2026-08-20,docs/decisions/0048-chemical-identity-composition-and-component-model.md,Generated from approved rule under recorded guard; legacy material identity preserved.
AOM_006307,aom:ingredientPart,AOM_101038,retained-generated-assertion,aom:ingredientPart,AOM_101038,approved,Pete Steward,2026-08-20,docs/decisions/0048-chemical-identity-composition-and-component-model.md,Generated from approved rule under recorded guard; legacy material identity preserved.
AOM_006309,aom:ingredientPart,AOM_101038,retained-generated-assertion,aom:ingredientPart,AOM_101038,approved,Pete Steward,2026-08-20,docs/decisions/0048-chemical-identity-composition-and-component-model.md,Generated from approved rule under recorded guard; legacy material identity preserved.
AOM_006341,aom:ingredientPart,AOM_101038,retained-generated-assertion,aom:ingredientPart,AOM_101038,approved,Pete Steward,2026-08-20,docs/decisions/0048-chemical-identity-composition-and-component-model.md,Generated from approved rule under recorded guard; legacy material identity preserved.
AOM_006343,aom:ingredientPart,AOM_101038,retained-generated-assertion,aom:ingredientPart,AOM_101038,approved,Pete Steward,2026-08-20,docs/decisions/0048-chemical-identity-composition-and-component-model.md,Generated from approved rule under recorded guard; legacy material identity preserved.
AOM_006347,aom:ingredientPart,AOM_101038,retained-generated-assertion,aom:ingredientPart,AOM_101038,approved,Pete Steward,2026-08-20,docs/decisions/0048-chemical-identity-composition-and-component-model.md,Generated from approved rule under recorded guard; legacy material identity preserved.
AOM_006399,aom:ingredientPart,AOM_101038,retained-generated-assertion,aom:ingredientPart,AOM_101038,approved,Pete Steward,2026-08-20,docs/decisions/0048-chemical-identity-composition-and-component-model.md,Generated from approved rule under recorded guard; legacy material identity preserved.
AOM_006500,aom:ingredientPart,AOM_101038,retained-generated-assertion,aom:ingredientPart,AOM_101038,approved,Pete Steward,2026-08-20,docs/decisions/0048-chemical-identity-composition-and-component-model.md,Generated from approved rule under recorded guard; legacy material identity preserved.
AOM_001297,aom:ingredientPart,AOM_101039,retained-reviewed-assertion,aom:ingredientPart,AOM_101039,approved,Pete Steward,2026-08-20,docs/decisions/0048-chemical-identity-composition-and-component-model.md,Explicit descriptor “sheath” mapped through hard-tail decision AOM_001297; assertion 1.
AOM_000557,aom:ingredientPart,AOM_101040,retained-reviewed-assertion,aom:ingredientPart,AOM_101040,held,Pete Steward,2026-08-20,docs/decisions/0048-chemical-identity-composition-and-component-model.md,Explicit descriptor “shells” mapped through hard-tail decision AOM_000557; assertion 1.
AOM_000617,aom:ingredientPart,AOM_101040,retained-generated-assertion,aom:ingredientPart,AOM_101040,held,Pete Steward,2026-08-20,docs/decisions/0048-chemical-identity-composition-and-component-model.md,Generated from approved rule under recorded guard; legacy material identity preserved.
AOM_001105,aom:ingredientPart,AOM_101040,retained-reviewed-assertion,aom:ingredientPart,AOM_101040,held,Pete Steward,2026-08-20,docs/decisions/0048-chemical-identity-composition-and-component-model.md,Explicit descriptor “shells” mapped through hard-tail decision AOM_001105; assertion 1.
AOM_001272,aom:ingredientPart,AOM_101040,retained-generated-assertion,aom:ingredientPart,AOM_101040,held,Pete Steward,2026-08-20,docs/decisions/0048-chemical-identity-composition-and-component-model.md,Generated from approved rule under recorded guard; legacy material identity preserved.
AOM_002011,aom:ingredientPart,AOM_101040,retained-generated-assertion,aom:ingredientPart,AOM_101040,held,Pete Steward,2026-08-20,docs/decisions/0048-chemical-identity-composition-and-component-model.md,Generated from approved rule under recorded guard; legacy material identity preserved.
AOM_002191,aom:ingredientPart,AOM_101040,retained-generated-assertion,aom:ingredientPart,AOM_101040,held,Pete Steward,2026-08-20,docs/decisions/0048-chemical-identity-composition-and-component-model.md,Generated from approved rule under recorded guard; legacy material identity preserved.
AOM_002225,aom:ingredientPart,AOM_101040,retained-generated-assertion,aom:ingredientPart,AOM_101040,held,Pete Steward,2026-08-20,docs/decisions/0048-chemical-identity-composition-and-component-model.md,Generated from approved rule under recorded guard; legacy material identity preserved.
AOM_002249,aom:ingredientPart,AOM_101040,retained-generated-assertion,aom:ingredientPart,AOM_101040,held,Pete Steward,2026-08-20,docs/decisions/0048-chemical-identity-composition-and-component-model.md,Generated from approved rule under recorded guard; legacy material identity preserved.
AOM_006049,aom:ingredientPart,AOM_101040,retained-generated-assertion,aom:ingredientPart,AOM_101040,held,Pete Steward,2026-08-20,docs/decisions/0048-chemical-identity-composition-and-component-model.md,Generated from approved rule under recorded guard; legacy material identity preserved.
AOM_006050,aom:ingredientPart,AOM_101040,retained-generated-assertion,aom:ingredientPart,AOM_101040,held,Pete Steward,2026-08-20,docs/decisions/0048-chemical-identity-composition-and-component-model.md,Generated from approved rule under recorded guard; legacy material identity preserved.
AOM_006052,aom:ingredientPart,AOM_101040,retained-generated-assertion,aom:ingredientPart,AOM_101040,held,Pete Steward,2026-08-20,docs/decisions/0048-chemical-identity-composition-and-component-model.md,Generated from approved rule under recorded guard; legacy material identity preserved.
AOM_001845,aom:ingredientPart,AOM_101041,retained-reviewed-assertion,aom:ingredientPart,AOM_101041,held,Pete Steward,2026-08-20,docs/decisions/0048-chemical-identity-composition-and-component-model.md,Explicit descriptor “malt sprout” mapped through hard-tail decision AOM_001845; assertion 1.
AOM_000641,aom:ingredientPart,AOM_101043,retained-generated-assertion,aom:ingredientPart,AOM_101043,approved,Pete Steward,2026-08-20,docs/decisions/0048-chemical-identity-composition-and-component-model.md,Generated from approved rule under recorded guard; legacy material identity preserved.
AOM_000679,aom:ingredientPart,AOM_101043,retained-generated-assertion,aom:ingredientPart,AOM_101043,approved,Pete Steward,2026-08-20,docs/decisions/0048-chemical-identity-composition-and-component-model.md,Generated from approved rule under recorded guard; legacy material identity preserved.
AOM_000681,aom:ingredientPart,AOM_101043,retained-generated-assertion,aom:ingredientPart,AOM_101043,approved,Pete Steward,2026-08-20,docs/decisions/0048-chemical-identity-composition-and-component-model.md,Generated from approved rule under recorded guard; legacy material identity preserved.
AOM_001840,aom:ingredientPart,AOM_101043,retained-generated-assertion,aom:ingredientPart,AOM_101043,approved,Pete Steward,2026-08-20,docs/decisions/0048-chemical-identity-composition-and-component-model.md,Generated from approved rule under recorded guard; legacy material identity preserved.
AOM_002034,aom:ingredientPart,AOM_101043,retained-generated-assertion,aom:ingredientPart,AOM_101043,approved,Pete Steward,2026-08-20,docs/decisions/0048-chemical-identity-composition-and-component-model.md,Generated from approved rule under recorded guard; legacy material identity preserved.
AOM_002035,aom:ingredientPart,AOM_101043,retained-generated-assertion,aom:ingredientPart,AOM_101043,approved,Pete Steward,2026-08-20,docs/decisions/0048-chemical-identity-composition-and-component-model.md,Generated from approved rule under recorded guard; legacy material identity preserved.
AOM_006059,aom:ingredientPart,AOM_101043,retained-generated-assertion,aom:ingredientPart,AOM_101043,approved,Pete Steward,2026-08-20,docs/decisions/0048-chemical-identity-composition-and-component-model.md,Generated from approved rule under recorded guard; legacy material identity preserved.
AOM_006060,aom:ingredientPart,AOM_101043,retained-generated-assertion,aom:ingredientPart,AOM_101043,approved,Pete Steward,2026-08-20,docs/decisions/0048-chemical-identity-composition-and-component-model.md,Generated from approved rule under recorded guard; legacy material identity preserved.
AOM_000601,aom:ingredientPart,AOM_101047,retained-reviewed-assertion,aom:ingredientPart,AOM_101047,approved,Pete Steward,2026-08-20,docs/decisions/0048-chemical-identity-composition-and-component-model.md,Explicit descriptor “haulm” mapped through hard-tail decision AOM_000601; assertion 3.
AOM_000603,aom:ingredientPart,AOM_101047,retained-reviewed-assertion,aom:ingredientPart,AOM_101047,approved,Pete Steward,2026-08-20,docs/decisions/0048-chemical-identity-composition-and-component-model.md,Explicit descriptor “haulm” mapped through hard-tail decision AOM_000603; assertion 1.
AOM_000604,aom:ingredientPart,AOM_101047,retained-reviewed-assertion,aom:ingredientPart,AOM_101047,approved,Pete Steward,2026-08-20,docs/decisions/0048-chemical-identity-composition-and-component-model.md,Explicit descriptor “haulm” mapped through hard-tail decision AOM_000604; assertion 3.
AOM_001177,aom:ingredientPart,AOM_101047,retained-generated-assertion,aom:ingredientPart,AOM_101047,approved,Pete Steward,2026-08-20,docs/decisions/0048-chemical-identity-composition-and-component-model.md,Generated from approved rule under recorded guard; legacy material identity preserved.
AOM_001181,aom:ingredientPart,AOM_101047,retained-reviewed-assertion,aom:ingredientPart,AOM_101047,approved,Pete Steward,2026-08-20,docs/decisions/0048-chemical-identity-composition-and-component-model.md,Explicit descriptor “haulm” mapped through hard-tail decision AOM_001181; assertion 3.
AOM_001258,aom:ingredientPart,AOM_101047,retained-reviewed-assertion,aom:ingredientPart,AOM_101047,approved,Pete Steward,2026-08-20,docs/decisions/0048-chemical-identity-composition-and-component-model.md,Explicit descriptor “haulm” mapped through hard-tail decision AOM_001258; assertion 3.
AOM_001675,aom:ingredientPart,AOM_101047,retained-reviewed-assertion,aom:ingredientPart,AOM_101047,approved,Pete Steward,2026-08-20,docs/decisions/0048-chemical-identity-composition-and-component-model.md,Explicit descriptor “stalk” mapped through hard-tail decision AOM_001675; assertion 1.
AOM_00205,aom:ingredientPart,AOM_101047,retained-reviewed-assertion,aom:ingredientPart,AOM_101047,approved,Pete Steward,2026-08-20,docs/decisions/0048-chemical-identity-composition-and-component-model.md,Explicit descriptor “haulm” mapped through hard-tail decision AOM_00205; assertion 3.
AOM_002218,aom:ingredientPart,AOM_101047,retained-reviewed-assertion,aom:ingredientPart,AOM_101047,approved,Pete Steward,2026-08-20,docs/decisions/0048-chemical-identity-composition-and-component-model.md,Explicit descriptor “haulm” mapped through hard-tail decision AOM_002218; assertion 1.
AOM_003210,aom:ingredientPart,AOM_101047,retained-reviewed-assertion,aom:ingredientPart,AOM_101047,approved,Pete Steward,2026-08-20,docs/decisions/0048-chemical-identity-composition-and-component-model.md,Explicit descriptor “haulm” mapped through hard-tail decision AOM_003210; assertion 3.
AOM_001180,aom:ingredientPart,AOM_101048,retained-reviewed-assertion,aom:ingredientPart,AOM_101048,held,Pete Steward,2026-08-20,docs/decisions/0048-chemical-identity-composition-and-component-model.md,Explicit descriptor “tops” mapped through hard-tail decision AOM_001180; assertion 1.
AOM_001892,aom:ingredientPart,AOM_101048,retained-reviewed-assertion,aom:ingredientPart,AOM_101048,held,Pete Steward,2026-08-20,docs/decisions/0048-chemical-identity-composition-and-component-model.md,Explicit descriptor “top” mapped through hard-tail decision AOM_001892; assertion 2.
AOM_000564,aom:ingredientPart,AOM_101074,retained-generated-assertion,aom:ingredientPart,AOM_101074,held,Pete Steward,2026-08-20,docs/decisions/0048-chemical-identity-composition-and-component-model.md,Generated from approved rule under recorded guard; legacy material identity preserved.
AOM_000565,aom:ingredientPart,AOM_101074,retained-generated-assertion,aom:ingredientPart,AOM_101074,held,Pete Steward,2026-08-20,docs/decisions/0048-chemical-identity-composition-and-component-model.md,Generated from approved rule under recorded guard; legacy material identity preserved.
AOM_000647,aom:ingredientPart,AOM_101074,retained-generated-assertion,aom:ingredientPart,AOM_101074,held,Pete Steward,2026-08-20,docs/decisions/0048-chemical-identity-composition-and-component-model.md,Generated from approved rule under recorded guard; legacy material identity preserved.
AOM_000649,aom:ingredientPart,AOM_101074,retained-generated-assertion,aom:ingredientPart,AOM_101074,held,Pete Steward,2026-08-20,docs/decisions/0048-chemical-identity-composition-and-component-model.md,Generated from approved rule under recorded guard; legacy material identity preserved.
AOM_000655,aom:ingredientPart,AOM_101074,retained-generated-assertion,aom:ingredientPart,AOM_101074,held,Pete Steward,2026-08-20,docs/decisions/0048-chemical-identity-composition-and-component-model.md,Generated from approved rule under recorded guard; legacy material identity preserved.
AOM_000656,aom:ingredientPart,AOM_101074,retained-generated-assertion,aom:ingredientPart,AOM_101074,held,Pete Steward,2026-08-20,docs/decisions/0048-chemical-identity-composition-and-component-model.md,Generated from approved rule under recorded guard; legacy material identity preserved.
AOM_000657,aom:ingredientPart,AOM_101074,retained-generated-assertion,aom:ingredientPart,AOM_101074,held,Pete Steward,2026-08-20,docs/decisions/0048-chemical-identity-composition-and-component-model.md,Generated from approved rule under recorded guard; legacy material identity preserved.
AOM_000660,aom:ingredientPart,AOM_101074,retained-generated-assertion,aom:ingredientPart,AOM_101074,held,Pete Steward,2026-08-20,docs/decisions/0048-chemical-identity-composition-and-component-model.md,Generated from approved rule under recorded guard; legacy material identity preserved.
AOM_001313,aom:ingredientPart,AOM_101074,retained-generated-assertion,aom:ingredientPart,AOM_101074,held,Pete Steward,2026-08-20,docs/decisions/0048-chemical-identity-composition-and-component-model.md,Generated from approved rule under recorded guard; legacy material identity preserved.
AOM_001318,aom:ingredientPart,AOM_101074,retained-generated-assertion,aom:ingredientPart,AOM_101074,held,Pete Steward,2026-08-20,docs/decisions/0048-chemical-identity-composition-and-component-model.md,Generated from approved rule under recorded guard; legacy material identity preserved.
AOM_001324,aom:ingredientPart,AOM_101074,retained-generated-assertion,aom:ingredientPart,AOM_101074,held,Pete Steward,2026-08-20,docs/decisions/0048-chemical-identity-composition-and-component-model.md,Generated from approved rule under recorded guard; legacy material identity preserved.
AOM_001331,aom:ingredientPart,AOM_101074,retained-generated-assertion,aom:ingredientPart,AOM_101074,held,Pete Steward,2026-08-20,docs/decisions/0048-chemical-identity-composition-and-component-model.md,Generated from approved rule under recorded guard; legacy material identity preserved.
AOM_001679,aom:ingredientPart,AOM_101074,retained-generated-assertion,aom:ingredientPart,AOM_101074,held,Pete Steward,2026-08-20,docs/decisions/0048-chemical-identity-composition-and-component-model.md,Generated from approved rule under recorded guard; legacy material identity preserved.
AOM_001813,aom:ingredientPart,AOM_101074,retained-generated-assertion,aom:ingredientPart,AOM_101074,held,Pete Steward,2026-08-20,docs/decisions/0048-chemical-identity-composition-and-component-model.md,Generated from approved rule under recorded guard; legacy material identity preserved.
AOM_001814,aom:ingredientPart,AOM_101074,retained-generated-assertion,aom:ingredientPart,AOM_101074,held,Pete Steward,2026-08-20,docs/decisions/0048-chemical-identity-composition-and-component-model.md,Generated from approved rule under recorded guard; legacy material identity preserved.
AOM_001896,aom:ingredientPart,AOM_101074,retained-generated-assertion,aom:ingredientPart,AOM_101074,held,Pete Steward,2026-08-20,docs/decisions/0048-chemical-identity-composition-and-component-model.md,Generated from approved rule under recorded guard; legacy material identity preserved.
AOM_001906,aom:ingredientPart,AOM_101074,retained-generated-assertion,aom:ingredientPart,AOM_101074,held,Pete Steward,2026-08-20,docs/decisions/0048-chemical-identity-composition-and-component-model.md,Generated from approved rule under recorded guard; legacy material identity preserved.
AOM_001907,aom:ingredientPart,AOM_101074,retained-generated-assertion,aom:ingredientPart,AOM_101074,held,Pete Steward,2026-08-20,docs/decisions/0048-chemical-identity-composition-and-component-model.md,Generated from approved rule under recorded guard; legacy material identity preserved.
AOM_001945,aom:ingredientPart,AOM_101074,retained-generated-assertion,aom:ingredientPart,AOM_101074,held,Pete Steward,2026-08-20,docs/decisions/0048-chemical-identity-composition-and-component-model.md,Generated from approved rule under recorded guard; legacy material identity preserved.
AOM_001959,aom:ingredientPart,AOM_101074,retained-generated-assertion,aom:ingredientPart,AOM_101074,held,Pete Steward,2026-08-20,docs/decisions/0048-chemical-identity-composition-and-component-model.md,Generated from approved rule under recorded guard; legacy material identity preserved.
AOM_002017,aom:ingredientPart,AOM_101074,retained-generated-assertion,aom:ingredientPart,AOM_101074,held,Pete Steward,2026-08-20,docs/decisions/0048-chemical-identity-composition-and-component-model.md,Generated from approved rule under recorded guard; legacy material identity preserved.
AOM_002116,aom:ingredientPart,AOM_101074,retained-generated-assertion,aom:ingredientPart,AOM_101074,held,Pete Steward,2026-08-20,docs/decisions/0048-chemical-identity-composition-and-component-model.md,Generated from approved rule under recorded guard; legacy material identity preserved.
AOM_002125,aom:ingredientPart,AOM_101074,retained-generated-assertion,aom:ingredientPart,AOM_101074,held,Pete Steward,2026-08-20,docs/decisions/0048-chemical-identity-composition-and-component-model.md,Generated from approved rule under recorded guard; legacy material identity preserved.
AOM_002126,aom:ingredientPart,AOM_101074,retained-generated-assertion,aom:ingredientPart,AOM_101074,held,Pete Steward,2026-08-20,docs/decisions/0048-chemical-identity-composition-and-component-model.md,Generated from approved rule under recorded guard; legacy material identity preserved.
AOM_003565,aom:ingredientPart,AOM_101074,retained-generated-assertion,aom:ingredientPart,AOM_101074,held,Pete Steward,2026-08-20,docs/decisions/0048-chemical-identity-composition-and-component-model.md,Generated from approved rule under recorded guard; legacy material identity preserved.
AOM_004003,aom:ingredientPart,AOM_101074,retained-generated-assertion,aom:ingredientPart,AOM_101074,held,Pete Steward,2026-08-20,docs/decisions/0048-chemical-identity-composition-and-component-model.md,Generated from approved rule under recorded guard; legacy material identity preserved.
AOM_006005,aom:ingredientPart,AOM_101074,retained-generated-assertion,aom:ingredientPart,AOM_101074,held,Pete Steward,2026-08-20,docs/decisions/0048-chemical-identity-composition-and-component-model.md,Generated from approved rule under recorded guard; legacy material identity preserved.
AOM_006033,aom:ingredientPart,AOM_101074,retained-generated-assertion,aom:ingredientPart,AOM_101074,held,Pete Steward,2026-08-20,docs/decisions/0048-chemical-identity-composition-and-component-model.md,Generated from approved rule under recorded guard; legacy material identity preserved.
AOM_006034,aom:ingredientPart,AOM_101074,retained-generated-assertion,aom:ingredientPart,AOM_101074,held,Pete Steward,2026-08-20,docs/decisions/0048-chemical-identity-composition-and-component-model.md,Generated from approved rule under recorded guard; legacy material identity preserved.
AOM_006064,aom:ingredientPart,AOM_101074,retained-generated-assertion,aom:ingredientPart,AOM_101074,held,Pete Steward,2026-08-20,docs/decisions/0048-chemical-identity-composition-and-component-model.md,Generated from approved rule under recorded guard; legacy material identity preserved.
AOM_006156,aom:ingredientPart,AOM_101074,retained-generated-assertion,aom:ingredientPart,AOM_101074,held,Pete Steward,2026-08-20,docs/decisions/0048-chemical-identity-composition-and-component-model.md,Generated from approved rule under recorded guard; legacy material identity preserved.
AOM_006164,aom:ingredientPart,AOM_101074,retained-generated-assertion,aom:ingredientPart,AOM_101074,held,Pete Steward,2026-08-20,docs/decisions/0048-chemical-identity-composition-and-component-model.md,Generated from approved rule under recorded guard; legacy material identity preserved.
AOM_006220,aom:ingredientPart,AOM_101074,retained-generated-assertion,aom:ingredientPart,AOM_101074,held,Pete Steward,2026-08-20,docs/decisions/0048-chemical-identity-composition-and-component-model.md,Generated from approved rule under recorded guard; legacy material identity preserved.
AOM_012120,aom:ingredientPart,AOM_101074,retained-generated-assertion,aom:ingredientPart,AOM_101074,held,Pete Steward,2026-08-20,docs/decisions/0048-chemical-identity-composition-and-component-model.md,Generated from approved rule under recorded guard; legacy material identity preserved.
AOM_001189,aom:ingredientPart,AOM_101107,retained-generated-assertion,aom:ingredientPart,AOM_101107,approved,Pete Steward,2026-08-20,docs/decisions/0048-chemical-identity-composition-and-component-model.md,Generated from approved rule under recorded guard; legacy material identity preserved.
AOM_001267,aom:ingredientPart,AOM_101107,retained-generated-assertion,aom:ingredientPart,AOM_101107,approved,Pete Steward,2026-08-20,docs/decisions/0048-chemical-identity-composition-and-component-model.md,Generated from approved rule under recorded guard; legacy material identity preserved.
AOM_001268,aom:ingredientPart,AOM_101107,retained-generated-assertion,aom:ingredientPart,AOM_101107,approved,Pete Steward,2026-08-20,docs/decisions/0048-chemical-identity-composition-and-component-model.md,Generated from approved rule under recorded guard; legacy material identity preserved.
AOM_001954,aom:ingredientPart,AOM_101107,retained-generated-assertion,aom:ingredientPart,AOM_101107,approved,Pete Steward,2026-08-20,docs/decisions/0048-chemical-identity-composition-and-component-model.md,Generated from approved rule under recorded guard; legacy material identity preserved.
AOM_003853,aom:ingredientPart,AOM_101107,retained-generated-assertion,aom:ingredientPart,AOM_101107,approved,Pete Steward,2026-08-20,docs/decisions/0048-chemical-identity-composition-and-component-model.md,Generated from approved rule under recorded guard; legacy material identity preserved.
AOM_003933,aom:ingredientPart,AOM_101107,retained-generated-assertion,aom:ingredientPart,AOM_101107,approved,Pete Steward,2026-08-20,docs/decisions/0048-chemical-identity-composition-and-component-model.md,Generated from approved rule under recorded guard; legacy material identity preserved.
AOM_003960,aom:ingredientPart,AOM_101107,retained-generated-assertion,aom:ingredientPart,AOM_101107,approved,Pete Steward,2026-08-20,docs/decisions/0048-chemical-identity-composition-and-component-model.md,Generated from approved rule under recorded guard; legacy material identity preserved.
AOM_006108,aom:ingredientPart,AOM_101107,retained-generated-assertion,aom:ingredientPart,AOM_101107,approved,Pete Steward,2026-08-20,docs/decisions/0048-chemical-identity-composition-and-component-model.md,Generated from approved rule under recorded guard; legacy material identity preserved.
AOM_006182,aom:ingredientPart,AOM_101107,retained-generated-assertion,aom:ingredientPart,AOM_101107,approved,Pete Steward,2026-08-20,docs/decisions/0048-chemical-identity-composition-and-component-model.md,Generated from approved rule under recorded guard; legacy material identity preserved.
AOM_006183,aom:ingredientPart,AOM_101107,retained-generated-assertion,aom:ingredientPart,AOM_101107,approved,Pete Steward,2026-08-20,docs/decisions/0048-chemical-identity-composition-and-component-model.md,Generated from approved rule under recorded guard; legacy material identity preserved.
AOM_006403,aom:ingredientPart,AOM_101107,retained-generated-assertion,aom:ingredientPart,AOM_101107,approved,Pete Steward,2026-08-20,docs/decisions/0048-chemical-identity-composition-and-component-model.md,Generated from approved rule under recorded guard; legacy material identity preserved.
AOM_000752,aom:ingredientPart,AOM_101117,retained-reviewed-assertion,aom:ingredientPart,AOM_101117,approved,Pete Steward,2026-08-20,docs/decisions/0048-chemical-identity-composition-and-component-model.md,Explicit descriptor “flower” mapped through hard-tail decision AOM_000752; assertion 1.
AOM_006323,aom:ingredientPart,AOM_101117,retained-reviewed-assertion,aom:ingredientPart,AOM_101117,approved,Pete Steward,2026-08-20,docs/decisions/0048-chemical-identity-composition-and-component-model.md,Explicit descriptor “flower” mapped through hard-tail decision AOM_006323; assertion 2.
AOM_003879,aom:ingredientPart,AOM_101121,retained-reviewed-assertion,aom:ingredientPart,AOM_101121,approved,Pete Steward,2026-08-20,docs/decisions/0048-chemical-identity-composition-and-component-model.md,Explicit descriptor “rhizomes” mapped through hard-tail decision AOM_003879; assertion 1.
AOM_001880,aom:ingredientPart,AOM_101122,retained-reviewed-assertion,aom:ingredientPart,AOM_101122,approved,Pete Steward,2026-08-20,docs/decisions/0048-chemical-identity-composition-and-component-model.md,Explicit descriptor “liver” mapped through hard-tail decision AOM_001880; assertion 2.
AOM_000563,aom:materialComponent,AOM_101104,retained-generated-assertion,aom:materialComponent,AOM_101104,approved,Pete Steward,2026-08-20,docs/decisions/0048-chemical-identity-composition-and-component-model.md,Generated from approved rule under recorded guard; legacy material identity preserved.
AOM_000575,aom:materialComponent,AOM_101104,retained-generated-assertion,aom:materialComponent,AOM_101104,approved,Pete Steward,2026-08-20,docs/decisions/0048-chemical-identity-composition-and-component-model.md,Generated from approved rule under recorded guard; legacy material identity preserved.
AOM_000580,aom:materialComponent,AOM_101104,retained-generated-assertion,aom:materialComponent,AOM_101104,approved,Pete Steward,2026-08-20,docs/decisions/0048-chemical-identity-composition-and-component-model.md,Generated from approved rule under recorded guard; legacy material identity preserved.
AOM_000585,aom:materialComponent,AOM_101104,retained-generated-assertion,aom:materialComponent,AOM_101104,approved,Pete Steward,2026-08-20,docs/decisions/0048-chemical-identity-composition-and-component-model.md,Generated from approved rule under recorded guard; legacy material identity preserved.
AOM_000586,aom:materialComponent,AOM_101104,retained-generated-assertion,aom:materialComponent,AOM_101104,approved,Pete Steward,2026-08-20,docs/decisions/0048-chemical-identity-composition-and-component-model.md,Generated from approved rule under recorded guard; legacy material identity preserved.
AOM_000634,aom:materialComponent,AOM_101104,retained-generated-assertion,aom:materialComponent,AOM_101104,approved,Pete Steward,2026-08-20,docs/decisions/0048-chemical-identity-composition-and-component-model.md,Generated from approved rule under recorded guard; legacy material identity preserved.
AOM_000639,aom:materialComponent,AOM_101104,retained-generated-assertion,aom:materialComponent,AOM_101104,approved,Pete Steward,2026-08-20,docs/decisions/0048-chemical-identity-composition-and-component-model.md,Generated from approved rule under recorded guard; legacy material identity preserved.
AOM_001274,aom:materialComponent,AOM_101104,retained-generated-assertion,aom:materialComponent,AOM_101104,approved,Pete Steward,2026-08-20,docs/decisions/0048-chemical-identity-composition-and-component-model.md,Generated from approved rule under recorded guard; legacy material identity preserved.
AOM_001290,aom:materialComponent,AOM_101104,retained-generated-assertion,aom:materialComponent,AOM_101104,approved,Pete Steward,2026-08-20,docs/decisions/0048-chemical-identity-composition-and-component-model.md,Generated from approved rule under recorded guard; legacy material identity preserved.
AOM_001614,aom:materialComponent,AOM_101104,retained-generated-assertion,aom:materialComponent,AOM_101104,approved,Pete Steward,2026-08-20,docs/decisions/0048-chemical-identity-composition-and-component-model.md,Generated from approved rule under recorded guard; legacy material identity preserved.
AOM_001622,aom:materialComponent,AOM_101104,retained-generated-assertion,aom:materialComponent,AOM_101104,approved,Pete Steward,2026-08-20,docs/decisions/0048-chemical-identity-composition-and-component-model.md,Generated from approved rule under recorded guard; legacy material identity preserved.
AOM_001772,aom:materialComponent,AOM_101104,retained-generated-assertion,aom:materialComponent,AOM_101104,approved,Pete Steward,2026-08-20,docs/decisions/0048-chemical-identity-composition-and-component-model.md,Generated from approved rule under recorded guard; legacy material identity preserved.
AOM_001806,aom:materialComponent,AOM_101104,retained-generated-assertion,aom:materialComponent,AOM_101104,approved,Pete Steward,2026-08-20,docs/decisions/0048-chemical-identity-composition-and-component-model.md,Generated from approved rule under recorded guard; legacy material identity preserved.
AOM_001844,aom:materialComponent,AOM_101104,retained-generated-assertion,aom:materialComponent,AOM_101104,approved,Pete Steward,2026-08-20,docs/decisions/0048-chemical-identity-composition-and-component-model.md,Generated from approved rule under recorded guard; legacy material identity preserved.
AOM_001883,aom:materialComponent,AOM_101104,retained-generated-assertion,aom:materialComponent,AOM_101104,approved,Pete Steward,2026-08-20,docs/decisions/0048-chemical-identity-composition-and-component-model.md,Generated from approved rule under recorded guard; legacy material identity preserved.
AOM_002015,aom:materialComponent,AOM_101104,retained-generated-assertion,aom:materialComponent,AOM_101104,approved,Pete Steward,2026-08-20,docs/decisions/0048-chemical-identity-composition-and-component-model.md,Generated from approved rule under recorded guard; legacy material identity preserved.
AOM_002016,aom:materialComponent,AOM_101104,retained-generated-assertion,aom:materialComponent,AOM_101104,approved,Pete Steward,2026-08-20,docs/decisions/0048-chemical-identity-composition-and-component-model.md,Generated from approved rule under recorded guard; legacy material identity preserved.
AOM_002039,aom:materialComponent,AOM_101104,retained-generated-assertion,aom:materialComponent,AOM_101104,approved,Pete Steward,2026-08-20,docs/decisions/0048-chemical-identity-composition-and-component-model.md,Generated from approved rule under recorded guard; legacy material identity preserved.
AOM_002114,aom:materialComponent,AOM_101104,retained-generated-assertion,aom:materialComponent,AOM_101104,approved,Pete Steward,2026-08-20,docs/decisions/0048-chemical-identity-composition-and-component-model.md,Generated from approved rule under recorded guard; legacy material identity preserved.
AOM_006126,aom:materialComponent,AOM_101104,retained-generated-assertion,aom:materialComponent,AOM_101104,approved,Pete Steward,2026-08-20,docs/decisions/0048-chemical-identity-composition-and-component-model.md,Generated from approved rule under recorded guard; legacy material identity preserved.
AOM_006226,aom:materialComponent,AOM_101104,retained-generated-assertion,aom:materialComponent,AOM_101104,approved,Pete Steward,2026-08-20,docs/decisions/0048-chemical-identity-composition-and-component-model.md,Generated from approved rule under recorded guard; legacy material identity preserved.
AOM_001219,aom:materialComponent,AOM_101105,removed-tautological-component-assertion,,,approved,Pete Steward,2026-08-20,docs/decisions/0048-chemical-identity-composition-and-component-model.md,Generated from approved rule under recorded guard; legacy material identity preserved.
AOM_006001,aom:materialComponent,AOM_101105,removed-tautological-component-assertion,,,approved,Pete Steward,2026-08-20,docs/decisions/0048-chemical-identity-composition-and-component-model.md,Generated from approved rule under recorded guard; legacy material identity preserved.
AOM_006002,aom:materialComponent,AOM_101105,removed-tautological-component-assertion,,,approved,Pete Steward,2026-08-20,docs/decisions/0048-chemical-identity-composition-and-component-model.md,Generated from approved rule under recorded guard; legacy material identity preserved.
AOM_006076,aom:materialComponent,AOM_101105,removed-tautological-component-assertion,,,approved,Pete Steward,2026-08-20,docs/decisions/0048-chemical-identity-composition-and-component-model.md,Generated from approved rule under recorded guard; legacy material identity preserved.
AOM_000572,aom:materialComponent,AOM_101106,removed-tautological-component-assertion,,,approved,Pete Steward,2026-08-20,docs/decisions/0048-chemical-identity-composition-and-component-model.md,Generated from approved rule under recorded guard; legacy material identity preserved.
AOM_000579,aom:materialComponent,AOM_101106,removed-tautological-component-assertion,,,approved,Pete Steward,2026-08-20,docs/decisions/0048-chemical-identity-composition-and-component-model.md,Generated from approved rule under recorded guard; legacy material identity preserved.
AOM_000581,aom:materialComponent,AOM_101106,removed-tautological-component-assertion,,,approved,Pete Steward,2026-08-20,docs/decisions/0048-chemical-identity-composition-and-component-model.md,Generated from approved rule under recorded guard; legacy material identity preserved.
AOM_000582,aom:materialComponent,AOM_101106,removed-tautological-component-assertion,,,approved,Pete Steward,2026-08-20,docs/decisions/0048-chemical-identity-composition-and-component-model.md,Generated from approved rule under recorded guard; legacy material identity preserved.
AOM_000584,aom:materialComponent,AOM_101106,removed-tautological-component-assertion,,,approved,Pete Steward,2026-08-20,docs/decisions/0048-chemical-identity-composition-and-component-model.md,Generated from approved rule under recorded guard; legacy material identity preserved.
AOM_001179,aom:materialComponent,AOM_101106,removed-tautological-component-assertion,,,approved,Pete Steward,2026-08-20,docs/decisions/0048-chemical-identity-composition-and-component-model.md,Generated from approved rule under recorded guard; legacy material identity preserved.
AOM_001197,aom:materialComponent,AOM_101106,removed-tautological-component-assertion,,,approved,Pete Steward,2026-08-20,docs/decisions/0048-chemical-identity-composition-and-component-model.md,Generated from approved rule under recorded guard; legacy material identity preserved.
AOM_001241,aom:materialComponent,AOM_101106,removed-tautological-component-assertion,,,approved,Pete Steward,2026-08-20,docs/decisions/0048-chemical-identity-composition-and-component-model.md,Generated from approved rule under recorded guard; legacy material identity preserved.
AOM_001262,aom:materialComponent,AOM_101106,removed-tautological-component-assertion,,,approved,Pete Steward,2026-08-20,docs/decisions/0048-chemical-identity-composition-and-component-model.md,Generated from approved rule under recorded guard; legacy material identity preserved.
AOM_001271,aom:materialComponent,AOM_101106,removed-tautological-component-assertion,,,approved,Pete Steward,2026-08-20,docs/decisions/0048-chemical-identity-composition-and-component-model.md,Generated from approved rule under recorded guard; legacy material identity preserved.
AOM_001285,aom:materialComponent,AOM_101106,removed-tautological-component-assertion,,,approved,Pete Steward,2026-08-20,docs/decisions/0048-chemical-identity-composition-and-component-model.md,Generated from approved rule under recorded guard; legacy material identity preserved.
AOM_001291,aom:materialComponent,AOM_101106,removed-tautological-component-assertion,,,approved,Pete Steward,2026-08-20,docs/decisions/0048-chemical-identity-composition-and-component-model.md,Generated from approved rule under recorded guard; legacy material identity preserved.
AOM_001408,aom:materialComponent,AOM_101106,removed-tautological-component-assertion,,,approved,Pete Steward,2026-08-20,docs/decisions/0048-chemical-identity-composition-and-component-model.md,Generated from approved rule under recorded guard; legacy material identity preserved.
AOM_001617,aom:materialComponent,AOM_101106,removed-tautological-component-assertion,,,approved,Pete Steward,2026-08-20,docs/decisions/0048-chemical-identity-composition-and-component-model.md,Generated from approved rule under recorded guard; legacy material identity preserved.
AOM_001624,aom:materialComponent,AOM_101106,removed-tautological-component-assertion,,,approved,Pete Steward,2026-08-20,docs/decisions/0048-chemical-identity-composition-and-component-model.md,Generated from approved rule under recorded guard; legacy material identity preserved.
AOM_001682,aom:materialComponent,AOM_101106,removed-tautological-component-assertion,,,approved,Pete Steward,2026-08-20,docs/decisions/0048-chemical-identity-composition-and-component-model.md,Generated from approved rule under recorded guard; legacy material identity preserved.
AOM_001684,aom:materialComponent,AOM_101106,removed-tautological-component-assertion,,,approved,Pete Steward,2026-08-20,docs/decisions/0048-chemical-identity-composition-and-component-model.md,Generated from approved rule under recorded guard; legacy material identity preserved.
AOM_001686,aom:materialComponent,AOM_101106,removed-tautological-component-assertion,,,approved,Pete Steward,2026-08-20,docs/decisions/0048-chemical-identity-composition-and-component-model.md,Generated from approved rule under recorded guard; legacy material identity preserved.
AOM_001687,aom:materialComponent,AOM_101106,removed-tautological-component-assertion,,,approved,Pete Steward,2026-08-20,docs/decisions/0048-chemical-identity-composition-and-component-model.md,Generated from approved rule under recorded guard; legacy material identity preserved.
AOM_001688,aom:materialComponent,AOM_101106,removed-tautological-component-assertion,,,approved,Pete Steward,2026-08-20,docs/decisions/0048-chemical-identity-composition-and-component-model.md,Generated from approved rule under recorded guard; legacy material identity preserved.
AOM_001750,aom:materialComponent,AOM_101106,removed-tautological-component-assertion,,,approved,Pete Steward,2026-08-20,docs/decisions/0048-chemical-identity-composition-and-component-model.md,Generated from approved rule under recorded guard; legacy material identity preserved.
AOM_001751,aom:materialComponent,AOM_101106,removed-tautological-component-assertion,,,approved,Pete Steward,2026-08-20,docs/decisions/0048-chemical-identity-composition-and-component-model.md,Generated from approved rule under recorded guard; legacy material identity preserved.
AOM_001835,aom:materialComponent,AOM_101106,removed-tautological-component-assertion,,,approved,Pete Steward,2026-08-20,docs/decisions/0048-chemical-identity-composition-and-component-model.md,Generated from approved rule under recorded guard; legacy material identity preserved.
AOM_001885,aom:materialComponent,AOM_101106,removed-tautological-component-assertion,,,approved,Pete Steward,2026-08-20,docs/decisions/0048-chemical-identity-composition-and-component-model.md,Generated from approved rule under recorded guard; legacy material identity preserved.
AOM_001887,aom:materialComponent,AOM_101106,removed-tautological-component-assertion,,,approved,Pete Steward,2026-08-20,docs/decisions/0048-chemical-identity-composition-and-component-model.md,Generated from approved rule under recorded guard; legacy material identity preserved.
AOM_001890,aom:materialComponent,AOM_101106,removed-tautological-component-assertion,,,approved,Pete Steward,2026-08-20,docs/decisions/0048-chemical-identity-composition-and-component-model.md,Generated from approved rule under recorded guard; legacy material identity preserved.
AOM_002084,aom:materialComponent,AOM_101106,removed-tautological-component-assertion,,,approved,Pete Steward,2026-08-20,docs/decisions/0048-chemical-identity-composition-and-component-model.md,Generated from approved rule under recorded guard; legacy material identity preserved.
AOM_002117,aom:materialComponent,AOM_101106,removed-tautological-component-assertion,,,approved,Pete Steward,2026-08-20,docs/decisions/0048-chemical-identity-composition-and-component-model.md,Generated from approved rule under recorded guard; legacy material identity preserved.
AOM_003102,aom:materialComponent,AOM_101106,removed-tautological-component-assertion,,,approved,Pete Steward,2026-08-20,docs/decisions/0048-chemical-identity-composition-and-component-model.md,Generated from approved rule under recorded guard; legacy material identity preserved.
AOM_003692,aom:materialComponent,AOM_101106,removed-tautological-component-assertion,,,approved,Pete Steward,2026-08-20,docs/decisions/0048-chemical-identity-composition-and-component-model.md,Generated from approved rule under recorded guard; legacy material identity preserved.
AOM_004005,aom:materialComponent,AOM_101106,removed-tautological-component-assertion,,,approved,Pete Steward,2026-08-20,docs/decisions/0048-chemical-identity-composition-and-component-model.md,Generated from approved rule under recorded guard; legacy material identity preserved.
AOM_006035,aom:materialComponent,AOM_101106,removed-tautological-component-assertion,,,approved,Pete Steward,2026-08-20,docs/decisions/0048-chemical-identity-composition-and-component-model.md,Generated from approved rule under recorded guard; legacy material identity preserved.
AOM_006040,aom:materialComponent,AOM_101106,removed-tautological-component-assertion,,,approved,Pete Steward,2026-08-20,docs/decisions/0048-chemical-identity-composition-and-component-model.md,Generated from approved rule under recorded guard; legacy material identity preserved.
AOM_006042,aom:materialComponent,AOM_101106,removed-tautological-component-assertion,,,approved,Pete Steward,2026-08-20,docs/decisions/0048-chemical-identity-composition-and-component-model.md,Generated from approved rule under recorded guard; legacy material identity preserved.
AOM_006133,aom:materialComponent,AOM_101106,removed-tautological-component-assertion,,,approved,Pete Steward,2026-08-20,docs/decisions/0048-chemical-identity-composition-and-component-model.md,Generated from approved rule under recorded guard; legacy material identity preserved.
AOM_006142,aom:materialComponent,AOM_101106,removed-tautological-component-assertion,,,approved,Pete Steward,2026-08-20,docs/decisions/0048-chemical-identity-composition-and-component-model.md,Generated from approved rule under recorded guard; legacy material identity preserved.
AOM_006165,aom:materialComponent,AOM_101106,removed-tautological-component-assertion,,,approved,Pete Steward,2026-08-20,docs/decisions/0048-chemical-identity-composition-and-component-model.md,Generated from approved rule under recorded guard; legacy material identity preserved.
AOM_006175,aom:materialComponent,AOM_101106,removed-tautological-component-assertion,,,approved,Pete Steward,2026-08-20,docs/decisions/0048-chemical-identity-composition-and-component-model.md,Generated from approved rule under recorded guard; legacy material identity preserved.
AOM_006181,aom:materialComponent,AOM_101106,removed-tautological-component-assertion,,,approved,Pete Steward,2026-08-20,docs/decisions/0048-chemical-identity-composition-and-component-model.md,Generated from approved rule under recorded guard; legacy material identity preserved.
AOM_006190,aom:materialComponent,AOM_101106,removed-tautological-component-assertion,,,approved,Pete Steward,2026-08-20,docs/decisions/0048-chemical-identity-composition-and-component-model.md,Generated from approved rule under recorded guard; legacy material identity preserved.
AOM_006191,aom:materialComponent,AOM_101106,removed-tautological-component-assertion,,,approved,Pete Steward,2026-08-20,docs/decisions/0048-chemical-identity-composition-and-component-model.md,Generated from approved rule under recorded guard; legacy material identity preserved.
AOM_006192,aom:materialComponent,AOM_101106,removed-tautological-component-assertion,,,approved,Pete Steward,2026-08-20,docs/decisions/0048-chemical-identity-composition-and-component-model.md,Generated from approved rule under recorded guard; legacy material identity preserved.
AOM_006206,aom:materialComponent,AOM_101106,removed-tautological-component-assertion,,,approved,Pete Steward,2026-08-20,docs/decisions/0048-chemical-identity-composition-and-component-model.md,Generated from approved rule under recorded guard; legacy material identity preserved.
AOM_006244,aom:materialComponent,AOM_101106,removed-tautological-component-assertion,,,approved,Pete Steward,2026-08-20,docs/decisions/0048-chemical-identity-composition-and-component-model.md,Generated from approved rule under recorded guard; legacy material identity preserved.
AOM_006259,aom:materialComponent,AOM_101106,removed-tautological-component-assertion,,,approved,Pete Steward,2026-08-20,docs/decisions/0048-chemical-identity-composition-and-component-model.md,Generated from approved rule under recorded guard; legacy material identity preserved.
AOM_006260,aom:materialComponent,AOM_101106,removed-tautological-component-assertion,,,approved,Pete Steward,2026-08-20,docs/decisions/0048-chemical-identity-composition-and-component-model.md,Generated from approved rule under recorded guard; legacy material identity preserved.
AOM_006301,aom:materialComponent,AOM_101106,removed-tautological-component-assertion,,,approved,Pete Steward,2026-08-20,docs/decisions/0048-chemical-identity-composition-and-component-model.md,Generated from approved rule under recorded guard; legacy material identity preserved.
AOM_006302,aom:materialComponent,AOM_101106,removed-tautological-component-assertion,,,approved,Pete Steward,2026-08-20,docs/decisions/0048-chemical-identity-composition-and-component-model.md,Generated from approved rule under recorded guard; legacy material identity preserved.
AOM_006303,aom:materialComponent,AOM_101106,removed-tautological-component-assertion,,,approved,Pete Steward,2026-08-20,docs/decisions/0048-chemical-identity-composition-and-component-model.md,Generated from approved rule under recorded guard; legacy material identity preserved.
AOM_006304,aom:materialComponent,AOM_101106,removed-tautological-component-assertion,,,approved,Pete Steward,2026-08-20,docs/decisions/0048-chemical-identity-composition-and-component-model.md,Generated from approved rule under recorded guard; legacy material identity preserved.
AOM_006313,aom:materialComponent,AOM_101106,removed-tautological-component-assertion,,,approved,Pete Steward,2026-08-20,docs/decisions/0048-chemical-identity-composition-and-component-model.md,Generated from approved rule under recorded guard; legacy material identity preserved.
AOM_006314,aom:materialComponent,AOM_101106,removed-tautological-component-assertion,,,approved,Pete Steward,2026-08-20,docs/decisions/0048-chemical-identity-composition-and-component-model.md,Generated from approved rule under recorded guard; legacy material identity preserved.
AOM_006319,aom:materialComponent,AOM_101106,removed-tautological-component-assertion,,,approved,Pete Steward,2026-08-20,docs/decisions/0048-chemical-identity-composition-and-component-model.md,Generated from approved rule under recorded guard; legacy material identity preserved.
AOM_006321,aom:materialComponent,AOM_101106,removed-tautological-component-assertion,,,approved,Pete Steward,2026-08-20,docs/decisions/0048-chemical-identity-composition-and-component-model.md,Generated from approved rule under recorded guard; legacy material identity preserved.
AOM_006328,aom:materialComponent,AOM_101106,removed-tautological-component-assertion,,,approved,Pete Steward,2026-08-20,docs/decisions/0048-chemical-identity-composition-and-component-model.md,Generated from approved rule under recorded guard; legacy material identity preserved.
AOM_006336,aom:materialComponent,AOM_101106,removed-tautological-component-assertion,,,approved,Pete Steward,2026-08-20,docs/decisions/0048-chemical-identity-composition-and-component-model.md,Generated from approved rule under recorded guard; legacy material identity preserved.
AOM_006337,aom:materialComponent,AOM_101106,removed-tautological-component-assertion,,,approved,Pete Steward,2026-08-20,docs/decisions/0048-chemical-identity-composition-and-component-model.md,Generated from approved rule under recorded guard; legacy material identity preserved.
AOM_006345,aom:materialComponent,AOM_101106,removed-tautological-component-assertion,,,approved,Pete Steward,2026-08-20,docs/decisions/0048-chemical-identity-composition-and-component-model.md,Generated from approved rule under recorded guard; legacy material identity preserved.
AOM_006374,aom:materialComponent,AOM_101106,removed-tautological-component-assertion,,,approved,Pete Steward,2026-08-20,docs/decisions/0048-chemical-identity-composition-and-component-model.md,Generated from approved rule under recorded guard; legacy material identity preserved.
AOM_006396,aom:materialComponent,AOM_101106,removed-tautological-component-assertion,,,approved,Pete Steward,2026-08-20,docs/decisions/0048-chemical-identity-composition-and-component-model.md,Generated from approved rule under recorded guard; legacy material identity preserved.
AOM_006397,aom:materialComponent,AOM_101106,removed-tautological-component-assertion,,,approved,Pete Steward,2026-08-20,docs/decisions/0048-chemical-identity-composition-and-component-model.md,Generated from approved rule under recorded guard; legacy material identity preserved.
AOM_006413,aom:materialComponent,AOM_101106,removed-tautological-component-assertion,,,approved,Pete Steward,2026-08-20,docs/decisions/0048-chemical-identity-composition-and-component-model.md,Generated from approved rule under recorded guard; legacy material identity preserved.
AOM_000678,aom:primaryConstituent,AOM_101065,retained-reviewed-assertion,aom:primaryConstituent,AOM_101065,held,Pete Steward,2026-08-20,docs/decisions/0048-chemical-identity-composition-and-component-model.md,Cassava remains source identity while starch is constituent identity.
AOM_001289,aom:primaryConstituent,AOM_101065,retained-reviewed-assertion,aom:primaryConstituent,AOM_101065,held,Pete Steward,2026-08-20,docs/decisions/0048-chemical-identity-composition-and-component-model.md,Maize remains source identity while starch is constituent identity.
AOM_001820,aom:primaryConstituent,AOM_101065,retained-reviewed-assertion,aom:primaryConstituent,AOM_101065,held,Pete Steward,2026-08-20,docs/decisions/0048-chemical-identity-composition-and-component-model.md,Explicit descriptor “starch” mapped through hard-tail decision AOM_001820; assertion 1.
AOM_003978,aom:primaryConstituent,AOM_101065,retained-reviewed-assertion,aom:primaryConstituent,AOM_101065,held,Pete Steward,2026-08-20,docs/decisions/0048-chemical-identity-composition-and-component-model.md,Explicit descriptor “starch” mapped through hard-tail decision AOM_003978; assertion 1.
AOM_000538,aom:primaryConstituent,AOM_101080,retained-reviewed-assertion,aom:primaryConstituent,AOM_101080,held,Pete Steward,2026-08-20,docs/decisions/0048-chemical-identity-composition-and-component-model.md,Explicit descriptor “ash” mapped through hard-tail decision AOM_000538; assertion 1.
AOM_000544,aom:primaryConstituent,AOM_101081,retained-reviewed-assertion,aom:primaryConstituent,AOM_101081,held,Pete Steward,2026-08-20,docs/decisions/0048-chemical-identity-composition-and-component-model.md,Feedipedia identifies fish oil; oil is material constituent rather than evidence of physical form.
AOM_000547,aom:primaryConstituent,AOM_101081,retained-reviewed-assertion,aom:primaryConstituent,AOM_101081,held,Pete Steward,2026-08-20,docs/decisions/0048-chemical-identity-composition-and-component-model.md,Explicit descriptor “oil” mapped through hard-tail decision AOM_000547; assertion 1.
AOM_000651,aom:primaryConstituent,AOM_101081,retained-reviewed-assertion,aom:primaryConstituent,AOM_101081,held,Pete Steward,2026-08-20,docs/decisions/0048-chemical-identity-composition-and-component-model.md,Exact AGROVOC maize-oil identity supports oil constituent independent of physical form.
AOM_000671,aom:primaryConstituent,AOM_101081,retained-reviewed-assertion,aom:primaryConstituent,AOM_101081,held,Pete Steward,2026-08-20,docs/decisions/0048-chemical-identity-composition-and-component-model.md,Explicit descriptor “oil” mapped through hard-tail decision AOM_000671; assertion 1.
AOM_000672,aom:primaryConstituent,AOM_101081,retained-reviewed-assertion,aom:primaryConstituent,AOM_101081,held,Pete Steward,2026-08-20,docs/decisions/0048-chemical-identity-composition-and-component-model.md,Explicit descriptor “oil” mapped through hard-tail decision AOM_000672; assertion 1.
AOM_000674,aom:primaryConstituent,AOM_101081,retained-reviewed-assertion,aom:primaryConstituent,AOM_101081,held,Pete Steward,2026-08-20,docs/decisions/0048-chemical-identity-composition-and-component-model.md,Exact AGROVOC sunflower-oil identity supports oil constituent independent of physical form.
AOM_000676,aom:primaryConstituent,AOM_101081,retained-reviewed-assertion,aom:primaryConstituent,AOM_101081,held,Pete Steward,2026-08-20,docs/decisions/0048-chemical-identity-composition-and-component-model.md,Explicit descriptor “oil” mapped through hard-tail decision AOM_000676; assertion 1.
AOM_001193,aom:primaryConstituent,AOM_101081,retained-reviewed-assertion,aom:primaryConstituent,AOM_101081,held,Pete Steward,2026-08-20,docs/decisions/0048-chemical-identity-composition-and-component-model.md,Explicit descriptor “oil” mapped through hard-tail decision AOM_001193; assertion 1.
AOM_001255,aom:primaryConstituent,AOM_101081,retained-reviewed-assertion,aom:primaryConstituent,AOM_101081,held,Pete Steward,2026-08-20,docs/decisions/0048-chemical-identity-composition-and-component-model.md,Explicit descriptor “oil” mapped through hard-tail decision AOM_001255; assertion 1.
AOM_001308,aom:primaryConstituent,AOM_101081,retained-reviewed-assertion,aom:primaryConstituent,AOM_101081,held,Pete Steward,2026-08-20,docs/decisions/0048-chemical-identity-composition-and-component-model.md,Explicit descriptor “oil” mapped through hard-tail decision AOM_001308; assertion 1.
AOM_001344,aom:primaryConstituent,AOM_101081,retained-reviewed-assertion,aom:primaryConstituent,AOM_101081,held,Pete Steward,2026-08-20,docs/decisions/0048-chemical-identity-composition-and-component-model.md,Explicit descriptor “oil” mapped through hard-tail decision AOM_001344; assertion 1.
AOM_001586,aom:primaryConstituent,AOM_101081,retained-reviewed-assertion,aom:primaryConstituent,AOM_101081,held,Pete Steward,2026-08-20,docs/decisions/0048-chemical-identity-composition-and-component-model.md,Exact AGROVOC soybean-oil identity supports oil constituent independent of physical form.
AOM_001880,aom:primaryConstituent,AOM_101081,retained-reviewed-assertion,aom:primaryConstituent,AOM_101081,held,Pete Steward,2026-08-20,docs/decisions/0048-chemical-identity-composition-and-component-model.md,Explicit descriptor “oil” mapped through hard-tail decision AOM_001880; assertion 1.
AOM_001930,aom:primaryConstituent,AOM_101081,retained-reviewed-assertion,aom:primaryConstituent,AOM_101081,held,Pete Steward,2026-08-20,docs/decisions/0048-chemical-identity-composition-and-component-model.md,Explicit descriptor “oil” mapped through hard-tail decision AOM_001930; assertion 1.
AOM_002241,aom:primaryConstituent,AOM_101081,retained-reviewed-assertion,aom:primaryConstituent,AOM_101081,held,Pete Steward,2026-08-20,docs/decisions/0048-chemical-identity-composition-and-component-model.md,Explicit descriptor “oil” mapped through hard-tail decision AOM_002241; assertion 1.
AOM_003700,aom:primaryConstituent,AOM_101081,retained-reviewed-assertion,aom:primaryConstituent,AOM_101081,held,Pete Steward,2026-08-20,docs/decisions/0048-chemical-identity-composition-and-component-model.md,Explicit descriptor “oil” mapped through hard-tail decision AOM_003700; assertion 1.
AOM_006200,aom:primaryConstituent,AOM_101081,retained-reviewed-assertion,aom:primaryConstituent,AOM_101081,held,Pete Steward,2026-08-20,docs/decisions/0048-chemical-identity-composition-and-component-model.md,Explicit descriptor “oil” mapped through hard-tail decision AOM_006200; assertion 1.
AOM_003697,aom:primaryConstituent,AOM_101120,migrated-to-canonical-identity,aom:primaryConstituent,AOM_001571,approved,Pete Steward,2026-08-20,docs/decisions/0048-chemical-identity-composition-and-component-model.md,Explicit descriptor “protein” mapped through hard-tail decision AOM_003697; assertion 2.
